starter,seed,site,lesson,won,seconds,casts,energy_spent,own_rank,foe_rank,locked_casts,reason,own_hp,foe_hp,own_control,foe_control
0,24000000,3,1,1,15.4333,5,600,1,1,0,1,113,0,0,0
0,24000000,3,2,1,15.4333,5,607,1,1,0,1,113,0,0,0
0,24000000,3,3,1,15.4333,5,600,1,1,0,1,113,0,0,0
0,24000000,3,4,1,15.4333,5,607,1,1,0,1,113,0,0,0
0,24000000,6,1,1,33.9333,6,783,1,1,0,1,54,0,0,0
0,24000000,6,2,1,33.9333,6,783,1,1,0,1,54,0,0,0
0,24000000,6,3,1,33.9333,6,783,1,1,0,1,54,0,0,0
0,24000000,6,4,1,33.9333,6,783,1,1,0,1,54,0,0,0
0,24000000,9,1,1,9.23333,6,850,2,2,0,1,97,0,9,0
0,24000000,9,2,1,9.03333,6,850,2,2,0,1,97,0,0,0
0,24000000,9,3,1,9.23333,6,850,2,2,0,1,97,0,9,0
0,24000000,12,1,1,21.4333,10,1549,2,2,0,1,86,0,0,0
0,24000000,12,2,1,21.4333,10,1549,2,2,0,1,86,0,0,0
0,24000000,12,3,1,21.4333,10,1549,2,2,0,1,86,0,0,0
0,24000100,3,1,1,12.4333,5,600,1,1,0,1,99,0,0,0
0,24000100,3,2,1,12.4333,5,600,1,1,0,1,113,0,0,0
0,24000100,3,3,1,12.4333,5,600,1,1,0,1,99,0,0,0
0,24000100,3,4,1,12.4333,5,600,1,1,0,1,113,0,0,0
0,24000100,6,1,1,14.6333,6,720,1,1,0,1,81,0,0,0
0,24000100,6,2,1,14.6333,6,720,1,1,0,1,81,0,0,0
0,24000100,6,3,1,14.6333,6,720,1,1,0,1,81,0,0,0
0,24000100,6,4,1,14.6333,6,720,1,1,0,1,81,0,0,0
0,24000100,9,1,1,9.23333,6,800,2,2,0,1,113,0,3,0
0,24000100,9,2,1,9.53333,6,800,2,2,0,1,113,0,0,0
0,24000100,9,3,1,9.23333,6,800,2,2,0,1,113,0,3,0
0,24000100,12,1,1,13.6333,8,1129,2,2,0,1,81,0,0,4
0,24000100,12,2,1,13.6333,8,1129,2,2,0,1,81,0,0,4
0,24000100,12,3,1,13.6333,8,1129,2,2,0,1,81,0,0,4
0,24000200,3,1,1,15.4333,5,600,1,1,0,1,113,0,0,0
0,24000200,3,2,1,15.4333,5,601,1,1,0,1,113,0,0,0
0,24000200,3,3,1,15.4333,5,600,1,1,0,1,113,0,0,0
0,24000200,3,4,1,15.4333,5,601,1,1,0,1,113,0,0,0
0,24000200,6,1,1,34.1333,7,890,1,1,0,1,54,0,0,0
0,24000200,6,2,1,34.1333,7,890,1,1,0,1,54,0,0,0
0,24000200,6,3,1,34.1333,7,890,1,1,0,1,54,0,0,0
0,24000200,6,4,1,34.1333,7,890,1,1,0,1,54,0,0,0
0,24000200,9,1,1,11.1333,6,800,2,2,0,1,97,0,6,0
0,24000200,9,2,1,8.73333,6,800,2,2,0,1,81,0,0,0
0,24000200,9,3,1,11.1333,6,800,2,2,0,1,97,0,6,0
0,24000200,12,1,1,15.6333,9,1320,2,2,0,1,65,0,0,0
0,24000200,12,2,1,15.6333,9,1320,2,2,0,1,65,0,0,0
0,24000200,12,3,1,15.6333,9,1320,2,2,0,1,65,0,0,0
0,24000300,3,1,1,8.73333,5,600,1,1,0,1,85,0,0,0
0,24000300,3,2,1,12.4333,5,626,1,1,0,1,113,0,0,0
0,24000300,3,3,1,8.73333,5,600,1,1,0,1,85,0,0,0
0,24000300,3,4,1,12.4333,5,626,1,1,0,1,113,0,0,0
0,24000300,6,1,1,15.8333,6,724,1,1,0,1,65,0,0,0
0,24000300,6,2,1,15.8333,6,724,1,1,0,1,65,0,0,0
0,24000300,6,3,1,15.8333,6,724,1,1,0,1,65,0,0,0
0,24000300,6,4,1,15.8333,6,724,1,1,0,1,65,0,0,0
0,24000300,9,1,1,8.16667,6,900,2,2,0,1,81,0,6,0
0,24000300,9,2,1,7.33333,6,800,2,2,0,1,81,0,4,0
0,24000300,9,3,1,8.16667,6,900,2,2,0,1,81,0,6,0
0,24000300,12,1,1,9.23333,7,970,2,2,0,1,81,0,2,0
0,24000300,12,2,1,9.23333,7,970,2,2,0,1,81,0,2,0
0,24000300,12,3,1,9.23333,7,970,2,2,0,1,81,0,2,0
0,24000400,3,1,1,9.43333,5,600,1,1,0,1,99,0,0,0
0,24000400,3,2,1,12.4333,5,600,1,1,0,1,99,0,0,0
0,24000400,3,3,1,9.43333,5,600,1,1,0,1,99,0,0,0
0,24000400,3,4,1,12.4333,5,600,1,1,0,1,99,0,0,0
0,24000400,6,1,1,13.4333,6,732,1,1,0,1,81,0,0,0
0,24000400,6,2,1,13.4333,6,732,1,1,0,1,81,0,0,0
0,24000400,6,3,1,13.4333,6,732,1,1,0,1,81,0,0,0
0,24000400,6,4,1,13.4333,6,732,1,1,0,1,81,0,0,0
0,24000400,9,1,1,8.16667,6,900,2,2,0,1,81,0,6,0
0,24000400,9,2,1,7.33333,6,800,2,2,0,1,81,0,4,0
0,24000400,9,3,1,8.16667,6,900,2,2,0,1,81,0,6,0
0,24000400,12,1,1,9.23333,7,970,2,2,0,1,81,0,3,0
0,24000400,12,2,1,9.23333,7,970,2,2,0,1,81,0,3,0
0,24000400,12,3,1,9.23333,7,970,2,2,0,1,81,0,3,0
0,24000500,3,1,1,13.7333,5,603,1,1,0,1,113,0,0,0
0,24000500,3,2,1,9.13333,5,600,1,1,0,1,99,0,0,0
0,24000500,3,3,1,13.7333,5,603,1,1,0,1,113,0,0,0
0,24000500,3,4,1,9.13333,5,600,1,1,0,1,99,0,0,0
0,24000500,6,1,1,9.83333,6,720,1,1,0,1,81,0,0,0
0,24000500,6,2,1,9.83333,6,720,1,1,0,1,81,0,0,0
0,24000500,6,3,1,9.83333,6,720,1,1,0,1,81,0,0,0
0,24000500,6,4,1,9.83333,6,720,1,1,0,1,81,0,0,0
0,24000500,9,1,1,10.4333,6,800,2,2,0,1,97,0,3,0
0,24000500,9,2,1,9.23333,6,800,2,2,0,1,113,0,0,0
0,24000500,9,3,1,10.4333,6,800,2,2,0,1,97,0,3,0
0,24000500,12,1,1,13.3333,8,1120,2,2,0,1,81,0,0,0
0,24000500,12,2,1,13.3333,8,1120,2,2,0,1,81,0,0,0
0,24000500,12,3,1,13.3333,8,1120,2,2,0,1,81,0,0,0
0,24000600,3,1,1,8.73333,5,600,1,1,0,1,85,0,0,0
0,24000600,3,2,1,12.1333,5,604,1,1,0,1,113,0,0,0
0,24000600,3,3,1,8.73333,5,600,1,1,0,1,85,0,0,0
0,24000600,3,4,1,12.1333,5,604,1,1,0,1,113,0,0,0
0,24000600,6,1,1,15.8333,6,725,1,1,0,1,65,0,0,0
0,24000600,6,2,1,15.8333,6,725,1,1,0,1,65,0,0,0
0,24000600,6,3,1,15.8333,6,725,1,1,0,1,65,0,0,0
0,24000600,6,4,1,15.8333,6,725,1,1,0,1,65,0,0,0
0,24000600,9,1,1,8.16667,6,900,2,2,0,1,81,0,7,0
0,24000600,9,2,1,7.33333,6,800,2,2,0,1,81,0,5,0
0,24000600,9,3,1,8.16667,6,900,2,2,0,1,81,0,7,0
0,24000600,12,1,1,9.23333,7,970,2,2,0,1,81,0,1,0
0,24000600,12,2,1,9.23333,7,970,2,2,0,1,81,0,1,0
0,24000600,12,3,1,9.23333,7,970,2,2,0,1,81,0,1,0
0,24000700,3,1,1,8.73333,5,600,1,1,0,1,85,0,0,0
0,24000700,3,2,1,14.2333,5,600,1,1,0,1,113,0,0,0
0,24000700,3,3,1,8.73333,5,600,1,1,0,1,85,0,0,0
0,24000700,3,4,1,14.2333,5,600,1,1,0,1,113,0,0,0
0,24000700,6,1,1,19.9333,7,852,1,1,0,1,65,0,0,0
0,24000700,6,2,1,19.9333,7,852,1,1,0,1,65,0,0,0
0,24000700,6,3,1,19.9333,7,852,1,1,0,1,65,0,0,0
0,24000700,6,4,1,19.9333,7,852,1,1,0,1,65,0,0,0
0,24000700,9,1,1,8.16667,6,900,2,2,0,1,81,0,6,0
0,24000700,9,2,1,8.16667,6,900,2,2,0,1,81,0,1,0
0,24000700,9,3,1,8.16667,6,900,2,2,0,1,81,0,6,0
0,24000700,12,1,1,9.23333,7,970,2,2,0,1,81,0,0,0
0,24000700,12,2,1,9.23333,7,970,2,2,0,1,81,0,0,0
0,24000700,12,3,1,9.23333,7,970,2,2,0,1,81,0,0,0
0,24000800,3,1,1,8.13333,5,600,1,1,0,1,85,0,0,0
0,24000800,3,2,1,15.4333,5,600,1,1,0,1,113,0,0,0
0,24000800,3,3,1,8.13333,5,600,1,1,0,1,85,0,0,0
0,24000800,3,4,1,15.4333,5,600,1,1,0,1,113,0,0,0
0,24000800,6,1,1,14.9333,6,723,1,1,0,1,65,0,0,0
0,24000800,6,2,1,14.9333,6,723,1,1,0,1,65,0,0,0
0,24000800,6,3,1,14.9333,6,723,1,1,0,1,65,0,0,0
0,24000800,6,4,1,14.9333,6,723,1,1,0,1,65,0,0,0
0,24000800,9,1,1,8.16667,6,900,2,2,0,1,81,0,4,0
0,24000800,9,2,1,8.16667,6,900,2,2,0,1,81,0,0,0
0,24000800,9,3,1,8.16667,6,900,2,2,0,1,81,0,4,0
0,24000800,12,1,1,8.73333,7,920,2,2,0,1,97,0,5,0
0,24000800,12,2,1,8.73333,7,920,2,2,0,1,97,0,5,0
0,24000800,12,3,1,8.73333,7,920,2,2,0,1,97,0,5,0
0,24000900,3,1,1,11.4333,5,603,1,1,0,1,85,0,0,0
0,24000900,3,2,1,11.2333,5,604,1,1,0,1,85,0,0,0
0,24000900,3,3,1,11.4333,5,603,1,1,0,1,85,0,0,0
0,24000900,3,4,1,11.2333,5,604,1,1,0,1,85,0,0,0
0,24000900,6,1,1,43.4333,10,1300,1,1,0,1,38,0,0,0
0,24000900,6,2,1,43.4333,10,1300,1,1,0,1,38,0,0,0
0,24000900,6,3,1,43.4333,10,1300,1,1,0,1,38,0,0,0
0,24000900,6,4,1,43.4333,10,1300,1,1,0,1,38,0,0,0
0,24000900,9,1,1,8.16667,6,900,2,2,0,1,81,0,11,0
0,24000900,9,2,1,8.16667,6,900,2,2,0,1,81,0,5,0
0,24000900,9,3,1,8.16667,6,900,2,2,0,1,81,0,11,0
0,24000900,12,1,1,13.3333,8,1123,2,2,0,1,81,0,26,0
0,24000900,12,2,1,13.3333,8,1123,2,2,0,1,81,0,26,0
0,24000900,12,3,1,13.3333,8,1123,2,2,0,1,81,0,26,0
0,24001000,3,1,1,11.1333,5,600,1,1,0,1,85,0,0,0
0,24001000,3,2,1,9.63333,5,600,1,1,0,1,71,0,0,0
0,24001000,3,3,1,11.1333,5,600,1,1,0,1,85,0,0,0
0,24001000,3,4,1,9.63333,5,600,1,1,0,1,71,0,0,0
0,24001000,6,1,1,16.7333,7,866,1,1,0,1,65,0,0,0
0,24001000,6,2,1,16.7333,7,866,1,1,0,1,65,0,0,0
0,24001000,6,3,1,16.7333,7,866,1,1,0,1,65,0,0,0
0,24001000,6,4,1,16.7333,7,866,1,1,0,1,65,0,0,0
0,24001000,9,1,1,8.63333,7,970,2,2,0,1,113,0,11,0
0,24001000,9,2,1,6.63333,6,850,2,2,0,1,81,0,8,0
0,24001000,9,3,1,8.63333,7,970,2,2,0,1,113,0,11,0
0,24001000,12,1,1,9.53333,7,970,2,2,0,1,81,0,10,0
0,24001000,12,2,1,9.53333,7,970,2,2,0,1,81,0,10,0
0,24001000,12,3,1,9.53333,7,970,2,2,0,1,81,0,10,0
0,24001100,3,1,1,8.63333,5,600,1,1,0,1,85,0,0,0
0,24001100,3,2,1,12.5333,5,600,1,1,0,1,113,0,0,0
0,24001100,3,3,1,8.63333,5,600,1,1,0,1,85,0,0,0
0,24001100,3,4,1,12.5333,5,600,1,1,0,1,113,0,0,0
0,24001100,6,1,1,20.1333,7,852,1,1,0,1,65,0,0,0
0,24001100,6,2,1,20.1333,7,852,1,1,0,1,65,0,0,0
0,24001100,6,3,1,20.1333,7,852,1,1,0,1,65,0,0,0
0,24001100,6,4,1,20.1333,7,852,1,1,0,1,65,0,0,0
0,24001100,9,1,1,8.16667,6,900,2,2,0,1,81,0,7,0
0,24001100,9,2,1,6.83333,6,850,2,2,0,1,81,0,5,0
0,24001100,9,3,1,8.16667,6,900,2,2,0,1,81,0,7,0
0,24001100,12,1,1,9.23333,7,970,2,2,0,1,81,0,6,0
0,24001100,12,2,1,9.23333,7,970,2,2,0,1,81,0,6,0
0,24001100,12,3,1,9.23333,7,970,2,2,0,1,81,0,6,0
0,24001200,3,1,1,8.03333,5,600,1,1,0,1,85,0,0,0
0,24001200,3,2,1,15.4333,5,600,1,1,0,1,113,0,0,0
0,24001200,3,3,1,8.03333,5,600,1,1,0,1,85,0,0,0
0,24001200,3,4,1,15.4333,5,600,1,1,0,1,113,0,0,0
0,24001200,6,1,1,10.9333,6,720,1,1,0,1,81,0,0,0
0,24001200,6,2,1,10.9333,6,720,1,1,0,1,81,0,0,0
0,24001200,6,3,1,10.9333,6,720,1,1,0,1,81,0,0,0
0,24001200,6,4,1,10.9333,6,720,1,1,0,1,81,0,0,0
0,24001200,9,1,1,8.16667,6,900,2,2,0,1,81,0,3,0
0,24001200,9,2,1,8.13333,6,850,2,2,0,1,97,0,0,0
0,24001200,9,3,1,8.16667,6,900,2,2,0,1,81,0,3,0
0,24001200,12,1,1,12.9333,8,1120,2,2,0,1,81,0,0,0
0,24001200,12,2,1,12.9333,8,1120,2,2,0,1,81,0,0,0
0,24001200,12,3,1,12.9333,8,1120,2,2,0,1,81,0,0,0
0,24001300,3,1,1,13.6333,5,603,1,1,0,1,113,0,0,0
0,24001300,3,2,1,9.23333,5,600,1,1,0,1,99,0,0,0
0,24001300,3,3,1,13.6333,5,603,1,1,0,1,113,0,0,0
0,24001300,3,4,1,9.23333,5,600,1,1,0,1,99,0,0,0
0,24001300,6,1,1,9.83333,6,720,1,1,0,1,81,0,0,0
0,24001300,6,2,1,9.83333,6,720,1,1,0,1,81,0,0,0
0,24001300,6,3,1,9.83333,6,720,1,1,0,1,81,0,0,0
0,24001300,6,4,1,9.83333,6,720,1,1,0,1,81,0,0,0
0,24001300,9,1,1,10.7333,6,800,2,2,0,1,97,0,3,0
0,24001300,9,2,1,10.4333,6,800,2,2,0,1,113,0,0,0
0,24001300,9,3,1,10.7333,6,800,2,2,0,1,97,0,3,0
0,24001300,12,1,1,13.3333,8,1120,2,2,0,1,81,0,0,0
0,24001300,12,2,1,13.3333,8,1120,2,2,0,1,81,0,0,0
0,24001300,12,3,1,13.3333,8,1120,2,2,0,1,81,0,0,0
0,24001400,3,1,1,14.5333,5,610,1,1,0,1,113,0,0,0
0,24001400,3,2,1,12.4333,5,600,1,1,0,1,113,0,0,0
0,24001400,3,3,1,14.5333,5,610,1,1,0,1,113,0,0,0
0,24001400,3,4,1,12.4333,5,600,1,1,0,1,113,0,0,0
0,24001400,6,1,1,9.83333,6,720,1,1,0,1,81,0,0,0
0,24001400,6,2,1,9.83333,6,720,1,1,0,1,81,0,0,0
0,24001400,6,3,1,9.83333,6,720,1,1,0,1,81,0,0,0
0,24001400,6,4,1,9.83333,6,720,1,1,0,1,81,0,0,0
0,24001400,9,1,1,9.03333,6,800,2,2,0,1,113,0,3,0
0,24001400,9,2,1,9.03333,6,800,2,2,0,1,113,0,0,0
0,24001400,9,3,1,9.03333,6,800,2,2,0,1,113,0,3,0
0,24001400,12,1,1,9.53333,7,920,2,2,0,1,81,0,0,0
0,24001400,12,2,1,9.53333,7,920,2,2,0,1,81,0,0,0
0,24001400,12,3,1,9.53333,7,920,2,2,0,1,81,0,0,0
0,24001500,3,1,1,18.4333,5,600,1,1,0,1,113,0,0,0
0,24001500,3,2,1,11.3333,5,600,1,1,0,1,113,0,0,0
0,24001500,3,3,1,18.4333,5,600,1,1,0,1,113,0,0,0
0,24001500,3,4,1,11.3333,5,600,1,1,0,1,113,0,0,0
0,24001500,6,1,1,25.4333,7,861,1,1,0,1,86,0,0,0
0,24001500,6,2,1,25.4333,7,861,1,1,0,1,86,0,0,0
0,24001500,6,3,1,25.4333,7,861,1,1,0,1,86,0,0,0
0,24001500,6,4,1,25.4333,7,861,1,1,0,1,86,0,0,0
0,24001500,9,1,1,7.93333,6,800,2,2,0,1,81,0,13,0
0,24001500,9,2,1,7.83333,6,800,2,2,0,1,81,0,9,0
0,24001500,9,3,1,7.93333,6,800,2,2,0,1,81,0,13,0
0,24001500,12,1,1,10.1333,7,978,2,2,0,1,81,0,0,0
0,24001500,12,2,1,10.1333,7,978,2,2,0,1,81,0,0,0
0,24001500,12,3,1,10.1333,7,978,2,2,0,1,81,0,0,0
0,24001600,3,1,1,12.4333,5,600,1,1,0,1,99,0,0,0
0,24001600,3,2,1,9.83333,5,600,1,1,0,1,85,0,0,0
0,24001600,3,3,1,12.4333,5,600,1,1,0,1,99,0,0,0
0,24001600,3,4,1,9.83333,5,600,1,1,0,1,85,0,0,0
0,24001600,6,1,1,20.6333,7,862,1,1,0,1,65,0,0,0
0,24001600,6,2,1,20.6333,7,862,1,1,0,1,65,0,0,0
0,24001600,6,3,1,20.6333,7,862,1,1,0,1,65,0,0,0
0,24001600,6,4,1,20.6333,7,862,1,1,0,1,65,0,0,0
0,24001600,9,1,1,10.4333,6,800,2,2,0,1,97,0,3,0
0,24001600,9,2,1,8.93333,6,850,2,2,0,1,97,0,0,0
0,24001600,9,3,1,10.4333,6,800,2,2,0,1,97,0,3,0
0,24001600,12,1,1,13.3333,8,1120,2,2,0,1,81,0,0,0
0,24001600,12,2,1,13.3333,8,1120,2,2,0,1,81,0,0,0
0,24001600,12,3,1,13.3333,8,1120,2,2,0,1,81,0,0,0
0,24001700,3,1,1,8.13333,5,600,1,1,0,1,85,0,0,0
0,24001700,3,2,1,15.4333,5,600,1,1,0,1,113,0,0,0
0,24001700,3,3,1,8.13333,5,600,1,1,0,1,85,0,0,0
0,24001700,3,4,1,15.4333,5,600,1,1,0,1,113,0,0,0
0,24001700,6,1,1,15.0333,6,721,1,1,0,1,65,0,0,0
0,24001700,6,2,1,15.0333,6,721,1,1,0,1,65,0,0,0
0,24001700,6,3,1,15.0333,6,721,1,1,0,1,65,0,0,0
0,24001700,6,4,1,15.0333,6,721,1,1,0,1,65,0,0,0
0,24001700,9,1,1,8.16667,6,900,2,2,0,1,81,0,3,0
0,24001700,9,2,1,8.16667,6,900,2,2,0,1,81,0,0,0
0,24001700,9,3,1,8.16667,6,900,2,2,0,1,81,0,3,0
0,24001700,12,1,1,12.9333,8,1120,2,2,0,1,81,0,4,0
0,24001700,12,2,1,12.9333,8,1120,2,2,0,1,81,0,4,0
0,24001700,12,3,1,12.9333,8,1120,2,2,0,1,81,0,4,0
0,24001800,3,1,1,17.3333,5,600,1,1,0,1,99,0,0,0
0,24001800,3,2,1,11.1333,5,600,1,1,0,1,85,0,0,0
0,24001800,3,3,1,17.3333,5,600,1,1,0,1,99,0,0,0
0,24001800,3,4,1,11.1333,5,600,1,1,0,1,85,0,0,0
0,24001800,6,1,1,29.8333,8,998,1,1,0,1,70,0,0,0
0,24001800,6,2,1,29.8333,8,998,1,1,0,1,70,0,0,0
0,24001800,6,3,1,29.8333,8,998,1,1,0,1,70,0,0,0
0,24001800,6,4,1,29.8333,8,998,1,1,0,1,70,0,0,0
0,24001800,9,1,1,9.13333,7,970,2,2,0,1,81,0,8,0
0,24001800,9,2,1,8.63333,7,970,2,2,0,1,113,0,3,0
0,24001800,9,3,1,9.13333,7,970,2,2,0,1,81,0,8,0
0,24001800,12,1,1,9.93333,7,970,2,2,0,1,81,0,8,0
0,24001800,12,2,1,9.93333,7,970,2,2,0,1,81,0,8,0
0,24001800,12,3,1,9.93333,7,970,2,2,0,1,81,0,8,0
0,24001900,3,1,1,9.43333,5,600,1,1,0,1,99,0,0,0
0,24001900,3,2,1,11.5333,5,600,1,1,0,1,99,0,0,0
0,24001900,3,3,1,9.43333,5,600,1,1,0,1,99,0,0,0
0,24001900,3,4,1,11.5333,5,600,1,1,0,1,99,0,0,0
0,24001900,6,1,1,13.4333,6,733,1,1,0,1,81,0,0,0
0,24001900,6,2,1,13.4333,6,733,1,1,0,1,81,0,0,0
0,24001900,6,3,1,13.4333,6,733,1,1,0,1,81,0,0,0
0,24001900,6,4,1,13.4333,6,733,1,1,0,1,81,0,0,0
0,24001900,9,1,1,8.16667,6,900,2,2,0,1,81,0,5,0
0,24001900,9,2,1,6.63333,6,850,2,2,0,1,81,0,4,0
0,24001900,9,3,1,8.16667,6,900,2,2,0,1,81,0,5,0
0,24001900,12,1,1,9.23333,7,970,2,2,0,1,81,0,3,0
0,24001900,12,2,1,9.23333,7,970,2,2,0,1,81,0,3,0
0,24001900,12,3,1,9.23333,7,970,2,2,0,1,81,0,3,0
0,24002000,3,1,1,18.4333,5,600,1,1,0,1,113,0,0,0
0,24002000,3,2,1,11.2333,5,604,1,1,0,1,85,0,0,0
0,24002000,3,3,1,18.4333,5,600,1,1,0,1,113,0,0,0
0,24002000,3,4,1,11.2333,5,604,1,1,0,1,85,0,0,0
0,24002000,6,1,1,50.6333,12,1527,1,1,0,1,22,0,0,0
0,24002000,6,2,1,50.6333,12,1527,1,1,0,1,22,0,0,0
0,24002000,6,3,1,50.6333,12,1527,1,1,0,1,22,0,0,0
0,24002000,6,4,1,50.6333,12,1527,1,1,0,1,22,0,0,0
0,24002000,9,1,1,9.13333,7,970,2,2,0,1,81,0,9,0
0,24002000,9,2,1,8.16667,6,900,2,2,0,1,81,0,4,0
0,24002000,9,3,1,9.13333,7,970,2,2,0,1,81,0,9,0
0,24002000,12,1,1,9.83333,7,970,2,2,0,1,81,0,11,0
0,24002000,12,2,1,9.83333,7,970,2,2,0,1,81,0,11,0
0,24002000,12,3,1,9.83333,7,970,2,2,0,1,81,0,11,0
0,24002100,3,1,1,15.4333,5,600,1,1,0,1,113,0,0,0
0,24002100,3,2,1,15.4333,5,609,1,1,0,1,113,0,0,0
0,24002100,3,3,1,15.4333,5,600,1,1,0,1,113,0,0,0
0,24002100,3,4,1,15.4333,5,609,1,1,0,1,113,0,0,0
0,24002100,6,1,1,42.5333,7,953,1,1,0,1,38,0,0,0
0,24002100,6,2,1,42.5333,7,953,1,1,0,1,38,0,0,0
0,24002100,6,3,1,42.5333,7,953,1,1,0,1,38,0,0,0
0,24002100,6,4,1,42.5333,7,953,1,1,0,1,38,0,0,0
0,24002100,9,1,1,10.5333,6,800,2,2,0,1,113,0,6,0
0,24002100,9,2,1,8.93333,6,850,2,2,0,1,97,0,0,0
0,24002100,9,3,1,10.5333,6,800,2,2,0,1,113,0,6,0
0,24002100,12,1,1,21.4333,10,1527,2,2,0,1,86,0,0,3
0,24002100,12,2,1,21.4333,10,1527,2,2,0,1,86,0,0,3
0,24002100,12,3,1,21.4333,10,1527,2,2,0,1,86,0,0,3
0,24002200,3,1,1,15.4333,5,615,1,1,0,1,113,0,0,0
0,24002200,3,2,1,15.4333,5,613,1,1,0,1,113,0,0,0
0,24002200,3,3,1,15.4333,5,615,1,1,0,1,113,0,0,0
0,24002200,3,4,1,15.4333,5,613,1,1,0,1,113,0,0,0
0,24002200,6,1,1,42.4333,7,878,1,1,0,1,38,0,0,0
0,24002200,6,2,1,42.4333,7,878,1,1,0,1,38,0,0,0
0,24002200,6,3,1,42.4333,7,878,1,1,0,1,38,0,0,0
0,24002200,6,4,1,42.4333,7,878,1,1,0,1,38,0,0,0
0,24002200,9,1,1,9.03333,6,850,2,2,0,1,97,0,6,0
0,24002200,9,2,1,8.93333,6,850,2,2,0,1,97,0,0,0
0,24002200,9,3,1,9.03333,6,850,2,2,0,1,97,0,6,0
0,24002200,12,1,1,14.8333,9,1320,2,2,0,1,81,0,0,0
0,24002200,12,2,1,14.8333,9,1320,2,2,0,1,81,0,0,0
0,24002200,12,3,1,14.8333,9,1320,2,2,0,1,81,0,0,0
0,24002300,3,1,1,8.03333,5,600,1,1,0,1,85,0,0,0
0,24002300,3,2,1,13.8333,5,600,1,1,0,1,113,0,0,0
0,24002300,3,3,1,8.03333,5,600,1,1,0,1,85,0,0,0
0,24002300,3,4,1,13.8333,5,600,1,1,0,1,113,0,0,0
0,24002300,6,1,1,13.3333,6,720,1,1,0,1,81,0,0,0
0,24002300,6,2,1,13.3333,6,720,1,1,0,1,81,0,0,0
0,24002300,6,3,1,13.3333,6,720,1,1,0,1,81,0,0,0
0,24002300,6,4,1,13.3333,6,720,1,1,0,1,81,0,0,0
0,24002300,9,1,1,9.06667,7,970,2,2,0,1,81,0,6,0
0,24002300,9,2,1,8.16667,6,900,2,2,0,1,81,0,0,0
0,24002300,9,3,1,9.06667,7,970,2,2,0,1,81,0,6,0
0,24002300,12,1,1,12.4333,8,1120,2,2,0,1,81,0,4,0
0,24002300,12,2,1,12.4333,8,1120,2,2,0,1,81,0,4,0
0,24002300,12,3,1,12.4333,8,1120,2,2,0,1,81,0,4,0
1,24000001,3,1,1,30.4333,7,907,1,1,0,1,111,0,0,0
1,24000001,3,2,1,24.4333,6,768,1,1,0,1,80,0,0,0
1,24000001,3,3,1,30.4333,7,907,1,1,0,1,111,0,0,0
1,24000001,3,4,1,24.4333,6,768,1,1,0,1,80,0,0,0
1,24000001,6,1,0,75.1333,0,817,1,1,0,1,0,124,0,0
1,24000001,6,1,0,75.1333,0,817,1,1,0,1,0,124,0,0
1,24000001,6,1,0,75.1333,0,817,1,1,0,1,0,124,0,0
1,24000001,6,1,0,75.1333,0,817,1,1,0,1,0,124,0,0
1,24000001,6,1,0,75.1333,0,817,1,1,0,1,0,124,0,0
1,24000001,6,1,0,75.1333,0,817,1,1,0,1,0,124,0,0
1,24000001,6,1,0,75.1333,0,817,1,1,0,1,0,124,0,0
1,24000001,6,1,0,75.1333,0,817,1,1,0,1,0,124,0,0
1,24000001,6,1,0,75.1333,0,817,1,1,0,1,0,124,0,0
1,24000001,6,1,0,75.1333,0,817,1,1,0,1,0,124,0,0
1,24000001,6,1,0,75.1333,0,817,1,1,0,1,0,124,0,0
1,24000001,6,1,0,75.1333,0,817,1,1,0,1,0,124,0,0
1,24000001,6,1,1,90,25,4754,2,1,0,3,72,29,0,0
1,24000001,6,2,1,90,25,4754,2,1,0,3,72,29,0,0
1,24000001,6,3,1,90,25,4754,2,1,0,3,72,29,0,0
1,24000001,6,4,1,90,25,4754,2,1,0,3,72,29,0,0
1,24000001,9,1,1,90,23,4729,2,2,0,3,69,101,38,0
1,24000001,9,2,1,23.8333,9,1472,2,2,0,1,85,0,0,0
1,24000001,9,3,1,90,23,4729,2,2,0,3,69,101,38,0
1,24000001,12,1,1,60.5333,17,2893,2,2,0,1,104,0,29,0
1,24000001,12,2,1,60.5333,17,2893,2,2,0,1,104,0,29,0
1,24000001,12,3,1,60.5333,17,2893,2,2,0,1,104,0,29,0
1,24000101,3,1,1,18.4333,6,756,1,1,0,1,80,0,0,0
1,24000101,3,2,1,18.4333,6,754,1,1,0,1,80,0,0,0
1,24000101,3,3,1,18.4333,6,756,1,1,0,1,80,0,0,0
1,24000101,3,4,1,18.4333,6,754,1,1,0,1,80,0,0,0
1,24000101,6,1,0,69.1333,0,789,1,1,0,1,0,124,0,0
1,24000101,6,1,0,69.1333,0,789,1,1,0,1,0,124,0,0
1,24000101,6,1,0,69.1333,0,789,1,1,0,1,0,124,0,0
1,24000101,6,1,0,69.1333,0,789,1,1,0,1,0,124,0,0
1,24000101,6,1,0,69.1333,0,789,1,1,0,1,0,124,0,0
1,24000101,6,1,0,69.1333,0,789,1,1,0,1,0,124,0,0
1,24000101,6,1,0,69.1333,0,789,1,1,0,1,0,124,0,0
1,24000101,6,1,0,69.1333,0,789,1,1,0,1,0,124,0,0
1,24000101,6,1,0,69.1333,0,789,1,1,0,1,0,124,0,0
1,24000101,6,1,0,69.1333,0,789,1,1,0,1,0,124,0,0
1,24000101,6,1,0,69.1333,0,789,1,1,0,1,0,124,0,0
1,24000101,6,1,0,69.1333,0,789,1,1,0,1,0,124,0,0
1,24000101,6,1,0,69.0333,5,1532,2,1,0,1,0,124,0,0
1,24000101,6,1,0,69.0333,5,1532,2,1,0,1,0,124,0,0
1,24000101,6,1,0,69.0333,5,1532,2,1,0,1,0,124,0,0
1,24000101,6,1,0,69.0333,5,1532,2,1,0,1,0,124,0,0
1,24000201,3,1,1,28.8333,6,769,1,1,0,1,83,0,0,0
1,24000201,3,2,1,27.4333,6,759,1,1,0,1,111,0,0,0
1,24000201,3,3,1,28.8333,6,769,1,1,0,1,83,0,0,0
1,24000201,3,4,1,27.4333,6,759,1,1,0,1,111,0,0,0
1,24000201,6,1,0,69.1333,0,723,1,1,0,1,0,124,0,0
1,24000201,6,1,0,69.1333,0,723,1,1,0,1,0,124,0,0
1,24000201,6,1,0,69.1333,0,723,1,1,0,1,0,124,0,0
1,24000201,6,1,0,69.1333,0,723,1,1,0,1,0,124,0,0
1,24000201,6,1,0,69.1333,0,723,1,1,0,1,0,124,0,0
1,24000201,6,1,0,69.1333,0,723,1,1,0,1,0,124,0,0
1,24000201,6,1,0,69.1333,0,723,1,1,0,1,0,124,0,0
1,24000201,6,1,0,69.1333,0,723,1,1,0,1,0,124,0,0
1,24000201,6,1,0,69.1333,0,723,1,1,0,1,0,124,0,0
1,24000201,6,1,0,69.1333,0,723,1,1,0,1,0,124,0,0
1,24000201,6,1,0,69.1333,0,723,1,1,0,1,0,124,0,0
1,24000201,6,1,0,69.1333,0,723,1,1,0,1,0,124,0,0
1,24000201,6,1,0,69.0333,5,1551,2,1,0,1,0,124,0,0
1,24000201,6,1,0,69.0333,5,1551,2,1,0,1,0,124,0,0
1,24000201,6,1,0,69.0333,5,1551,2,1,0,1,0,124,0,0
1,24000201,6,1,0,69.0333,5,1551,2,1,0,1,0,124,0,0
1,24000301,3,1,0,90,1,176,1,1,0,3,111,101,0,0
1,24000301,3,1,0,90,1,176,1,1,0,3,111,101,0,0
1,24000301,3,1,0,90,1,176,1,1,0,3,111,101,0,0
1,24000301,3,1,0,90,1,176,1,1,0,3,111,101,0,0
1,24000301,3,1,0,90,1,176,1,1,0,3,111,101,0,0
1,24000301,3,1,0,90,1,176,1,1,0,3,111,101,0,0
1,24000301,3,1,0,90,1,176,1,1,0,3,111,101,0,0
1,24000301,3,1,0,90,1,176,1,1,0,3,111,101,0,0
1,24000301,3,1,0,90,1,176,1,1,0,3,111,101,0,0
1,24000301,3,1,0,90,1,176,1,1,0,3,111,101,0,0
1,24000301,3,1,0,90,1,176,1,1,0,3,111,101,0,0
1,24000301,3,1,0,90,1,176,1,1,0,3,111,101,0,0
1,24000301,3,1,0,90,1,176,1,1,0,3,111,101,0,0
1,24000301,3,1,0,90,1,176,1,1,0,3,111,101,0,0
1,24000301,3,1,0,90,1,176,1,1,0,3,111,101,0,0
1,24000301,3,1,0,90,1,176,1,1,0,3,111,101,0,0
1,24000401,3,1,0,90,1,187,1,1,0,3,80,101,0,0
1,24000401,3,1,0,90,1,187,1,1,0,3,80,101,0,0
1,24000401,3,1,0,90,1,187,1,1,0,3,80,101,0,0
1,24000401,3,1,0,90,1,187,1,1,0,3,80,101,0,0
1,24000401,3,1,0,90,1,187,1,1,0,3,80,101,0,0
1,24000401,3,1,0,90,1,187,1,1,0,3,80,101,0,0
1,24000401,3,1,0,90,1,187,1,1,0,3,80,101,0,0
1,24000401,3,1,0,90,1,187,1,1,0,3,80,101,0,0
1,24000401,3,1,0,90,1,187,1,1,0,3,80,101,0,0
1,24000401,3,1,0,90,1,187,1,1,0,3,80,101,0,0
1,24000401,3,1,0,90,1,187,1,1,0,3,80,101,0,0
1,24000401,3,1,0,90,1,187,1,1,0,3,80,101,0,0
1,24000401,3,1,0,90,1,187,1,1,0,3,80,101,0,0
1,24000401,3,1,0,90,1,187,1,1,0,3,80,101,0,0
1,24000401,3,1,0,90,1,187,1,1,0,3,80,101,0,0
1,24000401,3,1,0,90,1,187,1,1,0,3,80,101,0,0
1,24000501,3,1,1,21.4333,6,791,1,1,0,1,111,0,0,0
1,24000501,3,2,1,27.4333,6,786,1,1,0,1,111,0,0,0
1,24000501,3,3,1,21.4333,6,791,1,1,0,1,111,0,0,0
1,24000501,3,4,1,27.4333,6,786,1,1,0,1,111,0,0,0
1,24000501,6,1,0,69.1333,0,787,1,1,0,1,0,124,0,0
1,24000501,6,1,0,69.1333,0,787,1,1,0,1,0,124,0,0
1,24000501,6,1,0,69.1333,0,787,1,1,0,1,0,124,0,0
1,24000501,6,1,0,69.1333,0,787,1,1,0,1,0,124,0,0
1,24000501,6,1,0,69.1333,0,787,1,1,0,1,0,124,0,0
1,24000501,6,1,0,69.1333,0,787,1,1,0,1,0,124,0,0
1,24000501,6,1,0,69.1333,0,787,1,1,0,1,0,124,0,0
1,24000501,6,1,0,69.1333,0,787,1,1,0,1,0,124,0,0
1,24000501,6,1,0,69.1333,0,787,1,1,0,1,0,124,0,0
1,24000501,6,1,0,69.1333,0,787,1,1,0,1,0,124,0,0
1,24000501,6,1,0,69.1333,0,787,1,1,0,1,0,124,0,0
1,24000501,6,1,0,69.1333,0,787,1,1,0,1,0,124,0,0
1,24000501,6,1,0,69.0333,5,1509,2,1,0,1,0,124,0,0
1,24000501,6,1,0,69.0333,5,1509,2,1,0,1,0,124,0,0
1,24000501,6,1,0,69.0333,5,1509,2,1,0,1,0,124,0,0
1,24000501,6,1,0,69.0333,5,1509,2,1,0,1,0,124,0,0
1,24000601,3,1,1,18.4333,6,751,1,1,0,1,111,0,0,0
1,24000601,3,2,1,33.4333,6,787,1,1,0,1,83,0,0,0
1,24000601,3,3,1,18.4333,6,751,1,1,0,1,111,0,0,0
1,24000601,3,4,1,33.4333,6,787,1,1,0,1,83,0,0,0
1,24000601,6,1,0,69.1333,0,788,1,1,0,1,0,124,0,0
1,24000601,6,1,0,69.1333,0,788,1,1,0,1,0,124,0,0
1,24000601,6,1,0,69.1333,0,788,1,1,0,1,0,124,0,0
1,24000601,6,1,0,69.1333,0,788,1,1,0,1,0,124,0,0
1,24000601,6,1,0,69.1333,0,788,1,1,0,1,0,124,0,0
1,24000601,6,1,0,69.1333,0,788,1,1,0,1,0,124,0,0
1,24000601,6,1,0,69.1333,0,788,1,1,0,1,0,124,0,0
1,24000601,6,1,0,69.1333,0,788,1,1,0,1,0,124,0,0
1,24000601,6,1,0,69.1333,0,788,1,1,0,1,0,124,0,0
1,24000601,6,1,0,69.1333,0,788,1,1,0,1,0,124,0,0
1,24000601,6,1,0,69.1333,0,788,1,1,0,1,0,124,0,0
1,24000601,6,1,0,69.1333,0,788,1,1,0,1,0,124,0,0
1,24000601,6,1,0,69.0333,5,1426,2,1,0,1,0,124,0,0
1,24000601,6,1,0,69.0333,5,1426,2,1,0,1,0,124,0,0
1,24000601,6,1,0,69.0333,5,1426,2,1,0,1,0,124,0,0
1,24000601,6,1,0,69.0333,5,1426,2,1,0,1,0,124,0,0
1,24000701,3,1,1,24.4333,6,736,1,1,0,1,97,0,0,0
1,24000701,3,2,1,21.4333,6,737,1,1,0,1,83,0,0,0
1,24000701,3,3,1,24.4333,6,736,1,1,0,1,97,0,0,0
1,24000701,3,4,1,21.4333,6,737,1,1,0,1,83,0,0,0
1,24000701,6,1,0,69.1333,0,1356,1,1,0,1,0,124,0,0
1,24000701,6,1,0,69.1333,0,1356,1,1,0,1,0,124,0,0
1,24000701,6,1,0,69.1333,0,1356,1,1,0,1,0,124,0,0
1,24000701,6,1,0,69.1333,0,1356,1,1,0,1,0,124,0,0
1,24000701,6,1,0,69.1333,0,1356,1,1,0,1,0,124,0,0
1,24000701,6,1,0,69.1333,0,1356,1,1,0,1,0,124,0,0
1,24000701,6,1,0,69.1333,0,1356,1,1,0,1,0,124,0,0
1,24000701,6,1,0,69.1333,0,1356,1,1,0,1,0,124,0,0
1,24000701,6,1,0,69.1333,0,1356,1,1,0,1,0,124,0,0
1,24000701,6,1,0,69.1333,0,1356,1,1,0,1,0,124,0,0
1,24000701,6,1,0,69.1333,0,1356,1,1,0,1,0,124,0,0
1,24000701,6,1,0,69.1333,0,1356,1,1,0,1,0,124,0,0
1,24000701,6,1,0,69.0333,5,1403,2,1,0,1,0,124,0,0
1,24000701,6,1,0,69.0333,5,1403,2,1,0,1,0,124,0,0
1,24000701,6,1,0,69.0333,5,1403,2,1,0,1,0,124,0,0
1,24000701,6,1,0,69.0333,5,1403,2,1,0,1,0,124,0,0
1,24000801,3,1,1,27.4333,6,734,1,1,0,1,97,0,0,0
1,24000801,3,2,1,21.4333,6,745,1,1,0,1,97,0,0,0
1,24000801,3,3,1,27.4333,6,734,1,1,0,1,97,0,0,0
1,24000801,3,4,1,21.4333,6,745,1,1,0,1,97,0,0,0
1,24000801,6,1,0,69.1333,0,1363,1,1,0,1,0,124,0,0
1,24000801,6,1,0,69.1333,0,1363,1,1,0,1,0,124,0,0
1,24000801,6,1,0,69.1333,0,1363,1,1,0,1,0,124,0,0
1,24000801,6,1,0,69.1333,0,1363,1,1,0,1,0,124,0,0
1,24000801,6,1,0,69.1333,0,1363,1,1,0,1,0,124,0,0
1,24000801,6,1,0,69.1333,0,1363,1,1,0,1,0,124,0,0
1,24000801,6,1,0,69.1333,0,1363,1,1,0,1,0,124,0,0
1,24000801,6,1,0,69.1333,0,1363,1,1,0,1,0,124,0,0
1,24000801,6,1,0,69.1333,0,1363,1,1,0,1,0,124,0,0
1,24000801,6,1,0,69.1333,0,1363,1,1,0,1,0,124,0,0
1,24000801,6,1,0,69.1333,0,1363,1,1,0,1,0,124,0,0
1,24000801,6,1,0,69.1333,0,1363,1,1,0,1,0,124,0,0
1,24000801,6,1,0,69.0333,5,1449,2,1,0,1,0,124,0,0
1,24000801,6,1,0,69.0333,5,1449,2,1,0,1,0,124,0,0
1,24000801,6,1,0,69.0333,5,1449,2,1,0,1,0,124,0,0
1,24000801,6,1,0,69.0333,5,1449,2,1,0,1,0,124,0,0
1,24000901,3,1,1,90,4,491,1,1,0,3,97,29,0,0
1,24000901,3,2,1,21.4333,6,732,1,1,0,1,83,0,0,0
1,24000901,3,3,1,90,4,491,1,1,0,3,97,29,0,0
1,24000901,3,4,1,21.4333,6,732,1,1,0,1,83,0,0,0
1,24000901,6,1,0,69.1333,0,1233,1,1,0,1,0,124,0,0
1,24000901,6,1,0,69.1333,0,1233,1,1,0,1,0,124,0,0
1,24000901,6,1,0,69.1333,0,1233,1,1,0,1,0,124,0,0
1,24000901,6,1,0,69.1333,0,1233,1,1,0,1,0,124,0,0
1,24000901,6,1,0,69.1333,0,1233,1,1,0,1,0,124,0,0
1,24000901,6,1,0,69.1333,0,1233,1,1,0,1,0,124,0,0
1,24000901,6,1,0,69.1333,0,1233,1,1,0,1,0,124,0,0
1,24000901,6,1,0,69.1333,0,1233,1,1,0,1,0,124,0,0
1,24000901,6,1,0,69.1333,0,1233,1,1,0,1,0,124,0,0
1,24000901,6,1,0,69.1333,0,1233,1,1,0,1,0,124,0,0
1,24000901,6,1,0,69.1333,0,1233,1,1,0,1,0,124,0,0
1,24000901,6,1,0,69.1333,0,1233,1,1,0,1,0,124,0,0
1,24000901,6,1,0,69.0333,4,1191,2,1,0,1,0,124,0,0
1,24000901,6,1,0,69.0333,4,1191,2,1,0,1,0,124,0,0
1,24000901,6,1,0,69.0333,4,1191,2,1,0,1,0,124,0,0
1,24000901,6,1,0,69.0333,4,1191,2,1,0,1,0,124,0,0
1,24001001,3,1,0,90,1,189,1,1,0,3,94,83,0,0
1,24001001,3,1,0,90,1,189,1,1,0,3,94,83,0,0
1,24001001,3,1,0,90,1,189,1,1,0,3,94,83,0,0
1,24001001,3,1,0,90,1,189,1,1,0,3,94,83,0,0
1,24001001,3,1,0,90,1,189,1,1,0,3,94,83,0,0
1,24001001,3,1,0,90,1,189,1,1,0,3,94,83,0,0
1,24001001,3,1,0,90,1,189,1,1,0,3,94,83,0,0
1,24001001,3,1,0,90,1,189,1,1,0,3,94,83,0,0
1,24001001,3,1,0,90,1,189,1,1,0,3,94,83,0,0
1,24001001,3,1,0,90,1,189,1,1,0,3,94,83,0,0
1,24001001,3,1,0,90,1,189,1,1,0,3,94,83,0,0
1,24001001,3,1,0,90,1,189,1,1,0,3,94,83,0,0
1,24001001,3,1,0,90,1,189,1,1,0,3,94,83,0,0
1,24001001,3,1,0,90,1,189,1,1,0,3,94,83,0,0
1,24001001,3,1,0,90,1,189,1,1,0,3,94,83,0,0
1,24001001,3,1,0,90,1,189,1,1,0,3,94,83,0,0
1,24001101,3,1,0,90,1,256,1,1,0,3,69,101,0,0
1,24001101,3,1,0,90,1,256,1,1,0,3,69,101,0,0
1,24001101,3,1,0,90,1,256,1,1,0,3,69,101,0,0
1,24001101,3,1,0,90,1,256,1,1,0,3,69,101,0,0
1,24001101,3,1,0,90,1,256,1,1,0,3,69,101,0,0
1,24001101,3,1,0,90,1,256,1,1,0,3,69,101,0,0
1,24001101,3,1,0,90,1,256,1,1,0,3,69,101,0,0
1,24001101,3,1,0,90,1,256,1,1,0,3,69,101,0,0
1,24001101,3,1,0,90,1,256,1,1,0,3,69,101,0,0
1,24001101,3,1,0,90,1,256,1,1,0,3,69,101,0,0
1,24001101,3,1,0,90,1,256,1,1,0,3,69,101,0,0
1,24001101,3,1,0,90,1,256,1,1,0,3,69,101,0,0
1,24001101,3,1,0,90,1,256,1,1,0,3,69,101,0,0
1,24001101,3,1,0,90,1,256,1,1,0,3,69,101,0,0
1,24001101,3,1,0,90,1,256,1,1,0,3,69,101,0,0
1,24001101,3,1,0,90,1,256,1,1,0,3,69,101,0,0
1,24001201,3,1,1,21.4333,6,758,1,1,0,1,80,0,0,0
1,24001201,3,2,1,27.4333,6,757,1,1,0,1,111,0,0,0
1,24001201,3,3,1,21.4333,6,758,1,1,0,1,80,0,0,0
1,24001201,3,4,1,27.4333,6,757,1,1,0,1,111,0,0,0
1,24001201,6,1,0,69.1333,0,763,1,1,0,1,0,124,0,0
1,24001201,6,1,0,69.1333,0,763,1,1,0,1,0,124,0,0
1,24001201,6,1,0,69.1333,0,763,1,1,0,1,0,124,0,0
1,24001201,6,1,0,69.1333,0,763,1,1,0,1,0,124,0,0
1,24001201,6,1,0,69.1333,0,763,1,1,0,1,0,124,0,0
1,24001201,6,1,0,69.1333,0,763,1,1,0,1,0,124,0,0
1,24001201,6,1,0,69.1333,0,763,1,1,0,1,0,124,0,0
1,24001201,6,1,0,69.1333,0,763,1,1,0,1,0,124,0,0
1,24001201,6,1,0,69.1333,0,763,1,1,0,1,0,124,0,0
1,24001201,6,1,0,69.1333,0,763,1,1,0,1,0,124,0,0
1,24001201,6,1,0,69.1333,0,763,1,1,0,1,0,124,0,0
1,24001201,6,1,0,69.1333,0,763,1,1,0,1,0,124,0,0
1,24001201,6,1,0,69.0333,5,1545,2,1,0,1,0,124,0,0
1,24001201,6,1,0,69.0333,5,1545,2,1,0,1,0,124,0,0
1,24001201,6,1,0,69.0333,5,1545,2,1,0,1,0,124,0,0
1,24001201,6,1,0,69.0333,5,1545,2,1,0,1,0,124,0,0
1,24001301,3,1,1,24.4333,6,781,1,1,0,1,111,0,0,0
1,24001301,3,2,1,30.4333,6,777,1,1,0,1,97,0,0,0
1,24001301,3,3,1,24.4333,6,781,1,1,0,1,111,0,0,0
1,24001301,3,4,1,30.4333,6,777,1,1,0,1,97,0,0,0
1,24001301,6,1,0,69.1333,0,736,1,1,0,1,0,124,0,0
1,24001301,6,1,0,69.1333,0,736,1,1,0,1,0,124,0,0
1,24001301,6,1,0,69.1333,0,736,1,1,0,1,0,124,0,0
1,24001301,6,1,0,69.1333,0,736,1,1,0,1,0,124,0,0
1,24001301,6,1,0,69.1333,0,736,1,1,0,1,0,124,0,0
1,24001301,6,1,0,69.1333,0,736,1,1,0,1,0,124,0,0
1,24001301,6,1,0,69.1333,0,736,1,1,0,1,0,124,0,0
1,24001301,6,1,0,69.1333,0,736,1,1,0,1,0,124,0,0
1,24001301,6,1,0,69.1333,0,736,1,1,0,1,0,124,0,0
1,24001301,6,1,0,69.1333,0,736,1,1,0,1,0,124,0,0
1,24001301,6,1,0,69.1333,0,736,1,1,0,1,0,124,0,0
1,24001301,6,1,0,69.1333,0,736,1,1,0,1,0,124,0,0
1,24001301,6,1,0,69.0333,5,1527,2,1,0,1,0,124,0,0
1,24001301,6,1,0,69.0333,5,1527,2,1,0,1,0,124,0,0
1,24001301,6,1,0,69.0333,5,1527,2,1,0,1,0,124,0,0
1,24001301,6,1,0,69.0333,5,1527,2,1,0,1,0,124,0,0
1,24001401,3,1,0,90,1,193,1,1,0,3,94,101,0,0
1,24001401,3,1,0,90,1,193,1,1,0,3,94,101,0,0
1,24001401,3,1,0,90,1,193,1,1,0,3,94,101,0,0
1,24001401,3,1,0,90,1,193,1,1,0,3,94,101,0,0
1,24001401,3,1,0,90,1,193,1,1,0,3,94,101,0,0
1,24001401,3,1,0,90,1,193,1,1,0,3,94,101,0,0
1,24001401,3,1,0,90,1,193,1,1,0,3,94,101,0,0
1,24001401,3,1,0,90,1,193,1,1,0,3,94,101,0,0
1,24001401,3,1,0,90,1,193,1,1,0,3,94,101,0,0
1,24001401,3,1,0,90,1,193,1,1,0,3,94,101,0,0
1,24001401,3,1,0,90,1,193,1,1,0,3,94,101,0,0
1,24001401,3,1,0,90,1,193,1,1,0,3,94,101,0,0
1,24001401,3,1,0,90,1,193,1,1,0,3,94,101,0,0
1,24001401,3,1,0,90,1,193,1,1,0,3,94,101,0,0
1,24001401,3,1,0,90,1,193,1,1,0,3,94,101,0,0
1,24001401,3,1,0,90,1,193,1,1,0,3,94,101,0,0
1,24001501,3,1,0,90,0,66,1,1,0,3,80,101,0,0
1,24001501,3,1,0,90,0,66,1,1,0,3,80,101,0,0
1,24001501,3,1,0,90,0,66,1,1,0,3,80,101,0,0
1,24001501,3,1,0,90,0,66,1,1,0,3,80,101,0,0
1,24001501,3,1,0,90,0,66,1,1,0,3,80,101,0,0
1,24001501,3,1,0,90,0,66,1,1,0,3,80,101,0,0
1,24001501,3,1,0,90,0,66,1,1,0,3,80,101,0,0
1,24001501,3,1,0,90,0,66,1,1,0,3,80,101,0,0
1,24001501,3,1,0,90,0,66,1,1,0,3,80,101,0,0
1,24001501,3,1,0,90,0,66,1,1,0,3,80,101,0,0
1,24001501,3,1,0,90,0,66,1,1,0,3,80,101,0,0
1,24001501,3,1,0,90,0,66,1,1,0,3,80,101,0,0
1,24001501,3,1,0,90,0,66,1,1,0,3,80,101,0,0
1,24001501,3,1,0,90,0,66,1,1,0,3,80,101,0,0
1,24001501,3,1,0,90,0,66,1,1,0,3,80,101,0,0
1,24001501,3,1,0,90,0,66,1,1,0,3,80,101,0,0
1,24001601,3,1,1,90,4,486,1,1,0,3,97,29,0,0
1,24001601,3,2,1,21.4333,6,731,1,1,0,1,83,0,0,0
1,24001601,3,3,1,90,4,486,1,1,0,3,97,29,0,0
1,24001601,3,4,1,21.4333,6,731,1,1,0,1,83,0,0,0
1,24001601,6,1,0,69.1333,0,1279,1,1,0,1,0,124,0,0
1,24001601,6,1,0,69.1333,0,1279,1,1,0,1,0,124,0,0
1,24001601,6,1,0,69.1333,0,1279,1,1,0,1,0,124,0,0
1,24001601,6,1,0,69.1333,0,1279,1,1,0,1,0,124,0,0
1,24001601,6,1,0,69.1333,0,1279,1,1,0,1,0,124,0,0
1,24001601,6,1,0,69.1333,0,1279,1,1,0,1,0,124,0,0
1,24001601,6,1,0,69.1333,0,1279,1,1,0,1,0,124,0,0
1,24001601,6,1,0,69.1333,0,1279,1,1,0,1,0,124,0,0
1,24001601,6,1,0,69.1333,0,1279,1,1,0,1,0,124,0,0
1,24001601,6,1,0,69.1333,0,1279,1,1,0,1,0,124,0,0
1,24001601,6,1,0,69.1333,0,1279,1,1,0,1,0,124,0,0
1,24001601,6,1,0,69.1333,0,1279,1,1,0,1,0,124,0,0
1,24001601,6,1,0,69.0333,4,1238,2,1,0,1,0,124,0,0
1,24001601,6,1,0,69.0333,4,1238,2,1,0,1,0,124,0,0
1,24001601,6,1,0,69.0333,4,1238,2,1,0,1,0,124,0,0
1,24001601,6,1,0,69.0333,4,1238,2,1,0,1,0,124,0,0
1,24001701,3,1,0,90,0,67,1,1,0,3,111,101,0,0
1,24001701,3,1,0,90,0,67,1,1,0,3,111,101,0,0
1,24001701,3,1,0,90,0,67,1,1,0,3,111,101,0,0
1,24001701,3,1,0,90,0,67,1,1,0,3,111,101,0,0
1,24001701,3,1,0,90,0,67,1,1,0,3,111,101,0,0
1,24001701,3,1,0,90,0,67,1,1,0,3,111,101,0,0
1,24001701,3,1,0,90,0,67,1,1,0,3,111,101,0,0
1,24001701,3,1,0,90,0,67,1,1,0,3,111,101,0,0
1,24001701,3,1,0,90,0,67,1,1,0,3,111,101,0,0
1,24001701,3,1,0,90,0,67,1,1,0,3,111,101,0,0
1,24001701,3,1,0,90,0,67,1,1,0,3,111,101,0,0
1,24001701,3,1,0,90,0,67,1,1,0,3,111,101,0,0
1,24001701,3,1,0,90,0,67,1,1,0,3,111,101,0,0
1,24001701,3,1,0,90,0,67,1,1,0,3,111,101,0,0
1,24001701,3,1,0,90,0,67,1,1,0,3,111,101,0,0
1,24001701,3,1,0,90,0,67,1,1,0,3,111,101,0,0
1,24001801,3,1,1,21.4333,7,840,1,1,0,1,97,0,0,0
1,24001801,3,2,1,18.4333,6,738,1,1,0,1,97,0,0,0
1,24001801,3,3,1,21.4333,7,840,1,1,0,1,97,0,0,0
1,24001801,3,4,1,18.4333,6,738,1,1,0,1,97,0,0,0
1,24001801,6,1,0,69.1333,0,1287,1,1,0,1,0,124,0,0
1,24001801,6,1,0,69.1333,0,1287,1,1,0,1,0,124,0,0
1,24001801,6,1,0,69.1333,0,1287,1,1,0,1,0,124,0,0
1,24001801,6,1,0,69.1333,0,1287,1,1,0,1,0,124,0,0
1,24001801,6,1,0,69.1333,0,1287,1,1,0,1,0,124,0,0
1,24001801,6,1,0,69.1333,0,1287,1,1,0,1,0,124,0,0
1,24001801,6,1,0,69.1333,0,1287,1,1,0,1,0,124,0,0
1,24001801,6,1,0,69.1333,0,1287,1,1,0,1,0,124,0,0
1,24001801,6,1,0,69.1333,0,1287,1,1,0,1,0,124,0,0
1,24001801,6,1,0,69.1333,0,1287,1,1,0,1,0,124,0,0
1,24001801,6,1,0,69.1333,0,1287,1,1,0,1,0,124,0,0
1,24001801,6,1,0,69.1333,0,1287,1,1,0,1,0,124,0,0
1,24001801,6,1,0,69.0333,3,1125,2,1,0,1,0,124,0,0
1,24001801,6,1,0,69.0333,3,1125,2,1,0,1,0,124,0,0
1,24001801,6,1,0,69.0333,3,1125,2,1,0,1,0,124,0,0
1,24001801,6,1,0,69.0333,3,1125,2,1,0,1,0,124,0,0
1,24001901,3,1,0,90,1,179,1,1,0,3,111,101,0,0
1,24001901,3,1,0,90,1,179,1,1,0,3,111,101,0,0
1,24001901,3,1,0,90,1,179,1,1,0,3,111,101,0,0
1,24001901,3,1,0,90,1,179,1,1,0,3,111,101,0,0
1,24001901,3,1,0,90,1,179,1,1,0,3,111,101,0,0
1,24001901,3,1,0,90,1,179,1,1,0,3,111,101,0,0
1,24001901,3,1,0,90,1,179,1,1,0,3,111,101,0,0
1,24001901,3,1,0,90,1,179,1,1,0,3,111,101,0,0
1,24001901,3,1,0,90,1,179,1,1,0,3,111,101,0,0
1,24001901,3,1,0,90,1,179,1,1,0,3,111,101,0,0
1,24001901,3,1,0,90,1,179,1,1,0,3,111,101,0,0
1,24001901,3,1,0,90,1,179,1,1,0,3,111,101,0,0
1,24001901,3,1,0,90,1,179,1,1,0,3,111,101,0,0
1,24001901,3,1,0,90,1,179,1,1,0,3,111,101,0,0
1,24001901,3,1,0,90,1,179,1,1,0,3,111,101,0,0
1,24001901,3,1,0,90,1,179,1,1,0,3,111,101,0,0
1,24002001,3,1,0,90,1,188,1,1,0,3,94,83,0,0
1,24002001,3,1,0,90,1,188,1,1,0,3,94,83,0,0
1,24002001,3,1,0,90,1,188,1,1,0,3,94,83,0,0
1,24002001,3,1,0,90,1,188,1,1,0,3,94,83,0,0
1,24002001,3,1,0,90,1,188,1,1,0,3,94,83,0,0
1,24002001,3,1,0,90,1,188,1,1,0,3,94,83,0,0
1,24002001,3,1,0,90,1,188,1,1,0,3,94,83,0,0
1,24002001,3,1,0,90,1,188,1,1,0,3,94,83,0,0
1,24002001,3,1,0,90,1,188,1,1,0,3,94,83,0,0
1,24002001,3,1,0,90,1,188,1,1,0,3,94,83,0,0
1,24002001,3,1,0,90,1,188,1,1,0,3,94,83,0,0
1,24002001,3,1,0,90,1,188,1,1,0,3,94,83,0,0
1,24002001,3,1,0,90,1,188,1,1,0,3,94,83,0,0
1,24002001,3,1,0,90,1,188,1,1,0,3,94,83,0,0
1,24002001,3,1,0,90,1,188,1,1,0,3,94,83,0,0
1,24002001,3,1,0,90,1,188,1,1,0,3,94,83,0,0
1,24002101,3,1,1,18.4333,6,720,1,1,0,1,97,0,0,0
1,24002101,3,2,1,18.4333,6,739,1,1,0,1,97,0,0,0
1,24002101,3,3,1,18.4333,6,720,1,1,0,1,97,0,0,0
1,24002101,3,4,1,18.4333,6,739,1,1,0,1,97,0,0,0
1,24002101,6,1,0,69.1333,0,1205,1,1,0,1,0,124,0,0
1,24002101,6,1,0,69.1333,0,1205,1,1,0,1,0,124,0,0
1,24002101,6,1,0,69.1333,0,1205,1,1,0,1,0,124,0,0
1,24002101,6,1,0,69.1333,0,1205,1,1,0,1,0,124,0,0
1,24002101,6,1,0,69.1333,0,1205,1,1,0,1,0,124,0,0
1,24002101,6,1,0,69.1333,0,1205,1,1,0,1,0,124,0,0
1,24002101,6,1,0,69.1333,0,1205,1,1,0,1,0,124,0,0
1,24002101,6,1,0,69.1333,0,1205,1,1,0,1,0,124,0,0
1,24002101,6,1,0,69.1333,0,1205,1,1,0,1,0,124,0,0
1,24002101,6,1,0,69.1333,0,1205,1,1,0,1,0,124,0,0
1,24002101,6,1,0,69.1333,0,1205,1,1,0,1,0,124,0,0
1,24002101,6,1,0,69.1333,0,1205,1,1,0,1,0,124,0,0
1,24002101,6,1,0,69.0333,3,1031,2,1,0,1,0,124,0,0
1,24002101,6,1,0,69.0333,3,1031,2,1,0,1,0,124,0,0
1,24002101,6,1,0,69.0333,3,1031,2,1,0,1,0,124,0,0
1,24002101,6,1,0,69.0333,3,1031,2,1,0,1,0,124,0,0
1,24002201,3,1,0,90,1,176,1,1,0,3,97,101,0,0
1,24002201,3,1,0,90,1,176,1,1,0,3,97,101,0,0
1,24002201,3,1,0,90,1,176,1,1,0,3,97,101,0,0
1,24002201,3,1,0,90,1,176,1,1,0,3,97,101,0,0
1,24002201,3,1,0,90,1,176,1,1,0,3,97,101,0,0
1,24002201,3,1,0,90,1,176,1,1,0,3,97,101,0,0
1,24002201,3,1,0,90,1,176,1,1,0,3,97,101,0,0
1,24002201,3,1,0,90,1,176,1,1,0,3,97,101,0,0
1,24002201,3,1,0,90,1,176,1,1,0,3,97,101,0,0
1,24002201,3,1,0,90,1,176,1,1,0,3,97,101,0,0
1,24002201,3,1,0,90,1,176,1,1,0,3,97,101,0,0
1,24002201,3,1,0,90,1,176,1,1,0,3,97,101,0,0
1,24002201,3,1,0,90,1,176,1,1,0,3,97,101,0,0
1,24002201,3,1,0,90,1,176,1,1,0,3,97,101,0,0
1,24002201,3,1,0,90,1,176,1,1,0,3,97,101,0,0
1,24002201,3,1,0,90,1,176,1,1,0,3,97,101,0,0
1,24002301,3,1,0,90,0,62,1,1,0,3,111,101,0,0
1,24002301,3,1,0,90,0,62,1,1,0,3,111,101,0,0
1,24002301,3,1,0,90,0,62,1,1,0,3,111,101,0,0
1,24002301,3,1,0,90,0,62,1,1,0,3,111,101,0,0
1,24002301,3,1,0,90,0,62,1,1,0,3,111,101,0,0
1,24002301,3,1,0,90,0,62,1,1,0,3,111,101,0,0
1,24002301,3,1,0,90,0,62,1,1,0,3,111,101,0,0
1,24002301,3,1,0,90,0,62,1,1,0,3,111,101,0,0
1,24002301,3,1,0,90,0,62,1,1,0,3,111,101,0,0
1,24002301,3,1,0,90,0,62,1,1,0,3,111,101,0,0
1,24002301,3,1,0,90,0,62,1,1,0,3,111,101,0,0
1,24002301,3,1,0,90,0,62,1,1,0,3,111,101,0,0
1,24002301,3,1,0,90,0,62,1,1,0,3,111,101,0,0
1,24002301,3,1,0,90,0,62,1,1,0,3,111,101,0,0
1,24002301,3,1,0,90,0,62,1,1,0,3,111,101,0,0
1,24002301,3,1,0,90,0,62,1,1,0,3,111,101,0,0
16,24000016,3,1,1,30.6,5,850,1,1,0,1,115,0,0,0
16,24000016,3,2,1,15.6667,5,850,1,1,0,1,115,0,0,0
16,24000016,3,3,1,30.6,5,850,1,1,0,1,115,0,0,0
16,24000016,3,4,1,15.6667,5,850,1,1,0,1,115,0,0,0
16,24000016,6,1,0,56.9333,13,2210,1,1,0,1,0,79,0,0
16,24000016,6,1,0,56.9333,13,2210,1,1,0,1,0,79,0,0
16,24000016,6,1,0,56.9333,13,2210,1,1,0,1,0,79,0,0
16,24000016,6,1,0,56.9333,13,2210,1,1,0,1,0,79,0,0
16,24000016,6,1,0,56.9333,13,2210,1,1,0,1,0,79,0,0
16,24000016,6,1,0,56.9333,13,2210,1,1,0,1,0,79,0,0
16,24000016,6,1,0,56.9333,13,2210,1,1,0,1,0,79,0,0
16,24000016,6,1,0,56.9333,13,2210,1,1,0,1,0,79,0,0
16,24000016,6,1,0,56.9333,13,2210,1,1,0,1,0,79,0,0
16,24000016,6,1,0,56.9333,13,2210,1,1,0,1,0,79,0,0
16,24000016,6,1,0,56.9333,13,2210,1,1,0,1,0,79,0,0
16,24000016,6,1,0,56.9333,13,2210,1,1,0,1,0,79,0,0
16,24000016,6,1,0,56.9333,17,3040,2,1,0,1,0,124,0,0
16,24000016,6,1,0,56.9333,17,3040,2,1,0,1,0,124,0,0
16,24000016,6,1,0,56.9333,17,3040,2,1,0,1,0,124,0,0
16,24000016,6,1,0,56.9333,17,3040,2,1,0,1,0,124,0,0
16,24000116,3,1,1,17.1,6,1022,1,1,0,1,115,0,0,0
16,24000116,3,2,1,18.9,8,1360,1,1,0,1,115,0,0,0
16,24000116,3,3,1,17.1,6,1022,1,1,0,1,115,0,0,0
16,24000116,3,4,1,18.9,8,1360,1,1,0,1,115,0,0,0
16,24000116,6,1,1,33,13,2210,1,1,0,1,57,0,0,0
16,24000116,6,2,1,33,13,2210,1,1,0,1,57,0,0,0
16,24000116,6,3,1,33,13,2210,1,1,0,1,57,0,0,0
16,24000116,6,4,1,33,13,2210,1,1,0,1,57,0,0,0
16,24000116,9,1,1,15.5,7,1280,2,2,0,1,99,0,0,0
16,24000116,9,2,1,18.1,6,1080,2,2,0,1,115,0,0,0
16,24000116,9,3,1,15.5,7,1280,2,2,0,1,99,0,0,0
16,24000116,12,1,1,22.2,10,1820,2,2,0,1,89,0,3,0
16,24000116,12,2,1,22.2,10,1820,2,2,0,1,89,0,3,0
16,24000116,12,3,1,22.2,10,1820,2,2,0,1,89,0,3,0
16,24000216,3,1,1,14.2,6,1020,1,1,0,1,115,0,0,0
16,24000216,3,2,1,13.1,6,1020,1,1,0,1,115,0,0,0
16,24000216,3,3,1,14.2,6,1020,1,1,0,1,115,0,0,0
16,24000216,3,4,1,13.1,6,1020,1,1,0,1,115,0,0,0
16,24000216,6,1,1,45,16,2720,1,1,0,1,25,0,0,0
16,24000216,6,2,1,45,16,2720,1,1,0,1,25,0,0,0
16,24000216,6,3,1,45,16,2720,1,1,0,1,25,0,0,0
16,24000216,6,4,1,45,16,2720,1,1,0,1,25,0,0,0
16,24000216,9,1,1,17.1,6,1050,2,2,0,1,115,0,0,0
16,24000216,9,2,1,15.6,6,1050,2,2,0,1,115,0,0,0
16,24000216,9,3,1,17.1,6,1050,2,2,0,1,115,0,0,0
16,24000216,12,1,1,34,13,2390,2,2,0,1,57,0,9,0
16,24000216,12,2,1,34,13,2390,2,2,0,1,57,0,9,0
16,24000216,12,3,1,34,13,2390,2,2,0,1,57,0,9,0
16,24000316,3,1,1,17.1,6,1020,1,1,0,1,115,0,0,0
16,24000316,3,2,1,15.6,6,1020,1,1,0,1,115,0,0,0
16,24000316,3,3,1,17.1,6,1020,1,1,0,1,115,0,0,0
16,24000316,3,4,1,15.6,6,1020,1,1,0,1,115,0,0,0
16,24000316,6,1,1,16.5,7,1190,1,1,0,1,67,0,0,0
16,24000316,6,2,1,16.5,7,1190,1,1,0,1,67,0,0,0
16,24000316,6,3,1,16.5,7,1190,1,1,0,1,67,0,0,0
16,24000316,6,4,1,16.5,7,1190,1,1,0,1,67,0,0,0
16,24000316,9,1,1,18.1,7,1250,2,2,0,1,115,0,0,0
16,24000316,9,2,1,18.1,5,881,2,2,0,1,115,0,0,0
16,24000316,9,3,1,18.1,7,1250,2,2,0,1,115,0,0,0
16,24000316,12,1,0,56.9333,19,3533,2,2,0,1,0,34,18,1
16,24000316,12,1,0,56.9333,19,3533,2,2,0,1,0,34,18,1
16,24000316,12,1,0,56.9333,19,3533,2,2,0,1,0,34,18,1
16,24000316,12,1,0,56.9333,19,3533,2,2,0,1,0,34,18,1
16,24000316,12,1,0,56.9333,19,3533,2,2,0,1,0,34,18,1
16,24000316,12,1,0,56.9333,19,3533,2,2,0,1,0,34,18,1
16,24000316,12,1,0,56.9333,19,3533,2,2,0,1,0,34,18,1
16,24000316,12,1,0,56.9333,19,3533,2,2,0,1,0,34,18,1
16,24000316,12,1,0,56.9333,19,3533,2,2,0,1,0,34,18,1
16,24000316,12,1,0,56.9333,19,3533,2,2,0,1,0,34,18,1
16,24000316,12,1,0,56.9333,19,3533,2,2,0,1,0,34,18,1
16,24000316,12,1,0,56.9333,19,3533,2,2,0,1,0,34,18,1
16,24000316,12,1,0,56.9333,19,3533,2,2,0,1,0,34,18,1
16,24000316,12,1,0,56.9333,19,3533,2,2,0,1,0,34,18,1
16,24000316,12,1,0,56.9333,19,3533,2,2,0,1,0,34,18,1
16,24000316,12,1,0,56.9333,19,3533,2,2,0,1,0,34,18,1
16,24000416,3,1,1,17.9,6,1020,1,1,0,1,115,0,0,0
16,24000416,3,2,1,15.6,6,1020,1,1,0,1,101,0,0,0
16,24000416,3,3,1,17.9,6,1020,1,1,0,1,115,0,0,0
16,24000416,3,4,1,15.6,6,1020,1,1,0,1,101,0,0,0
16,24000416,6,1,1,25.5,8,1360,1,1,0,1,89,0,0,0
16,24000416,6,2,1,25.5,8,1360,1,1,0,1,89,0,0,0
16,24000416,6,3,1,25.5,8,1360,1,1,0,1,89,0,0,0
16,24000416,6,4,1,25.5,8,1360,1,1,0,1,89,0,0,0
16,24000416,9,1,1,14,5,880,2,2,0,1,99,0,0,0
16,24000416,9,2,1,14.6,5,880,2,2,0,1,115,0,0,0
16,24000416,9,3,1,14,5,880,2,2,0,1,99,0,0,0
16,24000416,12,1,1,52,17,3165,2,2,0,1,9,0,0,0
16,24000416,12,2,1,52,17,3165,2,2,0,1,9,0,0,0
16,24000416,12,3,1,52,17,3165,2,2,0,1,9,0,0,0
16,24000516,3,1,1,18.6,6,1020,1,1,0,1,115,0,0,0
16,24000516,3,2,1,21.2,7,1190,1,1,0,1,115,0,0,0
16,24000516,3,3,1,18.6,6,1020,1,1,0,1,115,0,0,0
16,24000516,3,4,1,21.2,7,1190,1,1,0,1,115,0,0,0
16,24000516,6,1,1,43,13,2210,1,1,0,1,41,0,0,0
16,24000516,6,2,1,43,13,2210,1,1,0,1,41,0,0,0
16,24000516,6,3,1,43,13,2210,1,1,0,1,41,0,0,0
16,24000516,6,4,1,43,13,2210,1,1,0,1,41,0,0,0
16,24000516,9,1,1,20,7,1250,2,2,0,1,83,0,0,0
16,24000516,9,2,1,13.1,5,880,2,2,0,1,115,0,0,0
16,24000516,9,3,1,20,7,1250,2,2,0,1,83,0,0,0
16,24000516,12,1,1,38.5,14,2601,2,2,0,1,57,0,0,12
16,24000516,12,2,1,38.5,14,2601,2,2,0,1,57,0,0,12
16,24000516,12,3,1,38.5,14,2601,2,2,0,1,57,0,0,12
16,24000616,3,1,1,15,5,850,1,1,0,1,115,0,0,0
16,24000616,3,2,1,17.8,6,1020,1,1,0,1,115,0,0,0
16,24000616,3,3,1,15,5,850,1,1,0,1,115,0,0,0
16,24000616,3,4,1,17.8,6,1020,1,1,0,1,115,0,0,0
16,24000616,6,1,0,56.9333,14,2380,1,1,0,1,0,25,0,0
16,24000616,6,1,0,56.9333,14,2380,1,1,0,1,0,25,0,0
16,24000616,6,1,0,56.9333,14,2380,1,1,0,1,0,25,0,0
16,24000616,6,1,0,56.9333,14,2380,1,1,0,1,0,25,0,0
16,24000616,6,1,0,56.9333,14,2380,1,1,0,1,0,25,0,0
16,24000616,6,1,0,56.9333,14,2380,1,1,0,1,0,25,0,0
16,24000616,6,1,0,56.9333,14,2380,1,1,0,1,0,25,0,0
16,24000616,6,1,0,56.9333,14,2380,1,1,0,1,0,25,0,0
16,24000616,6,1,0,56.9333,14,2380,1,1,0,1,0,25,0,0
16,24000616,6,1,0,56.9333,14,2380,1,1,0,1,0,25,0,0
16,24000616,6,1,0,56.9333,14,2380,1,1,0,1,0,25,0,0
16,24000616,6,1,0,56.9333,14,2380,1,1,0,1,0,25,0,0
16,24000616,6,1,0,56.9333,16,3020,2,1,0,1,0,115,0,0
16,24000616,6,1,0,56.9333,16,3020,2,1,0,1,0,115,0,0
16,24000616,6,1,0,56.9333,16,3020,2,1,0,1,0,115,0,0
16,24000616,6,1,0,56.9333,16,3020,2,1,0,1,0,115,0,0
16,24000716,3,1,1,24.6,5,850,1,1,0,1,115,0,0,0
16,24000716,3,2,1,15.6333,5,850,1,1,0,1,115,0,0,0
16,24000716,3,3,1,24.6,5,850,1,1,0,1,115,0,0,0
16,24000716,3,4,1,15.6333,5,850,1,1,0,1,115,0,0,0
16,24000716,6,1,0,56.9333,13,2210,1,1,0,1,0,88,0,0
16,24000716,6,1,0,56.9333,13,2210,1,1,0,1,0,88,0,0
16,24000716,6,1,0,56.9333,13,2210,1,1,0,1,0,88,0,0
16,24000716,6,1,0,56.9333,13,2210,1,1,0,1,0,88,0,0
16,24000716,6,1,0,56.9333,13,2210,1,1,0,1,0,88,0,0
16,24000716,6,1,0,56.9333,13,2210,1,1,0,1,0,88,0,0
16,24000716,6,1,0,56.9333,13,2210,1,1,0,1,0,88,0,0
16,24000716,6,1,0,56.9333,13,2210,1,1,0,1,0,88,0,0
16,24000716,6,1,0,56.9333,13,2210,1,1,0,1,0,88,0,0
16,24000716,6,1,0,56.9333,13,2210,1,1,0,1,0,88,0,0
16,24000716,6,1,0,56.9333,13,2210,1,1,0,1,0,88,0,0
16,24000716,6,1,0,56.9333,13,2210,1,1,0,1,0,88,0,0
16,24000716,6,1,0,56.9333,18,3300,2,1,0,1,0,79,0,0
16,24000716,6,1,0,56.9333,18,3300,2,1,0,1,0,79,0,0
16,24000716,6,1,0,56.9333,18,3300,2,1,0,1,0,79,0,0
16,24000716,6,1,0,56.9333,18,3300,2,1,0,1,0,79,0,0
16,24000816,3,1,1,16.7,6,1023,1,1,0,1,115,0,0,0
16,24000816,3,2,1,17.1,7,1190,1,1,0,1,115,0,0,0
16,24000816,3,3,1,16.7,6,1023,1,1,0,1,115,0,0,0
16,24000816,3,4,1,17.1,7,1190,1,1,0,1,115,0,0,0
16,24000816,6,1,1,49.5,17,2890,1,1,0,1,25,0,0,0
16,24000816,6,2,1,49.5,17,2890,1,1,0,1,25,0,0,0
16,24000816,6,3,1,49.5,17,2890,1,1,0,1,25,0,0,0
16,24000816,6,4,1,49.5,17,2890,1,1,0,1,25,0,0,0
16,24000816,9,1,1,13.1,6,1050,2,2,0,1,83,0,0,0
16,24000816,9,2,1,18.1,7,1250,2,2,0,1,115,0,0,0
16,24000816,9,3,1,13.1,6,1050,2,2,0,1,83,0,0,0
16,24000816,12,1,1,34.3,13,2424,2,2,0,1,73,0,0,6
16,24000816,12,2,1,34.3,13,2424,2,2,0,1,73,0,0,6
16,24000816,12,3,1,34.3,13,2424,2,2,0,1,73,0,0,6
16,24000916,3,1,1,17.1,6,1020,1,1,0,1,115,0,0,0
16,24000916,3,2,1,17.4,7,1190,1,1,0,1,115,0,0,0
16,24000916,3,3,1,17.1,6,1020,1,1,0,1,115,0,0,0
16,24000916,3,4,1,17.4,7,1190,1,1,0,1,115,0,0,0
16,24000916,6,1,1,31.5,11,1870,1,1,0,1,73,0,0,0
16,24000916,6,2,1,31.5,11,1870,1,1,0,1,73,0,0,0
16,24000916,6,3,1,31.5,11,1870,1,1,0,1,73,0,0,0
16,24000916,6,4,1,31.5,11,1870,1,1,0,1,73,0,0,0
16,24000916,9,1,1,15.4,6,1080,2,2,0,1,115,0,0,0
16,24000916,9,2,1,14.6,6,1050,2,2,0,1,115,0,0,0
16,24000916,9,3,1,15.4,6,1080,2,2,0,1,115,0,0,0
16,24000916,12,1,1,22.7,10,1822,2,2,0,1,89,0,0,0
16,24000916,12,2,1,22.7,10,1822,2,2,0,1,89,0,0,0
16,24000916,12,3,1,22.7,10,1822,2,2,0,1,89,0,0,0
16,24001016,3,1,1,16.7,6,1024,1,1,0,1,115,0,0,0
16,24001016,3,2,1,20.6,7,1192,1,1,0,1,115,0,0,0
16,24001016,3,3,1,16.7,6,1024,1,1,0,1,115,0,0,0
16,24001016,3,4,1,20.6,7,1192,1,1,0,1,115,0,0,0
16,24001016,6,1,1,37.5,14,2380,1,1,0,1,57,0,0,0
16,24001016,6,2,1,37.5,14,2380,1,1,0,1,57,0,0,0
16,24001016,6,3,1,37.5,14,2380,1,1,0,1,57,0,0,0
16,24001016,6,4,1,37.5,14,2380,1,1,0,1,57,0,0,0
16,24001016,9,1,1,16.5,7,1280,2,2,0,1,115,0,0,0
16,24001016,9,2,1,26,9,1620,2,2,0,1,99,0,0,0
16,24001016,9,3,1,16.5,7,1280,2,2,0,1,115,0,0,0
16,24001016,12,1,1,24.1,10,1820,2,2,0,1,89,0,0,6
16,24001016,12,2,1,24.1,10,1820,2,2,0,1,89,0,0,6
16,24001016,12,3,1,24.1,10,1820,2,2,0,1,89,0,0,6
16,24001116,3,1,1,17,6,1024,1,1,0,1,115,0,0,0
16,24001116,3,2,1,14.3,6,1020,1,1,0,1,115,0,0,0
16,24001116,3,3,1,17,6,1024,1,1,0,1,115,0,0,0
16,24001116,3,4,1,14.3,6,1020,1,1,0,1,115,0,0,0
16,24001116,6,1,1,33,13,2210,1,1,0,1,57,0,0,0
16,24001116,6,2,1,33,13,2210,1,1,0,1,57,0,0,0
16,24001116,6,3,1,33,13,2210,1,1,0,1,57,0,0,0
16,24001116,6,4,1,33,13,2210,1,1,0,1,57,0,0,0
16,24001116,9,1,1,14.4,6,1080,2,2,0,1,115,0,0,0
16,24001116,9,2,1,16.3,7,1280,2,2,0,1,115,0,0,0
16,24001116,9,3,1,14.4,6,1080,2,2,0,1,115,0,0,0
16,24001116,12,1,1,26.2,11,2026,2,2,0,1,89,0,0,0
16,24001116,12,2,1,26.2,11,2026,2,2,0,1,89,0,0,0
16,24001116,12,3,1,26.2,11,2026,2,2,0,1,89,0,0,0
16,24001216,3,1,1,18.7,7,1190,1,1,0,1,115,0,0,0
16,24001216,3,2,1,22.1667,7,1190,1,1,0,1,115,0,0,0
16,24001216,3,3,1,18.7,7,1190,1,1,0,1,115,0,0,0
16,24001216,3,4,1,22.1667,7,1190,1,1,0,1,115,0,0,0
16,24001216,6,1,0,56.9333,17,2891,1,1,0,1,0,43,0,0
16,24001216,6,1,0,56.9333,17,2891,1,1,0,1,0,43,0,0
16,24001216,6,1,0,56.9333,17,2891,1,1,0,1,0,43,0,0
16,24001216,6,1,0,56.9333,17,2891,1,1,0,1,0,43,0,0
16,24001216,6,1,0,56.9333,17,2891,1,1,0,1,0,43,0,0
16,24001216,6,1,0,56.9333,17,2891,1,1,0,1,0,43,0,0
16,24001216,6,1,0,56.9333,17,2891,1,1,0,1,0,43,0,0
16,24001216,6,1,0,56.9333,17,2891,1,1,0,1,0,43,0,0
16,24001216,6,1,0,56.9333,17,2891,1,1,0,1,0,43,0,0
16,24001216,6,1,0,56.9333,17,2891,1,1,0,1,0,43,0,0
16,24001216,6,1,0,56.9333,17,2891,1,1,0,1,0,43,0,0
16,24001216,6,1,0,56.9333,17,2891,1,1,0,1,0,43,0,0
16,24001216,6,1,0,56.9333,19,3380,2,1,0,1,0,70,0,0
16,24001216,6,1,0,56.9333,19,3380,2,1,0,1,0,70,0,0
16,24001216,6,1,0,56.9333,19,3380,2,1,0,1,0,70,0,0
16,24001216,6,1,0,56.9333,19,3380,2,1,0,1,0,70,0,0
16,24001316,3,1,1,14.1,6,1020,1,1,0,1,115,0,0,0
16,24001316,3,2,1,14.2,6,1020,1,1,0,1,115,0,0,0
16,24001316,3,3,1,14.1,6,1020,1,1,0,1,115,0,0,0
16,24001316,3,4,1,14.2,6,1020,1,1,0,1,115,0,0,0
16,24001316,6,1,1,55.5,19,3230,1,1,0,1,9,0,0,0
16,24001316,6,2,1,55.5,19,3230,1,1,0,1,9,0,0,0
16,24001316,6,3,1,55.5,19,3230,1,1,0,1,9,0,0,0
16,24001316,6,4,1,55.5,19,3230,1,1,0,1,9,0,0,0
16,24001316,9,1,1,15.6,5,880,2,2,0,1,115,0,0,0
16,24001316,9,2,1,16.8,6,1080,2,2,0,1,115,0,0,0
16,24001316,9,3,1,15.6,5,880,2,2,0,1,115,0,0,0
16,24001316,12,1,1,30.9,10,1850,2,2,0,1,73,0,0,0
16,24001316,12,2,1,30.9,10,1850,2,2,0,1,73,0,0,0
16,24001316,12,3,1,30.9,10,1850,2,2,0,1,73,0,0,0
16,24001416,3,1,1,12.7,4,681,1,1,0,1,115,0,0,0
16,24001416,3,2,1,24.6333,8,1360,1,1,0,1,101,0,0,0
16,24001416,3,3,1,12.7,4,681,1,1,0,1,115,0,0,0
16,24001416,3,4,1,24.6333,8,1360,1,1,0,1,101,0,0,0
16,24001416,6,1,1,31.5,11,1870,1,1,0,1,73,0,0,0
16,24001416,6,2,1,31.5,11,1870,1,1,0,1,73,0,0,0
16,24001416,6,3,1,31.5,11,1870,1,1,0,1,73,0,0,0
16,24001416,6,4,1,31.5,11,1870,1,1,0,1,73,0,0,0
16,24001416,9,1,1,16.3,7,1280,2,2,0,1,115,0,0,0
16,24001416,9,2,1,19.2,7,1250,2,2,0,1,115,0,0,0
16,24001416,9,3,1,16.3,7,1280,2,2,0,1,115,0,0,0
16,24001416,12,1,1,22.2,10,1820,2,2,0,1,89,0,0,0
16,24001416,12,2,1,22.2,10,1820,2,2,0,1,89,0,0,0
16,24001416,12,3,1,22.2,10,1820,2,2,0,1,89,0,0,0
16,24001516,3,1,1,23.8,8,1360,1,1,0,1,101,0,0,0
16,24001516,3,2,1,20.3,7,1190,1,1,0,1,115,0,0,0
16,24001516,3,3,1,23.8,8,1360,1,1,0,1,101,0,0,0
16,24001516,3,4,1,20.3,7,1190,1,1,0,1,115,0,0,0
16,24001516,6,1,0,57.0333,19,3230,1,1,0,1,0,34,0,0
16,24001516,6,1,0,57.0333,19,3230,1,1,0,1,0,34,0,0
16,24001516,6,1,0,57.0333,19,3230,1,1,0,1,0,34,0,0
16,24001516,6,1,0,57.0333,19,3230,1,1,0,1,0,34,0,0
16,24001516,6,1,0,57.0333,19,3230,1,1,0,1,0,34,0,0
16,24001516,6,1,0,57.0333,19,3230,1,1,0,1,0,34,0,0
16,24001516,6,1,0,57.0333,19,3230,1,1,0,1,0,34,0,0
16,24001516,6,1,0,57.0333,19,3230,1,1,0,1,0,34,0,0
16,24001516,6,1,0,57.0333,19,3230,1,1,0,1,0,34,0,0
16,24001516,6,1,0,57.0333,19,3230,1,1,0,1,0,34,0,0
16,24001516,6,1,0,57.0333,19,3230,1,1,0,1,0,34,0,0
16,24001516,6,1,0,57.0333,19,3230,1,1,0,1,0,34,0,0
16,24001516,6,1,0,56.9333,20,3520,2,1,0,1,0,16,0,0
16,24001516,6,1,0,56.9333,20,3520,2,1,0,1,0,16,0,0
16,24001516,6,1,0,56.9333,20,3520,2,1,0,1,0,16,0,0
16,24001516,6,1,0,56.9333,20,3520,2,1,0,1,0,16,0,0
16,24001616,3,1,1,13.4,5,850,1,1,0,1,115,0,0,0
16,24001616,3,2,1,11.4,5,850,1,1,0,1,115,0,0,0
16,24001616,3,3,1,13.4,5,850,1,1,0,1,115,0,0,0
16,24001616,3,4,1,11.4,5,850,1,1,0,1,115,0,0,0
16,24001616,6,1,0,56.9333,19,3230,1,1,0,1,0,70,0,0
16,24001616,6,1,0,56.9333,19,3230,1,1,0,1,0,70,0,0
16,24001616,6,1,0,56.9333,19,3230,1,1,0,1,0,70,0,0
16,24001616,6,1,0,56.9333,19,3230,1,1,0,1,0,70,0,0
16,24001616,6,1,0,56.9333,19,3230,1,1,0,1,0,70,0,0
16,24001616,6,1,0,56.9333,19,3230,1,1,0,1,0,70,0,0
16,24001616,6,1,0,56.9333,19,3230,1,1,0,1,0,70,0,0
16,24001616,6,1,0,56.9333,19,3230,1,1,0,1,0,70,0,0
16,24001616,6,1,0,56.9333,19,3230,1,1,0,1,0,70,0,0
16,24001616,6,1,0,56.9333,19,3230,1,1,0,1,0,70,0,0
16,24001616,6,1,0,56.9333,19,3230,1,1,0,1,0,70,0,0
16,24001616,6,1,0,56.9333,19,3230,1,1,0,1,0,70,0,0
16,24001616,6,1,1,18.8,8,1450,2,1,0,1,67,0,0,0
16,24001616,6,2,1,18.8,8,1450,2,1,0,1,67,0,0,0
16,24001616,6,3,1,18.8,8,1450,2,1,0,1,67,0,0,0
16,24001616,6,4,1,18.8,8,1450,2,1,0,1,67,0,0,0
16,24001616,9,1,1,15.6,6,1050,2,2,0,1,115,0,0,0
16,24001616,9,2,1,17.2,5,880,2,2,0,1,115,0,0,0
16,24001616,9,3,1,15.6,6,1050,2,2,0,1,115,0,0,0
16,24001616,12,1,1,29,10,1820,2,2,0,1,73,0,0,0
16,24001616,12,2,1,29,10,1820,2,2,0,1,73,0,0,0
16,24001616,12,3,1,29,10,1820,2,2,0,1,73,0,0,0
16,24001716,3,1,1,11.9,5,850,1,1,0,1,115,0,0,0
16,24001716,3,2,1,14.1,6,1020,1,1,0,1,115,0,0,0
16,24001716,3,3,1,11.9,5,850,1,1,0,1,115,0,0,0
16,24001716,3,4,1,14.1,6,1020,1,1,0,1,115,0,0,0
16,24001716,6,1,1,45,16,2720,1,1,0,1,25,0,0,0
16,24001716,6,2,1,45,16,2720,1,1,0,1,25,0,0,0
16,24001716,6,3,1,45,16,2720,1,1,0,1,25,0,0,0
16,24001716,6,4,1,45,16,2720,1,1,0,1,25,0,0,0
16,24001716,9,1,1,15.5,5,880,2,2,0,1,115,0,0,0
16,24001716,9,2,1,16.8,6,1089,2,2,0,1,115,0,0,0
16,24001716,9,3,1,15.5,5,880,2,2,0,1,115,0,0,0
16,24001716,12,1,1,33.7,12,2220,2,2,0,1,57,0,0,0
16,24001716,12,2,1,33.7,12,2220,2,2,0,1,57,0,0,0
16,24001716,12,3,1,33.7,12,2220,2,2,0,1,57,0,0,0
16,24001816,3,1,1,13.6,5,850,1,1,0,1,115,0,0,0
16,24001816,3,2,1,15.6,7,1190,1,1,0,1,115,0,0,0
16,24001816,3,3,1,13.6,5,850,1,1,0,1,115,0,0,0
16,24001816,3,4,1,15.6,7,1190,1,1,0,1,115,0,0,0
16,24001816,6,1,1,16.5,7,1190,1,1,0,1,67,0,0,0
16,24001816,6,2,1,16.5,7,1190,1,1,0,1,67,0,0,0
16,24001816,6,3,1,16.5,7,1190,1,1,0,1,67,0,0,0
16,24001816,6,4,1,16.5,7,1190,1,1,0,1,67,0,0,0
16,24001816,9,1,1,15,6,1050,2,2,0,1,115,0,0,0
16,24001816,9,2,1,13.1,5,880,2,2,0,1,115,0,0,0
16,24001816,9,3,1,15,6,1050,2,2,0,1,115,0,0,0
16,24001816,12,1,1,38.2,14,2590,2,2,0,1,57,0,0,0
16,24001816,12,2,1,38.2,14,2590,2,2,0,1,57,0,0,0
16,24001816,12,3,1,38.2,14,2590,2,2,0,1,57,0,0,0
16,24001916,3,1,1,18.1,4,689,1,1,0,1,115,0,0,0
16,24001916,3,2,1,17.5,7,1190,1,1,0,1,115,0,0,0
16,24001916,3,3,1,18.1,4,689,1,1,0,1,115,0,0,0
16,24001916,3,4,1,17.5,7,1190,1,1,0,1,115,0,0,0
16,24001916,6,1,1,33,12,2040,1,1,0,1,57,0,0,0
16,24001916,6,2,1,33,12,2040,1,1,0,1,57,0,0,0
16,24001916,6,3,1,33,12,2040,1,1,0,1,57,0,0,0
16,24001916,6,4,1,33,12,2040,1,1,0,1,57,0,0,0
16,24001916,9,1,1,18.1,7,1280,2,2,0,1,115,0,0,0
16,24001916,9,2,1,17.8,7,1250,2,2,0,1,83,0,0,0
16,24001916,9,3,1,18.1,7,1280,2,2,0,1,115,0,0,0
16,24001916,12,1,1,33.6,13,2390,2,2,0,1,57,0,0,0
16,24001916,12,2,1,33.6,13,2390,2,2,0,1,57,0,0,0
16,24001916,12,3,1,33.6,13,2390,2,2,0,1,57,0,0,0
16,24002016,3,1,1,16.2,5,850,1,1,0,1,115,0,0,0
16,24002016,3,2,1,24.6,7,1190,1,1,0,1,101,0,0,0
16,24002016,3,3,1,16.2,5,850,1,1,0,1,115,0,0,0
16,24002016,3,4,1,24.6,7,1190,1,1,0,1,101,0,0,0
16,24002016,6,1,1,37.5,14,2380,1,1,0,1,57,0,0,0
16,24002016,6,2,1,37.5,14,2380,1,1,0,1,57,0,0,0
16,24002016,6,3,1,37.5,14,2380,1,1,0,1,57,0,0,0
16,24002016,6,4,1,37.5,14,2380,1,1,0,1,57,0,0,0
16,24002016,9,1,1,15.4,6,1080,2,2,0,1,99,0,0,0
16,24002016,9,2,1,15.5,7,1280,2,2,0,1,99,0,0,0
16,24002016,9,3,1,15.4,6,1080,2,2,0,1,99,0,0,0
16,24002016,12,1,1,33.4,13,2396,2,2,0,1,57,0,22,0
16,24002016,12,2,1,33.4,13,2396,2,2,0,1,57,0,22,0
16,24002016,12,3,1,33.4,13,2396,2,2,0,1,57,0,22,0
16,24002116,3,1,1,18.6333,5,850,1,1,0,1,115,0,0,0
16,24002116,3,2,1,21.6,6,1020,1,1,0,1,115,0,0,0
16,24002116,3,3,1,18.6333,5,850,1,1,0,1,115,0,0,0
16,24002116,3,4,1,21.6,6,1020,1,1,0,1,115,0,0,0
16,24002116,6,1,0,56.9333,12,2040,1,1,0,1,0,97,0,0
16,24002116,6,1,0,56.9333,12,2040,1,1,0,1,0,97,0,0
16,24002116,6,1,0,56.9333,12,2040,1,1,0,1,0,97,0,0
16,24002116,6,1,0,56.9333,12,2040,1,1,0,1,0,97,0,0
16,24002116,6,1,0,56.9333,12,2040,1,1,0,1,0,97,0,0
16,24002116,6,1,0,56.9333,12,2040,1,1,0,1,0,97,0,0
16,24002116,6,1,0,56.9333,12,2040,1,1,0,1,0,97,0,0
16,24002116,6,1,0,56.9333,12,2040,1,1,0,1,0,97,0,0
16,24002116,6,1,0,56.9333,12,2040,1,1,0,1,0,97,0,0
16,24002116,6,1,0,56.9333,12,2040,1,1,0,1,0,97,0,0
16,24002116,6,1,0,56.9333,12,2040,1,1,0,1,0,97,0,0
16,24002116,6,1,0,56.9333,12,2040,1,1,0,1,0,97,0,0
16,24002116,6,1,0,56.9333,16,2960,2,1,0,1,0,70,0,0
16,24002116,6,1,0,56.9333,16,2960,2,1,0,1,0,70,0,0
16,24002116,6,1,0,56.9333,16,2960,2,1,0,1,0,70,0,0
16,24002116,6,1,0,56.9333,16,2960,2,1,0,1,0,70,0,0
16,24002216,3,1,1,17.1,6,1024,1,1,0,1,115,0,0,0
16,24002216,3,2,1,17.1,6,1020,1,1,0,1,115,0,0,0
16,24002216,3,3,1,17.1,6,1024,1,1,0,1,115,0,0,0
16,24002216,3,4,1,17.1,6,1020,1,1,0,1,115,0,0,0
16,24002216,6,1,1,31.5,11,1870,1,1,0,1,73,0,0,0
16,24002216,6,2,1,31.5,11,1870,1,1,0,1,73,0,0,0
16,24002216,6,3,1,31.5,11,1870,1,1,0,1,73,0,0,0
16,24002216,6,4,1,31.5,11,1870,1,1,0,1,73,0,0,0
16,24002216,9,1,1,15.5,6,1080,2,2,0,1,115,0,0,0
16,24002216,9,2,1,15.6,6,1050,2,2,0,1,99,0,0,0
16,24002216,9,3,1,15.5,6,1080,2,2,0,1,115,0,0,0
16,24002216,12,1,1,33.7,13,2390,2,2,0,1,57,0,0,0
16,24002216,12,2,1,33.7,13,2390,2,2,0,1,57,0,0,0
16,24002216,12,3,1,33.7,13,2390,2,2,0,1,57,0,0,0
16,24002316,3,1,1,17.4,6,1020,1,1,0,1,115,0,0,0
16,24002316,3,2,1,12.6,5,850,1,1,0,1,115,0,0,0
16,24002316,3,3,1,17.4,6,1020,1,1,0,1,115,0,0,0
16,24002316,3,4,1,12.6,5,850,1,1,0,1,115,0,0,0
16,24002316,6,1,0,56.9333,13,2210,1,1,0,1,0,52,0,0
16,24002316,6,1,0,56.9333,13,2210,1,1,0,1,0,52,0,0
16,24002316,6,1,0,56.9333,13,2210,1,1,0,1,0,52,0,0
16,24002316,6,1,0,56.9333,13,2210,1,1,0,1,0,52,0,0
16,24002316,6,1,0,56.9333,13,2210,1,1,0,1,0,52,0,0
16,24002316,6,1,0,56.9333,13,2210,1,1,0,1,0,52,0,0
16,24002316,6,1,0,56.9333,13,2210,1,1,0,1,0,52,0,0
16,24002316,6,1,0,56.9333,13,2210,1,1,0,1,0,52,0,0
16,24002316,6,1,0,56.9333,13,2210,1,1,0,1,0,52,0,0
16,24002316,6,1,0,56.9333,13,2210,1,1,0,1,0,52,0,0
16,24002316,6,1,0,56.9333,13,2210,1,1,0,1,0,52,0,0
16,24002316,6,1,0,56.9333,13,2210,1,1,0,1,0,52,0,0
16,24002316,6,1,0,56.9333,16,3020,2,1,0,1,0,115,0,0
16,24002316,6,1,0,56.9333,16,3020,2,1,0,1,0,115,0,0
16,24002316,6,1,0,56.9333,16,3020,2,1,0,1,0,115,0,0
16,24002316,6,1,0,56.9333,16,3020,2,1,0,1,0,115,0,0
6,24000006,3,1,1,22.4333,8,1360,1,1,0,1,131,0,0,0
6,24000006,3,2,1,21.6,8,1360,1,1,0,1,131,0,0,0
6,24000006,3,3,1,22.4333,8,1360,1,1,0,1,131,0,0,0
6,24000006,3,4,1,21.6,8,1360,1,1,0,1,131,0,0,0
6,24000006,6,1,0,62.9333,15,2550,1,1,0,1,0,92,0,0
6,24000006,6,1,0,62.9333,15,2550,1,1,0,1,0,92,0,0
6,24000006,6,1,0,62.9333,15,2550,1,1,0,1,0,92,0,0
6,24000006,6,1,0,62.9333,15,2550,1,1,0,1,0,92,0,0
6,24000006,6,1,0,62.9333,15,2550,1,1,0,1,0,92,0,0
6,24000006,6,1,0,62.9333,15,2550,1,1,0,1,0,92,0,0
6,24000006,6,1,0,62.9333,15,2550,1,1,0,1,0,92,0,0
6,24000006,6,1,0,62.9333,15,2550,1,1,0,1,0,92,0,0
6,24000006,6,1,0,62.9333,15,2550,1,1,0,1,0,92,0,0
6,24000006,6,1,0,62.9333,15,2550,1,1,0,1,0,92,0,0
6,24000006,6,1,0,62.9333,15,2550,1,1,0,1,0,92,0,0
6,24000006,6,1,0,62.9333,15,2550,1,1,0,1,0,92,0,0
6,24000006,6,1,0,62.9333,19,3560,2,1,0,1,0,124,0,0
6,24000006,6,1,0,62.9333,19,3560,2,1,0,1,0,124,0,0
6,24000006,6,1,0,62.9333,19,3560,2,1,0,1,0,124,0,0
6,24000006,6,1,0,62.9333,19,3560,2,1,0,1,0,124,0,0
6,24000106,3,1,1,20,8,1360,1,1,0,1,131,0,0,0
6,24000106,3,2,1,24.6,8,1360,1,1,0,1,131,0,0,0
6,24000106,3,3,1,20,8,1360,1,1,0,1,131,0,0,0
6,24000106,3,4,1,24.6,8,1360,1,1,0,1,131,0,0,0
6,24000106,6,1,0,62.9333,15,2550,1,1,0,1,0,108,0,0
6,24000106,6,1,0,62.9333,15,2550,1,1,0,1,0,108,0,0
6,24000106,6,1,0,62.9333,15,2550,1,1,0,1,0,108,0,0
6,24000106,6,1,0,62.9333,15,2550,1,1,0,1,0,108,0,0
6,24000106,6,1,0,62.9333,15,2550,1,1,0,1,0,108,0,0
6,24000106,6,1,0,62.9333,15,2550,1,1,0,1,0,108,0,0
6,24000106,6,1,0,62.9333,15,2550,1,1,0,1,0,108,0,0
6,24000106,6,1,0,62.9333,15,2550,1,1,0,1,0,108,0,0
6,24000106,6,1,0,62.9333,15,2550,1,1,0,1,0,108,0,0
6,24000106,6,1,0,62.9333,15,2550,1,1,0,1,0,108,0,0
6,24000106,6,1,0,62.9333,15,2550,1,1,0,1,0,108,0,0
6,24000106,6,1,0,62.9333,15,2550,1,1,0,1,0,108,0,0
6,24000106,6,1,0,62.9333,19,3530,2,1,0,1,0,124,0,0
6,24000106,6,1,0,62.9333,19,3530,2,1,0,1,0,124,0,0
6,24000106,6,1,0,62.9333,19,3530,2,1,0,1,0,124,0,0
6,24000106,6,1,0,62.9333,19,3530,2,1,0,1,0,124,0,0
6,24000206,3,1,1,21.6,7,1190,1,1,0,1,117,0,0,0
6,24000206,3,2,1,22.1,8,1360,1,1,0,1,131,0,0,0
6,24000206,3,3,1,21.6,7,1190,1,1,0,1,117,0,0,0
6,24000206,3,4,1,22.1,8,1360,1,1,0,1,131,0,0,0
6,24000206,6,1,0,62.9333,14,2380,1,1,0,1,0,108,0,0
6,24000206,6,1,0,62.9333,14,2380,1,1,0,1,0,108,0,0
6,24000206,6,1,0,62.9333,14,2380,1,1,0,1,0,108,0,0
6,24000206,6,1,0,62.9333,14,2380,1,1,0,1,0,108,0,0
6,24000206,6,1,0,62.9333,14,2380,1,1,0,1,0,108,0,0
6,24000206,6,1,0,62.9333,14,2380,1,1,0,1,0,108,0,0
6,24000206,6,1,0,62.9333,14,2380,1,1,0,1,0,108,0,0
6,24000206,6,1,0,62.9333,14,2380,1,1,0,1,0,108,0,0
6,24000206,6,1,0,62.9333,14,2380,1,1,0,1,0,108,0,0
6,24000206,6,1,0,62.9333,14,2380,1,1,0,1,0,108,0,0
6,24000206,6,1,0,62.9333,14,2380,1,1,0,1,0,108,0,0
6,24000206,6,1,0,62.9333,14,2380,1,1,0,1,0,108,0,0
6,24000206,6,1,0,62.9333,20,3670,2,1,0,1,0,108,0,0
6,24000206,6,1,0,62.9333,20,3670,2,1,0,1,0,108,0,0
6,24000206,6,1,0,62.9333,20,3670,2,1,0,1,0,108,0,0
6,24000206,6,1,0,62.9333,20,3670,2,1,0,1,0,108,0,0
6,24000306,3,1,1,90,15,2550,1,1,0,3,117,5,0,0
6,24000306,3,2,1,27.6,8,1360,1,1,0,1,117,0,0,0
6,24000306,3,3,1,90,15,2550,1,1,0,3,117,5,0,0
6,24000306,3,4,1,27.6,8,1360,1,1,0,1,117,0,0,0
6,24000306,6,1,0,62.9333,11,1870,1,1,0,1,0,108,0,0
6,24000306,6,1,0,62.9333,11,1870,1,1,0,1,0,108,0,0
6,24000306,6,1,0,62.9333,11,1870,1,1,0,1,0,108,0,0
6,24000306,6,1,0,62.9333,11,1870,1,1,0,1,0,108,0,0
6,24000306,6,1,0,62.9333,11,1870,1,1,0,1,0,108,0,0
6,24000306,6,1,0,62.9333,11,1870,1,1,0,1,0,108,0,0
6,24000306,6,1,0,62.9333,11,1870,1,1,0,1,0,108,0,0
6,24000306,6,1,0,62.9333,11,1870,1,1,0,1,0,108,0,0
6,24000306,6,1,0,62.9333,11,1870,1,1,0,1,0,108,0,0
6,24000306,6,1,0,62.9333,11,1870,1,1,0,1,0,108,0,0
6,24000306,6,1,0,62.9333,11,1870,1,1,0,1,0,108,0,0
6,24000306,6,1,0,62.9333,11,1870,1,1,0,1,0,108,0,0
6,24000306,6,1,0,62.9333,13,2540,2,1,0,1,0,124,0,0
6,24000306,6,1,0,62.9333,13,2540,2,1,0,1,0,124,0,0
6,24000306,6,1,0,62.9333,13,2540,2,1,0,1,0,124,0,0
6,24000306,6,1,0,62.9333,13,2540,2,1,0,1,0,124,0,0
6,24000406,3,1,1,27.8333,10,1700,1,1,0,1,131,0,0,0
6,24000406,3,2,1,27.1,9,1530,1,1,0,1,131,0,0,0
6,24000406,3,3,1,27.8333,10,1700,1,1,0,1,131,0,0,0
6,24000406,3,4,1,27.1,9,1530,1,1,0,1,131,0,0,0
6,24000406,6,1,0,63.0333,16,2720,1,1,0,1,0,92,0,0
6,24000406,6,1,0,63.0333,16,2720,1,1,0,1,0,92,0,0
6,24000406,6,1,0,63.0333,16,2720,1,1,0,1,0,92,0,0
6,24000406,6,1,0,63.0333,16,2720,1,1,0,1,0,92,0,0
6,24000406,6,1,0,63.0333,16,2720,1,1,0,1,0,92,0,0
6,24000406,6,1,0,63.0333,16,2720,1,1,0,1,0,92,0,0
6,24000406,6,1,0,63.0333,16,2720,1,1,0,1,0,92,0,0
6,24000406,6,1,0,63.0333,16,2720,1,1,0,1,0,92,0,0
6,24000406,6,1,0,63.0333,16,2720,1,1,0,1,0,92,0,0
6,24000406,6,1,0,63.0333,16,2720,1,1,0,1,0,92,0,0
6,24000406,6,1,0,63.0333,16,2720,1,1,0,1,0,92,0,0
6,24000406,6,1,0,63.0333,16,2720,1,1,0,1,0,92,0,0
6,24000406,6,1,0,62.9333,19,3530,2,1,0,1,0,108,0,0
6,24000406,6,1,0,62.9333,19,3530,2,1,0,1,0,108,0,0
6,24000406,6,1,0,62.9333,19,3530,2,1,0,1,0,108,0,0
6,24000406,6,1,0,62.9333,19,3530,2,1,0,1,0,108,0,0
6,24000506,3,1,1,31.3,11,1870,1,1,0,1,117,0,0,0
6,24000506,3,2,1,22.1,8,1360,1,1,0,1,131,0,0,0
6,24000506,3,3,1,31.3,11,1870,1,1,0,1,117,0,0,0
6,24000506,3,4,1,22.1,8,1360,1,1,0,1,131,0,0,0
6,24000506,6,1,0,62.9333,14,2380,1,1,0,1,0,108,0,0
6,24000506,6,1,0,62.9333,14,2380,1,1,0,1,0,108,0,0
6,24000506,6,1,0,62.9333,14,2380,1,1,0,1,0,108,0,0
6,24000506,6,1,0,62.9333,14,2380,1,1,0,1,0,108,0,0
6,24000506,6,1,0,62.9333,14,2380,1,1,0,1,0,108,0,0
6,24000506,6,1,0,62.9333,14,2380,1,1,0,1,0,108,0,0
6,24000506,6,1,0,62.9333,14,2380,1,1,0,1,0,108,0,0
6,24000506,6,1,0,62.9333,14,2380,1,1,0,1,0,108,0,0
6,24000506,6,1,0,62.9333,14,2380,1,1,0,1,0,108,0,0
6,24000506,6,1,0,62.9333,14,2380,1,1,0,1,0,108,0,0
6,24000506,6,1,0,62.9333,14,2380,1,1,0,1,0,108,0,0
6,24000506,6,1,0,62.9333,14,2380,1,1,0,1,0,108,0,0
6,24000506,6,1,0,62.9333,20,3670,2,1,0,1,0,108,0,0
6,24000506,6,1,0,62.9333,20,3670,2,1,0,1,0,108,0,0
6,24000506,6,1,0,62.9333,20,3670,2,1,0,1,0,108,0,0
6,24000506,6,1,0,62.9333,20,3670,2,1,0,1,0,108,0,0
6,24000606,3,1,1,27.1,10,1700,1,1,0,1,117,0,0,0
6,24000606,3,2,1,26,9,1530,1,1,0,1,131,0,0,0
6,24000606,3,3,1,27.1,10,1700,1,1,0,1,117,0,0,0
6,24000606,3,4,1,26,9,1530,1,1,0,1,131,0,0,0
6,24000606,6,1,0,63.0333,17,2890,1,1,0,1,0,92,0,0
6,24000606,6,1,0,63.0333,17,2890,1,1,0,1,0,92,0,0
6,24000606,6,1,0,63.0333,17,2890,1,1,0,1,0,92,0,0
6,24000606,6,1,0,63.0333,17,2890,1,1,0,1,0,92,0,0
6,24000606,6,1,0,63.0333,17,2890,1,1,0,1,0,92,0,0
6,24000606,6,1,0,63.0333,17,2890,1,1,0,1,0,92,0,0
6,24000606,6,1,0,63.0333,17,2890,1,1,0,1,0,92,0,0
6,24000606,6,1,0,63.0333,17,2890,1,1,0,1,0,92,0,0
6,24000606,6,1,0,63.0333,17,2890,1,1,0,1,0,92,0,0
6,24000606,6,1,0,63.0333,17,2890,1,1,0,1,0,92,0,0
6,24000606,6,1,0,63.0333,17,2890,1,1,0,1,0,92,0,0
6,24000606,6,1,0,63.0333,17,2890,1,1,0,1,0,92,0,0
6,24000606,6,1,0,62.9333,18,3391,2,1,0,1,0,124,0,0
6,24000606,6,1,0,62.9333,18,3391,2,1,0,1,0,124,0,0
6,24000606,6,1,0,62.9333,18,3391,2,1,0,1,0,124,0,0
6,24000606,6,1,0,62.9333,18,3391,2,1,0,1,0,124,0,0
6,24000706,3,1,1,24.3,9,1530,1,1,0,1,131,0,0,0
6,24000706,3,2,1,19.4,8,1360,1,1,0,1,117,0,0,0
6,24000706,3,3,1,24.3,9,1530,1,1,0,1,131,0,0,0
6,24000706,3,4,1,19.4,8,1360,1,1,0,1,117,0,0,0
6,24000706,6,1,0,63.0333,16,2720,1,1,0,1,0,92,0,0
6,24000706,6,1,0,63.0333,16,2720,1,1,0,1,0,92,0,0
6,24000706,6,1,0,63.0333,16,2720,1,1,0,1,0,92,0,0
6,24000706,6,1,0,63.0333,16,2720,1,1,0,1,0,92,0,0
6,24000706,6,1,0,63.0333,16,2720,1,1,0,1,0,92,0,0
6,24000706,6,1,0,63.0333,16,2720,1,1,0,1,0,92,0,0
6,24000706,6,1,0,63.0333,16,2720,1,1,0,1,0,92,0,0
6,24000706,6,1,0,63.0333,16,2720,1,1,0,1,0,92,0,0
6,24000706,6,1,0,63.0333,16,2720,1,1,0,1,0,92,0,0
6,24000706,6,1,0,63.0333,16,2720,1,1,0,1,0,92,0,0
6,24000706,6,1,0,63.0333,16,2720,1,1,0,1,0,92,0,0
6,24000706,6,1,0,63.0333,16,2720,1,1,0,1,0,92,0,0
6,24000706,6,1,0,62.9333,19,3560,2,1,0,1,0,108,0,0
6,24000706,6,1,0,62.9333,19,3560,2,1,0,1,0,108,0,0
6,24000706,6,1,0,62.9333,19,3560,2,1,0,1,0,108,0,0
6,24000706,6,1,0,62.9333,19,3560,2,1,0,1,0,108,0,0
6,24000806,3,1,1,41.7,11,1870,1,1,0,1,103,0,0,0
6,24000806,3,2,1,36.6,10,1708,1,1,0,1,117,0,0,0
6,24000806,3,3,1,41.7,11,1870,1,1,0,1,103,0,0,0
6,24000806,3,4,1,36.6,10,1708,1,1,0,1,117,0,0,0
6,24000806,6,1,0,62.9333,12,2040,1,1,0,1,0,108,0,0
6,24000806,6,1,0,62.9333,12,2040,1,1,0,1,0,108,0,0
6,24000806,6,1,0,62.9333,12,2040,1,1,0,1,0,108,0,0
6,24000806,6,1,0,62.9333,12,2040,1,1,0,1,0,108,0,0
6,24000806,6,1,0,62.9333,12,2040,1,1,0,1,0,108,0,0
6,24000806,6,1,0,62.9333,12,2040,1,1,0,1,0,108,0,0
6,24000806,6,1,0,62.9333,12,2040,1,1,0,1,0,108,0,0
6,24000806,6,1,0,62.9333,12,2040,1,1,0,1,0,108,0,0
6,24000806,6,1,0,62.9333,12,2040,1,1,0,1,0,108,0,0
6,24000806,6,1,0,62.9333,12,2040,1,1,0,1,0,108,0,0
6,24000806,6,1,0,62.9333,12,2040,1,1,0,1,0,108,0,0
6,24000806,6,1,0,62.9333,12,2040,1,1,0,1,0,108,0,0
6,24000806,6,1,0,62.9333,15,2880,2,1,0,1,0,124,0,0
6,24000806,6,1,0,62.9333,15,2880,2,1,0,1,0,124,0,0
6,24000806,6,1,0,62.9333,15,2880,2,1,0,1,0,124,0,0
6,24000806,6,1,0,62.9333,15,2880,2,1,0,1,0,124,0,0
6,24000906,3,1,0,57.8,18,3060,1,1,0,1,0,21,0,0
6,24000906,3,1,0,57.8,18,3060,1,1,0,1,0,21,0,0
6,24000906,3,1,0,57.8,18,3060,1,1,0,1,0,21,0,0
6,24000906,3,1,0,57.8,18,3060,1,1,0,1,0,21,0,0
6,24000906,3,1,0,57.8,18,3060,1,1,0,1,0,21,0,0
6,24000906,3,1,0,57.8,18,3060,1,1,0,1,0,21,0,0
6,24000906,3,1,0,57.8,18,3060,1,1,0,1,0,21,0,0
6,24000906,3,1,0,57.8,18,3060,1,1,0,1,0,21,0,0
6,24000906,3,1,0,57.8,18,3060,1,1,0,1,0,21,0,0
6,24000906,3,1,0,57.8,18,3060,1,1,0,1,0,21,0,0
6,24000906,3,1,0,57.8,18,3060,1,1,0,1,0,21,0,0
6,24000906,3,1,0,57.8,18,3060,1,1,0,1,0,21,0,0
6,24000906,3,1,0,57.8,18,3060,1,1,0,1,0,21,0,0
6,24000906,3,1,0,57.8,18,3060,1,1,0,1,0,21,0,0
6,24000906,3,1,0,57.8,18,3060,1,1,0,1,0,21,0,0
6,24000906,3,1,0,57.8,18,3060,1,1,0,1,0,21,0,0
6,24001006,3,1,1,69.6333,12,2040,1,1,0,1,89,0,0,0
6,24001006,3,2,1,69.6333,16,2720,1,1,0,1,117,0,0,0
6,24001006,3,3,1,69.6333,12,2040,1,1,0,1,89,0,0,0
6,24001006,3,4,1,69.6333,16,2720,1,1,0,1,117,0,0,0
6,24001006,6,1,0,62.9333,11,1870,1,1,0,1,0,108,0,0
6,24001006,6,1,0,62.9333,11,1870,1,1,0,1,0,108,0,0
6,24001006,6,1,0,62.9333,11,1870,1,1,0,1,0,108,0,0
6,24001006,6,1,0,62.9333,11,1870,1,1,0,1,0,108,0,0
6,24001006,6,1,0,62.9333,11,1870,1,1,0,1,0,108,0,0
6,24001006,6,1,0,62.9333,11,1870,1,1,0,1,0,108,0,0
6,24001006,6,1,0,62.9333,11,1870,1,1,0,1,0,108,0,0
6,24001006,6,1,0,62.9333,11,1870,1,1,0,1,0,108,0,0
6,24001006,6,1,0,62.9333,11,1870,1,1,0,1,0,108,0,0
6,24001006,6,1,0,62.9333,11,1870,1,1,0,1,0,108,0,0
6,24001006,6,1,0,62.9333,11,1870,1,1,0,1,0,108,0,0
6,24001006,6,1,0,62.9333,11,1870,1,1,0,1,0,108,0,0
6,24001006,6,1,0,62.9333,14,2680,2,1,0,1,0,124,0,0
6,24001006,6,1,0,62.9333,14,2680,2,1,0,1,0,124,0,0
6,24001006,6,1,0,62.9333,14,2680,2,1,0,1,0,124,0,0
6,24001006,6,1,0,62.9333,14,2680,2,1,0,1,0,124,0,0
6,24001106,3,1,0,60.7333,13,2210,1,1,0,1,0,69,0,0
6,24001106,3,1,0,60.7333,13,2210,1,1,0,1,0,69,0,0
6,24001106,3,1,0,60.7333,13,2210,1,1,0,1,0,69,0,0
6,24001106,3,1,0,60.7333,13,2210,1,1,0,1,0,69,0,0
6,24001106,3,1,0,60.7333,13,2210,1,1,0,1,0,69,0,0
6,24001106,3,1,0,60.7333,13,2210,1,1,0,1,0,69,0,0
6,24001106,3,1,0,60.7333,13,2210,1,1,0,1,0,69,0,0
6,24001106,3,1,0,60.7333,13,2210,1,1,0,1,0,69,0,0
6,24001106,3,1,0,60.7333,13,2210,1,1,0,1,0,69,0,0
6,24001106,3,1,0,60.7333,13,2210,1,1,0,1,0,69,0,0
6,24001106,3,1,0,60.7333,13,2210,1,1,0,1,0,69,0,0
6,24001106,3,1,0,60.7333,13,2210,1,1,0,1,0,69,0,0
6,24001106,3,1,0,60.7333,13,2210,1,1,0,1,0,69,0,0
6,24001106,3,1,0,60.7333,13,2210,1,1,0,1,0,69,0,0
6,24001106,3,1,0,60.7333,13,2210,1,1,0,1,0,69,0,0
6,24001106,3,1,0,60.7333,13,2210,1,1,0,1,0,69,0,0
6,24001206,3,1,1,39.3,14,2380,1,1,0,1,62,0,0,0
6,24001206,3,2,1,27.6667,8,1360,1,1,0,1,89,0,0,0
6,24001206,3,3,1,39.3,14,2380,1,1,0,1,62,0,0,0
6,24001206,3,4,1,27.6667,8,1360,1,1,0,1,89,0,0,0
6,24001206,6,1,0,63.0333,17,2890,1,1,0,1,0,92,0,0
6,24001206,6,1,0,63.0333,17,2890,1,1,0,1,0,92,0,0
6,24001206,6,1,0,63.0333,17,2890,1,1,0,1,0,92,0,0
6,24001206,6,1,0,63.0333,17,2890,1,1,0,1,0,92,0,0
6,24001206,6,1,0,63.0333,17,2890,1,1,0,1,0,92,0,0
6,24001206,6,1,0,63.0333,17,2890,1,1,0,1,0,92,0,0
6,24001206,6,1,0,63.0333,17,2890,1,1,0,1,0,92,0,0
6,24001206,6,1,0,63.0333,17,2890,1,1,0,1,0,92,0,0
6,24001206,6,1,0,63.0333,17,2890,1,1,0,1,0,92,0,0
6,24001206,6,1,0,63.0333,17,2890,1,1,0,1,0,92,0,0
6,24001206,6,1,0,63.0333,17,2890,1,1,0,1,0,92,0,0
6,24001206,6,1,0,63.0333,17,2890,1,1,0,1,0,92,0,0
6,24001206,6,1,0,62.9333,21,3870,2,1,0,1,0,28,0,0
6,24001206,6,1,0,62.9333,21,3870,2,1,0,1,0,28,0,0
6,24001206,6,1,0,62.9333,21,3870,2,1,0,1,0,28,0,0
6,24001206,6,1,0,62.9333,21,3870,2,1,0,1,0,28,0,0
6,24001306,3,1,1,28.1333,11,1870,1,1,0,1,131,0,0,0
6,24001306,3,2,1,25.9,10,1700,1,1,0,1,131,0,0,0
6,24001306,3,3,1,28.1333,11,1870,1,1,0,1,131,0,0,0
6,24001306,3,4,1,25.9,10,1700,1,1,0,1,131,0,0,0
6,24001306,6,1,0,63.0333,18,3060,1,1,0,1,0,92,0,0
6,24001306,6,1,0,63.0333,18,3060,1,1,0,1,0,92,0,0
6,24001306,6,1,0,63.0333,18,3060,1,1,0,1,0,92,0,0
6,24001306,6,1,0,63.0333,18,3060,1,1,0,1,0,92,0,0
6,24001306,6,1,0,63.0333,18,3060,1,1,0,1,0,92,0,0
6,24001306,6,1,0,63.0333,18,3060,1,1,0,1,0,92,0,0
6,24001306,6,1,0,63.0333,18,3060,1,1,0,1,0,92,0,0
6,24001306,6,1,0,63.0333,18,3060,1,1,0,1,0,92,0,0
6,24001306,6,1,0,63.0333,18,3060,1,1,0,1,0,92,0,0
6,24001306,6,1,0,63.0333,18,3060,1,1,0,1,0,92,0,0
6,24001306,6,1,0,63.0333,18,3060,1,1,0,1,0,92,0,0
6,24001306,6,1,0,63.0333,18,3060,1,1,0,1,0,92,0,0
6,24001306,6,1,0,62.9333,17,3220,2,1,0,1,0,124,0,0
6,24001306,6,1,0,62.9333,17,3220,2,1,0,1,0,124,0,0
6,24001306,6,1,0,62.9333,17,3220,2,1,0,1,0,124,0,0
6,24001306,6,1,0,62.9333,17,3220,2,1,0,1,0,124,0,0
6,24001406,3,1,1,18.6,7,1190,1,1,0,1,131,0,0,0
6,24001406,3,2,0,48.6333,16,2720,1,1,0,1,0,53,0,0
6,24001406,3,2,0,48.6333,16,2720,1,1,0,1,0,53,0,0
6,24001406,3,2,0,48.6333,16,2720,1,1,0,1,0,53,0,0
6,24001406,3,2,0,48.6333,16,2720,1,1,0,1,0,53,0,0
6,24001406,3,2,0,48.6333,16,2720,1,1,0,1,0,53,0,0
6,24001406,3,2,0,48.6333,16,2720,1,1,0,1,0,53,0,0
6,24001406,3,2,0,48.6333,16,2720,1,1,0,1,0,53,0,0
6,24001406,3,2,0,48.6333,16,2720,1,1,0,1,0,53,0,0
6,24001406,3,2,0,48.6333,16,2720,1,1,0,1,0,53,0,0
6,24001406,3,2,0,48.6333,16,2720,1,1,0,1,0,53,0,0
6,24001406,3,2,0,48.6333,16,2720,1,1,0,1,0,53,0,0
6,24001406,3,2,0,48.6333,16,2720,1,1,0,1,0,53,0,0
6,24001406,3,2,0,48.6333,16,2720,1,1,0,1,0,53,0,0
6,24001406,3,2,0,48.6333,16,2720,1,1,0,1,0,53,0,0
6,24001406,3,2,0,48.6333,16,2720,1,1,0,1,0,53,0,0
6,24001506,3,1,1,21.6667,8,1360,1,1,0,1,131,0,0,0
6,24001506,3,2,1,24.2,9,1530,1,1,0,1,131,0,0,0
6,24001506,3,3,1,21.6667,8,1360,1,1,0,1,131,0,0,0
6,24001506,3,4,1,24.2,9,1530,1,1,0,1,131,0,0,0
6,24001506,6,1,0,63.0333,19,3230,1,1,0,1,0,92,0,0
6,24001506,6,1,0,63.0333,19,3230,1,1,0,1,0,92,0,0
6,24001506,6,1,0,63.0333,19,3230,1,1,0,1,0,92,0,0
6,24001506,6,1,0,63.0333,19,3230,1,1,0,1,0,92,0,0
6,24001506,6,1,0,63.0333,19,3230,1,1,0,1,0,92,0,0
6,24001506,6,1,0,63.0333,19,3230,1,1,0,1,0,92,0,0
6,24001506,6,1,0,63.0333,19,3230,1,1,0,1,0,92,0,0
6,24001506,6,1,0,63.0333,19,3230,1,1,0,1,0,92,0,0
6,24001506,6,1,0,63.0333,19,3230,1,1,0,1,0,92,0,0
6,24001506,6,1,0,63.0333,19,3230,1,1,0,1,0,92,0,0
6,24001506,6,1,0,63.0333,19,3230,1,1,0,1,0,92,0,0
6,24001506,6,1,0,63.0333,19,3230,1,1,0,1,0,92,0,0
6,24001506,6,1,0,62.9333,18,3390,2,1,0,1,0,124,0,0
6,24001506,6,1,0,62.9333,18,3390,2,1,0,1,0,124,0,0
6,24001506,6,1,0,62.9333,18,3390,2,1,0,1,0,124,0,0
6,24001506,6,1,0,62.9333,18,3390,2,1,0,1,0,124,0,0
6,24001606,3,1,1,21.6,8,1360,1,1,0,1,131,0,0,0
6,24001606,3,2,1,21.6,8,1360,1,1,0,1,131,0,0,0
6,24001606,3,3,1,21.6,8,1360,1,1,0,1,131,0,0,0
6,24001606,3,4,1,21.6,8,1360,1,1,0,1,131,0,0,0
6,24001606,6,1,0,62.9333,17,2890,1,1,0,1,0,92,0,0
6,24001606,6,1,0,62.9333,17,2890,1,1,0,1,0,92,0,0
6,24001606,6,1,0,62.9333,17,2890,1,1,0,1,0,92,0,0
6,24001606,6,1,0,62.9333,17,2890,1,1,0,1,0,92,0,0
6,24001606,6,1,0,62.9333,17,2890,1,1,0,1,0,92,0,0
6,24001606,6,1,0,62.9333,17,2890,1,1,0,1,0,92,0,0
6,24001606,6,1,0,62.9333,17,2890,1,1,0,1,0,92,0,0
6,24001606,6,1,0,62.9333,17,2890,1,1,0,1,0,92,0,0
6,24001606,6,1,0,62.9333,17,2890,1,1,0,1,0,92,0,0
6,24001606,6,1,0,62.9333,17,2890,1,1,0,1,0,92,0,0
6,24001606,6,1,0,62.9333,17,2890,1,1,0,1,0,92,0,0
6,24001606,6,1,0,62.9333,17,2890,1,1,0,1,0,92,0,0
6,24001606,6,1,0,62.9333,20,3700,2,1,0,1,0,108,0,0
6,24001606,6,1,0,62.9333,20,3700,2,1,0,1,0,108,0,0
6,24001606,6,1,0,62.9333,20,3700,2,1,0,1,0,108,0,0
6,24001606,6,1,0,62.9333,20,3700,2,1,0,1,0,108,0,0
6,24001706,3,1,1,39.1,9,1530,1,1,0,1,117,0,0,0
6,24001706,3,2,1,42.6,11,1873,1,1,0,1,131,0,0,0
6,24001706,3,3,1,39.1,9,1530,1,1,0,1,117,0,0,0
6,24001706,3,4,1,42.6,11,1873,1,1,0,1,131,0,0,0
6,24001706,6,1,0,62.9333,11,1870,1,1,0,1,0,108,0,0
6,24001706,6,1,0,62.9333,11,1870,1,1,0,1,0,108,0,0
6,24001706,6,1,0,62.9333,11,1870,1,1,0,1,0,108,0,0
6,24001706,6,1,0,62.9333,11,1870,1,1,0,1,0,108,0,0
6,24001706,6,1,0,62.9333,11,1870,1,1,0,1,0,108,0,0
6,24001706,6,1,0,62.9333,11,1870,1,1,0,1,0,108,0,0
6,24001706,6,1,0,62.9333,11,1870,1,1,0,1,0,108,0,0
6,24001706,6,1,0,62.9333,11,1870,1,1,0,1,0,108,0,0
6,24001706,6,1,0,62.9333,11,1870,1,1,0,1,0,108,0,0
6,24001706,6,1,0,62.9333,11,1870,1,1,0,1,0,108,0,0
6,24001706,6,1,0,62.9333,11,1870,1,1,0,1,0,108,0,0
6,24001706,6,1,0,62.9333,11,1870,1,1,0,1,0,108,0,0
6,24001706,6,1,0,62.9333,14,2710,2,1,0,1,0,124,0,0
6,24001706,6,1,0,62.9333,14,2710,2,1,0,1,0,124,0,0
6,24001706,6,1,0,62.9333,14,2710,2,1,0,1,0,124,0,0
6,24001706,6,1,0,62.9333,14,2710,2,1,0,1,0,124,0,0
6,24001806,3,1,1,25.1333,9,1530,1,1,0,1,117,0,0,0
6,24001806,3,2,1,29,10,1700,1,1,0,1,131,0,0,0
6,24001806,3,3,1,25.1333,9,1530,1,1,0,1,117,0,0,0
6,24001806,3,4,1,29,10,1700,1,1,0,1,131,0,0,0
6,24001806,6,1,0,63.0333,18,3060,1,1,0,1,0,92,0,0
6,24001806,6,1,0,63.0333,18,3060,1,1,0,1,0,92,0,0
6,24001806,6,1,0,63.0333,18,3060,1,1,0,1,0,92,0,0
6,24001806,6,1,0,63.0333,18,3060,1,1,0,1,0,92,0,0
6,24001806,6,1,0,63.0333,18,3060,1,1,0,1,0,92,0,0
6,24001806,6,1,0,63.0333,18,3060,1,1,0,1,0,92,0,0
6,24001806,6,1,0,63.0333,18,3060,1,1,0,1,0,92,0,0
6,24001806,6,1,0,63.0333,18,3060,1,1,0,1,0,92,0,0
6,24001806,6,1,0,63.0333,18,3060,1,1,0,1,0,92,0,0
6,24001806,6,1,0,63.0333,18,3060,1,1,0,1,0,92,0,0
6,24001806,6,1,0,63.0333,18,3060,1,1,0,1,0,92,0,0
6,24001806,6,1,0,63.0333,18,3060,1,1,0,1,0,92,0,0
6,24001806,6,1,0,62.9333,16,3050,2,1,0,1,0,124,0,0
6,24001806,6,1,0,62.9333,16,3050,2,1,0,1,0,124,0,0
6,24001806,6,1,0,62.9333,16,3050,2,1,0,1,0,124,0,0
6,24001806,6,1,0,62.9333,16,3050,2,1,0,1,0,124,0,0
6,24001906,3,1,1,21.4,8,1360,1,1,0,1,131,0,0,0
6,24001906,3,2,1,54.0333,20,3400,1,1,0,1,6,0,0,0
6,24001906,3,3,1,21.4,8,1360,1,1,0,1,131,0,0,0
6,24001906,3,4,1,54.0333,20,3400,1,1,0,1,6,0,0,0
6,24001906,6,1,0,62.9333,17,2890,1,1,0,1,0,92,0,0
6,24001906,6,1,0,62.9333,17,2890,1,1,0,1,0,92,0,0
6,24001906,6,1,0,62.9333,17,2890,1,1,0,1,0,92,0,0
6,24001906,6,1,0,62.9333,17,2890,1,1,0,1,0,92,0,0
6,24001906,6,1,0,62.9333,17,2890,1,1,0,1,0,92,0,0
6,24001906,6,1,0,62.9333,17,2890,1,1,0,1,0,92,0,0
6,24001906,6,1,0,62.9333,17,2890,1,1,0,1,0,92,0,0
6,24001906,6,1,0,62.9333,17,2890,1,1,0,1,0,92,0,0
6,24001906,6,1,0,62.9333,17,2890,1,1,0,1,0,92,0,0
6,24001906,6,1,0,62.9333,17,2890,1,1,0,1,0,92,0,0
6,24001906,6,1,0,62.9333,17,2890,1,1,0,1,0,92,0,0
6,24001906,6,1,0,62.9333,17,2890,1,1,0,1,0,92,0,0
6,24001906,6,1,0,62.9333,21,3815,2,1,0,1,0,12,0,0
6,24001906,6,1,0,62.9333,21,3815,2,1,0,1,0,12,0,0
6,24001906,6,1,0,62.9333,21,3815,2,1,0,1,0,12,0,0
6,24001906,6,1,0,62.9333,21,3815,2,1,0,1,0,12,0,0
6,24002006,3,1,1,36.6,12,2040,1,1,0,1,89,0,0,0
6,24002006,3,2,1,39.6,13,2210,1,1,0,1,75,0,0,0
6,24002006,3,3,1,36.6,12,2040,1,1,0,1,89,0,0,0
6,24002006,3,4,1,39.6,13,2210,1,1,0,1,75,0,0,0
6,24002006,6,1,0,63.0333,17,2890,1,1,0,1,0,92,0,0
6,24002006,6,1,0,63.0333,17,2890,1,1,0,1,0,92,0,0
6,24002006,6,1,0,63.0333,17,2890,1,1,0,1,0,92,0,0
6,24002006,6,1,0,63.0333,17,2890,1,1,0,1,0,92,0,0
6,24002006,6,1,0,63.0333,17,2890,1,1,0,1,0,92,0,0
6,24002006,6,1,0,63.0333,17,2890,1,1,0,1,0,92,0,0
6,24002006,6,1,0,63.0333,17,2890,1,1,0,1,0,92,0,0
6,24002006,6,1,0,63.0333,17,2890,1,1,0,1,0,92,0,0
6,24002006,6,1,0,63.0333,17,2890,1,1,0,1,0,92,0,0
6,24002006,6,1,0,63.0333,17,2890,1,1,0,1,0,92,0,0
6,24002006,6,1,0,63.0333,17,2890,1,1,0,1,0,92,0,0
6,24002006,6,1,0,63.0333,17,2890,1,1,0,1,0,92,0,0
6,24002006,6,1,0,62.9333,21,3840,2,1,0,1,0,44,0,0
6,24002006,6,1,0,62.9333,21,3840,2,1,0,1,0,44,0,0
6,24002006,6,1,0,62.9333,21,3840,2,1,0,1,0,44,0,0
6,24002006,6,1,0,62.9333,21,3840,2,1,0,1,0,44,0,0
6,24002106,3,1,1,23.5,9,1530,1,1,0,1,131,0,0,0
6,24002106,3,2,1,33.6,12,2040,1,1,0,1,131,0,0,0
6,24002106,3,3,1,23.5,9,1530,1,1,0,1,131,0,0,0
6,24002106,3,4,1,33.6,12,2040,1,1,0,1,131,0,0,0
6,24002106,6,1,0,63.0333,18,3060,1,1,0,1,0,92,0,0
6,24002106,6,1,0,63.0333,18,3060,1,1,0,1,0,92,0,0
6,24002106,6,1,0,63.0333,18,3060,1,1,0,1,0,92,0,0
6,24002106,6,1,0,63.0333,18,3060,1,1,0,1,0,92,0,0
6,24002106,6,1,0,63.0333,18,3060,1,1,0,1,0,92,0,0
6,24002106,6,1,0,63.0333,18,3060,1,1,0,1,0,92,0,0
6,24002106,6,1,0,63.0333,18,3060,1,1,0,1,0,92,0,0
6,24002106,6,1,0,63.0333,18,3060,1,1,0,1,0,92,0,0
6,24002106,6,1,0,63.0333,18,3060,1,1,0,1,0,92,0,0
6,24002106,6,1,0,63.0333,18,3060,1,1,0,1,0,92,0,0
6,24002106,6,1,0,63.0333,18,3060,1,1,0,1,0,92,0,0
6,24002106,6,1,0,63.0333,18,3060,1,1,0,1,0,92,0,0
6,24002106,6,1,0,62.9333,17,3221,2,1,0,1,0,124,0,0
6,24002106,6,1,0,62.9333,17,3221,2,1,0,1,0,124,0,0
6,24002106,6,1,0,62.9333,17,3221,2,1,0,1,0,124,0,0
6,24002106,6,1,0,62.9333,17,3221,2,1,0,1,0,124,0,0
6,24002206,3,1,1,24.6,8,1360,1,1,0,1,117,0,0,0
6,24002206,3,2,1,21.8,8,1360,1,1,0,1,131,0,0,0
6,24002206,3,3,1,24.6,8,1360,1,1,0,1,117,0,0,0
6,24002206,3,4,1,21.8,8,1360,1,1,0,1,131,0,0,0
6,24002206,6,1,0,62.9333,17,2890,1,1,0,1,0,92,0,0
6,24002206,6,1,0,62.9333,17,2890,1,1,0,1,0,92,0,0
6,24002206,6,1,0,62.9333,17,2890,1,1,0,1,0,92,0,0
6,24002206,6,1,0,62.9333,17,2890,1,1,0,1,0,92,0,0
6,24002206,6,1,0,62.9333,17,2890,1,1,0,1,0,92,0,0
6,24002206,6,1,0,62.9333,17,2890,1,1,0,1,0,92,0,0
6,24002206,6,1,0,62.9333,17,2890,1,1,0,1,0,92,0,0
6,24002206,6,1,0,62.9333,17,2890,1,1,0,1,0,92,0,0
6,24002206,6,1,0,62.9333,17,2890,1,1,0,1,0,92,0,0
6,24002206,6,1,0,62.9333,17,2890,1,1,0,1,0,92,0,0
6,24002206,6,1,0,62.9333,17,2890,1,1,0,1,0,92,0,0
6,24002206,6,1,0,62.9333,17,2890,1,1,0,1,0,92,0,0
6,24002206,6,1,0,62.9333,22,3983,2,1,0,1,0,12,0,0
6,24002206,6,1,0,62.9333,22,3983,2,1,0,1,0,12,0,0
6,24002206,6,1,0,62.9333,22,3983,2,1,0,1,0,12,0,0
6,24002206,6,1,0,62.9333,22,3983,2,1,0,1,0,12,0,0
6,24002306,3,1,1,45.6,10,1701,1,1,0,1,131,0,0,0
6,24002306,3,2,1,60.6,14,2384,1,1,0,1,103,0,0,0
6,24002306,3,3,1,45.6,10,1701,1,1,0,1,131,0,0,0
6,24002306,3,4,1,60.6,14,2384,1,1,0,1,103,0,0,0
6,24002306,6,1,0,62.9333,12,2040,1,1,0,1,0,108,0,0
6,24002306,6,1,0,62.9333,12,2040,1,1,0,1,0,108,0,0
6,24002306,6,1,0,62.9333,12,2040,1,1,0,1,0,108,0,0
6,24002306,6,1,0,62.9333,12,2040,1,1,0,1,0,108,0,0
6,24002306,6,1,0,62.9333,12,2040,1,1,0,1,0,108,0,0
6,24002306,6,1,0,62.9333,12,2040,1,1,0,1,0,108,0,0
6,24002306,6,1,0,62.9333,12,2040,1,1,0,1,0,108,0,0
6,24002306,6,1,0,62.9333,12,2040,1,1,0,1,0,108,0,0
6,24002306,6,1,0,62.9333,12,2040,1,1,0,1,0,108,0,0
6,24002306,6,1,0,62.9333,12,2040,1,1,0,1,0,108,0,0
6,24002306,6,1,0,62.9333,12,2040,1,1,0,1,0,108,0,0
6,24002306,6,1,0,62.9333,12,2040,1,1,0,1,0,108,0,0
6,24002306,6,1,0,62.9333,14,2710,2,1,0,1,0,124,0,0
6,24002306,6,1,0,62.9333,14,2710,2,1,0,1,0,124,0,0
6,24002306,6,1,0,62.9333,14,2710,2,1,0,1,0,124,0,0
6,24002306,6,1,0,62.9333,14,2710,2,1,0,1,0,124,0,0
35,24000035,3,1,1,39.6,9,1530,1,1,0,1,64,0,0,0
35,24000035,3,2,1,24.6,8,1360,1,1,0,1,87,0,0,0
35,24000035,3,3,1,39.6,9,1530,1,1,0,1,64,0,0,0
35,24000035,3,4,1,24.6,8,1360,1,1,0,1,87,0,0,0
35,24000035,6,1,0,50.9333,11,1870,1,1,0,1,0,96,0,0
35,24000035,6,1,0,50.9333,11,1870,1,1,0,1,0,96,0,0
35,24000035,6,1,0,50.9333,11,1870,1,1,0,1,0,96,0,0
35,24000035,6,1,0,50.9333,11,1870,1,1,0,1,0,96,0,0
35,24000035,6,1,0,50.9333,11,1870,1,1,0,1,0,96,0,0
35,24000035,6,1,0,50.9333,11,1870,1,1,0,1,0,96,0,0
35,24000035,6,1,0,50.9333,11,1870,1,1,0,1,0,96,0,0
35,24000035,6,1,0,50.9333,11,1870,1,1,0,1,0,96,0,0
35,24000035,6,1,0,50.9333,11,1870,1,1,0,1,0,96,0,0
35,24000035,6,1,0,50.9333,11,1870,1,1,0,1,0,96,0,0
35,24000035,6,1,0,50.9333,11,1870,1,1,0,1,0,96,0,0
35,24000035,6,1,0,50.9333,11,1870,1,1,0,1,0,96,0,0
35,24000035,6,1,0,50.9333,11,2140,2,1,0,1,0,124,0,0
35,24000035,6,1,0,50.9333,11,2140,2,1,0,1,0,124,0,0
35,24000035,6,1,0,50.9333,11,2140,2,1,0,1,0,124,0,0
35,24000035,6,1,0,50.9333,11,2140,2,1,0,1,0,124,0,0
35,24000135,3,1,1,25.1,8,1365,1,1,0,1,78,0,0,0
35,24000135,3,2,1,22.2,8,1360,1,1,0,1,59,0,0,0
35,24000135,3,3,1,25.1,8,1365,1,1,0,1,78,0,0,0
35,24000135,3,4,1,22.2,8,1360,1,1,0,1,59,0,0,0
35,24000135,6,1,0,50.9333,17,2890,1,1,0,1,0,68,0,0
35,24000135,6,1,0,50.9333,17,2890,1,1,0,1,0,68,0,0
35,24000135,6,1,0,50.9333,17,2890,1,1,0,1,0,68,0,0
35,24000135,6,1,0,50.9333,17,2890,1,1,0,1,0,68,0,0
35,24000135,6,1,0,50.9333,17,2890,1,1,0,1,0,68,0,0
35,24000135,6,1,0,50.9333,17,2890,1,1,0,1,0,68,0,0
35,24000135,6,1,0,50.9333,17,2890,1,1,0,1,0,68,0,0
35,24000135,6,1,0,50.9333,17,2890,1,1,0,1,0,68,0,0
35,24000135,6,1,0,50.9333,17,2890,1,1,0,1,0,68,0,0
35,24000135,6,1,0,50.9333,17,2890,1,1,0,1,0,68,0,0
35,24000135,6,1,0,50.9333,17,2890,1,1,0,1,0,68,0,0
35,24000135,6,1,0,50.9333,17,2890,1,1,0,1,0,68,0,0
35,24000135,6,1,0,50.9333,17,3160,2,1,0,1,0,110,0,0
35,24000135,6,1,0,50.9333,17,3160,2,1,0,1,0,110,0,0
35,24000135,6,1,0,50.9333,17,3160,2,1,0,1,0,110,0,0
35,24000135,6,1,0,50.9333,17,3160,2,1,0,1,0,110,0,0
35,24000235,3,1,1,25.3667,8,1360,1,1,0,1,73,0,0,0
35,24000235,3,2,1,20.1,8,1368,1,1,0,1,73,0,0,0
35,24000235,3,3,1,25.3667,8,1360,1,1,0,1,73,0,0,0
35,24000235,3,4,1,20.1,8,1368,1,1,0,1,73,0,0,0
35,24000235,6,1,0,50.9333,13,2210,1,1,0,1,0,82,0,0
35,24000235,6,1,0,50.9333,13,2210,1,1,0,1,0,82,0,0
35,24000235,6,1,0,50.9333,13,2210,1,1,0,1,0,82,0,0
35,24000235,6,1,0,50.9333,13,2210,1,1,0,1,0,82,0,0
35,24000235,6,1,0,50.9333,13,2210,1,1,0,1,0,82,0,0
35,24000235,6,1,0,50.9333,13,2210,1,1,0,1,0,82,0,0
35,24000235,6,1,0,50.9333,13,2210,1,1,0,1,0,82,0,0
35,24000235,6,1,0,50.9333,13,2210,1,1,0,1,0,82,0,0
35,24000235,6,1,0,50.9333,13,2210,1,1,0,1,0,82,0,0
35,24000235,6,1,0,50.9333,13,2210,1,1,0,1,0,82,0,0
35,24000235,6,1,0,50.9333,13,2210,1,1,0,1,0,82,0,0
35,24000235,6,1,0,50.9333,13,2210,1,1,0,1,0,82,0,0
35,24000235,6,1,0,50.9333,15,2820,2,1,0,1,0,110,0,0
35,24000235,6,1,0,50.9333,15,2820,2,1,0,1,0,110,0,0
35,24000235,6,1,0,50.9333,15,2820,2,1,0,1,0,110,0,0
35,24000235,6,1,0,50.9333,15,2820,2,1,0,1,0,110,0,0
35,24000335,3,1,1,39.6,11,1897,1,1,0,1,101,0,0,0
35,24000335,3,2,1,20.1,9,1530,1,1,0,1,101,0,0,0
35,24000335,3,3,1,39.6,11,1897,1,1,0,1,101,0,0,0
35,24000335,3,4,1,20.1,9,1530,1,1,0,1,101,0,0,0
35,24000335,6,1,0,50.9333,17,2890,1,1,0,1,0,54,0,0
35,24000335,6,1,0,50.9333,17,2890,1,1,0,1,0,54,0,0
35,24000335,6,1,0,50.9333,17,2890,1,1,0,1,0,54,0,0
35,24000335,6,1,0,50.9333,17,2890,1,1,0,1,0,54,0,0
35,24000335,6,1,0,50.9333,17,2890,1,1,0,1,0,54,0,0
35,24000335,6,1,0,50.9333,17,2890,1,1,0,1,0,54,0,0
35,24000335,6,1,0,50.9333,17,2890,1,1,0,1,0,54,0,0
35,24000335,6,1,0,50.9333,17,2890,1,1,0,1,0,54,0,0
35,24000335,6,1,0,50.9333,17,2890,1,1,0,1,0,54,0,0
35,24000335,6,1,0,50.9333,17,2890,1,1,0,1,0,54,0,0
35,24000335,6,1,0,50.9333,17,2890,1,1,0,1,0,54,0,0
35,24000335,6,1,0,50.9333,17,2890,1,1,0,1,0,54,0,0
35,24000335,6,1,0,50.9333,18,3190,2,1,0,1,0,66,0,0
35,24000335,6,1,0,50.9333,18,3190,2,1,0,1,0,66,0,0
35,24000335,6,1,0,50.9333,18,3190,2,1,0,1,0,66,0,0
35,24000335,6,1,0,50.9333,18,3190,2,1,0,1,0,66,0,0
35,24000435,3,1,1,25,8,1361,1,1,0,1,59,0,0,0
35,24000435,3,2,1,23.1,9,1530,1,1,0,1,87,0,0,0
35,24000435,3,3,1,25,8,1361,1,1,0,1,59,0,0,0
35,24000435,3,4,1,23.1,9,1530,1,1,0,1,87,0,0,0
35,24000435,6,1,1,49.5,17,2890,1,1,0,1,6,0,0,0
35,24000435,6,2,1,49.5,17,2890,1,1,0,1,6,0,0,0
35,24000435,6,3,1,49.5,17,2890,1,1,0,1,6,0,0,0
35,24000435,6,4,1,49.5,17,2890,1,1,0,1,6,0,0,0
35,24000435,9,1,1,15.4333,8,1240,2,2,0,1,101,0,2,0
35,24000435,9,2,1,15.8,8,1290,2,2,0,1,101,0,0,0
35,24000435,9,3,1,15.4333,8,1240,2,2,0,1,101,0,2,0
35,24000435,12,1,1,34.1333,16,2390,2,2,0,1,38,0,56,0
35,24000435,12,2,1,34.1333,16,2390,2,2,0,1,38,0,56,0
35,24000435,12,3,1,34.1333,16,2390,2,2,0,1,38,0,56,0
35,24000535,3,1,1,29.1,10,1700,1,1,0,1,87,0,0,0
35,24000535,3,2,1,20.1,9,1530,1,1,0,1,101,0,0,0
35,24000535,3,3,1,29.1,10,1700,1,1,0,1,87,0,0,0
35,24000535,3,4,1,20.1,9,1530,1,1,0,1,101,0,0,0
35,24000535,6,1,0,50.9333,15,2550,1,1,0,1,0,68,0,0
35,24000535,6,1,0,50.9333,15,2550,1,1,0,1,0,68,0,0
35,24000535,6,1,0,50.9333,15,2550,1,1,0,1,0,68,0,0
35,24000535,6,1,0,50.9333,15,2550,1,1,0,1,0,68,0,0
35,24000535,6,1,0,50.9333,15,2550,1,1,0,1,0,68,0,0
35,24000535,6,1,0,50.9333,15,2550,1,1,0,1,0,68,0,0
35,24000535,6,1,0,50.9333,15,2550,1,1,0,1,0,68,0,0
35,24000535,6,1,0,50.9333,15,2550,1,1,0,1,0,68,0,0
35,24000535,6,1,0,50.9333,15,2550,1,1,0,1,0,68,0,0
35,24000535,6,1,0,50.9333,15,2550,1,1,0,1,0,68,0,0
35,24000535,6,1,0,50.9333,15,2550,1,1,0,1,0,68,0,0
35,24000535,6,1,0,50.9333,15,2550,1,1,0,1,0,68,0,0
35,24000535,6,1,0,50.9333,18,3190,2,1,0,1,0,80,0,0
35,24000535,6,1,0,50.9333,18,3190,2,1,0,1,0,80,0,0
35,24000535,6,1,0,50.9333,18,3190,2,1,0,1,0,80,0,0
35,24000535,6,1,0,50.9333,18,3190,2,1,0,1,0,80,0,0
35,24000635,3,1,1,36.6,8,1360,1,1,0,1,87,0,0,0
35,24000635,3,2,1,24.6,8,1360,1,1,0,1,87,0,0,0
35,24000635,3,3,1,36.6,8,1360,1,1,0,1,87,0,0,0
35,24000635,3,4,1,24.6,8,1360,1,1,0,1,87,0,0,0
35,24000635,6,1,0,50.9333,11,1870,1,1,0,1,0,96,0,0
35,24000635,6,1,0,50.9333,11,1870,1,1,0,1,0,96,0,0
35,24000635,6,1,0,50.9333,11,1870,1,1,0,1,0,96,0,0
35,24000635,6,1,0,50.9333,11,1870,1,1,0,1,0,96,0,0
35,24000635,6,1,0,50.9333,11,1870,1,1,0,1,0,96,0,0
35,24000635,6,1,0,50.9333,11,1870,1,1,0,1,0,96,0,0
35,24000635,6,1,0,50.9333,11,1870,1,1,0,1,0,96,0,0
35,24000635,6,1,0,50.9333,11,1870,1,1,0,1,0,96,0,0
35,24000635,6,1,0,50.9333,11,1870,1,1,0,1,0,96,0,0
35,24000635,6,1,0,50.9333,11,1870,1,1,0,1,0,96,0,0
35,24000635,6,1,0,50.9333,11,1870,1,1,0,1,0,96,0,0
35,24000635,6,1,0,50.9333,11,1870,1,1,0,1,0,96,0,0
35,24000635,6,1,0,50.9333,12,2310,2,1,0,1,0,110,0,0
35,24000635,6,1,0,50.9333,12,2310,2,1,0,1,0,110,0,0
35,24000635,6,1,0,50.9333,12,2310,2,1,0,1,0,110,0,0
35,24000635,6,1,0,50.9333,12,2310,2,1,0,1,0,110,0,0
35,24000735,3,1,1,20.1,8,1360,1,1,0,1,87,0,0,0
35,24000735,3,2,1,21.6,9,1530,1,1,0,1,101,0,0,0
35,24000735,3,3,1,20.1,8,1360,1,1,0,1,87,0,0,0
35,24000735,3,4,1,21.6,9,1530,1,1,0,1,101,0,0,0
35,24000735,6,1,0,50.9333,15,2550,1,1,0,1,0,82,0,0
35,24000735,6,1,0,50.9333,15,2550,1,1,0,1,0,82,0,0
35,24000735,6,1,0,50.9333,15,2550,1,1,0,1,0,82,0,0
35,24000735,6,1,0,50.9333,15,2550,1,1,0,1,0,82,0,0
35,24000735,6,1,0,50.9333,15,2550,1,1,0,1,0,82,0,0
35,24000735,6,1,0,50.9333,15,2550,1,1,0,1,0,82,0,0
35,24000735,6,1,0,50.9333,15,2550,1,1,0,1,0,82,0,0
35,24000735,6,1,0,50.9333,15,2550,1,1,0,1,0,82,0,0
35,24000735,6,1,0,50.9333,15,2550,1,1,0,1,0,82,0,0
35,24000735,6,1,0,50.9333,15,2550,1,1,0,1,0,82,0,0
35,24000735,6,1,0,50.9333,15,2550,1,1,0,1,0,82,0,0
35,24000735,6,1,0,50.9333,15,2550,1,1,0,1,0,82,0,0
35,24000735,6,1,0,50.9333,16,2990,2,1,0,1,0,96,0,0
35,24000735,6,1,0,50.9333,16,2990,2,1,0,1,0,96,0,0
35,24000735,6,1,0,50.9333,16,2990,2,1,0,1,0,96,0,0
35,24000735,6,1,0,50.9333,16,2990,2,1,0,1,0,96,0,0
35,24000835,3,1,1,21.6,9,1530,1,1,0,1,87,0,0,0
35,24000835,3,2,1,21.6,9,1530,1,1,0,1,87,0,0,0
35,24000835,3,3,1,21.6,9,1530,1,1,0,1,87,0,0,0
35,24000835,3,4,1,21.6,9,1530,1,1,0,1,87,0,0,0
35,24000835,6,1,0,50.9333,15,2550,1,1,0,1,0,82,0,0
35,24000835,6,1,0,50.9333,15,2550,1,1,0,1,0,82,0,0
35,24000835,6,1,0,50.9333,15,2550,1,1,0,1,0,82,0,0
35,24000835,6,1,0,50.9333,15,2550,1,1,0,1,0,82,0,0
35,24000835,6,1,0,50.9333,15,2550,1,1,0,1,0,82,0,0
35,24000835,6,1,0,50.9333,15,2550,1,1,0,1,0,82,0,0
35,24000835,6,1,0,50.9333,15,2550,1,1,0,1,0,82,0,0
35,24000835,6,1,0,50.9333,15,2550,1,1,0,1,0,82,0,0
35,24000835,6,1,0,50.9333,15,2550,1,1,0,1,0,82,0,0
35,24000835,6,1,0,50.9333,15,2550,1,1,0,1,0,82,0,0
35,24000835,6,1,0,50.9333,15,2550,1,1,0,1,0,82,0,0
35,24000835,6,1,0,50.9333,15,2550,1,1,0,1,0,82,0,0
35,24000835,6,1,0,50.9333,16,2990,2,1,0,1,0,82,0,0
35,24000835,6,1,0,50.9333,16,2990,2,1,0,1,0,82,0,0
35,24000835,6,1,0,50.9333,16,2990,2,1,0,1,0,82,0,0
35,24000835,6,1,0,50.9333,16,2990,2,1,0,1,0,82,0,0
35,24000935,3,1,1,19.7,9,1530,1,1,0,1,87,0,0,0
35,24000935,3,2,1,27.6333,10,1700,1,1,0,1,64,0,0,0
35,24000935,3,3,1,19.7,9,1530,1,1,0,1,87,0,0,0
35,24000935,3,4,1,27.6333,10,1700,1,1,0,1,64,0,0,0
35,24000935,6,1,0,50.9333,15,2550,1,1,0,1,0,82,0,0
35,24000935,6,1,0,50.9333,15,2550,1,1,0,1,0,82,0,0
35,24000935,6,1,0,50.9333,15,2550,1,1,0,1,0,82,0,0
35,24000935,6,1,0,50.9333,15,2550,1,1,0,1,0,82,0,0
35,24000935,6,1,0,50.9333,15,2550,1,1,0,1,0,82,0,0
35,24000935,6,1,0,50.9333,15,2550,1,1,0,1,0,82,0,0
35,24000935,6,1,0,50.9333,15,2550,1,1,0,1,0,82,0,0
35,24000935,6,1,0,50.9333,15,2550,1,1,0,1,0,82,0,0
35,24000935,6,1,0,50.9333,15,2550,1,1,0,1,0,82,0,0
35,24000935,6,1,0,50.9333,15,2550,1,1,0,1,0,82,0,0
35,24000935,6,1,0,50.9333,15,2550,1,1,0,1,0,82,0,0
35,24000935,6,1,0,50.9333,15,2550,1,1,0,1,0,82,0,0
35,24000935,6,1,0,50.9333,17,3160,2,1,0,1,0,68,0,0
35,24000935,6,1,0,50.9333,17,3160,2,1,0,1,0,68,0,0
35,24000935,6,1,0,50.9333,17,3160,2,1,0,1,0,68,0,0
35,24000935,6,1,0,50.9333,17,3160,2,1,0,1,0,68,0,0
35,24001035,3,1,1,27.6,8,1360,1,1,0,1,101,0,0,0
35,24001035,3,2,1,27.6,9,1536,1,1,0,1,101,0,0,0
35,24001035,3,3,1,27.6,8,1360,1,1,0,1,101,0,0,0
35,24001035,3,4,1,27.6,9,1536,1,1,0,1,101,0,0,0
35,24001035,6,1,0,50.9333,13,2210,1,1,0,1,0,96,0,0
35,24001035,6,1,0,50.9333,13,2210,1,1,0,1,0,96,0,0
35,24001035,6,1,0,50.9333,13,2210,1,1,0,1,0,96,0,0
35,24001035,6,1,0,50.9333,13,2210,1,1,0,1,0,96,0,0
35,24001035,6,1,0,50.9333,13,2210,1,1,0,1,0,96,0,0
35,24001035,6,1,0,50.9333,13,2210,1,1,0,1,0,96,0,0
35,24001035,6,1,0,50.9333,13,2210,1,1,0,1,0,96,0,0
35,24001035,6,1,0,50.9333,13,2210,1,1,0,1,0,96,0,0
35,24001035,6,1,0,50.9333,13,2210,1,1,0,1,0,96,0,0
35,24001035,6,1,0,50.9333,13,2210,1,1,0,1,0,96,0,0
35,24001035,6,1,0,50.9333,13,2210,1,1,0,1,0,96,0,0
35,24001035,6,1,0,50.9333,13,2210,1,1,0,1,0,96,0,0
35,24001035,6,1,0,50.9333,11,2140,2,1,0,1,0,124,0,0
35,24001035,6,1,0,50.9333,11,2140,2,1,0,1,0,124,0,0
35,24001035,6,1,0,50.9333,11,2140,2,1,0,1,0,124,0,0
35,24001035,6,1,0,50.9333,11,2140,2,1,0,1,0,124,0,0
35,24001135,3,1,1,33.8,13,2213,1,1,0,1,64,0,0,0
35,24001135,3,2,1,31.2,12,2046,1,1,0,1,50,0,0,0
35,24001135,3,3,1,33.8,13,2213,1,1,0,1,64,0,0,0
35,24001135,3,4,1,31.2,12,2046,1,1,0,1,50,0,0,0
35,24001135,6,1,0,50.9333,17,2890,1,1,0,1,0,26,0,0
35,24001135,6,1,0,50.9333,17,2890,1,1,0,1,0,26,0,0
35,24001135,6,1,0,50.9333,17,2890,1,1,0,1,0,26,0,0
35,24001135,6,1,0,50.9333,17,2890,1,1,0,1,0,26,0,0
35,24001135,6,1,0,50.9333,17,2890,1,1,0,1,0,26,0,0
35,24001135,6,1,0,50.9333,17,2890,1,1,0,1,0,26,0,0
35,24001135,6,1,0,50.9333,17,2890,1,1,0,1,0,26,0,0
35,24001135,6,1,0,50.9333,17,2890,1,1,0,1,0,26,0,0
35,24001135,6,1,0,50.9333,17,2890,1,1,0,1,0,26,0,0
35,24001135,6,1,0,50.9333,17,2890,1,1,0,1,0,26,0,0
35,24001135,6,1,0,50.9333,17,2890,1,1,0,1,0,26,0,0
35,24001135,6,1,0,50.9333,17,2890,1,1,0,1,0,26,0,0
35,24001135,6,1,1,49.5333,17,3019,2,1,0,1,6,0,0,0
35,24001135,6,2,1,49.5333,17,3019,2,1,0,1,6,0,0,0
35,24001135,6,3,1,49.5333,17,3019,2,1,0,1,6,0,0,0
35,24001135,6,4,1,49.5333,17,3019,2,1,0,1,6,0,0,0
35,24001135,9,1,1,13.1333,8,1240,2,2,0,1,69,0,1,0
35,24001135,9,2,1,14.7333,8,1190,2,2,0,1,85,0,0,0
35,24001135,9,3,1,13.1333,8,1240,2,2,0,1,69,0,1,0
35,24001135,12,1,1,26.9333,13,2010,2,2,0,1,54,0,0,0
35,24001135,12,2,1,26.9333,13,2010,2,2,0,1,54,0,0,0
35,24001135,12,3,1,26.9333,13,2010,2,2,0,1,54,0,0,0
35,24001235,3,1,1,31.9333,12,2046,1,1,0,1,64,0,0,0
35,24001235,3,2,1,21.6,9,1530,1,1,0,1,101,0,0,0
35,24001235,3,3,1,31.9333,12,2046,1,1,0,1,64,0,0,0
35,24001235,3,4,1,21.6,9,1530,1,1,0,1,101,0,0,0
35,24001235,6,1,0,50.9333,13,2210,1,1,0,1,0,96,0,0
35,24001235,6,1,0,50.9333,13,2210,1,1,0,1,0,96,0,0
35,24001235,6,1,0,50.9333,13,2210,1,1,0,1,0,96,0,0
35,24001235,6,1,0,50.9333,13,2210,1,1,0,1,0,96,0,0
35,24001235,6,1,0,50.9333,13,2210,1,1,0,1,0,96,0,0
35,24001235,6,1,0,50.9333,13,2210,1,1,0,1,0,96,0,0
35,24001235,6,1,0,50.9333,13,2210,1,1,0,1,0,96,0,0
35,24001235,6,1,0,50.9333,13,2210,1,1,0,1,0,96,0,0
35,24001235,6,1,0,50.9333,13,2210,1,1,0,1,0,96,0,0
35,24001235,6,1,0,50.9333,13,2210,1,1,0,1,0,96,0,0
35,24001235,6,1,0,50.9333,13,2210,1,1,0,1,0,96,0,0
35,24001235,6,1,0,50.9333,13,2210,1,1,0,1,0,96,0,0
35,24001235,6,1,0,50.9333,17,3160,2,1,0,1,0,40,0,0
35,24001235,6,1,0,50.9333,17,3160,2,1,0,1,0,40,0,0
35,24001235,6,1,0,50.9333,17,3160,2,1,0,1,0,40,0,0
35,24001235,6,1,0,50.9333,17,3160,2,1,0,1,0,40,0,0
35,24001335,3,1,1,26.9333,10,1700,1,1,0,1,78,0,0,0
35,24001335,3,2,1,30.5,11,1870,1,1,0,1,59,0,0,0
35,24001335,3,3,1,26.9333,10,1700,1,1,0,1,78,0,0,0
35,24001335,3,4,1,30.5,11,1870,1,1,0,1,59,0,0,0
35,24001335,6,1,0,50.9333,16,2720,1,1,0,1,0,82,0,0
35,24001335,6,1,0,50.9333,16,2720,1,1,0,1,0,82,0,0
35,24001335,6,1,0,50.9333,16,2720,1,1,0,1,0,82,0,0
35,24001335,6,1,0,50.9333,16,2720,1,1,0,1,0,82,0,0
35,24001335,6,1,0,50.9333,16,2720,1,1,0,1,0,82,0,0
35,24001335,6,1,0,50.9333,16,2720,1,1,0,1,0,82,0,0
35,24001335,6,1,0,50.9333,16,2720,1,1,0,1,0,82,0,0
35,24001335,6,1,0,50.9333,16,2720,1,1,0,1,0,82,0,0
35,24001335,6,1,0,50.9333,16,2720,1,1,0,1,0,82,0,0
35,24001335,6,1,0,50.9333,16,2720,1,1,0,1,0,82,0,0
35,24001335,6,1,0,50.9333,16,2720,1,1,0,1,0,82,0,0
35,24001335,6,1,0,50.9333,16,2720,1,1,0,1,0,82,0,0
35,24001335,6,1,0,44.9333,16,2960,2,1,0,1,0,96,0,0
35,24001335,6,1,0,44.9333,16,2960,2,1,0,1,0,96,0,0
35,24001335,6,1,0,44.9333,16,2960,2,1,0,1,0,96,0,0
35,24001335,6,1,0,44.9333,16,2960,2,1,0,1,0,96,0,0
35,24001435,3,1,1,21.6,9,1530,1,1,0,1,87,0,0,0
35,24001435,3,2,1,33.7,10,1700,1,1,0,1,73,0,0,0
35,24001435,3,3,1,21.6,9,1530,1,1,0,1,87,0,0,0
35,24001435,3,4,1,33.7,10,1700,1,1,0,1,73,0,0,0
35,24001435,6,1,0,50.9333,15,2550,1,1,0,1,0,82,0,0
35,24001435,6,1,0,50.9333,15,2550,1,1,0,1,0,82,0,0
35,24001435,6,1,0,50.9333,15,2550,1,1,0,1,0,82,0,0
35,24001435,6,1,0,50.9333,15,2550,1,1,0,1,0,82,0,0
35,24001435,6,1,0,50.9333,15,2550,1,1,0,1,0,82,0,0
35,24001435,6,1,0,50.9333,15,2550,1,1,0,1,0,82,0,0
35,24001435,6,1,0,50.9333,15,2550,1,1,0,1,0,82,0,0
35,24001435,6,1,0,50.9333,15,2550,1,1,0,1,0,82,0,0
35,24001435,6,1,0,50.9333,15,2550,1,1,0,1,0,82,0,0
35,24001435,6,1,0,50.9333,15,2550,1,1,0,1,0,82,0,0
35,24001435,6,1,0,50.9333,15,2550,1,1,0,1,0,82,0,0
35,24001435,6,1,0,50.9333,15,2550,1,1,0,1,0,82,0,0
35,24001435,6,1,0,50.9333,18,3330,2,1,0,1,0,82,0,0
35,24001435,6,1,0,50.9333,18,3330,2,1,0,1,0,82,0,0
35,24001435,6,1,0,50.9333,18,3330,2,1,0,1,0,82,0,0
35,24001435,6,1,0,50.9333,18,3330,2,1,0,1,0,82,0,0
35,24001535,3,1,1,23.5,8,1360,1,1,0,1,87,0,0,0
35,24001535,3,2,1,22.1,8,1360,1,1,0,1,59,0,0,0
35,24001535,3,3,1,23.5,8,1360,1,1,0,1,87,0,0,0
35,24001535,3,4,1,22.1,8,1360,1,1,0,1,59,0,0,0
35,24001535,6,1,0,50.9333,18,3060,1,1,0,1,0,40,0,0
35,24001535,6,1,0,50.9333,18,3060,1,1,0,1,0,40,0,0
35,24001535,6,1,0,50.9333,18,3060,1,1,0,1,0,40,0,0
35,24001535,6,1,0,50.9333,18,3060,1,1,0,1,0,40,0,0
35,24001535,6,1,0,50.9333,18,3060,1,1,0,1,0,40,0,0
35,24001535,6,1,0,50.9333,18,3060,1,1,0,1,0,40,0,0
35,24001535,6,1,0,50.9333,18,3060,1,1,0,1,0,40,0,0
35,24001535,6,1,0,50.9333,18,3060,1,1,0,1,0,40,0,0
35,24001535,6,1,0,50.9333,18,3060,1,1,0,1,0,40,0,0
35,24001535,6,1,0,50.9333,18,3060,1,1,0,1,0,40,0,0
35,24001535,6,1,0,50.9333,18,3060,1,1,0,1,0,40,0,0
35,24001535,6,1,0,50.9333,18,3060,1,1,0,1,0,40,0,0
35,24001535,6,1,0,50.9333,18,3300,2,1,0,1,0,110,0,0
35,24001535,6,1,0,50.9333,18,3300,2,1,0,1,0,110,0,0
35,24001535,6,1,0,50.9333,18,3300,2,1,0,1,0,110,0,0
35,24001535,6,1,0,50.9333,18,3300,2,1,0,1,0,110,0,0
35,24001635,3,1,1,20.4,9,1530,1,1,0,1,59,0,0,0
35,24001635,3,2,1,21.6,9,1530,1,1,0,1,101,0,0,0
35,24001635,3,3,1,20.4,9,1530,1,1,0,1,59,0,0,0
35,24001635,3,4,1,21.6,9,1530,1,1,0,1,101,0,0,0
35,24001635,6,1,0,50.9333,17,2890,1,1,0,1,0,40,0,0
35,24001635,6,1,0,50.9333,17,2890,1,1,0,1,0,40,0,0
35,24001635,6,1,0,50.9333,17,2890,1,1,0,1,0,40,0,0
35,24001635,6,1,0,50.9333,17,2890,1,1,0,1,0,40,0,0
35,24001635,6,1,0,50.9333,17,2890,1,1,0,1,0,40,0,0
35,24001635,6,1,0,50.9333,17,2890,1,1,0,1,0,40,0,0
35,24001635,6,1,0,50.9333,17,2890,1,1,0,1,0,40,0,0
35,24001635,6,1,0,50.9333,17,2890,1,1,0,1,0,40,0,0
35,24001635,6,1,0,50.9333,17,2890,1,1,0,1,0,40,0,0
35,24001635,6,1,0,50.9333,17,2890,1,1,0,1,0,40,0,0
35,24001635,6,1,0,50.9333,17,2890,1,1,0,1,0,40,0,0
35,24001635,6,1,0,50.9333,17,2890,1,1,0,1,0,40,0,0
35,24001635,6,1,0,50.9333,17,3160,2,1,0,1,0,110,0,0
35,24001635,6,1,0,50.9333,17,3160,2,1,0,1,0,110,0,0
35,24001635,6,1,0,50.9333,17,3160,2,1,0,1,0,110,0,0
35,24001635,6,1,0,50.9333,17,3160,2,1,0,1,0,110,0,0
35,24001735,3,1,1,20.1,9,1530,1,1,0,1,87,0,0,0
35,24001735,3,2,1,27.6,10,1700,1,1,0,1,87,0,0,0
35,24001735,3,3,1,20.1,9,1530,1,1,0,1,87,0,0,0
35,24001735,3,4,1,27.6,10,1700,1,1,0,1,87,0,0,0
35,24001735,6,1,0,50.9333,16,2720,1,1,0,1,0,96,0,0
35,24001735,6,1,0,50.9333,16,2720,1,1,0,1,0,96,0,0
35,24001735,6,1,0,50.9333,16,2720,1,1,0,1,0,96,0,0
35,24001735,6,1,0,50.9333,16,2720,1,1,0,1,0,96,0,0
35,24001735,6,1,0,50.9333,16,2720,1,1,0,1,0,96,0,0
35,24001735,6,1,0,50.9333,16,2720,1,1,0,1,0,96,0,0
35,24001735,6,1,0,50.9333,16,2720,1,1,0,1,0,96,0,0
35,24001735,6,1,0,50.9333,16,2720,1,1,0,1,0,96,0,0
35,24001735,6,1,0,50.9333,16,2720,1,1,0,1,0,96,0,0
35,24001735,6,1,0,50.9333,16,2720,1,1,0,1,0,96,0,0
35,24001735,6,1,0,50.9333,16,2720,1,1,0,1,0,96,0,0
35,24001735,6,1,0,50.9333,16,2720,1,1,0,1,0,96,0,0
35,24001735,6,1,0,50.9333,17,3160,2,1,0,1,0,110,0,0
35,24001735,6,1,0,50.9333,17,3160,2,1,0,1,0,110,0,0
35,24001735,6,1,0,50.9333,17,3160,2,1,0,1,0,110,0,0
35,24001735,6,1,0,50.9333,17,3160,2,1,0,1,0,110,0,0
35,24001835,3,1,1,23.1,9,1530,1,1,0,1,59,0,0,0
35,24001835,3,2,1,24.6,10,1700,1,1,0,1,101,0,0,0
35,24001835,3,3,1,23.1,9,1530,1,1,0,1,59,0,0,0
35,24001835,3,4,1,24.6,10,1700,1,1,0,1,101,0,0,0
35,24001835,6,1,0,50.9333,17,2890,1,1,0,1,0,26,0,0
35,24001835,6,1,0,50.9333,17,2890,1,1,0,1,0,26,0,0
35,24001835,6,1,0,50.9333,17,2890,1,1,0,1,0,26,0,0
35,24001835,6,1,0,50.9333,17,2890,1,1,0,1,0,26,0,0
35,24001835,6,1,0,50.9333,17,2890,1,1,0,1,0,26,0,0
35,24001835,6,1,0,50.9333,17,2890,1,1,0,1,0,26,0,0
35,24001835,6,1,0,50.9333,17,2890,1,1,0,1,0,26,0,0
35,24001835,6,1,0,50.9333,17,2890,1,1,0,1,0,26,0,0
35,24001835,6,1,0,50.9333,17,2890,1,1,0,1,0,26,0,0
35,24001835,6,1,0,50.9333,17,2890,1,1,0,1,0,26,0,0
35,24001835,6,1,0,50.9333,17,2890,1,1,0,1,0,26,0,0
35,24001835,6,1,0,50.9333,17,2890,1,1,0,1,0,26,0,0
35,24001835,6,1,0,50.9333,17,3160,2,1,0,1,0,110,0,0
35,24001835,6,1,0,50.9333,17,3160,2,1,0,1,0,110,0,0
35,24001835,6,1,0,50.9333,17,3160,2,1,0,1,0,110,0,0
35,24001835,6,1,0,50.9333,17,3160,2,1,0,1,0,110,0,0
35,24001935,3,1,1,21.6,8,1360,1,1,0,1,73,0,0,0
35,24001935,3,2,1,22.1,8,1360,1,1,0,1,59,0,0,0
35,24001935,3,3,1,21.6,8,1360,1,1,0,1,73,0,0,0
35,24001935,3,4,1,22.1,8,1360,1,1,0,1,59,0,0,0
35,24001935,6,1,0,50.9333,17,2890,1,1,0,1,0,96,0,0
35,24001935,6,1,0,50.9333,17,2890,1,1,0,1,0,96,0,0
35,24001935,6,1,0,50.9333,17,2890,1,1,0,1,0,96,0,0
35,24001935,6,1,0,50.9333,17,2890,1,1,0,1,0,96,0,0
35,24001935,6,1,0,50.9333,17,2890,1,1,0,1,0,96,0,0
35,24001935,6,1,0,50.9333,17,2890,1,1,0,1,0,96,0,0
35,24001935,6,1,0,50.9333,17,2890,1,1,0,1,0,96,0,0
35,24001935,6,1,0,50.9333,17,2890,1,1,0,1,0,96,0,0
35,24001935,6,1,0,50.9333,17,2890,1,1,0,1,0,96,0,0
35,24001935,6,1,0,50.9333,17,2890,1,1,0,1,0,96,0,0
35,24001935,6,1,0,50.9333,17,2890,1,1,0,1,0,96,0,0
35,24001935,6,1,0,50.9333,17,2890,1,1,0,1,0,96,0,0
35,24001935,6,1,0,50.9333,18,3300,2,1,0,1,0,110,0,0
35,24001935,6,1,0,50.9333,18,3300,2,1,0,1,0,110,0,0
35,24001935,6,1,0,50.9333,18,3300,2,1,0,1,0,110,0,0
35,24001935,6,1,0,50.9333,18,3300,2,1,0,1,0,110,0,0
35,24002035,3,1,1,30.6,10,1700,1,1,0,1,87,0,0,0
35,24002035,3,2,1,30.6,12,2046,1,1,0,1,50,0,0,0
35,24002035,3,3,1,30.6,10,1700,1,1,0,1,87,0,0,0
35,24002035,3,4,1,30.6,12,2046,1,1,0,1,50,0,0,0
35,24002035,6,1,0,50.9333,14,2380,1,1,0,1,0,40,0,0
35,24002035,6,1,0,50.9333,14,2380,1,1,0,1,0,40,0,0
35,24002035,6,1,0,50.9333,14,2380,1,1,0,1,0,40,0,0
35,24002035,6,1,0,50.9333,14,2380,1,1,0,1,0,40,0,0
35,24002035,6,1,0,50.9333,14,2380,1,1,0,1,0,40,0,0
35,24002035,6,1,0,50.9333,14,2380,1,1,0,1,0,40,0,0
35,24002035,6,1,0,50.9333,14,2380,1,1,0,1,0,40,0,0
35,24002035,6,1,0,50.9333,14,2380,1,1,0,1,0,40,0,0
35,24002035,6,1,0,50.9333,14,2380,1,1,0,1,0,40,0,0
35,24002035,6,1,0,50.9333,14,2380,1,1,0,1,0,40,0,0
35,24002035,6,1,0,50.9333,14,2380,1,1,0,1,0,40,0,0
35,24002035,6,1,0,50.9333,14,2380,1,1,0,1,0,40,0,0
35,24002035,6,1,0,50.9333,17,3097,2,1,0,1,0,24,0,0
35,24002035,6,1,0,50.9333,17,3097,2,1,0,1,0,24,0,0
35,24002035,6,1,0,50.9333,17,3097,2,1,0,1,0,24,0,0
35,24002035,6,1,0,50.9333,17,3097,2,1,0,1,0,24,0,0
35,24002135,3,1,1,22.3,8,1360,1,1,0,1,59,0,0,0
35,24002135,3,2,1,21.6,9,1530,1,1,0,1,101,0,0,0
35,24002135,3,3,1,22.3,8,1360,1,1,0,1,59,0,0,0
35,24002135,3,4,1,21.6,9,1530,1,1,0,1,101,0,0,0
35,24002135,6,1,0,50.9333,15,2550,1,1,0,1,0,68,0,0
35,24002135,6,1,0,50.9333,15,2550,1,1,0,1,0,68,0,0
35,24002135,6,1,0,50.9333,15,2550,1,1,0,1,0,68,0,0
35,24002135,6,1,0,50.9333,15,2550,1,1,0,1,0,68,0,0
35,24002135,6,1,0,50.9333,15,2550,1,1,0,1,0,68,0,0
35,24002135,6,1,0,50.9333,15,2550,1,1,0,1,0,68,0,0
35,24002135,6,1,0,50.9333,15,2550,1,1,0,1,0,68,0,0
35,24002135,6,1,0,50.9333,15,2550,1,1,0,1,0,68,0,0
35,24002135,6,1,0,50.9333,15,2550,1,1,0,1,0,68,0,0
35,24002135,6,1,0,50.9333,15,2550,1,1,0,1,0,68,0,0
35,24002135,6,1,0,50.9333,15,2550,1,1,0,1,0,68,0,0
35,24002135,6,1,0,50.9333,15,2550,1,1,0,1,0,68,0,0
35,24002135,6,1,0,50.9333,17,3160,2,1,0,1,0,68,0,0
35,24002135,6,1,0,50.9333,17,3160,2,1,0,1,0,68,0,0
35,24002135,6,1,0,50.9333,17,3160,2,1,0,1,0,68,0,0
35,24002135,6,1,0,50.9333,17,3160,2,1,0,1,0,68,0,0
35,24002235,3,1,1,21.4,9,1530,1,1,0,1,101,0,0,0
35,24002235,3,2,1,19.7,9,1530,1,1,0,1,101,0,0,0
35,24002235,3,3,1,21.4,9,1530,1,1,0,1,101,0,0,0
35,24002235,3,4,1,19.7,9,1530,1,1,0,1,101,0,0,0
35,24002235,6,1,0,50.9333,17,2890,1,1,0,1,0,54,0,0
35,24002235,6,1,0,50.9333,17,2890,1,1,0,1,0,54,0,0
35,24002235,6,1,0,50.9333,17,2890,1,1,0,1,0,54,0,0
35,24002235,6,1,0,50.9333,17,2890,1,1,0,1,0,54,0,0
35,24002235,6,1,0,50.9333,17,2890,1,1,0,1,0,54,0,0
35,24002235,6,1,0,50.9333,17,2890,1,1,0,1,0,54,0,0
35,24002235,6,1,0,50.9333,17,2890,1,1,0,1,0,54,0,0
35,24002235,6,1,0,50.9333,17,2890,1,1,0,1,0,54,0,0
35,24002235,6,1,0,50.9333,17,2890,1,1,0,1,0,54,0,0
35,24002235,6,1,0,50.9333,17,2890,1,1,0,1,0,54,0,0
35,24002235,6,1,0,50.9333,17,2890,1,1,0,1,0,54,0,0
35,24002235,6,1,0,50.9333,17,2890,1,1,0,1,0,54,0,0
35,24002235,6,1,0,50.9333,17,3130,2,1,0,1,0,96,0,0
35,24002235,6,1,0,50.9333,17,3130,2,1,0,1,0,96,0,0
35,24002235,6,1,0,50.9333,17,3130,2,1,0,1,0,96,0,0
35,24002235,6,1,0,50.9333,17,3130,2,1,0,1,0,96,0,0
35,24002335,3,1,1,25,9,1530,1,1,0,1,59,0,0,0
35,24002335,3,2,1,22.1,8,1360,1,1,0,1,59,0,0,0
35,24002335,3,3,1,25,9,1530,1,1,0,1,59,0,0,0
35,24002335,3,4,1,22.1,8,1360,1,1,0,1,59,0,0,0
35,24002335,6,1,0,50.9333,17,2890,1,1,0,1,0,26,0,0
35,24002335,6,1,0,50.9333,17,2890,1,1,0,1,0,26,0,0
35,24002335,6,1,0,50.9333,17,2890,1,1,0,1,0,26,0,0
35,24002335,6,1,0,50.9333,17,2890,1,1,0,1,0,26,0,0
35,24002335,6,1,0,50.9333,17,2890,1,1,0,1,0,26,0,0
35,24002335,6,1,0,50.9333,17,2890,1,1,0,1,0,26,0,0
35,24002335,6,1,0,50.9333,17,2890,1,1,0,1,0,26,0,0
35,24002335,6,1,0,50.9333,17,2890,1,1,0,1,0,26,0,0
35,24002335,6,1,0,50.9333,17,2890,1,1,0,1,0,26,0,0
35,24002335,6,1,0,50.9333,17,2890,1,1,0,1,0,26,0,0
35,24002335,6,1,0,50.9333,17,2890,1,1,0,1,0,26,0,0
35,24002335,6,1,0,50.9333,17,2890,1,1,0,1,0,26,0,0
35,24002335,6,1,0,50.9333,17,3100,2,1,0,1,0,96,0,0
35,24002335,6,1,0,50.9333,17,3100,2,1,0,1,0,96,0,0
35,24002335,6,1,0,50.9333,17,3100,2,1,0,1,0,96,0,0
35,24002335,6,1,0,50.9333,17,3100,2,1,0,1,0,96,0,0
