a,b,seed,weather,arena,style_a,style_b,winner,ticks,reason,hp_a,hp_b,control_a,control_b,overflow
0,1,1000,0,0,0,1,0,750,1,90,0,11,7,0
1,0,1000,0,0,1,0,1,750,1,0,90,7,11,0
0,1,1001,1,0,0,1,0,807,1,58,0,0,3,0
1,0,1001,1,0,1,0,1,630,1,0,24,18,0,0
0,1,1002,2,0,0,1,1,784,1,0,35,6,0,0
1,0,1002,2,0,1,0,1,858,1,0,39,46,1,0
0,1,1003,0,1,0,1,1,733,1,0,20,0,11,0
1,0,1003,0,1,1,0,0,733,1,20,0,11,0,0
0,1,1004,1,1,0,1,-1,600,1,0,0,0,1,0
1,0,1004,1,1,1,0,0,652,1,17,0,11,1,0
0,1,1005,2,1,0,1,1,628,1,0,38,0,9,0
1,0,1005,2,1,1,0,1,633,1,0,65,22,0,0
0,1,1006,0,2,0,1,1,595,1,0,40,5,0,0
1,0,1006,0,2,1,0,0,595,1,40,0,0,5,0
0,1,1007,1,2,0,1,0,877,1,45,0,0,3,0
1,0,1007,1,2,1,0,1,556,1,0,15,11,7,0
0,1,1008,2,2,0,1,1,637,1,0,24,0,3,0
1,0,1008,2,2,1,0,1,838,1,0,3,11,0,0
0,2,1000,0,0,0,1,1,304,1,0,4,4,0,0
2,0,1000,0,0,1,0,0,304,1,4,0,0,4,0
0,2,1001,1,0,0,1,1,238,1,0,46,4,0,0
2,0,1001,1,0,1,0,0,227,1,49,0,0,4,0
0,2,1002,2,0,0,1,1,304,1,0,20,4,0,0
2,0,1002,2,0,1,0,0,338,1,15,0,0,4,0
0,2,1003,0,1,0,1,1,274,1,0,9,4,0,0
2,0,1003,0,1,1,0,0,274,1,9,0,0,4,0
0,2,1004,1,1,0,1,0,510,1,15,0,8,4,0
2,0,1004,1,1,1,0,0,466,1,9,0,0,9,0
0,2,1005,2,1,0,1,1,493,1,0,44,4,0,0
2,0,1005,2,1,1,0,0,310,1,30,0,0,4,0
0,2,1006,0,2,0,1,1,400,1,0,18,4,0,0
2,0,1006,0,2,1,0,0,400,1,18,0,0,4,0
0,2,1007,1,2,0,1,0,384,1,10,0,4,0,0
2,0,1007,1,2,1,0,0,502,1,43,0,16,4,0
0,2,1008,2,2,0,1,1,337,1,0,31,4,0,0
2,0,1008,2,2,1,0,0,519,1,29,0,0,4,0
0,3,1000,0,0,0,1,0,450,1,58,0,0,0,0
3,0,1000,0,0,1,0,1,450,1,0,58,0,0,0
0,3,1001,1,0,0,1,0,848,1,34,0,0,0,0
3,0,1001,1,0,1,0,1,637,1,0,8,14,0,0
0,3,1002,2,0,0,1,0,726,1,54,0,0,0,0
3,0,1002,2,0,1,0,1,840,1,0,25,13,1,0
0,3,1003,0,1,0,1,0,300,1,58,0,1,4,0
3,0,1003,0,1,1,0,1,300,1,0,58,4,1,0
0,3,1004,1,1,0,1,0,750,1,3,0,0,2,0
3,0,1004,1,1,1,0,1,660,1,0,32,0,0,0
0,3,1005,2,1,0,1,0,462,1,54,0,0,0,0
3,0,1005,2,1,1,0,0,590,1,4,0,0,5,0
0,3,1006,0,2,0,1,0,372,1,46,0,0,0,0
3,0,1006,0,2,1,0,1,372,1,0,46,0,0,0
0,3,1007,1,2,0,1,0,570,1,63,0,13,0,0
3,0,1007,1,2,1,0,1,552,1,0,2,0,6,0
0,3,1008,2,2,0,1,0,600,1,29,0,0,0,0
3,0,1008,2,2,1,0,0,501,1,76,0,9,9,0
0,4,1000,0,0,0,1,1,672,1,0,16,0,22,0
4,0,1000,0,0,1,0,0,672,1,16,0,22,0,0
0,4,1001,1,0,0,1,0,611,1,41,0,29,4,0
4,0,1001,1,0,1,0,0,600,1,97,0,5,6,0
0,4,1002,2,0,0,1,1,730,1,0,26,40,60,0
4,0,1002,2,0,1,0,0,750,1,60,0,35,19,0
0,4,1003,0,1,0,1,1,771,1,0,17,32,22,0
4,0,1003,0,1,1,0,0,771,1,17,0,22,32,0
0,4,1004,1,1,0,1,0,584,1,49,0,40,32,0
4,0,1004,1,1,1,0,1,575,1,0,53,21,25,0
0,4,1005,2,1,0,1,1,540,1,0,34,4,28,0
4,0,1005,2,1,1,0,1,793,1,0,9,11,15,0
0,4,1006,0,2,0,1,1,572,1,0,71,22,55,0
4,0,1006,0,2,1,0,0,572,1,71,0,55,22,0
0,4,1007,1,2,0,1,0,1170,1,32,0,31,57,0
4,0,1007,1,2,1,0,0,590,1,56,0,0,5,0
0,4,1008,2,2,0,1,1,840,1,0,17,22,58,0
4,0,1008,2,2,1,0,1,1126,1,0,4,37,25,0
0,5,1000,0,0,0,1,0,1079,1,33,0,0,25,0
5,0,1000,0,0,1,0,1,1079,1,0,33,25,0,0
0,5,1001,1,0,0,1,0,893,1,39,0,0,1,0
5,0,1001,1,0,1,0,1,959,1,0,32,1,0,0
0,5,1002,2,0,0,1,1,658,1,0,62,0,1,0
5,0,1002,2,0,1,0,0,658,1,59,0,1,0,0
0,5,1003,0,1,0,1,0,665,1,53,0,0,0,0
5,0,1003,0,1,1,0,1,665,1,0,53,0,0,0
0,5,1004,1,1,0,1,1,883,1,0,46,0,44,0
5,0,1004,1,1,1,0,0,1083,1,1,0,5,0,0
0,5,1005,2,1,0,1,1,897,1,0,7,0,5,0
5,0,1005,2,1,1,0,0,880,1,15,0,0,11,0
0,5,1006,0,2,0,1,1,703,1,0,27,0,1,0
5,0,1006,0,2,1,0,0,703,1,27,0,1,0,0
0,5,1007,1,2,0,1,1,835,1,0,53,6,4,0
5,0,1007,1,2,1,0,0,835,1,23,0,4,6,0
0,5,1008,2,2,0,1,1,760,1,0,86,0,1,0
5,0,1008,2,2,1,0,0,1009,1,41,0,1,0,0
0,6,1000,0,0,0,1,0,718,1,27,0,1,34,0
6,0,1000,0,0,1,0,1,718,1,0,27,34,1,0
0,6,1001,1,0,0,1,0,460,1,43,0,29,30,0
6,0,1001,1,0,1,0,1,803,1,0,45,0,21,0
0,6,1002,2,0,0,1,1,1011,1,0,22,160,126,0
6,0,1002,2,0,1,0,0,783,1,1,0,0,40,0
0,6,1003,0,1,0,1,0,505,1,16,0,71,27,0
6,0,1003,0,1,1,0,1,505,1,0,16,27,71,0
0,6,1004,1,1,0,1,0,677,1,71,0,0,11,0
6,0,1004,1,1,1,0,1,960,1,0,41,0,12,0
0,6,1005,2,1,0,1,0,828,1,24,0,12,13,0
6,0,1005,2,1,1,0,-1,689,1,0,0,0,20,0
0,6,1006,0,2,0,1,0,832,1,41,0,41,38,0
6,0,1006,0,2,1,0,1,832,1,0,41,38,41,0
0,6,1007,1,2,0,1,0,525,1,25,0,5,35,0
6,0,1007,1,2,1,0,0,770,1,26,0,16,23,0
0,6,1008,2,2,0,1,0,556,1,33,0,8,25,0
6,0,1008,2,2,1,0,1,878,1,0,3,6,17,0
0,7,1000,0,0,0,1,0,420,1,10,0,0,0,0
7,0,1000,0,0,1,0,1,420,1,0,10,0,0,0
0,7,1001,1,0,0,1,1,509,1,0,45,0,0,0
7,0,1001,1,0,1,0,0,509,1,45,0,0,0,0
0,7,1002,2,0,0,1,1,342,1,0,90,0,0,0
7,0,1002,2,0,1,0,0,342,1,72,0,0,0,0
0,7,1003,0,1,0,1,1,409,1,0,38,0,0,0
7,0,1003,0,1,1,0,0,409,1,38,0,0,0,0
0,7,1004,1,1,0,1,0,478,1,18,0,0,0,0
7,0,1004,1,1,1,0,1,478,1,0,18,0,0,0
0,7,1005,2,1,0,1,1,535,1,0,2,0,0,0
7,0,1005,2,1,1,0,1,341,1,0,71,0,0,0
0,7,1006,0,2,0,1,1,397,1,0,74,0,0,0
7,0,1006,0,2,1,0,0,397,1,74,0,0,0,0
0,7,1007,1,2,0,1,1,564,1,0,3,0,0,0
7,0,1007,1,2,1,0,0,607,1,16,0,0,0,0
0,7,1008,2,2,0,1,1,390,1,0,61,0,0,0
7,0,1008,2,2,1,0,0,390,1,77,0,0,0,0
0,8,1000,0,0,0,1,0,760,1,17,0,21,6,0
8,0,1000,0,0,1,0,1,760,1,0,17,6,21,0
0,8,1001,1,0,0,1,0,830,1,16,0,32,0,0
8,0,1001,1,0,1,0,1,750,1,0,6,0,7,0
0,8,1002,2,0,0,1,1,880,1,0,91,5,62,0
8,0,1002,2,0,1,0,0,751,1,67,0,21,10,0
0,8,1003,0,1,0,1,0,792,1,2,0,0,1,0
8,0,1003,0,1,1,0,1,792,1,0,2,1,0,0
0,8,1004,1,1,0,1,1,616,1,0,12,35,46,0
8,0,1004,1,1,1,0,1,661,1,0,70,18,0,0
0,8,1005,2,1,0,1,0,976,1,18,0,42,0,0
8,0,1005,2,1,1,0,1,759,1,0,61,0,0,0
0,8,1006,0,2,0,1,0,653,1,67,0,27,39,0
8,0,1006,0,2,1,0,1,653,1,0,67,39,27,0
0,8,1007,1,2,0,1,0,817,1,61,0,107,104,0
8,0,1007,1,2,1,0,1,632,1,0,58,0,12,0
0,8,1008,2,2,0,1,0,1041,1,52,0,23,6,0
8,0,1008,2,2,1,0,0,698,1,58,0,0,12,0
0,9,1000,0,0,0,1,0,676,1,52,0,13,0,0
9,0,1000,0,0,1,0,1,676,1,0,52,0,13,0
0,9,1001,1,0,0,1,0,660,1,57,0,0,0,0
9,0,1001,1,0,1,0,1,786,1,0,40,5,0,0
0,9,1002,2,0,0,1,1,700,1,0,39,0,0,0
9,0,1002,2,0,1,0,1,619,1,0,27,0,0,0
0,9,1003,0,1,0,1,0,570,1,53,0,0,0,0
9,0,1003,0,1,1,0,1,570,1,0,53,0,0,0
0,9,1004,1,1,0,1,0,384,1,72,0,2,0,0
9,0,1004,1,1,1,0,1,384,1,0,72,0,2,0
0,9,1005,2,1,0,1,1,805,1,0,51,0,10,0
9,0,1005,2,1,1,0,0,805,1,51,0,10,0,0
0,9,1006,0,2,0,1,0,451,1,76,0,0,0,0
9,0,1006,0,2,1,0,1,451,1,0,76,0,0,0
0,9,1007,1,2,0,1,0,628,1,46,0,0,0,0
9,0,1007,1,2,1,0,1,483,1,0,66,0,0,0
0,9,1008,2,2,0,1,0,904,1,73,0,0,0,0
9,0,1008,2,2,1,0,1,663,1,0,93,0,0,0
0,10,1000,0,0,0,1,0,1178,1,13,0,11,0,0
10,0,1000,0,0,1,0,1,1178,1,0,13,0,11,0
0,10,1001,1,0,0,1,0,1200,1,31,0,10,17,0
10,0,1001,1,0,1,0,0,812,1,41,0,59,27,0
0,10,1002,2,0,0,1,0,510,1,109,0,24,0,0
10,0,1002,2,0,1,0,0,1032,1,8,0,13,0,0
0,10,1003,0,1,0,1,1,1329,1,0,4,17,53,0
10,0,1003,0,1,1,0,0,1329,1,4,0,53,17,0
0,10,1004,1,1,0,1,1,1158,1,0,26,20,18,0
10,0,1004,1,1,1,0,0,469,1,64,0,0,0,0
0,10,1005,2,1,0,1,0,776,1,77,0,105,32,0
10,0,1005,2,1,1,0,1,1002,1,0,3,0,0,0
0,10,1006,0,2,0,1,1,1139,1,0,31,144,77,0
10,0,1006,0,2,1,0,0,1139,1,31,0,77,144,0
0,10,1007,1,2,0,1,1,1555,1,0,20,15,43,0
10,0,1007,1,2,1,0,0,958,1,43,0,26,17,0
0,10,1008,2,2,0,1,1,1022,1,0,78,28,63,0
10,0,1008,2,2,1,0,1,930,1,0,35,28,31,0
0,11,1000,0,0,0,1,1,804,1,0,19,3,0,0
11,0,1000,0,0,1,0,0,804,1,19,0,0,3,0
0,11,1001,1,0,0,1,1,807,1,0,46,0,0,0
11,0,1001,1,0,1,0,0,807,1,28,0,0,0,0
0,11,1002,2,0,0,1,1,772,1,0,70,0,0,0
11,0,1002,2,0,1,0,0,772,1,54,0,0,0,0
0,11,1003,0,1,0,1,0,889,1,43,0,0,0,0
11,0,1003,0,1,1,0,1,889,1,0,43,0,0,0
0,11,1004,1,1,0,1,1,1000,1,0,43,0,14,0
11,0,1004,1,1,1,0,1,1013,1,0,30,1,0,0
0,11,1005,2,1,0,1,0,955,1,10,0,0,17,0
11,0,1005,2,1,1,0,1,955,1,0,10,17,0,0
0,11,1006,0,2,0,1,0,950,1,10,0,8,0,0
11,0,1006,0,2,1,0,1,950,1,0,10,0,8,0
0,11,1007,1,2,0,1,1,1225,1,0,50,0,0,0
11,0,1007,1,2,1,0,0,1225,1,50,0,0,0,0
0,11,1008,2,2,0,1,1,742,1,0,48,9,0,0
11,0,1008,2,2,1,0,0,742,1,20,0,0,9,0
0,12,1000,0,0,0,1,0,878,1,38,0,0,6,0
12,0,1000,0,0,1,0,1,878,1,0,38,6,0,0
0,12,1001,1,0,0,1,0,420,1,10,0,0,6,0
12,0,1001,1,0,1,0,1,480,1,0,13,6,0,0
0,12,1002,2,0,0,1,0,628,1,38,0,0,6,0
12,0,1002,2,0,1,0,-1,541,1,0,0,6,0,0
0,12,1003,0,1,0,1,0,645,1,13,0,0,9,0
12,0,1003,0,1,1,0,1,645,1,0,13,9,0,0
0,12,1004,1,1,0,1,0,455,1,35,0,0,6,0
12,0,1004,1,1,1,0,1,515,1,0,35,6,0,0
0,12,1005,2,1,0,1,1,431,1,0,37,0,6,0
12,0,1005,2,1,1,0,-1,510,1,0,0,6,6,0
0,12,1006,0,2,0,1,1,486,1,0,28,0,5,0
12,0,1006,0,2,1,0,0,486,1,28,0,5,0,0
0,12,1007,1,2,0,1,0,568,1,38,0,0,5,0
12,0,1007,1,2,1,0,1,568,1,0,38,5,0,0
0,12,1008,2,2,0,1,1,608,1,0,60,0,5,0
12,0,1008,2,2,1,0,0,608,1,60,0,5,0,0
0,13,1000,0,0,0,1,1,641,1,0,77,0,11,0
13,0,1000,0,0,1,0,0,641,1,77,0,11,0,0
0,13,1001,1,0,0,1,0,566,1,11,0,0,0,0
13,0,1001,1,0,1,0,0,477,1,67,0,13,0,0
0,13,1002,2,0,0,1,1,608,1,0,3,9,0,0
13,0,1002,2,0,1,0,1,420,1,0,9,0,9,0
0,13,1003,0,1,0,1,1,380,1,0,16,8,0,0
13,0,1003,0,1,1,0,0,380,1,16,0,0,8,0
0,13,1004,1,1,0,1,1,312,1,0,60,5,0,0
13,0,1004,1,1,1,0,0,644,1,44,0,0,28,0
0,13,1005,2,1,0,1,1,766,1,0,1,38,43,0
13,0,1005,2,1,1,0,0,385,1,89,0,20,9,0
0,13,1006,0,2,0,1,1,541,1,0,48,1,20,0
13,0,1006,0,2,1,0,0,541,1,48,0,20,1,0
0,13,1007,1,2,0,1,1,566,1,0,4,1,18,0
13,0,1007,1,2,1,0,0,455,1,77,0,0,0,0
0,13,1008,2,2,0,1,1,692,1,0,20,7,21,0
13,0,1008,2,2,1,0,0,651,1,75,0,10,17,0
0,14,1000,0,0,0,1,0,1210,1,11,0,0,0,0
14,0,1000,0,0,1,0,1,1210,1,0,11,0,0,0
0,14,1001,1,0,0,1,0,884,1,39,0,4,0,0
14,0,1001,1,0,1,0,0,1145,1,3,0,0,0,0
0,14,1002,2,0,0,1,0,706,1,28,0,22,0,0
14,0,1002,2,0,1,0,1,706,1,0,28,0,22,0
0,14,1003,0,1,0,1,0,922,1,21,0,0,0,0
14,0,1003,0,1,1,0,1,922,1,0,21,0,0,0
0,14,1004,1,1,0,1,0,577,1,10,0,0,0,0
14,0,1004,1,1,1,0,1,700,1,0,15,16,0,0
0,14,1005,2,1,0,1,1,968,1,0,33,0,51,0
14,0,1005,2,1,1,0,0,974,1,38,0,0,3,0
0,14,1006,0,2,0,1,0,960,1,45,0,0,0,0
14,0,1006,0,2,1,0,1,960,1,0,45,0,0,0
0,14,1007,1,2,0,1,0,540,1,4,0,0,0,0
14,0,1007,1,2,1,0,1,742,1,0,5,0,0,0
0,14,1008,2,2,0,1,0,793,1,10,0,0,0,0
14,0,1008,2,2,1,0,0,906,1,32,0,0,0,0
0,15,1000,0,0,0,1,0,890,1,50,0,5,11,0
15,0,1000,0,0,1,0,1,890,1,0,50,11,5,0
0,15,1001,1,0,0,1,1,1165,1,0,63,40,15,0
15,0,1001,1,0,1,0,1,557,1,0,54,41,0,0
0,15,1002,2,0,0,1,0,840,1,19,0,35,5,0
15,0,1002,2,0,1,0,0,586,1,38,0,4,0,0
0,15,1003,0,1,0,1,0,608,1,65,0,0,4,0
15,0,1003,0,1,1,0,1,608,1,0,65,4,0,0
0,15,1004,1,1,0,1,0,425,1,54,0,13,0,0
15,0,1004,1,1,1,0,1,688,1,0,54,0,0,0
0,15,1005,2,1,0,1,0,1250,1,3,0,10,7,0
15,0,1005,2,1,1,0,0,984,1,53,0,3,0,0
0,15,1006,0,2,0,1,0,1150,1,28,0,26,14,0
15,0,1006,0,2,1,0,1,1150,1,0,28,14,26,0
0,15,1007,1,2,0,1,0,898,1,62,0,0,9,0
15,0,1007,1,2,1,0,1,614,1,0,70,4,0,0
0,15,1008,2,2,0,1,0,1071,1,43,0,13,0,0
15,0,1008,2,2,1,0,1,823,1,0,31,4,20,0
0,16,1000,0,0,0,1,0,1043,1,35,0,29,14,0
16,0,1000,0,0,1,0,1,1043,1,0,35,14,29,0
0,16,1001,1,0,0,1,0,578,1,81,0,6,0,0
16,0,1001,1,0,1,0,1,578,1,0,72,0,6,0
0,16,1002,2,0,0,1,0,765,1,49,0,7,0,0
16,0,1002,2,0,1,0,1,765,1,0,49,0,7,0
0,16,1003,0,1,0,1,1,1053,1,0,25,48,36,0
16,0,1003,0,1,1,0,0,1053,1,25,0,36,48,0
0,16,1004,1,1,0,1,0,840,1,58,0,32,59,0
16,0,1004,1,1,1,0,1,1140,1,0,26,79,80,0
0,16,1005,2,1,0,1,1,811,1,0,22,4,1,0
16,0,1005,2,1,1,0,1,1155,1,0,4,0,57,0
0,16,1006,0,2,0,1,1,1268,1,0,37,21,28,0
16,0,1006,0,2,1,0,0,1268,1,37,0,28,21,0
0,16,1007,1,2,0,1,1,1202,1,0,24,6,0,0
16,0,1007,1,2,1,0,0,901,1,71,0,0,32,0
0,16,1008,2,2,0,1,0,1341,1,21,0,22,1,0
16,0,1008,2,2,1,0,0,1044,1,75,0,2,47,0
0,17,1000,0,0,0,1,1,181,1,0,68,0,0,0
17,0,1000,0,0,1,0,0,181,1,68,0,0,0,0
0,17,1001,1,0,0,1,1,357,1,0,30,0,0,0
17,0,1001,1,0,1,0,0,513,1,52,0,40,0,0
0,17,1002,2,0,0,1,0,437,1,20,0,0,0,0
17,0,1002,2,0,1,0,1,418,1,0,55,20,0,0
0,17,1003,0,1,0,1,0,405,1,19,0,0,0,0
17,0,1003,0,1,1,0,1,405,1,0,19,0,0,0
0,17,1004,1,1,0,1,1,507,1,0,3,0,8,0
17,0,1004,1,1,1,0,0,484,1,66,0,0,0,0
0,17,1005,2,1,0,1,1,417,1,0,2,0,16,0
17,0,1005,2,1,1,0,0,372,1,50,0,0,0,0
0,17,1006,0,2,0,1,1,412,1,0,11,0,0,0
17,0,1006,0,2,1,0,0,412,1,11,0,0,0,0
0,17,1007,1,2,0,1,1,508,1,0,14,0,0,0
17,0,1007,1,2,1,0,0,439,1,78,0,0,0,0
0,17,1008,2,2,0,1,1,382,1,0,43,0,0,0
17,0,1008,2,2,1,0,1,570,1,0,20,0,0,0
0,18,1000,0,0,0,1,0,1201,1,12,0,6,3,0
18,0,1000,0,0,1,0,1,1201,1,0,12,3,6,0
0,18,1001,1,0,0,1,1,871,1,0,8,4,13,0
18,0,1001,1,0,1,0,0,1508,1,4,0,26,0,0
0,18,1002,2,0,0,1,0,631,1,72,0,13,14,0
18,0,1002,2,0,1,0,1,851,1,0,38,11,0,0
0,18,1003,0,1,0,1,0,884,1,10,0,2,31,0
18,0,1003,0,1,1,0,1,884,1,0,10,31,2,0
0,18,1004,1,1,0,1,0,1070,1,28,0,33,41,0
18,0,1004,1,1,1,0,0,751,1,43,0,26,1,0
0,18,1005,2,1,0,1,0,784,1,64,0,26,29,0
18,0,1005,2,1,1,0,1,862,1,0,2,34,28,0
0,18,1006,0,2,0,1,0,1148,1,5,0,0,14,0
18,0,1006,0,2,1,0,1,1148,1,0,5,14,0,0
0,18,1007,1,2,0,1,-1,1201,1,0,0,6,27,0
18,0,1007,1,2,1,0,1,1346,1,0,35,8,7,0
0,18,1008,2,2,0,1,0,616,1,87,0,32,33,0
18,0,1008,2,2,1,0,0,1015,1,13,0,31,26,0
0,19,1000,0,0,0,1,1,1332,1,0,21,0,30,0
19,0,1000,0,0,1,0,0,1332,1,21,0,30,0,0
0,19,1001,1,0,0,1,1,1261,1,0,33,3,8,0
19,0,1001,1,0,1,0,1,1290,1,0,32,28,28,0
0,19,1002,2,0,0,1,0,769,1,20,0,146,108,0
19,0,1002,2,0,1,0,1,1216,1,0,6,81,25,0
0,19,1003,0,1,0,1,1,808,1,0,57,13,4,0
19,0,1003,0,1,1,0,0,808,1,57,0,4,13,0
0,19,1004,1,1,0,1,1,1192,1,0,1,43,19,0
19,0,1004,1,1,1,0,0,1027,1,74,0,119,94,0
0,19,1005,2,1,0,1,0,739,1,77,0,15,30,0
19,0,1005,2,1,1,0,1,996,1,0,82,57,3,0
0,19,1006,0,2,0,1,0,1014,1,53,0,43,27,0
19,0,1006,0,2,1,0,1,1014,1,0,53,27,43,0
0,19,1007,1,2,0,1,1,1158,1,0,58,12,46,0
19,0,1007,1,2,1,0,1,1051,1,0,13,25,77,0
0,19,1008,2,2,0,1,0,954,1,30,0,26,30,0
19,0,1008,2,2,1,0,1,1020,1,0,46,145,89,0
0,20,1000,0,0,0,1,1,912,1,0,14,0,1,0
20,0,1000,0,0,1,0,0,912,1,14,0,1,0,0
0,20,1001,1,0,0,1,1,1177,1,0,7,0,14,0
20,0,1001,1,0,1,0,0,641,1,52,0,39,0,0
0,20,1002,2,0,0,1,1,929,1,0,40,63,36,0
20,0,1002,2,0,1,0,0,905,1,26,0,2,0,0
0,20,1003,0,1,0,1,1,927,1,0,57,0,12,0
20,0,1003,0,1,1,0,0,927,1,57,0,12,0,0
0,20,1004,1,1,0,1,1,794,1,0,54,7,7,0
20,0,1004,1,1,1,0,0,760,1,63,0,62,53,0
0,20,1005,2,1,0,1,1,673,1,0,56,0,0,0
20,0,1005,2,1,1,0,0,706,1,37,0,45,0,0
0,20,1006,0,2,0,1,1,1051,1,0,24,40,55,0
20,0,1006,0,2,1,0,0,1051,1,24,0,55,40,0
0,20,1007,1,2,0,1,1,766,1,0,61,54,63,0
20,0,1007,1,2,1,0,0,726,1,92,0,130,87,0
0,20,1008,2,2,0,1,1,890,1,0,45,87,104,0
20,0,1008,2,2,1,0,0,698,1,72,0,94,36,0
0,21,1000,0,0,0,1,0,469,1,113,0,0,1,0
21,0,1000,0,0,1,0,1,469,1,0,113,1,0,0
0,21,1001,1,0,0,1,0,510,1,98,0,0,2,0
21,0,1001,1,0,1,0,1,510,1,0,68,2,0,0
0,21,1002,2,0,0,1,0,530,1,40,0,16,10,0
21,0,1002,2,0,1,0,1,810,1,0,47,3,11,0
0,21,1003,0,1,0,1,0,571,1,83,0,0,4,0
21,0,1003,0,1,1,0,1,571,1,0,83,4,0,0
0,21,1004,1,1,0,1,0,556,1,80,0,0,3,0
21,0,1004,1,1,1,0,1,540,1,0,50,3,0,0
0,21,1005,2,1,0,1,0,712,1,34,0,17,4,0
21,0,1005,2,1,1,0,1,732,1,0,55,4,17,0
0,21,1006,0,2,0,1,0,508,1,80,0,0,0,0
21,0,1006,0,2,1,0,1,508,1,0,80,0,0,0
0,21,1007,1,2,0,1,0,496,1,67,0,0,0,0
21,0,1007,1,2,1,0,1,496,1,0,52,0,0,0
0,21,1008,2,2,0,1,0,703,1,65,0,0,0,0
21,0,1008,2,2,1,0,1,649,1,0,35,0,0,0
0,22,1000,0,0,0,1,0,587,1,39,0,0,11,0
22,0,1000,0,0,1,0,1,587,1,0,39,11,0,0
0,22,1001,1,0,0,1,0,657,1,87,0,0,0,0
22,0,1001,1,0,1,0,1,617,1,0,52,10,0,0
0,22,1002,2,0,0,1,0,1097,1,100,0,0,52,0
22,0,1002,2,0,1,0,1,927,1,0,65,0,0,0
0,22,1003,0,1,0,1,0,450,1,56,0,0,1,0
22,0,1003,0,1,1,0,1,450,1,0,56,1,0,0
0,22,1004,1,1,0,1,0,510,1,32,0,0,15,0
22,0,1004,1,1,1,0,1,466,1,0,8,15,0,0
0,22,1005,2,1,0,1,0,796,1,63,0,0,0,0
22,0,1005,2,1,1,0,1,690,1,0,15,0,0,0
0,22,1006,0,2,0,1,0,660,1,39,0,0,3,0
22,0,1006,0,2,1,0,1,660,1,0,39,3,0,0
0,22,1007,1,2,0,1,0,675,1,87,0,16,1,0
22,0,1007,1,2,1,0,1,522,1,0,76,3,0,0
0,22,1008,2,2,0,1,0,769,1,100,0,21,3,0
22,0,1008,2,2,1,0,1,770,1,0,52,3,0,0
0,23,1000,0,0,0,1,0,337,1,85,0,0,0,0
23,0,1000,0,0,1,0,1,337,1,0,85,0,0,0
0,23,1001,1,0,0,1,0,337,1,71,0,0,0,0
23,0,1001,1,0,1,0,1,598,1,0,4,0,15,0
0,23,1002,2,0,0,1,0,535,1,28,0,0,0,0
23,0,1002,2,0,1,0,1,488,1,0,26,19,0,0
0,23,1003,0,1,0,1,1,681,1,0,14,4,3,0
23,0,1003,0,1,1,0,0,681,1,14,0,3,4,0
0,23,1004,1,1,0,1,1,438,1,0,38,0,0,0
23,0,1004,1,1,1,0,1,558,1,0,9,0,0,0
0,23,1005,2,1,0,1,1,529,1,0,60,0,0,0
23,0,1005,2,1,1,0,0,579,1,20,0,0,0,0
0,23,1006,0,2,0,1,0,619,1,9,0,0,0,0
23,0,1006,0,2,1,0,1,619,1,0,9,0,0,0
0,23,1007,1,2,0,1,0,379,1,61,0,0,5,0
23,0,1007,1,2,1,0,0,498,1,54,0,0,0,0
0,23,1008,2,2,0,1,0,606,1,38,0,0,0,0
23,0,1008,2,2,1,0,1,550,1,0,9,0,0,0
0,24,1000,0,0,0,1,1,704,1,0,34,17,0,0
24,0,1000,0,0,1,0,0,704,1,34,0,0,17,0
0,24,1001,1,0,0,1,0,705,1,9,0,11,0,0
24,0,1001,1,0,1,0,1,814,1,0,9,0,12,0
0,24,1002,2,0,0,1,0,805,1,19,0,12,0,0
24,0,1002,2,0,1,0,0,544,1,81,0,0,8,0
0,24,1003,0,1,0,1,0,688,1,35,0,34,6,0
24,0,1003,0,1,1,0,1,688,1,0,35,6,34,0
0,24,1004,1,1,0,1,0,485,1,15,0,1,19,0
24,0,1004,1,1,1,0,0,516,1,4,0,19,1,0
0,24,1005,2,1,0,1,1,722,1,0,48,0,12,0
24,0,1005,2,1,1,0,1,459,1,0,35,0,6,0
0,24,1006,0,2,0,1,1,568,1,0,54,0,0,0
24,0,1006,0,2,1,0,0,568,1,54,0,0,0,0
0,24,1007,1,2,0,1,0,544,1,9,0,0,0,0
24,0,1007,1,2,1,0,1,544,1,0,9,0,0,0
0,24,1008,2,2,0,1,1,543,1,0,52,0,0,0
24,0,1008,2,2,1,0,0,543,1,28,0,0,0,0
0,25,1000,0,0,0,1,0,576,1,4,0,0,0,0
25,0,1000,0,0,1,0,1,576,1,0,4,0,0,0
0,25,1001,1,0,0,1,1,608,1,0,37,6,0,0
25,0,1001,1,0,1,0,1,573,1,0,25,0,6,0
0,25,1002,2,0,0,1,0,428,1,83,0,0,0,0
25,0,1002,2,0,1,0,1,519,1,0,47,0,0,0
0,25,1003,0,1,0,1,0,786,1,12,0,0,2,0
25,0,1003,0,1,1,0,1,786,1,0,12,2,0,0
0,25,1004,1,1,0,1,1,241,1,0,90,0,4,0
25,0,1004,1,1,1,0,0,241,1,90,0,4,0,0
0,25,1005,2,1,0,1,0,519,1,12,0,0,2,0
25,0,1005,2,1,1,0,0,613,1,5,0,2,0,0
0,25,1006,0,2,0,1,0,490,1,98,0,1,0,0
25,0,1006,0,2,1,0,1,490,1,0,98,0,1,0
0,25,1007,1,2,0,1,0,539,1,10,0,1,0,0
25,0,1007,1,2,1,0,1,574,1,0,40,0,1,0
0,25,1008,2,2,0,1,1,639,1,0,23,5,0,0
25,0,1008,2,2,1,0,1,709,1,0,11,0,5,0
0,26,1000,0,0,0,1,0,484,1,36,0,0,0,0
26,0,1000,0,0,1,0,1,484,1,0,36,0,0,0
0,26,1001,1,0,0,1,0,485,1,91,0,0,15,0
26,0,1001,1,0,1,0,1,360,1,0,76,15,0,0
0,26,1002,2,0,0,1,1,492,1,0,38,22,0,0
26,0,1002,2,0,1,0,0,492,1,38,0,0,22,0
0,26,1003,0,1,0,1,0,354,1,49,0,6,0,0
26,0,1003,0,1,1,0,1,354,1,0,49,0,6,0
0,26,1004,1,1,0,1,0,601,1,1,0,5,1,0
26,0,1004,1,1,1,0,1,601,1,0,1,1,5,0
0,26,1005,2,1,0,1,0,594,1,17,0,16,15,0
26,0,1005,2,1,1,0,0,545,1,39,0,9,16,0
0,26,1006,0,2,0,1,1,598,1,0,12,0,13,0
26,0,1006,0,2,1,0,0,598,1,12,0,13,0,0
0,26,1007,1,2,0,1,0,518,1,7,0,0,0,0
26,0,1007,1,2,1,0,0,415,1,27,0,0,0,0
0,26,1008,2,2,0,1,1,587,1,0,12,0,0,0
26,0,1008,2,2,1,0,0,587,1,26,0,0,0,0
0,27,1000,0,0,0,1,1,1405,1,0,8,28,22,0
27,0,1000,0,0,1,0,0,1405,1,8,0,22,28,0
0,27,1001,1,0,0,1,1,689,1,0,7,112,44,0
27,0,1001,1,0,1,0,1,714,1,0,56,7,73,0
0,27,1002,2,0,0,1,1,976,1,0,15,14,23,0
27,0,1002,2,0,1,0,1,876,1,0,38,3,0,0
0,27,1003,0,1,0,1,1,725,1,0,56,28,11,0
27,0,1003,0,1,1,0,0,725,1,56,0,11,28,0
0,27,1004,1,1,0,1,1,870,1,0,48,42,56,0
27,0,1004,1,1,1,0,0,821,1,11,0,15,11,0
0,27,1005,2,1,0,1,1,867,1,0,14,0,29,0
27,0,1005,2,1,1,0,0,940,1,5,0,74,115,0
0,27,1006,0,2,0,1,0,1047,1,35,0,44,57,0
27,0,1006,0,2,1,0,1,1047,1,0,35,57,44,0
0,27,1007,1,2,0,1,1,1369,1,0,20,65,72,0
27,0,1007,1,2,1,0,1,1017,1,0,32,5,21,0
0,27,1008,2,2,0,1,1,656,1,0,69,33,16,0
27,0,1008,2,2,1,0,0,1366,1,54,0,0,0,0
0,28,1000,0,0,0,1,0,730,1,57,0,27,47,0
28,0,1000,0,0,1,0,1,730,1,0,57,47,27,0
0,28,1001,1,0,0,1,0,407,1,49,0,17,0,0
28,0,1001,1,0,1,0,0,823,1,24,0,16,6,0
0,28,1002,2,0,0,1,0,684,1,32,0,20,21,0
28,0,1002,2,0,1,0,1,589,1,0,44,6,18,0
0,28,1003,0,1,0,1,0,483,1,48,0,39,33,0
28,0,1003,0,1,1,0,1,483,1,0,48,33,39,0
0,28,1004,1,1,0,1,1,819,1,0,28,14,66,0
28,0,1004,1,1,1,0,1,840,1,0,17,0,7,0
0,28,1005,2,1,0,1,1,763,1,0,25,102,154,0
28,0,1005,2,1,1,0,0,624,1,18,0,129,74,0
0,28,1006,0,2,0,1,0,480,1,58,0,31,2,0
28,0,1006,0,2,1,0,1,480,1,0,58,2,31,0
0,28,1007,1,2,0,1,0,687,1,41,0,20,30,0
28,0,1007,1,2,1,0,1,824,1,0,19,58,39,0
0,28,1008,2,2,0,1,0,660,1,3,0,30,83,0
28,0,1008,2,2,1,0,0,612,1,50,0,35,30,0
0,29,1000,0,0,0,1,0,492,1,36,0,0,0,0
29,0,1000,0,0,1,0,1,492,1,0,36,0,0,0
0,29,1001,1,0,0,1,0,472,1,18,0,0,0,0
29,0,1001,1,0,1,0,1,480,1,0,18,0,0,0
0,29,1002,2,0,0,1,1,446,1,0,46,0,0,0
29,0,1002,2,0,1,0,0,446,1,52,0,0,0,0
0,29,1003,0,1,0,1,0,853,1,7,0,0,6,0
29,0,1003,0,1,1,0,1,853,1,0,7,6,0,0
0,29,1004,1,1,0,1,0,975,1,8,0,0,0,0
29,0,1004,1,1,1,0,0,1078,1,9,0,0,0,0
0,29,1005,2,1,0,1,0,750,1,23,0,0,0,0
29,0,1005,2,1,1,0,1,885,1,0,16,6,6,0
0,29,1006,0,2,0,1,0,623,1,9,0,0,0,0
29,0,1006,0,2,1,0,1,623,1,0,9,0,0,0
0,29,1007,1,2,0,1,1,796,1,0,6,0,0,0
29,0,1007,1,2,1,0,1,634,1,0,14,0,0,0
0,29,1008,2,2,0,1,1,957,1,0,30,0,11,0
29,0,1008,2,2,1,0,1,748,1,0,10,0,0,0
0,30,1000,0,0,0,1,0,683,1,31,0,29,78,0
30,0,1000,0,0,1,0,1,683,1,0,31,78,29,0
0,30,1001,1,0,0,1,0,835,1,42,0,55,70,0
30,0,1001,1,0,1,0,1,480,1,0,102,32,23,0
0,30,1002,2,0,0,1,0,983,1,36,0,14,54,0
30,0,1002,2,0,1,0,1,892,1,0,20,13,26,0
0,30,1003,0,1,0,1,0,898,1,26,0,14,84,0
30,0,1003,0,1,1,0,1,898,1,0,26,84,14,0
0,30,1004,1,1,0,1,1,752,1,0,32,21,69,0
30,0,1004,1,1,1,0,1,649,1,0,102,30,52,0
0,30,1005,2,1,0,1,1,808,1,0,23,85,45,0
30,0,1005,2,1,1,0,1,974,1,0,65,14,0,0
0,30,1006,0,2,0,1,0,1277,1,58,0,0,51,0
30,0,1006,0,2,1,0,1,1277,1,0,58,51,0,0
0,30,1007,1,2,0,1,0,836,1,15,0,17,45,0
30,0,1007,1,2,1,0,1,653,1,0,91,62,18,0
0,30,1008,2,2,0,1,0,948,1,42,0,36,76,0
30,0,1008,2,2,1,0,1,540,1,0,102,27,0,0
0,31,1000,0,0,0,1,0,570,1,24,0,8,10,0
31,0,1000,0,0,1,0,1,570,1,0,24,10,8,0
0,31,1001,1,0,0,1,0,624,1,72,0,0,4,0
31,0,1001,1,0,1,0,1,743,1,0,14,21,0,0
0,31,1002,2,0,0,1,1,352,1,0,49,0,0,0
31,0,1002,2,0,1,0,0,555,1,49,0,24,0,0
0,31,1003,0,1,0,1,1,519,1,0,21,3,61,0
31,0,1003,0,1,1,0,0,519,1,21,0,61,3,0
0,31,1004,1,1,0,1,0,570,1,84,0,0,2,0
31,0,1004,1,1,1,0,1,515,1,0,50,11,7,0
0,31,1005,2,1,0,1,0,974,1,13,0,0,0,0
31,0,1005,2,1,1,0,0,559,1,46,0,8,0,0
0,31,1006,0,2,0,1,0,646,1,6,0,0,2,0
31,0,1006,0,2,1,0,1,646,1,0,6,2,0,0
0,31,1007,1,2,0,1,0,720,1,61,0,0,0,0
31,0,1007,1,2,1,0,1,593,1,0,61,3,0,0
0,31,1008,2,2,0,1,1,798,1,0,34,0,0,0
31,0,1008,2,2,1,0,1,679,1,0,55,17,7,0
0,32,1000,0,0,0,1,1,547,1,0,30,0,16,0
32,0,1000,0,0,1,0,0,547,1,30,0,16,0,0
0,32,1001,1,0,0,1,1,685,1,0,6,6,31,0
32,0,1001,1,0,1,0,0,555,1,42,0,31,6,0
0,32,1002,2,0,0,1,1,657,1,0,7,20,19,0
32,0,1002,2,0,1,0,0,685,1,34,0,15,2,0
0,32,1003,0,1,0,1,1,511,1,0,41,18,8,0
32,0,1003,0,1,1,0,0,511,1,41,0,8,18,0
0,32,1004,1,1,0,1,0,703,1,18,0,15,6,0
32,0,1004,1,1,1,0,0,925,1,57,0,11,27,0
0,32,1005,2,1,0,1,1,529,1,0,47,5,25,0
32,0,1005,2,1,1,0,1,1043,1,0,8,10,10,0
0,32,1006,0,2,0,1,1,937,1,0,35,45,63,0
32,0,1006,0,2,1,0,0,937,1,35,0,63,45,0
0,32,1007,1,2,0,1,1,727,1,0,22,84,26,0
32,0,1007,1,2,1,0,0,902,1,13,0,42,67,0
0,32,1008,2,2,0,1,1,520,1,0,57,0,9,0
32,0,1008,2,2,1,0,0,430,1,45,0,9,0,0
0,33,1000,0,0,0,1,0,378,1,113,0,0,0,0
33,0,1000,0,0,1,0,1,378,1,0,113,0,0,0
0,33,1001,1,0,0,1,0,404,1,101,0,0,0,0
33,0,1001,1,0,1,0,1,378,1,0,101,0,0,0
0,33,1002,2,0,0,1,0,542,1,11,0,8,41,0
33,0,1002,2,0,1,0,1,542,1,0,11,41,8,0
0,33,1003,0,1,0,1,0,624,1,62,0,15,62,0
33,0,1003,0,1,1,0,1,624,1,0,62,62,15,0
0,33,1004,1,1,0,1,0,478,1,30,0,0,5,0
33,0,1004,1,1,1,0,1,734,1,0,11,8,0,0
0,33,1005,2,1,0,1,0,720,1,33,0,0,0,0
33,0,1005,2,1,1,0,1,563,1,0,50,26,0,0
0,33,1006,0,2,0,1,0,378,1,96,0,0,4,0
33,0,1006,0,2,1,0,1,378,1,0,96,4,0,0
0,33,1007,1,2,0,1,0,549,1,62,0,0,0,0
33,0,1007,1,2,1,0,1,390,1,0,96,0,0,0
0,33,1008,2,2,0,1,0,622,1,5,0,0,0,0
33,0,1008,2,2,1,0,0,515,1,7,0,0,0,0
0,34,1000,0,0,0,1,1,593,1,0,6,10,0,0
34,0,1000,0,0,1,0,0,593,1,6,0,0,10,0
0,34,1001,1,0,0,1,0,480,1,29,0,16,7,0
34,0,1001,1,0,1,0,0,515,1,15,0,7,16,0
0,34,1002,2,0,0,1,0,592,1,10,0,0,10,0
34,0,1002,2,0,1,0,1,573,1,0,14,10,0,0
0,34,1003,0,1,0,1,0,577,1,44,0,0,0,0
34,0,1003,0,1,1,0,1,577,1,0,44,0,0,0
0,34,1004,1,1,0,1,0,492,1,55,0,5,0,0
34,0,1004,1,1,1,0,1,492,1,0,72,0,5,0
0,34,1005,2,1,0,1,1,611,1,0,19,0,0,0
34,0,1005,2,1,1,0,0,611,1,17,0,0,0,0
0,34,1006,0,2,0,1,0,555,1,15,0,1,0,0
34,0,1006,0,2,1,0,1,555,1,0,15,0,1,0
0,34,1007,1,2,0,1,0,470,1,34,0,1,0,0
34,0,1007,1,2,1,0,1,575,1,0,12,0,1,0
0,34,1008,2,2,0,1,0,591,1,24,0,0,5,0
34,0,1008,2,2,1,0,1,592,1,0,7,5,0,0
0,35,1000,0,0,0,1,1,1575,1,0,55,34,55,0
35,0,1000,0,0,1,0,0,1575,1,55,0,55,34,0
0,35,1001,1,0,0,1,0,1228,1,57,0,0,5,0
35,0,1001,1,0,1,0,1,1584,1,0,56,0,23,0
0,35,1002,2,0,0,1,0,1001,1,28,0,86,37,0
35,0,1002,2,0,1,0,1,1292,1,0,15,3,3,0
0,35,1003,0,1,0,1,0,671,1,85,0,11,6,0
35,0,1003,0,1,1,0,1,671,1,0,85,6,11,0
0,35,1004,1,1,0,1,0,728,1,85,0,16,24,0
35,0,1004,1,1,1,0,1,840,1,0,29,24,41,0
0,35,1005,2,1,0,1,0,1042,1,8,0,13,22,0
35,0,1005,2,1,1,0,0,1195,1,29,0,36,16,0
0,35,1006,0,2,0,1,0,1509,1,57,0,3,9,0
35,0,1006,0,2,1,0,1,1509,1,0,57,9,3,0
0,35,1007,1,2,0,1,1,1156,1,0,31,9,11,0
35,0,1007,1,2,1,0,1,923,1,0,85,50,9,0
0,35,1008,2,2,0,1,0,1589,1,27,0,0,9,0
35,0,1008,2,2,1,0,1,1284,1,0,29,8,0,0
0,36,1000,0,0,0,1,1,472,1,0,4,36,9,0
36,0,1000,0,0,1,0,0,472,1,4,0,9,36,0
0,36,1001,1,0,0,1,0,343,1,47,0,7,9,0
36,0,1001,1,0,1,0,1,553,1,0,18,39,4,0
0,36,1002,2,0,0,1,0,752,1,70,0,26,6,0
36,0,1002,2,0,1,0,0,658,1,56,0,17,4,0
0,36,1003,0,1,0,1,1,676,1,0,34,0,14,0
36,0,1003,0,1,1,0,0,676,1,34,0,14,0,0
0,36,1004,1,1,0,1,0,508,1,8,0,0,41,0
36,0,1004,1,1,1,0,0,487,1,29,0,38,3,0
0,36,1005,2,1,0,1,0,555,1,2,0,37,16,0
36,0,1005,2,1,1,0,1,757,1,0,5,77,32,0
0,36,1006,0,2,0,1,0,604,1,31,0,18,68,0
36,0,1006,0,2,1,0,1,604,1,0,31,68,18,0
0,36,1007,1,2,0,1,1,708,1,0,42,7,6,0
36,0,1007,1,2,1,0,0,813,1,35,0,70,46,0
0,36,1008,2,2,0,1,1,919,1,0,21,10,27,0
36,0,1008,2,2,1,0,0,675,1,51,0,49,26,0
0,37,1000,0,0,0,1,0,361,1,99,0,3,30,0
37,0,1000,0,0,1,0,1,361,1,0,99,30,3,0
0,37,1001,1,0,0,1,0,723,1,83,0,0,14,0
37,0,1001,1,0,1,0,1,484,1,0,85,19,6,0
0,37,1002,2,0,0,1,0,509,1,83,0,0,16,0
37,0,1002,2,0,1,0,1,801,1,0,53,46,52,0
0,37,1003,0,1,0,1,0,501,1,77,0,0,12,0
37,0,1003,0,1,1,0,1,501,1,0,77,12,0,0
0,37,1004,1,1,0,1,0,651,1,85,0,22,75,0
37,0,1004,1,1,1,0,1,651,1,0,81,39,32,0
0,37,1005,2,1,0,1,0,619,1,65,0,60,38,0
37,0,1005,2,1,1,0,1,773,1,0,38,33,12,0
0,37,1006,0,2,0,1,0,721,1,28,0,13,12,0
37,0,1006,0,2,1,0,1,721,1,0,28,12,13,0
0,37,1007,1,2,0,1,0,720,1,113,0,3,47,0
37,0,1007,1,2,1,0,1,577,1,0,83,21,21,0
0,37,1008,2,2,0,1,0,768,1,83,0,32,44,0
37,0,1008,2,2,1,0,1,889,1,0,55,20,53,0
0,38,1000,0,0,0,1,0,354,1,86,0,4,0,0
38,0,1000,0,0,1,0,1,354,1,0,86,0,4,0
0,38,1001,1,0,0,1,1,447,1,0,66,3,0,0
38,0,1001,1,0,1,0,1,630,1,0,10,0,4,0
0,38,1002,2,0,0,1,1,338,1,0,35,3,0,0
38,0,1002,2,0,1,0,1,384,1,0,10,0,4,0
0,38,1003,0,1,0,1,0,369,1,86,0,4,16,0
38,0,1003,0,1,1,0,1,369,1,0,86,16,4,0
0,38,1004,1,1,0,1,0,410,1,17,0,5,0,0
38,0,1004,1,1,1,0,1,410,1,0,55,0,5,0
0,38,1005,2,1,0,1,1,717,1,0,23,7,0,0
38,0,1005,2,1,1,0,1,766,1,0,10,3,19,0
0,38,1006,0,2,0,1,0,390,1,55,0,4,0,0
38,0,1006,0,2,1,0,1,390,1,0,55,0,4,0
0,38,1007,1,2,0,1,1,399,1,0,13,3,0,0
38,0,1007,1,2,1,0,1,607,1,0,54,0,4,0
0,38,1008,2,2,0,1,1,804,1,0,36,3,0,0
38,0,1008,2,2,1,0,0,300,1,57,0,0,4,0
0,39,1000,0,0,0,1,1,731,1,0,35,0,0,0
39,0,1000,0,0,1,0,0,731,1,35,0,0,0,0
0,39,1001,1,0,0,1,0,529,1,19,0,0,0,0
39,0,1001,1,0,1,0,0,541,1,19,0,0,0,0
0,39,1002,2,0,0,1,1,680,1,0,24,0,0,0
39,0,1002,2,0,1,0,0,680,1,24,0,0,0,0
0,39,1003,0,1,0,1,0,360,1,24,0,7,0,0
39,0,1003,0,1,1,0,1,360,1,0,24,0,7,0
0,39,1004,1,1,0,1,0,580,1,51,0,10,1,0
39,0,1004,1,1,1,0,1,580,1,0,51,1,10,0
0,39,1005,2,1,0,1,1,602,1,0,68,0,9,0
39,0,1005,2,1,1,0,0,602,1,53,0,9,0,0
0,39,1006,0,2,0,1,0,682,1,16,0,0,0,0
39,0,1006,0,2,1,0,1,682,1,0,16,0,0,0
0,39,1007,1,2,0,1,1,595,1,0,36,0,10,0
39,0,1007,1,2,1,0,0,595,1,20,0,10,0,0
0,39,1008,2,2,0,1,1,545,1,0,33,0,0,0
39,0,1008,2,2,1,0,0,545,1,35,0,0,0,0
1,2,1000,0,0,0,1,1,856,1,0,8,13,0,0
2,1,1000,0,0,1,0,0,856,1,8,0,0,13,0
1,2,1001,1,0,0,1,1,856,1,0,47,16,0,0
2,1,1001,1,0,1,0,0,1198,1,51,0,0,15,0
1,2,1002,2,0,0,1,1,655,1,0,40,13,0,0
2,1,1002,2,0,1,0,0,730,1,63,0,0,14,0
1,2,1003,0,1,0,1,0,549,1,67,0,12,0,0
2,1,1003,0,1,1,0,1,549,1,0,67,0,12,0
1,2,1004,1,1,0,1,1,640,1,0,51,0,0,0
2,1,1004,1,1,1,0,0,775,1,62,0,0,21,0
1,2,1005,2,1,0,1,1,802,1,0,51,14,0,0
2,1,1005,2,1,1,0,0,1111,1,25,0,22,50,0
1,2,1006,0,2,0,1,0,531,1,79,0,12,0,0
2,1,1006,0,2,1,0,1,531,1,0,79,0,12,0
1,2,1007,1,2,0,1,1,733,1,0,76,11,0,0
2,1,1007,1,2,1,0,0,1180,1,26,0,0,15,0
1,2,1008,2,2,0,1,1,1117,1,0,9,14,0,0
2,1,1008,2,2,1,0,0,793,1,33,0,0,14,0
1,3,1000,0,0,0,1,0,1156,1,19,0,17,34,0
3,1,1000,0,0,1,0,1,1156,1,0,19,34,17,0
1,3,1001,1,0,0,1,0,959,1,31,0,58,0,0
3,1,1001,1,0,1,0,1,960,1,0,61,13,93,0
1,3,1002,2,0,0,1,0,937,1,27,0,49,0,0
3,1,1002,2,0,1,0,1,844,1,0,26,0,52,0
1,3,1003,0,1,0,1,0,685,1,35,0,30,0,0
3,1,1003,0,1,1,0,1,685,1,0,35,0,30,0
1,3,1004,1,1,0,1,0,1072,1,57,0,80,25,0
3,1,1004,1,1,1,0,1,1242,1,0,66,0,51,0
1,3,1005,2,1,0,1,0,877,1,15,0,46,0,0
3,1,1005,2,1,1,0,1,856,1,0,48,0,19,0
1,3,1006,0,2,0,1,0,917,1,48,0,1,4,0
3,1,1006,0,2,1,0,1,917,1,0,48,4,1,0
1,3,1007,1,2,0,1,0,906,1,44,0,23,3,0
3,1,1007,1,2,1,0,1,685,1,0,96,21,160,0
1,3,1008,2,2,0,1,1,912,1,0,21,15,11,0
3,1,1008,2,2,1,0,0,702,1,54,0,47,49,0
1,4,1000,0,0,0,1,1,1200,1,0,63,12,80,0
4,1,1000,0,0,1,0,0,1200,1,63,0,80,12,0
1,4,1001,1,0,0,1,1,1110,1,0,108,39,0,0
4,1,1001,1,0,1,0,0,1260,1,45,0,6,0,0
1,4,1002,2,0,0,1,1,1382,1,0,36,70,42,0
4,1,1002,2,0,1,0,0,1380,1,41,0,23,38,0
1,4,1003,0,1,0,1,1,1410,1,0,10,82,50,0
4,1,1003,0,1,1,0,0,1410,1,10,0,50,82,0
1,4,1004,1,1,0,1,1,1200,1,0,98,42,19,0
4,1,1004,1,1,1,0,0,1006,1,108,0,0,36,0
1,4,1005,2,1,0,1,1,1222,1,0,32,211,53,0
4,1,1005,2,1,1,0,1,654,1,0,60,49,129,0
1,4,1006,0,2,0,1,1,1260,1,0,66,56,65,0
4,1,1006,0,2,1,0,0,1260,1,66,0,65,56,0
1,4,1007,1,2,0,1,1,1110,1,0,102,93,105,0
4,1,1007,1,2,1,0,0,1230,1,71,0,29,58,0
1,4,1008,2,2,0,1,1,1179,1,0,69,67,17,0
4,1,1008,2,2,1,0,0,1350,1,34,0,83,184,0
1,5,1000,0,0,0,1,0,1630,1,97,0,37,9,0
5,1,1000,0,0,1,0,1,1630,1,0,97,9,37,0
1,5,1001,1,0,0,1,0,1375,1,51,0,87,80,0
5,1,1001,1,0,1,0,1,1810,1,0,72,0,54,0
1,5,1002,2,0,0,1,0,1117,1,96,0,27,41,0
5,1,1002,2,0,1,0,1,1387,1,0,114,68,24,0
1,5,1003,0,1,0,1,1,1504,1,0,11,9,1,0
5,1,1003,0,1,1,0,0,1504,1,11,0,1,9,0
1,5,1004,1,1,0,1,0,1099,1,135,0,6,64,0
5,1,1004,1,1,1,0,1,1549,1,0,80,0,48,0
1,5,1005,2,1,0,1,0,946,1,73,0,10,2,0
5,1,1005,2,1,1,0,1,1516,1,0,91,0,39,0
1,5,1006,0,2,0,1,0,1501,1,106,0,169,7,0
5,1,1006,0,2,1,0,1,1501,1,0,106,7,169,0
1,5,1007,1,2,0,1,0,1180,1,26,0,165,73,0
5,1,1007,1,2,1,0,1,1198,1,0,91,0,3,0
1,5,1008,2,2,0,1,0,1561,1,70,0,176,2,0
5,1,1008,2,2,1,0,1,1336,1,0,87,59,0,0
1,6,1000,0,0,0,1,0,856,1,63,0,0,10,0
6,1,1000,0,0,1,0,1,856,1,0,63,10,0,0
1,6,1001,1,0,0,1,1,1944,1,0,31,204,440,0
6,1,1001,1,0,1,0,1,1930,1,0,56,251,36,0
1,6,1002,2,0,0,1,0,832,1,100,0,66,44,0
6,1,1002,2,0,1,0,1,1586,1,0,8,20,27,0
1,6,1003,0,1,0,1,0,706,1,83,0,85,0,0
6,1,1003,0,1,1,0,1,706,1,0,83,0,85,0
1,6,1004,1,1,0,1,0,1348,1,74,0,70,24,0
6,1,1004,1,1,1,0,1,1537,1,0,103,75,103,0
1,6,1005,2,1,0,1,0,2145,1,111,0,53,57,0
6,1,1005,2,1,1,0,1,1463,1,0,50,97,129,0
1,6,1006,0,2,0,1,0,696,1,97,0,73,0,0
6,1,1006,0,2,1,0,1,696,1,0,97,0,73,0
1,6,1007,1,2,0,1,0,607,1,54,0,69,5,0
6,1,1007,1,2,1,0,1,660,1,0,103,0,81,0
1,6,1008,2,2,0,1,0,515,1,74,0,102,6,0
6,1,1008,2,2,1,0,0,1482,1,35,0,36,114,0
1,7,1000,0,0,0,1,0,418,1,43,0,0,17,0
7,1,1000,0,0,1,0,1,418,1,0,43,17,0,0
1,7,1001,1,0,0,1,0,496,1,54,0,0,17,0
7,1,1001,1,0,1,0,1,454,1,0,127,35,20,0
1,7,1002,2,0,0,1,1,411,1,0,8,0,17,0
7,1,1002,2,0,1,0,1,468,1,0,73,17,0,0
1,7,1003,0,1,0,1,0,433,1,77,0,46,12,0
7,1,1003,0,1,1,0,1,433,1,0,77,12,46,0
1,7,1004,1,1,0,1,0,453,1,68,0,0,17,0
7,1,1004,1,1,1,0,1,421,1,0,69,17,0,0
1,7,1005,2,1,0,1,0,262,1,111,0,0,17,0
7,1,1005,2,1,1,0,1,325,1,0,123,14,0,0
1,7,1006,0,2,0,1,0,367,1,96,0,0,17,0
7,1,1006,0,2,1,0,1,367,1,0,96,17,0,0
1,7,1007,1,2,0,1,0,367,1,96,0,0,17,0
7,1,1007,1,2,1,0,1,505,1,0,102,14,0,0
1,7,1008,2,2,0,1,0,433,1,31,0,0,17,0
7,1,1008,2,2,1,0,1,466,1,0,60,14,10,0
1,8,1000,0,0,0,1,0,2377,1,114,0,283,99,0
8,1,1000,0,0,1,0,1,2377,1,0,114,99,283,0
1,8,1001,1,0,0,1,1,2700,3,113,25,187,217,0
8,1,1001,1,0,1,0,0,2368,2,60,79,600,26,0
1,8,1002,2,0,0,1,0,1672,1,32,0,9,0,0
8,1,1002,2,0,1,0,1,2272,1,0,67,458,206,0
1,8,1003,0,1,0,1,1,2700,3,55,14,100,518,0
8,1,1003,0,1,1,0,0,2700,3,3,60,527,109,0
1,8,1004,1,1,0,1,0,2190,1,97,0,181,364,0
8,1,1004,1,1,1,0,1,1756,1,0,58,101,43,0
1,8,1005,2,1,0,1,0,1305,1,93,0,196,44,0
8,1,1005,2,1,1,0,1,1915,1,0,102,250,537,0
1,8,1006,0,2,0,1,0,1837,1,78,0,307,186,0
8,1,1006,0,2,1,0,1,1837,1,0,78,186,307,0
1,8,1007,1,2,0,1,0,1963,1,66,0,186,252,0
8,1,1007,1,2,1,0,1,1891,1,0,63,117,98,0
1,8,1008,2,2,0,1,0,1889,1,26,0,69,0,0
8,1,1008,2,2,1,0,1,1843,1,0,128,46,19,0
1,9,1000,0,0,0,1,0,916,1,123,0,13,56,0
9,1,1000,0,0,1,0,1,916,1,0,123,56,13,0
1,9,1001,1,0,0,1,0,1327,1,101,0,16,13,0
9,1,1001,1,0,1,0,1,1207,1,0,100,0,33,0
1,9,1002,2,0,0,1,0,1267,1,23,0,18,3,0
9,1,1002,2,0,1,0,1,1336,1,0,75,0,255,0
1,9,1003,0,1,0,1,0,820,1,125,0,96,0,0
9,1,1003,0,1,1,0,1,820,1,0,125,0,96,0
1,9,1004,1,1,0,1,0,1009,1,108,0,25,0,0
9,1,1004,1,1,1,0,1,1186,1,0,105,3,90,0
1,9,1005,2,1,0,1,0,1666,1,41,0,200,0,0
9,1,1005,2,1,1,0,1,1511,1,0,97,6,33,0
1,9,1006,0,2,0,1,0,1312,1,134,0,13,0,0
9,1,1006,0,2,1,0,1,1312,1,0,134,0,13,0
1,9,1007,1,2,0,1,0,874,1,113,0,14,31,0
9,1,1007,1,2,1,0,1,2201,1,0,66,0,218,0
1,9,1008,2,2,0,1,0,889,1,101,0,14,0,0
9,1,1008,2,2,1,0,1,1840,1,0,102,49,33,0
1,10,1000,0,0,0,1,1,1271,1,0,79,100,59,0
10,1,1000,0,0,1,0,0,1271,1,79,0,59,100,0
1,10,1001,1,0,0,1,0,2278,1,50,0,299,446,0
10,1,1001,1,0,1,0,1,1479,1,0,84,40,186,0
1,10,1002,2,0,0,1,1,1029,1,0,37,56,27,0
10,1,1002,2,0,1,0,1,1081,1,0,9,0,16,0
1,10,1003,0,1,0,1,0,2068,1,32,0,352,138,0
10,1,1003,0,1,1,0,1,2068,1,0,32,138,352,0
1,10,1004,1,1,0,1,0,949,1,66,0,116,34,0
10,1,1004,1,1,1,0,1,2110,1,0,45,32,339,0
1,10,1005,2,1,0,1,1,1733,1,0,53,2,14,0
10,1,1005,2,1,1,0,0,1195,1,97,0,93,74,0
1,10,1006,0,2,0,1,0,1755,1,47,0,55,102,0
10,1,1006,0,2,1,0,1,1755,1,0,47,102,55,0
1,10,1007,1,2,0,1,0,1609,1,69,0,115,139,0
10,1,1007,1,2,1,0,1,1233,1,0,58,0,54,0
1,10,1008,2,2,0,1,0,1708,1,38,0,39,70,0
10,1,1008,2,2,1,0,1,1588,1,0,16,0,24,0
1,11,1000,0,0,0,1,0,1681,1,129,0,21,0,0
11,1,1000,0,0,1,0,1,1681,1,0,129,0,21,0
1,11,1001,1,0,0,1,0,1513,1,123,0,0,0,0
11,1,1001,1,0,1,0,1,1528,1,0,120,7,0,0
1,11,1002,2,0,0,1,0,1390,1,139,0,52,5,0
11,1,1002,2,0,1,0,1,1726,1,0,36,4,56,0
1,11,1003,0,1,0,1,1,1864,1,0,6,21,0,0
11,1,1003,0,1,1,0,0,1864,1,6,0,0,21,0
1,11,1004,1,1,0,1,0,1048,1,76,0,160,39,0
11,1,1004,1,1,1,0,1,1948,1,0,94,0,99,0
1,11,1005,2,1,0,1,0,1459,1,15,0,67,29,0
11,1,1005,2,1,1,0,1,1354,1,0,61,58,159,0
1,11,1006,0,2,0,1,0,1228,1,80,0,176,12,0
11,1,1006,0,2,1,0,1,1228,1,0,80,12,176,0
1,11,1007,1,2,0,1,0,1993,1,19,0,114,55,0
11,1,1007,1,2,1,0,0,1949,1,27,0,54,148,0
1,11,1008,2,2,0,1,0,1483,1,60,0,70,23,0
11,1,1008,2,2,1,0,0,982,1,37,0,0,24,0
1,12,1000,0,0,0,1,0,1060,1,70,0,39,35,0
12,1,1000,0,0,1,0,1,1060,1,0,70,35,39,0
1,12,1001,1,0,0,1,0,1078,1,42,0,0,21,0
12,1,1001,1,0,1,0,0,1144,1,1,0,19,0,0
1,12,1002,2,0,0,1,0,852,1,34,0,0,21,0
12,1,1002,2,0,1,0,0,743,1,60,0,22,152,0
1,12,1003,0,1,0,1,1,745,1,0,54,55,46,0
12,1,1003,0,1,1,0,0,745,1,54,0,46,55,0
1,12,1004,1,1,0,1,0,748,1,70,0,126,22,0
12,1,1004,1,1,1,0,1,1147,1,0,39,33,89,0
1,12,1005,2,1,0,1,1,805,1,0,23,0,22,0
12,1,1005,2,1,1,0,0,722,1,74,0,49,0,0
1,12,1006,0,2,0,1,1,701,1,0,63,0,21,0
12,1,1006,0,2,1,0,0,701,1,63,0,21,0,0
1,12,1007,1,2,0,1,1,835,1,0,86,0,21,0
12,1,1007,1,2,1,0,1,1060,1,0,13,34,0,0
1,12,1008,2,2,0,1,0,970,1,51,0,0,21,0
12,1,1008,2,2,1,0,0,904,1,58,0,19,0,0
1,13,1000,0,0,0,1,0,708,1,7,0,31,13,0
13,1,1000,0,0,1,0,1,708,1,0,7,13,31,0
1,13,1001,1,0,0,1,1,1047,1,0,67,11,0,0
13,1,1001,1,0,1,0,0,1091,1,93,0,28,79,0
1,13,1002,2,0,0,1,1,846,1,0,23,7,32,0
13,1,1002,2,0,1,0,0,1505,1,59,0,44,35,0
1,13,1003,0,1,0,1,0,889,1,78,0,6,30,0
13,1,1003,0,1,1,0,1,889,1,0,78,30,6,0
1,13,1004,1,1,0,1,1,1026,1,0,22,31,0,0
13,1,1004,1,1,1,0,0,1264,1,71,0,10,11,0
1,13,1005,2,1,0,1,1,1272,1,0,27,65,16,0
13,1,1005,2,1,1,0,0,933,1,52,0,9,32,0
1,13,1006,0,2,0,1,1,917,1,0,49,44,5,0
13,1,1006,0,2,1,0,0,917,1,49,0,5,44,0
1,13,1007,1,2,0,1,1,810,1,0,45,0,0,0
13,1,1007,1,2,1,0,0,1218,1,1,0,11,30,0
1,13,1008,2,2,0,1,1,645,1,0,82,23,38,0
13,1,1008,2,2,1,0,0,954,1,39,0,9,7,0
1,14,1000,0,0,0,1,1,585,1,0,16,35,0,0
14,1,1000,0,0,1,0,0,585,1,16,0,0,35,0
1,14,1001,1,0,0,1,0,551,1,62,0,7,0,0
14,1,1001,1,0,1,0,1,747,1,0,92,0,0,0
1,14,1002,2,0,0,1,1,987,1,0,4,90,70,0
14,1,1002,2,0,1,0,0,597,1,89,0,0,18,0
1,14,1003,0,1,0,1,0,631,1,60,0,81,0,0
14,1,1003,0,1,1,0,1,631,1,0,60,0,81,0
1,14,1004,1,1,0,1,1,836,1,0,13,96,83,0
14,1,1004,1,1,1,0,1,970,1,0,35,73,149,0
1,14,1005,2,1,0,1,0,805,1,22,0,45,0,0
14,1,1005,2,1,1,0,1,709,1,0,32,0,0,0
1,14,1006,0,2,0,1,0,706,1,104,0,0,0,0
14,1,1006,0,2,1,0,1,706,1,0,104,0,0,0
1,14,1007,1,2,0,1,0,685,1,96,0,31,11,0
14,1,1007,1,2,1,0,0,710,1,5,0,0,0,0
1,14,1008,2,2,0,1,0,718,1,46,0,7,0,0
14,1,1008,2,2,1,0,0,806,1,12,0,0,0,0
1,15,1000,0,0,0,1,1,2644,2,139,125,115,600,0
15,1,1000,0,0,1,0,0,1861,1,106,0,32,65,0
1,15,1001,1,0,0,1,1,1742,1,0,91,105,44,0
15,1,1001,1,0,1,0,1,2503,2,130,66,281,600,0
1,15,1002,2,0,0,1,0,2700,3,33,130,365,229,0
15,1,1002,2,0,1,0,1,1759,1,0,35,87,29,0
1,15,1003,0,1,0,1,0,2465,2,97,117,600,1,0
15,1,1003,0,1,1,0,1,2465,2,117,97,1,600,0
1,15,1004,1,1,0,1,0,2700,3,30,42,342,51,0
15,1,1004,1,1,1,0,0,2700,3,83,82,451,359,0
1,15,1005,2,1,0,1,0,2700,3,46,22,218,120,0
15,1,1005,2,1,1,0,0,2331,2,125,49,600,242,0
1,15,1006,0,2,0,1,1,2410,1,0,49,184,90,0
15,1,1006,0,2,1,0,0,2410,1,49,0,90,184,0
1,15,1007,1,2,0,1,0,2308,1,42,0,368,69,0
15,1,1007,1,2,1,0,1,2700,3,130,77,16,577,0
1,15,1008,2,2,0,1,1,2204,1,0,114,229,15,0
15,1,1008,2,2,1,0,0,2087,1,78,0,300,520,0
1,16,1000,0,0,0,1,0,809,1,102,0,58,13,0
16,1,1000,0,0,1,0,1,809,1,0,102,13,58,0
1,16,1001,1,0,0,1,0,1387,1,49,0,2,15,0
16,1,1001,1,0,1,0,1,1243,1,0,109,38,30,0
1,16,1002,2,0,0,1,0,871,1,97,0,8,0,0
16,1,1002,2,0,1,0,1,1221,1,0,63,0,45,0
1,16,1003,0,1,0,1,0,1618,1,28,0,1,7,0
16,1,1003,0,1,1,0,1,1618,1,0,28,7,1,0
1,16,1004,1,1,0,1,0,781,1,86,0,0,0,0
16,1,1004,1,1,1,0,1,836,1,0,82,1,69,0
1,16,1005,2,1,0,1,0,909,1,137,0,0,0,0
16,1,1005,2,1,1,0,1,1792,1,0,40,131,5,0
1,16,1006,0,2,0,1,0,1612,1,12,0,26,5,0
16,1,1006,0,2,1,0,1,1612,1,0,12,5,26,0
1,16,1007,1,2,0,1,0,1402,1,21,0,54,8,0
16,1,1007,1,2,1,0,1,740,1,0,125,0,237,0
1,16,1008,2,2,0,1,0,1103,1,92,0,33,14,0
16,1,1008,2,2,1,0,1,1091,1,0,35,0,59,0
1,17,1000,0,0,0,1,0,667,1,23,0,14,45,0
17,1,1000,0,0,1,0,1,667,1,0,23,45,14,0
1,17,1001,1,0,0,1,1,459,1,0,29,47,2,0
17,1,1001,1,0,1,0,0,553,1,66,0,0,18,0
1,17,1002,2,0,0,1,0,826,1,28,0,95,0,0
17,1,1002,2,0,1,0,1,472,1,0,23,0,2,0
1,17,1003,0,1,0,1,0,616,1,79,0,30,0,0
17,1,1003,0,1,1,0,1,616,1,0,79,0,30,0
1,17,1004,1,1,0,1,1,466,1,0,65,25,0,0
17,1,1004,1,1,1,0,0,480,1,23,0,0,17,0
1,17,1005,2,1,0,1,0,607,1,51,0,20,0,0
17,1,1005,2,1,1,0,1,640,1,0,22,5,2,0
1,17,1006,0,2,0,1,0,443,1,55,0,2,0,0
17,1,1006,0,2,1,0,1,443,1,0,55,0,2,0
1,17,1007,1,2,0,1,1,556,1,0,10,0,3,0
17,1,1007,1,2,1,0,0,466,1,64,0,5,33,0
1,17,1008,2,2,0,1,0,535,1,15,0,0,2,0
17,1,1008,2,2,1,0,1,523,1,0,44,7,29,0
1,18,1000,0,0,0,1,0,1186,1,44,0,59,19,0
18,1,1000,0,0,1,0,1,1186,1,0,44,19,59,0
1,18,1001,1,0,0,1,0,658,1,39,0,96,0,0
18,1,1001,1,0,1,0,0,1186,1,62,0,8,30,0
1,18,1002,2,0,0,1,0,880,1,57,0,191,0,0
18,1,1002,2,0,1,0,0,1267,1,15,0,49,71,0
1,18,1003,0,1,0,1,0,1039,1,55,0,248,9,0
18,1,1003,0,1,1,0,1,1039,1,0,55,9,248,0
1,18,1004,1,1,0,1,0,1023,1,4,0,49,14,0
18,1,1004,1,1,1,0,1,1495,1,0,29,7,4,0
1,18,1005,2,1,0,1,1,1039,1,0,65,106,52,0
18,1,1005,2,1,1,0,1,1642,1,0,21,0,79,0
1,18,1006,0,2,0,1,0,1380,1,4,0,29,4,0
18,1,1006,0,2,1,0,1,1380,1,0,4,4,29,0
1,18,1007,1,2,0,1,1,799,1,0,66,35,64,0
18,1,1007,1,2,1,0,0,1702,1,19,0,34,45,0
1,18,1008,2,2,0,1,1,1159,1,0,40,42,83,0
18,1,1008,2,2,1,0,0,1114,1,54,0,0,28,0
1,19,1000,0,0,0,1,1,1194,1,0,47,65,47,0
19,1,1000,0,0,1,0,0,1194,1,47,0,47,65,0
1,19,1001,1,0,0,1,1,1261,1,0,1,27,21,0
19,1,1001,1,0,1,0,0,1309,1,52,0,25,44,0
1,19,1002,2,0,0,1,0,976,1,54,0,0,1,0
19,1,1002,2,0,1,0,0,1703,1,41,0,147,94,0
1,19,1003,0,1,0,1,0,1316,1,30,0,90,26,0
19,1,1003,0,1,1,0,1,1316,1,0,30,26,90,0
1,19,1004,1,1,0,1,0,1239,1,1,0,75,19,0
19,1,1004,1,1,1,0,0,1525,1,65,0,0,14,0
1,19,1005,2,1,0,1,1,1450,1,0,73,47,0,0
19,1,1005,2,1,1,0,0,1221,1,39,0,0,33,0
1,19,1006,0,2,0,1,1,1030,1,0,10,10,0,0
19,1,1006,0,2,1,0,0,1030,1,10,0,0,10,0
1,19,1007,1,2,0,1,0,883,1,71,0,30,0,0
19,1,1007,1,2,1,0,0,1150,1,95,0,0,24,0
1,19,1008,2,2,0,1,1,1345,1,0,70,129,87,0
19,1,1008,2,2,1,0,0,1051,1,115,0,0,8,0
1,20,1000,0,0,0,1,0,1475,1,57,0,82,34,0
20,1,1000,0,0,1,0,1,1475,1,0,57,34,82,0
1,20,1001,1,0,0,1,0,2035,2,131,64,600,138,0
20,1,1001,1,0,1,0,1,2513,1,0,95,401,553,0
1,20,1002,2,0,0,1,1,2466,1,0,30,67,127,0
20,1,1002,2,0,1,0,0,2131,1,40,0,298,307,0
1,20,1003,0,1,0,1,0,2572,1,30,0,161,101,0
20,1,1003,0,1,1,0,1,2572,1,0,30,101,161,0
1,20,1004,1,1,0,1,0,1096,1,93,0,145,103,0
20,1,1004,1,1,1,0,1,2700,3,7,59,175,484,0
1,20,1005,2,1,0,1,1,2247,1,0,32,143,186,0
20,1,1005,2,1,1,0,1,2700,3,12,60,63,103,0
1,20,1006,0,2,0,1,0,1975,1,54,0,215,155,0
20,1,1006,0,2,1,0,1,1975,1,0,54,155,215,0
1,20,1007,1,2,0,1,0,2037,1,80,0,352,263,0
20,1,1007,1,2,1,0,1,1861,1,0,37,108,58,0
1,20,1008,2,2,0,1,0,2389,1,24,0,199,385,0
20,1,1008,2,2,1,0,1,1366,1,0,36,36,0,0
1,21,1000,0,0,0,1,0,967,1,20,0,76,128,0
21,1,1000,0,0,1,0,1,967,1,0,20,128,76,0
1,21,1001,1,0,0,1,0,1173,1,33,0,71,15,0
21,1,1001,1,0,1,0,0,1005,1,14,0,102,69,0
1,21,1002,2,0,0,1,0,781,1,61,0,24,40,0
21,1,1002,2,0,1,0,1,646,1,0,66,0,235,0
1,21,1003,0,1,0,1,1,1081,1,0,26,7,11,0
21,1,1003,0,1,1,0,0,1081,1,26,0,11,7,0
1,21,1004,1,1,0,1,0,970,1,49,0,80,40,0
21,1,1004,1,1,1,0,0,928,1,41,0,0,7,0
1,21,1005,2,1,0,1,0,1281,1,24,0,0,0,0
21,1,1005,2,1,1,0,1,1270,1,0,42,0,32,0
1,21,1006,0,2,0,1,1,1391,1,0,37,18,17,0
21,1,1006,0,2,1,0,0,1391,1,37,0,17,18,0
1,21,1007,1,2,0,1,0,988,1,44,0,15,8,0
21,1,1007,1,2,1,0,1,826,1,0,42,25,105,0
1,21,1008,2,2,0,1,0,864,1,42,0,93,10,0
21,1,1008,2,2,1,0,0,1338,1,19,0,18,34,0
1,22,1000,0,0,0,1,0,1663,1,27,0,243,223,0
22,1,1000,0,0,1,0,1,1663,1,0,27,223,243,0
1,22,1001,1,0,0,1,0,1981,1,63,0,359,146,0
22,1,1001,1,0,1,0,1,1435,1,0,93,26,22,0
1,22,1002,2,0,0,1,0,1138,1,113,0,99,74,0
22,1,1002,2,0,1,0,1,1271,1,0,128,93,133,0
1,22,1003,0,1,0,1,0,956,1,111,0,175,85,0
22,1,1003,0,1,1,0,1,956,1,0,111,85,175,0
1,22,1004,1,1,0,1,0,1087,1,67,0,118,15,0
22,1,1004,1,1,1,0,1,1330,1,0,70,17,116,0
1,22,1005,2,1,0,1,0,1114,1,70,0,77,90,0
22,1,1005,2,1,1,0,1,1222,1,0,106,25,115,0
1,22,1006,0,2,0,1,0,1689,1,139,0,227,83,0
22,1,1006,0,2,1,0,1,1689,1,0,139,83,227,0
1,22,1007,1,2,0,1,0,1267,1,139,0,268,57,0
22,1,1007,1,2,1,0,1,1292,1,0,130,24,0,0
1,22,1008,2,2,0,1,0,960,1,131,0,12,0,0
22,1,1008,2,2,1,0,0,1076,1,19,0,24,23,0
1,23,1000,0,0,0,1,0,759,1,17,0,167,0,0
23,1,1000,0,0,1,0,1,759,1,0,17,0,167,0
1,23,1001,1,0,0,1,0,718,1,55,0,63,28,0
23,1,1001,1,0,1,0,0,702,1,40,0,24,105,0
1,23,1002,2,0,0,1,0,628,1,68,0,70,0,0
23,1,1002,2,0,1,0,0,648,1,22,0,18,71,0
1,23,1003,0,1,0,1,1,903,1,0,8,0,0,0
23,1,1003,0,1,1,0,0,903,1,8,0,0,0,0
1,23,1004,1,1,0,1,0,871,1,68,0,72,0,0
23,1,1004,1,1,1,0,0,633,1,64,0,0,12,0
1,23,1005,2,1,0,1,0,772,1,69,0,109,0,0
23,1,1005,2,1,1,0,1,574,1,0,109,0,9,0
1,23,1006,0,2,0,1,1,747,1,0,4,2,0,0
23,1,1006,0,2,1,0,0,747,1,4,0,0,2,0
1,23,1007,1,2,0,1,1,810,1,0,25,2,0,0
23,1,1007,1,2,1,0,1,762,1,0,35,12,2,0
1,23,1008,2,2,0,1,0,520,1,69,0,2,0,0
23,1,1008,2,2,1,0,1,943,1,0,7,9,34,0
1,24,1000,0,0,0,1,0,1195,1,52,0,14,0,0
24,1,1000,0,0,1,0,1,1195,1,0,52,0,14,0
1,24,1001,1,0,0,1,0,778,1,83,0,0,0,0
24,1,1001,1,0,1,0,1,1414,1,0,42,51,0,0
1,24,1002,2,0,0,1,0,1241,1,58,0,0,9,0
24,1,1002,2,0,1,0,1,1169,1,0,93,0,0,0
1,24,1003,0,1,0,1,0,889,1,84,0,41,0,0
24,1,1003,0,1,1,0,1,889,1,0,84,0,41,0
1,24,1004,1,1,0,1,0,1108,1,71,0,14,69,0
24,1,1004,1,1,1,0,0,855,1,6,0,50,122,0
1,24,1005,2,1,0,1,0,1129,1,88,0,134,88,0
24,1,1005,2,1,1,0,1,1101,1,0,41,0,0,0
1,24,1006,0,2,0,1,0,1166,1,38,0,184,0,0
24,1,1006,0,2,1,0,1,1166,1,0,38,0,184,0
1,24,1007,1,2,0,1,0,955,1,139,0,78,17,0
24,1,1007,1,2,1,0,1,886,1,0,80,0,0,0
1,24,1008,2,2,0,1,0,1024,1,89,0,0,0,0
24,1,1008,2,2,1,0,1,1411,1,0,85,0,0,0
1,25,1000,0,0,0,1,0,874,1,17,0,44,109,0
25,1,1000,0,0,1,0,1,874,1,0,17,109,44,0
1,25,1001,1,0,0,1,1,1564,1,0,28,130,117,0
25,1,1001,1,0,1,0,1,1117,1,0,65,10,27,0
1,25,1002,2,0,0,1,0,1195,1,24,0,155,77,0
25,1,1002,2,0,1,0,1,532,1,0,88,5,33,0
1,25,1003,0,1,0,1,0,1125,1,23,0,311,0,0
25,1,1003,0,1,1,0,1,1125,1,0,23,0,311,0
1,25,1004,1,1,0,1,0,1122,1,6,0,0,0,0
25,1,1004,1,1,1,0,1,1180,1,0,62,9,286,0
1,25,1005,2,1,0,1,0,901,1,40,0,38,0,0
25,1,1005,2,1,1,0,1,1642,1,0,11,6,19,0
1,25,1006,0,2,0,1,0,1117,1,82,0,48,0,0
25,1,1006,0,2,1,0,1,1117,1,0,75,0,48,0
1,25,1007,1,2,0,1,1,1651,1,0,3,35,0,0
25,1,1007,1,2,1,0,1,1318,1,0,21,0,77,0
1,25,1008,2,2,0,1,0,1321,1,18,0,35,59,0
25,1,1008,2,2,1,0,1,1228,1,0,29,22,51,0
1,26,1000,0,0,0,1,0,1304,1,39,0,68,43,0
26,1,1000,0,0,1,0,1,1304,1,0,39,43,68,0
1,26,1001,1,0,0,1,0,1216,1,35,0,28,0,0
26,1,1001,1,0,1,0,1,1297,1,0,42,5,10,0
1,26,1002,2,0,0,1,0,1099,1,49,0,14,4,0
26,1,1002,2,0,1,0,1,832,1,0,135,36,181,0
1,26,1003,0,1,0,1,0,847,1,133,0,64,3,0
26,1,1003,0,1,1,0,1,847,1,0,133,3,64,0
1,26,1004,1,1,0,1,1,1326,1,0,24,0,0,0
26,1,1004,1,1,1,0,1,1318,1,0,17,0,47,0
1,26,1005,2,1,0,1,0,1073,1,11,0,57,6,0
26,1,1005,2,1,1,0,1,1177,1,0,69,0,14,0
1,26,1006,0,2,0,1,0,607,1,118,0,76,38,0
26,1,1006,0,2,1,0,1,607,1,0,118,38,76,0
1,26,1007,1,2,0,1,0,814,1,121,0,181,8,0
26,1,1007,1,2,1,0,1,982,1,0,105,0,52,0
1,26,1008,2,2,0,1,0,656,1,125,0,8,0,0
26,1,1008,2,2,1,0,1,712,1,0,120,0,3,0
1,27,1000,0,0,0,1,1,1317,1,0,34,73,66,0
27,1,1000,0,0,1,0,0,1317,1,34,0,66,73,0
1,27,1001,1,0,0,1,0,1459,1,19,0,0,8,0
27,1,1001,1,0,1,0,1,1696,1,0,67,37,164,0
1,27,1002,2,0,0,1,0,1345,1,79,0,0,0,0
27,1,1002,2,0,1,0,1,868,1,0,68,2,0,0
1,27,1003,0,1,0,1,1,1794,1,0,8,49,37,0
27,1,1003,0,1,1,0,0,1794,1,8,0,37,49,0
1,27,1004,1,1,0,1,0,1618,1,15,0,28,82,0
27,1,1004,1,1,1,0,1,1481,1,0,67,0,115,0
1,27,1005,2,1,0,1,1,1495,1,0,34,54,0,0
27,1,1005,2,1,1,0,1,2068,1,0,69,6,230,0
1,27,1006,0,2,0,1,0,1225,1,45,0,60,97,0
27,1,1006,0,2,1,0,1,1225,1,0,45,97,60,0
1,27,1007,1,2,0,1,0,1375,1,50,0,60,0,0
27,1,1007,1,2,1,0,1,2059,1,0,10,283,146,0
1,27,1008,2,2,0,1,0,1196,1,66,0,133,24,0
27,1,1008,2,2,1,0,1,1810,1,0,12,77,173,0
1,28,1000,0,0,0,1,1,843,1,0,45,14,0,0
28,1,1000,0,0,1,0,0,843,1,45,0,0,14,0
1,28,1001,1,0,0,1,0,1429,1,4,0,3,39,0
28,1,1001,1,0,1,0,0,957,1,19,0,0,4,0
1,28,1002,2,0,0,1,0,795,1,26,0,39,86,0
28,1,1002,2,0,1,0,1,867,1,0,79,68,164,0
1,28,1003,0,1,0,1,0,806,1,10,0,11,0,0
28,1,1003,0,1,1,0,1,806,1,0,10,0,11,0
1,28,1004,1,1,0,1,1,876,1,0,48,10,0,0
28,1,1004,1,1,1,0,1,824,1,0,4,14,1,0
1,28,1005,2,1,0,1,1,933,1,0,57,4,0,0
28,1,1005,2,1,1,0,0,547,1,39,0,0,5,0
1,28,1006,0,2,0,1,1,873,1,0,23,61,4,0
28,1,1006,0,2,1,0,0,873,1,23,0,4,61,0
1,28,1007,1,2,0,1,1,699,1,0,57,53,0,0
28,1,1007,1,2,1,0,0,894,1,10,0,0,5,0
1,28,1008,2,2,0,1,1,883,1,0,45,8,47,0
28,1,1008,2,2,1,0,0,1302,1,37,0,0,25,0
1,29,1000,0,0,0,1,0,1339,1,78,0,63,30,0
29,1,1000,0,0,1,0,1,1339,1,0,78,30,63,0
1,29,1001,1,0,0,1,0,1675,1,41,0,65,51,0
29,1,1001,1,0,1,0,1,1783,1,0,13,40,313,0
1,29,1002,2,0,0,1,0,802,1,97,0,0,0,0
29,1,1002,2,0,1,0,1,1299,1,0,27,5,63,0
1,29,1003,0,1,0,1,0,1665,1,59,0,122,32,0
29,1,1003,0,1,1,0,1,1665,1,0,59,32,122,0
1,29,1004,1,1,0,1,0,1124,1,139,0,161,0,0
29,1,1004,1,1,1,0,1,1231,1,0,101,0,0,0
1,29,1005,2,1,0,1,0,1579,1,18,0,118,62,0
29,1,1005,2,1,1,0,0,927,1,62,0,0,98,0
1,29,1006,0,2,0,1,0,1186,1,11,0,169,4,0
29,1,1006,0,2,1,0,1,1186,1,0,11,4,169,0
1,29,1007,1,2,0,1,1,1186,1,0,14,98,47,0
29,1,1007,1,2,1,0,1,1525,1,0,69,82,231,0
1,29,1008,2,2,0,1,0,1162,1,31,0,57,2,0
29,1,1008,2,2,1,0,1,1009,1,0,38,16,28,0
1,30,1000,0,0,0,1,1,973,1,0,47,84,33,0
30,1,1000,0,0,1,0,0,973,1,47,0,33,84,0
1,30,1001,1,0,0,1,0,1477,1,26,0,198,62,0
30,1,1001,1,0,1,0,1,1121,1,0,101,115,151,0
1,30,1002,2,0,0,1,1,718,1,0,76,53,0,0
30,1,1002,2,0,1,0,0,1168,1,8,0,22,8,0
1,30,1003,0,1,0,1,1,1255,1,0,33,29,0,0
30,1,1003,0,1,1,0,0,1255,1,33,0,0,29,0
1,30,1004,1,1,0,1,1,1096,1,0,65,58,1,0
30,1,1004,1,1,1,0,1,1675,1,0,65,5,92,0
1,30,1005,2,1,0,1,1,1276,1,0,4,11,0,0
30,1,1005,2,1,1,0,1,873,1,0,68,9,156,0
1,30,1006,0,2,0,1,1,892,1,0,76,80,31,0
30,1,1006,0,2,1,0,0,892,1,76,0,31,80,0
1,30,1007,1,2,0,1,0,871,1,92,0,28,0,0
30,1,1007,1,2,1,0,0,1258,1,64,0,13,46,0
1,30,1008,2,2,0,1,1,1219,1,0,39,46,33,0
30,1,1008,2,2,1,0,0,1324,1,54,0,17,29,0
1,31,1000,0,0,0,1,1,1936,1,0,47,87,60,0
31,1,1000,0,0,1,0,0,1936,1,47,0,60,87,0
1,31,1001,1,0,0,1,0,1908,1,62,0,201,41,0
31,1,1001,1,0,1,0,0,1716,1,93,0,98,115,0
1,31,1002,2,0,0,1,0,874,1,66,0,0,0,0
31,1,1002,2,0,1,0,1,1093,1,0,51,13,27,0
1,31,1003,0,1,0,1,0,1632,1,68,0,10,22,0
31,1,1003,0,1,1,0,1,1632,1,0,68,22,10,0
1,31,1004,1,1,0,1,1,1072,1,0,58,95,40,0
31,1,1004,1,1,1,0,0,1686,1,41,0,100,112,0
1,31,1005,2,1,0,1,0,1820,1,69,0,67,66,0
31,1,1005,2,1,1,0,1,1699,1,0,28,21,77,0
1,31,1006,0,2,0,1,0,1755,1,106,0,87,66,0
31,1,1006,0,2,1,0,1,1755,1,0,106,66,87,0
1,31,1007,1,2,0,1,0,1129,1,124,0,154,82,0
31,1,1007,1,2,1,0,1,1120,1,0,37,56,211,0
1,31,1008,2,2,0,1,0,844,1,74,0,130,53,0
31,1,1008,2,2,1,0,1,1081,1,0,11,14,55,0
1,32,1000,0,0,0,1,0,1951,1,46,0,185,178,0
32,1,1000,0,0,1,0,1,1951,1,0,46,178,185,0
1,32,1001,1,0,0,1,0,1757,1,93,0,171,171,0
32,1,1001,1,0,1,0,0,1447,1,56,0,19,18,0
1,32,1002,2,0,0,1,0,1831,1,50,0,80,235,0
32,1,1002,2,0,1,0,1,1606,1,0,20,58,38,0
1,32,1003,0,1,0,1,0,2021,1,33,0,52,171,0
32,1,1003,0,1,1,0,1,2021,1,0,33,171,52,0
1,32,1004,1,1,0,1,0,1072,1,82,0,0,34,0
32,1,1004,1,1,1,0,1,1454,1,0,70,44,49,0
1,32,1005,2,1,0,1,0,2354,1,42,0,70,88,0
32,1,1005,2,1,1,0,0,1973,1,23,0,32,158,0
1,32,1006,0,2,0,1,1,1381,1,0,27,19,73,0
32,1,1006,0,2,1,0,0,1381,1,27,0,73,19,0
1,32,1007,1,2,0,1,0,1972,1,6,0,124,86,0
32,1,1007,1,2,1,0,1,1333,1,0,93,58,80,0
1,32,1008,2,2,0,1,1,1389,1,0,71,19,42,0
32,1,1008,2,2,1,0,0,1999,1,12,0,238,112,0
1,33,1000,0,0,0,1,0,1012,1,58,0,105,39,0
33,1,1000,0,0,1,0,1,1012,1,0,58,39,105,0
1,33,1001,1,0,0,1,0,916,1,74,0,46,0,0
33,1,1001,1,0,1,0,1,949,1,0,105,13,0,0
1,33,1002,2,0,0,1,0,859,1,88,0,40,22,0
33,1,1002,2,0,1,0,1,877,1,0,56,21,69,0
1,33,1003,0,1,0,1,0,922,1,10,0,133,28,0
33,1,1003,0,1,1,0,1,922,1,0,10,28,133,0
1,33,1004,1,1,0,1,1,1329,1,0,17,50,20,0
33,1,1004,1,1,1,0,1,1354,1,0,126,0,2,0
1,33,1005,2,1,0,1,0,934,1,44,0,52,133,0
33,1,1005,2,1,1,0,1,876,1,0,59,0,0,0
1,33,1006,0,2,0,1,0,709,1,138,0,49,6,0
33,1,1006,0,2,1,0,1,709,1,0,138,6,49,0
1,33,1007,1,2,0,1,0,1225,1,128,0,39,72,0
33,1,1007,1,2,1,0,1,1201,1,0,95,10,1,0
1,33,1008,2,2,0,1,0,923,1,60,0,72,32,0
33,1,1008,2,2,1,0,1,997,1,0,41,50,84,0
1,34,1000,0,0,0,1,0,835,1,62,0,92,41,0
34,1,1000,0,0,1,0,1,835,1,0,62,41,92,0
1,34,1001,1,0,0,1,0,853,1,97,0,118,109,0
34,1,1001,1,0,1,0,0,673,1,70,0,54,88,0
1,34,1002,2,0,0,1,0,599,1,56,0,106,36,0
34,1,1002,2,0,1,0,0,540,1,107,0,0,6,0
1,34,1003,0,1,0,1,0,739,1,69,0,28,0,0
34,1,1003,0,1,1,0,1,739,1,0,69,0,28,0
1,34,1004,1,1,0,1,0,904,1,20,0,38,4,0
34,1,1004,1,1,1,0,1,782,1,0,27,8,59,0
1,34,1005,2,1,0,1,0,1195,1,10,0,19,42,0
34,1,1005,2,1,1,0,1,985,1,0,48,29,54,0
1,34,1006,0,2,0,1,0,718,1,94,0,10,25,0
34,1,1006,0,2,1,0,1,718,1,0,94,25,10,0
1,34,1007,1,2,0,1,0,961,1,59,0,7,71,0
34,1,1007,1,2,1,0,0,718,1,23,0,51,114,0
1,34,1008,2,2,0,1,1,799,1,0,3,23,3,0
34,1,1008,2,2,1,0,1,916,1,0,27,53,81,0
1,35,1000,0,0,0,1,1,2411,1,0,42,411,88,0
35,1,1000,0,0,1,0,0,2411,1,42,0,88,411,0
1,35,1001,1,0,0,1,0,2700,3,66,32,462,0,0
35,1,1001,1,0,1,0,0,2044,1,71,0,45,375,0
1,35,1002,2,0,0,1,0,2229,1,45,0,305,101,0
35,1,1002,2,0,1,0,1,1905,1,0,8,0,16,0
1,35,1003,0,1,0,1,1,2094,1,0,4,248,97,0
35,1,1003,0,1,1,0,0,2094,1,4,0,97,248,0
1,35,1004,1,1,0,1,1,1281,1,0,61,42,0,0
35,1,1004,1,1,1,0,1,1398,1,0,56,0,0,0
1,35,1005,2,1,0,1,0,2700,3,25,36,445,0,0
35,1,1005,2,1,1,0,0,2074,1,37,0,0,131,0
1,35,1006,0,2,0,1,1,1952,1,0,54,144,5,0
35,1,1006,0,2,1,0,0,1952,1,54,0,5,144,0
1,35,1007,1,2,0,1,1,1693,1,0,25,45,0,0
35,1,1007,1,2,1,0,1,2236,1,0,50,16,219,0
1,35,1008,2,2,0,1,0,1539,1,12,0,0,2,0
35,1,1008,2,2,1,0,1,2152,1,0,57,0,88,0
1,36,1000,0,0,0,1,1,876,1,0,65,48,36,0
36,1,1000,0,0,1,0,0,876,1,65,0,36,48,0
1,36,1001,1,0,0,1,1,1247,1,0,69,95,60,0
36,1,1001,1,0,1,0,0,831,1,79,0,20,63,0
1,36,1002,2,0,0,1,1,516,1,0,98,5,20,0
36,1,1002,2,0,1,0,0,858,1,24,0,0,8,0
1,36,1003,0,1,0,1,1,856,1,0,50,54,6,0
36,1,1003,0,1,1,0,0,856,1,50,0,6,54,0
1,36,1004,1,1,0,1,1,1011,1,0,68,0,0,0
36,1,1004,1,1,1,0,0,832,1,64,0,0,46,0
1,36,1005,2,1,0,1,1,612,1,0,65,39,24,0
36,1,1005,2,1,1,0,1,792,1,0,16,0,2,0
1,36,1006,0,2,0,1,0,782,1,42,0,120,12,0
36,1,1006,0,2,1,0,1,782,1,0,42,12,120,0
1,36,1007,1,2,0,1,1,1401,1,0,45,152,0,0
36,1,1007,1,2,1,0,0,831,1,72,0,9,95,0
1,36,1008,2,2,0,1,0,750,1,47,0,12,0,0
36,1,1008,2,2,1,0,0,928,1,70,0,0,11,0
1,37,1000,0,0,0,1,0,1386,1,81,0,49,66,0
37,1,1000,0,0,1,0,1,1386,1,0,81,66,49,0
1,37,1001,1,0,0,1,0,668,1,113,0,24,42,0
37,1,1001,1,0,1,0,1,1042,1,0,73,39,153,0
1,37,1002,2,0,0,1,0,926,1,50,0,25,1,0
37,1,1002,2,0,1,0,1,780,1,0,96,8,90,0
1,37,1003,0,1,0,1,0,871,1,108,0,9,49,0
37,1,1003,0,1,1,0,1,871,1,0,108,49,9,0
1,37,1004,1,1,0,1,0,1449,1,18,0,35,19,0
37,1,1004,1,1,1,0,1,1221,1,0,78,0,72,0
1,37,1005,2,1,0,1,0,775,1,102,0,56,5,0
37,1,1005,2,1,1,0,1,1008,1,0,66,0,18,0
1,37,1006,0,2,0,1,0,1548,1,51,0,8,54,0
37,1,1006,0,2,1,0,1,1548,1,0,51,54,8,0
1,37,1007,1,2,0,1,0,919,1,88,0,79,37,0
37,1,1007,1,2,1,0,1,856,1,0,72,40,240,0
1,37,1008,2,2,0,1,0,784,1,106,0,20,15,0
37,1,1008,2,2,1,0,1,1105,1,0,48,16,76,0
1,38,1000,0,0,0,1,0,951,1,41,0,13,0,0
38,1,1000,0,0,1,0,1,951,1,0,41,0,13,0
1,38,1001,1,0,0,1,1,1114,1,0,57,12,0,0
38,1,1001,1,0,1,0,0,1160,1,34,0,0,15,0
1,38,1002,2,0,0,1,1,883,1,0,46,13,0,0
38,1,1002,2,0,1,0,1,1681,1,0,76,38,43,0
1,38,1003,0,1,0,1,0,1050,1,37,0,110,164,0
38,1,1003,0,1,1,0,1,1050,1,0,37,164,110,0
1,38,1004,1,1,0,1,1,626,1,0,21,53,0,0
38,1,1004,1,1,1,0,0,1415,1,27,0,3,38,0
1,38,1005,2,1,0,1,1,1097,1,0,60,13,0,0
38,1,1005,2,1,1,0,0,1359,1,50,0,4,35,0
1,38,1006,0,2,0,1,0,885,1,21,0,12,0,0
38,1,1006,0,2,1,0,1,885,1,0,21,0,12,0
1,38,1007,1,2,0,1,1,820,1,0,79,24,32,0
38,1,1007,1,2,1,0,0,1274,1,16,0,0,15,0
1,38,1008,2,2,0,1,1,727,1,0,83,27,38,0
38,1,1008,2,2,1,0,0,778,1,61,0,0,15,0
1,39,1000,0,0,0,1,0,973,1,111,0,0,0,0
39,1,1000,0,0,1,0,1,973,1,0,111,0,0,0
1,39,1001,1,0,0,1,0,1025,1,45,0,187,33,0
39,1,1001,1,0,1,0,1,1486,1,0,71,55,0,0
1,39,1002,2,0,0,1,1,1720,1,0,7,67,0,0
39,1,1002,2,0,1,0,0,1339,1,1,0,0,60,0
1,39,1003,0,1,0,1,0,1471,1,29,0,180,68,0
39,1,1003,0,1,1,0,1,1471,1,0,29,68,180,0
1,39,1004,1,1,0,1,0,1531,1,82,0,13,0,0
39,1,1004,1,1,1,0,1,1072,1,0,48,0,0,0
1,39,1005,2,1,0,1,1,1331,1,0,22,12,0,0
39,1,1005,2,1,1,0,0,1398,1,26,0,0,0,0
1,39,1006,0,2,0,1,0,913,1,87,0,0,0,0
39,1,1006,0,2,1,0,1,913,1,0,87,0,0,0
1,39,1007,1,2,0,1,1,1726,1,0,12,21,52,0
39,1,1007,1,2,1,0,1,1639,1,0,67,0,52,0
1,39,1008,2,2,0,1,0,1513,1,73,0,91,26,0
39,1,1008,2,2,1,0,1,1672,1,0,57,0,0,0
2,3,1000,0,0,0,1,1,403,1,0,49,18,0,0
3,2,1000,0,0,1,0,0,403,1,49,0,0,18,0
2,3,1001,1,0,0,1,1,407,1,0,38,0,0,0
3,2,1001,1,0,1,0,0,407,1,46,0,0,0,0
2,3,1002,2,0,0,1,1,519,1,0,25,0,0,0
3,2,1002,2,0,1,0,0,418,1,49,0,0,7,0
2,3,1003,0,1,0,1,1,508,1,0,20,0,0,0
3,2,1003,0,1,1,0,0,508,1,20,0,0,0,0
2,3,1004,1,1,0,1,1,385,1,0,35,0,0,0
3,2,1004,1,1,1,0,0,558,1,63,0,0,20,0
2,3,1005,2,1,0,1,1,808,1,0,20,6,0,0
3,2,1005,2,1,1,0,1,853,1,0,5,0,6,0
2,3,1006,0,2,0,1,1,532,1,0,78,1,17,0
3,2,1006,0,2,1,0,0,532,1,78,0,17,1,0
2,3,1007,1,2,0,1,1,433,1,0,42,0,0,0
3,2,1007,1,2,1,0,0,433,1,50,0,0,0,0
2,3,1008,2,2,0,1,1,650,1,0,47,6,0,0
3,2,1008,2,2,1,0,0,678,1,39,0,0,6,0
2,4,1000,0,0,0,1,0,328,1,12,0,0,15,0
4,2,1000,0,0,1,0,1,328,1,0,12,15,0,0
2,4,1001,1,0,0,1,0,328,1,52,0,0,15,0
4,2,1001,1,0,1,0,1,496,1,0,9,38,0,0
2,4,1002,2,0,0,1,0,304,1,58,0,0,15,0
4,2,1002,2,0,1,0,0,600,1,36,0,38,0,0
2,4,1003,0,1,0,1,1,450,1,0,67,0,15,0
4,2,1003,0,1,1,0,0,450,1,67,0,15,0,0
2,4,1004,1,1,0,1,0,394,1,14,0,0,15,0
4,2,1004,1,1,1,0,1,469,1,0,10,52,0,0
2,4,1005,2,1,0,1,0,370,1,68,0,0,16,0
4,2,1005,2,1,1,0,1,502,1,0,44,15,0,0
2,4,1006,0,2,0,1,0,370,1,7,0,0,15,0
4,2,1006,0,2,1,0,1,370,1,0,7,15,0,0
2,4,1007,1,2,0,1,0,370,1,49,0,0,15,0
4,2,1007,1,2,1,0,1,466,1,0,71,13,0,0
2,4,1008,2,2,0,1,0,502,1,42,0,0,15,0
4,2,1008,2,2,1,0,1,654,1,0,23,15,1,0
2,5,1000,0,0,0,1,1,837,1,0,50,8,32,0
5,2,1000,0,0,1,0,0,837,1,50,0,32,8,0
2,5,1001,1,0,0,1,1,734,1,0,49,0,16,0
5,2,1001,1,0,1,0,0,734,1,55,0,16,0,0
2,5,1002,2,0,0,1,1,499,1,0,79,0,16,0
5,2,1002,2,0,1,0,0,499,1,79,0,16,0,0
2,5,1003,0,1,0,1,1,472,1,0,96,0,17,0
5,2,1003,0,1,1,0,0,472,1,96,0,17,0,0
2,5,1004,1,1,0,1,1,673,1,0,82,0,16,0
5,2,1004,1,1,1,0,0,1177,1,74,0,37,0,0
2,5,1005,2,1,0,1,1,829,1,0,59,14,28,0
5,2,1005,2,1,1,0,0,782,1,72,0,28,14,0
2,5,1006,0,2,0,1,1,763,1,0,77,0,16,0
5,2,1006,0,2,1,0,0,763,1,77,0,16,0,0
2,5,1007,1,2,0,1,1,796,1,0,42,0,21,0
5,2,1007,1,2,1,0,0,796,1,52,0,21,0,0
2,5,1008,2,2,0,1,1,832,1,0,36,0,16,0
5,2,1008,2,2,1,0,0,942,1,19,0,16,0,0
2,6,1000,0,0,0,1,0,355,1,18,0,0,3,0
6,2,1000,0,0,1,0,1,355,1,0,18,3,0,0
2,6,1001,1,0,0,1,0,356,1,30,0,0,2,0
6,2,1001,1,0,1,0,1,289,1,0,60,3,0,0
2,6,1002,2,0,0,1,0,385,1,18,0,0,2,0
6,2,1002,2,0,1,0,1,517,1,0,24,3,0,0
2,6,1003,0,1,0,1,0,304,1,36,0,0,1,0
6,2,1003,0,1,1,0,1,304,1,0,36,1,0,0
2,6,1004,1,1,0,1,0,319,1,34,0,0,2,0
6,2,1004,1,1,1,0,1,370,1,0,44,2,0,0
2,6,1005,2,1,0,1,0,466,1,42,0,0,2,0
6,2,1005,2,1,1,0,1,355,1,0,38,3,0,0
2,6,1006,0,2,0,1,0,487,1,2,0,0,3,0
6,2,1006,0,2,1,0,1,487,1,0,2,3,0,0
2,6,1007,1,2,0,1,0,356,1,22,0,0,1,0
6,2,1007,1,2,1,0,1,355,1,0,32,3,0,0
2,6,1008,2,2,0,1,0,516,1,50,0,0,1,0
6,2,1008,2,2,1,0,1,451,1,0,26,5,0,0
2,7,1000,0,0,0,1,1,214,1,0,63,0,0,0
7,2,1000,0,0,1,0,0,214,1,63,0,0,0,0
2,7,1001,1,0,0,1,1,240,1,0,40,0,0,0
7,2,1001,1,0,1,0,0,456,1,30,0,0,17,0
2,7,1002,2,0,0,1,1,211,1,0,40,0,0,0
7,2,1002,2,0,1,0,0,638,1,9,0,0,0,0
2,7,1003,0,1,0,1,1,221,1,0,27,0,0,0
7,2,1003,0,1,1,0,0,221,1,27,0,0,0,0
2,7,1004,1,1,0,1,1,220,1,0,59,0,0,0
7,2,1004,1,1,1,0,1,363,1,0,24,0,0,0
2,7,1005,2,1,0,1,1,479,1,0,55,4,0,0
7,2,1005,2,1,1,0,1,286,1,0,48,0,0,0
2,7,1006,0,2,0,1,1,214,1,0,26,0,0,0
7,2,1006,0,2,1,0,0,214,1,26,0,0,0,0
2,7,1007,1,2,0,1,0,370,1,36,0,0,0,0
7,2,1007,1,2,1,0,0,199,1,48,0,0,0,0
2,7,1008,2,2,0,1,1,451,1,0,55,0,0,0
7,2,1008,2,2,1,0,0,416,1,37,0,0,0,0
2,8,1000,0,0,0,1,1,667,1,0,16,0,11,0
8,2,1000,0,0,1,0,0,667,1,16,0,11,0,0
2,8,1001,1,0,0,1,0,653,1,1,0,9,11,0
8,2,1001,1,0,1,0,1,899,1,0,4,11,0,0
2,8,1002,2,0,0,1,1,646,1,0,3,8,11,0
8,2,1002,2,0,1,0,0,821,1,11,0,26,0,0
2,8,1003,0,1,0,1,1,577,1,0,61,0,11,0
8,2,1003,0,1,1,0,0,577,1,61,0,11,0,0
2,8,1004,1,1,0,1,1,875,1,0,17,17,20,0
8,2,1004,1,1,1,0,1,715,1,0,7,12,0,0
2,8,1005,2,1,0,1,0,655,1,29,0,0,11,0
8,2,1005,2,1,1,0,1,481,1,0,59,11,0,0
2,8,1006,0,2,0,1,1,475,1,0,30,0,11,0
8,2,1006,0,2,1,0,0,475,1,30,0,11,0,0
2,8,1007,1,2,0,1,0,673,1,5,0,3,11,0
8,2,1007,1,2,1,0,0,698,1,15,0,11,0,0
2,8,1008,2,2,0,1,1,717,1,0,16,2,11,0
8,2,1008,2,2,1,0,1,793,1,0,6,11,0,0
2,9,1000,0,0,0,1,1,655,1,0,18,0,10,0
9,2,1000,0,0,1,0,0,655,1,18,0,10,0,0
2,9,1001,1,0,0,1,0,532,1,2,0,0,10,0
9,2,1001,1,0,1,0,1,532,1,0,2,10,0,0
2,9,1002,2,0,0,1,0,1090,1,12,0,28,70,0
9,2,1002,2,0,1,0,0,1199,1,9,0,70,28,0
2,9,1003,0,1,0,1,0,532,1,2,0,0,10,0
9,2,1003,0,1,1,0,1,532,1,0,2,10,0,0
2,9,1004,1,1,0,1,0,817,1,12,0,0,7,0
9,2,1004,1,1,1,0,1,817,1,0,12,7,0,0
2,9,1005,2,1,0,1,1,550,1,0,14,0,10,0
9,2,1005,2,1,1,0,1,538,1,0,2,10,0,0
2,9,1006,0,2,0,1,1,718,1,0,28,0,21,0
9,2,1006,0,2,1,0,0,718,1,28,0,21,0,0
2,9,1007,1,2,0,1,0,532,1,2,0,0,10,0
9,2,1007,1,2,1,0,1,532,1,0,2,10,0,0
2,9,1008,2,2,0,1,1,586,1,0,21,12,10,0
9,2,1008,2,2,1,0,0,586,1,29,0,10,12,0
2,10,1000,0,0,0,1,0,253,1,56,0,0,6,0
10,2,1000,0,0,1,0,1,253,1,0,56,6,0,0
2,10,1001,1,0,0,1,0,598,1,32,0,0,6,0
10,2,1001,1,0,1,0,1,382,1,0,16,6,0,0
2,10,1002,2,0,0,1,1,338,1,0,25,0,6,0
10,2,1002,2,0,1,0,0,338,1,25,0,6,0,0
2,10,1003,0,1,0,1,1,288,1,0,38,0,6,0
10,2,1003,0,1,1,0,0,288,1,38,0,6,0,0
2,10,1004,1,1,0,1,1,483,1,0,46,0,3,0
10,2,1004,1,1,1,0,1,429,1,0,42,4,0,0
2,10,1005,2,1,0,1,1,427,1,0,25,8,6,0
10,2,1005,2,1,1,0,1,394,1,0,20,6,8,0
2,10,1006,0,2,0,1,1,281,1,0,17,0,6,0
10,2,1006,0,2,1,0,0,281,1,17,0,6,0,0
2,10,1007,1,2,0,1,0,379,1,12,0,18,14,0
10,2,1007,1,2,1,0,1,394,1,0,12,6,18,0
2,10,1008,2,2,0,1,1,254,1,0,25,0,6,0
10,2,1008,2,2,1,0,0,254,1,25,0,6,0,0
2,11,1000,0,0,0,1,1,382,1,0,72,0,6,0
11,2,1000,0,0,1,0,0,382,1,72,0,6,0,0
2,11,1001,1,0,0,1,1,536,1,0,77,0,6,0
11,2,1001,1,0,1,0,0,514,1,93,0,6,0,0
2,11,1002,2,0,0,1,1,634,1,0,62,0,6,0
11,2,1002,2,0,1,0,0,634,1,62,0,6,0,0
2,11,1003,0,1,0,1,1,762,1,0,74,0,6,0
11,2,1003,0,1,1,0,0,762,1,74,0,6,0,0
2,11,1004,1,1,0,1,1,624,1,0,91,21,28,0
11,2,1004,1,1,1,0,0,624,1,83,0,28,21,0
2,11,1005,2,1,0,1,1,682,1,0,43,0,6,0
11,2,1005,2,1,1,0,0,682,1,43,0,6,0,0
2,11,1006,0,2,0,1,1,748,1,0,67,1,6,0
11,2,1006,0,2,1,0,0,748,1,67,0,6,1,0
2,11,1007,1,2,0,1,1,1129,1,0,110,0,6,0
11,2,1007,1,2,1,0,0,891,1,105,0,6,0,0
2,11,1008,2,2,0,1,1,541,1,0,88,2,6,0
11,2,1008,2,2,1,0,0,541,1,80,0,6,2,0
2,12,1000,0,0,0,1,1,534,1,0,76,0,5,0
12,2,1000,0,0,1,0,0,534,1,76,0,5,0,0
2,12,1001,1,0,0,1,1,695,1,0,24,0,5,0
12,2,1001,1,0,1,0,0,695,1,24,0,5,0,0
2,12,1002,2,0,0,1,0,1092,1,46,0,22,7,0
12,2,1002,2,0,1,0,0,719,1,13,0,6,0,0
2,12,1003,0,1,0,1,0,1065,1,15,0,0,5,0
12,2,1003,0,1,1,0,0,1069,1,22,0,5,0,0
2,12,1004,1,1,0,1,1,614,1,0,23,0,20,0
12,2,1004,1,1,1,0,0,614,1,23,0,20,0,0
2,12,1005,2,1,0,1,0,559,1,40,0,0,5,0
12,2,1005,2,1,1,0,1,559,1,0,40,5,0,0
2,12,1006,0,2,0,1,1,575,1,0,55,0,5,0
12,2,1006,0,2,1,0,0,575,1,55,0,5,0,0
2,12,1007,1,2,0,1,0,526,1,65,0,0,5,0
12,2,1007,1,2,1,0,1,526,1,0,65,5,0,0
2,12,1008,2,2,0,1,0,559,1,40,0,0,5,0
12,2,1008,2,2,1,0,1,559,1,0,40,5,0,0
2,13,1000,0,0,0,1,1,291,1,0,22,0,8,0
13,2,1000,0,0,1,0,0,291,1,22,0,8,0,0
2,13,1001,1,0,0,1,0,304,1,27,0,0,8,0
13,2,1001,1,0,1,0,0,219,1,30,0,8,0,0
2,13,1002,2,0,0,1,0,276,1,10,0,0,8,0
13,2,1002,2,0,1,0,1,275,1,0,27,8,0,0
2,13,1003,0,1,0,1,1,289,1,0,1,0,8,0
13,2,1003,0,1,1,0,0,289,1,1,0,8,0,0
2,13,1004,1,1,0,1,1,219,1,0,30,0,10,0
13,2,1004,1,1,1,0,1,304,1,0,3,10,0,0
2,13,1005,2,1,0,1,0,296,1,48,0,0,8,0
13,2,1005,2,1,1,0,1,304,1,0,27,8,0,0
2,13,1006,0,2,0,1,1,289,1,0,22,0,8,0
13,2,1006,0,2,1,0,0,289,1,22,0,8,0,0
2,13,1007,1,2,0,1,1,285,1,0,30,0,8,0
13,2,1007,1,2,1,0,1,238,1,0,3,8,0,0
2,13,1008,2,2,0,1,0,304,1,3,0,0,8,0
13,2,1008,2,2,1,0,0,306,1,1,0,8,0,0
2,14,1000,0,0,0,1,1,853,1,0,76,0,0,0
14,2,1000,0,0,1,0,0,853,1,76,0,0,0,0
2,14,1001,1,0,0,1,1,766,1,0,2,0,0,0
14,2,1001,1,0,1,0,0,731,1,33,0,0,0,0
2,14,1002,2,0,0,1,1,1007,1,0,21,0,0,0
14,2,1002,2,0,1,0,0,1007,1,13,0,0,0,0
2,14,1003,0,1,0,1,1,832,1,0,29,0,0,0
14,2,1003,0,1,1,0,0,832,1,29,0,0,0,0
2,14,1004,1,1,0,1,1,833,1,0,66,0,0,0
14,2,1004,1,1,1,0,0,833,1,66,0,0,0,0
2,14,1005,2,1,0,1,1,730,1,0,78,0,0,0
14,2,1005,2,1,1,0,0,730,1,74,0,0,0,0
2,14,1006,0,2,0,1,1,544,1,0,90,0,3,0
14,2,1006,0,2,1,0,0,544,1,90,0,3,0,0
2,14,1007,1,2,0,1,1,728,1,0,41,0,0,0
14,2,1007,1,2,1,0,0,485,1,46,0,0,0,0
2,14,1008,2,2,0,1,1,467,1,0,49,6,1,0
14,2,1008,2,2,1,0,0,467,1,57,0,1,6,0
2,15,1000,0,0,0,1,1,313,1,0,36,0,14,0
15,2,1000,0,0,1,0,0,313,1,36,0,14,0,0
2,15,1001,1,0,0,1,0,685,1,16,0,0,13,0
15,2,1001,1,0,1,0,1,727,1,0,39,12,0,0
2,15,1002,2,0,0,1,0,1360,1,42,0,34,23,0
15,2,1002,2,0,1,0,0,754,1,32,0,14,0,0
2,15,1003,0,1,0,1,1,962,1,0,54,9,14,0
15,2,1003,0,1,1,0,0,962,1,54,0,14,9,0
2,15,1004,1,1,0,1,1,1002,1,0,23,0,14,0
15,2,1004,1,1,1,0,1,778,1,0,3,14,0,0
2,15,1005,2,1,0,1,1,1846,1,0,60,0,262,0
15,2,1005,2,1,1,0,0,633,1,26,0,15,0,0
2,15,1006,0,2,0,1,1,473,1,0,21,0,13,0
15,2,1006,0,2,1,0,0,473,1,21,0,13,0,0
2,15,1007,1,2,0,1,0,1558,1,14,0,11,14,0
15,2,1007,1,2,1,0,1,817,1,0,79,26,10,0
2,15,1008,2,2,0,1,0,786,1,29,0,0,14,0
15,2,1008,2,2,1,0,1,835,1,0,23,12,0,0
2,16,1000,0,0,0,1,1,322,1,0,32,0,4,0
16,2,1000,0,0,1,0,0,322,1,32,0,4,0,0
2,16,1001,1,0,0,1,0,319,1,53,0,0,1,0
16,2,1001,1,0,1,0,1,373,1,0,6,0,0,0
2,16,1002,2,0,0,1,0,375,1,40,0,0,2,0
16,2,1002,2,0,1,0,1,304,1,0,46,2,0,0
2,16,1003,0,1,0,1,0,213,1,17,0,0,4,0
16,2,1003,0,1,1,0,1,213,1,0,17,4,0,0
2,16,1004,1,1,0,1,1,414,1,0,3,0,2,0
16,2,1004,1,1,1,0,1,304,1,0,37,2,0,0
2,16,1005,2,1,0,1,0,400,1,44,0,0,0,0
16,2,1005,2,1,1,0,1,379,1,0,21,0,0,0
2,16,1006,0,2,0,1,1,460,1,0,9,0,4,0
16,2,1006,0,2,1,0,0,460,1,9,0,4,0,0
2,16,1007,1,2,0,1,0,319,1,53,0,0,2,0
16,2,1007,1,2,1,0,1,532,1,0,44,1,0,0
2,16,1008,2,2,0,1,0,400,1,44,0,0,1,0
16,2,1008,2,2,1,0,1,347,1,0,28,1,0,0
2,17,1000,0,0,0,1,1,325,1,0,60,0,0,0
17,2,1000,0,0,1,0,0,325,1,60,0,0,0,0
2,17,1001,1,0,0,1,1,322,1,0,60,0,0,0
17,2,1001,1,0,1,0,0,325,1,52,0,2,0,0
2,17,1002,2,0,0,1,0,589,1,96,0,0,0,0
17,2,1002,2,0,1,0,1,549,1,0,16,2,0,0
2,17,1003,0,1,0,1,1,325,1,0,81,0,2,0
17,2,1003,0,1,1,0,0,325,1,81,0,2,0,0
2,17,1004,1,1,0,1,0,571,1,54,0,0,2,0
17,2,1004,1,1,1,0,1,571,1,0,55,2,0,0
2,17,1005,2,1,0,1,0,643,1,32,0,0,1,0
17,2,1005,2,1,1,0,0,865,1,15,0,6,0,0
2,17,1006,0,2,0,1,1,322,1,0,51,0,1,0
17,2,1006,0,2,1,0,0,322,1,51,0,1,0,0
2,17,1007,1,2,0,1,0,1015,1,62,0,0,1,0
17,2,1007,1,2,1,0,0,547,1,75,0,2,0,0
2,17,1008,2,2,0,1,0,451,1,54,0,0,1,0
17,2,1008,2,2,1,0,1,441,1,0,96,2,0,0
2,18,1000,0,0,0,1,1,388,1,0,32,2,8,0
18,2,1000,0,0,1,0,0,388,1,32,0,8,2,0
2,18,1001,1,0,0,1,0,253,1,47,0,0,9,0
18,2,1001,1,0,1,0,0,313,1,40,0,9,0,0
2,18,1002,2,0,0,1,1,238,1,0,48,0,9,0
18,2,1002,2,0,1,0,0,238,1,48,0,9,0,0
2,18,1003,0,1,0,1,1,343,1,0,11,0,8,0
18,2,1003,0,1,1,0,0,343,1,11,0,8,0,0
2,18,1004,1,1,0,1,0,354,1,11,0,0,8,0
18,2,1004,1,1,1,0,0,213,1,8,0,8,0,0
2,18,1005,2,1,0,1,0,319,1,1,0,0,8,0
18,2,1005,2,1,1,0,0,313,1,40,0,8,0,0
2,18,1006,0,2,0,1,1,380,1,0,40,0,8,0
18,2,1006,0,2,1,0,0,380,1,40,0,8,0,0
2,18,1007,1,2,0,1,0,319,1,11,0,0,9,0
18,2,1007,1,2,1,0,0,253,1,48,0,9,0,0
2,18,1008,2,2,0,1,0,370,1,37,0,0,9,0
18,2,1008,2,2,1,0,0,214,1,46,0,9,0,0
2,19,1000,0,0,0,1,1,449,1,0,77,0,22,0
19,2,1000,0,0,1,0,0,449,1,77,0,22,0,0
2,19,1001,1,0,0,1,0,275,1,44,0,0,17,0
19,2,1001,1,0,1,0,1,388,1,0,14,17,0,0
2,19,1002,2,0,0,1,1,460,1,0,15,0,12,0
19,2,1002,2,0,1,0,0,478,1,15,0,17,0,0
2,19,1003,0,1,0,1,1,316,1,0,2,0,16,0
19,2,1003,0,1,1,0,0,316,1,2,0,16,0,0
2,19,1004,1,1,0,1,1,802,1,0,82,52,90,0
19,2,1004,1,1,1,0,0,321,1,41,0,27,0,0
2,19,1005,2,1,0,1,1,461,1,0,23,0,18,0
19,2,1005,2,1,1,0,0,421,1,23,0,18,0,0
2,19,1006,0,2,0,1,0,283,1,5,0,0,123,0
19,2,1006,0,2,1,0,1,283,1,0,5,123,0,0
2,19,1007,1,2,0,1,1,430,1,0,12,0,17,0
19,2,1007,1,2,1,0,0,313,1,14,0,17,0,0
2,19,1008,2,2,0,1,1,388,1,0,17,0,17,0
19,2,1008,2,2,1,0,0,313,1,46,0,17,0,0
2,20,1000,0,0,0,1,0,745,1,29,0,0,15,0
20,2,1000,0,0,1,0,1,745,1,0,29,15,0,0
2,20,1001,1,0,0,1,0,322,1,64,0,0,15,0
20,2,1001,1,0,1,0,1,385,1,0,54,15,0,0
2,20,1002,2,0,0,1,0,322,1,77,0,0,15,0
20,2,1002,2,0,1,0,1,466,1,0,52,11,0,0
2,20,1003,0,1,0,1,0,319,1,49,0,0,15,0
20,2,1003,0,1,1,0,1,319,1,0,49,15,0,0
2,20,1004,1,1,0,1,0,682,1,60,0,0,15,0
20,2,1004,1,1,1,0,0,908,1,17,0,76,29,0
2,20,1005,2,1,0,1,0,700,1,61,0,10,26,0
20,2,1005,2,1,1,0,1,370,1,0,38,15,0,0
2,20,1006,0,2,0,1,0,334,1,42,0,0,15,0
20,2,1006,0,2,1,0,1,334,1,0,42,15,0,0
2,20,1007,1,2,0,1,0,454,1,38,0,0,15,0
20,2,1007,1,2,1,0,1,694,1,0,40,11,0,0
2,20,1008,2,2,0,1,0,604,1,69,0,0,27,0
20,2,1008,2,2,1,0,1,613,1,0,41,11,0,0
2,21,1000,0,0,0,1,1,305,1,0,55,0,4,0
21,2,1000,0,0,1,0,0,305,1,55,0,4,0,0
2,21,1001,1,0,0,1,1,344,1,0,25,0,4,0
21,2,1001,1,0,1,0,1,802,1,0,66,5,7,0
2,21,1002,2,0,0,1,0,460,1,21,0,0,4,0
21,2,1002,2,0,1,0,0,444,1,29,0,4,0,0
2,21,1003,0,1,0,1,1,412,1,0,63,0,4,0
21,2,1003,0,1,1,0,0,412,1,63,0,4,0,0
2,21,1004,1,1,0,1,1,679,1,0,4,0,3,0
21,2,1004,1,1,1,0,1,512,1,0,53,3,0,0
2,21,1005,2,1,0,1,0,1015,1,33,0,25,30,0
21,2,1005,2,1,1,0,1,523,1,0,51,4,0,0
2,21,1006,0,2,0,1,1,412,1,0,3,0,4,0
21,2,1006,0,2,1,0,0,412,1,3,0,4,0,0
2,21,1007,1,2,0,1,0,571,1,66,0,0,10,0
21,2,1007,1,2,1,0,1,550,1,0,36,4,0,0
2,21,1008,2,2,0,1,0,748,1,53,0,8,6,0
21,2,1008,2,2,1,0,1,418,1,0,53,4,0,0
2,22,1000,0,0,0,1,1,230,1,0,120,0,15,0
22,2,1000,0,0,1,0,0,230,1,120,0,15,0,0
2,22,1001,1,0,0,1,1,529,1,0,38,0,15,0
22,2,1001,1,0,1,0,1,864,1,0,11,14,0,0
2,22,1002,2,0,0,1,0,651,1,48,0,52,29,0
22,2,1002,2,0,1,0,0,580,1,51,0,15,0,0
2,22,1003,0,1,0,1,1,213,1,0,125,0,15,0
22,2,1003,0,1,1,0,0,213,1,125,0,15,0,0
2,22,1004,1,1,0,1,1,316,1,0,68,0,15,0
22,2,1004,1,1,1,0,1,635,1,0,46,14,0,0
2,22,1005,2,1,0,1,0,807,1,35,0,0,15,0
22,2,1005,2,1,1,0,0,2009,1,34,0,196,0,0
2,22,1006,0,2,0,1,1,166,1,0,125,0,15,0
22,2,1006,0,2,1,0,0,166,1,125,0,15,0,0
2,22,1007,1,2,0,1,0,972,1,59,0,4,15,0
22,2,1007,1,2,1,0,1,666,1,0,13,14,0,0
2,22,1008,2,2,0,1,1,613,1,0,56,2,21,0
22,2,1008,2,2,1,0,1,636,1,0,11,21,0,0
2,23,1000,0,0,0,1,1,396,1,0,62,0,1,0
23,2,1000,0,0,1,0,0,396,1,62,0,1,0,0
2,23,1001,1,0,0,1,1,580,1,0,55,0,1,0
23,2,1001,1,0,1,0,0,417,1,58,0,1,0,0
2,23,1002,2,0,0,1,0,627,1,54,0,4,5,0
23,2,1002,2,0,1,0,0,440,1,30,0,2,0,0
2,23,1003,0,1,0,1,1,450,1,0,44,0,1,0
23,2,1003,0,1,1,0,0,450,1,44,0,1,0,0
2,23,1004,1,1,0,1,1,475,1,0,59,8,1,0
23,2,1004,1,1,1,0,1,511,1,0,2,2,4,0
2,23,1005,2,1,0,1,1,594,1,0,33,0,1,0
23,2,1005,2,1,1,0,1,498,1,0,47,2,4,0
2,23,1006,0,2,0,1,1,259,1,0,62,0,1,0
23,2,1006,0,2,1,0,0,259,1,62,0,1,0,0
2,23,1007,1,2,0,1,1,648,1,0,13,0,1,0
23,2,1007,1,2,1,0,0,494,1,71,0,1,0,0
2,23,1008,2,2,0,1,1,645,1,0,45,4,1,0
23,2,1008,2,2,1,0,0,822,1,22,0,1,16,0
2,24,1000,0,0,0,1,1,310,1,0,63,0,10,0
24,2,1000,0,0,1,0,0,310,1,63,0,10,0,0
2,24,1001,1,0,0,1,1,274,1,0,74,0,10,0
24,2,1001,1,0,1,0,0,343,1,66,0,1,0,0
2,24,1002,2,0,0,1,1,391,1,0,47,48,10,0
24,2,1002,2,0,1,0,0,376,1,74,0,1,0,0
2,24,1003,0,1,0,1,1,706,1,0,2,7,9,0
24,2,1003,0,1,1,0,0,706,1,2,0,9,7,0
2,24,1004,1,1,0,1,1,382,1,0,44,0,12,0
24,2,1004,1,1,1,0,0,382,1,44,0,12,0,0
2,24,1005,2,1,0,1,1,349,1,0,45,0,9,0
24,2,1005,2,1,1,0,0,385,1,104,0,0,0,0
2,24,1006,0,2,0,1,1,391,1,0,6,0,9,0
24,2,1006,0,2,1,0,0,391,1,6,0,9,0,0
2,24,1007,1,2,0,1,1,391,1,0,22,0,10,0
24,2,1007,1,2,1,0,0,472,1,81,0,1,0,0
2,24,1008,2,2,0,1,1,349,1,0,30,0,10,0
24,2,1008,2,2,1,0,0,658,1,96,0,1,0,0
2,25,1000,0,0,0,1,1,392,1,0,42,0,11,0
25,2,1000,0,0,1,0,0,392,1,42,0,11,0,0
2,25,1001,1,0,0,1,1,408,1,0,2,0,11,0
25,2,1001,1,0,1,0,0,688,1,29,0,11,0,0
2,25,1002,2,0,0,1,1,374,1,0,47,0,11,0
25,2,1002,2,0,1,0,0,545,1,14,0,11,0,0
2,25,1003,0,1,0,1,1,378,1,0,19,0,10,0
25,2,1003,0,1,1,0,0,378,1,19,0,10,0,0
2,25,1004,1,1,0,1,1,399,1,0,39,0,10,0
25,2,1004,1,1,1,0,0,381,1,27,0,10,0,0
2,25,1005,2,1,0,1,0,412,1,21,0,0,11,0
25,2,1005,2,1,1,0,0,584,1,1,0,11,0,0
2,25,1006,0,2,0,1,1,282,1,0,24,0,11,0
25,2,1006,0,2,1,0,0,282,1,24,0,11,0,0
2,25,1007,1,2,0,1,1,433,1,0,9,0,11,0
25,2,1007,1,2,1,0,0,316,1,38,0,11,0,0
2,25,1008,2,2,0,1,0,385,1,21,0,0,11,0
25,2,1008,2,2,1,0,1,385,1,0,51,11,0,0
2,26,1000,0,0,0,1,1,406,1,0,71,0,0,0
26,2,1000,0,0,1,0,0,406,1,71,0,0,0,0
2,26,1001,1,0,0,1,1,762,1,0,39,0,0,0
26,2,1001,1,0,1,0,0,478,1,50,0,0,10,0
2,26,1002,2,0,0,1,0,349,1,17,0,0,0,0
26,2,1002,2,0,1,0,0,294,1,34,0,0,0,0
2,26,1003,0,1,0,1,1,725,1,0,18,13,0,0
26,2,1003,0,1,1,0,0,725,1,18,0,0,13,0
2,26,1004,1,1,0,1,1,566,1,0,18,0,0,0
26,2,1004,1,1,1,0,0,364,1,5,0,0,0,0
2,26,1005,2,1,0,1,0,594,1,28,0,23,0,0
26,2,1005,2,1,1,0,1,328,1,0,59,0,0,0
2,26,1006,0,2,0,1,1,599,1,0,51,0,0,0
26,2,1006,0,2,1,0,0,599,1,51,0,0,0,0
2,26,1007,1,2,0,1,0,709,1,61,0,8,0,0
26,2,1007,1,2,1,0,1,706,1,0,6,0,4,0
2,26,1008,2,2,0,1,0,409,1,74,0,0,0,0
26,2,1008,2,2,1,0,1,367,1,0,21,0,0,0
2,27,1000,0,0,0,1,1,328,1,0,37,0,15,0
27,2,1000,0,0,1,0,0,328,1,37,0,15,0,0
2,27,1001,1,0,0,1,0,289,1,54,0,0,15,0
27,2,1001,1,0,1,0,1,469,1,0,72,24,23,0
2,27,1002,2,0,0,1,1,343,1,0,29,0,15,0
27,2,1002,2,0,1,0,1,373,1,0,24,15,0,0
2,27,1003,0,1,0,1,1,405,1,0,56,0,15,0
27,2,1003,0,1,1,0,0,405,1,56,0,15,0,0
2,27,1004,1,1,0,1,1,387,1,0,8,0,13,0
27,2,1004,1,1,1,0,1,385,1,0,12,13,0,0
2,27,1005,2,1,0,1,0,439,1,6,0,0,15,0
27,2,1005,2,1,1,0,1,547,1,0,21,23,24,0
2,27,1006,0,2,0,1,1,268,1,0,74,0,15,0
27,2,1006,0,2,1,0,0,268,1,74,0,15,0,0
2,27,1007,1,2,0,1,0,370,1,21,0,0,15,0
27,2,1007,1,2,1,0,1,522,1,0,45,10,0,0
2,27,1008,2,2,0,1,0,370,1,15,0,0,15,0
27,2,1008,2,2,1,0,1,361,1,0,75,10,0,0
2,28,1000,0,0,0,1,1,207,1,0,31,0,17,0
28,2,1000,0,0,1,0,0,207,1,31,0,17,0,0
2,28,1001,1,0,0,1,1,265,1,0,11,0,17,0
28,2,1001,1,0,1,0,0,207,1,39,0,17,0,0
2,28,1002,2,0,0,1,1,463,1,0,13,0,58,0
28,2,1002,2,0,1,0,0,207,1,42,0,17,0,0
2,28,1003,0,1,0,1,1,195,1,0,42,0,18,0
28,2,1003,0,1,1,0,0,195,1,42,0,18,0,0
2,28,1004,1,1,0,1,0,238,1,5,0,0,18,0
28,2,1004,1,1,1,0,0,207,1,32,0,18,0,0
2,28,1005,2,1,0,1,1,207,1,0,42,0,18,0
28,2,1005,2,1,1,0,0,207,1,34,0,18,0,0
2,28,1006,0,2,0,1,1,207,1,0,40,0,17,0
28,2,1006,0,2,1,0,0,207,1,40,0,17,0,0
2,28,1007,1,2,0,1,1,366,1,0,5,0,33,0
28,2,1007,1,2,1,0,0,207,1,31,0,17,0,0
2,28,1008,2,2,0,1,0,304,1,32,0,0,14,0
28,2,1008,2,2,1,0,0,207,1,39,0,17,0,0
2,29,1000,0,0,0,1,1,403,1,0,58,0,7,0
29,2,1000,0,0,1,0,0,403,1,58,0,7,0,0
2,29,1001,1,0,0,1,1,403,1,0,69,0,7,0
29,2,1001,1,0,1,0,0,403,1,65,0,7,0,0
2,29,1002,2,0,0,1,1,490,1,0,61,0,7,0
29,2,1002,2,0,1,0,0,490,1,65,0,7,0,0
2,29,1003,0,1,0,1,1,380,1,0,61,4,13,0
29,2,1003,0,1,1,0,0,380,1,61,0,13,4,0
2,29,1004,1,1,0,1,1,388,1,0,48,0,7,0
29,2,1004,1,1,1,0,0,388,1,48,0,7,0,0
2,29,1005,2,1,0,1,1,271,1,0,35,0,7,0
29,2,1005,2,1,1,0,0,271,1,44,0,7,0,0
2,29,1006,0,2,0,1,0,376,1,9,0,0,7,0
29,2,1006,0,2,1,0,1,376,1,0,9,7,0,0
2,29,1007,1,2,0,1,0,376,1,9,0,0,7,0
29,2,1007,1,2,1,0,0,397,1,2,0,7,0,0
2,29,1008,2,2,0,1,1,241,1,0,27,0,7,0
29,2,1008,2,2,1,0,0,241,1,41,0,7,0,0
2,30,1000,0,0,0,1,0,253,1,36,0,0,5,0
30,2,1000,0,0,1,0,1,253,1,0,36,5,0,0
2,30,1001,1,0,0,1,0,352,1,4,0,0,7,0
30,2,1001,1,0,1,0,0,217,1,40,0,7,0,0
2,30,1002,2,0,0,1,0,288,1,42,0,0,6,0
30,2,1002,2,0,1,0,0,217,1,40,0,7,0,0
2,30,1003,0,1,0,1,1,322,1,0,32,0,7,0
30,2,1003,0,1,1,0,0,322,1,32,0,7,0,0
2,30,1004,1,1,0,1,1,367,1,0,3,0,7,0
30,2,1004,1,1,1,0,0,256,1,11,0,7,0,0
2,30,1005,2,1,0,1,0,322,1,31,0,0,7,0
30,2,1005,2,1,1,0,1,322,1,0,20,7,0,0
2,30,1006,0,2,0,1,1,346,1,0,19,0,6,0
30,2,1006,0,2,1,0,0,346,1,19,0,6,0,0
2,30,1007,1,2,0,1,0,253,1,36,0,0,5,0
30,2,1007,1,2,1,0,1,253,1,0,47,5,0,0
2,30,1008,2,2,0,1,0,253,1,47,0,0,5,0
30,2,1008,2,2,1,0,1,253,1,0,47,5,0,0
2,31,1000,0,0,0,1,1,316,1,0,19,0,14,0
31,2,1000,0,0,1,0,0,316,1,19,0,14,0,0
2,31,1001,1,0,0,1,0,384,1,42,0,0,14,0
31,2,1001,1,0,1,0,1,527,1,0,59,14,0,0
2,31,1002,2,0,0,1,0,319,1,60,0,0,14,0
31,2,1002,2,0,1,0,1,532,1,0,60,14,0,0
2,31,1003,0,1,0,1,0,640,1,18,0,26,41,0
31,2,1003,0,1,1,0,1,640,1,0,18,41,26,0
2,31,1004,1,1,0,1,1,697,1,0,21,0,26,0
31,2,1004,1,1,1,0,1,343,1,0,57,15,0,0
2,31,1005,2,1,0,1,0,424,1,24,0,0,15,0
31,2,1005,2,1,1,0,1,1099,1,0,8,14,8,0
2,31,1006,0,2,0,1,1,277,1,0,28,0,14,0
31,2,1006,0,2,1,0,0,277,1,28,0,14,0,0
2,31,1007,1,2,0,1,0,415,1,87,0,0,14,0
31,2,1007,1,2,1,0,1,544,1,0,77,12,0,0
2,31,1008,2,2,0,1,0,529,1,32,0,0,14,0
31,2,1008,2,2,1,0,1,451,1,0,93,12,0,0
2,32,1000,0,0,0,1,1,274,1,0,26,0,7,0
32,2,1000,0,0,1,0,0,274,1,26,0,7,0,0
2,32,1001,1,0,0,1,0,289,1,12,0,0,7,0
32,2,1001,1,0,1,0,1,289,1,0,12,7,0,0
2,32,1002,2,0,0,1,1,274,1,0,55,0,7,0
32,2,1002,2,0,1,0,0,274,1,71,0,7,0,0
2,32,1003,0,1,0,1,0,325,1,3,0,0,7,0
32,2,1003,0,1,1,0,1,325,1,0,3,7,0,0
2,32,1004,1,1,0,1,1,337,1,0,22,0,7,0
32,2,1004,1,1,1,0,1,355,1,0,12,7,0,0
2,32,1005,2,1,0,1,0,355,1,23,0,0,7,0
32,2,1005,2,1,1,0,1,289,1,0,12,7,0,0
2,32,1006,0,2,0,1,1,289,1,0,34,0,7,0
32,2,1006,0,2,1,0,0,289,1,34,0,7,0,0
2,32,1007,1,2,0,1,0,289,1,10,0,0,7,0
32,2,1007,1,2,1,0,0,349,1,4,0,7,0,0
2,32,1008,2,2,0,1,1,364,1,0,30,0,7,0
32,2,1008,2,2,1,0,0,476,1,5,0,7,0,0
2,33,1000,0,0,0,1,1,315,1,0,67,0,7,0
33,2,1000,0,0,1,0,0,315,1,67,0,7,0,0
2,33,1001,1,0,0,1,1,471,1,0,37,0,7,0
33,2,1001,1,0,1,0,1,655,1,0,13,7,0,0
2,33,1002,2,0,0,1,1,193,1,0,82,0,7,0
33,2,1002,2,0,1,0,0,483,1,34,0,7,0,0
2,33,1003,0,1,0,1,1,315,1,0,84,0,7,0
33,2,1003,0,1,1,0,0,315,1,84,0,7,0,0
2,33,1004,1,1,0,1,1,369,1,0,47,0,7,0
33,2,1004,1,1,1,0,0,496,1,56,0,8,0,0
2,33,1005,2,1,0,1,1,492,1,0,39,29,7,0
33,2,1005,2,1,1,0,0,609,1,47,0,11,9,0
2,33,1006,0,2,0,1,1,404,1,0,68,0,7,0
33,2,1006,0,2,1,0,0,404,1,68,0,7,0,0
2,33,1007,1,2,0,1,1,409,1,0,76,0,7,0
33,2,1007,1,2,1,0,1,517,1,0,28,7,0,0
2,33,1008,2,2,0,1,1,330,1,0,63,0,7,0
33,2,1008,2,2,1,0,1,529,1,0,13,7,0,0
2,34,1000,0,0,0,1,1,241,1,0,75,0,9,0
34,2,1000,0,0,1,0,0,241,1,75,0,9,0,0
2,34,1001,1,0,0,1,0,313,1,45,0,0,9,0
34,2,1001,1,0,1,0,1,394,1,0,23,9,0,0
2,34,1002,2,0,0,1,0,319,1,51,0,0,9,0
34,2,1002,2,0,1,0,0,238,1,26,0,9,0,0
2,34,1003,0,1,0,1,1,221,1,0,26,0,10,0
34,2,1003,0,1,1,0,0,221,1,26,0,10,0,0
2,34,1004,1,1,0,1,1,400,1,0,7,0,10,0
34,2,1004,1,1,1,0,0,634,1,48,0,10,0,0
2,34,1005,2,1,0,1,0,319,1,52,0,0,10,0
34,2,1005,2,1,1,0,1,337,1,0,33,10,0,0
2,34,1006,0,2,0,1,1,247,1,0,38,0,9,0
34,2,1006,0,2,1,0,0,247,1,38,0,9,0,0
2,34,1007,1,2,0,1,0,385,1,33,0,0,9,0
34,2,1007,1,2,1,0,0,332,1,2,0,9,0,0
2,34,1008,2,2,0,1,0,277,1,68,0,0,9,0
34,2,1008,2,2,1,0,1,304,1,0,52,9,0,0
2,35,1000,0,0,0,1,1,358,1,0,53,0,2,0
35,2,1000,0,0,1,0,0,358,1,53,0,2,0,0
2,35,1001,1,0,0,1,0,568,1,54,0,0,3,0
35,2,1001,1,0,1,0,0,479,1,45,0,2,0,0
2,35,1002,2,0,0,1,1,836,1,0,40,126,70,0
35,2,1002,2,0,1,0,0,634,1,15,0,4,10,0
2,35,1003,0,1,0,1,1,367,1,0,24,0,2,0
35,2,1003,0,1,1,0,0,367,1,24,0,2,0,0
2,35,1004,1,1,0,1,1,382,1,0,44,0,2,0
35,2,1004,1,1,1,0,-1,577,1,0,0,2,0,0
2,35,1005,2,1,0,1,1,628,1,0,33,0,2,0
35,2,1005,2,1,1,0,0,605,1,14,0,2,0,0
2,35,1006,0,2,0,1,1,530,1,0,45,0,2,0
35,2,1006,0,2,1,0,0,530,1,45,0,2,0,0
2,35,1007,1,2,0,1,0,652,1,12,0,0,2,0
35,2,1007,1,2,1,0,0,384,1,53,0,2,0,0
2,35,1008,2,2,0,1,0,538,1,40,0,0,2,0
35,2,1008,2,2,1,0,1,667,1,0,12,2,0,0
2,36,1000,0,0,0,1,0,268,1,37,0,0,8,0
36,2,1000,0,0,1,0,1,268,1,0,37,8,0,0
2,36,1001,1,0,0,1,0,356,1,24,0,0,9,0
36,2,1001,1,0,1,0,0,384,1,36,0,9,0,0
2,36,1002,2,0,0,1,0,317,1,21,0,0,8,0
36,2,1002,2,0,1,0,0,289,1,20,0,9,0,0
2,36,1003,0,1,0,1,0,349,1,40,0,0,9,0
36,2,1003,0,1,1,0,1,349,1,0,40,9,0,0
2,36,1004,1,1,0,1,1,344,1,0,9,0,8,0
36,2,1004,1,1,1,0,1,223,1,0,27,8,0,0
2,36,1005,2,1,0,1,0,223,1,41,0,0,9,0
36,2,1005,2,1,1,0,1,223,1,0,27,9,0,0
2,36,1006,0,2,0,1,0,268,1,37,0,0,8,0
36,2,1006,0,2,1,0,1,268,1,0,37,8,0,0
2,36,1007,1,2,0,1,0,238,1,21,0,0,9,0
36,2,1007,1,2,1,0,1,238,1,0,14,9,0,0
2,36,1008,2,2,0,1,0,238,1,12,0,0,9,0
36,2,1008,2,2,1,0,1,304,1,0,4,9,0,0
2,37,1000,0,0,0,1,1,490,1,0,25,0,7,0
37,2,1000,0,0,1,0,0,490,1,25,0,7,0,0
2,37,1001,1,0,0,1,0,343,1,44,0,0,7,0
37,2,1001,1,0,1,0,1,541,1,0,18,7,0,0
2,37,1002,2,0,0,1,1,430,1,0,20,0,7,0
37,2,1002,2,0,1,0,0,461,1,35,0,7,0,0
2,37,1003,0,1,0,1,1,403,1,0,72,0,7,0
37,2,1003,0,1,1,0,0,403,1,72,0,7,0,0
2,37,1004,1,1,0,1,1,433,1,0,14,0,7,0
37,2,1004,1,1,1,0,0,325,1,31,0,7,0,0
2,37,1005,2,1,0,1,0,406,1,40,0,0,7,0
37,2,1005,2,1,1,0,0,316,1,30,0,7,0,0
2,37,1006,0,2,0,1,1,415,1,0,24,0,7,0
37,2,1006,0,2,1,0,0,415,1,24,0,7,0,0
2,37,1007,1,2,0,1,0,343,1,30,0,0,7,0
37,2,1007,1,2,1,0,0,448,1,5,0,7,0,0
2,37,1008,2,2,0,1,0,343,1,30,0,0,7,0
37,2,1008,2,2,1,0,0,448,1,6,0,7,0,0
2,38,1000,0,0,0,1,0,288,1,31,0,0,27,0
38,2,1000,0,0,1,0,1,288,1,0,31,27,0,0
2,38,1001,1,0,0,1,1,238,1,0,31,0,44,0
38,2,1001,1,0,1,0,0,245,1,39,0,95,0,0
2,38,1002,2,0,0,1,0,410,1,31,0,5,120,0
38,2,1002,2,0,1,0,1,466,1,0,69,187,44,0
2,38,1003,0,1,0,1,1,355,1,0,76,15,133,0
38,2,1003,0,1,1,0,0,355,1,76,0,133,15,0
2,38,1004,1,1,0,1,0,967,1,31,0,63,166,0
38,2,1004,1,1,1,0,0,238,1,10,0,46,0,0
2,38,1005,2,1,0,1,1,345,1,0,10,0,77,0
38,2,1005,2,1,1,0,1,355,1,0,2,13,0,0
2,38,1006,0,2,0,1,1,401,1,0,29,0,37,0
38,2,1006,0,2,1,0,0,401,1,29,0,37,0,0
2,38,1007,1,2,0,1,0,223,1,37,0,0,44,0
38,2,1007,1,2,1,0,0,238,1,10,0,43,0,0
2,38,1008,2,2,0,1,1,236,1,0,2,0,44,0
38,2,1008,2,2,1,0,0,246,1,47,0,100,0,0
2,39,1000,0,0,0,1,1,442,1,0,20,0,11,0
39,2,1000,0,0,1,0,0,442,1,20,0,11,0,0
2,39,1001,1,0,0,1,1,442,1,0,22,0,11,0
39,2,1001,1,0,1,0,0,442,1,40,0,11,0,0
2,39,1002,2,0,0,1,1,430,1,0,21,0,11,0
39,2,1002,2,0,1,0,0,430,1,21,0,11,0,0
2,39,1003,0,1,0,1,1,508,1,0,21,11,20,0
39,2,1003,0,1,1,0,0,508,1,21,0,20,11,0
2,39,1004,1,1,0,1,1,298,1,0,37,0,11,0
39,2,1004,1,1,1,0,0,298,1,37,0,11,0,0
2,39,1005,2,1,0,1,0,337,1,20,0,0,11,0
39,2,1005,2,1,1,0,1,337,1,0,20,11,0,0
2,39,1006,0,2,0,1,0,361,1,1,0,0,11,0
39,2,1006,0,2,1,0,1,361,1,0,1,11,0,0
2,39,1007,1,2,0,1,1,436,1,0,6,0,11,0
39,2,1007,1,2,1,0,0,436,1,14,0,11,0,0
2,39,1008,2,2,0,1,0,337,1,20,0,0,11,0
39,2,1008,2,2,1,0,1,337,1,0,20,11,0,0
3,4,1000,0,0,0,1,1,1000,1,0,50,9,0,0
4,3,1000,0,0,1,0,0,1000,1,50,0,0,9,0
3,4,1001,1,0,0,1,1,1165,1,0,38,38,39,0
4,3,1001,1,0,1,0,0,780,1,25,0,2,14,0
3,4,1002,2,0,0,1,0,771,1,14,0,30,21,0
4,3,1002,2,0,1,0,0,870,1,8,0,17,31,0
3,4,1003,0,1,0,1,0,1314,1,72,0,28,4,0
4,3,1003,0,1,1,0,1,1314,1,0,72,4,28,0
3,4,1004,1,1,0,1,1,897,1,0,81,65,8,0
4,3,1004,1,1,1,0,1,658,1,0,98,16,0,0
3,4,1005,2,1,0,1,0,1531,1,14,0,5,0,0
4,3,1005,2,1,1,0,0,916,1,26,0,14,2,0
3,4,1006,0,2,0,1,0,999,1,27,0,46,33,0
4,3,1006,0,2,1,0,1,999,1,0,27,33,46,0
3,4,1007,1,2,0,1,1,1110,1,0,92,0,0,0
4,3,1007,1,2,1,0,0,1048,1,24,0,9,12,0
3,4,1008,2,2,0,1,1,1387,1,0,47,0,0,0
4,3,1008,2,2,1,0,1,665,1,0,69,0,38,0
3,5,1000,0,0,0,1,0,1498,1,16,0,3,14,0
5,3,1000,0,0,1,0,1,1498,1,0,16,14,3,0
3,5,1001,1,0,0,1,0,918,1,48,0,0,0,0
5,3,1001,1,0,1,0,1,1061,1,0,62,0,0,0
3,5,1002,2,0,0,1,0,422,1,101,0,0,0,0
5,3,1002,2,0,1,0,1,908,1,0,35,0,0,0
3,5,1003,0,1,0,1,0,523,1,94,0,0,6,0
5,3,1003,0,1,1,0,1,523,1,0,94,6,0,0
3,5,1004,1,1,0,1,0,801,1,14,0,0,0,0
5,3,1004,1,1,1,0,1,1020,1,0,2,9,0,0
3,5,1005,2,1,0,1,0,455,1,94,0,0,0,0
5,3,1005,2,1,1,0,1,523,1,0,63,0,0,0
3,5,1006,0,2,0,1,0,1352,1,44,0,0,0,0
5,3,1006,0,2,1,0,1,1352,1,0,44,0,0,0
3,5,1007,1,2,0,1,0,924,1,24,0,0,0,0
5,3,1007,1,2,1,0,1,1716,1,0,7,0,0,0
3,5,1008,2,2,0,1,0,1221,1,56,0,0,0,0
5,3,1008,2,2,1,0,1,1167,1,0,55,0,0,0
3,6,1000,0,0,0,1,0,924,1,39,0,0,6,0
6,3,1000,0,0,1,0,1,924,1,0,39,6,0,0
3,6,1001,1,0,0,1,1,928,1,0,76,43,24,0
6,3,1001,1,0,1,0,0,683,1,69,0,0,7,0
3,6,1002,2,0,0,1,0,687,1,44,0,30,56,0
6,3,1002,2,0,1,0,1,930,1,0,33,2,1,0
3,6,1003,0,1,0,1,0,1261,1,27,0,8,3,0
6,3,1003,0,1,1,0,1,1261,1,0,27,3,8,0
3,6,1004,1,1,0,1,0,1741,1,4,0,9,157,0
6,3,1004,1,1,1,0,1,1512,1,0,4,0,0,0
3,6,1005,2,1,0,1,0,1086,1,18,0,9,4,0
6,3,1005,2,1,1,0,1,1176,1,0,3,0,18,0
3,6,1006,0,2,0,1,0,934,1,45,0,31,3,0
6,3,1006,0,2,1,0,1,934,1,0,45,3,31,0
3,6,1007,1,2,0,1,0,1041,1,19,0,32,0,0
6,3,1007,1,2,1,0,0,1134,1,69,0,0,5,0
3,6,1008,2,2,0,1,1,1413,1,0,40,0,17,0
6,3,1008,2,2,1,0,1,987,1,0,13,0,0,0
3,7,1000,0,0,0,1,1,546,1,0,33,0,0,0
7,3,1000,0,0,1,0,0,546,1,33,0,0,0,0
3,7,1001,1,0,0,1,1,349,1,0,45,0,0,0
7,3,1001,1,0,1,0,1,411,1,0,2,3,0,0
3,7,1002,2,0,0,1,0,446,1,34,0,0,0,0
7,3,1002,2,0,1,0,1,153,1,0,115,0,0,0
3,7,1003,0,1,0,1,1,350,1,0,45,0,7,0
7,3,1003,0,1,1,0,0,350,1,45,0,7,0,0
3,7,1004,1,1,0,1,1,366,1,0,20,0,5,0
7,3,1004,1,1,1,0,0,366,1,20,0,5,0,0
3,7,1005,2,1,0,1,1,337,1,0,13,3,0,0
7,3,1005,2,1,1,0,1,383,1,0,72,0,3,0
3,7,1006,0,2,0,1,0,585,1,63,0,3,0,0
7,3,1006,0,2,1,0,1,585,1,0,63,0,3,0
3,7,1007,1,2,0,1,1,493,1,0,28,0,0,0
7,3,1007,1,2,1,0,0,493,1,28,0,0,0,0
3,7,1008,2,2,0,1,1,376,1,0,15,0,0,0
7,3,1008,2,2,1,0,0,325,1,21,0,0,0,0
3,8,1000,0,0,0,1,0,726,1,65,0,4,10,0
8,3,1000,0,0,1,0,1,726,1,0,65,10,4,0
3,8,1001,1,0,0,1,0,1387,1,47,0,9,45,0
8,3,1001,1,0,1,0,1,1596,1,0,68,34,0,0
3,8,1002,2,0,0,1,0,1506,1,29,0,28,24,0
8,3,1002,2,0,1,0,1,1506,1,0,29,24,28,0
3,8,1003,0,1,0,1,0,1543,1,36,0,37,62,0
8,3,1003,0,1,1,0,1,1543,1,0,36,62,37,0
3,8,1004,1,1,0,1,1,1562,1,0,52,34,11,0
8,3,1004,1,1,1,0,1,1812,1,0,62,45,30,0
3,8,1005,2,1,0,1,1,919,1,0,6,0,3,0
8,3,1005,2,1,1,0,1,840,1,0,40,3,0,0
3,8,1006,0,2,0,1,0,1752,1,5,0,10,33,0
8,3,1006,0,2,1,0,1,1752,1,0,5,33,10,0
3,8,1007,1,2,0,1,0,1667,1,35,0,0,11,0
8,3,1007,1,2,1,0,1,1503,1,0,83,11,4,0
3,8,1008,2,2,0,1,0,1453,1,37,0,18,15,0
8,3,1008,2,2,1,0,1,1404,1,0,34,88,49,0
3,9,1000,0,0,0,1,0,704,1,86,0,0,10,0
9,3,1000,0,0,1,0,1,704,1,0,86,10,0,0
3,9,1001,1,0,0,1,0,843,1,52,0,9,8,0
9,3,1001,1,0,1,0,1,843,1,0,52,8,9,0
3,9,1002,2,0,0,1,0,499,1,102,0,0,3,0
9,3,1002,2,0,1,0,1,640,1,0,102,3,0,0
3,9,1003,0,1,0,1,0,707,1,94,0,0,0,0
9,3,1003,0,1,1,0,1,707,1,0,94,0,0,0
3,9,1004,1,1,0,1,0,711,1,79,0,0,0,0
9,3,1004,1,1,1,0,1,836,1,0,74,0,0,0
3,9,1005,2,1,0,1,0,535,1,81,0,0,11,0
9,3,1005,2,1,1,0,1,1071,1,0,75,26,0,0
3,9,1006,0,2,0,1,0,1159,1,68,0,17,12,0
9,3,1006,0,2,1,0,1,1159,1,0,68,12,17,0
3,9,1007,1,2,0,1,0,790,1,80,0,5,13,0
9,3,1007,1,2,1,0,1,790,1,0,80,13,5,0
3,9,1008,2,2,0,1,0,917,1,76,0,1,11,0
9,3,1008,2,2,1,0,1,917,1,0,76,11,1,0
3,10,1000,0,0,0,1,0,1647,1,35,0,49,10,0
10,3,1000,0,0,1,0,1,1647,1,0,35,10,49,0
3,10,1001,1,0,0,1,0,1584,1,1,0,4,0,0
10,3,1001,1,0,1,0,1,740,1,0,35,12,32,0
3,10,1002,2,0,0,1,1,1269,1,0,53,19,0,0
10,3,1002,2,0,1,0,0,745,1,23,0,6,6,0
3,10,1003,0,1,0,1,1,1339,1,0,43,5,0,0
10,3,1003,0,1,1,0,0,1339,1,43,0,0,5,0
3,10,1004,1,1,0,1,0,670,1,36,0,0,0,0
10,3,1004,1,1,1,0,0,1524,1,38,0,0,21,0
3,10,1005,2,1,0,1,0,830,1,71,0,3,0,0
10,3,1005,2,1,1,0,1,1385,1,0,23,17,30,0
3,10,1006,0,2,0,1,0,687,1,83,0,0,0,0
10,3,1006,0,2,1,0,1,687,1,0,83,0,0,0
3,10,1007,1,2,0,1,1,1566,1,0,23,0,7,0
10,3,1007,1,2,1,0,1,742,1,0,21,0,0,0
3,10,1008,2,2,0,1,1,826,1,0,53,0,18,0
10,3,1008,2,2,1,0,1,546,1,0,71,0,0,0
3,11,1000,0,0,0,1,0,975,1,89,0,0,0,0
11,3,1000,0,0,1,0,1,975,1,0,89,0,0,0
3,11,1001,1,0,0,1,0,973,1,76,0,0,0,0
11,3,1001,1,0,1,0,1,1507,1,0,50,0,0,0
3,11,1002,2,0,0,1,0,1254,1,87,0,0,0,0
11,3,1002,2,0,1,0,1,1181,1,0,87,0,0,0
3,11,1003,0,1,0,1,0,1294,1,57,0,0,5,0
11,3,1003,0,1,1,0,1,1294,1,0,57,5,0,0
3,11,1004,1,1,0,1,0,1387,1,100,0,0,2,0
11,3,1004,1,1,1,0,1,1107,1,0,63,2,0,0
3,11,1005,2,1,0,1,0,959,1,65,0,0,0,0
11,3,1005,2,1,1,0,1,1055,1,0,46,0,0,0
3,11,1006,0,2,0,1,0,1172,1,57,0,1,8,0
11,3,1006,0,2,1,0,1,1172,1,0,57,8,1,0
3,11,1007,1,2,0,1,0,1079,1,96,0,2,0,0
11,3,1007,1,2,1,0,1,1079,1,0,96,0,2,0
3,11,1008,2,2,0,1,0,914,1,96,0,2,1,0
11,3,1008,2,2,1,0,1,754,1,0,96,0,2,0
3,12,1000,0,0,0,1,0,741,1,20,0,0,12,0
12,3,1000,0,0,1,0,1,741,1,0,20,12,0,0
3,12,1001,1,0,0,1,0,619,1,30,0,0,12,0
12,3,1001,1,0,1,0,1,619,1,0,30,12,0,0
3,12,1002,2,0,0,1,0,307,1,65,0,0,7,0
12,3,1002,2,0,1,0,1,386,1,0,40,7,0,0
3,12,1003,0,1,0,1,0,492,1,83,0,0,20,0
12,3,1003,0,1,1,0,1,492,1,0,83,20,0,0
3,12,1004,1,1,0,1,1,686,1,0,18,0,27,0
12,3,1004,1,1,1,0,0,579,1,18,0,27,0,0
3,12,1005,2,1,0,1,1,680,1,0,3,17,6,0
12,3,1005,2,1,1,0,0,680,1,3,0,6,17,0
3,12,1006,0,2,0,1,0,575,1,37,0,0,12,0
12,3,1006,0,2,1,0,1,575,1,0,37,12,0,0
3,12,1007,1,2,0,1,0,611,1,11,0,0,12,0
12,3,1007,1,2,1,0,1,577,1,0,11,12,0,0
3,12,1008,2,2,0,1,1,563,1,0,52,0,12,0
12,3,1008,2,2,1,0,0,563,1,27,0,12,0,0
3,13,1000,0,0,0,1,0,642,1,18,0,0,0,0
13,3,1000,0,0,1,0,1,642,1,0,18,0,0,0
3,13,1001,1,0,0,1,1,822,1,0,13,0,0,0
13,3,1001,1,0,1,0,1,832,1,0,37,6,8,0
3,13,1002,2,0,0,1,0,790,1,41,0,10,0,0
13,3,1002,2,0,1,0,0,1171,1,14,0,3,11,0
3,13,1003,0,1,0,1,1,800,1,0,44,0,3,0
13,3,1003,0,1,1,0,0,800,1,44,0,3,0,0
3,13,1004,1,1,0,1,0,314,1,54,0,0,0,0
13,3,1004,1,1,1,0,0,942,1,49,0,20,0,0
3,13,1005,2,1,0,1,0,865,1,33,0,0,0,0
13,3,1005,2,1,1,0,0,925,1,11,0,7,0,0
3,13,1006,0,2,0,1,1,793,1,0,13,0,2,0
13,3,1006,0,2,1,0,0,793,1,13,0,2,0,0
3,13,1007,1,2,0,1,1,938,1,0,13,0,2,0
13,3,1007,1,2,1,0,1,1051,1,0,15,17,1,0
3,13,1008,2,2,0,1,1,644,1,0,27,0,0,0
13,3,1008,2,2,1,0,1,787,1,0,5,0,6,0
3,14,1000,0,0,0,1,0,660,1,35,0,0,0,0
14,3,1000,0,0,1,0,1,660,1,0,35,0,0,0
3,14,1001,1,0,0,1,1,1214,1,0,10,0,0,0
14,3,1001,1,0,1,0,0,1214,1,10,0,0,0,0
3,14,1002,2,0,0,1,0,543,1,98,0,0,0,0
14,3,1002,2,0,1,0,1,774,1,0,33,0,0,0
3,14,1003,0,1,0,1,0,624,1,10,0,0,0,0
14,3,1003,0,1,1,0,1,624,1,0,10,0,0,0
3,14,1004,1,1,0,1,0,687,1,81,0,0,0,0
14,3,1004,1,1,1,0,1,687,1,0,81,0,0,0
3,14,1005,2,1,0,1,0,516,1,40,0,0,0,0
14,3,1005,2,1,1,0,1,450,1,0,40,0,0,0
3,14,1006,0,2,0,1,1,932,1,0,35,0,0,0
14,3,1006,0,2,1,0,0,932,1,35,0,0,0,0
3,14,1007,1,2,0,1,1,640,1,0,27,0,0,0
14,3,1007,1,2,1,0,0,640,1,14,0,0,0,0
3,14,1008,2,2,0,1,0,606,1,75,0,0,0,0
14,3,1008,2,2,1,0,1,606,1,0,75,0,0,0
3,15,1000,0,0,0,1,0,684,1,113,0,3,1,0
15,3,1000,0,0,1,0,1,684,1,0,113,1,3,0
3,15,1001,1,0,0,1,0,795,1,83,0,80,28,0
15,3,1001,1,0,1,0,1,777,1,0,34,0,0,0
3,15,1002,2,0,0,1,0,551,1,50,0,0,0,0
15,3,1002,2,0,1,0,1,811,1,0,65,0,24,0
3,15,1003,0,1,0,1,0,700,1,52,0,0,0,0
15,3,1003,0,1,1,0,1,700,1,0,52,0,0,0
3,15,1004,1,1,0,1,0,644,1,69,0,0,25,0
15,3,1004,1,1,1,0,1,897,1,0,98,0,0,0
3,15,1005,2,1,0,1,0,885,1,92,0,0,59,0
15,3,1005,2,1,1,0,1,688,1,0,72,30,8,0
3,15,1006,0,2,0,1,0,951,1,96,0,4,0,0
15,3,1006,0,2,1,0,1,951,1,0,96,0,4,0
3,15,1007,1,2,0,1,0,859,1,107,0,4,0,0
15,3,1007,1,2,1,0,1,1023,1,0,66,0,0,0
3,15,1008,2,2,0,1,0,919,1,92,0,5,5,0
15,3,1008,2,2,1,0,1,906,1,0,98,5,0,0
3,16,1000,0,0,0,1,0,1000,1,38,0,0,0,0
16,3,1000,0,0,1,0,1,1000,1,0,38,0,0,0
3,16,1001,1,0,0,1,0,1106,1,14,0,3,0,0
16,3,1001,1,0,1,0,1,1219,1,0,1,42,34,0
3,16,1002,2,0,0,1,0,1611,1,12,0,0,0,0
16,3,1002,2,0,1,0,1,1152,1,0,55,0,3,0
3,16,1003,0,1,0,1,0,739,1,81,0,3,0,0
16,3,1003,0,1,1,0,1,739,1,0,81,0,3,0
3,16,1004,1,1,0,1,0,561,1,60,0,0,0,0
16,3,1004,1,1,1,0,1,564,1,0,60,0,0,0
3,16,1005,2,1,0,1,0,1017,1,43,0,0,0,0
16,3,1005,2,1,1,0,0,1133,1,2,0,0,15,0
3,16,1006,0,2,0,1,0,1000,1,5,0,0,0,0
16,3,1006,0,2,1,0,1,1000,1,0,5,0,0,0
3,16,1007,1,2,0,1,1,854,1,0,61,2,28,0
16,3,1007,1,2,1,0,1,991,1,0,11,3,40,0
3,16,1008,2,2,0,1,1,1439,1,0,37,7,49,0
16,3,1008,2,2,1,0,1,777,1,0,28,10,9,0
3,17,1000,0,0,0,1,1,480,1,0,40,2,0,0
17,3,1000,0,0,1,0,0,480,1,40,0,0,2,0
3,17,1001,1,0,0,1,1,346,1,0,84,0,0,0
17,3,1001,1,0,1,0,0,325,1,51,0,0,0,0
3,17,1002,2,0,0,1,0,588,1,3,0,5,0,0
17,3,1002,2,0,1,0,0,589,1,10,0,0,5,0
3,17,1003,0,1,0,1,1,235,1,0,45,0,0,0
17,3,1003,0,1,1,0,0,235,1,45,0,0,0,0
3,17,1004,1,1,0,1,1,232,1,0,75,0,0,0
17,3,1004,1,1,1,0,1,459,1,0,47,0,15,0
3,17,1005,2,1,0,1,0,300,1,45,0,0,0,0
17,3,1005,2,1,1,0,0,532,1,29,0,0,6,0
3,17,1006,0,2,0,1,1,412,1,0,48,0,0,0
17,3,1006,0,2,1,0,0,412,1,48,0,0,0,0
3,17,1007,1,2,0,1,1,465,1,0,68,0,0,0
17,3,1007,1,2,1,0,0,325,1,51,0,0,0,0
3,17,1008,2,2,0,1,0,378,1,115,0,0,0,0
17,3,1008,2,2,1,0,1,454,1,0,61,4,0,0
3,18,1000,0,0,0,1,0,479,1,31,0,0,14,0
18,3,1000,0,0,1,0,1,479,1,0,31,14,0,0
3,18,1001,1,0,0,1,0,755,1,75,0,7,26,0
18,3,1001,1,0,1,0,1,1533,1,0,49,4,3,0
3,18,1002,2,0,0,1,0,674,1,100,0,30,17,0
18,3,1002,2,0,1,0,1,854,1,0,89,36,25,0
3,18,1003,0,1,0,1,0,345,1,64,0,0,0,0
18,3,1003,0,1,1,0,1,345,1,0,64,0,0,0
3,18,1004,1,1,0,1,0,991,1,72,0,25,21,0
18,3,1004,1,1,1,0,1,824,1,0,102,15,1,0
3,18,1005,2,1,0,1,0,573,1,87,0,0,1,0
18,3,1005,2,1,1,0,1,770,1,0,41,0,4,0
3,18,1006,0,2,0,1,0,970,1,61,0,0,10,0
18,3,1006,0,2,1,0,1,970,1,0,61,10,0,0
3,18,1007,1,2,0,1,0,1123,1,80,0,2,35,0
18,3,1007,1,2,1,0,1,906,1,0,49,0,0,0
3,18,1008,2,2,0,1,0,689,1,64,0,7,31,0
18,3,1008,2,2,1,0,1,1402,1,0,18,3,0,0
3,19,1000,0,0,0,1,0,1154,1,32,0,40,93,0
19,3,1000,0,0,1,0,1,1154,1,0,32,93,40,0
3,19,1001,1,0,0,1,0,1019,1,62,0,106,64,0
19,3,1001,1,0,1,0,0,1626,1,23,0,50,132,0
3,19,1002,2,0,0,1,0,938,1,75,0,40,60,0
19,3,1002,2,0,1,0,0,1005,1,37,0,0,4,0
3,19,1003,0,1,0,1,1,1228,1,0,9,7,37,0
19,3,1003,0,1,1,0,0,1228,1,9,0,37,7,0
3,19,1004,1,1,0,1,0,704,1,64,0,24,10,0
19,3,1004,1,1,1,0,0,1003,1,12,0,16,32,0
3,19,1005,2,1,0,1,0,884,1,70,0,0,16,0
19,3,1005,2,1,1,0,1,850,1,0,22,17,21,0
3,19,1006,0,2,0,1,0,1089,1,65,0,3,6,0
19,3,1006,0,2,1,0,1,1089,1,0,65,6,3,0
3,19,1007,1,2,0,1,1,1381,1,0,11,22,14,0
19,3,1007,1,2,1,0,0,1573,1,9,0,37,82,0
3,19,1008,2,2,0,1,0,857,1,69,0,0,8,0
19,3,1008,2,2,1,0,1,1224,1,0,21,30,22,0
3,20,1000,0,0,0,1,1,1425,1,0,38,23,16,0
20,3,1000,0,0,1,0,0,1425,1,38,0,16,23,0
3,20,1001,1,0,0,1,0,1840,1,3,0,0,21,0
20,3,1001,1,0,1,0,0,914,1,64,0,29,59,0
3,20,1002,2,0,0,1,1,979,1,0,82,0,72,0
20,3,1002,2,0,1,0,0,1004,1,10,0,40,90,0
3,20,1003,0,1,0,1,0,1622,1,1,0,16,25,0
20,3,1003,0,1,1,0,1,1622,1,0,1,25,16,0
3,20,1004,1,1,0,1,1,1435,1,0,41,10,47,0
20,3,1004,1,1,1,0,1,1208,1,0,11,22,16,0
3,20,1005,2,1,0,1,0,1136,1,15,0,13,104,0
20,3,1005,2,1,1,0,0,1294,1,18,0,45,40,0
3,20,1006,0,2,0,1,0,1258,1,34,0,2,27,0
20,3,1006,0,2,1,0,1,1258,1,0,34,27,2,0
3,20,1007,1,2,0,1,1,1413,1,0,40,10,65,0
20,3,1007,1,2,1,0,1,1527,1,0,17,29,52,0
3,20,1008,2,2,0,1,0,1709,1,1,0,51,81,0
20,3,1008,2,2,1,0,0,774,1,82,0,45,0,0
3,21,1000,0,0,0,1,0,457,1,61,0,16,14,0
21,3,1000,0,0,1,0,1,457,1,0,61,14,16,0
3,21,1001,1,0,0,1,0,824,1,29,0,9,0,0
21,3,1001,1,0,1,0,1,615,1,0,69,0,9,0
3,21,1002,2,0,0,1,0,636,1,50,0,17,19,0
21,3,1002,2,0,1,0,1,636,1,0,56,19,17,0
3,21,1003,0,1,0,1,0,683,1,69,0,5,12,0
21,3,1003,0,1,1,0,1,683,1,0,69,12,5,0
3,21,1004,1,1,0,1,0,639,1,100,0,3,5,0
21,3,1004,1,1,1,0,1,714,1,0,82,5,3,0
3,21,1005,2,1,0,1,0,568,1,67,0,48,17,0
21,3,1005,2,1,1,0,1,567,1,0,58,16,48,0
3,21,1006,0,2,0,1,0,693,1,26,0,13,4,0
21,3,1006,0,2,1,0,1,693,1,0,26,4,13,0
3,21,1007,1,2,0,1,0,428,1,51,0,13,4,0
21,3,1007,1,2,1,0,1,428,1,0,51,4,13,0
3,21,1008,2,2,0,1,0,740,1,56,0,1,4,0
21,3,1008,2,2,1,0,1,849,1,0,31,4,1,0
3,22,1000,0,0,0,1,0,765,1,41,0,0,0,0
22,3,1000,0,0,1,0,1,765,1,0,41,0,0,0
3,22,1001,1,0,0,1,0,885,1,6,0,0,5,0
22,3,1001,1,0,1,0,1,663,1,0,28,0,0,0
3,22,1002,2,0,0,1,1,669,1,0,3,0,0,0
22,3,1002,2,0,1,0,1,907,1,0,50,66,2,0
3,22,1003,0,1,0,1,0,624,1,54,0,5,11,0
22,3,1003,0,1,1,0,1,624,1,0,54,11,5,0
3,22,1004,1,1,0,1,0,486,1,102,0,0,17,0
22,3,1004,1,1,1,0,1,663,1,0,52,17,0,0
3,22,1005,2,1,0,1,0,769,1,63,0,0,0,0
22,3,1005,2,1,1,0,1,769,1,0,52,0,0,0
3,22,1006,0,2,0,1,0,762,1,65,0,0,0,0
22,3,1006,0,2,1,0,1,762,1,0,65,0,0,0
3,22,1007,1,2,0,1,0,711,1,34,0,0,0,0
22,3,1007,1,2,1,0,1,865,1,0,65,0,0,0
3,22,1008,2,2,0,1,0,600,1,21,0,0,0,0
22,3,1008,2,2,1,0,1,638,1,0,39,0,0,0
3,23,1000,0,0,0,1,1,480,1,0,54,0,0,0
23,3,1000,0,0,1,0,0,480,1,54,0,0,0,0
3,23,1001,1,0,0,1,0,327,1,25,0,0,0,0
23,3,1001,1,0,1,0,1,327,1,0,25,0,0,0
3,23,1002,2,0,0,1,0,435,1,25,0,0,0,0
23,3,1002,2,0,1,0,1,435,1,0,25,0,0,0
3,23,1003,0,1,0,1,0,350,1,44,0,0,0,0
23,3,1003,0,1,1,0,1,350,1,0,44,0,0,0
3,23,1004,1,1,0,1,0,454,1,1,0,0,25,0
23,3,1004,1,1,1,0,1,414,1,0,36,25,0,0
3,23,1005,2,1,0,1,0,333,1,61,0,0,0,0
23,3,1005,2,1,1,0,1,333,1,0,61,0,0,0
3,23,1006,0,2,0,1,0,360,1,25,0,0,0,0
23,3,1006,0,2,1,0,1,360,1,0,25,0,0,0
3,23,1007,1,2,0,1,0,361,1,25,0,0,0,0
23,3,1007,1,2,1,0,1,360,1,0,25,0,0,0
3,23,1008,2,2,0,1,0,387,1,23,0,0,0,0
23,3,1008,2,2,1,0,1,387,1,0,23,0,0,0
3,24,1000,0,0,0,1,0,725,1,61,0,0,8,0
24,3,1000,0,0,1,0,1,725,1,0,61,8,0,0
3,24,1001,1,0,0,1,0,549,1,73,0,0,7,0
24,3,1001,1,0,1,0,1,531,1,0,101,15,1,0
3,24,1002,2,0,0,1,0,608,1,95,0,0,8,0
24,3,1002,2,0,1,0,1,812,1,0,71,8,0,0
3,24,1003,0,1,0,1,1,1049,1,0,16,0,0,0
24,3,1003,0,1,1,0,0,1049,1,16,0,0,0,0
3,24,1004,1,1,0,1,0,582,1,55,0,0,0,0
24,3,1004,1,1,1,0,1,582,1,0,55,0,0,0
3,24,1005,2,1,0,1,0,674,1,22,0,0,3,0
24,3,1005,2,1,1,0,1,643,1,0,35,7,0,0
3,24,1006,0,2,0,1,0,642,1,77,0,4,4,0
24,3,1006,0,2,1,0,1,642,1,0,77,4,4,0
3,24,1007,1,2,0,1,0,1112,1,49,0,20,9,0
24,3,1007,1,2,1,0,1,802,1,0,49,9,0,0
3,24,1008,2,2,0,1,0,424,1,79,0,0,4,0
24,3,1008,2,2,1,0,1,424,1,0,79,4,0,0
3,25,1000,0,0,0,1,0,578,1,12,0,0,0,0
25,3,1000,0,0,1,0,1,578,1,0,12,0,0,0
3,25,1001,1,0,0,1,1,622,1,0,9,0,0,0
25,3,1001,1,0,1,0,1,597,1,0,15,0,0,0
3,25,1002,2,0,0,1,0,592,1,58,0,0,0,0
25,3,1002,2,0,1,0,1,500,1,0,52,0,0,0
3,25,1003,0,1,0,1,0,480,1,31,0,0,0,0
25,3,1003,0,1,1,0,1,480,1,0,31,0,0,0
3,25,1004,1,1,0,1,0,601,1,60,0,0,0,0
25,3,1004,1,1,1,0,1,606,1,0,54,0,0,0
3,25,1005,2,1,0,1,0,421,1,42,0,0,17,0
25,3,1005,2,1,1,0,1,421,1,0,57,17,0,0
3,25,1006,0,2,0,1,0,553,1,3,0,17,2,0
25,3,1006,0,2,1,0,1,553,1,0,3,2,17,0
3,25,1007,1,2,0,1,1,598,1,0,27,0,0,0
25,3,1007,1,2,1,0,1,457,1,0,58,0,0,0
3,25,1008,2,2,0,1,0,636,1,67,0,4,0,0
25,3,1008,2,2,1,0,1,688,1,0,54,0,4,0
3,26,1000,0,0,0,1,1,761,1,0,41,0,0,0
26,3,1000,0,0,1,0,0,761,1,41,0,0,0,0
3,26,1001,1,0,0,1,0,1335,1,59,0,0,0,0
26,3,1001,1,0,1,0,1,1042,1,0,28,0,0,0
3,26,1002,2,0,0,1,1,1126,1,0,1,0,0,0
26,3,1002,2,0,1,0,0,990,1,1,0,0,0,0
3,26,1003,0,1,0,1,1,612,1,0,15,0,0,0
26,3,1003,0,1,1,0,0,612,1,15,0,0,0,0
3,26,1004,1,1,0,1,0,727,1,10,0,30,24,0
26,3,1004,1,1,1,0,0,885,1,15,0,0,0,0
3,26,1005,2,1,0,1,0,565,1,26,0,1,0,0
26,3,1005,2,1,1,0,1,855,1,0,10,7,1,0
3,26,1006,0,2,0,1,1,1023,1,0,46,13,26,0
26,3,1006,0,2,1,0,0,1023,1,46,0,26,13,0
3,26,1007,1,2,0,1,1,1359,1,0,15,33,44,0
26,3,1007,1,2,1,0,0,390,1,96,0,21,0,0
3,26,1008,2,2,0,1,0,882,1,5,0,8,38,0
26,3,1008,2,2,1,0,-1,802,1,0,0,32,71,0
3,27,1000,0,0,0,1,0,672,1,52,0,0,0,0
27,3,1000,0,0,1,0,1,672,1,0,52,0,0,0
3,27,1001,1,0,0,1,0,849,1,48,0,5,1,0
27,3,1001,1,0,1,0,1,933,1,0,37,27,3,0
3,27,1002,2,0,0,1,0,1081,1,22,0,17,3,0
27,3,1002,2,0,1,0,1,761,1,0,82,17,27,0
3,27,1003,0,1,0,1,0,1209,1,9,0,85,31,0
27,3,1003,0,1,1,0,1,1209,1,0,9,31,85,0
3,27,1004,1,1,0,1,0,858,1,67,0,14,31,0
27,3,1004,1,1,1,0,0,1052,1,5,0,0,17,0
3,27,1005,2,1,0,1,0,618,1,115,0,19,20,0
27,3,1005,2,1,1,0,1,617,1,0,13,0,4,0
3,27,1006,0,2,0,1,0,1233,1,55,0,1,0,0
27,3,1006,0,2,1,0,1,1233,1,0,55,0,1,0
3,27,1007,1,2,0,1,0,1131,1,19,0,12,39,0
27,3,1007,1,2,1,0,1,1030,1,0,4,0,0,0
3,27,1008,2,2,0,1,0,979,1,54,0,11,30,0
27,3,1008,2,2,1,0,1,808,1,0,25,0,18,0
3,28,1000,0,0,0,1,0,948,1,9,0,21,4,0
28,3,1000,0,0,1,0,1,948,1,0,9,4,21,0
3,28,1001,1,0,0,1,0,603,1,3,0,0,0,0
28,3,1001,1,0,1,0,0,660,1,80,0,0,1,0
3,28,1002,2,0,0,1,0,514,1,86,0,0,0,0
28,3,1002,2,0,1,0,1,553,1,0,79,0,1,0
3,28,1003,0,1,0,1,0,611,1,12,0,12,0,0
28,3,1003,0,1,1,0,1,611,1,0,12,0,12,0
3,28,1004,1,1,0,1,0,829,1,85,0,18,34,0
28,3,1004,1,1,1,0,1,906,1,0,2,0,15,0
3,28,1005,2,1,0,1,0,597,1,88,0,22,72,0
28,3,1005,2,1,1,0,1,729,1,0,64,0,22,0
3,28,1006,0,2,0,1,0,535,1,51,0,0,0,0
28,3,1006,0,2,1,0,1,535,1,0,51,0,0,0
3,28,1007,1,2,0,1,0,773,1,75,0,0,33,0
28,3,1007,1,2,1,0,0,444,1,54,0,0,2,0
3,28,1008,2,2,0,1,0,891,1,38,0,1,48,0
28,3,1008,2,2,1,0,1,1229,1,0,23,135,61,0
3,29,1000,0,0,0,1,1,1613,1,0,51,4,0,0
29,3,1000,0,0,1,0,0,1613,1,51,0,0,4,0
3,29,1001,1,0,0,1,0,1282,1,19,0,0,0,0
29,3,1001,1,0,1,0,0,1296,1,52,0,0,0,0
3,29,1002,2,0,0,1,-1,1476,1,0,0,0,0,0
29,3,1002,2,0,1,0,1,1343,1,0,4,4,0,0
3,29,1003,0,1,0,1,1,1612,1,0,15,18,18,0
29,3,1003,0,1,1,0,0,1612,1,15,0,18,18,0
3,29,1004,1,1,0,1,1,1050,1,0,69,9,4,0
29,3,1004,1,1,1,0,0,1612,1,34,0,28,12,0
3,29,1005,2,1,0,1,1,970,1,0,52,4,12,0
29,3,1005,2,1,1,0,1,1227,1,0,13,12,4,0
3,29,1006,0,2,0,1,0,1730,1,12,0,0,12,0
29,3,1006,0,2,1,0,1,1730,1,0,12,12,0,0
3,29,1007,1,2,0,1,0,1314,1,18,0,0,0,0
29,3,1007,1,2,1,0,0,1534,1,45,0,0,0,0
3,29,1008,2,2,0,1,0,1205,1,39,0,0,0,0
29,3,1008,2,2,1,0,1,1205,1,0,54,0,0,0
3,30,1000,0,0,0,1,1,1063,1,0,33,0,29,0
30,3,1000,0,0,1,0,0,1063,1,33,0,29,0,0
3,30,1001,1,0,0,1,0,1475,1,71,0,31,9,0
30,3,1001,1,0,1,0,1,1418,1,0,71,20,21,0
3,30,1002,2,0,0,1,0,350,1,55,0,37,24,0
30,3,1002,2,0,1,0,1,710,1,0,35,12,20,0
3,30,1003,0,1,0,1,0,341,1,82,0,3,14,0
30,3,1003,0,1,1,0,1,341,1,0,82,14,3,0
3,30,1004,1,1,0,1,0,1406,1,37,0,31,41,0
30,3,1004,1,1,1,0,0,1414,1,52,0,14,14,0
3,30,1005,2,1,0,1,0,495,1,104,0,11,20,0
30,3,1005,2,1,1,0,1,637,1,0,51,25,42,0
3,30,1006,0,2,0,1,0,605,1,78,0,0,11,0
30,3,1006,0,2,1,0,1,605,1,0,78,11,0,0
3,30,1007,1,2,0,1,1,1606,1,0,52,8,15,0
30,3,1007,1,2,1,0,1,605,1,0,78,16,0,0
3,30,1008,2,2,0,1,1,1563,1,0,9,21,15,0
30,3,1008,2,2,1,0,1,604,1,0,51,31,23,0
3,31,1000,0,0,0,1,0,1398,1,7,0,0,0,0
31,3,1000,0,0,1,0,1,1398,1,0,7,0,0,0
3,31,1001,1,0,0,1,0,959,1,58,0,3,20,0
31,3,1001,1,0,1,0,1,723,1,0,59,0,6,0
3,31,1002,2,0,0,1,0,1124,1,92,0,0,10,0
31,3,1002,2,0,1,0,1,539,1,0,65,13,4,0
3,31,1003,0,1,0,1,0,609,1,85,0,5,31,0
31,3,1003,0,1,1,0,1,609,1,0,85,31,5,0
3,31,1004,1,1,0,1,0,858,1,22,0,0,0,0
31,3,1004,1,1,1,0,1,773,1,0,80,19,2,0
3,31,1005,2,1,0,1,1,716,1,0,11,0,7,0
31,3,1005,2,1,1,0,1,776,1,0,7,23,43,0
3,31,1006,0,2,0,1,0,530,1,59,0,0,0,0
31,3,1006,0,2,1,0,1,530,1,0,59,0,0,0
3,31,1007,1,2,0,1,0,1442,1,52,0,6,8,0
31,3,1007,1,2,1,0,1,1244,1,0,56,10,12,0
3,31,1008,2,2,0,1,0,932,1,81,0,0,0,0
31,3,1008,2,2,1,0,0,1186,1,15,0,26,3,0
3,32,1000,0,0,0,1,0,993,1,40,0,0,0,0
32,3,1000,0,0,1,0,1,993,1,0,40,0,0,0
3,32,1001,1,0,0,1,1,1084,1,0,41,0,9,0
32,3,1001,1,0,1,0,0,1201,1,29,0,0,0,0
3,32,1002,2,0,0,1,1,836,1,0,49,0,0,0
32,3,1002,2,0,1,0,1,927,1,0,37,0,0,0
3,32,1003,0,1,0,1,1,1261,1,0,10,1,0,0
32,3,1003,0,1,1,0,0,1261,1,10,0,0,1,0
3,32,1004,1,1,0,1,1,1201,1,0,5,18,0,0
32,3,1004,1,1,1,0,1,1446,1,0,15,0,0,0
3,32,1005,2,1,0,1,0,1074,1,42,0,2,11,0
32,3,1005,2,1,1,0,1,800,1,0,56,0,0,0
3,32,1006,0,2,0,1,1,1081,1,0,5,9,0,0
32,3,1006,0,2,1,0,0,1081,1,5,0,0,9,0
3,32,1007,1,2,0,1,0,1680,1,2,0,0,30,0
32,3,1007,1,2,1,0,1,1009,1,0,30,0,0,0
3,32,1008,2,2,0,1,1,823,1,0,57,0,3,0
32,3,1008,2,2,1,0,1,933,1,0,7,0,17,0
3,33,1000,0,0,0,1,0,373,1,103,0,6,9,0
33,3,1000,0,0,1,0,1,373,1,0,103,9,6,0
3,33,1001,1,0,0,1,0,506,1,88,0,0,0,0
33,3,1001,1,0,1,0,1,652,1,0,115,25,0,0
3,33,1002,2,0,0,1,0,719,1,42,0,4,22,0
33,3,1002,2,0,1,0,1,683,1,0,56,0,0,0
3,33,1003,0,1,0,1,0,1068,1,51,0,18,19,0
33,3,1003,0,1,1,0,1,1068,1,0,51,19,18,0
3,33,1004,1,1,0,1,0,792,1,32,0,0,0,0
33,3,1004,1,1,1,0,1,945,1,0,70,2,0,0
3,33,1005,2,1,0,1,0,629,1,61,0,0,0,0
33,3,1005,2,1,1,0,0,586,1,5,0,13,13,0
3,33,1006,0,2,0,1,0,552,1,85,0,0,0,0
33,3,1006,0,2,1,0,1,552,1,0,85,0,0,0
3,33,1007,1,2,0,1,0,519,1,88,0,2,0,0
33,3,1007,1,2,1,0,1,593,1,0,100,0,2,0
3,33,1008,2,2,0,1,0,949,1,39,0,8,0,0
33,3,1008,2,2,1,0,1,930,1,0,39,0,8,0
3,34,1000,0,0,0,1,0,552,1,57,0,0,5,0
34,3,1000,0,0,1,0,1,552,1,0,57,5,0,0
3,34,1001,1,0,0,1,0,595,1,72,0,0,0,0
34,3,1001,1,0,1,0,1,496,1,0,99,0,0,0
3,34,1002,2,0,0,1,0,645,1,30,0,7,5,0
34,3,1002,2,0,1,0,1,587,1,0,67,5,7,0
3,34,1003,0,1,0,1,0,551,1,74,0,0,0,0
34,3,1003,0,1,1,0,1,551,1,0,74,0,0,0
3,34,1004,1,1,0,1,0,428,1,107,0,0,0,0
34,3,1004,1,1,1,0,1,428,1,0,107,0,0,0
3,34,1005,2,1,0,1,0,560,1,88,0,0,0,0
34,3,1005,2,1,1,0,1,560,1,0,70,0,0,0
3,34,1006,0,2,0,1,0,664,1,93,0,0,0,0
34,3,1006,0,2,1,0,1,664,1,0,93,0,0,0
3,34,1007,1,2,0,1,0,685,1,80,0,12,8,0
34,3,1007,1,2,1,0,1,540,1,0,86,8,12,0
3,34,1008,2,2,0,1,0,883,1,54,0,5,0,0
34,3,1008,2,2,1,0,1,883,1,0,52,0,5,0
3,35,1000,0,0,0,1,0,1136,1,39,0,9,0,0
35,3,1000,0,0,1,0,1,1136,1,0,39,0,9,0
3,35,1001,1,0,0,1,0,1754,1,6,0,0,0,0
35,3,1001,1,0,1,0,0,1804,1,20,0,0,0,0
3,35,1002,2,0,0,1,1,1575,1,0,13,1,2,0
35,3,1002,2,0,1,0,0,1638,1,88,0,0,0,0
3,35,1003,0,1,0,1,-1,1614,1,0,0,20,53,0
35,3,1003,0,1,1,0,-1,1614,1,0,0,53,20,0
3,35,1004,1,1,0,1,0,1046,1,72,0,31,28,0
35,3,1004,1,1,1,0,1,1539,1,0,47,21,28,0
3,35,1005,2,1,0,1,0,548,1,75,0,5,8,0
35,3,1005,2,1,1,0,0,1404,1,26,0,41,33,0
3,35,1006,0,2,0,1,0,1681,1,26,0,14,13,0
35,3,1006,0,2,1,0,1,1681,1,0,26,13,14,0
3,35,1007,1,2,0,1,1,1734,1,0,34,21,9,0
35,3,1007,1,2,1,0,0,1580,1,22,0,0,6,0
3,35,1008,2,2,0,1,0,1711,1,44,0,52,10,0
35,3,1008,2,2,1,0,1,1581,1,0,22,13,8,0
3,36,1000,0,0,0,1,0,605,1,22,0,16,36,0
36,3,1000,0,0,1,0,1,605,1,0,22,36,16,0
3,36,1001,1,0,0,1,0,656,1,26,0,4,14,0
36,3,1001,1,0,1,0,0,690,1,83,0,15,0,0
3,36,1002,2,0,0,1,0,616,1,23,0,7,0,0
36,3,1002,2,0,1,0,0,763,1,18,0,0,0,0
3,36,1003,0,1,0,1,0,334,1,85,0,0,48,0
36,3,1003,0,1,1,0,1,334,1,0,85,48,0,0
3,36,1004,1,1,0,1,1,901,1,0,13,16,3,0
36,3,1004,1,1,1,0,1,412,1,0,61,5,1,0
3,36,1005,2,1,0,1,1,711,1,0,5,15,27,0
36,3,1005,2,1,1,0,1,599,1,0,37,12,6,0
3,36,1006,0,2,0,1,1,720,1,0,40,3,8,0
36,3,1006,0,2,1,0,0,720,1,40,0,8,3,0
3,36,1007,1,2,0,1,1,877,1,0,36,14,6,0
36,3,1007,1,2,1,0,0,969,1,28,0,8,4,0
3,36,1008,2,2,0,1,1,975,1,0,9,21,16,0
36,3,1008,2,2,1,0,1,334,1,0,92,10,19,0
3,37,1000,0,0,0,1,1,796,1,0,25,7,3,0
37,3,1000,0,0,1,0,0,796,1,25,0,3,7,0
3,37,1001,1,0,0,1,0,1360,1,10,0,5,11,0
37,3,1001,1,0,1,0,1,1625,1,0,25,0,0,0
3,37,1002,2,0,0,1,0,270,1,72,0,11,0,0
37,3,1002,2,0,1,0,1,1057,1,0,10,0,0,0
3,37,1003,0,1,0,1,0,1104,1,35,0,7,17,0
37,3,1003,0,1,1,0,1,1104,1,0,35,17,7,0
3,37,1004,1,1,0,1,0,715,1,27,0,0,32,0
37,3,1004,1,1,1,0,1,1364,1,0,50,0,15,0
3,37,1005,2,1,0,1,0,1042,1,56,0,16,18,0
37,3,1005,2,1,1,0,1,993,1,0,57,7,12,0
3,37,1006,0,2,0,1,0,687,1,28,0,0,0,0
37,3,1006,0,2,1,0,1,687,1,0,28,0,0,0
3,37,1007,1,2,0,1,0,1214,1,38,0,8,34,0
37,3,1007,1,2,1,0,1,1546,1,0,10,0,10,0
3,37,1008,2,2,0,1,0,785,1,56,0,0,0,0
37,3,1008,2,2,1,0,1,1215,1,0,21,18,29,0
3,38,1000,0,0,0,1,0,916,1,88,0,1,11,0
38,3,1000,0,0,1,0,1,916,1,0,88,11,1,0
3,38,1001,1,0,0,1,1,417,1,0,62,0,0,0
38,3,1001,1,0,1,0,1,1161,1,0,50,0,0,0
3,38,1002,2,0,0,1,0,543,1,88,0,0,0,0
38,3,1002,2,0,1,0,1,662,1,0,55,0,20,0
3,38,1003,0,1,0,1,0,1033,1,32,0,38,93,0
38,3,1003,0,1,1,0,1,1033,1,0,32,93,38,0
3,38,1004,1,1,0,1,0,943,1,39,0,27,0,0
38,3,1004,1,1,1,0,1,759,1,0,50,0,0,0
3,38,1005,2,1,0,1,1,461,1,0,47,0,0,0
38,3,1005,2,1,1,0,1,816,1,0,50,36,4,0
3,38,1006,0,2,0,1,0,976,1,12,0,0,11,0
38,3,1006,0,2,1,0,1,976,1,0,12,11,0,0
3,38,1007,1,2,0,1,0,1111,1,77,0,4,12,0
38,3,1007,1,2,1,0,0,710,1,14,0,0,0,0
3,38,1008,2,2,0,1,0,1488,1,27,0,3,22,0
38,3,1008,2,2,1,0,1,1411,1,0,50,0,6,0
3,39,1000,0,0,0,1,0,651,1,75,0,1,0,0
39,3,1000,0,0,1,0,1,651,1,0,75,0,1,0
3,39,1001,1,0,0,1,0,1076,1,67,0,0,0,0
39,3,1001,1,0,1,0,1,623,1,0,88,0,0,0
3,39,1002,2,0,0,1,1,1453,1,0,31,0,39,0
39,3,1002,2,0,1,0,1,1423,1,0,75,12,4,0
3,39,1003,0,1,0,1,0,819,1,94,0,0,7,0
39,3,1003,0,1,1,0,1,819,1,0,94,7,0,0
3,39,1004,1,1,0,1,0,528,1,83,0,0,0,0
39,3,1004,1,1,1,0,1,548,1,0,83,0,0,0
3,39,1005,2,1,0,1,0,671,1,90,0,0,0,0
39,3,1005,2,1,1,0,1,493,1,0,74,0,0,0
3,39,1006,0,2,0,1,1,1261,1,0,8,11,0,0
39,3,1006,0,2,1,0,0,1261,1,8,0,0,11,0
3,39,1007,1,2,0,1,0,1050,1,103,0,10,0,0
39,3,1007,1,2,1,0,1,1348,1,0,77,0,10,0
3,39,1008,2,2,0,1,0,542,1,99,0,12,0,0
39,3,1008,2,2,1,0,1,517,1,0,99,0,12,0
4,5,1000,0,0,0,1,1,1710,1,0,2,0,4,0
5,4,1000,0,0,1,0,0,1710,1,2,0,4,0,0
4,5,1001,1,0,0,1,1,1845,1,0,3,0,4,0
5,4,1001,1,0,1,0,0,1329,1,68,0,4,0,0
4,5,1002,2,0,0,1,1,1785,1,0,16,26,4,0
5,4,1002,2,0,1,0,0,1785,1,9,0,4,26,0
4,5,1003,0,1,0,1,0,1920,1,32,0,19,27,0
5,4,1003,0,1,1,0,1,1920,1,0,32,27,19,0
4,5,1004,1,1,0,1,1,1326,1,0,57,0,11,0
5,4,1004,1,1,1,0,0,1208,1,69,0,21,0,0
4,5,1005,2,1,0,1,0,1818,1,37,0,20,57,0
5,4,1005,2,1,1,0,0,1603,1,25,0,25,12,0
4,5,1006,0,2,0,1,1,1291,1,0,32,0,11,0
5,4,1006,0,2,1,0,0,1291,1,32,0,11,0,0
4,5,1007,1,2,0,1,1,1651,1,0,34,40,21,0
5,4,1007,1,2,1,0,0,1849,1,33,0,11,26,0
4,5,1008,2,2,0,1,1,1396,1,0,51,0,58,0
5,4,1008,2,2,1,0,0,1162,1,96,0,76,28,0
4,6,1000,0,0,0,1,0,870,1,121,0,108,117,0
6,4,1000,0,0,1,0,1,870,1,0,121,117,108,0
4,6,1001,1,0,0,1,0,931,1,95,0,13,25,0
6,4,1001,1,0,1,0,1,1320,1,0,64,287,192,0
4,6,1002,2,0,0,1,0,840,1,109,0,58,13,0
6,4,1002,2,0,1,0,1,900,1,0,65,30,60,0
4,6,1003,0,1,0,1,0,960,1,97,0,64,5,0
6,4,1003,0,1,1,0,1,960,1,0,97,5,64,0
4,6,1004,1,1,0,1,0,1020,1,73,0,34,5,0
6,4,1004,1,1,1,0,1,1020,1,0,120,31,18,0
4,6,1005,2,1,0,1,0,527,1,109,0,16,36,0
6,4,1005,2,1,1,0,1,711,1,0,98,26,62,0
4,6,1006,0,2,0,1,0,1650,1,77,0,105,72,0
6,4,1006,0,2,1,0,1,1650,1,0,77,72,105,0
4,6,1007,1,2,0,1,0,1327,1,110,0,132,73,0
6,4,1007,1,2,1,0,1,720,1,0,107,54,113,0
4,6,1008,2,2,0,1,0,1080,1,60,0,63,21,0
6,4,1008,2,2,1,0,1,930,1,0,69,76,112,0
4,7,1000,0,0,0,1,1,489,1,0,36,0,0,0
7,4,1000,0,0,1,0,0,489,1,36,0,0,0,0
4,7,1001,1,0,0,1,0,540,1,6,0,0,0,0
7,4,1001,1,0,1,0,0,455,1,59,0,0,0,0
4,7,1002,2,0,0,1,1,406,1,0,51,0,0,0
7,4,1002,2,0,1,0,0,605,1,24,0,0,0,0
4,7,1003,0,1,0,1,1,596,1,0,8,0,0,0
7,4,1003,0,1,1,0,0,596,1,8,0,0,0,0
4,7,1004,1,1,0,1,1,493,1,0,30,0,0,0
7,4,1004,1,1,1,0,0,493,1,30,0,0,0,0
4,7,1005,2,1,0,1,0,484,1,60,0,0,0,0
7,4,1005,2,1,1,0,1,442,1,0,69,0,0,0
4,7,1006,0,2,0,1,1,384,1,0,50,0,0,0
7,4,1006,0,2,1,0,0,384,1,50,0,0,0,0
4,7,1007,1,2,0,1,1,345,1,0,48,0,0,0
7,4,1007,1,2,1,0,0,496,1,36,0,0,0,0
4,7,1008,2,2,0,1,0,450,1,50,0,0,0,0
7,4,1008,2,2,1,0,1,484,1,0,53,0,0,0
4,8,1000,0,0,0,1,0,1170,1,61,0,6,19,0
8,4,1000,0,0,1,0,1,1170,1,0,61,19,6,0
4,8,1001,1,0,0,1,0,960,1,95,0,0,10,0
8,4,1001,1,0,1,0,1,1200,1,0,62,10,0,0
4,8,1002,2,0,0,1,0,1470,1,67,0,86,129,0
8,4,1002,2,0,1,0,1,810,1,0,90,53,93,0
4,8,1003,0,1,0,1,0,705,1,85,0,61,37,0
8,4,1003,0,1,1,0,1,705,1,0,85,37,61,0
4,8,1004,1,1,0,1,0,900,1,69,0,34,44,0
8,4,1004,1,1,1,0,1,1050,1,0,104,28,54,0
4,8,1005,2,1,0,1,0,1290,1,69,0,6,47,0
8,4,1005,2,1,1,0,1,1710,1,0,68,37,18,0
4,8,1006,0,2,0,1,0,1147,1,72,0,69,96,0
8,4,1006,0,2,1,0,1,1147,1,0,72,96,69,0
4,8,1007,1,2,0,1,0,990,1,1,0,42,49,0
8,4,1007,1,2,1,0,1,1290,1,0,102,33,52,0
4,8,1008,2,2,0,1,0,720,1,113,0,18,30,0
8,4,1008,2,2,1,0,1,1020,1,0,100,35,12,0
4,9,1000,0,0,0,1,0,780,1,76,0,49,0,0
9,4,1000,0,0,1,0,1,780,1,0,76,0,49,0
4,9,1001,1,0,0,1,0,1500,1,123,0,41,13,0
9,4,1001,1,0,1,0,1,1282,1,0,67,11,8,0
4,9,1002,2,0,0,1,0,1500,1,58,0,0,3,0
9,4,1002,2,0,1,0,1,1710,1,0,41,3,0,0
4,9,1003,0,1,0,1,1,1075,1,0,28,0,9,0
9,4,1003,0,1,1,0,0,1075,1,28,0,9,0,0
4,9,1004,1,1,0,1,0,932,1,96,0,0,12,0
9,4,1004,1,1,1,0,1,975,1,0,96,12,0,0
4,9,1005,2,1,0,1,0,1170,1,72,0,2,7,0
9,4,1005,2,1,1,0,0,793,1,57,0,3,0,0
4,9,1006,0,2,0,1,0,1140,1,38,0,0,4,0
9,4,1006,0,2,1,0,1,1140,1,0,38,4,0,0
4,9,1007,1,2,0,1,0,1663,1,53,0,3,6,0
9,4,1007,1,2,1,0,1,1530,1,0,4,3,0,0
4,9,1008,2,2,0,1,0,963,1,48,0,64,30,0
9,4,1008,2,2,1,0,1,1110,1,0,19,30,64,0
4,10,1000,0,0,0,1,1,1216,1,0,63,39,37,0
10,4,1000,0,0,1,0,0,1216,1,63,0,37,39,0
4,10,1001,1,0,0,1,1,795,1,0,82,62,24,0
10,4,1001,1,0,1,0,0,952,1,66,0,34,11,0
4,10,1002,2,0,0,1,1,779,1,0,37,44,72,0
10,4,1002,2,0,1,0,0,512,1,19,0,156,53,0
4,10,1003,0,1,0,1,1,1342,1,0,65,11,9,0
10,4,1003,0,1,1,0,0,1342,1,65,0,9,11,0
4,10,1004,1,1,0,1,1,865,1,0,60,0,0,0
10,4,1004,1,1,1,0,0,1137,1,32,0,14,6,0
4,10,1005,2,1,0,1,1,1933,1,0,14,120,127,0
10,4,1005,2,1,1,0,0,687,1,105,0,91,38,0
4,10,1006,0,2,0,1,1,1608,1,0,57,11,28,0
10,4,1006,0,2,1,0,0,1608,1,57,0,28,11,0
4,10,1007,1,2,0,1,1,1754,1,0,62,10,15,0
10,4,1007,1,2,1,0,0,1507,1,64,0,22,36,0
4,10,1008,2,2,0,1,1,1935,1,0,2,74,107,0
10,4,1008,2,2,1,0,0,1552,1,51,0,47,46,0
4,11,1000,0,0,0,1,1,1648,1,0,96,3,0,0
11,4,1000,0,0,1,0,0,1648,1,96,0,0,3,0
4,11,1001,1,0,0,1,1,2186,1,0,88,0,2,0
11,4,1001,1,0,1,0,0,997,1,117,0,0,0,0
4,11,1002,2,0,0,1,1,1210,1,0,64,0,0,0
11,4,1002,2,0,1,0,0,1427,1,66,0,0,0,0
4,11,1003,0,1,0,1,1,1284,1,0,121,7,0,0
11,4,1003,0,1,1,0,0,1284,1,121,0,0,7,0
4,11,1004,1,1,0,1,1,1101,1,0,93,0,0,0
11,4,1004,1,1,1,0,0,1101,1,93,0,0,0,0
4,11,1005,2,1,0,1,1,1249,1,0,81,0,0,0
11,4,1005,2,1,1,0,0,1633,1,62,0,3,0,0
4,11,1006,0,2,0,1,1,1494,1,0,102,0,5,0
11,4,1006,0,2,1,0,0,1494,1,102,0,5,0,0
4,11,1007,1,2,0,1,1,1404,1,0,114,0,0,0
11,4,1007,1,2,1,0,0,1830,1,10,0,0,0,0
4,11,1008,2,2,0,1,1,892,1,0,52,0,31,0
11,4,1008,2,2,1,0,0,892,1,70,0,31,0,0
4,12,1000,0,0,0,1,1,860,1,0,61,20,20,0
12,4,1000,0,0,1,0,0,860,1,61,0,20,20,0
4,12,1001,1,0,0,1,1,471,1,0,86,0,5,0
12,4,1001,1,0,1,0,0,526,1,98,0,7,0,0
4,12,1002,2,0,0,1,1,906,1,0,41,0,5,0
12,4,1002,2,0,1,0,0,725,1,52,0,5,0,0
4,12,1003,0,1,0,1,1,352,1,0,95,0,5,0
12,4,1003,0,1,1,0,0,352,1,95,0,5,0,0
4,12,1004,1,1,0,1,1,706,1,0,39,48,82,0
12,4,1004,1,1,1,0,0,594,1,65,0,6,3,0
4,12,1005,2,1,0,1,1,607,1,0,42,0,5,0
12,4,1005,2,1,1,0,0,827,1,54,0,12,0,0
4,12,1006,0,2,0,1,1,1139,1,0,58,8,17,0
12,4,1006,0,2,1,0,0,1139,1,58,0,17,8,0
4,12,1007,1,2,0,1,1,434,1,0,100,8,5,0
12,4,1007,1,2,1,0,0,608,1,74,0,5,0,0
4,12,1008,2,2,0,1,1,578,1,0,71,3,5,0
12,4,1008,2,2,1,0,0,578,1,79,0,5,3,0
4,13,1000,0,0,0,1,1,538,1,0,62,4,25,0
13,4,1000,0,0,1,0,0,538,1,62,0,25,4,0
4,13,1001,1,0,0,1,1,384,1,0,56,4,17,0
13,4,1001,1,0,1,0,0,393,1,61,0,0,4,0
4,13,1002,2,0,0,1,1,759,1,0,30,4,0,0
13,4,1002,2,0,1,0,1,802,1,0,37,129,20,0
4,13,1003,0,1,0,1,1,699,1,0,36,2,0,0
13,4,1003,0,1,1,0,0,699,1,36,0,0,2,0
4,13,1004,1,1,0,1,1,532,1,0,56,29,10,0
13,4,1004,1,1,1,0,0,513,1,81,0,0,18,0
4,13,1005,2,1,0,1,1,542,1,0,37,15,0,0
13,4,1005,2,1,1,0,0,536,1,55,0,0,5,0
4,13,1006,0,2,0,1,1,591,1,0,51,11,0,0
13,4,1006,0,2,1,0,0,591,1,51,0,0,11,0
4,13,1007,1,2,0,1,1,460,1,0,49,5,0,0
13,4,1007,1,2,1,0,0,389,1,73,0,0,5,0
4,13,1008,2,2,0,1,1,573,1,0,62,5,0,0
13,4,1008,2,2,1,0,0,462,1,79,0,0,5,0
4,14,1000,0,0,0,1,0,750,1,16,0,0,0,0
14,4,1000,0,0,1,0,1,750,1,0,16,0,0,0
4,14,1001,1,0,0,1,1,680,1,0,34,18,0,0
14,4,1001,1,0,1,0,0,680,1,34,0,0,18,0
4,14,1002,2,0,0,1,0,960,1,54,0,31,2,0
14,4,1002,2,0,1,0,1,960,1,0,54,2,31,0
4,14,1003,0,1,0,1,0,750,1,74,0,17,9,0
14,4,1003,0,1,1,0,1,750,1,0,74,9,17,0
4,14,1004,1,1,0,1,0,660,1,89,0,0,0,0
14,4,1004,1,1,1,0,1,660,1,0,89,0,0,0
4,14,1005,2,1,0,1,0,990,1,64,0,1,10,0
14,4,1005,2,1,1,0,1,1050,1,0,64,10,1,0
4,14,1006,0,2,0,1,0,750,1,51,0,0,15,0
14,4,1006,0,2,1,0,1,750,1,0,51,15,0,0
4,14,1007,1,2,0,1,0,750,1,34,0,5,17,0
14,4,1007,1,2,1,0,1,750,1,0,34,17,5,0
4,14,1008,2,2,0,1,0,960,1,17,0,0,0,0
14,4,1008,2,2,1,0,1,840,1,0,51,0,0,0
4,15,1000,0,0,0,1,1,1311,1,0,27,0,0,0
15,4,1000,0,0,1,0,0,1311,1,27,0,0,0,0
4,15,1001,1,0,0,1,0,1080,1,123,0,47,27,0
15,4,1001,1,0,1,0,1,900,1,0,77,19,20,0
4,15,1002,2,0,0,1,0,1200,1,67,0,60,15,0
15,4,1002,2,0,1,0,1,1440,1,0,108,0,51,0
4,15,1003,0,1,0,1,0,2190,1,33,0,44,61,0
15,4,1003,0,1,1,0,1,2190,1,0,33,61,44,0
4,15,1004,1,1,0,1,0,1170,1,26,0,5,15,0
15,4,1004,1,1,1,0,1,1260,1,0,123,76,52,0
4,15,1005,2,1,0,1,0,1350,1,56,0,4,1,0
15,4,1005,2,1,1,0,1,1562,1,0,86,23,0,0
4,15,1006,0,2,0,1,0,1200,1,26,0,0,0,0
15,4,1006,0,2,1,0,1,1200,1,0,26,0,0,0
4,15,1007,1,2,0,1,0,1170,1,121,0,9,24,0
15,4,1007,1,2,1,0,1,1350,1,0,100,49,68,0
4,15,1008,2,2,0,1,0,1407,1,98,0,12,26,0
15,4,1008,2,2,1,0,1,1440,1,0,102,62,86,0
4,16,1000,0,0,0,1,0,630,1,122,0,12,30,0
16,4,1000,0,0,1,0,1,630,1,0,122,30,12,0
4,16,1001,1,0,0,1,0,840,1,123,0,10,15,0
16,4,1001,1,0,1,0,1,973,1,0,32,34,24,0
4,16,1002,2,0,0,1,0,976,1,64,0,61,12,0
16,4,1002,2,0,1,0,1,720,1,0,98,30,16,0
4,16,1003,0,1,0,1,0,750,1,96,0,22,19,0
16,4,1003,0,1,1,0,1,750,1,0,96,19,22,0
4,16,1004,1,1,0,1,0,990,1,93,0,54,1,0
16,4,1004,1,1,1,0,1,960,1,0,87,9,59,0
4,16,1005,2,1,0,1,0,780,1,78,0,0,10,0
16,4,1005,2,1,1,0,1,990,1,0,90,19,12,0
4,16,1006,0,2,0,1,0,1230,1,84,0,9,41,0
16,4,1006,0,2,1,0,1,1230,1,0,84,41,9,0
4,16,1007,1,2,0,1,0,1230,1,105,0,25,12,0
16,4,1007,1,2,1,0,1,1140,1,0,80,20,25,0
4,16,1008,2,2,0,1,0,870,1,122,0,35,14,0
16,4,1008,2,2,1,0,1,1110,1,0,91,3,17,0
4,17,1000,0,0,0,1,1,484,1,0,18,0,0,0
17,4,1000,0,0,1,0,0,484,1,18,0,0,0,0
4,17,1001,1,0,0,1,1,562,1,0,16,0,0,0
17,4,1001,1,0,1,0,0,356,1,71,0,0,0,0
4,17,1002,2,0,0,1,1,598,1,0,11,0,0,0
17,4,1002,2,0,1,0,0,730,1,9,0,0,0,0
4,17,1003,0,1,0,1,1,514,1,0,25,0,10,0
17,4,1003,0,1,1,0,0,514,1,25,0,10,0,0
4,17,1004,1,1,0,1,0,510,1,62,0,0,0,0
17,4,1004,1,1,1,0,0,658,1,48,0,0,0,0
4,17,1005,2,1,0,1,1,443,1,0,5,0,0,0
17,4,1005,2,1,1,0,0,556,1,57,0,0,0,0
4,17,1006,0,2,0,1,0,510,1,24,0,0,0,0
17,4,1006,0,2,1,0,1,510,1,0,24,0,0,0
4,17,1007,1,2,0,1,0,510,1,30,0,0,0,0
17,4,1007,1,2,1,0,0,515,1,54,0,0,0,0
4,17,1008,2,2,0,1,1,505,1,0,44,0,0,0
17,4,1008,2,2,1,0,0,664,1,53,0,10,0,0
4,18,1000,0,0,0,1,0,728,1,80,0,0,24,0
18,4,1000,0,0,1,0,1,728,1,0,80,24,0,0
4,18,1001,1,0,0,1,0,1140,1,54,0,24,70,0
18,4,1001,1,0,1,0,1,1368,1,0,41,15,68,0
4,18,1002,2,0,0,1,0,626,1,44,0,50,0,0
18,4,1002,2,0,1,0,1,733,1,0,31,0,50,0
4,18,1003,0,1,0,1,0,1020,1,47,0,12,3,0
18,4,1003,0,1,1,0,1,1020,1,0,47,3,12,0
4,18,1004,1,1,0,1,0,859,1,123,0,10,35,0
18,4,1004,1,1,1,0,1,690,1,0,116,35,10,0
4,18,1005,2,1,0,1,0,1140,1,90,0,43,52,0
18,4,1005,2,1,1,0,1,900,1,0,44,2,5,0
4,18,1006,0,2,0,1,0,1045,1,47,0,36,94,0
18,4,1006,0,2,1,0,1,1045,1,0,47,94,36,0
4,18,1007,1,2,0,1,0,1350,1,5,0,10,0,0
18,4,1007,1,2,1,0,1,1080,1,0,71,77,125,0
4,18,1008,2,2,0,1,0,1437,1,54,0,58,27,0
18,4,1008,2,2,1,0,1,895,1,0,87,101,131,0
4,19,1000,0,0,0,1,0,1410,1,89,0,56,97,0
19,4,1000,0,0,1,0,1,1410,1,0,89,97,56,0
4,19,1001,1,0,0,1,0,960,1,53,0,109,144,0
19,4,1001,1,0,1,0,1,1290,1,0,38,120,121,0
4,19,1002,2,0,0,1,0,1380,1,49,0,119,45,0
19,4,1002,2,0,1,0,1,870,1,0,50,59,42,0
4,19,1003,0,1,0,1,0,930,1,91,0,79,87,0
19,4,1003,0,1,1,0,1,930,1,0,91,87,79,0
4,19,1004,1,1,0,1,0,1260,1,87,0,20,28,0
19,4,1004,1,1,1,0,1,1110,1,0,100,52,10,0
4,19,1005,2,1,0,1,0,1800,1,13,0,134,129,0
19,4,1005,2,1,1,0,1,1022,1,0,44,180,144,0
4,19,1006,0,2,0,1,0,1170,1,52,0,17,52,0
19,4,1006,0,2,1,0,1,1170,1,0,52,52,17,0
4,19,1007,1,2,0,1,0,1020,1,116,0,23,21,0
19,4,1007,1,2,1,0,1,1260,1,0,95,144,114,0
4,19,1008,2,2,0,1,0,870,1,72,0,68,168,0
19,4,1008,2,2,1,0,1,1629,1,0,54,32,60,0
4,20,1000,0,0,0,1,0,1650,1,41,0,0,53,0
20,4,1000,0,0,1,0,1,1650,1,0,41,53,0,0
4,20,1001,1,0,0,1,1,1039,1,0,72,27,0,0
20,4,1001,1,0,1,0,1,1500,1,0,30,50,26,0
4,20,1002,2,0,0,1,0,1110,1,41,0,88,114,0
20,4,1002,2,0,1,0,1,1170,1,0,105,76,64,0
4,20,1003,0,1,0,1,1,650,1,0,70,0,29,0
20,4,1003,0,1,1,0,0,650,1,70,0,29,0,0
4,20,1004,1,1,0,1,0,1230,1,87,0,120,102,0
20,4,1004,1,1,1,0,1,1530,1,0,80,42,67,0
4,20,1005,2,1,0,1,0,1110,1,100,0,86,136,0
20,4,1005,2,1,1,0,0,2133,1,46,0,439,95,0
4,20,1006,0,2,0,1,0,1380,1,46,0,127,155,0
20,4,1006,0,2,1,0,1,1380,1,0,46,155,127,0
4,20,1007,1,2,0,1,1,1265,1,0,98,42,77,0
20,4,1007,1,2,1,0,0,1615,1,35,0,76,75,0
4,20,1008,2,2,0,1,1,1491,1,0,15,51,94,0
20,4,1008,2,2,1,0,0,847,1,88,0,130,28,0
4,21,1000,0,0,0,1,0,1063,1,73,0,24,7,0
21,4,1000,0,0,1,0,1,1063,1,0,73,7,24,0
4,21,1001,1,0,0,1,1,1410,1,0,12,4,7,0
21,4,1001,1,0,1,0,1,1538,1,0,51,7,0,0
4,21,1002,2,0,0,1,0,886,1,73,0,2,7,0
21,4,1002,2,0,1,0,1,1120,1,0,85,7,47,0
4,21,1003,0,1,0,1,0,900,1,48,0,0,15,0
21,4,1003,0,1,1,0,1,900,1,0,48,15,0,0
4,21,1004,1,1,0,1,0,750,1,86,0,0,57,0
21,4,1004,1,1,1,0,1,834,1,0,83,5,0,0
4,21,1005,2,1,0,1,0,870,1,91,0,0,21,0
21,4,1005,2,1,1,0,1,784,1,0,104,21,0,0
4,21,1006,0,2,0,1,0,656,1,123,0,20,25,0
21,4,1006,0,2,1,0,1,656,1,0,123,25,20,0
4,21,1007,1,2,0,1,0,873,1,119,0,6,42,0
21,4,1007,1,2,1,0,1,780,1,0,62,7,1,0
4,21,1008,2,2,0,1,0,930,1,106,0,4,15,0
21,4,1008,2,2,1,0,1,1290,1,0,8,14,4,0
4,22,1000,0,0,0,1,0,750,1,88,0,0,0,0
22,4,1000,0,0,1,0,1,750,1,0,88,0,0,0
4,22,1001,1,0,0,1,0,829,1,110,0,0,0,0
22,4,1001,1,0,1,0,1,810,1,0,88,13,0,0
4,22,1002,2,0,0,1,0,900,1,53,0,0,0,0
22,4,1002,2,0,1,0,1,1020,1,0,123,24,0,0
4,22,1003,0,1,0,1,0,810,1,73,0,0,2,0
22,4,1003,0,1,1,0,1,810,1,0,73,2,0,0
4,22,1004,1,1,0,1,0,990,1,86,0,64,81,0
22,4,1004,1,1,1,0,1,840,1,0,123,14,0,0
4,22,1005,2,1,0,1,0,930,1,79,0,1,8,0
22,4,1005,2,1,1,0,1,1050,1,0,75,15,0,0
4,22,1006,0,2,0,1,0,810,1,53,0,0,0,0
22,4,1006,0,2,1,0,1,810,1,0,53,0,0,0
4,22,1007,1,2,0,1,0,780,1,77,0,0,0,0
22,4,1007,1,2,1,0,1,974,1,0,99,90,45,0
4,22,1008,2,2,0,1,0,810,1,123,0,0,0,0
22,4,1008,2,2,1,0,1,1306,1,0,112,31,50,0
4,23,1000,0,0,0,1,0,643,1,8,0,20,38,0
23,4,1000,0,0,1,0,1,643,1,0,8,38,20,0
4,23,1001,1,0,0,1,0,690,1,5,0,26,33,0
23,4,1001,1,0,1,0,1,660,1,0,38,33,26,0
4,23,1002,2,0,0,1,0,900,1,7,0,0,8,0
23,4,1002,2,0,1,0,0,846,1,3,0,8,0,0
4,23,1003,0,1,0,1,1,688,1,0,36,0,11,0
23,4,1003,0,1,1,0,0,688,1,36,0,11,0,0
4,23,1004,1,1,0,1,1,642,1,0,42,0,5,0
23,4,1004,1,1,1,0,1,540,1,0,10,5,0,0
4,23,1005,2,1,0,1,1,611,1,0,34,0,8,0
23,4,1005,2,1,1,0,0,610,1,37,0,8,0,0
4,23,1006,0,2,0,1,1,642,1,0,26,16,0,0
23,4,1006,0,2,1,0,0,642,1,26,0,0,16,0
4,23,1007,1,2,0,1,1,820,1,0,25,1,20,0
23,4,1007,1,2,1,0,0,708,1,60,0,20,1,0
4,23,1008,2,2,0,1,0,873,1,82,0,34,0,0
23,4,1008,2,2,1,0,1,840,1,0,40,0,34,0
4,24,1000,0,0,0,1,0,810,1,16,0,30,1,0
24,4,1000,0,0,1,0,1,810,1,0,16,1,30,0
4,24,1001,1,0,0,1,1,793,1,0,2,12,0,0
24,4,1001,1,0,1,0,1,1082,1,0,15,6,0,0
4,24,1002,2,0,0,1,0,990,1,45,0,21,2,0
24,4,1002,2,0,1,0,1,832,1,0,62,0,8,0
4,24,1003,0,1,0,1,0,900,1,20,0,0,15,0
24,4,1003,0,1,1,0,1,900,1,0,20,15,0,0
4,24,1004,1,1,0,1,0,750,1,77,0,0,15,0
24,4,1004,1,1,1,0,0,760,1,2,0,15,0,0
4,24,1005,2,1,0,1,0,902,1,8,0,0,0,0
24,4,1005,2,1,1,0,0,907,1,26,0,0,0,0
4,24,1006,0,2,0,1,1,882,1,0,18,0,0,0
24,4,1006,0,2,1,0,0,882,1,18,0,0,0,0
4,24,1007,1,2,0,1,1,1160,1,0,7,3,0,0
24,4,1007,1,2,1,0,0,1160,1,8,0,0,3,0
4,24,1008,2,2,0,1,0,780,1,38,0,0,0,0
24,4,1008,2,2,1,0,1,780,1,0,80,0,27,0
4,25,1000,0,0,0,1,0,720,1,11,0,0,8,0
25,4,1000,0,0,1,0,1,720,1,0,11,8,0,0
4,25,1001,1,0,0,1,0,930,1,63,0,4,5,0
25,4,1001,1,0,1,0,1,1350,1,0,37,5,4,0
4,25,1002,2,0,0,1,1,727,1,0,41,0,5,0
25,4,1002,2,0,1,0,1,1020,1,0,4,5,0,0
4,25,1003,0,1,0,1,1,490,1,0,33,0,7,0
25,4,1003,0,1,1,0,0,490,1,33,0,7,0,0
4,25,1004,1,1,0,1,0,686,1,39,0,0,14,0
25,4,1004,1,1,1,0,1,810,1,0,82,14,0,0
4,25,1005,2,1,0,1,0,690,1,123,0,0,4,0
25,4,1005,2,1,1,0,1,720,1,0,66,4,2,0
4,25,1006,0,2,0,1,1,790,1,0,38,5,9,0
25,4,1006,0,2,1,0,0,790,1,38,0,9,5,0
4,25,1007,1,2,0,1,1,787,1,0,52,9,14,0
25,4,1007,1,2,1,0,1,763,1,0,66,7,5,0
4,25,1008,2,2,0,1,0,930,1,51,0,18,8,0
25,4,1008,2,2,1,0,1,750,1,0,75,8,18,0
4,26,1000,0,0,0,1,1,1048,1,0,16,30,25,0
26,4,1000,0,0,1,0,0,1048,1,16,0,25,30,0
4,26,1001,1,0,0,1,0,927,1,4,0,0,1,0
26,4,1001,1,0,1,0,1,840,1,0,22,1,0,0
4,26,1002,2,0,0,1,1,640,1,0,10,0,0,0
26,4,1002,2,0,1,0,1,570,1,0,11,0,0,0
4,26,1003,0,1,0,1,0,600,1,32,0,0,6,0
26,4,1003,0,1,1,0,1,600,1,0,32,6,0,0
4,26,1004,1,1,0,1,0,600,1,88,0,14,0,0
26,4,1004,1,1,1,0,1,626,1,0,6,10,2,0
4,26,1005,2,1,0,1,0,892,1,61,0,12,26,0
26,4,1005,2,1,1,0,1,690,1,0,49,0,0,0
4,26,1006,0,2,0,1,1,649,1,0,15,40,18,0
26,4,1006,0,2,1,0,0,649,1,15,0,18,40,0
4,26,1007,1,2,0,1,1,1259,1,0,19,13,12,0
26,4,1007,1,2,1,0,0,1089,1,41,0,12,13,0
4,26,1008,2,2,0,1,0,780,1,10,0,25,19,0
26,4,1008,2,2,1,0,0,878,1,3,0,13,59,0
4,27,1000,0,0,0,1,0,690,1,80,0,89,31,0
27,4,1000,0,0,1,0,1,690,1,0,80,31,89,0
4,27,1001,1,0,0,1,0,1001,1,118,0,76,38,0
27,4,1001,1,0,1,0,1,820,1,0,64,117,7,0
4,27,1002,2,0,0,1,0,990,1,88,0,27,43,0
27,4,1002,2,0,1,0,1,1020,1,0,43,103,215,0
4,27,1003,0,1,0,1,0,780,1,103,0,74,88,0
27,4,1003,0,1,1,0,1,780,1,0,103,88,74,0
4,27,1004,1,1,0,1,0,1290,1,98,0,51,39,0
27,4,1004,1,1,1,0,1,962,1,0,105,124,108,0
4,27,1005,2,1,0,1,0,1275,1,113,0,99,103,0
27,4,1005,2,1,1,0,1,1027,1,0,25,40,76,0
4,27,1006,0,2,0,1,0,690,1,86,0,30,149,0
27,4,1006,0,2,1,0,1,690,1,0,86,149,30,0
4,27,1007,1,2,0,1,0,1353,1,104,0,112,135,0
27,4,1007,1,2,1,0,1,1440,1,0,121,71,34,0
4,27,1008,2,2,0,1,0,780,1,87,0,99,100,0
27,4,1008,2,2,1,0,1,1200,1,0,66,133,127,0
4,28,1000,0,0,0,1,0,663,1,53,0,114,104,0
28,4,1000,0,0,1,0,1,663,1,0,53,104,114,0
4,28,1001,1,0,0,1,0,1048,1,67,0,24,29,0
28,4,1001,1,0,1,0,1,1110,1,0,85,40,47,0
4,28,1002,2,0,0,1,0,540,1,76,0,71,104,0
28,4,1002,2,0,1,0,1,870,1,0,59,104,71,0
4,28,1003,0,1,0,1,0,865,1,95,0,48,31,0
28,4,1003,0,1,1,0,1,865,1,0,95,31,48,0
4,28,1004,1,1,0,1,1,705,1,0,77,125,110,0
28,4,1004,1,1,1,0,1,796,1,0,38,109,98,0
4,28,1005,2,1,0,1,0,516,1,59,0,8,73,0
28,4,1005,2,1,1,0,1,1588,1,0,47,215,183,0
4,28,1006,0,2,0,1,1,1530,1,0,8,114,56,0
28,4,1006,0,2,1,0,0,1530,1,8,0,56,114,0
4,28,1007,1,2,0,1,0,1260,1,61,0,125,95,0
28,4,1007,1,2,1,0,1,1080,1,0,73,129,115,0
4,28,1008,2,2,0,1,0,529,1,92,0,14,23,0
28,4,1008,2,2,1,0,1,600,1,0,71,23,14,0
4,29,1000,0,0,0,1,0,660,1,77,0,5,40,0
29,4,1000,0,0,1,0,1,660,1,0,77,40,5,0
4,29,1001,1,0,0,1,0,1020,1,100,0,3,35,0
29,4,1001,1,0,1,0,1,960,1,0,109,35,3,0
4,29,1002,2,0,0,1,0,502,1,73,0,79,39,0
29,4,1002,2,0,1,0,1,540,1,0,53,39,86,0
4,29,1003,0,1,0,1,0,840,1,109,0,2,2,0
29,4,1003,0,1,1,0,1,840,1,0,109,2,2,0
4,29,1004,1,1,0,1,0,660,1,69,0,23,59,0
29,4,1004,1,1,1,0,1,750,1,0,94,67,30,0
4,29,1005,2,1,0,1,0,1050,1,74,0,0,10,0
29,4,1005,2,1,1,0,1,840,1,0,24,10,6,0
4,29,1006,0,2,0,1,0,720,1,107,0,56,27,0
29,4,1006,0,2,1,0,1,720,1,0,107,27,56,0
4,29,1007,1,2,0,1,0,942,1,78,0,22,22,0
29,4,1007,1,2,1,0,1,840,1,0,76,22,22,0
4,29,1008,2,2,0,1,0,750,1,78,0,0,36,0
29,4,1008,2,2,1,0,1,1080,1,0,30,16,0,0
4,30,1000,0,0,0,1,0,840,1,64,0,45,19,0
30,4,1000,0,0,1,0,1,840,1,0,64,19,45,0
4,30,1001,1,0,0,1,0,510,1,114,0,79,66,0
30,4,1001,1,0,1,0,1,1275,1,0,68,3,14,0
4,30,1002,2,0,0,1,0,990,1,5,0,0,17,0
30,4,1002,2,0,1,0,1,660,1,0,57,4,12,0
4,30,1003,0,1,0,1,0,780,1,18,0,78,85,0
30,4,1003,0,1,1,0,1,780,1,0,18,85,78,0
4,30,1004,1,1,0,1,0,510,1,30,0,0,48,0
30,4,1004,1,1,1,0,1,570,1,0,27,48,26,0
4,30,1005,2,1,0,1,0,780,1,30,0,55,145,0
30,4,1005,2,1,1,0,1,870,1,0,37,81,23,0
4,30,1006,0,2,0,1,0,916,1,123,0,55,59,0
30,4,1006,0,2,1,0,1,916,1,0,123,59,55,0
4,30,1007,1,2,0,1,0,720,1,103,0,0,34,0
30,4,1007,1,2,1,0,1,750,1,0,97,43,31,0
4,30,1008,2,2,0,1,0,690,1,19,0,0,38,0
30,4,1008,2,2,1,0,1,960,1,0,73,2,13,0
4,31,1000,0,0,0,1,1,539,1,0,61,0,0,0
31,4,1000,0,0,1,0,0,539,1,61,0,0,0,0
4,31,1001,1,0,0,1,1,1162,1,0,53,38,14,0
31,4,1001,1,0,1,0,0,1796,1,37,0,141,188,0
4,31,1002,2,0,0,1,1,867,1,0,34,24,10,0
31,4,1002,2,0,1,0,1,1080,1,0,4,12,27,0
4,31,1003,0,1,0,1,0,750,1,7,0,0,0,0
31,4,1003,0,1,1,0,1,750,1,0,7,0,0,0
4,31,1004,1,1,0,1,1,1446,1,0,85,12,42,0
31,4,1004,1,1,1,0,0,1163,1,40,0,43,0,0
4,31,1005,2,1,0,1,0,1080,1,76,0,0,5,0
31,4,1005,2,1,1,0,0,1534,1,17,0,20,24,0
4,31,1006,0,2,0,1,0,930,1,47,0,19,13,0
31,4,1006,0,2,1,0,1,930,1,0,47,13,19,0
4,31,1007,1,2,0,1,1,1462,1,0,27,31,13,0
31,4,1007,1,2,1,0,0,1239,1,54,0,7,15,0
4,31,1008,2,2,0,1,0,1290,1,37,0,18,25,0
31,4,1008,2,2,1,0,0,947,1,27,0,9,15,0
4,32,1000,0,0,0,1,0,690,1,82,0,162,69,0
32,4,1000,0,0,1,0,1,690,1,0,82,69,162,0
4,32,1001,1,0,0,1,0,1590,1,36,0,65,130,0
32,4,1001,1,0,1,0,1,1710,1,0,32,91,66,0
4,32,1002,2,0,0,1,0,1770,1,35,0,76,102,0
32,4,1002,2,0,1,0,0,721,1,19,0,30,43,0
4,32,1003,0,1,0,1,0,1170,1,48,0,40,90,0
32,4,1003,0,1,1,0,1,1170,1,0,48,90,40,0
4,32,1004,1,1,0,1,0,679,1,61,0,57,24,0
32,4,1004,1,1,1,0,1,990,1,0,59,80,57,0
4,32,1005,2,1,0,1,1,934,1,0,53,77,112,0
32,4,1005,2,1,1,0,0,740,1,62,0,112,53,0
4,32,1006,0,2,0,1,1,1171,1,0,52,10,63,0
32,4,1006,0,2,1,0,0,1171,1,52,0,63,10,0
4,32,1007,1,2,0,1,0,1440,1,44,0,128,67,0
32,4,1007,1,2,1,0,1,2010,1,0,58,113,142,0
4,32,1008,2,2,0,1,1,997,1,0,15,79,36,0
32,4,1008,2,2,1,0,1,960,1,0,63,122,180,0
4,33,1000,0,0,0,1,0,1080,1,79,0,11,35,0
33,4,1000,0,0,1,0,1,1080,1,0,79,35,11,0
4,33,1001,1,0,0,1,0,660,1,86,0,4,2,0
33,4,1001,1,0,1,0,0,676,1,77,0,2,4,0
4,33,1002,2,0,0,1,0,690,1,45,0,1,11,0
33,4,1002,2,0,1,0,0,852,1,37,0,21,20,0
4,33,1003,0,1,0,1,0,950,1,72,0,5,26,0
33,4,1003,0,1,1,0,1,950,1,0,72,26,5,0
4,33,1004,1,1,0,1,0,1050,1,21,0,0,0,0
33,4,1004,1,1,1,0,0,861,1,49,0,6,5,0
4,33,1005,2,1,0,1,0,750,1,71,0,0,6,0
33,4,1005,2,1,1,0,1,810,1,0,110,0,0,0
4,33,1006,0,2,0,1,0,1295,1,24,0,4,22,0
33,4,1006,0,2,1,0,1,1295,1,0,24,22,4,0
4,33,1007,1,2,0,1,0,869,1,64,0,54,45,0
33,4,1007,1,2,1,0,1,880,1,0,38,0,0,0
4,33,1008,2,2,0,1,0,810,1,42,0,0,0,0
33,4,1008,2,2,1,0,1,928,1,0,57,0,0,0
4,34,1000,0,0,0,1,1,723,1,0,42,0,0,0
34,4,1000,0,0,1,0,0,723,1,42,0,0,0,0
4,34,1001,1,0,0,1,1,600,1,0,7,0,0,0
34,4,1001,1,0,1,0,0,904,1,6,0,25,0,0
4,34,1002,2,0,0,1,0,730,1,54,0,11,0,0
34,4,1002,2,0,1,0,0,517,1,84,0,24,0,0
4,34,1003,0,1,0,1,1,563,1,0,72,0,0,0
34,4,1003,0,1,1,0,0,563,1,72,0,0,0,0
4,34,1004,1,1,0,1,1,658,1,0,79,3,0,0
34,4,1004,1,1,1,0,0,894,1,78,0,0,4,0
4,34,1005,2,1,0,1,0,533,1,7,0,0,21,0
34,4,1005,2,1,1,0,0,636,1,41,0,0,0,0
4,34,1006,0,2,0,1,0,583,1,40,0,0,0,0
34,4,1006,0,2,1,0,1,583,1,0,40,0,0,0
4,34,1007,1,2,0,1,0,675,1,10,0,0,0,0
34,4,1007,1,2,1,0,0,657,1,83,0,29,0,0
4,34,1008,2,2,0,1,0,570,1,69,0,0,0,0
34,4,1008,2,2,1,0,0,601,1,84,0,29,0,0
4,35,1000,0,0,0,1,1,2235,1,0,70,239,70,0
35,4,1000,0,0,1,0,0,2235,1,70,0,70,239,0
4,35,1001,1,0,0,1,1,1797,1,0,89,80,0,0
35,4,1001,1,0,1,0,0,1809,1,38,0,16,41,0
4,35,1002,2,0,0,1,1,1815,1,0,60,163,106,0
35,4,1002,2,0,1,0,0,2076,1,46,0,16,18,0
4,35,1003,0,1,0,1,1,2050,1,0,55,111,12,0
35,4,1003,0,1,1,0,0,2050,1,55,0,12,111,0
4,35,1004,1,1,0,1,1,2394,1,0,26,104,11,0
35,4,1004,1,1,1,0,0,1854,1,35,0,79,55,0
4,35,1005,2,1,0,1,1,1827,1,0,59,123,112,0
35,4,1005,2,1,1,0,0,1697,1,65,0,97,87,0
4,35,1006,0,2,0,1,1,1911,1,0,31,46,27,0
35,4,1006,0,2,1,0,0,1911,1,31,0,27,46,0
4,35,1007,1,2,0,1,1,1854,1,0,43,209,233,0
35,4,1007,1,2,1,0,0,1902,1,68,0,68,85,0
4,35,1008,2,2,0,1,1,1953,1,0,46,71,32,0
35,4,1008,2,2,1,0,0,1632,1,34,0,173,164,0
4,36,1000,0,0,0,1,0,870,1,9,0,110,160,0
36,4,1000,0,0,1,0,1,870,1,0,9,160,110,0
4,36,1001,1,0,0,1,0,690,1,29,0,24,31,0
36,4,1001,1,0,1,0,0,700,1,54,0,37,43,0
4,36,1002,2,0,0,1,0,750,1,24,0,64,13,0
36,4,1002,2,0,1,0,1,461,1,0,29,1,67,0
4,36,1003,0,1,0,1,1,333,1,0,55,17,25,0
36,4,1003,0,1,1,0,0,333,1,55,0,25,17,0
4,36,1004,1,1,0,1,1,691,1,0,21,50,105,0
36,4,1004,1,1,1,0,0,525,1,15,0,14,18,0
4,36,1005,2,1,0,1,0,450,1,60,0,31,25,0
36,4,1005,2,1,1,0,1,540,1,0,50,58,30,0
4,36,1006,0,2,0,1,1,741,1,0,9,23,23,0
36,4,1006,0,2,1,0,0,741,1,9,0,23,23,0
4,36,1007,1,2,0,1,0,570,1,51,0,14,22,0
36,4,1007,1,2,1,0,0,472,1,14,0,96,59,0
4,36,1008,2,2,0,1,1,604,1,0,19,14,21,0
36,4,1008,2,2,1,0,1,480,1,0,16,17,35,0
4,37,1000,0,0,0,1,0,510,1,35,0,0,12,0
37,4,1000,0,0,1,0,1,510,1,0,35,12,0,0
4,37,1001,1,0,0,1,0,1047,1,94,0,22,60,0
37,4,1001,1,0,1,0,1,1200,1,0,45,55,52,0
4,37,1002,2,0,0,1,0,619,1,91,0,54,43,0
37,4,1002,2,0,1,0,1,631,1,0,87,11,58,0
4,37,1003,0,1,0,1,0,900,1,38,0,32,38,0
37,4,1003,0,1,1,0,1,900,1,0,38,38,32,0
4,37,1004,1,1,0,1,0,1050,1,53,0,28,146,0
37,4,1004,1,1,1,0,1,720,1,0,56,14,14,0
4,37,1005,2,1,0,1,0,690,1,110,0,64,16,0
37,4,1005,2,1,1,0,1,660,1,0,87,74,87,0
4,37,1006,0,2,0,1,0,936,1,68,0,0,14,0
37,4,1006,0,2,1,0,1,936,1,0,68,14,0,0
4,37,1007,1,2,0,1,0,677,1,68,0,43,4,0
37,4,1007,1,2,1,0,1,810,1,0,107,39,19,0
4,37,1008,2,2,0,1,0,960,1,61,0,198,196,0
37,4,1008,2,2,1,0,1,510,1,0,47,16,0,0
4,38,1000,0,0,0,1,1,505,1,0,2,20,0,0
38,4,1000,0,0,1,0,0,505,1,2,0,0,20,0
4,38,1001,1,0,0,1,1,577,1,0,11,20,0,0
38,4,1001,1,0,1,0,0,577,1,31,0,0,20,0
4,38,1002,2,0,0,1,1,541,1,0,12,20,0,0
38,4,1002,2,0,1,0,0,307,1,71,0,0,20,0
4,38,1003,0,1,0,1,1,364,1,0,7,19,0,0
38,4,1003,0,1,1,0,0,364,1,7,0,0,19,0
4,38,1004,1,1,0,1,0,630,1,21,0,18,0,0
38,4,1004,1,1,1,0,0,606,1,3,0,0,34,0
4,38,1005,2,1,0,1,1,432,1,0,42,20,0,0
38,4,1005,2,1,1,0,0,430,1,68,0,0,20,0
4,38,1006,0,2,0,1,1,505,1,0,17,20,0,0
38,4,1006,0,2,1,0,0,505,1,17,0,0,20,0
4,38,1007,1,2,0,1,1,513,1,0,22,20,0,0
38,4,1007,1,2,1,0,0,580,1,20,0,0,20,0
4,38,1008,2,2,0,1,1,366,1,0,41,17,0,0
38,4,1008,2,2,1,0,0,442,1,63,0,0,17,0
4,39,1000,0,0,0,1,1,1153,1,0,19,0,0,0
39,4,1000,0,0,1,0,0,1153,1,19,0,0,0,0
4,39,1001,1,0,0,1,0,870,1,55,0,11,0,0
39,4,1001,1,0,1,0,1,1050,1,0,27,0,11,0
4,39,1002,2,0,0,1,0,900,1,56,0,6,2,0
39,4,1002,2,0,1,0,1,1140,1,0,14,0,0,0
4,39,1003,0,1,0,1,0,1080,1,83,0,1,54,0
39,4,1003,0,1,1,0,1,1080,1,0,83,54,1,0
4,39,1004,1,1,0,1,0,900,1,12,0,0,0,0
39,4,1004,1,1,1,0,1,930,1,0,12,29,0,0
4,39,1005,2,1,0,1,1,1336,1,0,20,58,30,0
39,4,1005,2,1,1,0,1,1050,1,0,2,0,31,0
4,39,1006,0,2,0,1,0,960,1,42,0,0,0,0
39,4,1006,0,2,1,0,1,960,1,0,42,0,0,0
4,39,1007,1,2,0,1,0,1020,1,62,0,1,0,0
39,4,1007,1,2,1,0,1,780,1,0,49,12,31,0
4,39,1008,2,2,0,1,1,772,1,0,8,5,29,0
39,4,1008,2,2,1,0,0,772,1,29,0,29,5,0
5,6,1000,0,0,0,1,0,1744,1,30,0,28,38,0
6,5,1000,0,0,1,0,1,1744,1,0,30,38,28,0
5,6,1001,1,0,0,1,0,1804,1,45,0,100,41,0
6,5,1001,1,0,1,0,1,1830,1,0,15,26,41,0
5,6,1002,2,0,0,1,0,2206,1,23,0,72,102,0
6,5,1002,2,0,1,0,1,1231,1,0,39,15,53,0
5,6,1003,0,1,0,1,0,1624,1,35,0,57,64,0
6,5,1003,0,1,1,0,1,1624,1,0,35,64,57,0
5,6,1004,1,1,0,1,0,1607,1,78,0,13,2,0
6,5,1004,1,1,1,0,1,1512,1,0,42,0,24,0
5,6,1005,2,1,0,1,0,1942,1,41,0,51,111,0
6,5,1005,2,1,1,0,1,1084,1,0,86,0,32,0
5,6,1006,0,2,0,1,0,1433,1,61,0,130,90,0
6,5,1006,0,2,1,0,1,1433,1,0,61,90,130,0
5,6,1007,1,2,0,1,0,1402,1,76,0,121,75,0
6,5,1007,1,2,1,0,1,1555,1,0,66,42,100,0
5,6,1008,2,2,0,1,0,1234,1,101,0,19,0,0
6,5,1008,2,2,1,0,1,793,1,0,102,0,16,0
5,7,1000,0,0,0,1,0,541,1,32,0,0,0,0
7,5,1000,0,0,1,0,1,541,1,0,32,0,0,0
5,7,1001,1,0,0,1,0,505,1,26,0,0,0,0
7,5,1001,1,0,1,0,1,516,1,0,24,0,0,0
5,7,1002,2,0,0,1,1,523,1,0,43,0,0,0
7,5,1002,2,0,1,0,0,548,1,43,0,0,0,0
5,7,1003,0,1,0,1,1,420,1,0,29,0,0,0
7,5,1003,0,1,1,0,0,420,1,29,0,0,0,0
5,7,1004,1,1,0,1,0,444,1,35,0,0,0,0
7,5,1004,1,1,1,0,1,444,1,0,35,0,0,0
5,7,1005,2,1,0,1,0,749,1,25,0,0,0,0
7,5,1005,2,1,1,0,1,764,1,0,17,0,0,0
5,7,1006,0,2,0,1,1,445,1,0,7,0,0,0
7,5,1006,0,2,1,0,0,445,1,7,0,0,0,0
5,7,1007,1,2,0,1,1,530,1,0,61,0,0,0
7,5,1007,1,2,1,0,0,577,1,16,0,0,0,0
5,7,1008,2,2,0,1,0,408,1,94,0,0,0,0
7,5,1008,2,2,1,0,1,408,1,0,94,0,0,0
5,8,1000,0,0,0,1,0,2002,1,24,0,16,43,0
8,5,1000,0,0,1,0,1,2002,1,0,24,43,16,0
5,8,1001,1,0,0,1,0,1654,1,34,0,26,24,0
8,5,1001,1,0,1,0,1,1654,1,0,42,24,26,0
5,8,1002,2,0,0,1,0,1519,1,62,0,19,23,0
8,5,1002,2,0,1,0,1,1519,1,0,66,23,19,0
5,8,1003,0,1,0,1,1,1707,1,0,17,117,6,0
8,5,1003,0,1,1,0,0,1707,1,17,0,6,117,0
5,8,1004,1,1,0,1,0,1549,1,53,0,2,50,0
8,5,1004,1,1,1,0,1,1654,1,0,32,40,17,0
5,8,1005,2,1,0,1,0,1587,1,56,0,26,1,0
8,5,1005,2,1,1,0,1,1587,1,0,48,1,26,0
5,8,1006,0,2,0,1,0,1561,1,79,0,15,0,0
8,5,1006,0,2,1,0,1,1561,1,0,79,0,15,0
5,8,1007,1,2,0,1,0,1714,1,105,0,3,13,0
8,5,1007,1,2,1,0,1,1714,1,0,89,13,3,0
5,8,1008,2,2,0,1,0,1618,1,109,0,0,33,0
8,5,1008,2,2,1,0,1,1618,1,0,91,33,0,0
5,9,1000,0,0,0,1,0,1653,1,42,0,0,0,0
9,5,1000,0,0,1,0,1,1653,1,0,42,0,0,0
5,9,1001,1,0,0,1,0,1531,1,100,0,0,7,0
9,5,1001,1,0,1,0,1,1531,1,0,100,7,0,0
5,9,1002,2,0,0,1,0,1218,1,64,0,0,0,0
9,5,1002,2,0,1,0,1,1218,1,0,64,0,0,0
5,9,1003,0,1,0,1,0,1528,1,13,0,10,3,0
9,5,1003,0,1,1,0,1,1528,1,0,13,3,10,0
5,9,1004,1,1,0,1,1,1783,1,0,26,16,59,0
9,5,1004,1,1,1,0,0,1783,1,26,0,59,16,0
5,9,1005,2,1,0,1,0,1296,1,18,0,0,0,0
9,5,1005,2,1,1,0,1,1296,1,0,18,0,0,0
5,9,1006,0,2,0,1,0,1513,1,100,0,0,0,0
9,5,1006,0,2,1,0,1,1513,1,0,100,0,0,0
5,9,1007,1,2,0,1,0,1433,1,108,0,0,18,0
9,5,1007,1,2,1,0,1,1433,1,0,108,18,0,0
5,9,1008,2,2,0,1,1,1609,1,0,44,0,0,0
9,5,1008,2,2,1,0,0,1609,1,44,0,0,0,0
5,10,1000,0,0,0,1,0,1602,1,30,0,50,42,0
10,5,1000,0,0,1,0,1,1602,1,0,30,42,50,0
5,10,1001,1,0,0,1,1,1425,1,0,26,93,35,0
10,5,1001,1,0,1,0,1,1604,1,0,34,71,129,0
5,10,1002,2,0,0,1,0,986,1,79,0,32,26,0
10,5,1002,2,0,1,0,1,986,1,0,78,26,32,0
5,10,1003,0,1,0,1,1,1486,1,0,15,75,83,0
10,5,1003,0,1,1,0,0,1486,1,15,0,83,75,0
5,10,1004,1,1,0,1,0,1622,1,44,0,0,78,0
10,5,1004,1,1,1,0,1,1237,1,0,72,35,82,0
5,10,1005,2,1,0,1,0,1558,1,80,0,55,65,0
10,5,1005,2,1,1,0,1,1031,1,0,74,17,0,0
5,10,1006,0,2,0,1,0,1504,1,29,0,30,0,0
10,5,1006,0,2,1,0,1,1504,1,0,29,0,30,0
5,10,1007,1,2,0,1,0,1756,1,45,0,4,38,0
10,5,1007,1,2,1,0,1,1756,1,0,54,38,4,0
5,10,1008,2,2,0,1,0,1873,1,2,0,44,86,0
10,5,1008,2,2,1,0,1,1873,1,0,16,86,44,0
5,11,1000,0,0,0,1,1,1696,1,0,70,2,0,0
11,5,1000,0,0,1,0,0,1696,1,70,0,0,2,0
5,11,1001,1,0,0,1,1,2441,1,0,49,0,0,0
11,5,1001,1,0,1,0,0,2441,1,49,0,0,0,0
5,11,1002,2,0,0,1,0,1345,1,67,0,0,8,0
11,5,1002,2,0,1,0,1,1345,1,0,67,8,0,0
5,11,1003,0,1,0,1,1,1714,1,0,53,13,10,0
11,5,1003,0,1,1,0,0,1714,1,53,0,10,13,0
5,11,1004,1,1,0,1,1,1750,1,0,74,17,19,0
11,5,1004,1,1,1,0,0,1750,1,74,0,19,17,0
5,11,1005,2,1,0,1,0,1387,1,66,0,0,0,0
11,5,1005,2,1,1,0,1,1387,1,0,66,0,0,0
5,11,1006,0,2,0,1,1,1802,1,0,91,1,6,0
11,5,1006,0,2,1,0,0,1802,1,91,0,6,1,0
5,11,1007,1,2,0,1,1,1558,1,0,67,0,0,0
11,5,1007,1,2,1,0,0,1558,1,67,0,0,0,0
5,11,1008,2,2,0,1,0,1923,1,29,0,0,0,0
11,5,1008,2,2,1,0,1,1923,1,0,29,0,0,0
5,12,1000,0,0,0,1,1,504,1,0,84,24,4,0
12,5,1000,0,0,1,0,0,504,1,84,0,4,24,0
5,12,1001,1,0,0,1,1,787,1,0,52,0,5,0
12,5,1001,1,0,1,0,0,787,1,52,0,5,0,0
5,12,1002,2,0,0,1,1,862,1,0,55,0,5,0
12,5,1002,2,0,1,0,0,862,1,55,0,5,0,0
5,12,1003,0,1,0,1,1,867,1,0,23,3,14,0
12,5,1003,0,1,1,0,0,867,1,23,0,14,3,0
5,12,1004,1,1,0,1,1,718,1,0,84,0,5,0
12,5,1004,1,1,1,0,0,718,1,84,0,5,0,0
5,12,1005,2,1,0,1,1,742,1,0,32,0,5,0
12,5,1005,2,1,1,0,0,742,1,32,0,5,0,0
5,12,1006,0,2,0,1,1,819,1,0,95,0,5,0
12,5,1006,0,2,1,0,0,819,1,95,0,5,0,0
5,12,1007,1,2,0,1,1,701,1,0,63,0,5,0
12,5,1007,1,2,1,0,0,701,1,63,0,5,0,0
5,12,1008,2,2,0,1,1,583,1,0,56,13,5,0
12,5,1008,2,2,1,0,0,583,1,56,0,5,13,0
5,13,1000,0,0,0,1,0,1528,1,34,0,4,10,0
13,5,1000,0,0,1,0,1,1528,1,0,34,10,4,0
5,13,1001,1,0,0,1,0,1534,1,10,0,15,41,0
13,5,1001,1,0,1,0,0,471,1,44,0,0,19,0
5,13,1002,2,0,0,1,0,1246,1,52,0,15,6,0
13,5,1002,2,0,1,0,0,496,1,22,0,7,0,0
5,13,1003,0,1,0,1,1,978,1,0,49,0,0,0
13,5,1003,0,1,1,0,0,978,1,49,0,0,0,0
5,13,1004,1,1,0,1,0,1078,1,14,0,16,18,0
13,5,1004,1,1,1,0,0,636,1,11,0,0,0,0
5,13,1005,2,1,0,1,0,833,1,52,0,27,0,0
13,5,1005,2,1,1,0,0,592,1,17,0,0,19,0
5,13,1006,0,2,0,1,1,593,1,0,60,0,0,0
13,5,1006,0,2,1,0,0,593,1,60,0,0,0,0
5,13,1007,1,2,0,1,1,1329,1,0,49,36,23,0
13,5,1007,1,2,1,0,0,1532,1,22,0,22,27,0
5,13,1008,2,2,0,1,1,1233,1,0,5,8,29,0
13,5,1008,2,2,1,0,0,1274,1,27,0,10,19,0
5,14,1000,0,0,0,1,1,797,1,0,7,0,0,0
14,5,1000,0,0,1,0,0,797,1,7,0,0,0,0
5,14,1001,1,0,0,1,1,434,1,0,97,0,0,0
14,5,1001,1,0,1,0,0,434,1,97,0,0,0,0
5,14,1002,2,0,0,1,1,988,1,0,63,0,0,0
14,5,1002,2,0,1,0,0,988,1,63,0,0,0,0
5,14,1003,0,1,0,1,1,562,1,0,41,0,0,0
14,5,1003,0,1,1,0,0,562,1,41,0,0,0,0
5,14,1004,1,1,0,1,1,724,1,0,27,0,2,0
14,5,1004,1,1,1,0,0,724,1,27,0,2,0,0
5,14,1005,2,1,0,1,1,1113,1,0,37,0,0,0
14,5,1005,2,1,1,0,0,1113,1,37,0,0,0,0
5,14,1006,0,2,0,1,0,1359,1,4,0,0,0,0
14,5,1006,0,2,1,0,1,1359,1,0,4,0,0,0
5,14,1007,1,2,0,1,1,952,1,0,96,0,0,0
14,5,1007,1,2,1,0,0,952,1,96,0,0,0,0
5,14,1008,2,2,0,1,1,710,1,0,35,0,0,0
14,5,1008,2,2,1,0,0,710,1,35,0,0,0,0
5,15,1000,0,0,0,1,1,1432,1,0,73,0,14,0
15,5,1000,0,0,1,0,0,1432,1,73,0,14,0,0
5,15,1001,1,0,0,1,0,1144,1,80,0,0,0,0
15,5,1001,1,0,1,0,0,1621,1,101,0,0,0,0
5,15,1002,2,0,0,1,1,1972,1,0,48,0,38,0
15,5,1002,2,0,1,0,0,1690,1,19,0,0,0,0
5,15,1003,0,1,0,1,1,1132,1,0,98,0,26,0
15,5,1003,0,1,1,0,0,1132,1,98,0,26,0,0
5,15,1004,1,1,0,1,1,1461,1,0,81,0,19,0
15,5,1004,1,1,1,0,0,1513,1,68,0,19,0,0
5,15,1005,2,1,0,1,1,952,1,0,26,0,3,0
15,5,1005,2,1,1,0,1,1470,1,0,9,0,1,0
5,15,1006,0,2,0,1,1,709,1,0,82,0,0,0
15,5,1006,0,2,1,0,0,709,1,82,0,0,0,0
5,15,1007,1,2,0,1,1,1621,1,0,105,0,0,0
15,5,1007,1,2,1,0,1,1708,1,0,39,0,0,0
5,15,1008,2,2,0,1,1,1555,1,0,16,0,0,0
15,5,1008,2,2,1,0,1,1567,1,0,20,0,0,0
5,16,1000,0,0,0,1,0,1129,1,56,0,37,0,0
16,5,1000,0,0,1,0,1,1129,1,0,56,0,37,0
5,16,1001,1,0,0,1,0,1111,1,84,0,18,29,0
16,5,1001,1,0,1,0,1,1111,1,0,84,29,18,0
5,16,1002,2,0,0,1,0,1132,1,99,0,0,1,0
16,5,1002,2,0,1,0,1,1132,1,0,85,1,0,0
5,16,1003,0,1,0,1,0,1300,1,62,0,0,1,0
16,5,1003,0,1,1,0,1,1300,1,0,62,1,0,0
5,16,1004,1,1,0,1,0,1132,1,53,0,0,0,0
16,5,1004,1,1,1,0,1,1672,1,0,38,49,89,0
5,16,1005,2,1,0,1,0,1543,1,48,0,34,0,0
16,5,1005,2,1,1,0,1,1543,1,0,59,0,34,0
5,16,1006,0,2,0,1,0,2008,1,36,0,0,0,0
16,5,1006,0,2,1,0,1,2008,1,0,36,0,0,0
5,16,1007,1,2,0,1,0,1897,1,71,0,0,3,0
16,5,1007,1,2,1,0,1,1282,1,0,31,0,2,0
5,16,1008,2,2,0,1,0,1707,1,39,0,18,17,0
16,5,1008,2,2,1,0,1,1561,1,0,47,0,0,0
5,17,1000,0,0,0,1,1,280,1,0,134,0,0,0
17,5,1000,0,0,1,0,0,280,1,134,0,0,0,0
5,17,1001,1,0,0,1,1,313,1,0,90,0,0,0
17,5,1001,1,0,1,0,0,313,1,90,0,0,0,0
5,17,1002,2,0,0,1,1,506,1,0,55,0,0,0
17,5,1002,2,0,1,0,0,506,1,55,0,0,0,0
5,17,1003,0,1,0,1,1,433,1,0,94,0,0,0
17,5,1003,0,1,1,0,0,433,1,94,0,0,0,0
5,17,1004,1,1,0,1,1,388,1,0,110,0,0,0
17,5,1004,1,1,1,0,0,388,1,110,0,0,0,0
5,17,1005,2,1,0,1,1,429,1,0,25,0,0,0
17,5,1005,2,1,1,0,0,429,1,25,0,0,0,0
5,17,1006,0,2,0,1,1,356,1,0,75,0,0,0
17,5,1006,0,2,1,0,0,356,1,75,0,0,0,0
5,17,1007,1,2,0,1,1,356,1,0,57,0,0,0
17,5,1007,1,2,1,0,0,356,1,57,0,0,0,0
5,17,1008,2,2,0,1,1,385,1,0,44,0,0,0
17,5,1008,2,2,1,0,0,385,1,44,0,0,0,0
5,18,1000,0,0,0,1,0,1488,1,65,0,31,5,0
18,5,1000,0,0,1,0,1,1488,1,0,65,5,31,0
5,18,1001,1,0,0,1,0,1450,1,36,0,0,19,0
18,5,1001,1,0,1,0,1,1295,1,0,100,18,0,0
5,18,1002,2,0,0,1,0,1516,1,78,0,0,0,0
18,5,1002,2,0,1,0,1,1516,1,0,78,0,0,0
5,18,1003,0,1,0,1,0,1076,1,100,0,7,14,0
18,5,1003,0,1,1,0,1,1076,1,0,100,14,7,0
5,18,1004,1,1,0,1,0,1182,1,114,0,4,0,0
18,5,1004,1,1,1,0,1,1182,1,0,101,0,4,0
5,18,1005,2,1,0,1,0,1541,1,78,0,0,0,0
18,5,1005,2,1,1,0,1,1705,1,0,76,0,0,0
5,18,1006,0,2,0,1,0,1645,1,114,0,8,0,0
18,5,1006,0,2,1,0,1,1645,1,0,114,0,8,0
5,18,1007,1,2,0,1,0,1894,1,91,0,0,3,0
18,5,1007,1,2,1,0,1,1894,1,0,94,3,0,0
5,18,1008,2,2,0,1,0,1689,1,102,0,0,0,0
18,5,1008,2,2,1,0,1,1689,1,0,96,0,0,0
5,19,1000,0,0,0,1,1,1875,1,0,3,26,34,0
19,5,1000,0,0,1,0,0,1875,1,3,0,34,26,0
5,19,1001,1,0,0,1,0,1335,1,52,0,28,46,0
19,5,1001,1,0,1,0,0,2272,1,2,0,18,17,0
5,19,1002,2,0,0,1,1,1636,1,0,8,0,39,0
19,5,1002,2,0,1,0,1,1567,1,0,21,59,20,0
5,19,1003,0,1,0,1,0,1684,1,4,0,43,0,0
19,5,1003,0,1,1,0,1,1684,1,0,4,0,43,0
5,19,1004,1,1,0,1,0,1236,1,15,0,24,0,0
19,5,1004,1,1,1,0,0,1132,1,9,0,0,4,0
5,19,1005,2,1,0,1,0,1885,1,53,0,0,118,0
19,5,1005,2,1,1,0,1,1326,1,0,91,70,20,0
5,19,1006,0,2,0,1,0,1173,1,55,0,73,22,0
19,5,1006,0,2,1,0,1,1173,1,0,55,22,73,0
5,19,1007,1,2,0,1,1,1450,1,0,20,6,49,0
19,5,1007,1,2,1,0,1,1555,1,0,48,6,14,0
5,19,1008,2,2,0,1,0,1344,1,106,0,56,34,0
19,5,1008,2,2,1,0,1,1609,1,0,75,42,27,0
5,20,1000,0,0,0,1,0,1827,1,28,0,32,80,0
20,5,1000,0,0,1,0,1,1827,1,0,28,80,32,0
5,20,1001,1,0,0,1,0,1468,1,40,0,18,20,0
20,5,1001,1,0,1,0,1,1136,1,0,65,7,1,0
5,20,1002,2,0,0,1,0,995,1,46,0,0,34,0
20,5,1002,2,0,1,0,1,1570,1,0,32,11,13,0
5,20,1003,0,1,0,1,0,1521,1,77,0,9,12,0
20,5,1003,0,1,1,0,1,1521,1,0,77,12,9,0
5,20,1004,1,1,0,1,1,1535,1,0,33,13,32,0
20,5,1004,1,1,1,0,1,1819,1,0,53,37,32,0
5,20,1005,2,1,0,1,0,1777,1,59,0,54,202,0
20,5,1005,2,1,1,0,1,1567,1,0,74,45,0,0
5,20,1006,0,2,0,1,0,977,1,76,0,25,38,0
20,5,1006,0,2,1,0,1,977,1,0,76,38,25,0
5,20,1007,1,2,0,1,0,1522,1,50,0,64,81,0
20,5,1007,1,2,1,0,1,1714,1,0,28,102,17,0
5,20,1008,2,2,0,1,0,1786,1,74,0,66,113,0
20,5,1008,2,2,1,0,1,1663,1,0,31,14,41,0
5,21,1000,0,0,0,1,1,1798,1,0,21,19,0,0
21,5,1000,0,0,1,0,0,1798,1,21,0,0,19,0
5,21,1001,1,0,0,1,1,1869,1,0,10,1,1,0
21,5,1001,1,0,1,0,1,1888,1,0,20,1,1,0
5,21,1002,2,0,0,1,1,1419,1,0,18,2,0,0
21,5,1002,2,0,1,0,1,1568,1,0,2,0,2,0
5,21,1003,0,1,0,1,1,1513,1,0,26,17,0,0
21,5,1003,0,1,1,0,0,1513,1,26,0,0,17,0
5,21,1004,1,1,0,1,0,1726,1,11,0,39,27,0
21,5,1004,1,1,1,0,0,1671,1,26,0,14,32,0
5,21,1005,2,1,0,1,0,1482,1,19,0,0,0,0
21,5,1005,2,1,1,0,0,1215,1,11,0,0,0,0
5,21,1006,0,2,0,1,0,949,1,81,0,0,0,0
21,5,1006,0,2,1,0,1,949,1,0,81,0,0,0
5,21,1007,1,2,0,1,0,1278,1,76,0,8,8,0
21,5,1007,1,2,1,0,1,916,1,0,60,0,0,0
5,21,1008,2,2,0,1,0,1699,1,41,0,16,16,0
21,5,1008,2,2,1,0,1,1690,1,0,16,21,16,0
5,22,1000,0,0,0,1,1,994,1,0,65,8,0,0
22,5,1000,0,0,1,0,0,994,1,65,0,0,8,0
5,22,1001,1,0,0,1,1,1222,1,0,54,0,0,0
22,5,1001,1,0,1,0,0,812,1,155,0,62,12,0
5,22,1002,2,0,0,1,1,1549,1,0,2,0,0,0
22,5,1002,2,0,1,0,0,1454,1,5,0,0,0,0
5,22,1003,0,1,0,1,1,1101,1,0,53,0,0,0
22,5,1003,0,1,1,0,0,1101,1,53,0,0,0,0
5,22,1004,1,1,0,1,0,1008,1,42,0,0,0,0
22,5,1004,1,1,1,0,1,1008,1,0,37,0,0,0
5,22,1005,2,1,0,1,1,1153,1,0,65,7,32,0
22,5,1005,2,1,1,0,0,831,1,69,0,0,0,0
5,22,1006,0,2,0,1,1,1225,1,0,61,2,0,0
22,5,1006,0,2,1,0,0,1225,1,61,0,0,2,0
5,22,1007,1,2,0,1,0,1210,1,23,0,0,0,0
22,5,1007,1,2,1,0,1,1210,1,0,66,0,0,0
5,22,1008,2,2,0,1,0,1209,1,20,0,10,0,0
22,5,1008,2,2,1,0,1,1209,1,0,25,0,10,0
5,23,1000,0,0,0,1,1,678,1,0,99,0,0,0
23,5,1000,0,0,1,0,0,678,1,99,0,0,0,0
5,23,1001,1,0,0,1,1,540,1,0,73,0,0,0
23,5,1001,1,0,1,0,0,540,1,73,0,0,0,0
5,23,1002,2,0,0,1,1,993,1,0,17,3,0,0
23,5,1002,2,0,1,0,0,810,1,59,0,0,3,0
5,23,1003,0,1,0,1,1,831,1,0,37,0,0,0
23,5,1003,0,1,1,0,0,831,1,37,0,0,0,0
5,23,1004,1,1,0,1,1,753,1,0,55,0,0,0
23,5,1004,1,1,1,0,0,753,1,55,0,0,0,0
5,23,1005,2,1,0,1,1,445,1,0,114,0,0,0
23,5,1005,2,1,1,0,0,445,1,114,0,0,0,0
5,23,1006,0,2,0,1,1,690,1,0,115,0,0,0
23,5,1006,0,2,1,0,0,690,1,115,0,0,0,0
5,23,1007,1,2,0,1,0,907,1,9,0,0,0,0
23,5,1007,1,2,1,0,1,907,1,0,9,0,0,0
5,23,1008,2,2,0,1,1,558,1,0,94,0,0,0
23,5,1008,2,2,1,0,0,558,1,94,0,0,0,0
5,24,1000,0,0,0,1,1,1350,1,0,20,13,0,0
24,5,1000,0,0,1,0,0,1350,1,20,0,0,13,0
5,24,1001,1,0,0,1,1,1208,1,0,47,0,0,0
24,5,1001,1,0,1,0,0,1208,1,47,0,0,0,0
5,24,1002,2,0,0,1,0,1042,1,32,0,0,0,0
24,5,1002,2,0,1,0,1,1042,1,0,32,0,0,0
5,24,1003,0,1,0,1,1,1593,1,0,5,0,0,0
24,5,1003,0,1,1,0,0,1593,1,5,0,0,0,0
5,24,1004,1,1,0,1,1,1582,1,0,83,0,4,0
24,5,1004,1,1,1,0,0,1582,1,83,0,4,0,0
5,24,1005,2,1,0,1,1,835,1,0,16,27,0,0
24,5,1005,2,1,1,0,0,835,1,16,0,0,27,0
5,24,1006,0,2,0,1,1,1518,1,0,50,0,5,0
24,5,1006,0,2,1,0,0,1518,1,50,0,5,0,0
5,24,1007,1,2,0,1,1,1672,1,0,29,0,0,0
24,5,1007,1,2,1,0,0,1672,1,29,0,0,0,0
5,24,1008,2,2,0,1,1,816,1,0,25,0,0,0
24,5,1008,2,2,1,0,0,816,1,25,0,0,0,0
5,25,1000,0,0,0,1,1,1258,1,0,82,0,0,0
25,5,1000,0,0,1,0,0,1258,1,82,0,0,0,0
5,25,1001,1,0,0,1,0,1639,1,64,0,0,0,0
25,5,1001,1,0,1,0,1,1639,1,0,64,0,0,0
5,25,1002,2,0,0,1,0,1653,1,17,0,0,1,0
25,5,1002,2,0,1,0,0,1017,1,37,0,0,0,0
5,25,1003,0,1,0,1,1,1513,1,0,37,0,25,0
25,5,1003,0,1,1,0,0,1513,1,37,0,25,0,0
5,25,1004,1,1,0,1,0,1332,1,53,0,0,10,0
25,5,1004,1,1,1,0,0,1737,1,28,0,10,0,0
5,25,1005,2,1,0,1,0,1224,1,22,0,0,7,0
25,5,1005,2,1,1,0,0,1486,1,43,0,7,0,0
5,25,1006,0,2,0,1,0,1545,1,48,0,0,8,0
25,5,1006,0,2,1,0,1,1545,1,0,48,8,0,0
5,25,1007,1,2,0,1,0,1155,1,80,0,0,6,0
25,5,1007,1,2,1,0,1,1155,1,0,80,6,0,0
5,25,1008,2,2,0,1,0,1576,1,7,0,9,10,0
25,5,1008,2,2,1,0,1,1621,1,0,29,12,0,0
5,26,1000,0,0,0,1,0,1912,1,46,0,7,10,0
26,5,1000,0,0,1,0,1,1912,1,0,46,10,7,0
5,26,1001,1,0,0,1,0,1549,1,40,0,0,19,0
26,5,1001,1,0,1,0,0,1665,1,16,0,25,0,0
5,26,1002,2,0,0,1,0,1372,1,54,0,0,26,0
26,5,1002,2,0,1,0,1,1391,1,0,49,2,42,0
5,26,1003,0,1,0,1,0,1771,1,83,0,4,24,0
26,5,1003,0,1,1,0,1,1771,1,0,83,24,4,0
5,26,1004,1,1,0,1,0,1415,1,30,0,4,0,0
26,5,1004,1,1,1,0,1,1415,1,0,34,0,4,0
5,26,1005,2,1,0,1,0,1376,1,60,0,54,11,0
26,5,1005,2,1,1,0,1,1376,1,0,41,11,54,0
5,26,1006,0,2,0,1,1,1620,1,0,6,20,2,0
26,5,1006,0,2,1,0,0,1620,1,6,0,2,20,0
5,26,1007,1,2,0,1,0,1218,1,87,0,0,0,0
26,5,1007,1,2,1,0,1,1218,1,0,87,0,0,0
5,26,1008,2,2,0,1,1,1141,1,0,33,0,0,0
26,5,1008,2,2,1,0,1,1118,1,0,49,0,0,0
5,27,1000,0,0,0,1,0,1678,1,54,0,49,71,0
27,5,1000,0,0,1,0,1,1678,1,0,54,71,49,0
5,27,1001,1,0,0,1,0,1615,1,42,0,20,57,0
27,5,1001,1,0,1,0,1,1048,1,0,55,19,5,0
5,27,1002,2,0,0,1,0,1111,1,26,0,27,0,0
27,5,1002,2,0,1,0,1,887,1,0,100,0,11,0
5,27,1003,0,1,0,1,0,1144,1,54,0,39,7,0
27,5,1003,0,1,1,0,1,1144,1,0,54,7,39,0
5,27,1004,1,1,0,1,0,951,1,91,0,45,42,0
27,5,1004,1,1,1,0,1,1750,1,0,4,72,3,0
5,27,1005,2,1,0,1,0,907,1,106,0,31,4,0
27,5,1005,2,1,1,0,1,982,1,0,100,25,0,0
5,27,1006,0,2,0,1,0,1434,1,57,0,22,13,0
27,5,1006,0,2,1,0,1,1434,1,0,57,13,22,0
5,27,1007,1,2,0,1,0,1270,1,58,0,12,0,0
27,5,1007,1,2,1,0,1,1694,1,0,15,12,54,0
5,27,1008,2,2,0,1,0,1675,1,46,0,4,27,0
27,5,1008,2,2,1,0,1,802,1,0,74,0,2,0
5,28,1000,0,0,0,1,0,687,1,85,0,29,7,0
28,5,1000,0,0,1,0,1,687,1,0,85,7,29,0
5,28,1001,1,0,0,1,0,759,1,48,0,0,0,0
28,5,1001,1,0,1,0,1,759,1,0,29,0,0,0
5,28,1002,2,0,0,1,0,1052,1,86,0,13,23,0
28,5,1002,2,0,1,0,1,1052,1,0,88,23,13,0
5,28,1003,0,1,0,1,0,849,1,19,0,7,0,0
28,5,1003,0,1,1,0,1,849,1,0,19,0,7,0
5,28,1004,1,1,0,1,0,975,1,53,0,4,38,0
28,5,1004,1,1,1,0,1,975,1,0,53,38,4,0
5,28,1005,2,1,0,1,0,1004,1,79,0,0,0,0
28,5,1005,2,1,1,0,1,1004,1,0,77,0,0,0
5,28,1006,0,2,0,1,0,664,1,41,0,0,21,0
28,5,1006,0,2,1,0,1,664,1,0,41,21,0,0
5,28,1007,1,2,0,1,0,555,1,64,0,0,22,0
28,5,1007,1,2,1,0,1,555,1,0,43,22,0,0
5,28,1008,2,2,0,1,0,412,1,50,0,0,43,0
28,5,1008,2,2,1,0,1,412,1,0,37,43,0,0
5,29,1000,0,0,0,1,0,2091,1,25,0,0,10,0
29,5,1000,0,0,1,0,1,2091,1,0,25,10,0,0
5,29,1001,1,0,0,1,1,1665,1,0,40,0,0,0
29,5,1001,1,0,1,0,0,1665,1,40,0,0,0,0
5,29,1002,2,0,0,1,0,1617,1,67,0,6,0,0
29,5,1002,2,0,1,0,1,1617,1,0,67,0,6,0
5,29,1003,0,1,0,1,1,1522,1,0,58,6,31,0
29,5,1003,0,1,1,0,0,1522,1,58,0,31,6,0
5,29,1004,1,1,0,1,1,1618,1,0,57,4,0,0
29,5,1004,1,1,1,0,0,1618,1,57,0,0,4,0
5,29,1005,2,1,0,1,1,1388,1,0,15,7,30,0
29,5,1005,2,1,1,0,0,1388,1,15,0,30,7,0
5,29,1006,0,2,0,1,1,1933,1,0,26,0,0,0
29,5,1006,0,2,1,0,0,1933,1,26,0,0,0,0
5,29,1007,1,2,0,1,1,1277,1,0,76,0,0,0
29,5,1007,1,2,1,0,0,1343,1,76,0,0,0,0
5,29,1008,2,2,0,1,1,920,1,0,78,0,0,0
29,5,1008,2,2,1,0,0,1299,1,57,0,0,0,0
5,30,1000,0,0,0,1,0,1250,1,113,0,33,3,0
30,5,1000,0,0,1,0,1,1250,1,0,113,3,33,0
5,30,1001,1,0,0,1,0,1043,1,12,0,12,2,0
30,5,1001,1,0,1,0,1,1043,1,0,23,2,12,0
5,30,1002,2,0,0,1,0,1206,1,26,0,0,19,0
30,5,1002,2,0,1,0,1,850,1,0,49,19,0,0
5,30,1003,0,1,0,1,0,1042,1,52,0,0,0,0
30,5,1003,0,1,1,0,1,1042,1,0,52,0,0,0
5,30,1004,1,1,0,1,0,1313,1,60,0,47,10,0
30,5,1004,1,1,1,0,1,1313,1,0,60,10,47,0
5,30,1005,2,1,0,1,0,979,1,57,0,0,0,0
30,5,1005,2,1,1,0,1,979,1,0,57,0,0,0
5,30,1006,0,2,0,1,0,1251,1,96,0,0,23,0
30,5,1006,0,2,1,0,1,1251,1,0,96,23,0,0
5,30,1007,1,2,0,1,0,777,1,88,0,0,0,0
30,5,1007,1,2,1,0,1,777,1,0,80,0,0,0
5,30,1008,2,2,0,1,0,1513,1,84,0,0,0,0
30,5,1008,2,2,1,0,1,1513,1,0,92,0,0,0
5,31,1000,0,0,0,1,-1,1925,1,0,0,0,35,0
31,5,1000,0,0,1,0,-1,1925,1,0,0,35,0,0
5,31,1001,1,0,0,1,1,2173,1,0,34,16,71,0
31,5,1001,1,0,1,0,1,2454,1,0,28,13,0,0
5,31,1002,2,0,0,1,0,1753,1,14,0,11,17,0
31,5,1002,2,0,1,0,1,1750,1,0,1,17,11,0
5,31,1003,0,1,0,1,1,1752,1,0,19,6,49,0
31,5,1003,0,1,1,0,0,1752,1,19,0,49,6,0
5,31,1004,1,1,0,1,0,1766,1,31,0,18,7,0
31,5,1004,1,1,1,0,0,1480,1,96,0,30,18,0
5,31,1005,2,1,0,1,1,1690,1,0,34,26,6,0
31,5,1005,2,1,1,0,0,1564,1,27,0,0,15,0
5,31,1006,0,2,0,1,1,1861,1,0,50,0,12,0
31,5,1006,0,2,1,0,0,1861,1,50,0,12,0,0
5,31,1007,1,2,0,1,1,1278,1,0,97,0,12,0
31,5,1007,1,2,1,0,1,1996,1,0,44,20,12,0
5,31,1008,2,2,0,1,1,2042,1,0,12,0,0,0
31,5,1008,2,2,1,0,1,1549,1,0,47,3,0,0
5,32,1000,0,0,0,1,0,1762,1,22,0,8,76,0
32,5,1000,0,0,1,0,1,1762,1,0,22,76,8,0
5,32,1001,1,0,0,1,1,1584,1,0,10,0,22,0
32,5,1001,1,0,1,0,0,1546,1,10,0,22,0,0
5,32,1002,2,0,0,1,0,934,1,63,0,0,1,0
32,5,1002,2,0,1,0,1,934,1,0,51,1,0,0
5,32,1003,0,1,0,1,1,1568,1,0,57,5,23,0
32,5,1003,0,1,1,0,0,1568,1,57,0,23,5,0
5,32,1004,1,1,0,1,1,1213,1,0,5,1,2,0
32,5,1004,1,1,1,0,0,1213,1,5,0,2,1,0
5,32,1005,2,1,0,1,0,1049,1,69,0,0,41,0
32,5,1005,2,1,1,0,1,1049,1,0,69,41,0,0
5,32,1006,0,2,0,1,0,1224,1,7,0,63,27,0
32,5,1006,0,2,1,0,1,1224,1,0,7,27,63,0
5,32,1007,1,2,0,1,0,1669,1,5,0,72,52,0
32,5,1007,1,2,1,0,0,1650,1,21,0,52,72,0
5,32,1008,2,2,0,1,0,1536,1,59,0,0,0,0
32,5,1008,2,2,1,0,1,1536,1,0,47,0,0,0
5,33,1000,0,0,0,1,-1,2005,1,0,0,0,0,0
33,5,1000,0,0,1,0,-1,2005,1,0,0,0,0,0
5,33,1001,1,0,0,1,0,1459,1,42,0,0,5,0
33,5,1001,1,0,1,0,1,1459,1,0,42,5,0,0
5,33,1002,2,0,0,1,0,1125,1,75,0,0,60,0
33,5,1002,2,0,1,0,1,951,1,0,53,37,0,0
5,33,1003,0,1,0,1,0,1291,1,133,0,17,1,0
33,5,1003,0,1,1,0,1,1291,1,0,133,1,17,0
5,33,1004,1,1,0,1,0,1540,1,81,0,0,0,0
33,5,1004,1,1,1,0,1,1326,1,0,54,12,20,0
5,33,1005,2,1,0,1,0,1054,1,76,0,0,13,0
33,5,1005,2,1,1,0,1,1026,1,0,84,0,0,0
5,33,1006,0,2,0,1,0,1039,1,133,0,5,0,0
33,5,1006,0,2,1,0,1,1039,1,0,133,0,5,0
5,33,1007,1,2,0,1,0,1363,1,118,0,7,0,0
33,5,1007,1,2,1,0,1,1786,1,0,48,0,7,0
5,33,1008,2,2,0,1,0,1381,1,106,0,46,35,0
33,5,1008,2,2,1,0,1,1306,1,0,78,0,8,0
5,34,1000,0,0,0,1,0,736,1,64,0,0,0,0
34,5,1000,0,0,1,0,1,736,1,0,64,0,0,0
5,34,1001,1,0,0,1,0,1373,1,12,0,0,5,0
34,5,1001,1,0,1,0,1,1087,1,0,24,0,19,0
5,34,1002,2,0,0,1,0,856,1,47,0,0,0,0
34,5,1002,2,0,1,0,1,856,1,0,58,0,0,0
5,34,1003,0,1,0,1,1,1420,1,0,22,0,2,0
34,5,1003,0,1,1,0,0,1420,1,22,0,2,0,0
5,34,1004,1,1,0,1,0,879,1,103,0,7,1,0
34,5,1004,1,1,1,0,0,1543,1,41,0,10,0,0
5,34,1005,2,1,0,1,0,814,1,93,0,0,7,0
34,5,1005,2,1,1,0,1,829,1,0,85,0,16,0
5,34,1006,0,2,0,1,0,1483,1,7,0,5,8,0
34,5,1006,0,2,1,0,1,1483,1,0,7,8,5,0
5,34,1007,1,2,0,1,1,1528,1,0,4,2,9,0
34,5,1007,1,2,1,0,0,1470,1,36,0,9,2,0
5,34,1008,2,2,0,1,0,1077,1,25,0,9,18,0
34,5,1008,2,2,1,0,1,883,1,0,69,9,2,0
5,35,1000,0,0,0,1,1,1047,1,0,63,0,44,0
35,5,1000,0,0,1,0,0,1047,1,63,0,44,0,0
5,35,1001,1,0,0,1,1,1333,1,0,83,0,7,0
35,5,1001,1,0,1,0,0,1323,1,62,0,7,23,0
5,35,1002,2,0,0,1,0,1338,1,31,0,0,0,0
35,5,1002,2,0,1,0,0,1910,1,20,0,2,7,0
5,35,1003,0,1,0,1,0,1635,1,22,0,0,1,0
35,5,1003,0,1,1,0,1,1635,1,0,22,1,0,0
5,35,1004,1,1,0,1,0,1465,1,40,0,0,0,0
35,5,1004,1,1,1,0,0,2155,1,27,0,0,37,0
5,35,1005,2,1,0,1,0,1698,1,15,0,10,9,0
35,5,1005,2,1,1,0,0,1407,1,29,0,6,22,0
5,35,1006,0,2,0,1,1,1087,1,0,74,0,3,0
35,5,1006,0,2,1,0,0,1087,1,74,0,3,0,0
5,35,1007,1,2,0,1,1,1725,1,0,26,10,11,0
35,5,1007,1,2,1,0,0,1212,1,30,0,0,28,0
5,35,1008,2,2,0,1,1,1925,1,0,7,0,0,0
35,5,1008,2,2,1,0,1,2242,1,0,1,0,0,0
5,36,1000,0,0,0,1,1,688,1,0,64,0,21,0
36,5,1000,0,0,1,0,0,688,1,64,0,21,0,0
5,36,1001,1,0,0,1,1,688,1,0,64,6,0,0
36,5,1001,1,0,1,0,0,657,1,49,0,0,0,0
5,36,1002,2,0,0,1,1,1083,1,0,16,1,0,0
36,5,1002,2,0,1,0,0,900,1,43,0,0,1,0
5,36,1003,0,1,0,1,1,639,1,0,42,0,15,0
36,5,1003,0,1,1,0,0,639,1,42,0,15,0,0
5,36,1004,1,1,0,1,1,1411,1,0,8,0,0,0
36,5,1004,1,1,1,0,0,1306,1,8,0,0,0,0
5,36,1005,2,1,0,1,1,744,1,0,38,18,33,0
36,5,1005,2,1,1,0,0,760,1,43,0,3,22,0
5,36,1006,0,2,0,1,1,819,1,0,37,0,14,0
36,5,1006,0,2,1,0,0,819,1,37,0,14,0,0
5,36,1007,1,2,0,1,0,1097,1,59,0,50,24,0
36,5,1007,1,2,1,0,1,1097,1,0,50,24,50,0
5,36,1008,2,2,0,1,1,1284,1,0,58,36,15,0
36,5,1008,2,2,1,0,0,1284,1,58,0,15,36,0
5,37,1000,0,0,0,1,0,1749,1,68,0,40,6,0
37,5,1000,0,0,1,0,1,1749,1,0,68,6,40,0
5,37,1001,1,0,0,1,0,1974,1,31,0,0,11,0
37,5,1001,1,0,1,0,1,1950,1,0,86,24,17,0
5,37,1002,2,0,0,1,0,1195,1,67,0,9,0,0
37,5,1002,2,0,1,0,1,1000,1,0,102,7,2,0
5,37,1003,0,1,0,1,0,1432,1,81,0,25,28,0
37,5,1003,0,1,1,0,1,1432,1,0,81,28,25,0
5,37,1004,1,1,0,1,0,1591,1,71,0,8,48,0
37,5,1004,1,1,1,0,1,1546,1,0,80,0,0,0
5,37,1005,2,1,0,1,0,1246,1,118,0,0,3,0
37,5,1005,2,1,1,0,1,889,1,0,81,0,0,0
5,37,1006,0,2,0,1,0,1449,1,94,0,16,10,0
37,5,1006,0,2,1,0,1,1449,1,0,94,10,16,0
5,37,1007,1,2,0,1,0,953,1,82,0,2,23,0
37,5,1007,1,2,1,0,1,1663,1,0,79,15,44,0
5,37,1008,2,2,0,1,0,1122,1,85,0,9,48,0
37,5,1008,2,2,1,0,1,1148,1,0,94,20,38,0
5,38,1000,0,0,0,1,1,831,1,0,28,23,0,0
38,5,1000,0,0,1,0,0,831,1,28,0,0,23,0
5,38,1001,1,0,0,1,1,627,1,0,23,0,0,0
38,5,1001,1,0,1,0,0,747,1,2,0,0,0,0
5,38,1002,2,0,0,1,0,1231,1,10,0,0,0,0
38,5,1002,2,0,1,0,1,733,1,0,40,0,0,0
5,38,1003,0,1,0,1,0,877,1,46,0,18,0,0
38,5,1003,0,1,1,0,1,877,1,0,46,0,18,0
5,38,1004,1,1,0,1,0,919,1,9,0,41,34,0
38,5,1004,1,1,1,0,1,490,1,0,88,0,0,0
5,38,1005,2,1,0,1,0,541,1,38,0,14,0,0
38,5,1005,2,1,1,0,1,871,1,0,15,0,0,0
5,38,1006,0,2,0,1,1,1039,1,0,17,17,0,0
38,5,1006,0,2,1,0,0,1039,1,17,0,0,17,0
5,38,1007,1,2,0,1,0,547,1,40,0,3,0,0
38,5,1007,1,2,1,0,0,1042,1,39,0,0,0,0
5,38,1008,2,2,0,1,0,624,1,61,0,3,0,0
38,5,1008,2,2,1,0,1,943,1,0,44,0,0,0
5,39,1000,0,0,0,1,1,1325,1,0,26,3,0,0
39,5,1000,0,0,1,0,0,1325,1,26,0,0,3,0
5,39,1001,1,0,0,1,0,1513,1,37,0,12,0,0
39,5,1001,1,0,1,0,1,1513,1,0,37,0,12,0
5,39,1002,2,0,0,1,1,1238,1,0,52,7,21,0
39,5,1002,2,0,1,0,0,1238,1,52,0,21,7,0
5,39,1003,0,1,0,1,0,1558,1,8,0,13,17,0
39,5,1003,0,1,1,0,1,1558,1,0,8,17,13,0
5,39,1004,1,1,0,1,1,1895,1,0,22,33,27,0
39,5,1004,1,1,1,0,0,1895,1,22,0,27,33,0
5,39,1005,2,1,0,1,1,1025,1,0,19,32,0,0
39,5,1005,2,1,1,0,0,1025,1,19,0,0,32,0
5,39,1006,0,2,0,1,0,1606,1,35,0,1,11,0
39,5,1006,0,2,1,0,1,1606,1,0,35,11,1,0
5,39,1007,1,2,0,1,1,1849,1,0,2,7,0,0
39,5,1007,1,2,1,0,0,1849,1,2,0,0,7,0
5,39,1008,2,2,0,1,0,1051,1,41,0,0,0,0
39,5,1008,2,2,1,0,1,1051,1,0,41,0,0,0
6,7,1000,0,0,0,1,0,429,1,72,0,0,0,0
7,6,1000,0,0,1,0,1,429,1,0,72,0,0,0
6,7,1001,1,0,0,1,0,594,1,82,0,11,0,0
7,6,1001,1,0,1,0,0,712,1,8,0,0,0,0
6,7,1002,2,0,0,1,0,582,1,41,0,1,0,0
7,6,1002,2,0,1,0,0,695,1,10,0,22,19,0
6,7,1003,0,1,0,1,0,761,1,21,0,0,0,0
7,6,1003,0,1,1,0,1,761,1,0,21,0,0,0
6,7,1004,1,1,0,1,0,650,1,102,0,0,0,0
7,6,1004,1,1,1,0,1,605,1,0,70,4,0,0
6,7,1005,2,1,0,1,0,681,1,21,0,0,0,0
7,6,1005,2,1,1,0,1,651,1,0,40,13,35,0
6,7,1006,0,2,0,1,1,330,1,0,46,0,0,0
7,6,1006,0,2,1,0,0,330,1,46,0,0,0,0
6,7,1007,1,2,0,1,1,505,1,0,8,1,0,0
7,6,1007,1,2,1,0,1,780,1,0,40,0,0,0
6,7,1008,2,2,0,1,0,922,1,92,0,0,0,0
7,6,1008,2,2,1,0,1,753,1,0,20,0,0,0
6,8,1000,0,0,0,1,1,997,1,0,2,77,155,0
8,6,1000,0,0,1,0,0,997,1,2,0,155,77,0
6,8,1001,1,0,0,1,1,822,1,0,79,62,152,0
8,6,1001,1,0,1,0,0,1741,1,7,0,187,94,0
6,8,1002,2,0,0,1,1,1533,1,0,27,499,522,0
8,6,1002,2,0,1,0,0,1488,1,55,0,133,135,0
6,8,1003,0,1,0,1,1,1339,1,0,83,20,60,0
8,6,1003,0,1,1,0,0,1339,1,83,0,60,20,0
6,8,1004,1,1,0,1,1,1552,1,0,80,185,246,0
8,6,1004,1,1,1,0,0,1271,1,15,0,18,18,0
6,8,1005,2,1,0,1,1,1709,1,0,69,204,71,0
8,6,1005,2,1,1,0,1,1914,1,0,6,226,329,0
6,8,1006,0,2,0,1,0,1113,1,11,0,115,220,0
8,6,1006,0,2,1,0,1,1113,1,0,11,220,115,0
6,8,1007,1,2,0,1,1,958,1,0,57,24,82,0
8,6,1007,1,2,1,0,0,1448,1,34,0,31,0,0
6,8,1008,2,2,0,1,1,1418,1,0,46,135,201,0
8,6,1008,2,2,1,0,0,1522,1,19,0,137,50,0
6,9,1000,0,0,0,1,1,715,1,0,28,29,59,0
9,6,1000,0,0,1,0,0,715,1,28,0,59,29,0
6,9,1001,1,0,0,1,1,1009,1,0,59,0,58,0
9,6,1001,1,0,1,0,0,1324,1,25,0,54,30,0
6,9,1002,2,0,0,1,1,715,1,0,49,31,101,0
9,6,1002,2,0,1,0,0,931,1,55,0,85,41,0
6,9,1003,0,1,0,1,1,904,1,0,37,1,27,0
9,6,1003,0,1,1,0,0,904,1,37,0,27,1,0
6,9,1004,1,1,0,1,1,1222,1,0,55,25,16,0
9,6,1004,1,1,1,0,1,1104,1,0,7,14,4,0
6,9,1005,2,1,0,1,1,919,1,0,35,111,103,0
9,6,1005,2,1,1,0,0,1036,1,109,0,69,78,0
6,9,1006,0,2,0,1,0,960,1,17,0,49,128,0
9,6,1006,0,2,1,0,1,960,1,0,17,128,49,0
6,9,1007,1,2,0,1,1,748,1,0,55,12,62,0
9,6,1007,1,2,1,0,1,1011,1,0,29,83,8,0
6,9,1008,2,2,0,1,1,679,1,0,85,0,57,0
9,6,1008,2,2,1,0,0,880,1,107,0,58,0,0
6,10,1000,0,0,0,1,1,897,1,0,20,63,32,0
10,6,1000,0,0,1,0,0,897,1,20,0,32,63,0
6,10,1001,1,0,0,1,0,1325,1,52,0,20,65,0
10,6,1001,1,0,1,0,0,1322,1,34,0,235,213,0
6,10,1002,2,0,0,1,1,775,1,0,52,2,35,0
10,6,1002,2,0,1,0,1,1003,1,0,32,99,109,0
6,10,1003,0,1,0,1,1,791,1,0,56,41,100,0
10,6,1003,0,1,1,0,0,791,1,56,0,100,41,0
6,10,1004,1,1,0,1,1,926,1,0,1,73,112,0
10,6,1004,1,1,1,0,1,956,1,0,8,27,2,0
6,10,1005,2,1,0,1,0,814,1,34,0,3,61,0
10,6,1005,2,1,1,0,1,715,1,0,16,134,44,0
6,10,1006,0,2,0,1,1,930,1,0,20,0,55,0
10,6,1006,0,2,1,0,0,930,1,20,0,55,0,0
6,10,1007,1,2,0,1,1,1168,1,0,2,0,56,0
10,6,1007,1,2,1,0,0,1089,1,10,0,52,21,0
6,10,1008,2,2,0,1,0,1147,1,90,0,65,44,0
10,6,1008,2,2,1,0,0,835,1,50,0,31,28,0
6,11,1000,0,0,0,1,1,1591,1,0,84,22,53,0
11,6,1000,0,0,1,0,0,1591,1,84,0,53,22,0
6,11,1001,1,0,0,1,1,1225,1,0,89,31,20,0
11,6,1001,1,0,1,0,0,1213,1,98,0,39,69,0
6,11,1002,2,0,0,1,1,697,1,0,107,36,28,0
11,6,1002,2,0,1,0,0,721,1,85,0,31,84,0
6,11,1003,0,1,0,1,1,1480,1,0,105,0,12,0
11,6,1003,0,1,1,0,0,1480,1,105,0,12,0,0
6,11,1004,1,1,0,1,1,1312,1,0,28,17,72,0
11,6,1004,1,1,1,0,0,916,1,87,0,7,0,0
6,11,1005,2,1,0,1,1,628,1,0,103,0,28,0
11,6,1005,2,1,1,0,0,562,1,82,0,75,0,0
6,11,1006,0,2,0,1,1,817,1,0,92,29,41,0
11,6,1006,0,2,1,0,0,817,1,92,0,41,29,0
6,11,1007,1,2,0,1,1,1267,1,0,62,37,57,0
11,6,1007,1,2,1,0,0,1330,1,37,0,70,18,0
6,11,1008,2,2,0,1,1,748,1,0,99,44,93,0
11,6,1008,2,2,1,0,0,538,1,95,0,55,7,0
6,12,1000,0,0,0,1,0,1303,1,112,0,35,80,0
12,6,1000,0,0,1,0,1,1453,1,0,112,75,40,0
6,12,1001,1,0,0,1,0,1385,1,24,0,64,53,0
12,6,1001,1,0,1,0,1,1281,1,0,87,76,0,0
6,12,1002,2,0,0,1,0,882,1,62,0,31,51,0
12,6,1002,2,0,1,0,1,1235,1,0,59,74,42,0
6,12,1003,0,1,0,1,0,1030,1,56,0,22,70,0
12,6,1003,0,1,1,0,1,1030,1,0,56,70,22,0
6,12,1004,1,1,0,1,0,1080,1,37,0,2,61,0
12,6,1004,1,1,1,0,1,1367,1,0,31,87,62,0
6,12,1005,2,1,0,1,1,1054,1,0,20,31,105,0
12,6,1005,2,1,1,0,1,1188,1,0,56,72,13,0
6,12,1006,0,2,0,1,0,1281,1,81,0,47,45,0
12,6,1006,0,2,1,0,1,1021,1,0,81,45,30,0
6,12,1007,1,2,0,1,0,1425,1,59,0,7,90,0
12,6,1007,1,2,1,0,1,1209,1,0,112,62,4,0
6,12,1008,2,2,0,1,1,1212,1,0,2,41,91,0
12,6,1008,2,2,1,0,0,1634,1,5,0,73,63,0
6,13,1000,0,0,0,1,1,346,1,0,72,5,45,0
13,6,1000,0,0,1,0,0,346,1,72,0,45,5,0
6,13,1001,1,0,0,1,1,742,1,0,4,3,51,0
13,6,1001,1,0,1,0,1,730,1,0,22,70,114,0
6,13,1002,2,0,0,1,1,375,1,0,58,1,0,0
13,6,1002,2,0,1,0,1,433,1,0,95,0,0,0
6,13,1003,0,1,0,1,1,297,1,0,46,0,9,0
13,6,1003,0,1,1,0,0,297,1,46,0,9,0,0
6,13,1004,1,1,0,1,0,388,1,33,0,1,11,0
13,6,1004,1,1,1,0,0,546,1,16,0,62,22,0
6,13,1005,2,1,0,1,1,597,1,0,9,55,81,0
13,6,1005,2,1,1,0,0,755,1,4,0,0,1,0
6,13,1006,0,2,0,1,1,360,1,0,68,18,61,0
13,6,1006,0,2,1,0,0,360,1,68,0,61,18,0
6,13,1007,1,2,0,1,1,399,1,0,68,39,82,0
13,6,1007,1,2,1,0,0,987,1,34,0,95,67,0
6,13,1008,2,2,0,1,1,537,1,0,68,15,61,0
13,6,1008,2,2,1,0,0,668,1,18,0,141,89,0
6,14,1000,0,0,0,1,0,1477,1,112,0,35,0,0
14,6,1000,0,0,1,0,1,1477,1,0,112,0,35,0
6,14,1001,1,0,0,1,1,2426,1,0,27,291,6,0
14,6,1001,1,0,1,0,0,2012,1,19,0,26,20,0
6,14,1002,2,0,0,1,1,2116,1,0,64,107,22,0
14,6,1002,2,0,1,0,0,1957,1,71,0,59,222,0
6,14,1003,0,1,0,1,1,1997,1,0,23,40,28,0
14,6,1003,0,1,1,0,0,1997,1,23,0,28,40,0
6,14,1004,1,1,0,1,1,1923,1,0,28,66,39,0
14,6,1004,1,1,1,0,0,1837,1,33,0,62,126,0
6,14,1005,2,1,0,1,0,1818,1,112,0,215,26,0
14,6,1005,2,1,1,0,1,1734,1,0,66,8,125,0
6,14,1006,0,2,0,1,1,2002,1,0,5,34,13,0
14,6,1006,0,2,1,0,0,2002,1,5,0,13,34,0
6,14,1007,1,2,0,1,1,1730,1,0,16,3,5,0
14,6,1007,1,2,1,0,1,1540,1,0,78,0,0,0
6,14,1008,2,2,0,1,1,1994,1,0,17,0,15,0
14,6,1008,2,2,1,0,1,1579,1,0,95,59,51,0
6,15,1000,0,0,0,1,1,1812,1,0,13,153,92,0
15,6,1000,0,0,1,0,0,1812,1,13,0,92,153,0
6,15,1001,1,0,0,1,1,775,1,0,109,48,93,0
15,6,1001,1,0,1,0,0,2104,1,49,0,255,354,0
6,15,1002,2,0,0,1,1,1858,1,0,83,140,116,0
15,6,1002,2,0,1,0,0,1460,1,55,0,123,4,0
6,15,1003,0,1,0,1,1,1119,1,0,73,0,31,0
15,6,1003,0,1,1,0,0,1119,1,73,0,31,0,0
6,15,1004,1,1,0,1,1,1632,1,0,108,14,0,0
15,6,1004,1,1,1,0,0,1173,1,98,0,171,50,0
6,15,1005,2,1,0,1,1,1903,1,0,102,153,79,0
15,6,1005,2,1,1,0,0,1165,1,45,0,107,18,0
6,15,1006,0,2,0,1,1,862,1,0,91,63,188,0
15,6,1006,0,2,1,0,0,862,1,91,0,188,63,0
6,15,1007,1,2,0,1,1,781,1,0,74,3,97,0
15,6,1007,1,2,1,0,0,930,1,36,0,123,44,0
6,15,1008,2,2,0,1,1,1861,1,0,99,36,16,0
15,6,1008,2,2,1,0,0,1060,1,128,0,74,2,0
6,16,1000,0,0,0,1,0,566,1,44,0,82,105,0
16,6,1000,0,0,1,0,1,566,1,0,44,105,82,0
6,16,1001,1,0,0,1,0,781,1,51,0,8,43,0
16,6,1001,1,0,1,0,1,896,1,0,21,153,72,0
6,16,1002,2,0,0,1,0,1030,1,37,0,103,156,0
16,6,1002,2,0,1,0,1,481,1,0,12,85,58,0
6,16,1003,0,1,0,1,0,566,1,10,0,0,31,0
16,6,1003,0,1,1,0,1,566,1,0,10,31,0,0
6,16,1004,1,1,0,1,0,577,1,78,0,5,41,0
16,6,1004,1,1,1,0,1,464,1,0,96,105,24,0
6,16,1005,2,1,0,1,1,873,1,0,6,117,163,0
16,6,1005,2,1,1,0,1,844,1,0,17,78,64,0
6,16,1006,0,2,0,1,0,676,1,16,0,105,129,0
16,6,1006,0,2,1,0,1,676,1,0,16,129,105,0
6,16,1007,1,2,0,1,0,412,1,103,0,0,9,0
16,6,1007,1,2,1,0,1,723,1,0,16,99,42,0
6,16,1008,2,2,0,1,0,488,1,5,0,0,8,0
16,6,1008,2,2,1,0,0,613,1,21,0,80,32,0
6,17,1000,0,0,0,1,0,946,1,112,0,36,73,0
17,6,1000,0,0,1,0,1,946,1,0,112,73,36,0
6,17,1001,1,0,0,1,0,751,1,74,0,51,0,0
17,6,1001,1,0,1,0,1,1026,1,0,39,0,14,0
6,17,1002,2,0,0,1,0,1239,1,112,0,144,98,0
17,6,1002,2,0,1,0,1,819,1,0,112,0,35,0
6,17,1003,0,1,0,1,0,1164,1,77,0,0,41,0
17,6,1003,0,1,1,0,1,1164,1,0,77,41,0,0
6,17,1004,1,1,0,1,0,918,1,112,0,8,48,0
17,6,1004,1,1,1,0,1,1122,1,0,112,0,0,0
6,17,1005,2,1,0,1,0,946,1,112,0,0,0,0
17,6,1005,2,1,1,0,1,1121,1,0,72,2,0,0
6,17,1006,0,2,0,1,1,432,1,0,12,0,80,0
17,6,1006,0,2,1,0,0,432,1,12,0,80,0,0
6,17,1007,1,2,0,1,0,1117,1,112,0,0,19,0
17,6,1007,1,2,1,0,0,659,1,44,0,82,16,0
6,17,1008,2,2,0,1,0,726,1,77,0,3,87,0
17,6,1008,2,2,1,0,1,786,1,0,79,148,85,0
6,18,1000,0,0,0,1,1,586,1,0,38,0,2,0
18,6,1000,0,0,1,0,0,586,1,38,0,2,0,0
6,18,1001,1,0,0,1,1,541,1,0,68,0,2,0
18,6,1001,1,0,1,0,0,1045,1,15,0,103,68,0
6,18,1002,2,0,0,1,1,487,1,0,70,0,2,0
18,6,1002,2,0,1,0,0,346,1,72,0,61,21,0
6,18,1003,0,1,0,1,0,556,1,17,0,1,14,0
18,6,1003,0,1,1,0,1,556,1,0,17,14,1,0
6,18,1004,1,1,0,1,0,1042,1,1,0,0,21,0
18,6,1004,1,1,1,0,0,382,1,70,0,3,0,0
6,18,1005,2,1,0,1,0,535,1,30,0,11,84,0
18,6,1005,2,1,1,0,0,640,1,15,0,116,74,0
6,18,1006,0,2,0,1,1,466,1,0,34,0,2,0
18,6,1006,0,2,1,0,0,466,1,34,0,2,0,0
6,18,1007,1,2,0,1,1,406,1,0,26,0,2,0
18,6,1007,1,2,1,0,0,736,1,32,0,4,4,0
6,18,1008,2,2,0,1,1,391,1,0,56,0,2,0
18,6,1008,2,2,1,0,0,661,1,33,0,5,4,0
6,19,1000,0,0,0,1,0,555,1,7,0,137,20,0
19,6,1000,0,0,1,0,1,555,1,0,7,20,137,0
6,19,1001,1,0,0,1,0,1026,1,24,0,151,203,0
19,6,1001,1,0,1,0,0,892,1,82,0,91,60,0
6,19,1002,2,0,0,1,1,787,1,0,86,83,103,0
19,6,1002,2,0,1,0,0,1045,1,54,0,117,53,0
6,19,1003,0,1,0,1,1,1133,1,0,26,9,76,0
19,6,1003,0,1,1,0,0,1133,1,26,0,76,9,0
6,19,1004,1,1,0,1,1,1024,1,0,31,4,3,0
19,6,1004,1,1,1,0,1,1030,1,0,4,42,232,0
6,19,1005,2,1,0,1,1,1380,1,0,30,231,261,0
19,6,1005,2,1,1,0,0,632,1,64,0,253,57,0
6,19,1006,0,2,0,1,0,554,1,28,0,16,3,0
19,6,1006,0,2,1,0,1,554,1,0,28,3,16,0
6,19,1007,1,2,0,1,1,591,1,0,56,5,0,0
19,6,1007,1,2,1,0,0,697,1,40,0,59,4,0
6,19,1008,2,2,0,1,1,941,1,0,12,7,66,0
19,6,1008,2,2,1,0,0,709,1,42,0,25,43,0
6,20,1000,0,0,0,1,1,703,1,0,47,39,82,0
20,6,1000,0,0,1,0,0,703,1,47,0,82,39,0
6,20,1001,1,0,0,1,1,1813,1,0,33,134,146,0
20,6,1001,1,0,1,0,0,1288,1,63,0,161,97,0
6,20,1002,2,0,0,1,1,796,1,0,86,54,119,0
20,6,1002,2,0,1,0,0,1079,1,25,0,107,93,0
6,20,1003,0,1,0,1,1,1328,1,0,23,33,156,0
20,6,1003,0,1,1,0,0,1328,1,23,0,156,33,0
6,20,1004,1,1,0,1,1,780,1,0,85,111,206,0
20,6,1004,1,1,1,0,0,924,1,47,0,158,116,0
6,20,1005,2,1,0,1,1,1613,1,0,53,156,209,0
20,6,1005,2,1,1,0,0,1184,1,59,0,142,197,0
6,20,1006,0,2,0,1,1,1637,1,0,7,166,167,0
20,6,1006,0,2,1,0,0,1637,1,7,0,167,166,0
6,20,1007,1,2,0,1,0,1483,1,26,0,105,185,0
20,6,1007,1,2,1,0,0,901,1,57,0,132,88,0
6,20,1008,2,2,0,1,1,766,1,0,53,2,0,0
20,6,1008,2,2,1,0,0,916,1,47,0,113,88,0
6,21,1000,0,0,0,1,0,804,1,19,0,53,80,0
21,6,1000,0,0,1,0,1,804,1,0,19,80,53,0
6,21,1001,1,0,0,1,1,837,1,0,1,50,86,0
21,6,1001,1,0,1,0,1,753,1,0,64,77,30,0
6,21,1002,2,0,0,1,0,687,1,49,0,31,74,0
21,6,1002,2,0,1,0,-1,678,1,0,0,88,19,0
6,21,1003,0,1,0,1,1,524,1,0,27,40,96,0
21,6,1003,0,1,1,0,0,524,1,27,0,96,40,0
6,21,1004,1,1,0,1,0,888,1,7,0,42,77,0
21,6,1004,1,1,1,0,1,550,1,0,22,9,0,0
6,21,1005,2,1,0,1,0,624,1,49,0,0,21,0
21,6,1005,2,1,1,0,1,935,1,0,56,19,32,0
6,21,1006,0,2,0,1,0,682,1,4,0,39,82,0
21,6,1006,0,2,1,0,1,682,1,0,4,82,39,0
6,21,1007,1,2,0,1,0,959,1,24,0,17,74,0
21,6,1007,1,2,1,0,1,505,1,0,23,83,41,0
6,21,1008,2,2,0,1,1,742,1,0,34,37,74,0
21,6,1008,2,2,1,0,1,931,1,0,54,65,22,0
6,22,1000,0,0,0,1,1,733,1,0,73,33,92,0
22,6,1000,0,0,1,0,0,733,1,73,0,92,33,0
6,22,1001,1,0,0,1,0,1116,1,1,0,51,100,0
22,6,1001,1,0,1,0,1,1233,1,0,3,0,27,0
6,22,1002,2,0,0,1,1,607,1,0,125,76,69,0
22,6,1002,2,0,1,0,0,1110,1,44,0,106,69,0
6,22,1003,0,1,0,1,0,1503,1,64,0,3,0,0
22,6,1003,0,1,1,0,1,1503,1,0,64,0,3,0
6,22,1004,1,1,0,1,1,398,1,0,125,0,0,0
22,6,1004,1,1,1,0,0,795,1,77,0,29,0,0
6,22,1005,2,1,0,1,0,936,1,20,0,75,139,0
22,6,1005,2,1,1,0,1,771,1,0,51,117,0,0
6,22,1006,0,2,0,1,1,886,1,0,38,0,0,0
22,6,1006,0,2,1,0,0,886,1,38,0,0,0,0
6,22,1007,1,2,0,1,1,931,1,0,73,0,55,0
22,6,1007,1,2,1,0,0,1076,1,53,0,1,15,0
6,22,1008,2,2,0,1,0,1581,1,14,0,17,79,0
22,6,1008,2,2,1,0,0,1208,1,51,0,1,43,0
6,23,1000,0,0,0,1,1,564,1,0,77,2,66,0
23,6,1000,0,0,1,0,0,564,1,77,0,66,2,0
6,23,1001,1,0,0,1,1,579,1,0,92,9,82,0
23,6,1001,1,0,1,0,1,736,1,0,70,28,53,0
6,23,1002,2,0,0,1,1,1101,1,0,20,50,125,0
23,6,1002,2,0,1,0,0,355,1,75,0,94,0,0
6,23,1003,0,1,0,1,1,460,1,0,26,0,64,0
23,6,1003,0,1,1,0,0,460,1,26,0,64,0,0
6,23,1004,1,1,0,1,1,498,1,0,55,0,75,0
23,6,1004,1,1,1,0,1,1111,1,0,14,35,13,0
6,23,1005,2,1,0,1,0,933,1,32,0,62,65,0
23,6,1005,2,1,1,0,1,880,1,0,37,149,97,0
6,23,1006,0,2,0,1,1,624,1,0,49,32,104,0
23,6,1006,0,2,1,0,0,624,1,49,0,104,32,0
6,23,1007,1,2,0,1,1,582,1,0,23,14,86,0
23,6,1007,1,2,1,0,1,1270,1,0,42,28,0,0
6,23,1008,2,2,0,1,1,587,1,0,24,10,82,0
23,6,1008,2,2,1,0,1,622,1,0,70,29,0,0
6,24,1000,0,0,0,1,1,862,1,0,109,60,18,0
24,6,1000,0,0,1,0,0,862,1,109,0,18,60,0
6,24,1001,1,0,0,1,1,834,1,0,69,36,97,0
24,6,1001,1,0,1,0,0,1351,1,75,0,21,5,0
6,24,1002,2,0,0,1,1,868,1,0,79,99,85,0
24,6,1002,2,0,1,0,0,820,1,78,0,37,0,0
6,24,1003,0,1,0,1,1,739,1,0,60,3,48,0
24,6,1003,0,1,1,0,0,739,1,60,0,48,3,0
6,24,1004,1,1,0,1,1,919,1,0,48,70,42,0
24,6,1004,1,1,1,0,0,1096,1,60,0,13,0,0
6,24,1005,2,1,0,1,1,874,1,0,67,24,78,0
24,6,1005,2,1,1,0,0,640,1,59,0,124,46,0
6,24,1006,0,2,0,1,1,946,1,0,58,0,46,0
24,6,1006,0,2,1,0,0,946,1,58,0,46,0,0
6,24,1007,1,2,0,1,1,1372,1,0,55,45,86,0
24,6,1007,1,2,1,0,0,796,1,87,0,51,16,0
6,24,1008,2,2,0,1,1,970,1,0,82,99,112,0
24,6,1008,2,2,1,0,0,1012,1,65,0,50,51,0
6,25,1000,0,0,0,1,1,601,1,0,53,0,73,0
25,6,1000,0,0,1,0,0,601,1,53,0,73,0,0
6,25,1001,1,0,0,1,1,532,1,0,71,0,75,0
25,6,1001,1,0,1,0,0,667,1,69,0,161,79,0
6,25,1002,2,0,0,1,1,534,1,0,58,29,4,0
25,6,1002,2,0,1,0,0,684,1,50,0,63,37,0
6,25,1003,0,1,0,1,1,574,1,0,67,7,77,0
25,6,1003,0,1,1,0,0,574,1,67,0,77,7,0
6,25,1004,1,1,0,1,1,520,1,0,71,0,76,0
25,6,1004,1,1,1,0,0,505,1,104,0,53,0,0
6,25,1005,2,1,0,1,1,1376,1,0,66,19,4,0
25,6,1005,2,1,1,0,0,1729,1,23,0,51,9,0
6,25,1006,0,2,0,1,1,382,1,0,71,0,64,0
25,6,1006,0,2,1,0,0,382,1,71,0,64,0,0
6,25,1007,1,2,0,1,1,501,1,0,69,20,64,0
25,6,1007,1,2,1,0,1,1125,1,0,10,26,0,0
6,25,1008,2,2,0,1,1,1110,1,0,63,55,114,0
25,6,1008,2,2,1,0,0,888,1,43,0,27,28,0
6,26,1000,0,0,0,1,0,587,1,48,0,47,21,0
26,6,1000,0,0,1,0,1,587,1,0,48,21,47,0
6,26,1001,1,0,0,1,0,568,1,74,0,0,12,0
26,6,1001,1,0,1,0,1,518,1,0,35,19,0,0
6,26,1002,2,0,0,1,0,481,1,42,0,0,11,0
26,6,1002,2,0,1,0,-1,556,1,0,0,20,0,0
6,26,1003,0,1,0,1,0,481,1,75,0,0,0,0
26,6,1003,0,1,1,0,1,481,1,0,75,0,0,0
6,26,1004,1,1,0,1,0,693,1,23,0,2,0,0
26,6,1004,1,1,1,0,1,541,1,0,20,0,8,0
6,26,1005,2,1,0,1,0,667,1,28,0,0,0,0
26,6,1005,2,1,1,0,1,760,1,0,35,0,0,0
6,26,1006,0,2,0,1,0,578,1,23,0,0,11,0
26,6,1006,0,2,1,0,1,578,1,0,23,11,0,0
6,26,1007,1,2,0,1,0,529,1,43,0,11,17,0
26,6,1007,1,2,1,0,1,1252,1,0,112,0,0,0
6,26,1008,2,2,0,1,0,496,1,68,0,6,12,0
26,6,1008,2,2,1,0,0,1048,1,2,0,12,56,0
6,27,1000,0,0,0,1,1,964,1,0,45,124,125,0
27,6,1000,0,0,1,0,0,964,1,45,0,125,124,0
6,27,1001,1,0,0,1,1,847,1,0,19,27,45,0
27,6,1001,1,0,1,0,0,982,1,17,0,82,24,0
6,27,1002,2,0,0,1,0,477,1,13,0,8,0,0
27,6,1002,2,0,1,0,0,709,1,31,0,125,86,0
6,27,1003,0,1,0,1,0,645,1,34,0,22,12,0
27,6,1003,0,1,1,0,1,645,1,0,34,12,22,0
6,27,1004,1,1,0,1,0,773,1,22,0,9,33,0
27,6,1004,1,1,1,0,0,748,1,1,0,23,10,0
6,27,1005,2,1,0,1,0,1226,1,22,0,24,74,0
27,6,1005,2,1,1,0,1,796,1,0,31,59,4,0
6,27,1006,0,2,0,1,0,881,1,55,0,32,15,0
27,6,1006,0,2,1,0,1,881,1,0,55,15,32,0
6,27,1007,1,2,0,1,0,910,1,16,0,54,61,0
27,6,1007,1,2,1,0,1,732,1,0,43,38,0,0
6,27,1008,2,2,0,1,0,876,1,64,0,73,20,0
27,6,1008,2,2,1,0,0,868,1,1,0,15,38,0
6,28,1000,0,0,0,1,0,387,1,40,0,0,146,0
28,6,1000,0,0,1,0,1,387,1,0,40,146,0,0
6,28,1001,1,0,0,1,1,423,1,0,66,0,137,0
28,6,1001,1,0,1,0,0,390,1,54,0,98,32,0
6,28,1002,2,0,0,1,1,414,1,0,64,66,83,0
28,6,1002,2,0,1,0,0,516,1,13,0,141,38,0
6,28,1003,0,1,0,1,1,489,1,0,18,0,104,0
28,6,1003,0,1,1,0,0,489,1,18,0,104,0,0
6,28,1004,1,1,0,1,1,657,1,0,16,55,105,0
28,6,1004,1,1,1,0,1,521,1,0,23,65,35,0
6,28,1005,2,1,0,1,1,345,1,0,66,1,40,0
28,6,1005,2,1,1,0,0,396,1,82,0,36,36,0
6,28,1006,0,2,0,1,1,326,1,0,48,0,3,0
28,6,1006,0,2,1,0,0,326,1,48,0,3,0,0
6,28,1007,1,2,0,1,1,351,1,0,38,0,136,0
28,6,1007,1,2,1,0,0,552,1,38,0,89,30,0
6,28,1008,2,2,0,1,1,385,1,0,54,0,14,0
28,6,1008,2,2,1,0,0,573,1,48,0,86,68,0
6,29,1000,0,0,0,1,1,937,1,0,60,31,29,0
29,6,1000,0,0,1,0,0,937,1,60,0,29,31,0
6,29,1001,1,0,0,1,1,1189,1,0,76,64,121,0
29,6,1001,1,0,1,0,0,829,1,60,0,109,42,0
6,29,1002,2,0,0,1,1,718,1,0,68,69,71,0
29,6,1002,2,0,1,0,0,688,1,72,0,1,46,0
6,29,1003,0,1,0,1,1,709,1,0,86,0,17,0
29,6,1003,0,1,1,0,0,709,1,86,0,17,0,0
6,29,1004,1,1,0,1,1,736,1,0,81,29,77,0
29,6,1004,1,1,1,0,0,1021,1,50,0,45,9,0
6,29,1005,2,1,0,1,1,643,1,0,64,45,66,0
29,6,1005,2,1,1,0,0,751,1,54,0,47,14,0
6,29,1006,0,2,0,1,1,369,1,0,67,9,83,0
29,6,1006,0,2,1,0,0,369,1,67,0,83,9,0
6,29,1007,1,2,0,1,1,751,1,0,42,14,72,0
29,6,1007,1,2,1,0,0,559,1,56,0,95,23,0
6,29,1008,2,2,0,1,1,382,1,0,82,57,88,0
29,6,1008,2,2,1,0,0,270,1,80,0,85,0,0
6,30,1000,0,0,0,1,0,490,1,63,0,32,79,0
30,6,1000,0,0,1,0,1,490,1,0,63,79,32,0
6,30,1001,1,0,0,1,0,892,1,36,0,88,135,0
30,6,1001,1,0,1,0,0,772,1,40,0,109,72,0
6,30,1002,2,0,0,1,1,274,1,0,37,18,82,0
30,6,1002,2,0,1,0,1,521,1,0,9,158,70,0
6,30,1003,0,1,0,1,1,631,1,0,14,0,21,0
30,6,1003,0,1,1,0,0,631,1,14,0,21,0,0
6,30,1004,1,1,0,1,1,403,1,0,54,6,50,0
30,6,1004,1,1,1,0,1,792,1,0,20,30,3,0
6,30,1005,2,1,0,1,1,706,1,0,18,0,22,0
30,6,1005,2,1,1,0,0,565,1,48,0,20,0,0
6,30,1006,0,2,0,1,0,822,1,36,0,82,128,0
30,6,1006,0,2,1,0,1,822,1,0,36,128,82,0
6,30,1007,1,2,0,1,0,943,1,9,0,39,97,0
30,6,1007,1,2,1,0,0,526,1,22,0,96,38,0
6,30,1008,2,2,0,1,0,609,1,36,0,28,75,0
30,6,1008,2,2,1,0,0,478,1,8,0,102,54,0
6,31,1000,0,0,0,1,1,634,1,0,75,38,85,0
31,6,1000,0,0,1,0,0,634,1,75,0,85,38,0
6,31,1001,1,0,0,1,1,1366,1,0,55,12,52,0
31,6,1001,1,0,1,0,1,1468,1,0,22,59,105,0
6,31,1002,2,0,0,1,0,1080,1,82,0,44,61,0
31,6,1002,2,0,1,0,0,772,1,29,0,115,72,0
6,31,1003,0,1,0,1,0,1110,1,76,0,115,69,0
31,6,1003,0,1,1,0,1,1110,1,0,76,69,115,0
6,31,1004,1,1,0,1,0,1657,1,9,0,14,70,0
31,6,1004,1,1,1,0,0,744,1,47,0,166,59,0
6,31,1005,2,1,0,1,0,976,1,41,0,84,174,0
31,6,1005,2,1,1,0,0,1388,1,19,0,79,3,0
6,31,1006,0,2,0,1,1,1087,1,0,38,1,16,0
31,6,1006,0,2,1,0,0,1087,1,38,0,16,1,0
6,31,1007,1,2,0,1,1,1805,1,0,31,185,21,0
31,6,1007,1,2,1,0,1,1041,1,0,19,85,31,0
6,31,1008,2,2,0,1,0,1332,1,17,0,33,77,0
31,6,1008,2,2,1,0,1,723,1,0,52,91,3,0
6,32,1000,0,0,0,1,1,571,1,0,54,35,73,0
32,6,1000,0,0,1,0,0,571,1,54,0,73,35,0
6,32,1001,1,0,0,1,1,895,1,0,36,57,55,0
32,6,1001,1,0,1,0,1,757,1,0,64,207,57,0
6,32,1002,2,0,0,1,1,667,1,0,24,45,78,0
32,6,1002,2,0,1,0,1,820,1,0,34,74,41,0
6,32,1003,0,1,0,1,0,923,1,26,0,43,92,0
32,6,1003,0,1,1,0,1,923,1,0,26,92,43,0
6,32,1004,1,1,0,1,1,528,1,0,52,2,37,0
32,6,1004,1,1,1,0,1,770,1,0,26,101,132,0
6,32,1005,2,1,0,1,1,577,1,0,50,68,108,0
32,6,1005,2,1,1,0,1,856,1,0,22,21,2,0
6,32,1006,0,2,0,1,1,517,1,0,76,64,90,0
32,6,1006,0,2,1,0,0,517,1,76,0,90,64,0
6,32,1007,1,2,0,1,1,445,1,0,54,61,69,0
32,6,1007,1,2,1,0,0,466,1,82,0,79,65,0
6,32,1008,2,2,0,1,1,716,1,0,2,53,111,0
32,6,1008,2,2,1,0,0,688,1,30,0,79,66,0
6,33,1000,0,0,0,1,0,912,1,32,0,21,112,0
33,6,1000,0,0,1,0,1,912,1,0,32,112,21,0
6,33,1001,1,0,0,1,1,691,1,0,4,31,93,0
33,6,1001,1,0,1,0,1,634,1,0,78,82,22,0
6,33,1002,2,0,0,1,-1,664,1,0,0,0,83,0
33,6,1002,2,0,1,0,1,792,1,0,27,76,60,0
6,33,1003,0,1,0,1,0,989,1,49,0,12,68,0
33,6,1003,0,1,1,0,1,989,1,0,49,68,12,0
6,33,1004,1,1,0,1,0,604,1,49,0,5,13,0
33,6,1004,1,1,1,0,0,462,1,33,0,18,0,0
6,33,1005,2,1,0,1,1,747,1,0,1,10,26,0
33,6,1005,2,1,1,0,0,810,1,35,0,83,33,0
6,33,1006,0,2,0,1,0,740,1,20,0,3,60,0
33,6,1006,0,2,1,0,1,740,1,0,20,60,3,0
6,33,1007,1,2,0,1,0,511,1,44,0,0,12,0
33,6,1007,1,2,1,0,0,667,1,5,0,47,0,0
6,33,1008,2,2,0,1,0,550,1,83,0,10,12,0
33,6,1008,2,2,1,0,0,717,1,23,0,16,26,0
6,34,1000,0,0,0,1,1,629,1,0,9,23,87,0
34,6,1000,0,0,1,0,0,629,1,9,0,87,23,0
6,34,1001,1,0,0,1,0,765,1,43,0,41,100,0
34,6,1001,1,0,1,0,0,847,1,31,0,33,27,0
6,34,1002,2,0,0,1,1,794,1,0,4,61,130,0
34,6,1002,2,0,1,0,0,720,1,41,0,31,51,0
6,34,1003,0,1,0,1,1,808,1,0,55,127,106,0
34,6,1003,0,1,1,0,0,808,1,55,0,106,127,0
6,34,1004,1,1,0,1,1,919,1,0,31,30,78,0
34,6,1004,1,1,1,0,0,1286,1,62,0,121,63,0
6,34,1005,2,1,0,1,0,818,1,41,0,28,46,0
34,6,1005,2,1,1,0,0,620,1,91,0,396,0,0
6,34,1006,0,2,0,1,1,647,1,0,29,0,24,0
34,6,1006,0,2,1,0,0,647,1,29,0,24,0,0
6,34,1007,1,2,0,1,1,536,1,0,25,0,47,0
34,6,1007,1,2,1,0,0,851,1,21,0,53,0,0
6,34,1008,2,2,0,1,1,622,1,0,11,0,23,0
34,6,1008,2,2,1,0,0,742,1,1,0,52,24,0
6,35,1000,0,0,0,1,1,775,1,0,31,0,6,0
35,6,1000,0,0,1,0,0,775,1,31,0,6,0,0
6,35,1001,1,0,0,1,1,1220,1,0,39,53,2,0
35,6,1001,1,0,1,0,0,1097,1,47,0,40,68,0
6,35,1002,2,0,0,1,1,872,1,0,46,0,4,0
35,6,1002,2,0,1,0,0,1010,1,47,0,43,14,0
6,35,1003,0,1,0,1,0,1392,1,28,0,74,114,0
35,6,1003,0,1,1,0,1,1392,1,0,28,114,74,0
6,35,1004,1,1,0,1,0,685,1,42,0,0,8,0
35,6,1004,1,1,1,0,1,944,1,0,28,38,9,0
6,35,1005,2,1,0,1,1,1501,1,0,46,6,7,0
35,6,1005,2,1,1,0,1,1524,1,0,7,5,7,0
6,35,1006,0,2,0,1,1,1031,1,0,12,3,9,0
35,6,1006,0,2,1,0,0,1031,1,12,0,9,3,0
6,35,1007,1,2,0,1,1,1150,1,0,38,58,85,0
35,6,1007,1,2,1,0,0,751,1,35,0,5,0,0
6,35,1008,2,2,0,1,1,1052,1,0,61,0,1,0
35,6,1008,2,2,1,0,0,865,1,54,0,5,0,0
6,36,1000,0,0,0,1,1,619,1,0,40,60,114,0
36,6,1000,0,0,1,0,0,619,1,40,0,114,60,0
6,36,1001,1,0,0,1,1,502,1,0,58,70,97,0
36,6,1001,1,0,1,0,0,384,1,66,0,56,0,0
6,36,1002,2,0,0,1,1,418,1,0,44,23,76,0
36,6,1002,2,0,1,0,0,430,1,68,0,54,0,0
6,36,1003,0,1,0,1,1,358,1,0,28,0,12,0
36,6,1003,0,1,1,0,0,358,1,28,0,12,0,0
6,36,1004,1,1,0,1,1,522,1,0,16,11,39,0
36,6,1004,1,1,1,0,0,602,1,32,0,27,0,0
6,36,1005,2,1,0,1,1,684,1,0,34,0,57,0
36,6,1005,2,1,1,0,0,310,1,30,0,84,40,0
6,36,1006,0,2,0,1,1,445,1,0,11,0,13,0
36,6,1006,0,2,1,0,0,445,1,11,0,13,0,0
6,36,1007,1,2,0,1,0,418,1,12,0,0,12,0
36,6,1007,1,2,1,0,0,366,1,22,0,111,24,0
6,36,1008,2,2,0,1,1,382,1,0,10,0,11,0
36,6,1008,2,2,1,0,0,361,1,21,0,81,21,0
6,37,1000,0,0,0,1,0,649,1,19,0,22,85,0
37,6,1000,0,0,1,0,1,649,1,0,19,85,22,0
6,37,1001,1,0,0,1,0,682,1,15,0,71,103,0
37,6,1001,1,0,1,0,0,721,1,29,0,40,0,0
6,37,1002,2,0,0,1,1,1231,1,0,16,555,187,0
37,6,1002,2,0,1,0,1,564,1,0,14,54,0,0
6,37,1003,0,1,0,1,1,955,1,0,23,204,17,0
37,6,1003,0,1,1,0,0,925,1,37,0,17,174,0
6,37,1004,1,1,0,1,1,1033,1,0,29,0,10,0
37,6,1004,1,1,1,0,1,496,1,0,26,95,21,0
6,37,1005,2,1,0,1,1,649,1,0,10,22,236,0
37,6,1005,2,1,1,0,0,751,1,37,0,44,29,0
6,37,1006,0,2,0,1,0,515,1,48,0,30,15,0
37,6,1006,0,2,1,0,1,515,1,0,48,15,30,0
6,37,1007,1,2,0,1,0,708,1,22,0,106,71,0
37,6,1007,1,2,1,0,1,496,1,0,66,82,31,0
6,37,1008,2,2,0,1,1,912,1,0,19,206,87,0
37,6,1008,2,2,1,0,1,651,1,0,10,115,32,0
6,38,1000,0,0,0,1,1,897,1,0,31,47,0,0
38,6,1000,0,0,1,0,0,897,1,31,0,0,47,0
6,38,1001,1,0,0,1,1,559,1,0,37,52,84,0
38,6,1001,1,0,1,0,1,1216,1,0,15,0,46,0
6,38,1002,2,0,0,1,1,895,1,0,17,16,11,0
38,6,1002,2,0,1,0,0,925,1,53,0,0,56,0
6,38,1003,0,1,0,1,1,810,1,0,27,0,36,0
38,6,1003,0,1,1,0,0,810,1,27,0,36,0,0
6,38,1004,1,1,0,1,1,670,1,0,67,0,0,0
38,6,1004,1,1,1,0,0,379,1,71,0,0,0,0
6,38,1005,2,1,0,1,0,551,1,85,0,0,0,0
38,6,1005,2,1,1,0,0,430,1,59,0,0,3,0
6,38,1006,0,2,0,1,1,1090,1,0,47,19,0,0
38,6,1006,0,2,1,0,0,1090,1,47,0,0,19,0
6,38,1007,1,2,0,1,1,1146,1,0,3,20,75,0
38,6,1007,1,2,1,0,0,310,1,67,0,0,16,0
6,38,1008,2,2,0,1,1,595,1,0,39,24,0,0
38,6,1008,2,2,1,0,0,310,1,83,0,0,16,0
6,39,1000,0,0,0,1,1,1615,1,0,30,128,20,0
39,6,1000,0,0,1,0,0,1615,1,30,0,20,128,0
6,39,1001,1,0,0,1,1,1198,1,0,42,83,51,0
39,6,1001,1,0,1,0,0,730,1,71,0,24,0,0
6,39,1002,2,0,0,1,1,567,1,0,73,8,78,0
39,6,1002,2,0,1,0,0,751,1,64,0,24,13,0
6,39,1003,0,1,0,1,1,1234,1,0,67,16,43,0
39,6,1003,0,1,1,0,0,1234,1,67,0,43,16,0
6,39,1004,1,1,0,1,1,712,1,0,102,0,24,0
39,6,1004,1,1,1,0,0,451,1,93,0,105,16,0
6,39,1005,2,1,0,1,1,1015,1,0,95,108,118,0
39,6,1005,2,1,1,0,0,925,1,101,0,63,5,0
6,39,1006,0,2,0,1,1,1300,1,0,50,18,62,0
39,6,1006,0,2,1,0,0,1300,1,50,0,62,18,0
6,39,1007,1,2,0,1,1,946,1,0,41,0,55,0
39,6,1007,1,2,1,0,0,1076,1,49,0,50,0,0
6,39,1008,2,2,0,1,1,992,1,0,61,76,175,0
39,6,1008,2,2,1,0,0,934,1,76,0,142,55,0
7,8,1000,0,0,0,1,0,923,1,28,0,0,0,0
8,7,1000,0,0,1,0,1,923,1,0,28,0,0,0
7,8,1001,1,0,0,1,0,670,1,77,0,0,0,0
8,7,1001,1,0,1,0,0,980,1,10,0,0,0,0
7,8,1002,2,0,0,1,1,740,1,0,8,0,0,0
8,7,1002,2,0,1,0,1,839,1,0,11,0,0,0
7,8,1003,0,1,0,1,0,786,1,25,0,2,13,0
8,7,1003,0,1,1,0,1,786,1,0,25,13,2,0
7,8,1004,1,1,0,1,0,623,1,45,0,6,0,0
8,7,1004,1,1,1,0,1,623,1,0,35,0,6,0
7,8,1005,2,1,0,1,1,496,1,0,79,0,0,0
8,7,1005,2,1,1,0,0,672,1,34,0,0,0,0
7,8,1006,0,2,0,1,0,594,1,74,0,0,18,0
8,7,1006,0,2,1,0,1,594,1,0,74,18,0,0
7,8,1007,1,2,0,1,1,760,1,0,2,0,21,0
8,7,1007,1,2,1,0,0,760,1,32,0,21,0,0
7,8,1008,2,2,0,1,0,653,1,51,0,0,17,0
8,7,1008,2,2,1,0,1,653,1,0,41,17,0,0
7,9,1000,0,0,0,1,0,723,1,9,0,0,21,0
9,7,1000,0,0,1,0,1,723,1,0,9,21,0,0
7,9,1001,1,0,0,1,1,1051,1,0,58,56,43,0
9,7,1001,1,0,1,0,0,1051,1,58,0,43,56,0
7,9,1002,2,0,0,1,0,667,1,59,0,24,31,0
9,7,1002,2,0,1,0,0,726,1,10,0,23,21,0
7,9,1003,0,1,0,1,0,452,1,16,0,2,0,0
9,7,1003,0,1,1,0,1,452,1,0,16,0,2,0
7,9,1004,1,1,0,1,0,684,1,20,0,0,0,0
9,7,1004,1,1,1,0,1,684,1,0,20,0,0,0
7,9,1005,2,1,0,1,0,645,1,61,0,4,5,0
9,7,1005,2,1,1,0,1,582,1,0,57,5,4,0
7,9,1006,0,2,0,1,0,846,1,30,0,14,24,0
9,7,1006,0,2,1,0,1,846,1,0,30,24,14,0
7,9,1007,1,2,0,1,1,828,1,0,6,0,4,0
9,7,1007,1,2,1,0,1,631,1,0,67,4,0,0
7,9,1008,2,2,0,1,1,862,1,0,7,15,18,0
9,7,1008,2,2,1,0,0,862,1,17,0,18,15,0
7,10,1000,0,0,0,1,1,602,1,0,90,0,0,0
10,7,1000,0,0,1,0,0,602,1,90,0,0,0,0
7,10,1001,1,0,0,1,1,590,1,0,102,0,0,0
10,7,1001,1,0,1,0,0,561,1,80,0,0,40,0
7,10,1002,2,0,0,1,1,576,1,0,38,0,0,0
10,7,1002,2,0,1,0,1,658,1,0,56,34,12,0
7,10,1003,0,1,0,1,0,750,1,64,0,4,2,0
10,7,1003,0,1,1,0,1,750,1,0,64,2,4,0
7,10,1004,1,1,0,1,0,576,1,50,0,0,8,0
10,7,1004,1,1,1,0,1,576,1,0,50,8,0,0
7,10,1005,2,1,0,1,0,592,1,22,0,0,0,0
10,7,1005,2,1,1,0,1,686,1,0,14,7,0,0
7,10,1006,0,2,0,1,0,988,1,28,0,25,9,0
10,7,1006,0,2,1,0,1,690,1,0,46,6,0,0
7,10,1007,1,2,0,1,0,772,1,50,0,34,8,0
10,7,1007,1,2,1,0,1,1035,1,0,28,3,13,0
7,10,1008,2,2,0,1,0,916,1,14,0,54,12,0
10,7,1008,2,2,1,0,0,584,1,48,0,51,45,0
7,11,1000,0,0,0,1,0,619,1,61,0,0,0,0
11,7,1000,0,0,1,0,1,619,1,0,61,0,0,0
7,11,1001,1,0,0,1,1,826,1,0,102,0,0,0
11,7,1001,1,0,1,0,0,826,1,102,0,0,0,0
7,11,1002,2,0,0,1,0,632,1,29,0,0,0,0
11,7,1002,2,0,1,0,0,682,1,57,0,0,0,0
7,11,1003,0,1,0,1,1,811,1,0,67,9,0,0
11,7,1003,0,1,1,0,0,811,1,67,0,0,9,0
7,11,1004,1,1,0,1,1,1051,1,0,56,0,0,0
11,7,1004,1,1,1,0,0,1051,1,46,0,0,0,0
7,11,1005,2,1,0,1,1,1041,1,0,40,0,0,0
11,7,1005,2,1,1,0,0,1041,1,40,0,0,0,0
7,11,1006,0,2,0,1,1,979,1,0,80,0,0,0
11,7,1006,0,2,1,0,0,979,1,80,0,0,0,0
7,11,1007,1,2,0,1,1,820,1,0,123,0,0,0
11,7,1007,1,2,1,0,0,820,1,123,0,0,0,0
7,11,1008,2,2,0,1,1,737,1,0,107,0,0,0
11,7,1008,2,2,1,0,0,737,1,107,0,0,0,0
7,12,1000,0,0,0,1,1,355,1,0,95,0,0,0
12,7,1000,0,0,1,0,0,355,1,95,0,0,0,0
7,12,1001,1,0,0,1,1,370,1,0,44,6,8,0
12,7,1001,1,0,1,0,0,370,1,44,0,8,6,0
7,12,1002,2,0,0,1,1,282,1,0,46,0,0,0
12,7,1002,2,0,1,0,0,282,1,46,0,0,0,0
7,12,1003,0,1,0,1,1,358,1,0,33,0,0,0
12,7,1003,0,1,1,0,0,358,1,33,0,0,0,0
7,12,1004,1,1,0,1,1,287,1,0,66,0,0,0
12,7,1004,1,1,1,0,0,287,1,66,0,0,0,0
7,12,1005,2,1,0,1,0,283,1,22,0,0,0,0
12,7,1005,2,1,1,0,1,283,1,0,22,0,0,0
7,12,1006,0,2,0,1,1,339,1,0,95,0,0,0
12,7,1006,0,2,1,0,0,339,1,95,0,0,0,0
7,12,1007,1,2,0,1,1,339,1,0,95,0,0,0
12,7,1007,1,2,1,0,0,339,1,95,0,0,0,0
7,12,1008,2,2,0,1,1,326,1,0,95,0,0,0
12,7,1008,2,2,1,0,0,326,1,95,0,0,0,0
7,13,1000,0,0,0,1,0,227,1,83,0,0,0,0
13,7,1000,0,0,1,0,1,227,1,0,83,0,0,0
7,13,1001,1,0,0,1,0,328,1,14,0,0,0,0
13,7,1001,1,0,1,0,1,409,1,0,72,0,0,0
7,13,1002,2,0,0,1,0,535,1,48,0,0,0,0
13,7,1002,2,0,1,0,1,224,1,0,72,0,0,0
7,13,1003,0,1,0,1,0,644,1,59,0,15,0,0
13,7,1003,0,1,1,0,1,644,1,0,59,0,15,0
7,13,1004,1,1,0,1,0,440,1,48,0,0,10,0
13,7,1004,1,1,1,0,1,505,1,0,48,10,0,0
7,13,1005,2,1,0,1,0,306,1,48,0,0,0,0
13,7,1005,2,1,1,0,1,472,1,0,14,18,11,0
7,13,1006,0,2,0,1,0,584,1,16,0,0,0,0
13,7,1006,0,2,1,0,1,584,1,0,16,0,0,0
7,13,1007,1,2,0,1,0,674,1,38,0,0,0,0
13,7,1007,1,2,1,0,1,513,1,0,31,0,0,0
7,13,1008,2,2,0,1,0,304,1,18,0,0,0,0
13,7,1008,2,2,1,0,1,226,1,0,66,0,0,0
7,14,1000,0,0,0,1,0,558,1,8,0,0,0,0
14,7,1000,0,0,1,0,1,558,1,0,8,0,0,0
7,14,1001,1,0,0,1,1,399,1,0,35,0,0,0
14,7,1001,1,0,1,0,0,399,1,35,0,0,0,0
7,14,1002,2,0,0,1,1,321,1,0,43,0,0,0
14,7,1002,2,0,1,0,0,321,1,43,0,0,0,0
7,14,1003,0,1,0,1,0,477,1,18,0,0,0,0
14,7,1003,0,1,1,0,1,477,1,0,18,0,0,0
7,14,1004,1,1,0,1,0,559,1,8,0,0,0,0
14,7,1004,1,1,1,0,1,559,1,0,8,0,0,0
7,14,1005,2,1,0,1,1,320,1,0,20,1,0,0
14,7,1005,2,1,1,0,0,320,1,20,0,0,1,0
7,14,1006,0,2,0,1,1,329,1,0,48,0,0,0
14,7,1006,0,2,1,0,0,329,1,48,0,0,0,0
7,14,1007,1,2,0,1,1,490,1,0,43,0,0,0
14,7,1007,1,2,1,0,1,268,1,0,25,0,0,0
7,14,1008,2,2,0,1,1,257,1,0,77,0,0,0
14,7,1008,2,2,1,0,0,257,1,67,0,0,0,0
7,15,1000,0,0,0,1,1,435,1,0,77,6,0,0
15,7,1000,0,0,1,0,0,435,1,77,0,0,6,0
7,15,1001,1,0,0,1,1,706,1,0,96,6,0,0
15,7,1001,1,0,1,0,0,706,1,96,0,0,6,0
7,15,1002,2,0,0,1,1,679,1,0,51,0,0,0
15,7,1002,2,0,1,0,0,679,1,51,0,0,0,0
7,15,1003,0,1,0,1,1,544,1,0,88,0,0,0
15,7,1003,0,1,1,0,0,544,1,88,0,0,0,0
7,15,1004,1,1,0,1,1,655,1,0,53,0,0,0
15,7,1004,1,1,1,0,0,655,1,53,0,0,0,0
7,15,1005,2,1,0,1,0,477,1,15,0,0,0,0
15,7,1005,2,1,1,0,0,424,1,37,0,0,0,0
7,15,1006,0,2,0,1,1,880,1,0,10,0,0,0
15,7,1006,0,2,1,0,0,880,1,10,0,0,0,0
7,15,1007,1,2,0,1,1,760,1,0,65,8,8,0
15,7,1007,1,2,1,0,0,760,1,65,0,8,8,0
7,15,1008,2,2,0,1,1,527,1,0,125,6,0,0
15,7,1008,2,2,1,0,0,400,1,130,0,0,6,0
7,16,1000,0,0,0,1,0,437,1,33,0,0,0,0
16,7,1000,0,0,1,0,1,437,1,0,33,0,0,0
7,16,1001,1,0,0,1,0,550,1,2,0,0,0,0
16,7,1001,1,0,1,0,0,634,1,12,0,0,0,0
7,16,1002,2,0,0,1,0,703,1,38,0,0,0,0
16,7,1002,2,0,1,0,1,655,1,0,34,0,14,0
7,16,1003,0,1,0,1,0,416,1,76,0,0,0,0
16,7,1003,0,1,1,0,1,416,1,0,76,0,0,0
7,16,1004,1,1,0,1,0,503,1,42,0,0,0,0
16,7,1004,1,1,1,0,1,504,1,0,33,0,0,0
7,16,1005,2,1,0,1,0,484,1,59,0,0,0,0
16,7,1005,2,1,1,0,1,533,1,0,59,0,0,0
7,16,1006,0,2,0,1,0,471,1,1,0,0,0,0
16,7,1006,0,2,1,0,1,471,1,0,1,0,0,0
7,16,1007,1,2,0,1,1,576,1,0,3,0,0,0
16,7,1007,1,2,1,0,1,549,1,0,10,0,0,0
7,16,1008,2,2,0,1,0,471,1,44,0,0,0,0
16,7,1008,2,2,1,0,0,653,1,36,0,0,0,0
7,17,1000,0,0,0,1,1,177,1,0,53,0,0,0
17,7,1000,0,0,1,0,0,177,1,53,0,0,0,0
7,17,1001,1,0,0,1,1,124,1,0,127,0,0,0
17,7,1001,1,0,1,0,0,124,1,127,0,0,0,0
7,17,1002,2,0,0,1,1,151,1,0,83,0,0,0
17,7,1002,2,0,1,0,0,151,1,83,0,0,0,0
7,17,1003,0,1,0,1,0,193,1,16,0,0,0,0
17,7,1003,0,1,1,0,1,193,1,0,16,0,0,0
7,17,1004,1,1,0,1,1,244,1,0,52,0,0,0
17,7,1004,1,1,1,0,0,244,1,52,0,0,0,0
7,17,1005,2,1,0,1,1,262,1,0,48,0,0,0
17,7,1005,2,1,1,0,0,225,1,12,0,0,0,0
7,17,1006,0,2,0,1,0,276,1,39,0,0,0,0
17,7,1006,0,2,1,0,1,276,1,0,39,0,0,0
7,17,1007,1,2,0,1,1,205,1,0,25,0,0,0
17,7,1007,1,2,1,0,0,205,1,25,0,0,0,0
7,17,1008,2,2,0,1,1,241,1,0,38,0,0,0
17,7,1008,2,2,1,0,0,241,1,38,0,0,0,0
7,18,1000,0,0,0,1,0,327,1,77,0,9,0,0
18,7,1000,0,0,1,0,1,327,1,0,77,0,9,0
7,18,1001,1,0,0,1,0,375,1,87,0,0,0,0
18,7,1001,1,0,1,0,1,632,1,0,100,0,3,0
7,18,1002,2,0,0,1,1,694,1,0,12,14,0,0
18,7,1002,2,0,1,0,1,611,1,0,38,0,14,0
7,18,1003,0,1,0,1,0,673,1,74,0,0,0,0
18,7,1003,0,1,1,0,1,673,1,0,74,0,0,0
7,18,1004,1,1,0,1,0,552,1,61,0,0,13,0
18,7,1004,1,1,1,0,1,608,1,0,74,13,0,0
7,18,1005,2,1,0,1,0,516,1,64,0,0,0,0
18,7,1005,2,1,1,0,1,574,1,0,64,20,0,0
7,18,1006,0,2,0,1,0,518,1,87,0,8,0,0
18,7,1006,0,2,1,0,1,518,1,0,87,0,8,0
7,18,1007,1,2,0,1,0,519,1,74,0,8,0,0
18,7,1007,1,2,1,0,1,647,1,0,64,0,8,0
7,18,1008,2,2,0,1,0,632,1,18,0,7,0,0
18,7,1008,2,2,1,0,1,514,1,0,15,0,7,0
7,19,1000,0,0,0,1,0,400,1,83,0,0,0,0
19,7,1000,0,0,1,0,1,400,1,0,83,0,0,0
7,19,1001,1,0,0,1,0,502,1,60,0,0,0,0
19,7,1001,1,0,1,0,1,732,1,0,61,0,7,0
7,19,1002,2,0,0,1,0,544,1,33,0,0,0,0
19,7,1002,2,0,1,0,1,544,1,0,33,0,0,0
7,19,1003,0,1,0,1,0,748,1,22,0,0,5,0
19,7,1003,0,1,1,0,1,748,1,0,22,5,0,0
7,19,1004,1,1,0,1,0,545,1,33,0,1,0,0
19,7,1004,1,1,1,0,1,545,1,0,33,0,1,0
7,19,1005,2,1,0,1,1,651,1,0,30,0,0,0
19,7,1005,2,1,1,0,0,559,1,20,0,0,0,0
7,19,1006,0,2,0,1,0,512,1,50,0,0,0,0
19,7,1006,0,2,1,0,1,512,1,0,50,0,0,0
7,19,1007,1,2,0,1,0,401,1,83,0,0,0,0
19,7,1007,1,2,1,0,1,401,1,0,83,0,0,0
7,19,1008,2,2,0,1,0,478,1,49,0,0,0,0
19,7,1008,2,2,1,0,0,463,1,33,0,4,0,0
7,20,1000,0,0,0,1,0,529,1,49,0,0,26,0
20,7,1000,0,0,1,0,1,529,1,0,49,26,0,0
7,20,1001,1,0,0,1,1,714,1,0,46,0,52,0
20,7,1001,1,0,1,0,0,594,1,87,0,20,0,0
7,20,1002,2,0,0,1,1,828,1,0,29,0,51,0
20,7,1002,2,0,1,0,1,768,1,0,5,51,0,0
7,20,1003,0,1,0,1,1,714,1,0,52,23,20,0
20,7,1003,0,1,1,0,0,714,1,52,0,20,23,0
7,20,1004,1,1,0,1,0,662,1,9,0,0,10,0
20,7,1004,1,1,1,0,1,593,1,0,10,29,19,0
7,20,1005,2,1,0,1,0,757,1,12,0,0,15,0
20,7,1005,2,1,1,0,1,649,1,0,21,32,0,0
7,20,1006,0,2,0,1,0,864,1,9,0,10,23,0
20,7,1006,0,2,1,0,1,864,1,0,9,23,10,0
7,20,1007,1,2,0,1,0,735,1,4,0,10,42,0
20,7,1007,1,2,1,0,0,891,1,2,0,16,12,0
7,20,1008,2,2,0,1,1,554,1,0,97,16,34,0
20,7,1008,2,2,1,0,0,591,1,25,0,16,12,0
7,21,1000,0,0,0,1,1,621,1,0,17,0,0,0
21,7,1000,0,0,1,0,0,621,1,17,0,0,0,0
7,21,1001,1,0,0,1,1,414,1,0,1,0,0,0
21,7,1001,1,0,1,0,0,414,1,40,0,0,0,0
7,21,1002,2,0,0,1,1,501,1,0,27,0,0,0
21,7,1002,2,0,1,0,1,464,1,0,13,0,0,0
7,21,1003,0,1,0,1,1,453,1,0,49,0,0,0
21,7,1003,0,1,1,0,0,453,1,49,0,0,0,0
7,21,1004,1,1,0,1,0,355,1,49,0,0,0,0
21,7,1004,1,1,1,0,1,559,1,0,18,14,3,0
7,21,1005,2,1,0,1,0,364,1,30,0,3,1,0
21,7,1005,2,1,1,0,0,434,1,19,0,1,3,0
7,21,1006,0,2,0,1,1,666,1,0,19,0,1,0
21,7,1006,0,2,1,0,0,666,1,19,0,1,0,0
7,21,1007,1,2,0,1,1,474,1,0,49,0,0,0
21,7,1007,1,2,1,0,1,367,1,0,46,7,0,0
7,21,1008,2,2,0,1,0,452,1,16,0,0,0,0
21,7,1008,2,2,1,0,1,353,1,0,31,0,0,0
7,22,1000,0,0,0,1,1,1188,1,0,39,0,0,0
22,7,1000,0,0,1,0,0,1188,1,39,0,0,0,0
7,22,1001,1,0,0,1,1,778,1,0,64,0,20,0
22,7,1001,1,0,1,0,0,697,1,85,0,18,0,0
7,22,1002,2,0,0,1,1,387,1,0,151,0,0,0
22,7,1002,2,0,1,0,0,387,1,151,0,0,0,0
7,22,1003,0,1,0,1,1,1042,1,0,8,0,0,0
22,7,1003,0,1,1,0,0,1042,1,8,0,0,0,0
7,22,1004,1,1,0,1,1,669,1,0,14,7,7,0
22,7,1004,1,1,1,0,0,669,1,14,0,7,7,0
7,22,1005,2,1,0,1,1,694,1,0,50,0,0,0
22,7,1005,2,1,1,0,0,694,1,20,0,0,0,0
7,22,1006,0,2,0,1,1,781,1,0,44,0,0,0
22,7,1006,0,2,1,0,0,781,1,44,0,0,0,0
7,22,1007,1,2,0,1,1,877,1,0,95,0,0,0
22,7,1007,1,2,1,0,0,877,1,95,0,0,0,0
7,22,1008,2,2,0,1,0,469,1,63,0,0,0,0
22,7,1008,2,2,1,0,1,514,1,0,63,0,0,0
7,23,1000,0,0,0,1,0,277,1,48,0,0,0,0
23,7,1000,0,0,1,0,1,277,1,0,48,0,0,0
7,23,1001,1,0,0,1,0,277,1,48,0,0,0,0
23,7,1001,1,0,1,0,1,277,1,0,48,0,0,0
7,23,1002,2,0,0,1,0,421,1,48,0,0,0,0
23,7,1002,2,0,1,0,1,427,1,0,15,0,0,0
7,23,1003,0,1,0,1,1,285,1,0,24,0,0,0
23,7,1003,0,1,1,0,0,285,1,24,0,0,0,0
7,23,1004,1,1,0,1,0,417,1,8,0,0,0,0
23,7,1004,1,1,1,0,1,417,1,0,8,0,0,0
7,23,1005,2,1,0,1,0,508,1,25,0,0,0,0
23,7,1005,2,1,1,0,1,508,1,0,25,0,0,0
7,23,1006,0,2,0,1,0,487,1,29,0,0,0,0
23,7,1006,0,2,1,0,1,487,1,0,29,0,0,0
7,23,1007,1,2,0,1,0,441,1,29,0,0,0,0
23,7,1007,1,2,1,0,1,441,1,0,29,0,0,0
7,23,1008,2,2,0,1,1,463,1,0,51,0,0,0
23,7,1008,2,2,1,0,1,316,1,0,67,0,0,0
7,24,1000,0,0,0,1,1,577,1,0,52,0,0,0
24,7,1000,0,0,1,0,0,577,1,52,0,0,0,0
7,24,1001,1,0,0,1,1,739,1,0,63,0,0,0
24,7,1001,1,0,1,0,0,739,1,63,0,0,0,0
7,24,1002,2,0,0,1,1,676,1,0,103,0,0,0
24,7,1002,2,0,1,0,0,676,1,103,0,0,0,0
7,24,1003,0,1,0,1,1,670,1,0,69,6,0,0
24,7,1003,0,1,1,0,0,670,1,69,0,0,6,0
7,24,1004,1,1,0,1,0,428,1,24,0,4,0,0
24,7,1004,1,1,1,0,1,428,1,0,24,0,4,0
7,24,1005,2,1,0,1,1,469,1,0,28,0,0,0
24,7,1005,2,1,1,0,0,469,1,28,0,0,0,0
7,24,1006,0,2,0,1,1,592,1,0,32,0,0,0
24,7,1006,0,2,1,0,0,592,1,32,0,0,0,0
7,24,1007,1,2,0,1,1,613,1,0,19,0,0,0
24,7,1007,1,2,1,0,0,613,1,19,0,0,0,0
7,24,1008,2,2,0,1,0,604,1,26,0,0,0,0
24,7,1008,2,2,1,0,-1,670,1,0,0,0,0,0
7,25,1000,0,0,0,1,1,529,1,0,93,0,9,0
25,7,1000,0,0,1,0,0,529,1,93,0,9,0,0
7,25,1001,1,0,0,1,1,451,1,0,91,0,22,0
25,7,1001,1,0,1,0,0,451,1,91,0,22,0,0
7,25,1002,2,0,0,1,1,568,1,0,63,0,6,0
25,7,1002,2,0,1,0,1,601,1,0,2,36,0,0
7,25,1003,0,1,0,1,1,496,1,0,62,0,9,0
25,7,1003,0,1,1,0,0,496,1,62,0,9,0,0
7,25,1004,1,1,0,1,1,547,1,0,91,5,0,0
25,7,1004,1,1,1,0,0,550,1,104,0,0,3,0
7,25,1005,2,1,0,1,1,346,1,0,49,0,6,0
25,7,1005,2,1,1,0,0,550,1,57,0,0,0,0
7,25,1006,0,2,0,1,1,500,1,0,114,0,0,0
25,7,1006,0,2,1,0,0,500,1,114,0,0,0,0
7,25,1007,1,2,0,1,1,602,1,0,44,0,0,0
25,7,1007,1,2,1,0,0,500,1,114,0,0,0,0
7,25,1008,2,2,0,1,1,571,1,0,68,0,3,0
25,7,1008,2,2,1,0,0,637,1,62,0,0,7,0
7,26,1000,0,0,0,1,1,617,1,0,3,0,0,0
26,7,1000,0,0,1,0,0,617,1,3,0,0,0,0
7,26,1001,1,0,0,1,1,521,1,0,64,0,0,0
26,7,1001,1,0,1,0,0,521,1,64,0,0,0,0
7,26,1002,2,0,0,1,1,349,1,0,15,0,0,0
26,7,1002,2,0,1,0,0,349,1,15,0,0,0,0
7,26,1003,0,1,0,1,1,549,1,0,2,2,0,0
26,7,1003,0,1,1,0,0,549,1,2,0,0,2,0
7,26,1004,1,1,0,1,1,590,1,0,42,5,0,0
26,7,1004,1,1,1,0,0,590,1,42,0,0,5,0
7,26,1005,2,1,0,1,0,345,1,43,0,13,0,0
26,7,1005,2,1,1,0,0,389,1,16,0,0,0,0
7,26,1006,0,2,0,1,1,315,1,0,86,0,0,0
26,7,1006,0,2,1,0,0,315,1,86,0,0,0,0
7,26,1007,1,2,0,1,1,387,1,0,57,0,0,0
26,7,1007,1,2,1,0,0,438,1,57,0,0,0,0
7,26,1008,2,2,0,1,1,291,1,0,108,2,0,0
26,7,1008,2,2,1,0,0,315,1,108,0,0,2,0
7,27,1000,0,0,0,1,0,450,1,10,0,0,0,0
27,7,1000,0,0,1,0,1,450,1,0,10,0,0,0
7,27,1001,1,0,0,1,0,448,1,10,0,0,0,0
27,7,1001,1,0,1,0,0,606,1,24,0,0,0,0
7,27,1002,2,0,0,1,1,484,1,0,1,0,0,0
27,7,1002,2,0,1,0,0,427,1,97,0,0,0,0
7,27,1003,0,1,0,1,1,376,1,0,13,0,0,0
27,7,1003,0,1,1,0,0,376,1,13,0,0,0,0
7,27,1004,1,1,0,1,0,508,1,25,0,0,0,0
27,7,1004,1,1,1,0,0,604,1,11,0,0,5,0
7,27,1005,2,1,0,1,0,441,1,55,0,0,0,0
27,7,1005,2,1,1,0,0,482,1,54,0,0,0,0
7,27,1006,0,2,0,1,1,471,1,0,61,0,0,0
27,7,1006,0,2,1,0,0,471,1,61,0,0,0,0
7,27,1007,1,2,0,1,1,298,1,0,105,0,0,0
27,7,1007,1,2,1,0,0,348,1,105,0,0,0,0
7,27,1008,2,2,0,1,1,394,1,0,41,0,0,0
27,7,1008,2,2,1,0,0,352,1,97,0,0,0,0
7,28,1000,0,0,0,1,0,281,1,48,0,0,0,0
28,7,1000,0,0,1,0,1,281,1,0,48,0,0,0
7,28,1001,1,0,0,1,0,451,1,29,0,0,0,0
28,7,1001,1,0,1,0,1,283,1,0,79,0,0,0
7,28,1002,2,0,0,1,0,337,1,47,0,0,3,0
28,7,1002,2,0,1,0,1,216,1,0,81,0,0,0
7,28,1003,0,1,0,1,0,347,1,88,0,0,0,0
28,7,1003,0,1,1,0,1,347,1,0,88,0,0,0
7,28,1004,1,1,0,1,1,586,1,0,40,0,21,0
28,7,1004,1,1,1,0,0,471,1,18,0,0,0,0
7,28,1005,2,1,0,1,0,423,1,62,0,0,0,0
28,7,1005,2,1,1,0,1,343,1,0,62,0,0,0
7,28,1006,0,2,0,1,0,463,1,60,0,0,0,0
28,7,1006,0,2,1,0,1,463,1,0,60,0,0,0
7,28,1007,1,2,0,1,0,419,1,67,0,0,0,0
28,7,1007,1,2,1,0,1,443,1,0,86,0,0,0
7,28,1008,2,2,0,1,0,421,1,19,0,0,0,0
28,7,1008,2,2,1,0,1,421,1,0,2,0,0,0
7,29,1000,0,0,0,1,1,469,1,0,114,0,0,0
29,7,1000,0,0,1,0,0,469,1,114,0,0,0,0
7,29,1001,1,0,0,1,1,587,1,0,61,0,0,0
29,7,1001,1,0,1,0,0,520,1,51,0,0,0,0
7,29,1002,2,0,0,1,0,393,1,100,0,0,0,0
29,7,1002,2,0,1,0,0,453,1,52,0,0,0,0
7,29,1003,0,1,0,1,1,682,1,0,37,0,0,0
29,7,1003,0,1,1,0,0,682,1,37,0,0,0,0
7,29,1004,1,1,0,1,1,636,1,0,39,0,0,0
29,7,1004,1,1,1,0,0,636,1,39,0,0,0,0
7,29,1005,2,1,0,1,1,601,1,0,78,0,0,0
29,7,1005,2,1,1,0,0,739,1,63,0,0,0,0
7,29,1006,0,2,0,1,1,792,1,0,59,0,0,0
29,7,1006,0,2,1,0,0,792,1,59,0,0,0,0
7,29,1007,1,2,0,1,1,740,1,0,37,0,0,0
29,7,1007,1,2,1,0,0,772,1,38,0,0,0,0
7,29,1008,2,2,0,1,1,547,1,0,51,0,0,0
29,7,1008,2,2,1,0,0,547,1,60,0,0,0,0
7,30,1000,0,0,0,1,0,537,1,19,0,0,3,0
30,7,1000,0,0,1,0,1,537,1,0,19,3,0,0
7,30,1001,1,0,0,1,0,442,1,2,0,0,3,0
30,7,1001,1,0,1,0,1,523,1,0,24,3,0,0
7,30,1002,2,0,0,1,0,565,1,51,0,0,2,0
30,7,1002,2,0,1,0,1,440,1,0,36,2,0,0
7,30,1003,0,1,0,1,0,455,1,67,0,0,17,0
30,7,1003,0,1,1,0,1,455,1,0,67,17,0,0
7,30,1004,1,1,0,1,0,472,1,51,0,0,0,0
30,7,1004,1,1,1,0,1,415,1,0,51,0,0,0
7,30,1005,2,1,0,1,1,297,1,0,41,0,0,0
30,7,1005,2,1,1,0,1,455,1,0,4,0,0,0
7,30,1006,0,2,0,1,0,471,1,47,0,0,0,0
30,7,1006,0,2,1,0,1,471,1,0,47,0,0,0
7,30,1007,1,2,0,1,0,343,1,20,0,0,0,0
30,7,1007,1,2,1,0,1,471,1,0,36,0,0,0
7,30,1008,2,2,0,1,1,493,1,0,29,0,0,0
30,7,1008,2,2,1,0,1,768,1,0,18,0,0,0
7,31,1000,0,0,0,1,0,469,1,14,0,0,0,0
31,7,1000,0,0,1,0,1,469,1,0,14,0,0,0
7,31,1001,1,0,0,1,1,682,1,0,21,0,0,0
31,7,1001,1,0,1,0,0,606,1,21,0,0,0,0
7,31,1002,2,0,0,1,1,637,1,0,29,0,0,0
31,7,1002,2,0,1,0,1,524,1,0,20,0,0,0
7,31,1003,0,1,0,1,1,568,1,0,77,0,0,0
31,7,1003,0,1,1,0,0,568,1,77,0,0,0,0
7,31,1004,1,1,0,1,0,575,1,17,0,1,17,0
31,7,1004,1,1,1,0,1,575,1,0,47,17,1,0
7,31,1005,2,1,0,1,1,567,1,0,45,10,0,0
31,7,1005,2,1,1,0,1,490,1,0,42,0,10,0
7,31,1006,0,2,0,1,1,644,1,0,7,0,0,0
31,7,1006,0,2,1,0,0,644,1,7,0,0,0,0
7,31,1007,1,2,0,1,0,703,1,32,0,0,0,0
31,7,1007,1,2,1,0,1,703,1,0,17,0,0,0
7,31,1008,2,2,0,1,1,628,1,0,48,0,0,0
31,7,1008,2,2,1,0,0,502,1,59,0,0,0,0
7,32,1000,0,0,0,1,0,591,1,58,0,0,4,0
32,7,1000,0,0,1,0,1,591,1,0,58,4,0,0
7,32,1001,1,0,0,1,1,700,1,0,4,0,0,0
32,7,1001,1,0,1,0,0,592,1,4,0,0,0,0
7,32,1002,2,0,0,1,0,566,1,47,0,0,0,0
32,7,1002,2,0,1,0,1,436,1,0,47,0,0,0
7,32,1003,0,1,0,1,0,667,1,7,0,0,0,0
32,7,1003,0,1,1,0,1,667,1,0,7,0,0,0
7,32,1004,1,1,0,1,0,505,1,64,0,0,0,0
32,7,1004,1,1,1,0,1,505,1,0,64,0,0,0
7,32,1005,2,1,0,1,0,412,1,98,0,0,50,0
32,7,1005,2,1,1,0,1,412,1,0,98,50,0,0
7,32,1006,0,2,0,1,0,363,1,22,0,0,0,0
32,7,1006,0,2,1,0,1,363,1,0,22,0,0,0
7,32,1007,1,2,0,1,0,369,1,22,0,0,0,0
32,7,1007,1,2,1,0,1,369,1,0,37,0,0,0
7,32,1008,2,2,0,1,0,525,1,54,0,0,0,0
32,7,1008,2,2,1,0,1,525,1,0,54,0,0,0
7,33,1000,0,0,0,1,0,742,1,21,0,1,7,0
33,7,1000,0,0,1,0,1,742,1,0,21,7,1,0
7,33,1001,1,0,0,1,1,545,1,0,57,0,9,0
33,7,1001,1,0,1,0,0,545,1,57,0,9,0,0
7,33,1002,2,0,0,1,1,478,1,0,33,0,5,0
33,7,1002,2,0,1,0,0,537,1,75,0,5,0,0
7,33,1003,0,1,0,1,0,541,1,42,0,5,2,0
33,7,1003,0,1,1,0,1,541,1,0,42,2,5,0
7,33,1004,1,1,0,1,0,799,1,88,0,0,8,0
33,7,1004,1,1,1,0,1,799,1,0,71,8,0,0
7,33,1005,2,1,0,1,1,608,1,0,54,0,0,0
33,7,1005,2,1,1,0,0,395,1,56,0,6,0,0
7,33,1006,0,2,0,1,1,758,1,0,13,0,0,0
33,7,1006,0,2,1,0,0,758,1,13,0,0,0,0
7,33,1007,1,2,0,1,0,812,1,39,0,0,0,0
33,7,1007,1,2,1,0,0,1003,1,14,0,0,17,0
7,33,1008,2,2,0,1,1,609,1,0,3,0,0,0
33,7,1008,2,2,1,0,1,607,1,0,4,0,3,0
7,34,1000,0,0,0,1,1,279,1,0,67,0,0,0
34,7,1000,0,0,1,0,0,279,1,67,0,0,0,0
7,34,1001,1,0,0,1,1,441,1,0,65,0,0,0
34,7,1001,1,0,1,0,0,470,1,35,0,0,0,0
7,34,1002,2,0,0,1,1,414,1,0,35,0,0,0
34,7,1002,2,0,1,0,0,430,1,57,0,0,0,0
7,34,1003,0,1,0,1,1,510,1,0,37,0,0,0
34,7,1003,0,1,1,0,0,510,1,37,0,0,0,0
7,34,1004,1,1,0,1,1,521,1,0,48,5,0,0
34,7,1004,1,1,1,0,0,243,1,97,0,0,0,0
7,34,1005,2,1,0,1,1,373,1,0,35,3,0,0
34,7,1005,2,1,1,0,0,450,1,35,0,0,0,0
7,34,1006,0,2,0,1,1,504,1,0,51,0,0,0
34,7,1006,0,2,1,0,0,504,1,51,0,0,0,0
7,34,1007,1,2,0,1,0,579,1,19,0,12,0,0
34,7,1007,1,2,1,0,0,551,1,55,0,0,0,0
7,34,1008,2,2,0,1,0,515,1,29,0,0,0,0
34,7,1008,2,2,1,0,0,327,1,89,0,0,0,0
7,35,1000,0,0,0,1,0,372,1,70,0,0,0,0
35,7,1000,0,0,1,0,1,372,1,0,70,0,0,0
7,35,1001,1,0,0,1,0,738,1,56,0,0,0,0
35,7,1001,1,0,1,0,1,518,1,0,57,0,0,0
7,35,1002,2,0,0,1,0,607,1,24,0,0,1,0
35,7,1002,2,0,1,0,1,607,1,0,24,1,0,0
7,35,1003,0,1,0,1,0,458,1,72,0,0,0,0
35,7,1003,0,1,1,0,1,458,1,0,72,0,0,0
7,35,1004,1,1,0,1,1,432,1,0,57,5,0,0
35,7,1004,1,1,1,0,0,432,1,57,0,0,5,0
7,35,1005,2,1,0,1,0,447,1,71,0,0,0,0
35,7,1005,2,1,1,0,1,447,1,0,57,0,0,0
7,35,1006,0,2,0,1,0,580,1,11,0,5,0,0
35,7,1006,0,2,1,0,1,580,1,0,11,0,5,0
7,35,1007,1,2,0,1,1,580,1,0,24,0,0,0
35,7,1007,1,2,1,0,0,580,1,4,0,0,0,0
7,35,1008,2,2,0,1,1,577,1,0,43,0,0,0
35,7,1008,2,2,1,0,0,576,1,43,0,0,0,0
7,36,1000,0,0,0,1,0,366,1,33,0,0,0,0
36,7,1000,0,0,1,0,1,366,1,0,33,0,0,0
7,36,1001,1,0,0,1,0,336,1,30,0,0,0,0
36,7,1001,1,0,1,0,1,326,1,0,46,0,0,0
7,36,1002,2,0,0,1,0,375,1,20,0,0,0,0
36,7,1002,2,0,1,0,1,375,1,0,20,0,0,0
7,36,1003,0,1,0,1,0,404,1,22,0,0,0,0
36,7,1003,0,1,1,0,1,404,1,0,22,0,0,0
7,36,1004,1,1,0,1,1,386,1,0,5,0,0,0
36,7,1004,1,1,1,0,0,391,1,38,0,0,0,0
7,36,1005,2,1,0,1,0,380,1,39,0,0,0,0
36,7,1005,2,1,1,0,0,378,1,51,0,0,0,0
7,36,1006,0,2,0,1,0,332,1,20,0,0,0,0
36,7,1006,0,2,1,0,1,332,1,0,20,0,0,0
7,36,1007,1,2,0,1,0,332,1,27,0,0,0,0
36,7,1007,1,2,1,0,1,332,1,0,20,0,0,0
7,36,1008,2,2,0,1,0,340,1,17,0,0,0,0
36,7,1008,2,2,1,0,1,338,1,0,17,0,0,0
7,37,1000,0,0,0,1,0,411,1,54,0,0,11,0
37,7,1000,0,0,1,0,1,411,1,0,54,11,0,0
7,37,1001,1,0,0,1,0,598,1,27,0,0,0,0
37,7,1001,1,0,1,0,1,506,1,0,41,2,0,0
7,37,1002,2,0,0,1,0,525,1,21,0,0,2,0
37,7,1002,2,0,1,0,1,490,1,0,37,2,0,0
7,37,1003,0,1,0,1,0,514,1,41,0,0,16,0
37,7,1003,0,1,1,0,1,514,1,0,41,16,0,0
7,37,1004,1,1,0,1,0,538,1,55,0,0,0,0
37,7,1004,1,1,1,0,0,519,1,39,0,0,0,0
7,37,1005,2,1,0,1,0,358,1,42,0,6,0,0
37,7,1005,2,1,1,0,1,324,1,0,56,0,6,0
7,37,1006,0,2,0,1,0,506,1,41,0,0,17,0
37,7,1006,0,2,1,0,1,506,1,0,41,17,0,0
7,37,1007,1,2,0,1,0,486,1,54,0,0,23,0
37,7,1007,1,2,1,0,1,486,1,0,54,23,0,0
7,37,1008,2,2,0,1,0,567,1,37,0,0,22,0
37,7,1008,2,2,1,0,1,592,1,0,37,22,0,0
7,38,1000,0,0,0,1,0,280,1,100,0,0,0,0
38,7,1000,0,0,1,0,1,280,1,0,100,0,0,0
7,38,1001,1,0,0,1,0,447,1,71,0,0,0,0
38,7,1001,1,0,1,0,1,486,1,0,44,0,0,0
7,38,1002,2,0,0,1,0,387,1,71,0,0,0,0
38,7,1002,2,0,1,0,1,700,1,0,16,0,0,0
7,38,1003,0,1,0,1,0,464,1,62,0,0,0,0
38,7,1003,0,1,1,0,1,464,1,0,62,0,0,0
7,38,1004,1,1,0,1,0,607,1,71,0,0,5,0
38,7,1004,1,1,1,0,1,256,1,0,65,0,0,0
7,38,1005,2,1,0,1,0,601,1,10,0,4,0,0
38,7,1005,2,1,1,0,1,569,1,0,40,0,0,0
7,38,1006,0,2,0,1,0,312,1,62,0,0,0,0
38,7,1006,0,2,1,0,1,312,1,0,62,0,0,0
7,38,1007,1,2,0,1,0,280,1,62,0,0,0,0
38,7,1007,1,2,1,0,1,541,1,0,36,0,0,0
7,38,1008,2,2,0,1,1,896,1,0,15,0,0,0
38,7,1008,2,2,1,0,0,409,1,76,0,0,0,0
7,39,1000,0,0,0,1,1,439,1,0,81,0,0,0
39,7,1000,0,0,1,0,0,439,1,81,0,0,0,0
7,39,1001,1,0,0,1,1,608,1,0,75,28,0,0
39,7,1001,1,0,1,0,0,608,1,75,0,0,28,0
7,39,1002,2,0,0,1,0,442,1,35,0,0,6,0
39,7,1002,2,0,1,0,1,442,1,0,35,6,0,0
7,39,1003,0,1,0,1,0,954,1,12,0,0,10,0
39,7,1003,0,1,1,0,1,954,1,0,12,10,0,0
7,39,1004,1,1,0,1,1,783,1,0,92,0,4,0
39,7,1004,1,1,1,0,0,783,1,92,0,4,0,0
7,39,1005,2,1,0,1,1,523,1,0,36,9,12,0
39,7,1005,2,1,1,0,0,523,1,26,0,12,9,0
7,39,1006,0,2,0,1,0,592,1,9,0,0,0,0
39,7,1006,0,2,1,0,1,592,1,0,9,0,0,0
7,39,1007,1,2,0,1,1,926,1,0,11,4,0,0
39,7,1007,1,2,1,0,0,926,1,11,0,0,4,0
7,39,1008,2,2,0,1,1,847,1,0,14,0,0,0
39,7,1008,2,2,1,0,0,847,1,14,0,0,0,0
8,9,1000,0,0,0,1,0,1044,1,11,0,0,6,0
9,8,1000,0,0,1,0,1,1044,1,0,11,6,0,0
8,9,1001,1,0,0,1,0,1311,1,70,0,34,0,0
9,8,1001,1,0,1,0,1,1525,1,0,54,0,34,0
8,9,1002,2,0,0,1,1,1632,1,0,50,23,2,0
9,8,1002,2,0,1,0,0,1632,1,61,0,2,23,0
8,9,1003,0,1,0,1,0,1197,1,25,0,96,42,0
9,8,1003,0,1,1,0,1,1197,1,0,25,42,96,0
8,9,1004,1,1,0,1,0,1216,1,53,0,36,17,0
9,8,1004,1,1,1,0,1,1215,1,0,53,17,36,0
8,9,1005,2,1,0,1,1,1363,1,0,48,20,44,0
9,8,1005,2,1,1,0,0,685,1,17,0,0,20,0
8,9,1006,0,2,0,1,0,868,1,68,0,5,0,0
9,8,1006,0,2,1,0,1,868,1,0,68,0,5,0
8,9,1007,1,2,0,1,0,1420,1,45,0,0,0,0
9,8,1007,1,2,1,0,1,1394,1,0,45,0,0,0
8,9,1008,2,2,0,1,1,1726,1,0,17,1,0,0
9,8,1008,2,2,1,0,1,1558,1,0,59,0,0,0
8,10,1000,0,0,0,1,1,1751,1,0,29,52,52,0
10,8,1000,0,0,1,0,0,1751,1,29,0,52,52,0
8,10,1001,1,0,0,1,0,1313,1,26,0,100,118,0
10,8,1001,1,0,1,0,0,1584,1,33,0,62,43,0
8,10,1002,2,0,0,1,0,1401,1,2,0,90,36,0
10,8,1002,2,0,1,0,1,1480,1,0,12,70,90,0
8,10,1003,0,1,0,1,0,1698,1,4,0,176,106,0
10,8,1003,0,1,1,0,1,1698,1,0,4,106,176,0
8,10,1004,1,1,0,1,0,2107,1,20,0,50,52,0
10,8,1004,1,1,1,0,1,1853,1,0,74,127,0,0
8,10,1005,2,1,0,1,0,1707,1,52,0,17,15,0
10,8,1005,2,1,1,0,0,1753,1,51,0,19,0,0
8,10,1006,0,2,0,1,1,1827,1,0,20,87,22,0
10,8,1006,0,2,1,0,0,1827,1,20,0,22,87,0
8,10,1007,1,2,0,1,0,1872,1,76,0,245,221,0
10,8,1007,1,2,1,0,1,1915,1,0,40,58,31,0
8,10,1008,2,2,0,1,0,1798,1,18,0,38,143,0
10,8,1008,2,2,1,0,1,1633,1,0,104,15,43,0
8,11,1000,0,0,0,1,1,890,1,0,30,25,41,0
11,8,1000,0,0,1,0,0,890,1,30,0,41,25,0
8,11,1001,1,0,0,1,1,1163,1,0,77,19,0,0
11,8,1001,1,0,1,0,0,952,1,102,0,0,19,0
8,11,1002,2,0,0,1,1,1534,1,0,62,19,8,0
11,8,1002,2,0,1,0,0,1555,1,100,0,8,19,0
8,11,1003,0,1,0,1,1,979,1,0,30,0,0,0
11,8,1003,0,1,1,0,0,979,1,30,0,0,0,0
8,11,1004,1,1,0,1,1,1333,1,0,61,14,0,0
11,8,1004,1,1,1,0,0,1333,1,61,0,0,14,0
8,11,1005,2,1,0,1,0,1549,1,12,0,0,14,0
11,8,1005,2,1,1,0,0,1520,1,63,0,15,0,0
8,11,1006,0,2,0,1,1,919,1,0,89,4,0,0
11,8,1006,0,2,1,0,0,919,1,89,0,0,4,0
8,11,1007,1,2,0,1,1,844,1,0,54,7,0,0
11,8,1007,1,2,1,0,0,844,1,54,0,0,7,0
8,11,1008,2,2,0,1,0,1666,1,33,0,28,0,0
11,8,1008,2,2,1,0,1,1639,1,0,33,0,28,0
8,12,1000,0,0,0,1,1,471,1,0,94,0,5,0
12,8,1000,0,0,1,0,0,471,1,94,0,5,0,0
8,12,1001,1,0,0,1,1,588,1,0,52,4,5,0
12,8,1001,1,0,1,0,0,1242,1,53,0,10,0,0
8,12,1002,2,0,0,1,1,744,1,0,51,0,6,0
12,8,1002,2,0,1,0,0,668,1,84,0,6,0,0
8,12,1003,0,1,0,1,1,753,1,0,58,0,5,0
12,8,1003,0,1,1,0,0,753,1,58,0,5,0,0
8,12,1004,1,1,0,1,1,772,1,0,71,0,5,0
12,8,1004,1,1,1,0,0,1153,1,71,0,10,0,0
8,12,1005,2,1,0,1,1,764,1,0,22,16,5,0
12,8,1005,2,1,1,0,1,951,1,0,44,5,5,0
8,12,1006,0,2,0,1,1,1065,1,0,39,11,7,0
12,8,1006,0,2,1,0,0,1065,1,39,0,7,11,0
8,12,1007,1,2,0,1,1,718,1,0,78,0,5,0
12,8,1007,1,2,1,0,0,704,1,78,0,5,0,0
8,12,1008,2,2,0,1,1,720,1,0,78,0,29,0
12,8,1008,2,2,1,0,0,935,1,43,0,5,0,0
8,13,1000,0,0,0,1,1,851,1,0,4,25,4,0
13,8,1000,0,0,1,0,0,851,1,4,0,4,25,0
8,13,1001,1,0,0,1,1,993,1,0,38,32,39,0
13,8,1001,1,0,1,0,0,829,1,34,0,0,8,0
8,13,1002,2,0,0,1,1,972,1,0,3,16,8,0
13,8,1002,2,0,1,0,0,779,1,60,0,39,63,0
8,13,1003,0,1,0,1,1,636,1,0,22,6,11,0
13,8,1003,0,1,1,0,0,636,1,22,0,11,6,0
8,13,1004,1,1,0,1,1,701,1,0,25,60,42,0
13,8,1004,1,1,1,0,1,822,1,0,28,19,40,0
8,13,1005,2,1,0,1,1,987,1,0,12,16,0,0
13,8,1005,2,1,1,0,0,1043,1,67,0,0,8,0
8,13,1006,0,2,0,1,1,538,1,0,33,17,0,0
13,8,1006,0,2,1,0,0,538,1,33,0,0,17,0
8,13,1007,1,2,0,1,1,768,1,0,26,16,0,0
13,8,1007,1,2,1,0,1,772,1,0,2,8,11,0
8,13,1008,2,2,0,1,1,862,1,0,5,20,0,0
13,8,1008,2,2,1,0,0,1082,1,8,0,1,35,0
8,14,1000,0,0,0,1,1,646,1,0,16,0,0,0
14,8,1000,0,0,1,0,0,646,1,16,0,0,0,0
8,14,1001,1,0,0,1,1,1528,1,0,8,0,0,0
14,8,1001,1,0,1,0,0,1528,1,21,0,0,0,0
8,14,1002,2,0,0,1,0,682,1,14,0,0,0,0
14,8,1002,2,0,1,0,0,1018,1,26,0,0,0,0
8,14,1003,0,1,0,1,1,1136,1,0,8,0,0,0
14,8,1003,0,1,1,0,0,1136,1,8,0,0,0,0
8,14,1004,1,1,0,1,1,869,1,0,60,0,0,0
14,8,1004,1,1,1,0,0,869,1,60,0,0,0,0
8,14,1005,2,1,0,1,0,1453,1,11,0,0,0,0
14,8,1005,2,1,1,0,1,1390,1,0,26,0,0,0
8,14,1006,0,2,0,1,-1,1059,1,0,0,9,5,0
14,8,1006,0,2,1,0,-1,1059,1,0,0,5,9,0
8,14,1007,1,2,0,1,0,1156,1,11,0,0,0,0
14,8,1007,1,2,1,0,1,1156,1,0,11,0,0,0
8,14,1008,2,2,0,1,1,947,1,0,12,0,0,0
14,8,1008,2,2,1,0,0,947,1,22,0,0,0,0
8,15,1000,0,0,0,1,1,901,1,0,18,4,0,0
15,8,1000,0,0,1,0,0,901,1,18,0,0,4,0
8,15,1001,1,0,0,1,1,2351,1,0,33,328,2,0
15,8,1001,1,0,1,0,1,814,1,0,30,11,6,0
8,15,1002,2,0,0,1,0,604,1,36,0,5,2,0
15,8,1002,2,0,1,0,1,604,1,0,36,2,5,0
8,15,1003,0,1,0,1,1,2533,1,0,113,427,187,0
15,8,1003,0,1,1,0,0,2533,1,113,0,187,427,0
8,15,1004,1,1,0,1,1,2101,1,0,124,351,34,0
15,8,1004,1,1,1,0,1,2700,3,130,30,72,295,0
8,15,1005,2,1,0,1,0,751,1,4,0,2,6,0
15,8,1005,2,1,1,0,0,1819,1,76,0,103,3,0
8,15,1006,0,2,0,1,1,1792,1,0,126,32,66,0
15,8,1006,0,2,1,0,0,1792,1,126,0,66,32,0
8,15,1007,1,2,0,1,0,1207,1,21,0,24,28,0
15,8,1007,1,2,1,0,0,1183,1,29,0,28,24,0
8,15,1008,2,2,0,1,1,1417,1,0,40,33,35,0
15,8,1008,2,2,1,0,0,1524,1,13,0,35,10,0
8,16,1000,0,0,0,1,0,1576,1,70,0,74,44,0
16,8,1000,0,0,1,0,1,1576,1,0,70,44,74,0
8,16,1001,1,0,0,1,0,1822,1,14,0,71,60,0
16,8,1001,1,0,1,0,1,1465,1,0,55,27,20,0
8,16,1002,2,0,0,1,0,1190,1,68,0,32,17,0
16,8,1002,2,0,1,0,1,1250,1,0,59,17,32,0
8,16,1003,0,1,0,1,0,1744,1,33,0,21,0,0
16,8,1003,0,1,1,0,1,1744,1,0,33,0,21,0
8,16,1004,1,1,0,1,0,1359,1,53,0,58,48,0
16,8,1004,1,1,1,0,1,1525,1,0,95,92,114,0
8,16,1005,2,1,0,1,0,1043,1,113,0,20,7,0
16,8,1005,2,1,1,0,1,1011,1,0,110,40,18,0
8,16,1006,0,2,0,1,0,1207,1,81,0,13,15,0
16,8,1006,0,2,1,0,1,1207,1,0,81,15,13,0
8,16,1007,1,2,0,1,0,1448,1,61,0,150,116,0
16,8,1007,1,2,1,0,1,1622,1,0,62,134,196,0
8,16,1008,2,2,0,1,0,1357,1,79,0,28,20,0
16,8,1008,2,2,1,0,1,1501,1,0,88,72,116,0
8,17,1000,0,0,0,1,1,266,1,0,54,0,0,0
17,8,1000,0,0,1,0,0,266,1,54,0,0,0,0
8,17,1001,1,0,0,1,1,579,1,0,57,0,0,0
17,8,1001,1,0,1,0,0,579,1,57,0,0,0,0
8,17,1002,2,0,0,1,1,646,1,0,54,0,0,0
17,8,1002,2,0,1,0,0,646,1,54,0,0,0,0
8,17,1003,0,1,0,1,1,643,1,0,9,0,0,0
17,8,1003,0,1,1,0,0,643,1,9,0,0,0,0
8,17,1004,1,1,0,1,1,348,1,0,7,0,0,0
17,8,1004,1,1,1,0,0,348,1,7,0,0,0,0
8,17,1005,2,1,0,1,1,318,1,0,60,0,0,0
17,8,1005,2,1,1,0,0,318,1,70,0,0,0,0
8,17,1006,0,2,0,1,1,455,1,0,52,0,0,0
17,8,1006,0,2,1,0,0,455,1,52,0,0,0,0
8,17,1007,1,2,0,1,1,436,1,0,76,0,0,0
17,8,1007,1,2,1,0,0,436,1,66,0,0,0,0
8,17,1008,2,2,0,1,1,527,1,0,70,0,0,0
17,8,1008,2,2,1,0,0,469,1,52,0,0,0,0
8,18,1000,0,0,0,1,0,1683,1,20,0,37,0,0
18,8,1000,0,0,1,0,1,1683,1,0,20,0,37,0
8,18,1001,1,0,0,1,1,1786,1,0,23,200,29,0
18,8,1001,1,0,1,0,1,1297,1,0,34,29,13,0
8,18,1002,2,0,0,1,1,1075,1,0,5,23,47,0
18,8,1002,2,0,1,0,0,1015,1,35,0,47,23,0
8,18,1003,0,1,0,1,0,1151,1,39,0,40,92,0
18,8,1003,0,1,1,0,1,1151,1,0,39,92,40,0
8,18,1004,1,1,0,1,0,1389,1,70,0,64,120,0
18,8,1004,1,1,1,0,1,1179,1,0,70,120,64,0
8,18,1005,2,1,0,1,0,1528,1,19,0,50,46,0
18,8,1005,2,1,1,0,1,1380,1,0,15,46,50,0
8,18,1006,0,2,0,1,0,1298,1,79,0,57,103,0
18,8,1006,0,2,1,0,1,1298,1,0,79,103,57,0
8,18,1007,1,2,0,1,0,1274,1,66,0,66,43,0
18,8,1007,1,2,1,0,1,1597,1,0,79,43,88,0
8,18,1008,2,2,0,1,0,1817,1,57,0,143,85,0
18,8,1008,2,2,1,0,1,1972,1,0,13,75,236,0
8,19,1000,0,0,0,1,1,1591,1,0,15,50,21,0
19,8,1000,0,0,1,0,0,1591,1,15,0,21,50,0
8,19,1001,1,0,0,1,1,1501,1,0,54,132,101,0
19,8,1001,1,0,1,0,0,1285,1,30,0,178,146,0
8,19,1002,2,0,0,1,0,1071,1,13,0,0,34,0
19,8,1002,2,0,1,0,0,1423,1,48,0,76,37,0
8,19,1003,0,1,0,1,1,1744,1,0,22,120,170,0
19,8,1003,0,1,1,0,0,1744,1,22,0,170,120,0
8,19,1004,1,1,0,1,1,1842,1,0,44,103,38,0
19,8,1004,1,1,1,0,0,1750,1,70,0,38,93,0
8,19,1005,2,1,0,1,1,901,1,0,72,0,56,0
19,8,1005,2,1,1,0,1,1164,1,0,10,161,167,0
8,19,1006,0,2,0,1,1,1609,1,0,56,177,216,0
19,8,1006,0,2,1,0,0,1609,1,56,0,216,177,0
8,19,1007,1,2,0,1,1,1759,1,0,15,75,109,0
19,8,1007,1,2,1,0,0,1645,1,17,0,235,209,0
8,19,1008,2,2,0,1,0,1695,1,43,0,60,94,0
19,8,1008,2,2,1,0,0,1447,1,80,0,53,37,0
8,20,1000,0,0,0,1,1,2384,1,0,64,253,220,0
20,8,1000,0,0,1,0,0,2384,1,64,0,220,253,0
8,20,1001,1,0,0,1,0,2349,1,43,0,94,218,0
20,8,1001,1,0,1,0,1,1951,1,0,46,223,85,0
8,20,1002,2,0,0,1,1,1946,1,0,6,164,137,0
20,8,1002,2,0,1,0,0,1748,1,37,0,341,179,0
8,20,1003,0,1,0,1,1,1717,1,0,59,33,181,0
20,8,1003,0,1,1,0,0,1717,1,59,0,181,33,0
8,20,1004,1,1,0,1,1,2369,1,0,13,293,94,0
20,8,1004,1,1,1,0,0,1929,1,14,0,236,168,0
8,20,1005,2,1,0,1,1,1870,1,0,26,84,164,0
20,8,1005,2,1,1,0,0,1693,1,74,0,124,46,0
8,20,1006,0,2,0,1,1,2307,1,0,10,127,257,0
20,8,1006,0,2,1,0,0,2307,1,10,0,257,127,0
8,20,1007,1,2,0,1,1,1743,1,0,69,190,52,0
20,8,1007,1,2,1,0,0,2281,1,7,0,176,181,0
8,20,1008,2,2,0,1,1,2081,1,0,11,240,154,0
20,8,1008,2,2,1,0,0,1445,1,51,0,163,151,0
8,21,1000,0,0,0,1,0,916,1,76,0,8,19,0
21,8,1000,0,0,1,0,1,916,1,0,76,19,8,0
8,21,1001,1,0,0,1,0,676,1,88,0,0,0,0
21,8,1001,1,0,1,0,1,1174,1,0,44,20,12,0
8,21,1002,2,0,0,1,1,942,1,0,7,0,0,0
21,8,1002,2,0,1,0,1,817,1,0,62,0,0,0
8,21,1003,0,1,0,1,1,1084,1,0,15,0,3,0
21,8,1003,0,1,1,0,0,1084,1,15,0,3,0,0
8,21,1004,1,1,0,1,0,787,1,29,0,6,58,0
21,8,1004,1,1,1,0,1,901,1,0,72,32,0,0
8,21,1005,2,1,0,1,0,894,1,6,0,0,15,0
21,8,1005,2,1,1,0,0,861,1,29,0,16,0,0
8,21,1006,0,2,0,1,0,976,1,90,0,11,23,0
21,8,1006,0,2,1,0,1,976,1,0,90,23,11,0
8,21,1007,1,2,0,1,0,1102,1,100,0,35,7,0
21,8,1007,1,2,1,0,1,1069,1,0,73,10,39,0
8,21,1008,2,2,0,1,0,883,1,60,0,0,16,0
21,8,1008,2,2,1,0,1,1279,1,0,69,12,83,0
8,22,1000,0,0,0,1,0,2064,1,28,0,30,0,0
22,8,1000,0,0,1,0,1,2064,1,0,28,0,30,0
8,22,1001,1,0,0,1,0,1437,1,47,0,1,0,0
22,8,1001,1,0,1,0,0,1195,1,3,0,0,1,0
8,22,1002,2,0,0,1,0,1800,1,22,0,214,0,0
22,8,1002,2,0,1,0,0,1627,1,3,0,0,74,0
8,22,1003,0,1,0,1,0,1123,1,39,0,2,0,0
22,8,1003,0,1,1,0,1,1123,1,0,39,0,2,0
8,22,1004,1,1,0,1,0,1939,1,80,0,121,44,0
22,8,1004,1,1,1,0,1,1888,1,0,27,44,74,0
8,22,1005,2,1,0,1,0,1223,1,73,0,0,12,0
22,8,1005,2,1,1,0,0,900,1,35,0,0,0,0
8,22,1006,0,2,0,1,0,1072,1,7,0,0,0,0
22,8,1006,0,2,1,0,1,1072,1,0,7,0,0,0
8,22,1007,1,2,0,1,0,1516,1,2,0,0,0,0
22,8,1007,1,2,1,0,1,1315,1,0,5,0,0,0
8,22,1008,2,2,0,1,0,1621,1,85,0,1,0,0
22,8,1008,2,2,1,0,1,1621,1,0,112,0,1,0
8,23,1000,0,0,0,1,1,662,1,0,40,0,0,0
23,8,1000,0,0,1,0,0,662,1,40,0,0,0,0
8,23,1001,1,0,0,1,1,637,1,0,46,0,0,0
23,8,1001,1,0,1,0,0,639,1,68,0,0,0,0
8,23,1002,2,0,0,1,1,849,1,0,35,2,0,0
23,8,1002,2,0,1,0,0,849,1,35,0,0,2,0
8,23,1003,0,1,0,1,1,489,1,0,67,0,0,0
23,8,1003,0,1,1,0,0,489,1,67,0,0,0,0
8,23,1004,1,1,0,1,1,564,1,0,26,0,0,0
23,8,1004,1,1,1,0,0,565,1,28,0,0,0,0
8,23,1005,2,1,0,1,1,691,1,0,53,0,0,0
23,8,1005,2,1,1,0,1,652,1,0,13,0,0,0
8,23,1006,0,2,0,1,1,628,1,0,20,14,0,0
23,8,1006,0,2,1,0,0,628,1,20,0,0,14,0
8,23,1007,1,2,0,1,0,869,1,8,0,0,0,0
23,8,1007,1,2,1,0,0,883,1,5,0,0,0,0
8,23,1008,2,2,0,1,0,837,1,2,0,0,0,0
23,8,1008,2,2,1,0,0,849,1,44,0,0,0,0
8,24,1000,0,0,0,1,1,820,1,0,18,8,0,0
24,8,1000,0,0,1,0,0,820,1,18,0,0,8,0
8,24,1001,1,0,0,1,0,997,1,10,0,4,0,0
24,8,1001,1,0,1,0,1,997,1,0,10,0,4,0
8,24,1002,2,0,0,1,1,877,1,0,45,0,0,0
24,8,1002,2,0,1,0,0,877,1,45,0,0,0,0
8,24,1003,0,1,0,1,1,875,1,0,64,0,0,0
24,8,1003,0,1,1,0,0,875,1,64,0,0,0,0
8,24,1004,1,1,0,1,1,816,1,0,67,0,8,0
24,8,1004,1,1,1,0,0,816,1,57,0,8,0,0
8,24,1005,2,1,0,1,1,751,1,0,40,0,0,0
24,8,1005,2,1,1,0,0,751,1,40,0,0,0,0
8,24,1006,0,2,0,1,1,1000,1,0,54,7,0,0
24,8,1006,0,2,1,0,0,1000,1,54,0,0,7,0
8,24,1007,1,2,0,1,1,939,1,0,70,0,0,0
24,8,1007,1,2,1,0,0,939,1,60,0,0,0,0
8,24,1008,2,2,0,1,0,900,1,39,0,0,3,0
24,8,1008,2,2,1,0,0,1009,1,38,0,0,0,0
8,25,1000,0,0,0,1,1,824,1,0,58,68,83,0
25,8,1000,0,0,1,0,0,824,1,58,0,83,68,0
8,25,1001,1,0,0,1,1,835,1,0,88,43,80,0
25,8,1001,1,0,1,0,0,919,1,45,0,61,11,0
8,25,1002,2,0,0,1,1,1506,1,0,27,16,21,0
25,8,1002,2,0,1,0,0,815,1,31,0,0,12,0
8,25,1003,0,1,0,1,1,831,1,0,44,0,0,0
25,8,1003,0,1,1,0,0,831,1,44,0,0,0,0
8,25,1004,1,1,0,1,1,1047,1,0,20,6,17,0
25,8,1004,1,1,1,0,0,1047,1,48,0,17,6,0
8,25,1005,2,1,0,1,1,1207,1,0,60,7,2,0
25,8,1005,2,1,1,0,0,1474,1,4,0,7,0,0
8,25,1006,0,2,0,1,1,954,1,0,10,13,5,0
25,8,1006,0,2,1,0,0,822,1,20,0,5,13,0
8,25,1007,1,2,0,1,1,669,1,0,65,13,0,0
25,8,1007,1,2,1,0,0,697,1,40,0,0,13,0
8,25,1008,2,2,0,1,0,1540,1,9,0,22,2,0
25,8,1008,2,2,1,0,0,1362,1,13,0,2,22,0
8,26,1000,0,0,0,1,0,742,1,60,0,0,0,0
26,8,1000,0,0,1,0,1,742,1,0,60,0,0,0
8,26,1001,1,0,0,1,0,1195,1,13,0,25,7,0
26,8,1001,1,0,1,0,1,1195,1,0,6,7,25,0
8,26,1002,2,0,0,1,1,920,1,0,8,22,0,0
26,8,1002,2,0,1,0,0,1002,1,18,0,0,22,0
8,26,1003,0,1,0,1,1,1086,1,0,20,2,52,0
26,8,1003,0,1,1,0,0,1086,1,20,0,52,2,0
8,26,1004,1,1,0,1,0,1056,1,22,0,0,14,0
26,8,1004,1,1,1,0,1,838,1,0,30,14,0,0
8,26,1005,2,1,0,1,0,778,1,8,0,0,0,0
26,8,1005,2,1,1,0,0,766,1,37,0,0,0,0
8,26,1006,0,2,0,1,1,995,1,0,44,47,0,0
26,8,1006,0,2,1,0,0,995,1,44,0,0,47,0
8,26,1007,1,2,0,1,0,703,1,17,0,46,22,0
26,8,1007,1,2,1,0,0,914,1,39,0,26,83,0
8,26,1008,2,2,0,1,0,721,1,37,0,31,6,0
26,8,1008,2,2,1,0,1,982,1,0,26,12,31,0
8,27,1000,0,0,0,1,0,1271,1,19,0,22,25,0
27,8,1000,0,0,1,0,1,1271,1,0,19,25,22,0
8,27,1001,1,0,0,1,0,1509,1,32,0,60,119,0
27,8,1001,1,0,1,0,1,1558,1,0,73,120,126,0
8,27,1002,2,0,0,1,0,1549,1,98,0,17,1,0
27,8,1002,2,0,1,0,1,1206,1,0,34,88,115,0
8,27,1003,0,1,0,1,0,1506,1,39,0,139,193,0
27,8,1003,0,1,1,0,1,1506,1,0,39,193,139,0
8,27,1004,1,1,0,1,0,1531,1,55,0,111,96,0
27,8,1004,1,1,1,0,1,1139,1,0,92,94,164,0
8,27,1005,2,1,0,1,0,1419,1,64,0,220,161,0
27,8,1005,2,1,1,0,1,1518,1,0,21,21,20,0
8,27,1006,0,2,0,1,0,1399,1,50,0,7,49,0
27,8,1006,0,2,1,0,1,1399,1,0,50,49,7,0
8,27,1007,1,2,0,1,0,1567,1,73,0,57,95,0
27,8,1007,1,2,1,0,1,1585,1,0,60,175,248,0
8,27,1008,2,2,0,1,0,1317,1,55,0,100,129,0
27,8,1008,2,2,1,0,1,1734,1,0,55,125,148,0
8,28,1000,0,0,0,1,1,1110,1,0,43,180,74,0
28,8,1000,0,0,1,0,0,1110,1,43,0,74,180,0
8,28,1001,1,0,0,1,0,962,1,5,0,65,65,0
28,8,1001,1,0,1,0,0,1044,1,1,0,14,65,0
8,28,1002,2,0,0,1,0,1111,1,17,0,80,85,0
28,8,1002,2,0,1,0,0,1242,1,21,0,85,80,0
8,28,1003,0,1,0,1,1,1197,1,0,30,85,100,0
28,8,1003,0,1,1,0,0,1197,1,30,0,100,85,0
8,28,1004,1,1,0,1,0,1228,1,33,0,106,142,0
28,8,1004,1,1,1,0,0,840,1,18,0,91,113,0
8,28,1005,2,1,0,1,0,1388,1,7,0,110,177,0
28,8,1005,2,1,1,0,0,747,1,16,0,148,92,0
8,28,1006,0,2,0,1,0,1606,1,12,0,28,60,0
28,8,1006,0,2,1,0,1,1606,1,0,12,60,28,0
8,28,1007,1,2,0,1,0,1372,1,69,0,225,196,0
28,8,1007,1,2,1,0,0,867,1,37,0,47,115,0
8,28,1008,2,2,0,1,0,1636,1,20,0,87,116,0
28,8,1008,2,2,1,0,0,1720,1,18,0,46,96,0
8,29,1000,0,0,0,1,0,1102,1,31,0,0,0,0
29,8,1000,0,0,1,0,1,1102,1,0,31,0,0,0
8,29,1001,1,0,0,1,1,955,1,0,68,2,11,0
29,8,1001,1,0,1,0,0,955,1,78,0,11,2,0
8,29,1002,2,0,0,1,0,1717,1,5,0,0,8,0
29,8,1002,2,0,1,0,0,1624,1,5,0,8,0,0
8,29,1003,0,1,0,1,1,863,1,0,78,21,26,0
29,8,1003,0,1,1,0,0,863,1,78,0,26,21,0
8,29,1004,1,1,0,1,1,1177,1,0,58,0,9,0
29,8,1004,1,1,1,0,0,1227,1,68,0,9,0,0
8,29,1005,2,1,0,1,1,1347,1,0,28,47,5,0
29,8,1005,2,1,1,0,0,1347,1,24,0,5,47,0
8,29,1006,0,2,0,1,1,1150,1,0,81,38,8,0
29,8,1006,0,2,1,0,0,1150,1,81,0,8,38,0
8,29,1007,1,2,0,1,1,1213,1,0,58,42,1,0
29,8,1007,1,2,1,0,0,1213,1,58,0,1,42,0
8,29,1008,2,2,0,1,1,1333,1,0,41,44,7,0
29,8,1008,2,2,1,0,0,948,1,75,0,0,0,0
8,30,1000,0,0,0,1,0,1755,1,15,0,66,32,0
30,8,1000,0,0,1,0,1,1755,1,0,15,32,66,0
8,30,1001,1,0,0,1,0,1589,1,35,0,9,36,0
30,8,1001,1,0,1,0,1,1595,1,0,42,0,18,0
8,30,1002,2,0,0,1,1,1021,1,0,6,92,130,0
30,8,1002,2,0,1,0,1,1665,1,0,33,2,90,0
8,30,1003,0,1,0,1,0,1663,1,34,0,48,46,0
30,8,1003,0,1,1,0,1,1663,1,0,34,46,48,0
8,30,1004,1,1,0,1,0,1392,1,24,0,21,23,0
30,8,1004,1,1,1,0,1,1573,1,0,22,48,50,0
8,30,1005,2,1,0,1,0,1156,1,58,0,18,8,0
30,8,1005,2,1,1,0,1,1299,1,0,38,41,7,0
8,30,1006,0,2,0,1,0,1644,1,54,0,33,31,0
30,8,1006,0,2,1,0,1,1644,1,0,54,31,33,0
8,30,1007,1,2,0,1,0,1781,1,89,0,58,28,0
30,8,1007,1,2,1,0,1,1698,1,0,15,28,23,0
8,30,1008,2,2,0,1,1,1933,1,0,1,338,122,0
30,8,1008,2,2,1,0,1,1660,1,0,41,103,148,0
8,31,1000,0,0,0,1,1,1199,1,0,6,0,40,0
31,8,1000,0,0,1,0,0,1199,1,6,0,40,0,0
8,31,1001,1,0,0,1,1,1918,1,0,29,3,79,0
31,8,1001,1,0,1,0,0,2032,1,18,0,130,18,0
8,31,1002,2,0,0,1,1,1342,1,0,24,6,4,0
31,8,1002,2,0,1,0,0,2092,1,6,0,52,78,0
8,31,1003,0,1,0,1,1,758,1,0,104,28,0,0
31,8,1003,0,1,1,0,0,758,1,104,0,0,28,0
8,31,1004,1,1,0,1,1,751,1,0,50,2,0,0
31,8,1004,1,1,1,0,0,751,1,25,0,0,2,0
8,31,1005,2,1,0,1,1,887,1,0,78,0,6,0
31,8,1005,2,1,1,0,1,970,1,0,15,6,0,0
8,31,1006,0,2,0,1,1,1832,1,0,61,0,4,0
31,8,1006,0,2,1,0,0,1832,1,61,0,4,0,0
8,31,1007,1,2,0,1,1,1437,1,0,116,18,25,0
31,8,1007,1,2,1,0,0,1325,1,63,0,18,3,0
8,31,1008,2,2,0,1,1,955,1,0,82,33,31,0
31,8,1008,2,2,1,0,0,1167,1,62,0,46,9,0
8,32,1000,0,0,0,1,1,1314,1,0,42,142,88,0
32,8,1000,0,0,1,0,0,1314,1,42,0,88,142,0
8,32,1001,1,0,0,1,0,1242,1,38,0,21,15,0
32,8,1001,1,0,1,0,1,1590,1,0,24,248,219,0
8,32,1002,2,0,0,1,1,1345,1,0,7,21,1,0
32,8,1002,2,0,1,0,1,1885,1,0,23,150,167,0
8,32,1003,0,1,0,1,1,1234,1,0,61,176,86,0
32,8,1003,0,1,1,0,0,1234,1,61,0,86,176,0
8,32,1004,1,1,0,1,0,1741,1,6,0,51,37,0
32,8,1004,1,1,1,0,0,1159,1,16,0,37,0,0
8,32,1005,2,1,0,1,0,826,1,71,0,27,64,0
32,8,1005,2,1,1,0,1,1762,1,0,12,148,70,0
8,32,1006,0,2,0,1,1,1512,1,0,31,31,15,0
32,8,1006,0,2,1,0,0,1512,1,31,0,15,31,0
8,32,1007,1,2,0,1,1,1550,1,0,23,20,10,0
32,8,1007,1,2,1,0,0,1452,1,20,0,34,20,0
8,32,1008,2,2,0,1,0,1633,1,15,0,125,38,0
32,8,1008,2,2,1,0,0,1753,1,19,0,121,233,0
8,33,1000,0,0,0,1,0,1026,1,58,0,0,18,0
33,8,1000,0,0,1,0,1,1026,1,0,58,18,0,0
8,33,1001,1,0,0,1,0,1155,1,51,0,6,56,0
33,8,1001,1,0,1,0,1,1275,1,0,68,57,6,0
8,33,1002,2,0,0,1,0,912,1,41,0,0,16,0
33,8,1002,2,0,1,0,1,1138,1,0,45,9,0,0
8,33,1003,0,1,0,1,1,877,1,0,25,0,0,0
33,8,1003,0,1,1,0,0,877,1,25,0,0,0,0
8,33,1004,1,1,0,1,1,990,1,0,31,0,0,0
33,8,1004,1,1,1,0,1,1128,1,0,9,11,21,0
8,33,1005,2,1,0,1,0,1002,1,32,0,10,6,0
33,8,1005,2,1,1,0,1,899,1,0,7,16,0,0
8,33,1006,0,2,0,1,1,1017,1,0,70,12,8,0
33,8,1006,0,2,1,0,0,1017,1,70,0,8,12,0
8,33,1007,1,2,0,1,1,811,1,0,4,29,13,0
33,8,1007,1,2,1,0,0,811,1,14,0,13,29,0
8,33,1008,2,2,0,1,0,1177,1,11,0,39,7,0
33,8,1008,2,2,1,0,0,810,1,39,0,7,9,0
8,34,1000,0,0,0,1,1,787,1,0,67,0,2,0
34,8,1000,0,0,1,0,0,787,1,67,0,2,0,0
8,34,1001,1,0,0,1,1,602,1,0,73,0,0,0
34,8,1001,1,0,1,0,0,763,1,86,0,1,40,0
8,34,1002,2,0,0,1,0,658,1,48,0,17,4,0
34,8,1002,2,0,1,0,1,768,1,0,42,4,17,0
8,34,1003,0,1,0,1,1,851,1,0,36,0,0,0
34,8,1003,0,1,1,0,0,851,1,36,0,0,0,0
8,34,1004,1,1,0,1,1,797,1,0,33,0,0,0
34,8,1004,1,1,1,0,0,729,1,46,0,0,0,0
8,34,1005,2,1,0,1,1,859,1,0,50,0,21,0
34,8,1005,2,1,1,0,1,979,1,0,36,33,0,0
8,34,1006,0,2,0,1,0,771,1,14,0,0,0,0
34,8,1006,0,2,1,0,1,771,1,0,14,0,0,0
8,34,1007,1,2,0,1,1,940,1,0,17,0,0,0
34,8,1007,1,2,1,0,0,1019,1,17,0,0,0,0
8,34,1008,2,2,0,1,0,939,1,24,0,0,0,0
34,8,1008,2,2,1,0,0,836,1,13,0,0,10,0
8,35,1000,0,0,0,1,0,2508,1,5,0,444,104,0
35,8,1000,0,0,1,0,1,2508,1,0,5,104,444,0
8,35,1001,1,0,0,1,0,2330,2,80,75,600,82,0
35,8,1001,1,0,1,0,1,1618,1,0,47,29,81,0
8,35,1002,2,0,0,1,1,1942,1,0,19,45,43,0
35,8,1002,2,0,1,0,1,1646,1,0,21,43,7,0
8,35,1003,0,1,0,1,0,1596,1,64,0,29,28,0
35,8,1003,0,1,1,0,1,1596,1,0,64,28,29,0
8,35,1004,1,1,0,1,0,1712,1,78,0,70,66,0
35,8,1004,1,1,1,0,0,1863,1,44,0,66,123,0
8,35,1005,2,1,0,1,0,1942,1,50,0,221,48,0
35,8,1005,2,1,1,0,0,1950,1,20,0,166,132,0
8,35,1006,0,2,0,1,1,1846,1,0,20,153,11,0
35,8,1006,0,2,1,0,0,1846,1,20,0,11,153,0
8,35,1007,1,2,0,1,0,1668,1,37,0,26,0,0
35,8,1007,1,2,1,0,0,2097,1,17,0,0,294,0
8,35,1008,2,2,0,1,1,1982,1,0,30,116,67,0
35,8,1008,2,2,1,0,0,1671,1,35,0,4,154,0
8,36,1000,0,0,0,1,1,889,1,0,10,81,52,0
36,8,1000,0,0,1,0,0,889,1,10,0,52,81,0
8,36,1001,1,0,0,1,1,726,1,0,76,29,20,0
36,8,1001,1,0,1,0,0,865,1,19,0,21,11,0
8,36,1002,2,0,0,1,1,885,1,0,38,100,142,0
36,8,1002,2,0,1,0,0,857,1,61,0,142,100,0
8,36,1003,0,1,0,1,1,957,1,0,37,2,9,0
36,8,1003,0,1,1,0,0,957,1,37,0,9,2,0
8,36,1004,1,1,0,1,1,841,1,0,37,2,61,0
36,8,1004,1,1,1,0,0,1090,1,11,0,112,58,0
8,36,1005,2,1,0,1,1,642,1,0,46,8,17,0
36,8,1005,2,1,1,0,0,813,1,38,0,17,8,0
8,36,1006,0,2,0,1,1,916,1,0,66,10,35,0
36,8,1006,0,2,1,0,0,916,1,66,0,35,10,0
8,36,1007,1,2,0,1,1,859,1,0,60,15,35,0
36,8,1007,1,2,1,0,0,991,1,32,0,35,15,0
8,36,1008,2,2,0,1,1,1013,1,0,33,86,111,0
36,8,1008,2,2,1,0,0,1039,1,17,0,111,88,0
8,37,1000,0,0,0,1,0,1267,1,101,0,60,12,0
37,8,1000,0,0,1,0,1,1267,1,0,101,12,60,0
8,37,1001,1,0,0,1,0,1000,1,47,0,13,5,0
37,8,1001,1,0,1,0,1,1513,1,0,68,197,233,0
8,37,1002,2,0,0,1,0,922,1,61,0,0,34,0
37,8,1002,2,0,1,0,1,1088,1,0,24,38,85,0
8,37,1003,0,1,0,1,1,856,1,0,28,0,0,0
37,8,1003,0,1,1,0,0,856,1,28,0,0,0,0
8,37,1004,1,1,0,1,0,1090,1,48,0,67,62,0
37,8,1004,1,1,1,0,1,928,1,0,41,36,59,0
8,37,1005,2,1,0,1,0,581,1,115,0,73,64,0
37,8,1005,2,1,1,0,1,1291,1,0,102,3,0,0
8,37,1006,0,2,0,1,0,749,1,74,0,44,73,0
37,8,1006,0,2,1,0,1,749,1,0,74,73,44,0
8,37,1007,1,2,0,1,0,1093,1,79,0,0,36,0
37,8,1007,1,2,1,0,1,757,1,0,104,36,72,0
8,37,1008,2,2,0,1,0,952,1,72,0,74,141,0
37,8,1008,2,2,1,0,1,818,1,0,81,14,0,0
8,38,1000,0,0,0,1,1,546,1,0,18,14,0,0
38,8,1000,0,0,1,0,0,546,1,18,0,0,14,0
8,38,1001,1,0,0,1,1,804,1,0,75,26,10,0
38,8,1001,1,0,1,0,0,609,1,80,0,44,8,0
8,38,1002,2,0,0,1,1,588,1,0,25,13,0,0
38,8,1002,2,0,1,0,0,615,1,57,0,0,14,0
8,38,1003,0,1,0,1,1,528,1,0,20,10,0,0
38,8,1003,0,1,1,0,0,528,1,20,0,0,10,0
8,38,1004,1,1,0,1,1,387,1,0,60,4,0,0
38,8,1004,1,1,1,0,0,838,1,15,0,1,36,0
8,38,1005,2,1,0,1,0,907,1,22,0,16,5,0
38,8,1005,2,1,1,0,0,582,1,36,0,0,9,0
8,38,1006,0,2,0,1,0,553,1,18,0,10,0,0
38,8,1006,0,2,1,0,1,553,1,0,18,0,10,0
8,38,1007,1,2,0,1,1,387,1,0,70,2,0,0
38,8,1007,1,2,1,0,0,364,1,69,0,0,2,0
8,38,1008,2,2,0,1,1,438,1,0,73,2,0,0
38,8,1008,2,2,1,0,0,607,1,44,0,0,2,0
8,39,1000,0,0,0,1,1,1169,1,0,41,0,3,0
39,8,1000,0,0,1,0,0,1169,1,41,0,3,0,0
8,39,1001,1,0,0,1,1,776,1,0,104,13,0,0
39,8,1001,1,0,1,0,0,776,1,104,0,0,13,0
8,39,1002,2,0,0,1,1,902,1,0,82,5,11,0
39,8,1002,2,0,1,0,0,902,1,82,0,11,5,0
8,39,1003,0,1,0,1,1,1051,1,0,76,7,55,0
39,8,1003,0,1,1,0,0,1051,1,76,0,55,7,0
8,39,1004,1,1,0,1,1,934,1,0,78,1,0,0
39,8,1004,1,1,1,0,0,1333,1,83,0,0,6,0
8,39,1005,2,1,0,1,1,943,1,0,73,11,13,0
39,8,1005,2,1,1,0,0,979,1,78,0,2,11,0
8,39,1006,0,2,0,1,1,970,1,0,80,6,6,0
39,8,1006,0,2,1,0,0,970,1,80,0,6,6,0
8,39,1007,1,2,0,1,1,1060,1,0,101,5,53,0
39,8,1007,1,2,1,0,0,853,1,86,0,12,8,0
8,39,1008,2,2,0,1,1,995,1,0,48,31,0,0
39,8,1008,2,2,1,0,0,995,1,48,0,0,31,0
9,10,1000,0,0,0,1,1,1421,1,0,65,65,47,0
10,9,1000,0,0,1,0,0,1421,1,65,0,47,65,0
9,10,1001,1,0,0,1,1,1152,1,0,65,21,25,0
10,9,1001,1,0,1,0,0,1101,1,8,0,81,79,0
9,10,1002,2,0,0,1,0,1890,1,103,0,107,0,0
10,9,1002,2,0,1,0,0,1315,1,75,0,6,52,0
9,10,1003,0,1,0,1,1,958,1,0,48,31,5,0
10,9,1003,0,1,1,0,0,958,1,48,0,5,31,0
9,10,1004,1,1,0,1,0,1399,1,55,0,1,9,0
10,9,1004,1,1,1,0,1,794,1,0,79,0,0,0
9,10,1005,2,1,0,1,0,1522,1,29,0,20,42,0
10,9,1005,2,1,1,0,1,1402,1,0,123,40,6,0
9,10,1006,0,2,0,1,0,997,1,59,0,0,0,0
10,9,1006,0,2,1,0,1,997,1,0,59,0,0,0
9,10,1007,1,2,0,1,1,1574,1,0,22,0,7,0
10,9,1007,1,2,1,0,1,1768,1,0,19,7,12,0
9,10,1008,2,2,0,1,0,1628,1,27,0,21,0,0
10,9,1008,2,2,1,0,1,1663,1,0,41,19,72,0
9,11,1000,0,0,0,1,1,881,1,0,26,13,0,0
11,9,1000,0,0,1,0,0,881,1,26,0,0,13,0
9,11,1001,1,0,0,1,1,905,1,0,95,17,0,0
11,9,1001,1,0,1,0,0,905,1,95,0,0,17,0
9,11,1002,2,0,0,1,0,1150,1,59,0,47,74,0
11,9,1002,2,0,1,0,1,1150,1,0,59,74,47,0
9,11,1003,0,1,0,1,1,1130,1,0,85,0,7,0
11,9,1003,0,1,1,0,0,1130,1,85,0,7,0,0
9,11,1004,1,1,0,1,1,1291,1,0,112,12,11,0
11,9,1004,1,1,1,0,0,1291,1,112,0,11,12,0
9,11,1005,2,1,0,1,1,1399,1,0,42,8,0,0
11,9,1005,2,1,1,0,0,1399,1,42,0,0,8,0
9,11,1006,0,2,0,1,1,1111,1,0,51,14,15,0
11,9,1006,0,2,1,0,0,1111,1,51,0,15,14,0
9,11,1007,1,2,0,1,1,1177,1,0,50,14,0,0
11,9,1007,1,2,1,0,0,1177,1,50,0,0,14,0
9,11,1008,2,2,0,1,0,1591,1,27,0,7,0,0
11,9,1008,2,2,1,0,1,1591,1,0,27,0,7,0
9,12,1000,0,0,0,1,0,1021,1,34,0,0,6,0
12,9,1000,0,0,1,0,1,1021,1,0,34,6,0,0
9,12,1001,1,0,0,1,1,660,1,0,22,0,6,0
12,9,1001,1,0,1,0,0,660,1,22,0,6,0,0
9,12,1002,2,0,0,1,1,884,1,0,35,0,6,0
12,9,1002,2,0,1,0,0,884,1,35,0,6,0,0
9,12,1003,0,1,0,1,1,715,1,0,6,19,14,0
12,9,1003,0,1,1,0,0,715,1,6,0,14,19,0
9,12,1004,1,1,0,1,1,780,1,0,38,0,34,0
12,9,1004,1,1,1,0,0,780,1,38,0,34,0,0
9,12,1005,2,1,0,1,0,553,1,104,0,0,5,0
12,9,1005,2,1,1,0,1,553,1,0,104,5,0,0
9,12,1006,0,2,0,1,1,956,1,0,72,0,6,0
12,9,1006,0,2,1,0,0,956,1,72,0,6,0,0
9,12,1007,1,2,0,1,1,746,1,0,75,0,6,0
12,9,1007,1,2,1,0,0,746,1,75,0,6,0,0
9,12,1008,2,2,0,1,1,802,1,0,42,0,6,0
12,9,1008,2,2,1,0,0,802,1,42,0,6,0,0
9,13,1000,0,0,0,1,1,666,1,0,53,10,0,0
13,9,1000,0,0,1,0,0,666,1,53,0,0,10,0
9,13,1001,1,0,0,1,1,511,1,0,36,23,12,0
13,9,1001,1,0,1,0,0,575,1,57,0,0,14,0
9,13,1002,2,0,0,1,1,544,1,0,70,33,0,0
13,9,1002,2,0,1,0,0,511,1,70,0,0,33,0
9,13,1003,0,1,0,1,0,610,1,80,0,0,0,0
13,9,1003,0,1,1,0,1,610,1,0,80,0,0,0
9,13,1004,1,1,0,1,1,425,1,0,53,10,0,0
13,9,1004,1,1,1,0,0,767,1,36,0,30,17,0
9,13,1005,2,1,0,1,1,564,1,0,53,19,0,0
13,9,1005,2,1,1,0,1,781,1,0,76,38,15,0
9,13,1006,0,2,0,1,1,399,1,0,87,0,0,0
13,9,1006,0,2,1,0,0,399,1,87,0,0,0,0
9,13,1007,1,2,0,1,1,614,1,0,36,33,0,0
13,9,1007,1,2,1,0,0,572,1,2,0,0,17,0
9,13,1008,2,2,0,1,1,511,1,0,70,35,0,0
13,9,1008,2,2,1,0,0,729,1,19,0,0,17,0
9,14,1000,0,0,0,1,1,899,1,0,51,0,0,0
14,9,1000,0,0,1,0,0,899,1,51,0,0,0,0
9,14,1001,1,0,0,1,1,1081,1,0,54,0,0,0
14,9,1001,1,0,1,0,0,1081,1,54,0,0,0,0
9,14,1002,2,0,0,1,1,815,1,0,67,0,0,0
14,9,1002,2,0,1,0,0,815,1,67,0,0,0,0
9,14,1003,0,1,0,1,1,997,1,0,50,0,0,0
14,9,1003,0,1,1,0,0,997,1,50,0,0,0,0
9,14,1004,1,1,0,1,1,1052,1,0,49,2,0,0
14,9,1004,1,1,1,0,0,1052,1,49,0,0,2,0
9,14,1005,2,1,0,1,0,698,1,35,0,0,0,0
14,9,1005,2,1,1,0,1,698,1,0,35,0,0,0
9,14,1006,0,2,0,1,1,1067,1,0,58,0,0,0
14,9,1006,0,2,1,0,0,1067,1,58,0,0,0,0
9,14,1007,1,2,0,1,0,1612,1,16,0,0,0,0
14,9,1007,1,2,1,0,1,1612,1,0,16,0,0,0
9,14,1008,2,2,0,1,1,563,1,0,43,0,0,0
14,9,1008,2,2,1,0,0,563,1,43,0,0,0,0
9,15,1000,0,0,0,1,1,955,1,0,127,0,18,0
15,9,1000,0,0,1,0,0,955,1,127,0,18,0,0
9,15,1001,1,0,0,1,1,1685,1,0,101,107,115,0
15,9,1001,1,0,1,0,0,1214,1,130,0,115,88,0
9,15,1002,2,0,0,1,1,1792,1,0,62,104,12,0
15,9,1002,2,0,1,0,0,1618,1,65,0,12,71,0
9,15,1003,0,1,0,1,1,1270,1,0,24,2,56,0
15,9,1003,0,1,1,0,0,1270,1,24,0,56,2,0
9,15,1004,1,1,0,1,1,1139,1,0,109,1,0,0
15,9,1004,1,1,1,0,0,1371,1,128,0,0,1,0
9,15,1005,2,1,0,1,1,1852,1,0,130,13,9,0
15,9,1005,2,1,1,0,0,1918,1,77,0,15,23,0
9,15,1006,0,2,0,1,1,1609,1,0,104,16,41,0
15,9,1006,0,2,1,0,0,1609,1,104,0,41,16,0
9,15,1007,1,2,0,1,1,1355,1,0,120,42,13,0
15,9,1007,1,2,1,0,0,1105,1,98,0,13,42,0
9,15,1008,2,2,0,1,1,2263,1,0,77,92,251,0
15,9,1008,2,2,1,0,0,2356,1,88,0,137,145,0
9,16,1000,0,0,0,1,0,1765,1,51,0,27,0,0
16,9,1000,0,0,1,0,1,1765,1,0,51,0,27,0
9,16,1001,1,0,0,1,1,1575,1,0,26,51,19,0
16,9,1001,1,0,1,0,0,1547,1,47,0,19,51,0
9,16,1002,2,0,0,1,0,1753,1,21,0,11,20,0
16,9,1002,2,0,1,0,1,1753,1,0,48,20,11,0
9,16,1003,0,1,0,1,1,1750,1,0,63,118,11,0
16,9,1003,0,1,1,0,0,1750,1,63,0,11,118,0
9,16,1004,1,1,0,1,1,1468,1,0,70,37,20,0
16,9,1004,1,1,1,0,1,1729,1,0,11,19,29,0
9,16,1005,2,1,0,1,0,1633,1,38,0,13,0,0
16,9,1005,2,1,1,0,1,1633,1,0,47,0,13,0
9,16,1006,0,2,0,1,1,1551,1,0,42,14,0,0
16,9,1006,0,2,1,0,0,1551,1,42,0,0,14,0
9,16,1007,1,2,0,1,1,1603,1,0,33,12,0,0
16,9,1007,1,2,1,0,0,1600,1,72,0,0,34,0
9,16,1008,2,2,0,1,0,1525,1,69,0,0,0,0
16,9,1008,2,2,1,0,1,1525,1,0,33,0,0,0
9,17,1000,0,0,0,1,0,511,1,7,0,0,1,0
17,9,1000,0,0,1,0,1,511,1,0,7,1,0,0
9,17,1001,1,0,0,1,1,604,1,0,72,0,36,0
17,9,1001,1,0,1,0,0,604,1,72,0,36,0,0
9,17,1002,2,0,0,1,0,649,1,17,0,0,9,0
17,9,1002,2,0,1,0,1,649,1,0,17,9,0,0
9,17,1003,0,1,0,1,1,349,1,0,124,7,2,0
17,9,1003,0,1,1,0,0,349,1,124,0,2,7,0
9,17,1004,1,1,0,1,1,703,1,0,80,7,11,0
17,9,1004,1,1,1,0,0,703,1,80,0,11,7,0
9,17,1005,2,1,0,1,0,592,1,7,0,0,0,0
17,9,1005,2,1,1,0,1,592,1,0,7,0,0,0
9,17,1006,0,2,0,1,1,635,1,0,28,4,0,0
17,9,1006,0,2,1,0,0,635,1,28,0,0,4,0
9,17,1007,1,2,0,1,1,659,1,0,59,4,0,0
17,9,1007,1,2,1,0,0,659,1,59,0,0,4,0
9,17,1008,2,2,0,1,1,829,1,0,58,25,19,0
17,9,1008,2,2,1,0,0,829,1,58,0,19,25,0
9,18,1000,0,0,0,1,1,1176,1,0,38,18,73,0
18,9,1000,0,0,1,0,0,1176,1,38,0,73,18,0
9,18,1001,1,0,0,1,1,1409,1,0,56,65,112,0
18,9,1001,1,0,1,0,0,1735,1,39,0,112,72,0
9,18,1002,2,0,0,1,1,1708,1,0,17,60,29,0
18,9,1002,2,0,1,0,1,1597,1,0,52,29,15,0
9,18,1003,0,1,0,1,1,1374,1,0,30,7,0,0
18,9,1003,0,1,1,0,0,1374,1,30,0,0,7,0
9,18,1004,1,1,0,1,1,1510,1,0,13,24,46,0
18,9,1004,1,1,1,0,0,1410,1,13,0,46,24,0
9,18,1005,2,1,0,1,0,1509,1,74,0,7,0,0
18,9,1005,2,1,1,0,1,1509,1,0,82,0,7,0
9,18,1006,0,2,0,1,0,1696,1,26,0,10,0,0
18,9,1006,0,2,1,0,1,1696,1,0,26,0,10,0
9,18,1007,1,2,0,1,0,1747,1,12,0,82,49,0
18,9,1007,1,2,1,0,1,1747,1,0,12,49,82,0
9,18,1008,2,2,0,1,0,1534,1,60,0,4,0,0
18,9,1008,2,2,1,0,1,1534,1,0,60,0,4,0
9,19,1000,0,0,0,1,1,1633,1,0,8,41,0,0
19,9,1000,0,0,1,0,0,1633,1,8,0,0,41,0
9,19,1001,1,0,0,1,1,1385,1,0,17,0,17,0
19,9,1001,1,0,1,0,0,1684,1,52,0,73,0,0
9,19,1002,2,0,0,1,1,1735,1,0,50,91,85,0
19,9,1002,2,0,1,0,1,1579,1,0,78,9,1,0
9,19,1003,0,1,0,1,0,1546,1,35,0,10,8,0
19,9,1003,0,1,1,0,1,1546,1,0,35,8,10,0
9,19,1004,1,1,0,1,1,1209,1,0,62,36,23,0
19,9,1004,1,1,1,0,1,1540,1,0,23,77,131,0
9,19,1005,2,1,0,1,0,1442,1,78,0,13,0,0
19,9,1005,2,1,1,0,1,1867,1,0,49,0,9,0
9,19,1006,0,2,0,1,1,1422,1,0,12,0,0,0
19,9,1006,0,2,1,0,0,1422,1,12,0,0,0,0
9,19,1007,1,2,0,1,1,1598,1,0,26,97,109,0
19,9,1007,1,2,1,0,0,1699,1,64,0,80,151,0
9,19,1008,2,2,0,1,0,1753,1,48,0,73,131,0
19,9,1008,2,2,1,0,1,1907,1,0,82,0,28,0
9,20,1000,0,0,0,1,1,982,1,0,43,88,287,0
20,9,1000,0,0,1,0,0,982,1,43,0,287,88,0
9,20,1001,1,0,0,1,1,737,1,0,57,36,115,0
20,9,1001,1,0,1,0,0,892,1,27,0,7,0,0
9,20,1002,2,0,0,1,0,2026,1,21,0,119,61,0
20,9,1002,2,0,1,0,0,1793,1,25,0,111,58,0
9,20,1003,0,1,0,1,1,1126,1,0,81,36,86,0
20,9,1003,0,1,1,0,0,1126,1,81,0,86,36,0
9,20,1004,1,1,0,1,1,633,1,0,61,29,34,0
20,9,1004,1,1,1,0,0,913,1,71,0,117,94,0
9,20,1005,2,1,0,1,1,1107,1,0,81,7,12,0
20,9,1005,2,1,1,0,1,1723,1,0,66,82,38,0
9,20,1006,0,2,0,1,1,1429,1,0,47,82,57,0
20,9,1006,0,2,1,0,0,1429,1,47,0,57,82,0
9,20,1007,1,2,0,1,1,930,1,0,61,0,0,0
20,9,1007,1,2,1,0,0,585,1,90,0,126,73,0
9,20,1008,2,2,0,1,0,2089,1,32,0,62,79,0
20,9,1008,2,2,1,0,0,903,1,77,0,101,58,0
9,21,1000,0,0,0,1,1,634,1,0,20,0,0,0
21,9,1000,0,0,1,0,0,634,1,20,0,0,0,0
9,21,1001,1,0,0,1,1,852,1,0,66,0,0,0
21,9,1001,1,0,1,0,0,852,1,66,0,0,0,0
9,21,1002,2,0,0,1,0,1171,1,16,0,24,1,0
21,9,1002,2,0,1,0,0,1065,1,4,0,1,24,0
9,21,1003,0,1,0,1,1,826,1,0,78,24,0,0
21,9,1003,0,1,1,0,0,826,1,78,0,0,24,0
9,21,1004,1,1,0,1,1,1020,1,0,71,4,9,0
21,9,1004,1,1,1,0,0,1020,1,71,0,9,4,0
9,21,1005,2,1,0,1,0,838,1,113,0,26,33,0
21,9,1005,2,1,1,0,1,838,1,0,114,33,26,0
9,21,1006,0,2,0,1,1,1549,1,0,13,10,65,0
21,9,1006,0,2,1,0,0,1549,1,13,0,65,10,0
9,21,1007,1,2,0,1,0,966,1,58,0,0,0,0
21,9,1007,1,2,1,0,1,966,1,0,35,0,0,0
9,21,1008,2,2,0,1,0,765,1,76,0,0,0,0
21,9,1008,2,2,1,0,1,1036,1,0,70,0,0,0
9,22,1000,0,0,0,1,0,1261,1,99,0,12,0,0
22,9,1000,0,0,1,0,1,1261,1,0,99,0,12,0
9,22,1001,1,0,0,1,0,1420,1,71,0,17,0,0
22,9,1001,1,0,1,0,1,1543,1,0,37,7,1,0
9,22,1002,2,0,0,1,0,1159,1,66,0,5,0,0
22,9,1002,2,0,1,0,1,1159,1,0,42,0,5,0
9,22,1003,0,1,0,1,0,1258,1,40,0,0,0,0
22,9,1003,0,1,1,0,1,1258,1,0,40,0,0,0
9,22,1004,1,1,0,1,0,1761,1,96,0,32,33,0
22,9,1004,1,1,1,0,1,1537,1,0,14,0,0,0
9,22,1005,2,1,0,1,0,1473,1,81,0,0,11,0
22,9,1005,2,1,1,0,1,1768,1,0,103,11,44,0
9,22,1006,0,2,0,1,1,1399,1,0,10,0,0,0
22,9,1006,0,2,1,0,0,1399,1,10,0,0,0,0
9,22,1007,1,2,0,1,0,1411,1,30,0,0,7,0
22,9,1007,1,2,1,0,0,1094,1,34,0,7,0,0
9,22,1008,2,2,0,1,0,970,1,71,0,0,0,0
22,9,1008,2,2,1,0,0,1460,1,81,0,0,0,0
9,23,1000,0,0,0,1,1,609,1,0,46,23,24,0
23,9,1000,0,0,1,0,0,609,1,46,0,24,23,0
9,23,1001,1,0,0,1,1,570,1,0,41,18,0,0
23,9,1001,1,0,1,0,0,628,1,23,0,0,18,0
9,23,1002,2,0,0,1,1,711,1,0,58,0,0,0
23,9,1002,2,0,1,0,0,924,1,22,0,0,0,0
9,23,1003,0,1,0,1,1,639,1,0,29,13,26,0
23,9,1003,0,1,1,0,0,639,1,29,0,26,13,0
9,23,1004,1,1,0,1,0,832,1,21,0,9,6,0
23,9,1004,1,1,1,0,1,832,1,0,21,6,9,0
9,23,1005,2,1,0,1,0,601,1,14,0,0,0,0
23,9,1005,2,1,1,0,0,846,1,44,0,0,0,0
9,23,1006,0,2,0,1,1,640,1,0,19,0,0,0
23,9,1006,0,2,1,0,0,640,1,19,0,0,0,0
9,23,1007,1,2,0,1,1,739,1,0,22,0,0,0
23,9,1007,1,2,1,0,0,739,1,20,0,0,0,0
9,23,1008,2,2,0,1,1,802,1,0,50,0,0,0
23,9,1008,2,2,1,0,0,870,1,49,0,0,0,0
9,24,1000,0,0,0,1,1,401,1,0,24,0,0,0
24,9,1000,0,0,1,0,0,401,1,24,0,0,0,0
9,24,1001,1,0,0,1,1,526,1,0,68,0,0,0
24,9,1001,1,0,1,0,0,526,1,68,0,0,0,0
9,24,1002,2,0,0,1,1,351,1,0,87,0,0,0
24,9,1002,2,0,1,0,0,351,1,87,0,0,0,0
9,24,1003,0,1,0,1,1,1139,1,0,84,0,6,0
24,9,1003,0,1,1,0,0,1139,1,84,0,6,0,0
9,24,1004,1,1,0,1,1,1028,1,0,18,0,0,0
24,9,1004,1,1,1,0,0,1028,1,18,0,0,0,0
9,24,1005,2,1,0,1,0,966,1,19,0,0,0,0
24,9,1005,2,1,1,0,1,966,1,0,19,0,0,0
9,24,1006,0,2,0,1,1,271,1,0,70,0,0,0
24,9,1006,0,2,1,0,0,271,1,70,0,0,0,0
9,24,1007,1,2,0,1,1,307,1,0,50,0,0,0
24,9,1007,1,2,1,0,0,307,1,50,0,0,0,0
9,24,1008,2,2,0,1,1,813,1,0,23,0,0,0
24,9,1008,2,2,1,0,0,813,1,23,0,0,0,0
9,25,1000,0,0,0,1,1,950,1,0,22,14,41,0
25,9,1000,0,0,1,0,0,950,1,22,0,41,14,0
9,25,1001,1,0,0,1,1,711,1,0,21,68,75,0
25,9,1001,1,0,1,0,0,612,1,51,0,75,68,0
9,25,1002,2,0,0,1,0,1148,1,41,0,0,18,0
25,9,1002,2,0,1,0,1,1148,1,0,41,18,0,0
9,25,1003,0,1,0,1,1,1008,1,0,60,60,84,0
25,9,1003,0,1,1,0,0,1008,1,60,0,84,60,0
9,25,1004,1,1,0,1,1,1323,1,0,54,0,4,0
25,9,1004,1,1,1,0,0,1041,1,81,0,4,0,0
9,25,1005,2,1,0,1,0,1135,1,57,0,3,5,0
25,9,1005,2,1,1,0,1,1135,1,0,80,5,3,0
9,25,1006,0,2,0,1,1,832,1,0,61,0,9,0
25,9,1006,0,2,1,0,0,832,1,61,0,9,0,0
9,25,1007,1,2,0,1,1,664,1,0,44,0,4,0
25,9,1007,1,2,1,0,0,991,1,2,0,35,0,0
9,25,1008,2,2,0,1,1,1111,1,0,48,0,5,0
25,9,1008,2,2,1,0,0,1344,1,28,0,5,10,0
9,26,1000,0,0,0,1,1,789,1,0,71,22,1,0
26,9,1000,0,0,1,0,0,789,1,71,0,1,22,0
9,26,1001,1,0,0,1,1,641,1,0,88,0,14,0
26,9,1001,1,0,1,0,0,996,1,11,0,14,24,0
9,26,1002,2,0,0,1,1,894,1,0,11,10,7,0
26,9,1002,2,0,1,0,0,894,1,11,0,7,10,0
9,26,1003,0,1,0,1,1,835,1,0,58,0,0,0
26,9,1003,0,1,1,0,0,835,1,58,0,0,0,0
9,26,1004,1,1,0,1,1,802,1,0,28,29,11,0
26,9,1004,1,1,1,0,0,829,1,39,0,25,29,0
9,26,1005,2,1,0,1,0,937,1,56,0,0,18,0
26,9,1005,2,1,1,0,1,937,1,0,40,18,0,0
9,26,1006,0,2,0,1,1,1275,1,0,17,0,1,0
26,9,1006,0,2,1,0,0,1275,1,17,0,1,0,0
9,26,1007,1,2,0,1,1,771,1,0,59,15,3,0
26,9,1007,1,2,1,0,0,887,1,26,0,3,0,0
9,26,1008,2,2,0,1,1,890,1,0,27,19,3,0
26,9,1008,2,2,1,0,0,759,1,27,0,3,19,0
9,27,1000,0,0,0,1,1,901,1,0,51,13,81,0
27,9,1000,0,0,1,0,0,901,1,51,0,81,13,0
9,27,1001,1,0,0,1,0,1484,1,17,0,24,11,0
27,9,1001,1,0,1,0,0,1525,1,50,0,13,35,0
9,27,1002,2,0,0,1,0,1341,1,85,0,6,0,0
27,9,1002,2,0,1,0,1,1579,1,0,69,75,134,0
9,27,1003,0,1,0,1,0,1234,1,58,0,26,0,0
27,9,1003,0,1,1,0,1,1234,1,0,58,0,26,0
9,27,1004,1,1,0,1,0,1444,1,38,0,69,38,0
27,9,1004,1,1,1,0,1,1447,1,0,17,25,0,0
9,27,1005,2,1,0,1,0,1609,1,113,0,0,62,0
27,9,1005,2,1,1,0,1,1633,1,0,64,16,15,0
9,27,1006,0,2,0,1,0,1303,1,5,0,3,39,0
27,9,1006,0,2,1,0,1,1303,1,0,5,39,3,0
9,27,1007,1,2,0,1,1,1269,1,0,21,0,0,0
27,9,1007,1,2,1,0,0,1607,1,19,0,135,84,0
9,27,1008,2,2,0,1,0,1710,1,47,0,68,0,0
27,9,1008,2,2,1,0,1,1687,1,0,115,37,67,0
9,28,1000,0,0,0,1,1,721,1,0,43,7,10,0
28,9,1000,0,0,1,0,0,721,1,43,0,10,7,0
9,28,1001,1,0,0,1,1,588,1,0,57,0,17,0
28,9,1001,1,0,1,0,0,679,1,60,0,58,23,0
9,28,1002,2,0,0,1,1,816,1,0,80,63,68,0
28,9,1002,2,0,1,0,0,816,1,80,0,68,63,0
9,28,1003,0,1,0,1,1,931,1,0,86,6,0,0
28,9,1003,0,1,1,0,0,931,1,86,0,0,6,0
9,28,1004,1,1,0,1,1,481,1,0,99,24,16,0
28,9,1004,1,1,1,0,0,481,1,99,0,16,24,0
9,28,1005,2,1,0,1,1,951,1,0,23,12,26,0
28,9,1005,2,1,1,0,0,1065,1,66,0,26,12,0
9,28,1006,0,2,0,1,1,786,1,0,69,3,0,0
28,9,1006,0,2,1,0,0,786,1,69,0,0,3,0
9,28,1007,1,2,0,1,1,839,1,0,56,92,41,0
28,9,1007,1,2,1,0,0,879,1,56,0,41,92,0
9,28,1008,2,2,0,1,1,711,1,0,39,2,0,0
28,9,1008,2,2,1,0,0,711,1,39,0,0,2,0
9,29,1000,0,0,0,1,1,934,1,0,22,1,4,0
29,9,1000,0,0,1,0,0,934,1,22,0,4,1,0
9,29,1001,1,0,0,1,1,1253,1,0,81,3,5,0
29,9,1001,1,0,1,0,0,1253,1,81,0,5,3,0
9,29,1002,2,0,0,1,1,1684,1,0,63,11,0,0
29,9,1002,2,0,1,0,0,1684,1,63,0,0,11,0
9,29,1003,0,1,0,1,1,1333,1,0,47,12,27,0
29,9,1003,0,1,1,0,0,1333,1,47,0,27,12,0
9,29,1004,1,1,0,1,1,764,1,0,72,13,10,0
29,9,1004,1,1,1,0,0,736,1,72,0,10,13,0
9,29,1005,2,1,0,1,1,1492,1,0,5,23,36,0
29,9,1005,2,1,1,0,0,1394,1,5,0,36,23,0
9,29,1006,0,2,0,1,1,1192,1,0,78,0,11,0
29,9,1006,0,2,1,0,0,1192,1,78,0,11,0,0
9,29,1007,1,2,0,1,1,1387,1,0,5,40,4,0
29,9,1007,1,2,1,0,0,1387,1,5,0,4,40,0
9,29,1008,2,2,0,1,0,1850,1,3,0,34,1,0
29,9,1008,2,2,1,0,1,1850,1,0,3,1,34,0
9,30,1000,0,0,0,1,1,1201,1,0,51,63,46,0
30,9,1000,0,0,1,0,0,1201,1,51,0,46,63,0
9,30,1001,1,0,0,1,1,772,1,0,31,62,12,0
30,9,1001,1,0,1,0,0,772,1,31,0,12,62,0
9,30,1002,2,0,0,1,0,1099,1,42,0,54,8,0
30,9,1002,2,0,1,0,1,1099,1,0,53,8,54,0
9,30,1003,0,1,0,1,0,1093,1,59,0,9,7,0
30,9,1003,0,1,1,0,1,1093,1,0,59,7,9,0
9,30,1004,1,1,0,1,1,789,1,0,30,21,68,0
30,9,1004,1,1,1,0,0,664,1,60,0,68,21,0
9,30,1005,2,1,0,1,0,1254,1,66,0,0,5,0
30,9,1005,2,1,1,0,1,1254,1,0,66,5,0,0
9,30,1006,0,2,0,1,1,1139,1,0,54,11,25,0
30,9,1006,0,2,1,0,0,1139,1,54,0,25,11,0
9,30,1007,1,2,0,1,1,1435,1,0,16,36,79,0
30,9,1007,1,2,1,0,0,1435,1,16,0,79,36,0
9,30,1008,2,2,0,1,1,1561,1,0,9,37,55,0
30,9,1008,2,2,1,0,0,1561,1,9,0,55,37,0
9,31,1000,0,0,0,1,1,739,1,0,56,51,29,0
31,9,1000,0,0,1,0,0,739,1,56,0,29,51,0
9,31,1001,1,0,0,1,1,840,1,0,96,13,0,0
31,9,1001,1,0,1,0,0,778,1,96,0,0,13,0
9,31,1002,2,0,0,1,1,1604,1,0,45,79,84,0
31,9,1002,2,0,1,0,0,1622,1,42,0,84,79,0
9,31,1003,0,1,0,1,1,829,1,0,62,8,18,0
31,9,1003,0,1,1,0,0,829,1,62,0,18,8,0
9,31,1004,1,1,0,1,1,1055,1,0,31,21,61,0
31,9,1004,1,1,1,0,0,843,1,62,0,61,21,0
9,31,1005,2,1,0,1,1,1853,1,0,40,59,72,0
31,9,1005,2,1,1,0,0,1519,1,14,0,76,29,0
9,31,1006,0,2,0,1,1,820,1,0,90,0,0,0
31,9,1006,0,2,1,0,0,820,1,90,0,0,0,0
9,31,1007,1,2,0,1,1,1069,1,0,66,0,0,0
31,9,1007,1,2,1,0,0,887,1,68,0,0,0,0
9,31,1008,2,2,0,1,1,1522,1,0,111,2,10,0
31,9,1008,2,2,1,0,0,1546,1,82,0,10,2,0
9,32,1000,0,0,0,1,0,991,1,26,0,5,11,0
32,9,1000,0,0,1,0,1,991,1,0,26,11,5,0
9,32,1001,1,0,0,1,1,1182,1,0,20,15,52,0
32,9,1001,1,0,1,0,0,756,1,44,0,22,15,0
9,32,1002,2,0,0,1,1,968,1,0,24,13,18,0
32,9,1002,2,0,1,0,1,1174,1,0,42,18,13,0
9,32,1003,0,1,0,1,1,1044,1,0,14,0,6,0
32,9,1003,0,1,1,0,0,1044,1,14,0,6,0,0
9,32,1004,1,1,0,1,1,763,1,0,20,0,8,0
32,9,1004,1,1,1,0,0,904,1,7,0,8,0,0
9,32,1005,2,1,0,1,1,1444,1,0,23,53,44,0
32,9,1005,2,1,1,0,1,1582,1,0,16,44,124,0
9,32,1006,0,2,0,1,1,850,1,0,37,0,5,0
32,9,1006,0,2,1,0,0,850,1,37,0,5,0,0
9,32,1007,1,2,0,1,1,856,1,0,31,0,5,0
32,9,1007,1,2,1,0,0,790,1,48,0,5,0,0
9,32,1008,2,2,0,1,0,1297,1,50,0,0,5,0
32,9,1008,2,2,1,0,1,1297,1,0,35,5,0,0
9,33,1000,0,0,0,1,0,868,1,56,0,49,2,0
33,9,1000,0,0,1,0,1,868,1,0,56,2,49,0
9,33,1001,1,0,0,1,1,783,1,0,25,0,3,0
33,9,1001,1,0,1,0,1,739,1,0,100,3,0,0
9,33,1002,2,0,0,1,0,940,1,111,0,39,35,0
33,9,1002,2,0,1,0,1,1288,1,0,11,35,39,0
9,33,1003,0,1,0,1,0,673,1,51,0,0,6,0
33,9,1003,0,1,1,0,1,673,1,0,51,6,0,0
9,33,1004,1,1,0,1,0,991,1,37,0,0,18,0
33,9,1004,1,1,1,0,1,850,1,0,51,22,6,0
9,33,1005,2,1,0,1,0,763,1,67,0,0,14,0
33,9,1005,2,1,1,0,1,965,1,0,74,33,0,0
9,33,1006,0,2,0,1,0,853,1,4,0,5,3,0
33,9,1006,0,2,1,0,1,853,1,0,4,3,5,0
9,33,1007,1,2,0,1,1,920,1,0,32,11,3,0
33,9,1007,1,2,1,0,0,663,1,95,0,3,11,0
9,33,1008,2,2,0,1,0,1142,1,82,0,21,19,0
33,9,1008,2,2,1,0,0,942,1,29,0,19,1,0
9,34,1000,0,0,0,1,1,829,1,0,79,28,0,0
34,9,1000,0,0,1,0,0,829,1,79,0,0,28,0
9,34,1001,1,0,0,1,1,646,1,0,67,0,1,0
34,9,1001,1,0,1,0,0,944,1,10,0,0,0,0
9,34,1002,2,0,0,1,1,715,1,0,10,25,0,0
34,9,1002,2,0,1,0,0,715,1,10,0,0,25,0
9,34,1003,0,1,0,1,0,715,1,13,0,0,5,0
34,9,1003,0,1,1,0,1,715,1,0,13,5,0,0
9,34,1004,1,1,0,1,1,424,1,0,98,0,0,0
34,9,1004,1,1,1,0,0,469,1,81,0,0,0,0
9,34,1005,2,1,0,1,1,603,1,0,19,0,0,0
34,9,1005,2,1,1,0,0,859,1,11,0,0,0,0
9,34,1006,0,2,0,1,1,611,1,0,83,0,0,0
34,9,1006,0,2,1,0,0,611,1,83,0,0,0,0
9,34,1007,1,2,0,1,0,766,1,31,0,0,0,0
34,9,1007,1,2,1,0,1,766,1,0,49,0,0,0
9,34,1008,2,2,0,1,1,815,1,0,47,2,11,0
34,9,1008,2,2,1,0,0,816,1,47,0,11,2,0
9,35,1000,0,0,0,1,1,1872,1,0,49,7,24,0
35,9,1000,0,0,1,0,0,1872,1,49,0,24,7,0
9,35,1001,1,0,0,1,1,1701,1,0,55,13,17,0
35,9,1001,1,0,1,0,0,1701,1,55,0,17,13,0
9,35,1002,2,0,0,1,1,1945,1,0,12,0,4,0
35,9,1002,2,0,1,0,0,1974,1,35,0,4,0,0
9,35,1003,0,1,0,1,1,1156,1,0,99,16,19,0
35,9,1003,0,1,1,0,0,1156,1,99,0,19,16,0
9,35,1004,1,1,0,1,1,1684,1,0,82,0,6,0
35,9,1004,1,1,1,0,0,1623,1,76,0,6,0,0
9,35,1005,2,1,0,1,0,1738,1,2,0,8,0,0
35,9,1005,2,1,1,0,1,1738,1,0,10,0,8,0
9,35,1006,0,2,0,1,1,1764,1,0,58,10,1,0
35,9,1006,0,2,1,0,0,1764,1,58,0,1,10,0
9,35,1007,1,2,0,1,1,1762,1,0,39,34,55,0
35,9,1007,1,2,1,0,0,1696,1,43,0,55,34,0
9,35,1008,2,2,0,1,1,2198,1,0,34,90,16,0
35,9,1008,2,2,1,0,1,1810,1,0,48,12,53,0
9,36,1000,0,0,0,1,1,559,1,0,59,35,9,0
36,9,1000,0,0,1,0,0,559,1,59,0,9,35,0
9,36,1001,1,0,0,1,1,501,1,0,68,0,12,0
36,9,1001,1,0,1,0,0,501,1,68,0,12,0,0
9,36,1002,2,0,0,1,1,734,1,0,72,26,12,0
36,9,1002,2,0,1,0,0,861,1,59,0,12,26,0
9,36,1003,0,1,0,1,1,531,1,0,7,19,40,0
36,9,1003,0,1,1,0,0,531,1,7,0,40,19,0
9,36,1004,1,1,0,1,1,561,1,0,29,0,9,0
36,9,1004,1,1,1,0,0,561,1,29,0,9,0,0
9,36,1005,2,1,0,1,1,1125,1,0,26,9,9,0
36,9,1005,2,1,1,0,0,664,1,72,0,9,9,0
9,36,1006,0,2,0,1,1,661,1,0,81,21,27,0
36,9,1006,0,2,1,0,0,661,1,81,0,27,21,0
9,36,1007,1,2,0,1,1,504,1,0,82,21,33,0
36,9,1007,1,2,1,0,0,504,1,82,0,33,21,0
9,36,1008,2,2,0,1,1,967,1,0,41,18,5,0
36,9,1008,2,2,1,0,1,868,1,0,56,5,18,0
9,37,1000,0,0,0,1,0,1692,1,12,0,0,18,0
37,9,1000,0,0,1,0,1,1692,1,0,12,18,0,0
9,37,1001,1,0,0,1,0,1009,1,67,0,5,20,0
37,9,1001,1,0,1,0,0,1075,1,50,0,26,11,0
9,37,1002,2,0,0,1,0,835,1,101,0,42,0,0
37,9,1002,2,0,1,0,1,714,1,0,68,0,7,0
9,37,1003,0,1,0,1,0,949,1,8,0,11,41,0
37,9,1003,0,1,1,0,1,949,1,0,8,41,11,0
9,37,1004,1,1,0,1,1,1270,1,0,21,15,26,0
37,9,1004,1,1,1,0,1,1537,1,0,33,0,7,0
9,37,1005,2,1,0,1,0,1070,1,61,0,8,0,0
37,9,1005,2,1,1,0,1,1024,1,0,94,0,3,0
9,37,1006,0,2,0,1,0,1139,1,67,0,25,58,0
37,9,1006,0,2,1,0,1,1139,1,0,67,58,25,0
9,37,1007,1,2,0,1,1,1375,1,0,22,6,36,0
37,9,1007,1,2,1,0,1,1654,1,0,39,9,0,0
9,37,1008,2,2,0,1,0,1121,1,111,0,16,15,0
37,9,1008,2,2,1,0,1,1751,1,0,52,29,0,0
9,38,1000,0,0,0,1,0,666,1,48,0,22,0,0
38,9,1000,0,0,1,0,1,666,1,0,48,0,22,0
9,38,1001,1,0,0,1,0,739,1,84,0,27,3,0
38,9,1001,1,0,1,0,1,739,1,0,84,3,27,0
9,38,1002,2,0,0,1,0,634,1,139,0,22,0,0
38,9,1002,2,0,1,0,1,634,1,0,139,0,22,0
9,38,1003,0,1,0,1,0,619,1,82,0,20,12,0
38,9,1003,0,1,1,0,1,619,1,0,82,12,20,0
9,38,1004,1,1,0,1,1,550,1,0,11,10,11,0
38,9,1004,1,1,1,0,0,429,1,3,0,0,6,0
9,38,1005,2,1,0,1,0,877,1,133,0,20,22,0
38,9,1005,2,1,1,0,1,877,1,0,133,22,20,0
9,38,1006,0,2,0,1,0,544,1,116,0,29,0,0
38,9,1006,0,2,1,0,1,544,1,0,116,0,29,0
9,38,1007,1,2,0,1,0,610,1,118,0,22,21,0
38,9,1007,1,2,1,0,1,610,1,0,118,21,22,0
9,38,1008,2,2,0,1,0,583,1,112,0,31,1,0
38,9,1008,2,2,1,0,1,583,1,0,112,1,31,0
9,39,1000,0,0,0,1,1,799,1,0,30,8,53,0
39,9,1000,0,0,1,0,0,799,1,30,0,53,8,0
9,39,1001,1,0,0,1,1,843,1,0,70,0,0,0
39,9,1001,1,0,1,0,0,843,1,70,0,0,0,0
9,39,1002,2,0,0,1,1,1577,1,0,72,30,53,0
39,9,1002,2,0,1,0,0,1577,1,72,0,53,30,0
9,39,1003,0,1,0,1,1,877,1,0,47,0,3,0
39,9,1003,0,1,1,0,0,877,1,47,0,3,0,0
9,39,1004,1,1,0,1,1,1018,1,0,41,1,24,0
39,9,1004,1,1,1,0,0,1018,1,41,0,24,1,0
9,39,1005,2,1,0,1,0,869,1,30,0,2,0,0
39,9,1005,2,1,1,0,1,869,1,0,30,0,2,0
9,39,1006,0,2,0,1,1,768,1,0,42,0,0,0
39,9,1006,0,2,1,0,0,768,1,42,0,0,0,0
9,39,1007,1,2,0,1,1,964,1,0,43,3,0,0
39,9,1007,1,2,1,0,0,964,1,43,0,0,3,0
9,39,1008,2,2,0,1,1,1072,1,0,42,0,10,0
39,9,1008,2,2,1,0,0,1072,1,42,0,10,0,0
10,11,1000,0,0,0,1,1,832,1,0,105,48,86,0
11,10,1000,0,0,1,0,0,832,1,105,0,86,48,0
10,11,1001,1,0,0,1,1,781,1,0,87,95,90,0
11,10,1001,1,0,1,0,0,880,1,53,0,90,160,0
10,11,1002,2,0,0,1,1,1165,1,0,29,115,150,0
11,10,1002,2,0,1,0,0,1165,1,51,0,150,115,0
10,11,1003,0,1,0,1,1,1414,1,0,45,0,28,0
11,10,1003,0,1,1,0,0,1414,1,45,0,28,0,0
10,11,1004,1,1,0,1,1,1209,1,0,103,24,53,0
11,10,1004,1,1,1,0,0,1510,1,123,0,34,2,0
10,11,1005,2,1,0,1,1,880,1,0,115,58,57,0
11,10,1005,2,1,1,0,0,1168,1,123,0,57,44,0
10,11,1006,0,2,0,1,1,718,1,0,63,0,57,0
11,10,1006,0,2,1,0,0,718,1,63,0,57,0,0
10,11,1007,1,2,0,1,0,797,1,17,0,0,57,0
11,10,1007,1,2,1,0,0,1477,1,93,0,57,0,0
10,11,1008,2,2,0,1,0,1070,1,10,0,1,59,0
11,10,1008,2,2,1,0,0,736,1,121,0,82,1,0
10,12,1000,0,0,0,1,0,1033,1,112,0,24,5,0
12,10,1000,0,0,1,0,1,1033,1,0,112,5,24,0
10,12,1001,1,0,0,1,1,807,1,0,15,11,51,0
12,10,1001,1,0,1,0,0,493,1,91,0,5,0,0
10,12,1002,2,0,0,1,0,1252,1,6,0,20,5,0
12,10,1002,2,0,1,0,0,664,1,17,0,5,0,0
10,12,1003,0,1,0,1,0,733,1,87,0,1,21,0
12,10,1003,0,1,1,0,1,733,1,0,87,21,1,0
10,12,1004,1,1,0,1,0,520,1,112,0,0,5,0
12,10,1004,1,1,1,0,1,615,1,0,28,5,4,0
10,12,1005,2,1,0,1,1,911,1,0,49,0,5,0
12,10,1005,2,1,1,0,0,558,1,53,0,5,0,0
10,12,1006,0,2,0,1,0,497,1,62,0,0,5,0
12,10,1006,0,2,1,0,1,497,1,0,62,5,0,0
10,12,1007,1,2,0,1,0,416,1,56,0,0,5,0
12,10,1007,1,2,1,0,1,416,1,0,56,5,0,0
10,12,1008,2,2,0,1,0,856,1,87,0,35,5,0
12,10,1008,2,2,1,0,1,993,1,0,37,5,24,0
10,13,1000,0,0,0,1,0,1018,1,8,0,103,59,0
13,10,1000,0,0,1,0,1,1018,1,0,8,59,103,0
10,13,1001,1,0,0,1,0,723,1,71,0,72,59,0
13,10,1001,1,0,1,0,0,645,1,80,0,49,67,0
10,13,1002,2,0,0,1,0,1096,1,12,0,40,0,0
13,10,1002,2,0,1,0,0,384,1,50,0,0,40,0
10,13,1003,0,1,0,1,0,581,1,71,0,0,0,0
13,10,1003,0,1,1,0,1,581,1,0,71,0,0,0
10,13,1004,1,1,0,1,1,540,1,0,68,0,0,0
13,10,1004,1,1,1,0,1,1098,1,0,15,13,0,0
10,13,1005,2,1,0,1,0,860,1,19,0,70,26,0
13,10,1005,2,1,1,0,1,676,1,0,67,0,0,0
10,13,1006,0,2,0,1,0,1606,1,8,0,88,122,0
13,10,1006,0,2,1,0,1,1606,1,0,8,122,88,0
10,13,1007,1,2,0,1,0,945,1,9,0,132,162,0
13,10,1007,1,2,1,0,1,998,1,0,43,109,70,0
10,13,1008,2,2,0,1,1,1173,1,0,26,121,167,0
13,10,1008,2,2,1,0,1,1417,1,0,23,128,80,0
10,14,1000,0,0,0,1,1,748,1,0,30,0,17,0
14,10,1000,0,0,1,0,0,748,1,30,0,17,0,0
10,14,1001,1,0,0,1,0,1706,1,38,0,1,23,0
14,10,1001,1,0,1,0,1,1652,1,0,61,23,1,0
10,14,1002,2,0,0,1,0,1447,1,43,0,0,51,0
14,10,1002,2,0,1,0,1,1327,1,0,43,51,0,0
10,14,1003,0,1,0,1,1,1672,1,0,23,51,11,0
14,10,1003,0,1,1,0,0,1672,1,23,0,11,51,0
10,14,1004,1,1,0,1,0,890,1,14,0,0,6,0
14,10,1004,1,1,1,0,1,1191,1,0,26,18,21,0
10,14,1005,2,1,0,1,0,1689,1,9,0,37,0,0
14,10,1005,2,1,1,0,1,1720,1,0,26,34,183,0
10,14,1006,0,2,0,1,1,1165,1,0,104,16,0,0
14,10,1006,0,2,1,0,0,1165,1,104,0,0,16,0
10,14,1007,1,2,0,1,1,1287,1,0,49,0,27,0
14,10,1007,1,2,1,0,0,1744,1,33,0,27,5,0
10,14,1008,2,2,0,1,0,1044,1,26,0,0,41,0
14,10,1008,2,2,1,0,1,573,1,0,112,74,42,0
10,15,1000,0,0,0,1,1,1402,1,0,121,30,59,0
15,10,1000,0,0,1,0,0,1402,1,121,0,59,30,0
10,15,1001,1,0,0,1,1,1782,1,0,86,22,36,0
15,10,1001,1,0,1,0,0,2112,1,87,0,89,36,0
10,15,1002,2,0,0,1,1,1522,1,0,111,48,24,0
15,10,1002,2,0,1,0,0,1262,1,65,0,13,0,0
10,15,1003,0,1,0,1,1,1767,1,0,112,30,129,0
15,10,1003,0,1,1,0,0,1767,1,112,0,129,30,0
10,15,1004,1,1,0,1,1,971,1,0,80,19,155,0
15,10,1004,1,1,1,0,0,1954,1,109,0,210,15,0
10,15,1005,2,1,0,1,1,2620,1,0,103,6,385,0
15,10,1005,2,1,1,0,0,1724,1,130,0,206,2,0
10,15,1006,0,2,0,1,1,2511,1,0,47,39,66,0
15,10,1006,0,2,1,0,0,2511,1,47,0,66,39,0
10,15,1007,1,2,0,1,1,1805,1,0,88,23,231,0
15,10,1007,1,2,1,0,0,1612,1,103,0,26,12,0
10,15,1008,2,2,0,1,1,2212,1,0,126,47,70,0
15,10,1008,2,2,1,0,0,1651,1,128,0,75,38,0
10,16,1000,0,0,0,1,0,620,1,63,0,0,15,0
16,10,1000,0,0,1,0,1,620,1,0,63,15,0,0
10,16,1001,1,0,0,1,0,754,1,38,0,1,47,0
16,10,1001,1,0,1,0,1,459,1,0,78,51,0,0
10,16,1002,2,0,0,1,0,1129,1,44,0,61,15,0
16,10,1002,2,0,1,0,0,1223,1,13,0,22,25,0
10,16,1003,0,1,0,1,0,441,1,37,0,0,11,0
16,10,1003,0,1,1,0,1,441,1,0,37,11,0,0
10,16,1004,1,1,0,1,0,840,1,49,0,2,3,0
16,10,1004,1,1,1,0,1,818,1,0,53,27,24,0
10,16,1005,2,1,0,1,0,1370,1,13,0,0,4,0
16,10,1005,2,1,1,0,1,1578,1,0,35,85,50,0
10,16,1006,0,2,0,1,0,1249,1,32,0,17,22,0
16,10,1006,0,2,1,0,1,1249,1,0,32,22,17,0
10,16,1007,1,2,0,1,0,1047,1,56,0,128,76,0
16,10,1007,1,2,1,0,1,1306,1,0,71,62,8,0
10,16,1008,2,2,0,1,0,1381,1,25,0,7,6,0
16,10,1008,2,2,1,0,1,1364,1,0,33,42,89,0
10,17,1000,0,0,0,1,1,996,1,0,4,14,0,0
17,10,1000,0,0,1,0,0,996,1,4,0,0,14,0
10,17,1001,1,0,0,1,0,1375,1,27,0,27,8,0
17,10,1001,1,0,1,0,0,809,1,26,0,1,8,0
10,17,1002,2,0,0,1,0,1193,1,26,0,101,42,0
17,10,1002,2,0,1,0,1,584,1,0,6,12,0,0
10,17,1003,0,1,0,1,0,1266,1,6,0,11,23,0
17,10,1003,0,1,1,0,1,1266,1,0,6,23,11,0
10,17,1004,1,1,0,1,1,985,1,0,9,13,7,0
17,10,1004,1,1,1,0,1,1003,1,0,46,21,16,0
10,17,1005,2,1,0,1,1,1435,1,0,44,47,0,0
17,10,1005,2,1,1,0,0,514,1,90,0,27,0,0
10,17,1006,0,2,0,1,0,1024,1,78,0,1,7,0
17,10,1006,0,2,1,0,1,1024,1,0,78,7,1,0
10,17,1007,1,2,0,1,0,988,1,19,0,0,29,0
17,10,1007,1,2,1,0,0,1699,1,44,0,21,0,0
10,17,1008,2,2,0,1,0,523,1,112,0,18,16,0
17,10,1008,2,2,1,0,1,713,1,0,112,9,21,0
10,18,1000,0,0,0,1,1,610,1,0,40,33,0,0
18,10,1000,0,0,1,0,0,610,1,40,0,0,33,0
10,18,1001,1,0,0,1,1,706,1,0,26,0,9,0
18,10,1001,1,0,1,0,0,520,1,60,0,20,0,0
10,18,1002,2,0,0,1,1,695,1,0,14,21,32,0
18,10,1002,2,0,1,0,1,665,1,0,63,2,32,0
10,18,1003,0,1,0,1,0,593,1,27,0,0,1,0
18,10,1003,0,1,1,0,1,593,1,0,27,1,0,0
10,18,1004,1,1,0,1,1,904,1,0,10,0,4,0
18,10,1004,1,1,1,0,0,664,1,22,0,4,0,0
10,18,1005,2,1,0,1,1,619,1,0,36,0,21,0
18,10,1005,2,1,1,0,1,769,1,0,40,40,1,0
10,18,1006,0,2,0,1,1,565,1,0,30,0,1,0
18,10,1006,0,2,1,0,0,565,1,30,0,1,0,0
10,18,1007,1,2,0,1,0,390,1,40,0,0,20,0
18,10,1007,1,2,1,0,0,700,1,68,0,13,8,0
10,18,1008,2,2,0,1,0,649,1,89,0,0,47,0
18,10,1008,2,2,1,0,1,736,1,0,17,21,21,0
10,19,1000,0,0,0,1,1,1189,1,0,6,44,59,0
19,10,1000,0,0,1,0,0,1189,1,6,0,59,44,0
10,19,1001,1,0,0,1,1,1328,1,0,48,116,166,0
19,10,1001,1,0,1,0,0,913,1,88,0,184,175,0
10,19,1002,2,0,0,1,1,565,1,0,25,16,0,0
19,10,1002,2,0,1,0,0,991,1,50,0,22,61,0
10,19,1003,0,1,0,1,0,1112,1,29,0,84,111,0
19,10,1003,0,1,1,0,1,1112,1,0,29,111,84,0
10,19,1004,1,1,0,1,1,853,1,0,8,0,3,0
19,10,1004,1,1,1,0,0,853,1,8,0,3,0,0
10,19,1005,2,1,0,1,1,866,1,0,60,42,131,0
19,10,1005,2,1,1,0,1,1060,1,0,26,46,30,0
10,19,1006,0,2,0,1,1,1072,1,0,9,76,39,0
19,10,1006,0,2,1,0,0,1072,1,9,0,39,76,0
10,19,1007,1,2,0,1,0,1371,1,4,0,37,89,0
19,10,1007,1,2,1,0,1,488,1,0,31,66,12,0
10,19,1008,2,2,0,1,0,928,1,55,0,5,8,0
19,10,1008,2,2,1,0,1,823,1,0,32,51,68,0
10,20,1000,0,0,0,1,1,475,1,0,79,25,0,0
20,10,1000,0,0,1,0,0,475,1,79,0,0,25,0
10,20,1001,1,0,0,1,1,1451,1,0,71,90,252,0
20,10,1001,1,0,1,0,0,1479,1,23,0,153,123,0
10,20,1002,2,0,0,1,1,1658,1,0,10,77,136,0
20,10,1002,2,0,1,0,0,959,1,33,0,146,149,0
10,20,1003,0,1,0,1,1,1735,1,0,23,35,50,0
20,10,1003,0,1,1,0,0,1735,1,23,0,50,35,0
10,20,1004,1,1,0,1,0,1561,1,2,0,3,15,0
20,10,1004,1,1,1,0,1,1254,1,0,49,87,54,0
10,20,1005,2,1,0,1,0,866,1,5,0,17,22,0
20,10,1005,2,1,1,0,1,1011,1,0,58,33,16,0
10,20,1006,0,2,0,1,1,1425,1,0,65,128,179,0
20,10,1006,0,2,1,0,0,1425,1,65,0,179,128,0
10,20,1007,1,2,0,1,1,1793,1,0,17,34,55,0
20,10,1007,1,2,1,0,0,1573,1,55,0,129,86,0
10,20,1008,2,2,0,1,1,1374,1,0,11,0,33,0
20,10,1008,2,2,1,0,1,1301,1,0,5,108,53,0
10,21,1000,0,0,0,1,1,901,1,0,2,15,44,0
21,10,1000,0,0,1,0,0,901,1,2,0,44,15,0
10,21,1001,1,0,0,1,0,1027,1,26,0,0,4,0
21,10,1001,1,0,1,0,0,1220,1,2,0,4,0,0
10,21,1002,2,0,0,1,0,957,1,41,0,44,5,0
21,10,1002,2,0,1,0,1,1177,1,0,9,4,0,0
10,21,1003,0,1,0,1,1,869,1,0,24,19,16,0
21,10,1003,0,1,1,0,0,869,1,24,0,16,19,0
10,21,1004,1,1,0,1,1,773,1,0,58,0,2,0
21,10,1004,1,1,1,0,0,808,1,24,0,0,40,0
10,21,1005,2,1,0,1,0,982,1,67,0,21,9,0
21,10,1005,2,1,1,0,1,763,1,0,24,4,0,0
10,21,1006,0,2,0,1,1,1014,1,0,14,0,21,0
21,10,1006,0,2,1,0,0,1014,1,14,0,21,0,0
10,21,1007,1,2,0,1,0,1015,1,52,0,0,4,0
21,10,1007,1,2,1,0,1,842,1,0,82,4,0,0
10,21,1008,2,2,0,1,0,934,1,67,0,23,4,0
21,10,1008,2,2,1,0,0,938,1,52,0,12,69,0
10,22,1000,0,0,0,1,1,1062,1,0,33,20,5,0
22,10,1000,0,0,1,0,0,1062,1,33,0,5,20,0
10,22,1001,1,0,0,1,0,1730,1,25,0,69,66,0
22,10,1001,1,0,1,0,1,1295,1,0,14,21,9,0
10,22,1002,2,0,0,1,1,2379,1,0,10,362,117,0
22,10,1002,2,0,1,0,1,948,1,0,5,8,15,0
10,22,1003,0,1,0,1,1,1890,1,0,23,338,17,0
22,10,1003,0,1,1,0,0,1890,1,23,0,17,338,0
10,22,1004,1,1,0,1,0,2021,1,47,0,13,112,0
22,10,1004,1,1,1,0,1,1319,1,0,1,19,0,0
10,22,1005,2,1,0,1,0,1416,1,49,0,32,30,0
22,10,1005,2,1,1,0,1,1487,1,0,14,27,0,0
10,22,1006,0,2,0,1,1,1401,1,0,55,6,22,0
22,10,1006,0,2,1,0,0,1401,1,55,0,22,6,0
10,22,1007,1,2,0,1,0,818,1,51,0,0,28,0
22,10,1007,1,2,1,0,0,1920,1,5,0,84,31,0
10,22,1008,2,2,0,1,0,1487,1,40,0,8,16,0
22,10,1008,2,2,1,0,0,1424,1,1,0,107,49,0
10,23,1000,0,0,0,1,1,960,1,0,18,29,4,0
23,10,1000,0,0,1,0,0,960,1,18,0,4,29,0
10,23,1001,1,0,0,1,0,948,1,8,0,25,13,0
23,10,1001,1,0,1,0,1,1284,1,0,13,23,33,0
10,23,1002,2,0,0,1,0,817,1,25,0,0,4,0
23,10,1002,2,0,1,0,0,940,1,34,0,8,26,0
10,23,1003,0,1,0,1,0,927,1,4,0,11,27,0
23,10,1003,0,1,1,0,1,927,1,0,4,27,11,0
10,23,1004,1,1,0,1,1,742,1,0,42,0,1,0
23,10,1004,1,1,1,0,1,1045,1,0,9,5,0,0
10,23,1005,2,1,0,1,0,1280,1,32,0,30,6,0
23,10,1005,2,1,1,0,1,791,1,0,14,20,0,0
10,23,1006,0,2,0,1,1,990,1,0,24,17,4,0
23,10,1006,0,2,1,0,0,990,1,24,0,4,17,0
10,23,1007,1,2,0,1,0,892,1,65,0,36,27,0
23,10,1007,1,2,1,0,1,990,1,0,74,27,36,0
10,23,1008,2,2,0,1,1,987,1,0,55,0,4,0
23,10,1008,2,2,1,0,0,977,1,71,0,4,0,0
10,24,1000,0,0,0,1,1,760,1,0,97,64,85,0
24,10,1000,0,0,1,0,0,760,1,97,0,85,64,0
10,24,1001,1,0,0,1,1,487,1,0,111,1,88,0
24,10,1001,1,0,1,0,0,856,1,41,0,107,71,0
10,24,1002,2,0,0,1,1,955,1,0,97,78,90,0
24,10,1002,2,0,1,0,1,841,1,0,20,126,43,0
10,24,1003,0,1,0,1,1,646,1,0,57,50,97,0
24,10,1003,0,1,1,0,0,646,1,57,0,97,50,0
10,24,1004,1,1,0,1,1,829,1,0,69,0,45,0
24,10,1004,1,1,1,0,0,991,1,83,0,45,12,0
10,24,1005,2,1,0,1,1,985,1,0,69,0,13,0
24,10,1005,2,1,1,0,0,793,1,107,0,13,16,0
10,24,1006,0,2,0,1,1,1126,1,0,75,60,102,0
24,10,1006,0,2,1,0,0,1126,1,75,0,102,60,0
10,24,1007,1,2,0,1,1,1382,1,0,71,51,100,0
24,10,1007,1,2,1,0,0,1037,1,62,0,113,53,0
10,24,1008,2,2,0,1,1,748,1,0,45,60,115,0
24,10,1008,2,2,1,0,0,748,1,31,0,115,60,0
10,25,1000,0,0,0,1,1,915,1,0,34,48,75,0
25,10,1000,0,0,1,0,0,915,1,34,0,75,48,0
10,25,1001,1,0,0,1,1,1033,1,0,60,0,29,0
25,10,1001,1,0,1,0,0,1028,1,44,0,25,0,0
10,25,1002,2,0,0,1,1,781,1,0,20,17,46,0
25,10,1002,2,0,1,0,0,679,1,38,0,46,17,0
10,25,1003,0,1,0,1,1,936,1,0,88,11,65,0
25,10,1003,0,1,1,0,0,936,1,88,0,65,11,0
10,25,1004,1,1,0,1,1,1211,1,0,12,11,35,0
25,10,1004,1,1,1,0,0,888,1,48,0,35,11,0
10,25,1005,2,1,0,1,0,1546,1,39,0,32,73,0
25,10,1005,2,1,1,0,1,884,1,0,39,14,0,0
10,25,1006,0,2,0,1,1,914,1,0,28,27,38,0
25,10,1006,0,2,1,0,0,914,1,28,0,38,27,0
10,25,1007,1,2,0,1,1,1037,1,0,20,9,34,0
25,10,1007,1,2,1,0,0,865,1,16,0,14,0,0
10,25,1008,2,2,0,1,0,917,1,32,0,0,12,0
25,10,1008,2,2,1,0,0,1254,1,78,0,12,0,0
10,26,1000,0,0,0,1,0,904,1,6,0,0,0,0
26,10,1000,0,0,1,0,0,995,1,2,0,0,0,0
10,26,1001,1,0,0,1,0,935,1,6,0,0,0,0
26,10,1001,1,0,1,0,0,986,1,10,0,66,30,0
10,26,1002,2,0,0,1,1,1016,1,0,28,56,27,0
26,10,1002,2,0,1,0,0,613,1,76,0,63,37,0
10,26,1003,0,1,0,1,0,1277,1,30,0,40,14,0
26,10,1003,0,1,1,0,1,1277,1,0,30,14,40,0
10,26,1004,1,1,0,1,1,1029,1,0,8,0,0,0
26,10,1004,1,1,1,0,0,794,1,14,0,0,0,0
10,26,1005,2,1,0,1,0,865,1,66,0,5,0,0
26,10,1005,2,1,1,0,0,1280,1,22,0,0,0,0
10,26,1006,0,2,0,1,0,704,1,14,0,0,19,0
26,10,1006,0,2,1,0,1,704,1,0,14,19,0,0
10,26,1007,1,2,0,1,1,1031,1,0,8,5,11,0
26,10,1007,1,2,1,0,1,706,1,0,73,0,16,0
10,26,1008,2,2,0,1,0,948,1,4,0,0,1,0
26,10,1008,2,2,1,0,0,1010,1,34,0,0,0,0
10,27,1000,0,0,0,1,0,498,1,37,0,40,0,0
27,10,1000,0,0,1,0,1,498,1,0,37,0,40,0
10,27,1001,1,0,0,1,0,985,1,40,0,22,6,0
27,10,1001,1,0,1,0,1,1072,1,0,58,72,91,0
10,27,1002,2,0,0,1,0,736,1,37,0,99,79,0
27,10,1002,2,0,1,0,0,840,1,55,0,0,50,0
10,27,1003,0,1,0,1,0,863,1,4,0,61,80,0
27,10,1003,0,1,1,0,1,863,1,0,4,80,61,0
10,27,1004,1,1,0,1,0,846,1,10,0,5,49,0
27,10,1004,1,1,1,0,1,530,1,0,73,105,54,0
10,27,1005,2,1,0,1,0,1111,1,1,0,72,15,0
27,10,1005,2,1,1,0,0,949,1,41,0,149,55,0
10,27,1006,0,2,0,1,0,782,1,55,0,48,14,0
27,10,1006,0,2,1,0,1,782,1,0,55,14,48,0
10,27,1007,1,2,0,1,0,872,1,28,0,1,32,0
27,10,1007,1,2,1,0,1,834,1,0,19,29,56,0
10,27,1008,2,2,0,1,1,602,1,0,55,1,19,0
27,10,1008,2,2,1,0,1,674,1,0,34,62,90,0
10,28,1000,0,0,0,1,1,450,1,0,40,18,21,0
28,10,1000,0,0,1,0,0,450,1,40,0,21,18,0
10,28,1001,1,0,0,1,0,833,1,74,0,51,91,0
28,10,1001,1,0,1,0,1,833,1,0,63,91,51,0
10,28,1002,2,0,0,1,0,580,1,54,0,27,27,0
28,10,1002,2,0,1,0,1,656,1,0,17,70,64,0
10,28,1003,0,1,0,1,0,694,1,3,0,36,0,0
28,10,1003,0,1,1,0,1,694,1,0,3,0,36,0
10,28,1004,1,1,0,1,1,369,1,0,58,19,129,0
28,10,1004,1,1,1,0,1,733,1,0,47,13,21,0
10,28,1005,2,1,0,1,0,1012,1,28,0,21,13,0
28,10,1005,2,1,1,0,1,554,1,0,60,13,0,0
10,28,1006,0,2,0,1,0,732,1,4,0,46,7,0
28,10,1006,0,2,1,0,1,732,1,0,4,7,46,0
10,28,1007,1,2,0,1,0,527,1,55,0,17,49,0
28,10,1007,1,2,1,0,1,371,1,0,63,16,0,0
10,28,1008,2,2,0,1,1,855,1,0,2,23,78,0
28,10,1008,2,2,1,0,1,652,1,0,77,50,28,0
10,29,1000,0,0,0,1,1,592,1,0,18,39,87,0
29,10,1000,0,0,1,0,0,592,1,18,0,87,39,0
10,29,1001,1,0,0,1,1,931,1,0,21,72,127,0
29,10,1001,1,0,1,0,1,688,1,0,28,101,51,0
10,29,1002,2,0,0,1,1,583,1,0,57,43,89,0
29,10,1002,2,0,1,0,0,616,1,47,0,75,108,0
10,29,1003,0,1,0,1,1,766,1,0,48,24,66,0
29,10,1003,0,1,1,0,0,766,1,48,0,66,24,0
10,29,1004,1,1,0,1,0,948,1,2,0,78,162,0
29,10,1004,1,1,1,0,1,948,1,0,2,162,78,0
10,29,1005,2,1,0,1,1,763,1,0,24,77,59,0
29,10,1005,2,1,1,0,0,424,1,76,0,59,0,0
10,29,1006,0,2,0,1,1,540,1,0,47,41,86,0
29,10,1006,0,2,1,0,0,540,1,47,0,86,41,0
10,29,1007,1,2,0,1,1,517,1,0,43,44,94,0
29,10,1007,1,2,1,0,0,517,1,43,0,94,44,0
10,29,1008,2,2,0,1,0,424,1,28,0,58,79,0
29,10,1008,2,2,1,0,0,433,1,10,0,79,58,0
10,30,1000,0,0,0,1,0,926,1,20,0,95,101,0
30,10,1000,0,0,1,0,1,926,1,0,20,101,95,0
10,30,1001,1,0,0,1,0,831,1,47,0,23,28,0
30,10,1001,1,0,1,0,1,788,1,0,36,33,0,0
10,30,1002,2,0,0,1,1,568,1,0,20,3,32,0
30,10,1002,2,0,1,0,1,710,1,0,101,59,14,0
10,30,1003,0,1,0,1,0,829,1,74,0,0,12,0
30,10,1003,0,1,1,0,1,829,1,0,74,12,0,0
10,30,1004,1,1,0,1,0,901,1,68,0,59,96,0
30,10,1004,1,1,1,0,1,1300,1,0,14,106,78,0
10,30,1005,2,1,0,1,0,1104,1,85,0,14,65,0
30,10,1005,2,1,1,0,0,1060,1,24,0,98,46,0
10,30,1006,0,2,0,1,0,867,1,90,0,23,27,0
30,10,1006,0,2,1,0,1,867,1,0,90,27,23,0
10,30,1007,1,2,0,1,0,658,1,74,0,18,22,0
30,10,1007,1,2,1,0,1,1151,1,0,63,119,91,0
10,30,1008,2,2,0,1,0,514,1,90,0,7,8,0
30,10,1008,2,2,1,0,0,676,1,10,0,8,7,0
10,31,1000,0,0,0,1,0,958,1,55,0,6,6,0
31,10,1000,0,0,1,0,1,958,1,0,55,6,6,0
10,31,1001,1,0,0,1,1,1237,1,0,21,34,78,0
31,10,1001,1,0,1,0,0,1534,1,24,0,55,0,0
10,31,1002,2,0,0,1,0,1339,1,7,0,7,9,0
31,10,1002,2,0,1,0,0,852,1,66,0,32,23,0
10,31,1003,0,1,0,1,1,943,1,0,46,6,29,0
31,10,1003,0,1,1,0,0,943,1,46,0,29,6,0
10,31,1004,1,1,0,1,1,1566,1,0,59,14,110,0
31,10,1004,1,1,1,0,0,1399,1,88,0,19,18,0
10,31,1005,2,1,0,1,1,1108,1,0,39,19,58,0
31,10,1005,2,1,1,0,0,1177,1,77,0,159,68,0
10,31,1006,0,2,0,1,1,1685,1,0,76,41,55,0
31,10,1006,0,2,1,0,0,1685,1,76,0,55,41,0
10,31,1007,1,2,0,1,1,850,1,0,61,23,70,0
31,10,1007,1,2,1,0,0,1847,1,8,0,32,18,0
10,31,1008,2,2,0,1,0,1465,1,49,0,53,31,0
31,10,1008,2,2,1,0,1,1106,1,0,28,6,0,0
10,32,1000,0,0,0,1,0,827,1,91,0,109,69,0
32,10,1000,0,0,1,0,1,827,1,0,91,69,109,0
10,32,1001,1,0,0,1,1,1723,1,0,20,150,137,0
32,10,1001,1,0,1,0,1,1529,1,0,43,23,5,0
10,32,1002,2,0,0,1,0,1015,1,60,0,33,87,0
32,10,1002,2,0,1,0,1,1171,1,0,30,45,34,0
10,32,1003,0,1,0,1,0,844,1,5,0,144,38,0
32,10,1003,0,1,1,0,1,844,1,0,5,38,144,0
10,32,1004,1,1,0,1,0,644,1,32,0,0,15,0
32,10,1004,1,1,1,0,1,1063,1,0,26,15,0,0
10,32,1005,2,1,0,1,1,1042,1,0,28,48,45,0
32,10,1005,2,1,1,0,1,1206,1,0,66,31,25,0
10,32,1006,0,2,0,1,0,1691,1,12,0,80,98,0
32,10,1006,0,2,1,0,1,1691,1,0,12,98,80,0
10,32,1007,1,2,0,1,0,1260,1,70,0,26,28,0
32,10,1007,1,2,1,0,0,1337,1,12,0,184,147,0
10,32,1008,2,2,0,1,1,1675,1,0,18,92,91,0
32,10,1008,2,2,1,0,1,1635,1,0,37,112,177,0
10,33,1000,0,0,0,1,1,573,1,0,65,39,18,0
33,10,1000,0,0,1,0,0,573,1,65,0,18,39,0
10,33,1001,1,0,0,1,1,846,1,0,33,2,12,0
33,10,1001,1,0,1,0,0,1254,1,17,0,115,115,0
10,33,1002,2,0,0,1,1,549,1,0,71,54,122,0
33,10,1002,2,0,1,0,0,795,1,15,0,122,96,0
10,33,1003,0,1,0,1,1,880,1,0,13,28,81,0
33,10,1003,0,1,1,0,0,880,1,13,0,81,28,0
10,33,1004,1,1,0,1,1,684,1,0,27,19,2,0
33,10,1004,1,1,1,0,0,594,1,51,0,37,0,0
10,33,1005,2,1,0,1,1,1305,1,0,3,9,1,0
33,10,1005,2,1,1,0,0,630,1,65,0,29,16,0
10,33,1006,0,2,0,1,0,766,1,54,0,0,29,0
33,10,1006,0,2,1,0,1,766,1,0,54,29,0,0
10,33,1007,1,2,0,1,1,618,1,0,31,0,9,0
33,10,1007,1,2,1,0,1,1030,1,0,3,29,0,0
10,33,1008,2,2,0,1,1,825,1,0,43,8,9,0
33,10,1008,2,2,1,0,0,589,1,65,0,29,7,0
10,34,1000,0,0,0,1,1,904,1,0,41,95,209,0
34,10,1000,0,0,1,0,0,904,1,41,0,209,95,0
10,34,1001,1,0,0,1,0,949,1,41,0,2,15,0
34,10,1001,1,0,1,0,0,916,1,15,0,15,27,0
10,34,1002,2,0,0,1,0,806,1,37,0,6,11,0
34,10,1002,2,0,1,0,1,1084,1,0,46,15,15,0
10,34,1003,0,1,0,1,1,517,1,0,77,20,0,0
34,10,1003,0,1,1,0,0,517,1,77,0,0,20,0
10,34,1004,1,1,0,1,1,604,1,0,87,0,44,0
34,10,1004,1,1,1,0,0,917,1,37,0,0,3,0
10,34,1005,2,1,0,1,0,969,1,12,0,103,114,0
34,10,1005,2,1,1,0,0,635,1,91,0,94,45,0
10,34,1006,0,2,0,1,1,865,1,0,13,0,18,0
34,10,1006,0,2,1,0,0,865,1,13,0,18,0,0
10,34,1007,1,2,0,1,0,868,1,43,0,0,19,0
34,10,1007,1,2,1,0,1,868,1,0,28,19,0,0
10,34,1008,2,2,0,1,0,914,1,67,0,3,18,0
34,10,1008,2,2,1,0,1,670,1,0,71,30,6,0
10,35,1000,0,0,0,1,1,1294,1,0,8,6,4,0
35,10,1000,0,0,1,0,0,1294,1,8,0,4,6,0
10,35,1001,1,0,0,1,0,1230,1,14,0,3,4,0
35,10,1001,1,0,1,0,0,1437,1,43,0,82,127,0
10,35,1002,2,0,0,1,1,1089,1,0,76,0,1,0
35,10,1002,2,0,1,0,0,1536,1,55,0,0,0,0
10,35,1003,0,1,0,1,1,963,1,0,34,0,1,0
35,10,1003,0,1,1,0,0,963,1,34,0,1,0,0
10,35,1004,1,1,0,1,1,1599,1,0,51,57,0,0
35,10,1004,1,1,1,0,1,1013,1,0,56,0,0,0
10,35,1005,2,1,0,1,1,1756,1,0,40,0,8,0
35,10,1005,2,1,1,0,0,1815,1,17,0,9,62,0
10,35,1006,0,2,0,1,1,1339,1,0,38,7,7,0
35,10,1006,0,2,1,0,0,1339,1,38,0,7,7,0
10,35,1007,1,2,0,1,1,1430,1,0,20,2,34,0
35,10,1007,1,2,1,0,0,1504,1,50,0,0,0,0
10,35,1008,2,2,0,1,1,1268,1,0,87,27,4,0
35,10,1008,2,2,1,0,0,1500,1,57,0,1,0,0
10,36,1000,0,0,0,1,0,569,1,9,0,0,0,0
36,10,1000,0,0,1,0,1,569,1,0,9,0,0,0
10,36,1001,1,0,0,1,1,633,1,0,66,0,8,0
36,10,1001,1,0,1,0,0,655,1,52,0,8,0,0
10,36,1002,2,0,0,1,1,576,1,0,3,0,8,0
36,10,1002,2,0,1,0,1,422,1,0,31,0,0,0
10,36,1003,0,1,0,1,1,622,1,0,67,0,6,0
36,10,1003,0,1,1,0,0,622,1,67,0,6,0,0
10,36,1004,1,1,0,1,0,839,1,4,0,3,5,0
36,10,1004,1,1,1,0,0,814,1,25,0,5,3,0
10,36,1005,2,1,0,1,1,502,1,0,56,0,8,0
36,10,1005,2,1,1,0,0,583,1,52,0,8,0,0
10,36,1006,0,2,0,1,1,376,1,0,52,0,6,0
36,10,1006,0,2,1,0,0,376,1,52,0,6,0,0
10,36,1007,1,2,0,1,1,679,1,0,18,4,16,0
36,10,1007,1,2,1,0,0,385,1,31,0,6,0,0
10,36,1008,2,2,0,1,1,508,1,0,35,0,39,0
36,10,1008,2,2,1,0,0,389,1,34,0,8,0,0
10,37,1000,0,0,0,1,0,956,1,20,0,3,0,0
37,10,1000,0,0,1,0,1,956,1,0,20,0,3,0
10,37,1001,1,0,0,1,0,1090,1,32,0,64,106,0
37,10,1001,1,0,1,0,0,955,1,21,0,9,7,0
10,37,1002,2,0,0,1,1,775,1,0,49,0,26,0
37,10,1002,2,0,1,0,1,983,1,0,8,91,49,0
10,37,1003,0,1,0,1,0,622,1,46,0,6,3,0
37,10,1003,0,1,1,0,1,622,1,0,46,3,6,0
10,37,1004,1,1,0,1,1,1000,1,0,9,0,17,0
37,10,1004,1,1,1,0,1,710,1,0,10,4,0,0
10,37,1005,2,1,0,1,1,1045,1,0,23,0,51,0
37,10,1005,2,1,1,0,1,822,1,0,46,109,61,0
10,37,1006,0,2,0,1,0,631,1,24,0,0,3,0
37,10,1006,0,2,1,0,1,631,1,0,24,3,0,0
10,37,1007,1,2,0,1,0,590,1,70,0,15,24,0
37,10,1007,1,2,1,0,0,730,1,61,0,3,0,0
10,37,1008,2,2,0,1,1,775,1,0,51,16,38,0
37,10,1008,2,2,1,0,0,1393,1,21,0,37,87,0
10,38,1000,0,0,0,1,0,796,1,85,0,111,124,0
38,10,1000,0,0,1,0,1,796,1,0,85,124,111,0
10,38,1001,1,0,0,1,1,1186,1,0,17,137,167,0
38,10,1001,1,0,1,0,1,781,1,0,9,97,67,0
10,38,1002,2,0,0,1,0,850,1,47,0,143,181,0
38,10,1002,2,0,1,0,1,787,1,0,9,130,96,0
10,38,1003,0,1,0,1,0,1021,1,85,0,0,21,0
38,10,1003,0,1,1,0,1,1021,1,0,85,21,0,0
10,38,1004,1,1,0,1,1,621,1,0,51,0,0,0
38,10,1004,1,1,1,0,0,1146,1,7,0,0,0,0
10,38,1005,2,1,0,1,1,1022,1,0,13,11,54,0
38,10,1005,2,1,1,0,1,836,1,0,9,101,45,0
10,38,1006,0,2,0,1,0,786,1,85,0,0,0,0
38,10,1006,0,2,1,0,1,786,1,0,85,0,0,0
10,38,1007,1,2,0,1,1,1030,1,0,57,35,12,0
38,10,1007,1,2,1,0,0,621,1,37,0,41,9,0
10,38,1008,2,2,0,1,1,1093,1,0,39,29,23,0
38,10,1008,2,2,1,0,0,588,1,65,0,53,3,0
10,39,1000,0,0,0,1,1,649,1,0,103,15,155,0
39,10,1000,0,0,1,0,0,649,1,103,0,155,15,0
10,39,1001,1,0,0,1,1,1207,1,0,101,89,98,0
39,10,1001,1,0,1,0,0,1276,1,94,0,80,51,0
10,39,1002,2,0,0,1,1,1084,1,0,90,156,175,0
39,10,1002,2,0,1,0,0,1584,1,52,0,156,172,0
10,39,1003,0,1,0,1,1,964,1,0,35,0,40,0
39,10,1003,0,1,1,0,0,964,1,35,0,40,0,0
10,39,1004,1,1,0,1,1,899,1,0,78,20,18,0
39,10,1004,1,1,1,0,0,817,1,67,0,31,25,0
10,39,1005,2,1,0,1,1,1165,1,0,68,108,91,0
39,10,1005,2,1,1,0,0,1129,1,75,0,91,84,0
10,39,1006,0,2,0,1,1,769,1,0,75,8,60,0
39,10,1006,0,2,1,0,0,769,1,75,0,60,8,0
10,39,1007,1,2,0,1,1,1177,1,0,59,55,92,0
39,10,1007,1,2,1,0,0,1177,1,38,0,92,55,0
10,39,1008,2,2,0,1,1,721,1,0,87,0,60,0
39,10,1008,2,2,1,0,0,706,1,86,0,60,0,0
11,12,1000,0,0,0,1,0,1007,1,84,0,0,5,0
12,11,1000,0,0,1,0,1,1007,1,0,84,5,0,0
11,12,1001,1,0,0,1,0,679,1,30,0,0,5,0
12,11,1001,1,0,1,0,1,679,1,0,30,5,0,0
11,12,1002,2,0,0,1,0,574,1,74,0,0,5,0
12,11,1002,2,0,1,0,1,574,1,0,74,5,0,0
11,12,1003,0,1,0,1,1,844,1,0,59,0,10,0
12,11,1003,0,1,1,0,0,844,1,59,0,10,0,0
11,12,1004,1,1,0,1,1,841,1,0,1,0,5,0
12,11,1004,1,1,1,0,0,841,1,1,0,5,0,0
11,12,1005,2,1,0,1,1,514,1,0,24,0,5,0
12,11,1005,2,1,1,0,0,514,1,24,0,5,0,0
11,12,1006,0,2,0,1,1,915,1,0,85,0,5,0
12,11,1006,0,2,1,0,0,915,1,85,0,5,0,0
11,12,1007,1,2,0,1,1,913,1,0,21,0,5,0
12,11,1007,1,2,1,0,0,913,1,21,0,5,0,0
11,12,1008,2,2,0,1,0,688,1,94,0,0,5,0
12,11,1008,2,2,1,0,1,688,1,0,94,5,0,0
11,13,1000,0,0,0,1,0,1258,1,40,0,11,0,0
13,11,1000,0,0,1,0,1,1258,1,0,40,0,11,0
11,13,1001,1,0,0,1,1,629,1,0,47,5,0,0
13,11,1001,1,0,1,0,0,822,1,28,0,0,0,0
11,13,1002,2,0,0,1,1,894,1,0,28,10,31,0
13,11,1002,2,0,1,0,0,1039,1,9,0,31,10,0
11,13,1003,0,1,0,1,1,631,1,0,15,9,0,0
13,11,1003,0,1,1,0,0,631,1,15,0,0,9,0
11,13,1004,1,1,0,1,0,1183,1,55,0,26,44,0
13,11,1004,1,1,1,0,0,831,1,47,0,0,7,0
11,13,1005,2,1,0,1,1,443,1,0,34,5,0,0
13,11,1005,2,1,1,0,0,564,1,2,0,0,3,0
11,13,1006,0,2,0,1,1,1003,1,0,28,5,0,0
13,11,1006,0,2,1,0,0,1003,1,28,0,0,5,0
11,13,1007,1,2,0,1,0,730,1,51,0,5,0,0
13,11,1007,1,2,1,0,0,961,1,28,0,0,13,0
11,13,1008,2,2,0,1,0,517,1,28,0,5,0,0
13,11,1008,2,2,1,0,1,841,1,0,34,25,1,0
11,14,1000,0,0,0,1,1,1429,1,0,24,6,0,0
14,11,1000,0,0,1,0,0,1429,1,24,0,0,6,0
11,14,1001,1,0,0,1,1,1085,1,0,65,0,0,0
14,11,1001,1,0,1,0,0,1085,1,65,0,0,0,0
11,14,1002,2,0,0,1,1,946,1,0,51,0,0,0
14,11,1002,2,0,1,0,0,946,1,51,0,0,0,0
11,14,1003,0,1,0,1,0,1536,1,53,0,0,0,0
14,11,1003,0,1,1,0,1,1536,1,0,53,0,0,0
11,14,1004,1,1,0,1,1,1538,1,0,27,0,0,0
14,11,1004,1,1,1,0,0,1538,1,27,0,0,0,0
11,14,1005,2,1,0,1,1,1053,1,0,65,0,0,0
14,11,1005,2,1,1,0,0,1053,1,65,0,0,0,0
11,14,1006,0,2,0,1,1,1097,1,0,32,0,0,0
14,11,1006,0,2,1,0,0,1097,1,32,0,0,0,0
11,14,1007,1,2,0,1,1,581,1,0,48,0,0,0
14,11,1007,1,2,1,0,0,581,1,48,0,0,0,0
11,14,1008,2,2,0,1,0,1267,1,14,0,0,0,0
14,11,1008,2,2,1,0,1,1267,1,0,14,0,0,0
11,15,1000,0,0,0,1,0,868,1,70,0,0,1,0
15,11,1000,0,0,1,0,1,868,1,0,70,1,0,0
11,15,1001,1,0,0,1,0,1644,1,63,0,27,44,0
15,11,1001,1,0,1,0,1,1228,1,0,82,28,0,0
11,15,1002,2,0,0,1,1,1640,1,0,34,0,2,0
15,11,1002,2,0,1,0,0,1651,1,16,0,10,0,0
11,15,1003,0,1,0,1,0,1294,1,77,0,2,12,0
15,11,1003,0,1,1,0,1,1294,1,0,77,12,2,0
11,15,1004,1,1,0,1,0,1375,1,119,0,0,27,0
15,11,1004,1,1,1,0,1,1531,1,0,118,26,0,0
11,15,1005,2,1,0,1,0,2002,1,9,0,9,39,0
15,11,1005,2,1,1,0,0,1045,1,55,0,0,0,0
11,15,1006,0,2,0,1,0,1246,1,110,0,0,3,0
15,11,1006,0,2,1,0,1,1246,1,0,110,3,0,0
11,15,1007,1,2,0,1,0,2001,1,22,0,0,34,0
15,11,1007,1,2,1,0,1,1484,1,0,72,21,2,0
11,15,1008,2,2,0,1,0,1783,1,52,0,0,41,0
15,11,1008,2,2,1,0,1,1139,1,0,25,21,0,0
11,16,1000,0,0,0,1,0,1755,1,66,0,20,14,0
16,11,1000,0,0,1,0,1,1755,1,0,66,14,20,0
11,16,1001,1,0,0,1,0,1789,1,65,0,3,15,0
16,11,1001,1,0,1,0,1,1480,1,0,109,6,7,0
11,16,1002,2,0,0,1,0,1785,1,70,0,17,0,0
16,11,1002,2,0,1,0,1,2065,1,0,56,0,17,0
11,16,1003,0,1,0,1,0,1750,1,17,0,3,6,0
16,11,1003,0,1,1,0,1,1750,1,0,17,6,3,0
11,16,1004,1,1,0,1,0,1595,1,62,0,27,0,0
16,11,1004,1,1,1,0,1,1630,1,0,48,0,12,0
11,16,1005,2,1,0,1,0,1725,1,100,0,25,4,0
16,11,1005,2,1,1,0,1,1843,1,0,50,4,25,0
11,16,1006,0,2,0,1,1,1641,1,0,6,38,23,0
16,11,1006,0,2,1,0,0,1641,1,6,0,23,38,0
11,16,1007,1,2,0,1,0,1617,1,78,0,60,57,0
16,11,1007,1,2,1,0,1,1640,1,0,28,18,2,0
11,16,1008,2,2,0,1,0,1643,1,78,0,3,36,0
16,11,1008,2,2,1,0,1,1686,1,0,46,36,3,0
11,17,1000,0,0,0,1,1,423,1,0,117,0,0,0
17,11,1000,0,0,1,0,0,423,1,117,0,0,0,0
11,17,1001,1,0,0,1,1,499,1,0,73,0,0,0
17,11,1001,1,0,1,0,0,499,1,73,0,0,0,0
11,17,1002,2,0,0,1,0,733,1,15,0,0,0,0
17,11,1002,2,0,1,0,1,733,1,0,15,0,0,0
11,17,1003,0,1,0,1,1,458,1,0,38,0,0,0
17,11,1003,0,1,1,0,0,458,1,38,0,0,0,0
11,17,1004,1,1,0,1,1,598,1,0,54,0,0,0
17,11,1004,1,1,1,0,0,598,1,54,0,0,0,0
11,17,1005,2,1,0,1,1,568,1,0,69,0,0,0
17,11,1005,2,1,1,0,0,568,1,69,0,0,0,0
11,17,1006,0,2,0,1,1,673,1,0,80,0,0,0
17,11,1006,0,2,1,0,0,673,1,80,0,0,0,0
11,17,1007,1,2,0,1,1,496,1,0,89,0,0,0
17,11,1007,1,2,1,0,0,496,1,89,0,0,0,0
11,17,1008,2,2,0,1,1,607,1,0,35,0,9,0
17,11,1008,2,2,1,0,0,607,1,35,0,9,0,0
11,18,1000,0,0,0,1,0,1240,1,123,0,0,0,0
18,11,1000,0,0,1,0,1,1240,1,0,123,0,0,0
11,18,1001,1,0,0,1,0,1099,1,81,0,44,22,0
18,11,1001,1,0,1,0,1,1099,1,0,84,22,44,0
11,18,1002,2,0,0,1,0,1008,1,89,0,9,0,0
18,11,1002,2,0,1,0,1,1008,1,0,108,0,9,0
11,18,1003,0,1,0,1,0,1545,1,85,0,15,44,0
18,11,1003,0,1,1,0,1,1545,1,0,85,44,15,0
11,18,1004,1,1,0,1,0,1330,1,96,0,0,21,0
18,11,1004,1,1,1,0,1,1330,1,0,109,21,0,0
11,18,1005,2,1,0,1,0,1337,1,110,0,23,68,0
18,11,1005,2,1,1,0,1,1337,1,0,100,68,23,0
11,18,1006,0,2,0,1,0,1490,1,106,0,0,16,0
18,11,1006,0,2,1,0,1,1490,1,0,106,16,0,0
11,18,1007,1,2,0,1,0,1637,1,97,0,0,8,0
18,11,1007,1,2,1,0,1,1544,1,0,120,8,0,0
11,18,1008,2,2,0,1,0,1089,1,91,0,0,0,0
18,11,1008,2,2,1,0,1,1089,1,0,91,0,0,0
11,19,1000,0,0,0,1,0,1300,1,100,0,47,21,0
19,11,1000,0,0,1,0,1,1300,1,0,100,21,47,0
11,19,1001,1,0,0,1,0,1635,1,89,0,0,20,0
19,11,1001,1,0,1,0,1,1537,1,0,92,0,0,0
11,19,1002,2,0,0,1,0,1612,1,91,0,3,6,0
19,11,1002,2,0,1,0,1,1564,1,0,109,14,3,0
11,19,1003,0,1,0,1,0,1262,1,102,0,0,11,0
19,11,1003,0,1,1,0,1,1262,1,0,102,11,0,0
11,19,1004,1,1,0,1,0,1554,1,23,0,21,35,0
19,11,1004,1,1,1,0,1,1594,1,0,37,35,21,0
11,19,1005,2,1,0,1,0,1138,1,82,0,0,8,0
19,11,1005,2,1,1,0,1,1066,1,0,107,8,0,0
11,19,1006,0,2,0,1,0,1615,1,83,0,30,48,0
19,11,1006,0,2,1,0,1,1615,1,0,83,48,30,0
11,19,1007,1,2,0,1,0,1371,1,65,0,60,38,0
19,11,1007,1,2,1,0,1,1773,1,0,25,21,21,0
11,19,1008,2,2,0,1,0,1591,1,112,0,89,114,0
19,11,1008,2,2,1,0,1,1663,1,0,12,73,95,0
11,20,1000,0,0,0,1,0,1962,1,10,0,25,52,0
20,11,1000,0,0,1,0,1,1962,1,0,10,52,25,0
11,20,1001,1,0,0,1,0,2047,1,20,0,87,75,0
20,11,1001,1,0,1,0,1,1979,1,0,43,34,0,0
11,20,1002,2,0,0,1,0,1796,1,26,0,50,105,0
20,11,1002,2,0,1,0,1,1021,1,0,22,42,0,0
11,20,1003,0,1,0,1,0,1702,1,47,0,29,92,0
20,11,1003,0,1,1,0,1,1702,1,0,47,92,29,0
11,20,1004,1,1,0,1,0,1510,1,81,0,47,57,0
20,11,1004,1,1,1,0,0,1952,1,17,0,44,25,0
11,20,1005,2,1,0,1,0,1363,1,104,0,38,12,0
20,11,1005,2,1,1,0,0,1125,1,47,0,62,9,0
11,20,1006,0,2,0,1,1,1935,1,0,33,48,131,0
20,11,1006,0,2,1,0,0,1935,1,33,0,131,48,0
11,20,1007,1,2,0,1,0,1369,1,112,0,0,46,0
20,11,1007,1,2,1,0,1,2212,1,0,68,112,36,0
11,20,1008,2,2,0,1,0,2032,1,88,0,6,100,0
20,11,1008,2,2,1,0,1,2038,1,0,89,61,32,0
11,21,1000,0,0,0,1,1,1356,1,0,1,0,0,0
21,11,1000,0,0,1,0,0,1356,1,1,0,0,0,0
11,21,1001,1,0,0,1,0,1161,1,19,0,0,0,0
21,11,1001,1,0,1,0,1,1515,1,0,9,0,0,0
11,21,1002,2,0,0,1,0,1519,1,45,0,0,28,0
21,11,1002,2,0,1,0,1,855,1,0,58,0,0,0
11,21,1003,0,1,0,1,0,936,1,85,0,22,3,0
21,11,1003,0,1,1,0,1,936,1,0,85,3,22,0
11,21,1004,1,1,0,1,0,1217,1,66,0,17,20,0
21,11,1004,1,1,1,0,0,1411,1,1,0,61,17,0
11,21,1005,2,1,0,1,0,898,1,87,0,0,41,0
21,11,1005,2,1,1,0,1,985,1,0,65,34,0,0
11,21,1006,0,2,0,1,0,1125,1,58,0,1,0,0
21,11,1006,0,2,1,0,1,1125,1,0,58,0,1,0
11,21,1007,1,2,0,1,0,1300,1,85,0,6,13,0
21,11,1007,1,2,1,0,1,610,1,0,105,0,0,0
11,21,1008,2,2,0,1,0,1485,1,76,0,0,16,0
21,11,1008,2,2,1,0,1,1167,1,0,15,6,0,0
11,22,1000,0,0,0,1,0,1060,1,118,0,0,0,0
22,11,1000,0,0,1,0,1,1060,1,0,118,0,0,0
11,22,1001,1,0,0,1,0,1342,1,66,0,0,11,0
22,11,1001,1,0,1,0,1,1106,1,0,120,0,0,0
11,22,1002,2,0,0,1,0,1608,1,91,0,0,4,0
22,11,1002,2,0,1,0,1,1699,1,0,91,9,0,0
11,22,1003,0,1,0,1,0,1045,1,46,0,0,0,0
22,11,1003,0,1,1,0,1,1045,1,0,46,0,0,0
11,22,1004,1,1,0,1,0,1030,1,74,0,0,0,0
22,11,1004,1,1,1,0,1,1030,1,0,74,0,0,0
11,22,1005,2,1,0,1,0,1505,1,44,0,0,28,0
22,11,1005,2,1,1,0,1,1687,1,0,32,13,0,0
11,22,1006,0,2,0,1,0,1330,1,116,0,0,0,0
22,11,1006,0,2,1,0,1,1330,1,0,116,0,0,0
11,22,1007,1,2,0,1,0,1129,1,40,0,0,0,0
22,11,1007,1,2,1,0,1,895,1,0,109,1,0,0
11,22,1008,2,2,0,1,0,1723,1,106,0,0,29,0
22,11,1008,2,2,1,0,1,1843,1,0,104,4,0,0
11,23,1000,0,0,0,1,1,891,1,0,54,0,2,0
23,11,1000,0,0,1,0,0,891,1,54,0,2,0,0
11,23,1001,1,0,0,1,1,813,1,0,72,0,0,0
23,11,1001,1,0,1,0,0,900,1,84,0,0,0,0
11,23,1002,2,0,0,1,1,603,1,0,34,0,0,0
23,11,1002,2,0,1,0,0,667,1,21,0,0,0,0
11,23,1003,0,1,0,1,1,733,1,0,35,0,9,0
23,11,1003,0,1,1,0,0,733,1,35,0,9,0,0
11,23,1004,1,1,0,1,1,675,1,0,95,0,3,0
23,11,1004,1,1,1,0,0,675,1,95,0,3,0,0
11,23,1005,2,1,0,1,1,631,1,0,53,0,0,0
23,11,1005,2,1,1,0,0,631,1,53,0,0,0,0
11,23,1006,0,2,0,1,1,900,1,0,64,0,0,0
23,11,1006,0,2,1,0,0,900,1,64,0,0,0,0
11,23,1007,1,2,0,1,1,634,1,0,76,0,12,0
23,11,1007,1,2,1,0,0,634,1,76,0,12,0,0
11,23,1008,2,2,0,1,1,753,1,0,26,0,0,0
23,11,1008,2,2,1,0,0,663,1,53,0,0,0,0
11,24,1000,0,0,0,1,0,952,1,31,0,0,0,0
24,11,1000,0,0,1,0,1,952,1,0,31,0,0,0
11,24,1001,1,0,0,1,1,835,1,0,18,0,0,0
24,11,1001,1,0,1,0,0,835,1,18,0,0,0,0
11,24,1002,2,0,0,1,1,1249,1,0,27,0,0,0
24,11,1002,2,0,1,0,0,1249,1,27,0,0,0,0
11,24,1003,0,1,0,1,1,868,1,0,31,0,0,0
24,11,1003,0,1,1,0,0,868,1,31,0,0,0,0
11,24,1004,1,1,0,1,1,1036,1,0,24,0,2,0
24,11,1004,1,1,1,0,0,1036,1,24,0,2,0,0
11,24,1005,2,1,0,1,1,1141,1,0,48,0,0,0
24,11,1005,2,1,1,0,0,1141,1,48,0,0,0,0
11,24,1006,0,2,0,1,1,621,1,0,56,3,4,0
24,11,1006,0,2,1,0,0,621,1,56,0,4,3,0
11,24,1007,1,2,0,1,0,1093,1,43,0,13,0,0
24,11,1007,1,2,1,0,1,1093,1,0,43,0,13,0
11,24,1008,2,2,0,1,0,1099,1,32,0,0,2,0
24,11,1008,2,2,1,0,1,1099,1,0,32,2,0,0
11,25,1000,0,0,0,1,1,1105,1,0,1,0,0,0
25,11,1000,0,0,1,0,0,1105,1,1,0,0,0,0
11,25,1001,1,0,0,1,1,1012,1,0,61,0,0,0
25,11,1001,1,0,1,0,0,986,1,61,0,0,0,0
11,25,1002,2,0,0,1,0,1117,1,28,0,0,0,0
25,11,1002,2,0,1,0,1,1117,1,0,13,0,0,0
11,25,1003,0,1,0,1,1,913,1,0,14,0,8,0
25,11,1003,0,1,1,0,0,913,1,14,0,8,0,0
11,25,1004,1,1,0,1,1,1159,1,0,16,0,36,0
25,11,1004,1,1,1,0,0,1266,1,40,0,36,0,0
11,25,1005,2,1,0,1,0,976,1,43,0,0,24,0
25,11,1005,2,1,1,0,1,663,1,0,59,34,0,0
11,25,1006,0,2,0,1,1,1189,1,0,2,2,0,0
25,11,1006,0,2,1,0,0,1189,1,2,0,0,2,0
11,25,1007,1,2,0,1,0,1045,1,82,0,0,0,0
25,11,1007,1,2,1,0,0,904,1,65,0,0,0,0
11,25,1008,2,2,0,1,0,1156,1,46,0,0,0,0
25,11,1008,2,2,1,0,1,1082,1,0,23,0,9,0
11,26,1000,0,0,0,1,1,1317,1,0,5,0,0,0
26,11,1000,0,0,1,0,0,1317,1,5,0,0,0,0
11,26,1001,1,0,0,1,0,1172,1,65,0,0,0,0
26,11,1001,1,0,1,0,1,700,1,0,103,0,0,0
11,26,1002,2,0,0,1,0,999,1,23,0,0,14,0
26,11,1002,2,0,1,0,1,802,1,0,35,14,0,0
11,26,1003,0,1,0,1,0,1148,1,30,0,0,4,0
26,11,1003,0,1,1,0,1,1148,1,0,30,4,0,0
11,26,1004,1,1,0,1,0,1296,1,55,0,32,1,0
26,11,1004,1,1,1,0,1,1296,1,0,55,1,32,0
11,26,1005,2,1,0,1,0,793,1,15,0,11,1,0
26,11,1005,2,1,1,0,1,793,1,0,24,1,11,0
11,26,1006,0,2,0,1,0,583,1,57,0,16,36,0
26,11,1006,0,2,1,0,1,583,1,0,57,36,16,0
11,26,1007,1,2,0,1,0,1133,1,76,0,20,0,0
26,11,1007,1,2,1,0,1,1133,1,0,76,0,20,0
11,26,1008,2,2,0,1,0,648,1,36,0,0,18,0
26,11,1008,2,2,1,0,1,648,1,0,31,18,0,0
11,27,1000,0,0,0,1,0,1104,1,86,0,42,30,0
27,11,1000,0,0,1,0,1,1104,1,0,86,30,42,0
11,27,1001,1,0,0,1,0,1658,1,64,0,7,0,0
27,11,1001,1,0,1,0,1,1606,1,0,19,0,39,0
11,27,1002,2,0,0,1,1,1425,1,0,56,22,34,0
27,11,1002,2,0,1,0,1,1564,1,0,42,0,11,0
11,27,1003,0,1,0,1,0,874,1,104,0,34,49,0
27,11,1003,0,1,1,0,1,874,1,0,104,49,34,0
11,27,1004,1,1,0,1,0,1537,1,47,0,0,3,0
27,11,1004,1,1,1,0,1,1309,1,0,57,26,37,0
11,27,1005,2,1,0,1,0,619,1,79,0,34,14,0
27,11,1005,2,1,1,0,1,1217,1,0,101,109,70,0
11,27,1006,0,2,0,1,0,1600,1,52,0,44,3,0
27,11,1006,0,2,1,0,1,1600,1,0,52,3,44,0
11,27,1007,1,2,0,1,0,1552,1,69,0,5,0,0
27,11,1007,1,2,1,0,1,1700,1,0,87,99,40,0
11,27,1008,2,2,0,1,0,1651,1,103,0,29,53,0
27,11,1008,2,2,1,0,1,1528,1,0,87,48,34,0
11,28,1000,0,0,0,1,1,1011,1,0,33,1,0,0
28,11,1000,0,0,1,0,0,1011,1,33,0,0,1,0
11,28,1001,1,0,0,1,1,1014,1,0,52,1,0,0
28,11,1001,1,0,1,0,0,1155,1,52,0,0,1,0
11,28,1002,2,0,0,1,1,1314,1,0,52,1,0,0
28,11,1002,2,0,1,0,0,1170,1,1,0,0,22,0
11,28,1003,0,1,0,1,0,705,1,33,0,0,8,0
28,11,1003,0,1,1,0,1,705,1,0,33,8,0,0
11,28,1004,1,1,0,1,0,951,1,48,0,0,12,0
28,11,1004,1,1,1,0,1,1388,1,0,70,12,0,0
11,28,1005,2,1,0,1,0,962,1,52,0,0,0,0
28,11,1005,2,1,1,0,1,1080,1,0,81,0,33,0
11,28,1006,0,2,0,1,1,1005,1,0,39,19,14,0
28,11,1006,0,2,1,0,0,1005,1,39,0,14,19,0
11,28,1007,1,2,0,1,1,1008,1,0,65,31,0,0
28,11,1007,1,2,1,0,1,1663,1,0,20,59,26,0
11,28,1008,2,2,0,1,1,1095,1,0,58,54,7,0
28,11,1008,2,2,1,0,0,1155,1,45,0,77,22,0
11,29,1000,0,0,0,1,1,1641,1,0,27,0,23,0
29,11,1000,0,0,1,0,0,1641,1,27,0,23,0,0
11,29,1001,1,0,0,1,1,1585,1,0,22,2,5,0
29,11,1001,1,0,1,0,0,1585,1,22,0,5,2,0
11,29,1002,2,0,0,1,0,1357,1,81,0,31,20,0
29,11,1002,2,0,1,0,1,1357,1,0,81,20,31,0
11,29,1003,0,1,0,1,0,1483,1,48,0,0,32,0
29,11,1003,0,1,1,0,1,1483,1,0,36,32,0,0
11,29,1004,1,1,0,1,1,1585,1,0,22,0,9,0
29,11,1004,1,1,1,0,0,1585,1,22,0,9,0,0
11,29,1005,2,1,0,1,0,1654,1,18,0,60,11,0
29,11,1005,2,1,1,0,1,1654,1,0,34,11,60,0
11,29,1006,0,2,0,1,0,1723,1,46,0,0,0,0
29,11,1006,0,2,1,0,1,1723,1,0,59,0,0,0
11,29,1007,1,2,0,1,1,1758,1,0,40,7,5,0
29,11,1007,1,2,1,0,0,1758,1,40,0,5,7,0
11,29,1008,2,2,0,1,0,931,1,14,0,37,0,0
29,11,1008,2,2,1,0,1,931,1,0,14,0,37,0
11,30,1000,0,0,0,1,0,1304,1,112,0,15,13,0
30,11,1000,0,0,1,0,1,1304,1,0,112,13,15,0
11,30,1001,1,0,0,1,0,1543,1,70,0,24,32,0
30,11,1001,1,0,1,0,1,1543,1,0,80,32,24,0
11,30,1002,2,0,0,1,0,1082,1,83,0,19,22,0
30,11,1002,2,0,1,0,1,1082,1,0,83,22,19,0
11,30,1003,0,1,0,1,0,1046,1,84,0,19,21,0
30,11,1003,0,1,1,0,1,1046,1,0,84,21,19,0
11,30,1004,1,1,0,1,0,1012,1,97,0,20,19,0
30,11,1004,1,1,1,0,1,1012,1,0,98,19,20,0
11,30,1005,2,1,0,1,0,844,1,109,0,48,60,0
30,11,1005,2,1,1,0,1,844,1,0,122,60,48,0
11,30,1006,0,2,0,1,0,1598,1,84,0,14,11,0
30,11,1006,0,2,1,0,1,1598,1,0,84,11,14,0
11,30,1007,1,2,0,1,0,1474,1,122,0,35,27,0
30,11,1007,1,2,1,0,1,1543,1,0,106,28,42,0
11,30,1008,2,2,0,1,0,1051,1,116,0,30,26,0
30,11,1008,2,2,1,0,1,1705,1,0,37,26,17,0
11,31,1000,0,0,0,1,1,1094,1,0,26,0,0,0
31,11,1000,0,0,1,0,0,1094,1,26,0,0,0,0
11,31,1001,1,0,0,1,0,1118,1,52,0,0,0,0
31,11,1001,1,0,1,0,0,1345,1,14,0,0,0,0
11,31,1002,2,0,0,1,1,1141,1,0,62,11,6,0
31,11,1002,2,0,1,0,0,1160,1,62,0,6,11,0
11,31,1003,0,1,0,1,0,931,1,18,0,9,0,0
31,11,1003,0,1,1,0,1,931,1,0,18,0,9,0
11,31,1004,1,1,0,1,1,1720,1,0,46,2,11,0
31,11,1004,1,1,1,0,1,1069,1,0,23,3,0,0
11,31,1005,2,1,0,1,1,1417,1,0,8,0,2,0
31,11,1005,2,1,1,0,1,1451,1,0,88,0,0,0
11,31,1006,0,2,0,1,0,1336,1,62,0,0,11,0
31,11,1006,0,2,1,0,1,1336,1,0,62,11,0,0
11,31,1007,1,2,0,1,0,931,1,53,0,0,0,0
31,11,1007,1,2,1,0,1,1060,1,0,12,0,0,0
11,31,1008,2,2,0,1,1,1622,1,0,43,7,35,0
31,11,1008,2,2,1,0,0,1735,1,70,0,60,1,0
11,32,1000,0,0,0,1,0,1045,1,36,0,15,9,0
32,11,1000,0,0,1,0,1,1045,1,0,36,9,15,0
11,32,1001,1,0,0,1,0,979,1,29,0,0,19,0
32,11,1001,1,0,1,0,1,1011,1,0,59,14,0,0
11,32,1002,2,0,0,1,0,1303,1,79,0,0,12,0
32,11,1002,2,0,1,0,1,1303,1,0,85,12,0,0
11,32,1003,0,1,0,1,0,847,1,62,0,9,19,0
32,11,1003,0,1,1,0,1,847,1,0,62,19,9,0
11,32,1004,1,1,0,1,0,1015,1,55,0,0,2,0
32,11,1004,1,1,1,0,1,1171,1,0,45,7,3,0
11,32,1005,2,1,0,1,0,1039,1,49,0,6,7,0
32,11,1005,2,1,1,0,1,1012,1,0,71,7,1,0
11,32,1006,0,2,0,1,0,1021,1,73,0,0,55,0
32,11,1006,0,2,1,0,1,1021,1,0,73,55,0,0
11,32,1007,1,2,0,1,0,1180,1,54,0,6,0,0
32,11,1007,1,2,1,0,1,1156,1,0,65,0,0,0
11,32,1008,2,2,0,1,0,1336,1,44,0,12,0,0
32,11,1008,2,2,1,0,1,1336,1,0,29,0,12,0
11,33,1000,0,0,0,1,0,751,1,72,0,0,30,0
33,11,1000,0,0,1,0,1,751,1,0,72,30,0,0
11,33,1001,1,0,0,1,0,889,1,101,0,0,28,0
33,11,1001,1,0,1,0,1,1211,1,0,106,28,0,0
11,33,1002,2,0,0,1,0,1242,1,46,0,5,37,0
33,11,1002,2,0,1,0,1,1241,1,0,58,37,5,0
11,33,1003,0,1,0,1,0,893,1,52,0,0,0,0
33,11,1003,0,1,1,0,1,893,1,0,52,0,0,0
11,33,1004,1,1,0,1,0,1096,1,69,0,0,2,0
33,11,1004,1,1,1,0,1,892,1,0,105,6,0,0
11,33,1005,2,1,0,1,0,844,1,47,0,0,37,0
33,11,1005,2,1,1,0,1,643,1,0,90,0,0,0
11,33,1006,0,2,0,1,0,1040,1,123,0,0,30,0
33,11,1006,0,2,1,0,1,1040,1,0,123,30,0,0
11,33,1007,1,2,0,1,0,886,1,95,0,0,31,0
33,11,1007,1,2,1,0,1,811,1,0,99,31,0,0
11,33,1008,2,2,0,1,0,979,1,60,0,0,31,0
33,11,1008,2,2,1,0,1,1128,1,0,100,38,0,0
11,34,1000,0,0,0,1,0,712,1,57,0,0,0,0
34,11,1000,0,0,1,0,1,712,1,0,57,0,0,0
11,34,1001,1,0,0,1,1,735,1,0,13,0,0,0
34,11,1001,1,0,1,0,0,735,1,13,0,0,0,0
11,34,1002,2,0,0,1,0,547,1,47,0,0,5,0
34,11,1002,2,0,1,0,1,547,1,0,47,5,0,0
11,34,1003,0,1,0,1,0,706,1,89,0,0,0,0
34,11,1003,0,1,1,0,1,706,1,0,89,0,0,0
11,34,1004,1,1,0,1,1,1018,1,0,44,0,27,0
34,11,1004,1,1,1,0,1,989,1,0,19,27,0,0
11,34,1005,2,1,0,1,1,913,1,0,13,0,0,0
34,11,1005,2,1,1,0,0,854,1,13,0,0,0,0
11,34,1006,0,2,0,1,0,905,1,38,0,0,0,0
34,11,1006,0,2,1,0,1,905,1,0,38,0,0,0
11,34,1007,1,2,0,1,0,612,1,71,0,0,0,0
34,11,1007,1,2,1,0,0,661,1,26,0,0,0,0
11,34,1008,2,2,0,1,1,652,1,0,83,0,10,0
34,11,1008,2,2,1,0,0,979,1,6,0,0,0,0
11,35,1000,0,0,0,1,0,1861,1,56,0,28,41,0
35,11,1000,0,0,1,0,1,1861,1,0,56,41,28,0
11,35,1001,1,0,0,1,0,1681,1,71,0,33,27,0
35,11,1001,1,0,1,0,1,1981,1,0,54,18,22,0
11,35,1002,2,0,0,1,1,1660,1,0,25,47,0,0
35,11,1002,2,0,1,0,0,1729,1,16,0,0,47,0
11,35,1003,0,1,0,1,0,1629,1,82,0,45,70,0
35,11,1003,0,1,1,0,1,1629,1,0,82,70,45,0
11,35,1004,1,1,0,1,0,1519,1,82,0,17,26,0
35,11,1004,1,1,1,0,1,1787,1,0,27,40,45,0
11,35,1005,2,1,0,1,0,2245,1,42,0,9,28,0
35,11,1005,2,1,1,0,1,1869,1,0,11,0,9,0
11,35,1006,0,2,0,1,0,1855,1,48,0,19,3,0
35,11,1006,0,2,1,0,1,1855,1,0,48,3,19,0
11,35,1007,1,2,0,1,0,1918,1,30,0,8,5,0
35,11,1007,1,2,1,0,1,1918,1,0,30,5,8,0
11,35,1008,2,2,0,1,1,2034,1,0,11,5,1,0
35,11,1008,2,2,1,0,1,1729,1,0,1,1,5,0
11,36,1000,0,0,0,1,1,1500,1,0,1,0,15,0
36,11,1000,0,0,1,0,0,1500,1,1,0,15,0,0
11,36,1001,1,0,0,1,0,1594,1,31,0,33,38,0
36,11,1001,1,0,1,0,1,1516,1,0,13,38,33,0
11,36,1002,2,0,0,1,1,1540,1,0,14,0,0,0
36,11,1002,2,0,1,0,0,1122,1,31,0,0,0,0
11,36,1003,0,1,0,1,1,1009,1,0,39,9,61,0
36,11,1003,0,1,1,0,0,1009,1,39,0,61,9,0
11,36,1004,1,1,0,1,1,1036,1,0,18,48,74,0
36,11,1004,1,1,1,0,0,961,1,31,0,74,48,0
11,36,1005,2,1,0,1,1,1122,1,0,57,0,25,0
36,11,1005,2,1,1,0,0,1095,1,57,0,25,0,0
11,36,1006,0,2,0,1,0,1313,1,38,0,0,20,0
36,11,1006,0,2,1,0,1,1313,1,0,38,20,0,0
11,36,1007,1,2,0,1,1,1062,1,0,18,0,6,0
36,11,1007,1,2,1,0,0,1062,1,18,0,6,0,0
11,36,1008,2,2,0,1,0,1314,1,1,0,0,19,0
36,11,1008,2,2,1,0,1,1314,1,0,8,19,0,0
11,37,1000,0,0,0,1,0,1441,1,80,0,3,7,0
37,11,1000,0,0,1,0,1,1441,1,0,80,7,3,0
11,37,1001,1,0,0,1,0,1252,1,114,0,7,1,0
37,11,1001,1,0,1,0,1,1140,1,0,118,79,60,0
11,37,1002,2,0,0,1,0,952,1,96,0,0,5,0
37,11,1002,2,0,1,0,1,1256,1,0,123,0,1,0
11,37,1003,0,1,0,1,0,1540,1,102,0,2,18,0
37,11,1003,0,1,1,0,1,1540,1,0,102,18,2,0
11,37,1004,1,1,0,1,0,873,1,84,0,11,17,0
37,11,1004,1,1,1,0,1,1465,1,0,106,59,2,0
11,37,1005,2,1,0,1,0,1096,1,47,0,0,19,0
37,11,1005,2,1,1,0,1,829,1,0,91,7,0,0
11,37,1006,0,2,0,1,0,1242,1,120,0,11,13,0
37,11,1006,0,2,1,0,1,1242,1,0,120,13,11,0
11,37,1007,1,2,0,1,0,1258,1,123,0,7,12,0
37,11,1007,1,2,1,0,1,1088,1,0,97,41,46,0
11,37,1008,2,2,0,1,0,1483,1,36,0,32,11,0
37,11,1008,2,2,1,0,1,1444,1,0,118,23,13,0
11,38,1000,0,0,0,1,0,868,1,85,0,6,6,0
38,11,1000,0,0,1,0,1,868,1,0,85,6,6,0
11,38,1001,1,0,0,1,0,883,1,123,0,12,0,0
38,11,1001,1,0,1,0,1,1144,1,0,91,0,6,0
11,38,1002,2,0,0,1,0,715,1,54,0,6,8,0
38,11,1002,2,0,1,0,1,715,1,0,82,8,6,0
11,38,1003,0,1,0,1,0,400,1,108,0,6,0,0
38,11,1003,0,1,1,0,1,400,1,0,108,0,6,0
11,38,1004,1,1,0,1,0,991,1,69,0,5,18,0
38,11,1004,1,1,1,0,1,991,1,0,68,18,5,0
11,38,1005,2,1,0,1,0,340,1,61,0,6,0,0
38,11,1005,2,1,1,0,1,340,1,0,61,0,6,0
11,38,1006,0,2,0,1,0,556,1,123,0,6,0,0
38,11,1006,0,2,1,0,1,556,1,0,123,0,6,0
11,38,1007,1,2,0,1,0,556,1,123,0,6,0,0
38,11,1007,1,2,1,0,1,778,1,0,78,0,6,0
11,38,1008,2,2,0,1,0,400,1,120,0,6,0,0
38,11,1008,2,2,1,0,1,400,1,0,121,0,6,0
11,39,1000,0,0,0,1,1,1552,1,0,20,0,0,0
39,11,1000,0,0,1,0,0,1552,1,20,0,0,0,0
11,39,1001,1,0,0,1,1,1615,1,0,40,6,13,0
39,11,1001,1,0,1,0,0,1615,1,40,0,13,6,0
11,39,1002,2,0,0,1,1,1066,1,0,43,3,0,0
39,11,1002,2,0,1,0,0,1066,1,43,0,0,3,0
11,39,1003,0,1,0,1,1,1720,1,0,22,51,9,0
39,11,1003,0,1,1,0,0,1720,1,22,0,9,51,0
11,39,1004,1,1,0,1,1,1246,1,0,35,14,62,0
39,11,1004,1,1,1,0,0,1246,1,35,0,62,14,0
11,39,1005,2,1,0,1,1,1718,1,0,11,0,7,0
39,11,1005,2,1,1,0,0,1718,1,11,0,7,0,0
11,39,1006,0,2,0,1,0,1948,1,25,0,0,3,0
39,11,1006,0,2,1,0,1,1948,1,0,25,3,0,0
11,39,1007,1,2,0,1,1,1492,1,0,43,2,0,0
39,11,1007,1,2,1,0,0,1492,1,43,0,0,2,0
11,39,1008,2,2,0,1,1,1782,1,0,28,27,7,0
39,11,1008,2,2,1,0,0,1782,1,28,0,7,27,0
12,13,1000,0,0,0,1,0,546,1,7,0,13,0,0
13,12,1000,0,0,1,0,1,546,1,0,7,0,13,0
12,13,1001,1,0,0,1,0,354,1,54,0,5,0,0
13,12,1001,1,0,1,0,0,804,1,4,0,0,5,0
12,13,1002,2,0,0,1,0,662,1,7,0,6,0,0
13,12,1002,2,0,1,0,1,575,1,0,76,0,5,0
12,13,1003,0,1,0,1,0,383,1,42,0,5,2,0
13,12,1003,0,1,1,0,1,383,1,0,42,2,5,0
12,13,1004,1,1,0,1,1,364,1,0,104,5,0,0
13,12,1004,1,1,1,0,0,306,1,104,0,0,5,0
12,13,1005,2,1,0,1,0,472,1,42,0,5,0,0
13,12,1005,2,1,1,0,1,231,1,0,52,0,5,0
12,13,1006,0,2,0,1,0,353,1,65,0,5,0,0
13,12,1006,0,2,1,0,1,353,1,0,65,0,5,0
12,13,1007,1,2,0,1,0,353,1,65,0,5,0,0
13,12,1007,1,2,1,0,1,353,1,0,65,0,5,0
12,13,1008,2,2,0,1,0,645,1,17,0,6,0,0
13,12,1008,2,2,1,0,1,547,1,0,43,0,5,0
12,14,1000,0,0,0,1,0,444,1,77,0,0,14,0
14,12,1000,0,0,1,0,1,444,1,0,77,14,0,0
12,14,1001,1,0,0,1,0,290,1,64,0,10,0,0
14,12,1001,1,0,1,0,1,290,1,0,64,0,10,0
12,14,1002,2,0,0,1,0,339,1,59,0,0,0,0
14,12,1002,2,0,1,0,1,339,1,0,59,0,0,0
12,14,1003,0,1,0,1,0,311,1,59,0,0,0,0
14,12,1003,0,1,1,0,1,311,1,0,59,0,0,0
12,14,1004,1,1,0,1,0,380,1,54,0,0,0,0
14,12,1004,1,1,1,0,1,380,1,0,54,0,0,0
12,14,1005,2,1,0,1,0,406,1,100,0,0,0,0
14,12,1005,2,1,1,0,1,406,1,0,100,0,0,0
12,14,1006,0,2,0,1,1,510,1,0,29,0,0,0
14,12,1006,0,2,1,0,0,510,1,29,0,0,0,0
12,14,1007,1,2,0,1,0,454,1,31,0,0,0,0
14,12,1007,1,2,1,0,1,454,1,0,31,0,0,0
12,14,1008,2,2,0,1,0,342,1,117,0,0,0,0
14,12,1008,2,2,1,0,1,342,1,0,117,0,0,0
12,15,1000,0,0,0,1,1,678,1,0,65,21,0,0
15,12,1000,0,0,1,0,0,678,1,65,0,0,21,0
12,15,1001,1,0,0,1,0,1267,1,26,0,21,0,0
15,12,1001,1,0,1,0,0,1711,1,44,0,37,51,0
12,15,1002,2,0,0,1,1,979,1,0,3,21,0,0
15,12,1002,2,0,1,0,0,965,1,25,0,0,21,0
12,15,1003,0,1,0,1,1,1361,1,0,36,21,0,0
15,12,1003,0,1,1,0,0,1361,1,36,0,0,21,0
12,15,1004,1,1,0,1,1,991,1,0,48,40,0,0
15,12,1004,1,1,1,0,0,1022,1,36,0,0,40,0
12,15,1005,2,1,0,1,1,1159,1,0,49,50,0,0
15,12,1005,2,1,1,0,0,1486,1,77,0,0,50,0
12,15,1006,0,2,0,1,1,1678,1,0,73,29,71,0
15,12,1006,0,2,1,0,0,1678,1,73,0,71,29,0
12,15,1007,1,2,0,1,1,1567,1,0,35,22,3,0
15,12,1007,1,2,1,0,0,1348,1,85,0,3,22,0
12,15,1008,2,2,0,1,0,1719,1,13,0,62,0,0
15,12,1008,2,2,1,0,0,909,1,18,0,0,21,0
12,16,1000,0,0,0,1,0,924,1,32,0,5,0,0
16,12,1000,0,0,1,0,1,924,1,0,32,0,5,0
12,16,1001,1,0,0,1,0,500,1,68,0,10,0,0
16,12,1001,1,0,1,0,1,1025,1,0,14,19,23,0
12,16,1002,2,0,0,1,0,784,1,49,0,6,0,0
16,12,1002,2,0,1,0,1,784,1,0,40,0,6,0
12,16,1003,0,1,0,1,1,847,1,0,3,24,0,0
16,12,1003,0,1,1,0,0,847,1,3,0,0,24,0
12,16,1004,1,1,0,1,0,463,1,46,0,6,0,0
16,12,1004,1,1,1,0,1,907,1,0,45,0,44,0
12,16,1005,2,1,0,1,0,1084,1,18,0,9,0,0
16,12,1005,2,1,1,0,1,688,1,0,61,0,9,0
12,16,1006,0,2,0,1,0,965,1,36,0,5,0,0
16,12,1006,0,2,1,0,1,965,1,0,36,0,5,0
12,16,1007,1,2,0,1,0,686,1,76,0,14,8,0
16,12,1007,1,2,1,0,1,757,1,0,51,8,14,0
12,16,1008,2,2,0,1,0,927,1,40,0,26,0,0
16,12,1008,2,2,1,0,1,888,1,0,19,0,17,0
12,17,1000,0,0,0,1,1,157,1,0,109,0,0,0
17,12,1000,0,0,1,0,0,157,1,109,0,0,0,0
12,17,1001,1,0,0,1,1,333,1,0,22,0,0,0
17,12,1001,1,0,1,0,0,333,1,22,0,0,0,0
12,17,1002,2,0,0,1,1,157,1,0,109,0,0,0
17,12,1002,2,0,1,0,0,157,1,109,0,0,0,0
12,17,1003,0,1,0,1,0,261,1,34,0,17,0,0
17,12,1003,0,1,1,0,1,261,1,0,34,0,17,0
12,17,1004,1,1,0,1,1,289,1,0,49,0,0,0
17,12,1004,1,1,1,0,0,289,1,49,0,0,0,0
12,17,1005,2,1,0,1,0,352,1,68,0,0,0,0
17,12,1005,2,1,1,0,1,352,1,0,68,0,0,0
12,17,1006,0,2,0,1,1,322,1,0,11,3,0,0
17,12,1006,0,2,1,0,0,322,1,11,0,0,3,0
12,17,1007,1,2,0,1,0,241,1,68,0,0,0,0
17,12,1007,1,2,1,0,1,241,1,0,68,0,0,0
12,17,1008,2,2,0,1,-1,399,1,0,0,0,0,0
17,12,1008,2,2,1,0,-1,399,1,0,0,0,0,0
12,18,1000,0,0,0,1,0,583,1,66,0,45,12,0
18,12,1000,0,0,1,0,1,583,1,0,66,12,45,0
12,18,1001,1,0,0,1,1,931,1,0,19,16,0,0
18,12,1001,1,0,1,0,-1,769,1,0,0,0,26,0
12,18,1002,2,0,0,1,1,763,1,0,22,28,52,0
18,12,1002,2,0,1,0,0,640,1,22,0,52,17,0
12,18,1003,0,1,0,1,1,934,1,0,22,39,17,0
18,12,1003,0,1,1,0,0,934,1,22,0,17,39,0
12,18,1004,1,1,0,1,1,640,1,0,22,10,0,0
18,12,1004,1,1,1,0,0,640,1,22,0,0,10,0
12,18,1005,2,1,0,1,1,736,1,0,72,12,39,0
18,12,1005,2,1,1,0,0,706,1,72,0,39,12,0
12,18,1006,0,2,0,1,1,676,1,0,25,10,11,0
18,12,1006,0,2,1,0,0,676,1,25,0,11,10,0
12,18,1007,1,2,0,1,0,787,1,45,0,10,23,0
18,12,1007,1,2,1,0,1,787,1,0,45,23,10,0
12,18,1008,2,2,0,1,1,790,1,0,72,21,30,0
18,12,1008,2,2,1,0,0,790,1,72,0,30,21,0
12,19,1000,0,0,0,1,0,664,1,53,0,11,5,0
19,12,1000,0,0,1,0,1,664,1,0,53,5,11,0
12,19,1001,1,0,0,1,1,500,1,0,51,5,40,0
19,12,1001,1,0,1,0,0,500,1,51,0,40,5,0
12,19,1002,2,0,0,1,0,917,1,98,0,5,0,0
19,12,1002,2,0,1,0,1,869,1,0,54,0,5,0
12,19,1003,0,1,0,1,0,695,1,62,0,8,10,0
19,12,1003,0,1,1,0,1,695,1,0,62,10,8,0
12,19,1004,1,1,0,1,0,871,1,72,0,15,30,0
19,12,1004,1,1,1,0,1,871,1,0,72,30,15,0
12,19,1005,2,1,0,1,1,895,1,0,64,19,30,0
19,12,1005,2,1,1,0,0,738,1,36,0,30,12,0
12,19,1006,0,2,0,1,0,614,1,46,0,5,3,0
19,12,1006,0,2,1,0,1,614,1,0,46,3,5,0
12,19,1007,1,2,0,1,0,743,1,61,0,5,0,0
19,12,1007,1,2,1,0,1,941,1,0,78,0,5,0
12,19,1008,2,2,0,1,1,610,1,0,76,15,5,0
19,12,1008,2,2,1,0,0,1297,1,14,0,9,34,0
12,20,1000,0,0,0,1,1,1180,1,0,29,73,39,0
20,12,1000,0,0,1,0,0,1180,1,29,0,39,73,0
12,20,1001,1,0,0,1,1,1078,1,0,101,26,0,0
20,12,1001,1,0,1,0,0,931,1,30,0,43,65,0
12,20,1002,2,0,0,1,1,871,1,0,86,31,60,0
20,12,1002,2,0,1,0,0,1396,1,95,0,23,75,0
12,20,1003,0,1,0,1,1,1062,1,0,20,41,42,0
20,12,1003,0,1,1,0,0,1062,1,20,0,42,41,0
12,20,1004,1,1,0,1,0,1033,1,35,0,40,7,0
20,12,1004,1,1,1,0,0,786,1,49,0,0,42,0
12,20,1005,2,1,0,1,1,1439,1,0,76,65,41,0
20,12,1005,2,1,1,0,1,758,1,0,51,0,29,0
12,20,1006,0,2,0,1,0,1129,1,6,0,25,0,0
20,12,1006,0,2,1,0,1,1129,1,0,6,0,25,0
12,20,1007,1,2,0,1,1,862,1,0,70,15,8,0
20,12,1007,1,2,1,0,0,946,1,73,0,33,62,0
12,20,1008,2,2,0,1,1,1272,1,0,7,54,14,0
20,12,1008,2,2,1,0,0,906,1,54,0,0,29,0
12,21,1000,0,0,0,1,0,595,1,43,0,8,7,0
21,12,1000,0,0,1,0,1,595,1,0,43,7,8,0
12,21,1001,1,0,0,1,1,555,1,0,46,7,4,0
21,12,1001,1,0,1,0,1,553,1,0,55,11,13,0
12,21,1002,2,0,0,1,1,752,1,0,24,42,8,0
21,12,1002,2,0,1,0,0,639,1,49,0,8,42,0
12,21,1003,0,1,0,1,1,759,1,0,74,22,0,0
21,12,1003,0,1,1,0,0,759,1,74,0,0,22,0
12,21,1004,1,1,0,1,1,573,1,0,49,30,0,0
21,12,1004,1,1,1,0,0,573,1,49,0,0,30,0
12,21,1005,2,1,0,1,1,687,1,0,5,29,5,0
21,12,1005,2,1,1,0,1,654,1,0,11,5,29,0
12,21,1006,0,2,0,1,1,760,1,0,24,21,0,0
21,12,1006,0,2,1,0,0,760,1,24,0,0,21,0
12,21,1007,1,2,0,1,1,759,1,0,49,25,0,0
21,12,1007,1,2,1,0,0,630,1,49,0,0,25,0
12,21,1008,2,2,0,1,1,460,1,0,24,15,0,0
21,12,1008,2,2,1,0,1,495,1,0,56,3,24,0
12,22,1000,0,0,0,1,0,742,1,80,0,8,0,0
22,12,1000,0,0,1,0,1,742,1,0,80,0,8,0
12,22,1001,1,0,0,1,0,743,1,32,0,8,14,0
22,12,1001,1,0,1,0,1,742,1,0,80,0,13,0
12,22,1002,2,0,0,1,0,1270,1,54,0,21,76,0
22,12,1002,2,0,1,0,1,1270,1,0,54,76,21,0
12,22,1003,0,1,0,1,0,1255,1,30,0,19,0,0
22,12,1003,0,1,1,0,1,1255,1,0,30,0,19,0
12,22,1004,1,1,0,1,0,948,1,6,0,12,0,0
22,12,1004,1,1,1,0,0,1023,1,33,0,0,12,0
12,22,1005,2,1,0,1,0,508,1,43,0,9,0,0
22,12,1005,2,1,1,0,1,508,1,0,43,0,9,0
12,22,1006,0,2,0,1,0,995,1,67,0,9,18,0
22,12,1006,0,2,1,0,1,995,1,0,67,18,9,0
12,22,1007,1,2,0,1,0,944,1,56,0,9,49,0
22,12,1007,1,2,1,0,1,769,1,0,80,0,14,0
12,22,1008,2,2,0,1,0,1322,1,15,0,32,8,0
22,12,1008,2,2,1,0,1,1121,1,0,41,14,9,0
12,23,1000,0,0,0,1,0,414,1,65,0,0,0,0
23,12,1000,0,0,1,0,1,414,1,0,65,0,0,0
12,23,1001,1,0,0,1,0,407,1,6,0,0,0,0
23,12,1001,1,0,1,0,1,376,1,0,25,0,0,0
12,23,1002,2,0,0,1,0,234,1,84,0,0,0,0
23,12,1002,2,0,1,0,1,234,1,0,84,0,0,0
12,23,1003,0,1,0,1,0,520,1,13,0,21,7,0
23,12,1003,0,1,1,0,1,520,1,0,13,7,21,0
12,23,1004,1,1,0,1,1,558,1,0,18,0,0,0
23,12,1004,1,1,1,0,0,558,1,18,0,0,0,0
12,23,1005,2,1,0,1,0,492,1,13,0,23,0,0
23,12,1005,2,1,1,0,1,492,1,0,13,0,23,0
12,23,1006,0,2,0,1,1,489,1,0,4,21,0,0
23,12,1006,0,2,1,0,0,489,1,4,0,0,21,0
12,23,1007,1,2,0,1,1,471,1,0,54,21,0,0
23,12,1007,1,2,1,0,0,471,1,54,0,0,21,0
12,23,1008,2,2,0,1,0,437,1,51,0,21,0,0
23,12,1008,2,2,1,0,1,437,1,0,51,0,21,0
12,24,1000,0,0,0,1,1,760,1,0,5,8,0,0
24,12,1000,0,0,1,0,0,760,1,5,0,0,8,0
12,24,1001,1,0,0,1,1,763,1,0,3,8,0,0
24,12,1001,1,0,1,0,0,763,1,3,0,0,8,0
12,24,1002,2,0,0,1,0,931,1,55,0,8,0,0
24,12,1002,2,0,1,0,1,931,1,0,55,0,8,0
12,24,1003,0,1,0,1,1,678,1,0,22,13,13,0
24,12,1003,0,1,1,0,0,678,1,22,0,13,13,0
12,24,1004,1,1,0,1,1,746,1,0,16,9,0,0
24,12,1004,1,1,1,0,0,746,1,16,0,0,9,0
12,24,1005,2,1,0,1,1,721,1,0,16,9,0,0
24,12,1005,2,1,1,0,0,721,1,16,0,0,9,0
12,24,1006,0,2,0,1,1,839,1,0,4,8,0,0
24,12,1006,0,2,1,0,0,839,1,4,0,0,8,0
12,24,1007,1,2,0,1,1,737,1,0,30,8,0,0
24,12,1007,1,2,1,0,0,737,1,30,0,0,8,0
12,24,1008,2,2,0,1,0,656,1,53,0,8,0,0
24,12,1008,2,2,1,0,1,656,1,0,53,0,8,0
12,25,1000,0,0,0,1,0,577,1,74,0,11,3,0
25,12,1000,0,0,1,0,1,577,1,0,74,3,11,0
12,25,1001,1,0,0,1,0,486,1,66,0,11,16,0
25,12,1001,1,0,1,0,1,486,1,0,81,16,11,0
12,25,1002,2,0,0,1,1,1069,1,0,42,15,0,0
25,12,1002,2,0,1,0,0,1069,1,42,0,0,15,0
12,25,1003,0,1,0,1,0,502,1,102,0,6,0,0
25,12,1003,0,1,1,0,1,502,1,0,102,0,6,0
12,25,1004,1,1,0,1,1,465,1,0,64,7,13,0
25,12,1004,1,1,1,0,0,529,1,64,0,13,7,0
12,25,1005,2,1,0,1,1,689,1,0,39,6,74,0
25,12,1005,2,1,1,0,0,655,1,64,0,13,6,0
12,25,1006,0,2,0,1,1,673,1,0,64,16,0,0
25,12,1006,0,2,1,0,0,673,1,64,0,0,16,0
12,25,1007,1,2,0,1,0,484,1,102,0,11,3,0
25,12,1007,1,2,1,0,1,484,1,0,87,3,11,0
12,25,1008,2,2,0,1,0,485,1,87,0,13,17,0
25,12,1008,2,2,1,0,1,485,1,0,87,17,13,0
12,26,1000,0,0,0,1,0,519,1,14,0,14,0,0
26,12,1000,0,0,1,0,1,519,1,0,14,0,14,0
12,26,1001,1,0,0,1,1,490,1,0,83,17,11,0
26,12,1001,1,0,1,0,0,490,1,83,0,11,17,0
12,26,1002,2,0,0,1,1,750,1,0,2,17,9,0
26,12,1002,2,0,1,0,0,750,1,2,0,9,17,0
12,26,1003,0,1,0,1,1,681,1,0,58,16,0,0
26,12,1003,0,1,1,0,0,681,1,58,0,0,16,0
12,26,1004,1,1,0,1,1,558,1,0,39,18,0,0
26,12,1004,1,1,1,0,0,558,1,39,0,0,18,0
12,26,1005,2,1,0,1,0,537,1,45,0,20,0,0
26,12,1005,2,1,1,0,1,537,1,0,17,0,20,0
12,26,1006,0,2,0,1,1,453,1,0,33,21,0,0
26,12,1006,0,2,1,0,0,453,1,33,0,0,21,0
12,26,1007,1,2,0,1,1,533,1,0,58,22,1,0
26,12,1007,1,2,1,0,0,627,1,33,0,1,22,0
12,26,1008,2,2,0,1,1,528,1,0,83,22,34,0
26,12,1008,2,2,1,0,0,528,1,83,0,34,22,0
12,27,1000,0,0,0,1,0,352,1,81,0,12,0,0
27,12,1000,0,0,1,0,1,352,1,0,81,0,12,0
12,27,1001,1,0,0,1,0,560,1,54,0,12,0,0
27,12,1001,1,0,1,0,1,389,1,0,42,0,13,0
12,27,1002,2,0,0,1,0,503,1,84,0,12,0,0
27,12,1002,2,0,1,0,1,667,1,0,9,0,14,0
12,27,1003,0,1,0,1,0,302,1,72,0,17,0,0
27,12,1003,0,1,1,0,1,302,1,0,72,0,17,0
12,27,1004,1,1,0,1,1,550,1,0,77,30,0,0
27,12,1004,1,1,1,0,1,928,1,0,9,7,12,0
12,27,1005,2,1,0,1,0,900,1,27,0,37,11,0
27,12,1005,2,1,1,0,0,1080,1,2,0,46,15,0
12,27,1006,0,2,0,1,0,391,1,57,0,12,0,0
27,12,1006,0,2,1,0,1,391,1,0,57,0,12,0
12,27,1007,1,2,0,1,0,575,1,42,0,12,0,0
27,12,1007,1,2,1,0,0,595,1,2,0,0,12,0
12,27,1008,2,2,0,1,0,430,1,39,0,12,0,0
27,12,1008,2,2,1,0,1,463,1,0,39,0,12,0
12,28,1000,0,0,0,1,0,327,1,82,0,5,0,0
28,12,1000,0,0,1,0,1,327,1,0,82,0,5,0
12,28,1001,1,0,0,1,0,323,1,65,0,5,0,0
28,12,1001,1,0,1,0,1,323,1,0,82,0,5,0
12,28,1002,2,0,0,1,0,493,1,19,0,64,0,0
28,12,1002,2,0,1,0,1,493,1,0,19,0,64,0
12,28,1003,0,1,0,1,0,596,1,73,0,28,10,0
28,12,1003,0,1,1,0,1,596,1,0,73,10,28,0
12,28,1004,1,1,0,1,0,499,1,60,0,5,0,0
28,12,1004,1,1,1,0,1,499,1,0,75,0,5,0
12,28,1005,2,1,0,1,0,428,1,53,0,5,2,0
28,12,1005,2,1,1,0,1,328,1,0,58,0,5,0
12,28,1006,0,2,0,1,0,241,1,61,0,5,0,0
28,12,1006,0,2,1,0,1,241,1,0,61,0,5,0
12,28,1007,1,2,0,1,0,264,1,61,0,5,0,0
28,12,1007,1,2,1,0,1,264,1,0,61,0,5,0
12,28,1008,2,2,0,1,0,446,1,70,0,12,0,0
28,12,1008,2,2,1,0,1,446,1,0,70,0,12,0
12,29,1000,0,0,0,1,0,832,1,36,0,14,8,0
29,12,1000,0,0,1,0,1,832,1,0,36,8,14,0
12,29,1001,1,0,0,1,0,499,1,73,0,11,0,0
29,12,1001,1,0,1,0,1,499,1,0,73,0,11,0
12,29,1002,2,0,0,1,0,526,1,73,0,11,0,0
29,12,1002,2,0,1,0,1,526,1,0,73,0,11,0
12,29,1003,0,1,0,1,0,747,1,29,0,9,32,0
29,12,1003,0,1,1,0,1,747,1,0,29,32,9,0
12,29,1004,1,1,0,1,0,778,1,10,0,17,0,0
29,12,1004,1,1,1,0,1,778,1,0,10,0,17,0
12,29,1005,2,1,0,1,0,251,1,47,0,8,0,0
29,12,1005,2,1,1,0,1,251,1,0,47,0,8,0
12,29,1006,0,2,0,1,1,780,1,0,10,36,0,0
29,12,1006,0,2,1,0,0,780,1,10,0,0,36,0
12,29,1007,1,2,0,1,0,683,1,21,0,27,0,0
29,12,1007,1,2,1,0,1,683,1,0,21,0,27,0
12,29,1008,2,2,0,1,0,765,1,47,0,11,0,0
29,12,1008,2,2,1,0,1,765,1,0,47,0,11,0
12,30,1000,0,0,0,1,0,688,1,25,0,38,22,0
30,12,1000,0,0,1,0,1,688,1,0,25,22,38,0
12,30,1001,1,0,0,1,0,573,1,68,0,11,3,0
30,12,1001,1,0,1,0,1,671,1,0,57,3,11,0
12,30,1002,2,0,0,1,0,802,1,68,0,34,0,0
30,12,1002,2,0,1,0,1,512,1,0,79,0,34,0
12,30,1003,0,1,0,1,0,463,1,19,0,13,0,0
30,12,1003,0,1,1,0,1,463,1,0,19,0,13,0
12,30,1004,1,1,0,1,0,426,1,106,0,19,0,0
30,12,1004,1,1,1,0,1,426,1,0,106,0,19,0
12,30,1005,2,1,0,1,0,433,1,68,0,8,0,0
30,12,1005,2,1,1,0,1,433,1,0,90,0,8,0
12,30,1006,0,2,0,1,0,617,1,19,0,11,0,0
30,12,1006,0,2,1,0,1,617,1,0,19,0,11,0
12,30,1007,1,2,0,1,1,661,1,0,89,11,0,0
30,12,1007,1,2,1,0,0,661,1,89,0,0,11,0
12,30,1008,2,2,0,1,0,797,1,30,0,11,0,0
30,12,1008,2,2,1,0,1,797,1,0,52,0,11,0
12,31,1000,0,0,0,1,0,698,1,43,0,20,0,0
31,12,1000,0,0,1,0,1,698,1,0,43,0,20,0
12,31,1001,1,0,0,1,0,773,1,13,0,21,0,0
31,12,1001,1,0,1,0,0,886,1,30,0,0,21,0
12,31,1002,2,0,0,1,1,787,1,0,83,21,0,0
31,12,1002,2,0,1,0,1,869,1,0,7,0,21,0
12,31,1003,0,1,0,1,1,913,1,0,51,23,66,0
31,12,1003,0,1,1,0,0,913,1,51,0,66,23,0
12,31,1004,1,1,0,1,1,669,1,0,108,29,0,0
31,12,1004,1,1,1,0,0,668,1,108,0,0,29,0
12,31,1005,2,1,0,1,0,952,1,28,0,27,0,0
31,12,1005,2,1,1,0,1,845,1,0,59,2,45,0
12,31,1006,0,2,0,1,0,1139,1,10,0,53,19,0
31,12,1006,0,2,1,0,1,1139,1,0,10,19,53,0
12,31,1007,1,2,0,1,1,1119,1,0,31,21,9,0
31,12,1007,1,2,1,0,1,1320,1,0,2,9,21,0
12,31,1008,2,2,0,1,1,836,1,0,74,21,17,0
31,12,1008,2,2,1,0,0,583,1,90,0,19,50,0
12,32,1000,0,0,0,1,1,571,1,0,77,1,0,0
32,12,1000,0,0,1,0,0,571,1,77,0,0,1,0
12,32,1001,1,0,0,1,0,500,1,65,0,1,0,0
32,12,1001,1,0,1,0,1,836,1,0,49,1,19,0
12,32,1002,2,0,0,1,1,544,1,0,30,5,0,0
32,12,1002,2,0,1,0,0,544,1,30,0,0,5,0
12,32,1003,0,1,0,1,1,640,1,0,58,5,12,0
32,12,1003,0,1,1,0,0,542,1,83,0,0,5,0
12,32,1004,1,1,0,1,0,1027,1,38,0,5,0,0
32,12,1004,1,1,1,0,1,1027,1,0,38,0,5,0
12,32,1005,2,1,0,1,1,910,1,0,8,5,0,0
32,12,1005,2,1,1,0,1,608,1,0,31,0,5,0
12,32,1006,0,2,0,1,0,598,1,52,0,5,0,0
32,12,1006,0,2,1,0,1,598,1,0,52,0,5,0
12,32,1007,1,2,0,1,0,598,1,52,0,1,0,0
32,12,1007,1,2,1,0,1,598,1,0,52,0,1,0
12,32,1008,2,2,0,1,0,806,1,12,0,1,0,0
32,12,1008,2,2,1,0,0,920,1,33,0,8,1,0
12,33,1000,0,0,0,1,0,782,1,43,0,33,0,0
33,12,1000,0,0,1,0,1,782,1,0,43,0,33,0
12,33,1001,1,0,0,1,0,624,1,73,0,11,10,0
33,12,1001,1,0,1,0,1,624,1,0,61,10,11,0
12,33,1002,2,0,0,1,0,685,1,44,0,4,8,0
33,12,1002,2,0,1,0,1,685,1,0,44,8,4,0
12,33,1003,0,1,0,1,0,701,1,90,0,22,10,0
33,12,1003,0,1,1,0,1,701,1,0,90,10,22,0
12,33,1004,1,1,0,1,1,748,1,0,9,44,17,0
33,12,1004,1,1,1,0,0,750,1,9,0,17,44,0
12,33,1005,2,1,0,1,0,569,1,71,0,28,0,0
33,12,1005,2,1,1,0,1,750,1,0,10,0,28,0
12,33,1006,0,2,0,1,0,894,1,66,0,32,0,0
33,12,1006,0,2,1,0,1,894,1,0,66,0,32,0
12,33,1007,1,2,0,1,0,782,1,73,0,26,0,0
33,12,1007,1,2,1,0,1,782,1,0,73,0,26,0
12,33,1008,2,2,0,1,0,784,1,78,0,43,10,0
33,12,1008,2,2,1,0,1,784,1,0,78,10,43,0
12,34,1000,0,0,0,1,0,592,1,57,0,22,0,0
34,12,1000,0,0,1,0,1,592,1,0,57,0,22,0
12,34,1001,1,0,0,1,0,547,1,1,0,22,0,0
34,12,1001,1,0,1,0,1,547,1,0,1,0,22,0
12,34,1002,2,0,0,1,1,673,1,0,16,22,0,0
34,12,1002,2,0,1,0,0,584,1,41,0,0,22,0
12,34,1003,0,1,0,1,1,699,1,0,19,31,0,0
34,12,1003,0,1,1,0,0,699,1,19,0,0,31,0
12,34,1004,1,1,0,1,0,685,1,32,0,22,10,0
34,12,1004,1,1,1,0,1,685,1,0,32,10,22,0
12,34,1005,2,1,0,1,1,619,1,0,32,45,2,0
34,12,1005,2,1,1,0,0,749,1,13,0,0,54,0
12,34,1006,0,2,0,1,0,682,1,30,0,21,0,0
34,12,1006,0,2,1,0,1,682,1,0,30,0,21,0
12,34,1007,1,2,0,1,0,667,1,60,0,21,0,0
34,12,1007,1,2,1,0,1,667,1,0,60,0,21,0
12,34,1008,2,2,0,1,1,601,1,0,32,21,0,0
34,12,1008,2,2,1,0,0,601,1,32,0,0,21,0
12,35,1000,0,0,0,1,1,780,1,0,39,16,48,0
35,12,1000,0,0,1,0,0,780,1,39,0,48,16,0
12,35,1001,1,0,0,1,1,1134,1,0,73,19,0,0
35,12,1001,1,0,1,0,0,762,1,20,0,0,27,0
12,35,1002,2,0,0,1,0,772,1,43,0,15,0,0
35,12,1002,2,0,1,0,1,772,1,0,43,0,15,0
12,35,1003,0,1,0,1,-1,1528,1,0,0,18,0,0
35,12,1003,0,1,1,0,-1,1528,1,0,0,0,18,0
12,35,1004,1,1,0,1,1,885,1,0,33,19,0,0
35,12,1004,1,1,1,0,0,885,1,33,0,0,19,0
12,35,1005,2,1,0,1,1,738,1,0,4,13,0,0
35,12,1005,2,1,1,0,1,1041,1,0,28,0,13,0
12,35,1006,0,2,0,1,0,843,1,30,0,27,2,0
35,12,1006,0,2,1,0,1,843,1,0,30,2,27,0
12,35,1007,1,2,0,1,1,1080,1,0,22,15,9,0
35,12,1007,1,2,1,0,0,1107,1,22,0,9,15,0
12,35,1008,2,2,0,1,1,927,1,0,24,15,21,0
35,12,1008,2,2,1,0,0,927,1,24,0,21,15,0
12,36,1000,0,0,0,1,1,580,1,0,17,13,0,0
36,12,1000,0,0,1,0,0,580,1,17,0,0,13,0
12,36,1001,1,0,0,1,1,553,1,0,17,26,0,0
36,12,1001,1,0,1,0,1,663,1,0,20,20,37,0
12,36,1002,2,0,0,1,0,683,1,7,0,39,8,0
36,12,1002,2,0,1,0,0,574,1,42,0,8,28,0
12,36,1003,0,1,0,1,0,533,1,33,0,13,15,0
36,12,1003,0,1,1,0,1,533,1,0,33,15,13,0
12,36,1004,1,1,0,1,1,528,1,0,42,11,3,0
36,12,1004,1,1,1,0,0,525,1,42,0,3,11,0
12,36,1005,2,1,0,1,1,642,1,0,2,46,2,0
36,12,1005,2,1,1,0,0,642,1,2,0,2,46,0
12,36,1006,0,2,0,1,0,515,1,26,0,28,27,0
36,12,1006,0,2,1,0,1,515,1,0,26,27,28,0
12,36,1007,1,2,0,1,0,472,1,26,0,29,28,0
36,12,1007,1,2,1,0,1,472,1,0,26,28,29,0
12,36,1008,2,2,0,1,1,330,1,0,77,13,35,0
36,12,1008,2,2,1,0,0,330,1,77,0,35,13,0
12,37,1000,0,0,0,1,0,721,1,12,0,18,0,0
37,12,1000,0,0,1,0,1,721,1,0,12,0,18,0
12,37,1001,1,0,0,1,0,745,1,28,0,15,0,0
37,12,1001,1,0,1,0,1,826,1,0,24,0,15,0
12,37,1002,2,0,0,1,0,672,1,101,0,11,0,0
37,12,1002,2,0,1,0,1,672,1,0,101,0,11,0
12,37,1003,0,1,0,1,0,820,1,14,0,11,0,0
37,12,1003,0,1,1,0,1,820,1,0,14,0,11,0
12,37,1004,1,1,0,1,0,518,1,59,0,9,0,0
37,12,1004,1,1,1,0,1,948,1,0,30,0,9,0
12,37,1005,2,1,0,1,0,748,1,12,0,12,0,0
37,12,1005,2,1,1,0,1,654,1,0,42,0,12,0
12,37,1006,0,2,0,1,0,949,1,43,0,34,2,0
37,12,1006,0,2,1,0,1,949,1,0,43,2,34,0
12,37,1007,1,2,0,1,0,603,1,25,0,11,0,0
37,12,1007,1,2,1,0,1,844,1,0,43,24,25,0
12,37,1008,2,2,0,1,0,703,1,43,0,11,23,0
37,12,1008,2,2,1,0,1,655,1,0,57,21,13,0
12,38,1000,0,0,0,1,0,421,1,62,0,5,0,0
38,12,1000,0,0,1,0,1,421,1,0,62,0,5,0
12,38,1001,1,0,0,1,1,377,1,0,55,5,0,0
38,12,1001,1,0,1,0,0,377,1,55,0,0,5,0
12,38,1002,2,0,0,1,0,329,1,26,0,5,0,0
38,12,1002,2,0,1,0,0,465,1,5,0,0,5,0
12,38,1003,0,1,0,1,0,552,1,15,0,5,0,0
38,12,1003,0,1,1,0,1,552,1,0,15,0,5,0
12,38,1004,1,1,0,1,1,819,1,0,30,5,0,0
38,12,1004,1,1,1,0,0,820,1,30,0,0,5,0
12,38,1005,2,1,0,1,0,535,1,62,0,5,0,0
38,12,1005,2,1,1,0,1,535,1,0,62,0,5,0
12,38,1006,0,2,0,1,0,714,1,15,0,5,0,0
38,12,1006,0,2,1,0,1,714,1,0,15,0,5,0
12,38,1007,1,2,0,1,1,1176,1,0,43,9,0,0
38,12,1007,1,2,1,0,0,1023,1,49,0,10,12,0
12,38,1008,2,2,0,1,0,773,1,53,0,12,14,0
38,12,1008,2,2,1,0,1,773,1,0,53,14,12,0
12,39,1000,0,0,0,1,1,806,1,0,6,28,0,0
39,12,1000,0,0,1,0,0,806,1,6,0,0,28,0
12,39,1001,1,0,0,1,0,581,1,31,0,27,0,0
39,12,1001,1,0,1,0,1,581,1,0,31,0,27,0
12,39,1002,2,0,0,1,0,721,1,15,0,13,0,0
39,12,1002,2,0,1,0,1,721,1,0,15,0,13,0
12,39,1003,0,1,0,1,1,1205,1,0,40,33,17,0
39,12,1003,0,1,1,0,0,1205,1,40,0,17,33,0
12,39,1004,1,1,0,1,1,495,1,0,44,9,0,0
39,12,1004,1,1,1,0,0,495,1,44,0,0,9,0
12,39,1005,2,1,0,1,1,634,1,0,35,13,0,0
39,12,1005,2,1,1,0,0,634,1,35,0,0,13,0
12,39,1006,0,2,0,1,1,842,1,0,6,26,20,0
39,12,1006,0,2,1,0,0,842,1,6,0,20,26,0
12,39,1007,1,2,0,1,1,859,1,0,75,13,8,0
39,12,1007,1,2,1,0,0,859,1,75,0,8,13,0
12,39,1008,2,2,0,1,0,581,1,79,0,13,0,0
39,12,1008,2,2,1,0,1,581,1,0,79,0,13,0
13,14,1000,0,0,0,1,1,334,1,0,87,0,0,0
14,13,1000,0,0,1,0,0,334,1,87,0,0,0,0
13,14,1001,1,0,0,1,1,961,1,0,45,0,0,0
14,13,1001,1,0,1,0,0,692,1,91,0,0,0,0
13,14,1002,2,0,0,1,1,392,1,0,42,0,0,0
14,13,1002,2,0,1,0,1,1102,1,0,53,0,0,0
13,14,1003,0,1,0,1,1,523,1,0,61,0,0,0
14,13,1003,0,1,1,0,0,523,1,61,0,0,0,0
13,14,1004,1,1,0,1,1,391,1,0,42,0,0,0
14,13,1004,1,1,1,0,0,308,1,37,0,0,0,0
13,14,1005,2,1,0,1,1,1097,1,0,3,13,7,0
14,13,1005,2,1,1,0,1,1248,1,0,70,0,14,0
13,14,1006,0,2,0,1,1,410,1,0,39,0,0,0
14,13,1006,0,2,1,0,0,410,1,39,0,0,0,0
13,14,1007,1,2,0,1,1,775,1,0,43,0,0,0
14,13,1007,1,2,1,0,0,967,1,5,0,0,0,0
13,14,1008,2,2,0,1,0,819,1,53,0,11,0,0
14,13,1008,2,2,1,0,0,635,1,97,0,0,0,0
13,15,1000,0,0,0,1,1,773,1,0,17,0,12,0
15,13,1000,0,0,1,0,0,773,1,17,0,12,0,0
13,15,1001,1,0,0,1,0,651,1,61,0,0,12,0
15,13,1001,1,0,1,0,1,858,1,0,33,12,0,0
13,15,1002,2,0,0,1,0,1100,1,26,0,48,22,0
15,13,1002,2,0,1,0,1,972,1,0,52,12,0,0
13,15,1003,0,1,0,1,1,678,1,0,20,17,13,0
15,13,1003,0,1,1,0,0,678,1,20,0,13,17,0
13,15,1004,1,1,0,1,0,1076,1,4,0,0,11,0
15,13,1004,1,1,1,0,1,771,1,0,50,11,0,0
13,15,1005,2,1,0,1,0,800,1,65,0,0,12,0
15,13,1005,2,1,1,0,1,714,1,0,76,10,0,0
13,15,1006,0,2,0,1,0,1119,1,11,0,0,12,0
15,13,1006,0,2,1,0,1,1119,1,0,11,12,0,0
13,15,1007,1,2,0,1,0,582,1,76,0,0,12,0
15,13,1007,1,2,1,0,1,698,1,0,50,12,0,0
13,15,1008,2,2,0,1,0,669,1,78,0,0,13,0
15,13,1008,2,2,1,0,1,558,1,0,65,13,0,0
13,16,1000,0,0,0,1,0,183,1,31,0,0,4,0
16,13,1000,0,0,1,0,1,183,1,0,31,4,0,0
13,16,1001,1,0,0,1,0,395,1,54,0,0,0,0
16,13,1001,1,0,1,0,1,244,1,0,54,0,0,0
13,16,1002,2,0,0,1,0,234,1,61,0,0,2,0
16,13,1002,2,0,1,0,1,297,1,0,45,2,0,0
13,16,1003,0,1,0,1,0,297,1,61,0,0,4,0
16,13,1003,0,1,1,0,1,297,1,0,61,4,0,0
13,16,1004,1,1,0,1,0,332,1,27,0,0,2,0
16,13,1004,1,1,1,0,1,294,1,0,70,2,0,0
13,16,1005,2,1,0,1,0,272,1,63,0,0,0,0
16,13,1005,2,1,1,0,1,270,1,0,54,0,0,0
13,16,1006,0,2,0,1,0,183,1,31,0,0,4,0
16,13,1006,0,2,1,0,1,183,1,0,31,4,0,0
13,16,1007,1,2,0,1,0,297,1,29,0,0,1,0
16,13,1007,1,2,1,0,1,297,1,0,38,1,0,0
13,16,1008,2,2,0,1,0,245,1,38,0,0,1,0
16,13,1008,2,2,1,0,1,244,1,0,38,1,0,0
13,17,1000,0,0,0,1,1,529,1,0,55,0,10,0
17,13,1000,0,0,1,0,0,529,1,55,0,10,0,0
13,17,1001,1,0,0,1,1,391,1,0,9,0,0,0
17,13,1001,1,0,1,0,0,339,1,53,0,0,0,0
13,17,1002,2,0,0,1,1,460,1,0,29,0,2,0
17,13,1002,2,0,1,0,0,403,1,17,0,1,0,0
13,17,1003,0,1,0,1,1,523,1,0,16,0,3,0
17,13,1003,0,1,1,0,0,523,1,16,0,3,0,0
13,17,1004,1,1,0,1,1,274,1,0,35,0,3,0
17,13,1004,1,1,1,0,0,478,1,20,0,0,0,0
13,17,1005,2,1,0,1,0,432,1,69,0,0,3,0
17,13,1005,2,1,1,0,1,433,1,0,28,0,0,0
13,17,1006,0,2,0,1,0,492,1,64,0,0,0,0
17,13,1006,0,2,1,0,1,492,1,0,64,0,0,0
13,17,1007,1,2,0,1,1,738,1,0,15,0,0,0
17,13,1007,1,2,1,0,1,598,1,0,32,0,0,0
13,17,1008,2,2,0,1,0,732,1,7,0,11,0,0
17,13,1008,2,2,1,0,1,462,1,0,104,0,0,0
13,18,1000,0,0,0,1,1,304,1,0,36,0,6,0
18,13,1000,0,0,1,0,0,304,1,36,0,6,0,0
13,18,1001,1,0,0,1,1,304,1,0,36,0,6,0
18,13,1001,1,0,1,0,0,304,1,36,0,6,0,0
13,18,1002,2,0,0,1,1,274,1,0,36,0,6,0
18,13,1002,2,0,1,0,0,274,1,36,0,6,0,0
13,18,1003,0,1,0,1,1,242,1,0,18,0,8,0
18,13,1003,0,1,1,0,0,242,1,18,0,8,0,0
13,18,1004,1,1,0,1,1,291,1,0,18,0,8,0
18,13,1004,1,1,1,0,0,328,1,1,0,8,0,0
13,18,1005,2,1,0,1,1,305,1,0,1,0,8,0
18,13,1005,2,1,1,0,0,253,1,18,0,8,0,0
13,18,1006,0,2,0,1,1,214,1,0,12,0,6,0
18,13,1006,0,2,1,0,0,214,1,12,0,6,0,0
13,18,1007,1,2,0,1,1,379,1,0,5,0,6,0
18,13,1007,1,2,1,0,1,375,1,0,9,6,0,0
13,18,1008,2,2,0,1,0,248,1,22,0,0,6,0
18,13,1008,2,2,1,0,0,280,1,12,0,6,0,0
13,19,1000,0,0,0,1,1,373,1,0,16,0,17,0
19,13,1000,0,0,1,0,0,373,1,16,0,17,0,0
13,19,1001,1,0,0,1,0,366,1,26,0,0,17,0
19,13,1001,1,0,1,0,1,459,1,0,26,17,0,0
13,19,1002,2,0,0,1,0,432,1,6,0,0,17,0
19,13,1002,2,0,1,0,0,388,1,16,0,17,0,0
13,19,1003,0,1,0,1,0,389,1,14,0,0,18,0
19,13,1003,0,1,1,0,1,389,1,0,14,18,0,0
13,19,1004,1,1,0,1,0,317,1,82,0,0,16,0
19,13,1004,1,1,1,0,1,282,1,0,68,16,0,0
13,19,1005,2,1,0,1,0,515,1,25,0,0,17,0
19,13,1005,2,1,1,0,1,561,1,0,36,11,0,0
13,19,1006,0,2,0,1,1,283,1,0,68,0,17,0
19,13,1006,0,2,1,0,0,283,1,68,0,17,0,0
13,19,1007,1,2,0,1,0,452,1,12,0,0,17,0
19,13,1007,1,2,1,0,1,441,1,0,26,17,0,0
13,19,1008,2,2,0,1,0,471,1,16,0,0,17,0
19,13,1008,2,2,1,0,0,478,1,1,0,17,0,0
13,20,1000,0,0,0,1,0,373,1,42,0,0,15,0
20,13,1000,0,0,1,0,1,373,1,0,42,15,0,0
13,20,1001,1,0,0,1,0,533,1,56,0,0,15,0
20,13,1001,1,0,1,0,1,359,1,0,54,15,0,0
13,20,1002,2,0,0,1,0,225,1,76,0,0,15,0
20,13,1002,2,0,1,0,1,384,1,0,54,15,0,0
13,20,1003,0,1,0,1,1,723,1,0,18,0,55,0
20,13,1003,0,1,1,0,0,723,1,18,0,55,0,0
13,20,1004,1,1,0,1,0,399,1,54,0,0,15,0
20,13,1004,1,1,1,0,1,436,1,0,31,15,0,0
13,20,1005,2,1,0,1,0,210,1,92,0,0,15,0
20,13,1005,2,1,1,0,1,588,1,0,58,5,0,0
13,20,1006,0,2,0,1,0,210,1,49,0,0,15,0
20,13,1006,0,2,1,0,1,210,1,0,49,15,0,0
13,20,1007,1,2,0,1,0,375,1,59,0,0,15,0
20,13,1007,1,2,1,0,1,427,1,0,38,15,0,0
13,20,1008,2,2,0,1,0,361,1,64,0,0,15,0
20,13,1008,2,2,1,0,1,358,1,0,50,15,0,0
13,21,1000,0,0,0,1,0,606,1,18,0,0,1,0
21,13,1000,0,0,1,0,1,606,1,0,18,1,0,0
13,21,1001,1,0,0,1,0,798,1,29,0,12,2,0
21,13,1001,1,0,1,0,1,257,1,0,41,2,0,0
13,21,1002,2,0,0,1,0,575,1,14,0,0,0,0
21,13,1002,2,0,1,0,0,537,1,7,0,0,0,0
13,21,1003,0,1,0,1,1,405,1,0,44,0,8,0
21,13,1003,0,1,1,0,0,405,1,44,0,8,0,0
13,21,1004,1,1,0,1,1,740,1,0,4,1,3,0
21,13,1004,1,1,1,0,1,423,1,0,13,0,0,0
13,21,1005,2,1,0,1,0,1095,1,1,0,21,18,0
21,13,1005,2,1,1,0,1,370,1,0,71,0,0,0
13,21,1006,0,2,0,1,1,557,1,0,11,0,0,0
21,13,1006,0,2,1,0,0,557,1,11,0,0,0,0
13,21,1007,1,2,0,1,0,451,1,29,0,1,0,0
21,13,1007,1,2,1,0,1,312,1,0,76,2,0,0
13,21,1008,2,2,0,1,0,568,1,29,0,0,0,0
21,13,1008,2,2,1,0,1,312,1,0,76,2,0,0
13,22,1000,0,0,0,1,1,798,1,0,1,0,12,0
22,13,1000,0,0,1,0,0,798,1,1,0,12,0,0
13,22,1001,1,0,0,1,0,558,1,69,0,0,12,0
22,13,1001,1,0,1,0,1,558,1,0,21,12,0,0
13,22,1002,2,0,0,1,0,711,1,21,0,0,12,0
22,13,1002,2,0,1,0,1,729,1,0,19,24,25,0
13,22,1003,0,1,0,1,1,567,1,0,44,0,13,0
22,13,1003,0,1,1,0,0,567,1,44,0,13,0,0
13,22,1004,1,1,0,1,0,573,1,43,0,0,12,0
22,13,1004,1,1,1,0,0,472,1,48,0,12,0,0
13,22,1005,2,1,0,1,0,624,1,67,0,0,12,0
22,13,1005,2,1,1,0,0,297,1,149,0,12,0,0
13,22,1006,0,2,0,1,1,538,1,0,38,0,13,0
22,13,1006,0,2,1,0,0,538,1,38,0,13,0,0
13,22,1007,1,2,0,1,0,503,1,43,0,0,12,0
22,13,1007,1,2,1,0,0,472,1,42,0,12,0,0
13,22,1008,2,2,0,1,0,570,1,30,0,0,12,0
22,13,1008,2,2,1,0,0,601,1,16,0,12,0,0
13,23,1000,0,0,0,1,1,438,1,0,21,0,0,0
23,13,1000,0,0,1,0,0,438,1,21,0,0,0,0
13,23,1001,1,0,0,1,1,465,1,0,31,0,0,0
23,13,1001,1,0,1,0,1,375,1,0,43,0,0,0
13,23,1002,2,0,0,1,0,812,1,24,0,0,1,0
23,13,1002,2,0,1,0,1,270,1,0,62,0,0,0
13,23,1003,0,1,0,1,0,405,1,34,0,0,4,0
23,13,1003,0,1,1,0,1,405,1,0,34,4,0,0
13,23,1004,1,1,0,1,0,241,1,10,0,0,1,0
23,13,1004,1,1,1,0,0,699,1,23,0,0,0,0
13,23,1005,2,1,0,1,1,457,1,0,70,0,0,0
23,13,1005,2,1,1,0,1,704,1,0,62,1,0,0
13,23,1006,0,2,0,1,0,381,1,34,0,0,0,0
23,13,1006,0,2,1,0,1,381,1,0,34,0,0,0
13,23,1007,1,2,0,1,0,797,1,5,0,6,0,0
23,13,1007,1,2,1,0,1,528,1,0,62,0,3,0
13,23,1008,2,2,0,1,0,813,1,62,0,14,0,0
23,13,1008,2,2,1,0,1,270,1,0,76,0,0,0
13,24,1000,0,0,0,1,1,373,1,0,81,0,7,0
24,13,1000,0,0,1,0,0,373,1,81,0,7,0,0
13,24,1001,1,0,0,1,1,356,1,0,89,0,6,0
24,13,1001,1,0,1,0,0,460,1,74,0,17,0,0
13,24,1002,2,0,0,1,1,493,1,0,40,0,9,0
24,13,1002,2,0,1,0,0,493,1,74,0,9,0,0
13,24,1003,0,1,0,1,1,637,1,0,85,43,0,0
24,13,1003,0,1,1,0,0,637,1,85,0,0,43,0
13,24,1004,1,1,0,1,0,469,1,16,0,0,8,0
24,13,1004,1,1,1,0,0,490,1,53,0,9,0,0
13,24,1005,2,1,0,1,1,415,1,0,118,8,7,0
24,13,1005,2,1,1,0,0,409,1,57,0,9,0,0
13,24,1006,0,2,0,1,1,442,1,0,83,0,5,0
24,13,1006,0,2,1,0,0,442,1,83,0,5,0,0
13,24,1007,1,2,0,1,1,292,1,0,48,0,10,0
24,13,1007,1,2,1,0,0,292,1,76,0,10,0,0
13,24,1008,2,2,0,1,0,384,1,2,0,0,10,0
24,13,1008,2,2,1,0,0,496,1,6,0,10,0,0
13,25,1000,0,0,0,1,1,398,1,0,77,0,10,0
25,13,1000,0,0,1,0,0,398,1,77,0,10,0,0
13,25,1001,1,0,0,1,0,486,1,15,0,0,11,0
25,13,1001,1,0,1,0,0,400,1,6,0,20,0,0
13,25,1002,2,0,0,1,1,834,1,0,41,10,41,0
25,13,1002,2,0,1,0,1,382,1,0,52,11,0,0
13,25,1003,0,1,0,1,1,527,1,0,71,0,10,0
25,13,1003,0,1,1,0,0,527,1,71,0,10,0,0
13,25,1004,1,1,0,1,1,951,1,0,12,7,42,0
25,13,1004,1,1,1,0,0,647,1,3,0,11,0,0
13,25,1005,2,1,0,1,0,688,1,37,0,15,11,0
25,13,1005,2,1,1,0,0,1014,1,10,0,11,14,0
13,25,1006,0,2,0,1,1,430,1,0,77,0,10,0
25,13,1006,0,2,1,0,0,430,1,77,0,10,0,0
13,25,1007,1,2,0,1,1,391,1,0,36,0,10,0
25,13,1007,1,2,1,0,1,555,1,0,74,17,4,0
13,25,1008,2,2,0,1,0,585,1,59,0,0,10,0
25,13,1008,2,2,1,0,1,648,1,0,74,17,28,0
13,26,1000,0,0,0,1,0,588,1,13,0,0,0,0
26,13,1000,0,0,1,0,1,588,1,0,13,0,0,0
13,26,1001,1,0,0,1,0,461,1,82,0,0,0,0
26,13,1001,1,0,1,0,1,422,1,0,88,0,0,0
13,26,1002,2,0,0,1,0,508,1,45,0,0,0,0
26,13,1002,2,0,1,0,1,493,1,0,26,0,0,0
13,26,1003,0,1,0,1,0,405,1,32,0,3,0,0
26,13,1003,0,1,1,0,1,405,1,0,32,0,3,0
13,26,1004,1,1,0,1,0,279,1,62,0,0,0,0
26,13,1004,1,1,1,0,1,279,1,0,63,0,0,0
13,26,1005,2,1,0,1,0,201,1,104,0,0,0,0
26,13,1005,2,1,1,0,1,201,1,0,88,0,0,0
13,26,1006,0,2,0,1,0,429,1,25,0,0,0,0
26,13,1006,0,2,1,0,1,429,1,0,25,0,0,0
13,26,1007,1,2,0,1,0,201,1,104,0,0,0,0
26,13,1007,1,2,1,0,1,201,1,0,88,0,0,0
13,26,1008,2,2,0,1,0,201,1,104,0,0,0,0
26,13,1008,2,2,1,0,1,201,1,0,88,0,0,0
13,27,1000,0,0,0,1,1,250,1,0,62,0,13,0
27,13,1000,0,0,1,0,0,250,1,62,0,13,0,0
13,27,1001,1,0,0,1,0,558,1,26,0,0,13,0
27,13,1001,1,0,1,0,1,306,1,0,44,13,0,0
13,27,1002,2,0,0,1,1,593,1,0,21,32,26,0
27,13,1002,2,0,1,0,1,384,1,0,11,12,0,0
13,27,1003,0,1,0,1,1,439,1,0,3,0,13,0
27,13,1003,0,1,1,0,0,439,1,3,0,13,0,0
13,27,1004,1,1,0,1,0,334,1,50,0,0,12,0
27,13,1004,1,1,1,0,1,492,1,0,8,11,0,0
13,27,1005,2,1,0,1,0,483,1,47,0,0,24,0
27,13,1005,2,1,1,0,1,813,1,0,17,114,80,0
13,27,1006,0,2,0,1,0,381,1,14,0,0,13,0
27,13,1006,0,2,1,0,1,381,1,0,14,13,0,0
13,27,1007,1,2,0,1,0,371,1,29,0,0,13,0
27,13,1007,1,2,1,0,1,384,1,0,26,12,0,0
13,27,1008,2,2,0,1,0,382,1,14,0,0,13,0
27,13,1008,2,2,1,0,1,306,1,0,44,12,0,0
13,28,1000,0,0,0,1,1,195,1,0,36,0,17,0
28,13,1000,0,0,1,0,0,195,1,36,0,17,0,0
13,28,1001,1,0,0,1,1,195,1,0,47,0,17,0
28,13,1001,1,0,1,0,0,318,1,47,0,34,0,0
13,28,1002,2,0,0,1,1,195,1,0,36,0,17,0
28,13,1002,2,0,1,0,1,368,1,0,1,30,0,0
13,28,1003,0,1,0,1,0,193,1,84,0,0,18,0
28,13,1003,0,1,1,0,1,193,1,0,84,18,0,0
13,28,1004,1,1,0,1,1,195,1,0,19,0,18,0
28,13,1004,1,1,1,0,1,219,1,0,52,18,0,0
13,28,1005,2,1,0,1,1,279,1,0,23,0,17,0
28,13,1005,2,1,1,0,1,256,1,0,15,17,0,0
13,28,1006,0,2,0,1,1,195,1,0,19,0,17,0
28,13,1006,0,2,1,0,0,195,1,19,0,17,0,0
13,28,1007,1,2,0,1,0,194,1,27,0,0,17,0
28,13,1007,1,2,1,0,1,258,1,0,11,35,0,0
13,28,1008,2,2,0,1,0,210,1,15,0,0,17,0
28,13,1008,2,2,1,0,0,399,1,30,0,29,0,0
13,29,1000,0,0,0,1,1,238,1,0,56,0,6,0
29,13,1000,0,0,1,0,0,238,1,56,0,6,0,0
13,29,1001,1,0,0,1,1,238,1,0,56,0,6,0
29,13,1001,1,0,1,0,0,313,1,21,0,6,0,0
13,29,1002,2,0,0,1,1,238,1,0,56,0,6,0
29,13,1002,2,0,1,0,0,313,1,21,0,6,0,0
13,29,1003,0,1,0,1,1,340,1,0,43,0,6,0
29,13,1003,0,1,1,0,0,340,1,43,0,6,0,0
13,29,1004,1,1,0,1,1,535,1,0,69,0,6,0
29,13,1004,1,1,1,0,0,442,1,29,0,6,0,0
13,29,1005,2,1,0,1,1,406,1,0,60,0,6,0
29,13,1005,2,1,1,0,0,394,1,39,0,6,0,0
13,29,1006,0,2,0,1,1,400,1,0,45,0,6,0
29,13,1006,0,2,1,0,0,400,1,45,0,6,0,0
13,29,1007,1,2,0,1,1,283,1,0,62,0,6,0
29,13,1007,1,2,1,0,0,334,1,37,0,6,0,0
13,29,1008,2,2,0,1,1,574,1,0,31,0,6,0
29,13,1008,2,2,1,0,0,439,1,4,0,6,0,0
13,30,1000,0,0,0,1,0,234,1,17,0,0,5,0
30,13,1000,0,0,1,0,1,234,1,0,17,5,0,0
13,30,1001,1,0,0,1,0,268,1,28,0,0,5,0
30,13,1001,1,0,1,0,1,268,1,0,28,5,0,0
13,30,1002,2,0,0,1,0,234,1,28,0,0,5,0
30,13,1002,2,0,1,0,1,234,1,0,28,5,0,0
13,30,1003,0,1,0,1,0,234,1,17,0,0,5,0
30,13,1003,0,1,1,0,1,234,1,0,17,5,0,0
13,30,1004,1,1,0,1,0,285,1,17,0,0,4,0
30,13,1004,1,1,1,0,1,285,1,0,17,4,0,0
13,30,1005,2,1,0,1,0,264,1,66,0,0,5,0
30,13,1005,2,1,1,0,1,262,1,0,55,5,0,0
13,30,1006,0,2,0,1,0,260,1,33,0,0,5,0
30,13,1006,0,2,1,0,1,260,1,0,33,5,0,0
13,30,1007,1,2,0,1,0,285,1,28,0,0,5,0
30,13,1007,1,2,1,0,1,284,1,0,28,5,0,0
13,30,1008,2,2,0,1,0,263,1,55,0,0,5,0
30,13,1008,2,2,1,0,1,262,1,0,55,5,0,0
13,31,1000,0,0,0,1,0,629,1,25,0,28,20,0
31,13,1000,0,0,1,0,1,629,1,0,25,20,28,0
13,31,1001,1,0,0,1,0,501,1,89,0,6,14,0
31,13,1001,1,0,1,0,1,471,1,0,29,14,0,0
13,31,1002,2,0,0,1,0,604,1,29,0,0,23,0
31,13,1002,2,0,1,0,1,428,1,0,29,14,0,0
13,31,1003,0,1,0,1,0,375,1,35,0,0,15,0
31,13,1003,0,1,1,0,1,375,1,0,35,15,0,0
13,31,1004,1,1,0,1,0,384,1,35,0,0,14,0
31,13,1004,1,1,1,0,1,384,1,0,50,14,0,0
13,31,1005,2,1,0,1,0,506,1,77,0,0,15,0
31,13,1005,2,1,1,0,1,590,1,0,49,5,12,0
13,31,1006,0,2,0,1,0,617,1,32,0,0,15,0
31,13,1006,0,2,1,0,1,617,1,0,32,15,0,0
13,31,1007,1,2,0,1,0,399,1,65,0,0,15,0
31,13,1007,1,2,1,0,1,523,1,0,18,29,0,0
13,31,1008,2,2,0,1,0,568,1,74,0,22,14,0
31,13,1008,2,2,1,0,1,384,1,0,50,14,0,0
13,32,1000,0,0,0,1,0,297,1,15,0,0,7,0
32,13,1000,0,0,1,0,1,297,1,0,15,7,0,0
13,32,1001,1,0,0,1,0,384,1,10,0,0,7,0
32,13,1001,1,0,1,0,1,393,1,0,14,7,0,0
13,32,1002,2,0,0,1,0,247,1,17,0,0,7,0
32,13,1002,2,0,1,0,1,446,1,0,1,8,0,0
13,32,1003,0,1,0,1,0,219,1,51,0,0,11,0
32,13,1003,0,1,1,0,1,219,1,0,51,11,0,0
13,32,1004,1,1,0,1,0,247,1,32,0,0,10,0
32,13,1004,1,1,1,0,0,535,1,4,0,0,1,0
13,32,1005,2,1,0,1,1,355,1,0,2,0,10,0
32,13,1005,2,1,1,0,1,393,1,0,14,0,0,0
13,32,1006,0,2,0,1,0,247,1,66,0,0,7,0
32,13,1006,0,2,1,0,1,247,1,0,66,7,0,0
13,32,1007,1,2,0,1,0,297,1,7,0,0,7,0
32,13,1007,1,2,1,0,1,306,1,0,45,0,0,0
13,32,1008,2,2,0,1,1,289,1,0,9,0,7,0
32,13,1008,2,2,1,0,1,306,1,0,41,0,0,0
13,33,1000,0,0,0,1,0,416,1,36,0,0,7,0
33,13,1000,0,0,1,0,1,416,1,0,36,7,0,0
13,33,1001,1,0,0,1,0,479,1,58,0,0,7,0
33,13,1001,1,0,1,0,1,457,1,0,14,7,0,0
13,33,1002,2,0,0,1,1,437,1,0,21,0,7,0
33,13,1002,2,0,1,0,0,459,1,21,0,7,0,0
13,33,1003,0,1,0,1,1,382,1,0,16,4,7,0
33,13,1003,0,1,1,0,0,382,1,16,0,7,4,0
13,33,1004,1,1,0,1,0,483,1,14,0,0,6,0
33,13,1004,1,1,1,0,1,433,1,0,48,8,4,0
13,33,1005,2,1,0,1,0,339,1,53,0,0,7,0
33,13,1005,2,1,1,0,0,360,1,34,0,7,7,0
13,33,1006,0,2,0,1,1,321,1,0,28,11,7,0
33,13,1006,0,2,1,0,0,321,1,28,0,7,11,0
13,33,1007,1,2,0,1,0,348,1,19,0,0,7,0
33,13,1007,1,2,1,0,1,433,1,0,31,10,9,0
13,33,1008,2,2,0,1,0,337,1,36,0,0,7,0
33,13,1008,2,2,1,0,1,365,1,0,14,7,0,0
13,34,1000,0,0,0,1,0,383,1,4,0,0,10,0
34,13,1000,0,0,1,0,1,383,1,0,4,10,0,0
13,34,1001,1,0,0,1,0,384,1,40,0,0,10,0
34,13,1001,1,0,1,0,1,382,1,0,56,10,0,0
13,34,1002,2,0,0,1,0,358,1,5,0,0,10,0
34,13,1002,2,0,1,0,1,357,1,0,52,10,0,0
13,34,1003,0,1,0,1,0,399,1,18,0,0,10,0
34,13,1003,0,1,1,0,1,399,1,0,18,10,0,0
13,34,1004,1,1,0,1,0,384,1,4,0,0,10,0
34,13,1004,1,1,1,0,1,462,1,0,20,10,0,0
13,34,1005,2,1,0,1,0,448,1,58,0,0,10,0
34,13,1005,2,1,1,0,1,348,1,0,56,10,0,0
13,34,1006,0,2,0,1,0,358,1,6,0,0,10,0
34,13,1006,0,2,1,0,1,358,1,0,6,10,0,0
13,34,1007,1,2,0,1,0,336,1,22,0,0,10,0
34,13,1007,1,2,1,0,1,334,1,0,56,10,0,0
13,34,1008,2,2,0,1,0,384,1,39,0,0,9,0
34,13,1008,2,2,1,0,1,384,1,0,56,9,0,0
13,35,1000,0,0,0,1,0,297,1,34,0,0,2,0
35,13,1000,0,0,1,0,1,297,1,0,34,2,0,0
13,35,1001,1,0,0,1,0,512,1,20,0,0,2,0
35,13,1001,1,0,1,0,1,384,1,0,48,2,0,0
13,35,1002,2,0,0,1,0,384,1,6,0,0,3,0
35,13,1002,2,0,1,0,1,555,1,0,34,3,0,0
13,35,1003,0,1,0,1,0,375,1,6,0,0,2,0
35,13,1003,0,1,1,0,1,375,1,0,6,2,0,0
13,35,1004,1,1,0,1,0,570,1,34,0,0,2,0
35,13,1004,1,1,1,0,1,570,1,0,20,2,0,0
13,35,1005,2,1,0,1,0,405,1,62,0,0,2,0
35,13,1005,2,1,1,0,1,439,1,0,76,2,0,0
13,35,1006,0,2,0,1,1,496,1,0,54,0,2,0
35,13,1006,0,2,1,0,0,496,1,54,0,2,0,0
13,35,1007,1,2,0,1,0,297,1,48,0,0,2,0
35,13,1007,1,2,1,0,1,439,1,0,20,2,0,0
13,35,1008,2,2,0,1,0,384,1,20,0,0,2,0
35,13,1008,2,2,1,0,1,570,1,0,34,2,2,0
13,36,1000,0,0,0,1,1,213,1,0,5,0,9,0
36,13,1000,0,0,1,0,0,213,1,5,0,9,0,0
13,36,1001,1,0,0,1,0,210,1,41,0,0,9,0
36,13,1001,1,0,1,0,1,245,1,0,35,9,0,0
13,36,1002,2,0,0,1,0,182,1,34,0,0,9,0
36,13,1002,2,0,1,0,1,247,1,0,6,9,0,0
13,36,1003,0,1,0,1,0,312,1,38,0,0,9,0
36,13,1003,0,1,1,0,1,312,1,0,38,9,0,0
13,36,1004,1,1,0,1,0,210,1,34,0,0,8,0
36,13,1004,1,1,1,0,1,253,1,0,29,8,0,0
13,36,1005,2,1,0,1,1,298,1,0,9,0,9,0
36,13,1005,2,1,1,0,1,219,1,0,28,9,0,0
13,36,1006,0,2,0,1,1,292,1,0,22,0,9,0
36,13,1006,0,2,1,0,0,292,1,22,0,9,0,0
13,36,1007,1,2,0,1,0,210,1,42,0,0,9,0
36,13,1007,1,2,1,0,1,270,1,0,19,9,0,0
13,36,1008,2,2,0,1,0,210,1,34,0,0,9,0
36,13,1008,2,2,1,0,0,382,1,1,0,9,0,0
13,37,1000,0,0,0,1,0,277,1,14,0,0,7,0
37,13,1000,0,0,1,0,1,277,1,0,14,7,0,0
13,37,1001,1,0,0,1,0,339,1,50,0,0,7,0
37,13,1001,1,0,1,0,1,277,1,0,28,7,0,0
13,37,1002,2,0,0,1,1,284,1,0,11,0,7,0
37,13,1002,2,0,1,0,1,278,1,0,28,7,0,0
13,37,1003,0,1,0,1,0,410,1,12,0,0,7,0
37,13,1003,0,1,1,0,1,410,1,0,12,7,0,0
13,37,1004,1,1,0,1,0,268,1,26,0,0,7,0
37,13,1004,1,1,1,0,1,268,1,0,26,7,0,0
13,37,1005,2,1,0,1,0,303,1,52,0,0,7,0
37,13,1005,2,1,1,0,1,267,1,0,40,7,0,0
13,37,1006,0,2,0,1,0,297,1,30,0,0,7,0
37,13,1006,0,2,1,0,1,297,1,0,30,7,0,0
13,37,1007,1,2,0,1,0,268,1,26,0,0,7,0
37,13,1007,1,2,1,0,1,347,1,0,44,7,0,0
13,37,1008,2,2,0,1,0,268,1,26,0,0,7,0
37,13,1008,2,2,1,0,1,253,1,0,28,7,0,0
13,38,1000,0,0,0,1,0,381,1,6,0,133,96,0
38,13,1000,0,0,1,0,1,381,1,0,6,96,133,0
13,38,1001,1,0,0,1,0,489,1,39,0,212,152,0
38,13,1001,1,0,1,0,1,480,1,0,39,111,143,0
13,38,1002,2,0,0,1,0,384,1,39,0,129,129,0
38,13,1002,2,0,1,0,1,310,1,0,39,114,65,0
13,38,1003,0,1,0,1,0,172,1,45,0,0,58,0
38,13,1003,0,1,1,0,1,172,1,0,45,58,0,0
13,38,1004,1,1,0,1,0,196,1,77,0,0,0,0
38,13,1004,1,1,1,0,1,286,1,0,77,0,0,0
13,38,1005,2,1,0,1,0,393,1,77,0,53,75,0
38,13,1005,2,1,1,0,1,691,1,0,1,112,63,0
13,38,1006,0,2,0,1,1,368,1,0,47,46,75,0
38,13,1006,0,2,1,0,0,368,1,47,0,75,46,0
13,38,1007,1,2,0,1,1,313,1,0,64,39,111,0
38,13,1007,1,2,1,0,0,722,1,25,0,97,54,0
13,38,1008,2,2,0,1,1,567,1,0,19,34,62,0
38,13,1008,2,2,1,0,1,755,1,0,1,137,42,0
13,39,1000,0,0,0,1,1,553,1,0,60,0,7,0
39,13,1000,0,0,1,0,0,553,1,60,0,7,0,0
13,39,1001,1,0,0,1,1,481,1,0,105,0,7,0
39,13,1001,1,0,1,0,0,680,1,46,0,0,0,0
13,39,1002,2,0,0,1,1,283,1,0,83,0,11,0
39,13,1002,2,0,1,0,0,496,1,68,0,7,14,0
13,39,1003,0,1,0,1,1,590,1,0,51,0,0,0
39,13,1003,0,1,1,0,0,590,1,51,0,0,0,0
13,39,1004,1,1,0,1,1,511,1,0,2,0,8,0
39,13,1004,1,1,1,0,0,484,1,76,0,11,12,0
13,39,1005,2,1,0,1,1,415,1,0,55,0,7,0
39,13,1005,2,1,1,0,0,559,1,15,0,10,0,0
13,39,1006,0,2,0,1,1,543,1,0,87,0,6,0
39,13,1006,0,2,1,0,0,543,1,87,0,6,0,0
13,39,1007,1,2,0,1,1,337,1,0,77,0,11,0
39,13,1007,1,2,1,0,0,400,1,72,0,0,14,0
13,39,1008,2,2,0,1,1,340,1,0,83,0,11,0
39,13,1008,2,2,1,0,0,763,1,55,0,0,0,0
14,15,1000,0,0,0,1,0,1309,1,79,0,20,0,0
15,14,1000,0,0,1,0,1,1309,1,0,79,0,20,0
14,15,1001,1,0,0,1,1,1435,1,0,76,0,0,0
15,14,1001,1,0,1,0,1,1927,1,0,28,1,0,0
14,15,1002,2,0,0,1,1,1272,1,0,47,1,26,0
15,14,1002,2,0,1,0,0,1246,1,47,0,26,1,0
14,15,1003,0,1,0,1,0,1172,1,62,0,35,6,0
15,14,1003,0,1,1,0,1,1172,1,0,62,6,35,0
14,15,1004,1,1,0,1,0,1443,1,45,0,0,63,0
15,14,1004,1,1,1,0,0,1510,1,36,0,40,0,0
14,15,1005,2,1,0,1,1,780,1,0,85,0,13,0
15,14,1005,2,1,1,0,0,757,1,96,0,13,0,0
14,15,1006,0,2,0,1,0,1712,1,18,0,1,98,0
15,14,1006,0,2,1,0,1,1712,1,0,18,98,1,0
14,15,1007,1,2,0,1,1,1972,1,0,91,0,54,0
15,14,1007,1,2,1,0,0,1963,1,81,0,53,1,0
14,15,1008,2,2,0,1,1,1978,1,0,44,3,48,0
15,14,1008,2,2,1,0,0,2152,1,23,0,73,3,0
14,16,1000,0,0,0,1,0,1816,1,12,0,1,5,0
16,14,1000,0,0,1,0,1,1816,1,0,12,5,1,0
14,16,1001,1,0,0,1,0,1652,1,30,0,26,0,0
16,14,1001,1,0,1,0,1,1652,1,0,39,0,26,0
14,16,1002,2,0,0,1,0,1893,1,24,0,26,0,0
16,14,1002,2,0,1,0,1,1893,1,0,26,0,26,0
14,16,1003,0,1,0,1,0,689,1,101,0,0,0,0
16,14,1003,0,1,1,0,1,689,1,0,101,0,0,0
14,16,1004,1,1,0,1,0,1517,1,63,0,11,12,0
16,14,1004,1,1,1,0,1,1517,1,0,45,12,11,0
14,16,1005,2,1,0,1,0,1529,1,65,0,0,20,0
16,14,1005,2,1,1,0,1,1529,1,0,61,20,0,0
14,16,1006,0,2,0,1,0,906,1,54,0,0,0,0
16,14,1006,0,2,1,0,1,906,1,0,54,0,0,0
14,16,1007,1,2,0,1,0,1724,1,54,0,0,7,0
16,14,1007,1,2,1,0,1,1724,1,0,38,7,0,0
14,16,1008,2,2,0,1,1,1920,1,0,7,8,0,0
16,14,1008,2,2,1,0,0,1486,1,58,0,22,8,0
14,17,1000,0,0,0,1,1,220,1,0,61,0,0,0
17,14,1000,0,0,1,0,0,220,1,61,0,0,0,0
14,17,1001,1,0,0,1,1,306,1,0,81,0,0,0
17,14,1001,1,0,1,0,0,306,1,81,0,0,0,0
14,17,1002,2,0,0,1,1,354,1,0,41,0,0,0
17,14,1002,2,0,1,0,0,354,1,41,0,0,0,0
14,17,1003,0,1,0,1,1,367,1,0,56,0,0,0
17,14,1003,0,1,1,0,0,367,1,56,0,0,0,0
14,17,1004,1,1,0,1,1,268,1,0,76,0,0,0
17,14,1004,1,1,1,0,0,268,1,76,0,0,0,0
14,17,1005,2,1,0,1,1,322,1,0,45,0,0,0
17,14,1005,2,1,1,0,0,322,1,45,0,0,0,0
14,17,1006,0,2,0,1,1,306,1,0,89,0,0,0
17,14,1006,0,2,1,0,0,306,1,89,0,0,0,0
14,17,1007,1,2,0,1,1,331,1,0,75,0,0,0
17,14,1007,1,2,1,0,0,331,1,75,0,0,0,0
14,17,1008,2,2,0,1,1,418,1,0,15,0,0,0
17,14,1008,2,2,1,0,0,418,1,15,0,0,0,0
14,18,1000,0,0,0,1,0,838,1,68,0,0,0,0
18,14,1000,0,0,1,0,1,838,1,0,68,0,0,0
14,18,1001,1,0,0,1,0,871,1,76,0,0,0,0
18,14,1001,1,0,1,0,1,871,1,0,73,0,0,0
14,18,1002,2,0,0,1,0,1154,1,95,0,0,0,0
18,14,1002,2,0,1,0,1,1154,1,0,95,0,0,0
14,18,1003,0,1,0,1,0,973,1,39,0,0,0,0
18,14,1003,0,1,1,0,1,973,1,0,39,0,0,0
14,18,1004,1,1,0,1,0,1250,1,9,0,5,15,0
18,14,1004,1,1,1,0,1,1250,1,0,9,15,5,0
14,18,1005,2,1,0,1,0,1221,1,11,0,0,0,0
18,14,1005,2,1,1,0,1,1221,1,0,11,0,0,0
14,18,1006,0,2,0,1,0,963,1,43,0,0,0,0
18,14,1006,0,2,1,0,1,963,1,0,43,0,0,0
14,18,1007,1,2,0,1,0,1024,1,43,0,0,0,0
18,14,1007,1,2,1,0,1,1024,1,0,30,0,0,0
14,18,1008,2,2,0,1,0,1609,1,75,0,0,0,0
18,14,1008,2,2,1,0,1,1609,1,0,88,0,0,0
14,19,1000,0,0,0,1,0,1622,1,19,0,0,0,0
19,14,1000,0,0,1,0,1,1622,1,0,19,0,0,0
14,19,1001,1,0,0,1,0,1230,1,50,0,0,0,0
19,14,1001,1,0,1,0,1,1211,1,0,50,0,0,0
14,19,1002,2,0,0,1,0,1658,1,41,0,0,0,0
19,14,1002,2,0,1,0,0,1723,1,6,0,0,0,0
14,19,1003,0,1,0,1,0,1547,1,33,0,16,0,0
19,14,1003,0,1,1,0,1,1547,1,0,33,0,16,0
14,19,1004,1,1,0,1,0,1156,1,63,0,69,38,0
19,14,1004,1,1,1,0,0,1238,1,24,0,0,2,0
14,19,1005,2,1,0,1,0,1291,1,7,0,0,0,0
19,14,1005,2,1,1,0,1,1256,1,0,14,0,0,0
14,19,1006,0,2,0,1,1,1335,1,0,53,10,70,0
19,14,1006,0,2,1,0,0,1335,1,53,0,70,10,0
14,19,1007,1,2,0,1,0,1361,1,13,0,5,29,0
19,14,1007,1,2,1,0,1,1684,1,0,20,28,5,0
14,19,1008,2,2,0,1,1,1476,1,0,12,9,33,0
19,14,1008,2,2,1,0,0,964,1,63,0,15,9,0
14,20,1000,0,0,0,1,1,1007,1,0,73,0,0,0
20,14,1000,0,0,1,0,0,1007,1,73,0,0,0,0
14,20,1001,1,0,0,1,1,1423,1,0,56,13,38,0
20,14,1001,1,0,1,0,1,2301,1,0,11,2,20,0
14,20,1002,2,0,0,1,1,1501,1,0,90,7,0,0
20,14,1002,2,0,1,0,0,1871,1,27,0,47,0,0
14,20,1003,0,1,0,1,1,1427,1,0,22,0,0,0
20,14,1003,0,1,1,0,0,1427,1,22,0,0,0,0
14,20,1004,1,1,0,1,0,1665,1,36,0,39,32,0
20,14,1004,1,1,1,0,0,1438,1,90,0,47,15,0
14,20,1005,2,1,0,1,1,1734,1,0,25,51,0,0
20,14,1005,2,1,1,0,0,1628,1,56,0,68,35,0
14,20,1006,0,2,0,1,0,1816,1,17,0,26,32,0
20,14,1006,0,2,1,0,1,1816,1,0,17,32,26,0
14,20,1007,1,2,0,1,1,1438,1,0,107,21,32,0
20,14,1007,1,2,1,0,0,1368,1,73,0,14,0,0
14,20,1008,2,2,0,1,1,1930,1,0,58,58,162,0
20,14,1008,2,2,1,0,0,1932,1,10,0,86,50,0
14,21,1000,0,0,0,1,1,957,1,0,39,12,0,0
21,14,1000,0,0,1,0,0,957,1,39,0,0,12,0
14,21,1001,1,0,0,1,1,1062,1,0,39,0,0,0
21,14,1001,1,0,1,0,0,1062,1,39,0,0,0,0
14,21,1002,2,0,0,1,1,936,1,0,39,0,4,0
21,14,1002,2,0,1,0,0,936,1,39,0,4,0,0
14,21,1003,0,1,0,1,1,1101,1,0,39,0,7,0
21,14,1003,0,1,1,0,0,1101,1,39,0,7,0,0
14,21,1004,1,1,0,1,1,741,1,0,56,0,0,0
21,14,1004,1,1,1,0,0,1027,1,10,0,0,0,0
14,21,1005,2,1,0,1,1,1020,1,0,5,13,18,0
21,14,1005,2,1,1,0,0,1020,1,5,0,18,13,0
14,21,1006,0,2,0,1,1,1053,1,0,5,0,11,0
21,14,1006,0,2,1,0,0,1053,1,5,0,11,0,0
14,21,1007,1,2,0,1,1,897,1,0,5,0,0,0
21,14,1007,1,2,1,0,1,912,1,0,19,0,0,0
14,21,1008,2,2,0,1,1,689,1,0,73,0,0,0
21,14,1008,2,2,1,0,0,610,1,73,0,0,0,0
14,22,1000,0,0,0,1,1,1634,1,0,13,13,2,0
22,14,1000,0,0,1,0,0,1634,1,13,0,2,13,0
14,22,1001,1,0,0,1,1,2263,1,0,19,10,6,0
22,14,1001,1,0,1,0,1,1588,1,0,27,1,0,0
14,22,1002,2,0,0,1,0,1392,1,54,0,0,2,0
22,14,1002,2,0,1,0,1,1392,1,0,54,2,0,0
14,22,1003,0,1,0,1,0,1555,1,22,0,0,0,0
22,14,1003,0,1,1,0,1,1555,1,0,22,0,0,0
14,22,1004,1,1,0,1,0,1276,1,16,0,0,12,0
22,14,1004,1,1,1,0,1,1276,1,0,16,12,0,0
14,22,1005,2,1,0,1,1,1966,1,0,20,0,9,0
22,14,1005,2,1,1,0,1,1655,1,0,55,2,0,0
14,22,1006,0,2,0,1,0,1040,1,36,0,0,0,0
22,14,1006,0,2,1,0,1,1040,1,0,36,0,0,0
14,22,1007,1,2,0,1,0,1958,1,8,0,0,2,0
22,14,1007,1,2,1,0,1,1958,1,0,15,2,0,0
14,22,1008,2,2,0,1,0,1768,1,23,0,0,0,0
22,14,1008,2,2,1,0,1,1768,1,0,13,0,0,0
14,23,1000,0,0,0,1,1,624,1,0,67,0,0,0
23,14,1000,0,0,1,0,0,624,1,68,0,0,0,0
14,23,1001,1,0,0,1,0,835,1,4,0,0,1,0
23,14,1001,1,0,1,0,1,835,1,0,4,1,0,0
14,23,1002,2,0,0,1,1,465,1,0,31,0,0,0
23,14,1002,2,0,1,0,0,465,1,31,0,0,0,0
14,23,1003,0,1,0,1,1,456,1,0,80,0,3,0
23,14,1003,0,1,1,0,0,456,1,81,0,3,0,0
14,23,1004,1,1,0,1,0,507,1,77,0,0,0,0
23,14,1004,1,1,1,0,1,507,1,0,77,0,0,0
14,23,1005,2,1,0,1,1,453,1,0,70,0,0,0
23,14,1005,2,1,1,0,0,453,1,70,0,0,0,0
14,23,1006,0,2,0,1,0,394,1,64,0,0,0,0
23,14,1006,0,2,1,0,1,459,1,0,64,0,0,0
14,23,1007,1,2,0,1,1,789,1,0,12,0,0,0
23,14,1007,1,2,1,0,0,789,1,14,0,0,0,0
14,23,1008,2,2,0,1,0,693,1,12,0,0,0,0
23,14,1008,2,2,1,0,1,693,1,0,12,0,0,0
14,24,1000,0,0,0,1,0,896,1,97,0,11,0,0
24,14,1000,0,0,1,0,1,896,1,0,97,0,11,0
14,24,1001,1,0,0,1,0,740,1,38,0,0,0,0
24,14,1001,1,0,1,0,1,740,1,0,38,0,0,0
14,24,1002,2,0,0,1,1,880,1,0,13,0,0,0
24,14,1002,2,0,1,0,0,880,1,13,0,0,0,0
14,24,1003,0,1,0,1,0,636,1,82,0,0,0,0
24,14,1003,0,1,1,0,1,636,1,0,82,0,0,0
14,24,1004,1,1,0,1,1,1108,1,0,14,0,6,0
24,14,1004,1,1,1,0,0,1108,1,14,0,6,0,0
14,24,1005,2,1,0,1,0,1476,1,12,0,0,0,0
24,14,1005,2,1,1,0,1,1476,1,0,12,0,0,0
14,24,1006,0,2,0,1,1,955,1,0,48,0,0,0
24,14,1006,0,2,1,0,0,955,1,48,0,0,0,0
14,24,1007,1,2,0,1,0,1117,1,48,0,0,0,0
24,14,1007,1,2,1,0,1,1117,1,0,48,0,0,0
14,24,1008,2,2,0,1,1,999,1,0,14,0,0,0
24,14,1008,2,2,1,0,0,999,1,14,0,0,0,0
14,25,1000,0,0,0,1,1,1117,1,0,63,0,3,0
25,14,1000,0,0,1,0,0,1117,1,63,0,3,0,0
14,25,1001,1,0,0,1,1,550,1,0,62,0,15,0
25,14,1001,1,0,1,0,0,550,1,62,0,15,0,0
14,25,1002,2,0,0,1,0,676,1,32,0,22,2,0
25,14,1002,2,0,1,0,1,676,1,0,32,2,22,0
14,25,1003,0,1,0,1,1,736,1,0,62,0,28,0
25,14,1003,0,1,1,0,0,736,1,62,0,28,0,0
14,25,1004,1,1,0,1,1,991,1,0,57,0,0,0
25,14,1004,1,1,1,0,0,991,1,57,0,0,0,0
14,25,1005,2,1,0,1,1,796,1,0,34,0,18,0
25,14,1005,2,1,1,0,0,796,1,34,0,18,0,0
14,25,1006,0,2,0,1,1,703,1,0,97,4,0,0
25,14,1006,0,2,1,0,0,703,1,97,0,0,4,0
14,25,1007,1,2,0,1,1,1318,1,0,79,0,0,0
25,14,1007,1,2,1,0,0,1078,1,80,0,0,0,0
14,25,1008,2,2,0,1,1,898,1,0,63,0,0,0
25,14,1008,2,2,1,0,0,899,1,63,0,0,0,0
14,26,1000,0,0,0,1,1,788,1,0,40,0,0,0
26,14,1000,0,0,1,0,0,788,1,40,0,0,0,0
14,26,1001,1,0,0,1,1,583,1,0,57,0,0,0
26,14,1001,1,0,1,0,0,782,1,57,0,0,0,0
14,26,1002,2,0,0,1,1,769,1,0,23,0,0,0
26,14,1002,2,0,1,0,0,769,1,23,0,0,0,0
14,26,1003,0,1,0,1,1,511,1,0,108,7,16,0
26,14,1003,0,1,1,0,0,511,1,108,0,16,7,0
14,26,1004,1,1,0,1,1,930,1,0,57,4,18,0
26,14,1004,1,1,1,0,0,819,1,57,0,18,4,0
14,26,1005,2,1,0,1,1,645,1,0,91,0,0,0
26,14,1005,2,1,1,0,0,645,1,91,0,0,0,0
14,26,1006,0,2,0,1,1,584,1,0,91,0,0,0
26,14,1006,0,2,1,0,0,584,1,91,0,0,0,0
14,26,1007,1,2,0,1,1,740,1,0,74,0,0,0
26,14,1007,1,2,1,0,0,804,1,57,0,3,0,0
14,26,1008,2,2,0,1,1,729,1,0,74,0,0,0
26,14,1008,2,2,1,0,0,729,1,74,0,0,0,0
14,27,1000,0,0,0,1,0,951,1,36,0,0,0,0
27,14,1000,0,0,1,0,1,951,1,0,36,0,0,0
14,27,1001,1,0,0,1,0,1020,1,23,0,0,0,0
27,14,1001,1,0,1,0,1,1719,1,0,10,0,8,0
14,27,1002,2,0,0,1,0,1359,1,1,0,0,0,0
27,14,1002,2,0,1,0,1,966,1,0,46,0,0,0
14,27,1003,0,1,0,1,1,942,1,0,76,0,3,0
27,14,1003,0,1,1,0,0,942,1,76,0,3,0,0
14,27,1004,1,1,0,1,0,1074,1,63,0,10,63,0
27,14,1004,1,1,1,0,1,1134,1,0,52,0,6,0
14,27,1005,2,1,0,1,0,629,1,85,0,1,1,0
27,14,1005,2,1,1,0,0,1058,1,25,0,0,5,0
14,27,1006,0,2,0,1,1,948,1,0,59,0,52,0
27,14,1006,0,2,1,0,0,948,1,59,0,52,0,0
14,27,1007,1,2,0,1,1,849,1,0,76,0,64,0
27,14,1007,1,2,1,0,0,882,1,76,0,26,12,0
14,27,1008,2,2,0,1,0,1337,1,60,0,0,19,0
27,14,1008,2,2,1,0,0,1260,1,19,0,44,10,0
14,28,1000,0,0,0,1,1,870,1,0,14,0,0,0
28,14,1000,0,0,1,0,0,870,1,14,0,0,0,0
14,28,1001,1,0,0,1,1,570,1,0,82,0,0,0
28,14,1001,1,0,1,0,0,718,1,65,0,0,0,0
14,28,1002,2,0,0,1,0,840,1,52,0,0,0,0
28,14,1002,2,0,1,0,1,840,1,0,52,0,0,0
14,28,1003,0,1,0,1,1,953,1,0,31,0,0,0
28,14,1003,0,1,1,0,0,953,1,31,0,0,0,0
14,28,1004,1,1,0,1,1,741,1,0,14,0,15,0
28,14,1004,1,1,1,0,0,843,1,14,0,26,0,0
14,28,1005,2,1,0,1,1,883,1,0,8,0,0,0
28,14,1005,2,1,1,0,0,786,1,48,0,0,0,0
14,28,1006,0,2,0,1,0,826,1,38,0,6,0,0
28,14,1006,0,2,1,0,1,826,1,0,38,0,6,0
14,28,1007,1,2,0,1,0,843,1,60,0,12,12,0
28,14,1007,1,2,1,0,1,843,1,0,64,12,12,0
14,28,1008,2,2,0,1,1,705,1,0,82,6,64,0
28,14,1008,2,2,1,0,0,705,1,82,0,64,6,0
14,29,1000,0,0,0,1,1,1151,1,0,80,0,0,0
29,14,1000,0,0,1,0,0,1151,1,80,0,0,0,0
14,29,1001,1,0,0,1,1,1065,1,0,51,0,0,0
29,14,1001,1,0,1,0,0,1065,1,51,0,0,0,0
14,29,1002,2,0,0,1,1,1536,1,0,29,7,0,0
29,14,1002,2,0,1,0,0,1536,1,29,0,0,7,0
14,29,1003,0,1,0,1,1,1437,1,0,63,0,20,0
29,14,1003,0,1,1,0,0,1636,1,63,0,20,0,0
14,29,1004,1,1,0,1,1,886,1,0,69,0,0,0
29,14,1004,1,1,1,0,0,886,1,69,0,0,0,0
14,29,1005,2,1,0,1,1,840,1,0,75,0,0,0
29,14,1005,2,1,1,0,0,927,1,69,0,0,0,0
14,29,1006,0,2,0,1,1,1282,1,0,79,6,0,0
29,14,1006,0,2,1,0,0,1282,1,79,0,0,6,0
14,29,1007,1,2,0,1,1,871,1,0,114,0,0,0
29,14,1007,1,2,1,0,0,871,1,114,0,0,0,0
14,29,1008,2,2,0,1,1,1573,1,0,12,0,0,0
29,14,1008,2,2,1,0,0,1617,1,12,0,0,0,0
14,30,1000,0,0,0,1,0,650,1,78,0,0,0,0
30,14,1000,0,0,1,0,1,650,1,0,78,0,0,0
14,30,1001,1,0,0,1,0,541,1,94,0,0,0,0
30,14,1001,1,0,1,0,1,541,1,0,94,0,0,0
14,30,1002,2,0,0,1,0,542,1,104,0,0,0,0
30,14,1002,2,0,1,0,1,542,1,0,93,0,0,0
14,30,1003,0,1,0,1,0,690,1,54,0,0,0,0
30,14,1003,0,1,1,0,1,690,1,0,54,0,0,0
14,30,1004,1,1,0,1,0,715,1,39,0,0,0,0
30,14,1004,1,1,1,0,1,715,1,0,39,0,0,0
14,30,1005,2,1,0,1,0,626,1,45,0,2,0,0
30,14,1005,2,1,1,0,1,626,1,0,45,0,2,0
14,30,1006,0,2,0,1,0,598,1,98,0,0,9,0
30,14,1006,0,2,1,0,1,598,1,0,98,9,0,0
14,30,1007,1,2,0,1,0,591,1,77,0,0,0,0
30,14,1007,1,2,1,0,1,591,1,0,77,0,0,0
14,30,1008,2,2,0,1,0,541,1,65,0,0,0,0
30,14,1008,2,2,1,0,1,541,1,0,54,0,0,0
14,31,1000,0,0,0,1,0,1743,1,7,0,34,0,0
31,14,1000,0,0,1,0,1,1743,1,0,7,0,34,0
14,31,1001,1,0,0,1,1,1294,1,0,114,0,21,0
31,14,1001,1,0,1,0,0,1558,1,78,0,8,0,0
14,31,1002,2,0,0,1,1,1603,1,0,40,5,14,0
31,14,1002,2,0,1,0,0,1722,1,35,0,23,5,0
14,31,1003,0,1,0,1,1,1621,1,0,61,3,6,0
31,14,1003,0,1,1,0,0,1621,1,61,0,6,3,0
14,31,1004,1,1,0,1,1,1567,1,0,71,0,0,0
31,14,1004,1,1,1,0,0,1372,1,79,0,0,0,0
14,31,1005,2,1,0,1,1,1060,1,0,51,24,3,0
31,14,1005,2,1,1,0,0,1112,1,51,0,3,16,0
14,31,1006,0,2,0,1,1,1498,1,0,52,0,3,0
31,14,1006,0,2,1,0,0,1498,1,52,0,3,0,0
14,31,1007,1,2,0,1,1,1271,1,0,115,0,0,0
31,14,1007,1,2,1,0,0,1132,1,132,0,0,0,0
14,31,1008,2,2,0,1,1,1584,1,0,77,0,0,0
31,14,1008,2,2,1,0,0,1584,1,77,0,0,0,0
14,32,1000,0,0,0,1,0,927,1,61,0,0,0,0
32,14,1000,0,0,1,0,1,927,1,0,61,0,0,0
14,32,1001,1,0,0,1,0,1307,1,27,0,0,0,0
32,14,1001,1,0,1,0,1,1307,1,0,5,0,0,0
14,32,1002,2,0,0,1,0,2068,1,69,0,0,67,0
32,14,1002,2,0,1,0,1,1890,1,0,35,66,0,0
14,32,1003,0,1,0,1,0,998,1,56,0,22,0,0
32,14,1003,0,1,1,0,1,998,1,0,56,0,22,0
14,32,1004,1,1,0,1,1,1486,1,0,6,25,29,0
32,14,1004,1,1,1,0,1,1331,1,0,14,29,26,0
14,32,1005,2,1,0,1,0,1508,1,23,0,13,0,0
32,14,1005,2,1,1,0,1,1508,1,0,21,0,13,0
14,32,1006,0,2,0,1,0,1404,1,54,0,0,0,0
32,14,1006,0,2,1,0,1,1404,1,0,54,0,0,0
14,32,1007,1,2,0,1,0,1062,1,92,0,0,0,0
32,14,1007,1,2,1,0,1,1062,1,0,92,0,0,0
14,32,1008,2,2,0,1,1,1420,1,0,28,0,0,0
32,14,1008,2,2,1,0,0,1397,1,28,0,0,0,0
14,33,1000,0,0,0,1,0,956,1,57,0,0,0,0
33,14,1000,0,0,1,0,1,956,1,0,57,0,0,0
14,33,1001,1,0,0,1,1,1270,1,0,80,0,0,0
33,14,1001,1,0,1,0,0,1270,1,80,0,0,0,0
14,33,1002,2,0,0,1,0,1243,1,7,0,0,0,0
33,14,1002,2,0,1,0,1,1243,1,0,7,0,0,0
14,33,1003,0,1,0,1,1,1318,1,0,17,0,0,0
33,14,1003,0,1,1,0,0,1318,1,17,0,0,0,0
14,33,1004,1,1,0,1,1,1546,1,0,11,12,13,0
33,14,1004,1,1,1,0,0,1546,1,11,0,13,12,0
14,33,1005,2,1,0,1,0,1043,1,27,0,0,0,0
33,14,1005,2,1,1,0,0,625,1,103,0,0,0,0
14,33,1006,0,2,0,1,0,1517,1,1,0,7,0,0
33,14,1006,0,2,1,0,1,1517,1,0,1,0,7,0
14,33,1007,1,2,0,1,0,1303,1,1,0,0,0,0
33,14,1007,1,2,1,0,1,1303,1,0,1,0,0,0
14,33,1008,2,2,0,1,0,854,1,67,0,0,0,0
33,14,1008,2,2,1,0,1,854,1,0,67,0,0,0
14,34,1000,0,0,0,1,1,622,1,0,60,0,0,0
34,14,1000,0,0,1,0,0,622,1,60,0,0,0,0
14,34,1001,1,0,0,1,0,640,1,14,0,0,0,0
34,14,1001,1,0,1,0,1,640,1,0,1,0,0,0
14,34,1002,2,0,0,1,0,868,1,32,0,15,0,0
34,14,1002,2,0,1,0,1,868,1,0,32,0,15,0
14,34,1003,0,1,0,1,1,1347,1,0,4,0,7,0
34,14,1003,0,1,1,0,0,1347,1,4,0,7,0,0
14,34,1004,1,1,0,1,1,763,1,0,14,0,0,0
34,14,1004,1,1,1,0,0,763,1,14,0,0,0,0
14,34,1005,2,1,0,1,1,638,1,0,61,0,17,0
34,14,1005,2,1,1,0,0,638,1,61,0,17,0,0
14,34,1006,0,2,0,1,1,1031,1,0,22,0,1,0
34,14,1006,0,2,1,0,0,1031,1,22,0,1,0,0
14,34,1007,1,2,0,1,0,1052,1,37,0,1,0,0
34,14,1007,1,2,1,0,0,1014,1,73,0,0,0,0
14,34,1008,2,2,0,1,0,808,1,11,0,0,14,0
34,14,1008,2,2,1,0,0,826,1,22,0,5,0,0
14,35,1000,0,0,0,1,0,1546,1,48,0,1,0,0
35,14,1000,0,0,1,0,1,1546,1,0,48,0,1,0
14,35,1001,1,0,0,1,0,1002,1,22,0,0,0,0
35,14,1001,1,0,1,0,1,1002,1,0,8,0,0,0
14,35,1002,2,0,0,1,1,1271,1,0,26,0,21,0
35,14,1002,2,0,1,0,0,1271,1,26,0,21,0,0
14,35,1003,0,1,0,1,1,1255,1,0,14,8,9,0
35,14,1003,0,1,1,0,0,1255,1,14,0,9,8,0
14,35,1004,1,1,0,1,0,1346,1,34,0,0,2,0
35,14,1004,1,1,1,0,1,1346,1,0,29,2,0,0
14,35,1005,2,1,0,1,0,1262,1,7,0,0,0,0
35,14,1005,2,1,1,0,1,1262,1,0,32,0,0,0
14,35,1006,0,2,0,1,1,1513,1,0,31,0,1,0
35,14,1006,0,2,1,0,0,1513,1,31,0,1,0,0
14,35,1007,1,2,0,1,1,1522,1,0,65,0,0,0
35,14,1007,1,2,1,0,0,1522,1,65,0,0,0,0
14,35,1008,2,2,0,1,1,1793,1,0,37,0,2,0
35,14,1008,2,2,1,0,0,1488,1,42,0,0,0,0
14,36,1000,0,0,0,1,0,527,1,4,0,0,0,0
36,14,1000,0,0,1,0,1,527,1,0,4,0,0,0
14,36,1001,1,0,0,1,1,424,1,0,34,0,0,0
36,14,1001,1,0,1,0,0,424,1,34,0,0,0,0
14,36,1002,2,0,0,1,1,844,1,0,37,0,0,0
36,14,1002,2,0,1,0,0,844,1,37,0,0,0,0
14,36,1003,0,1,0,1,0,607,1,23,0,0,2,0
36,14,1003,0,1,1,0,1,607,1,0,23,2,0,0
14,36,1004,1,1,0,1,1,664,1,0,17,0,0,0
36,14,1004,1,1,1,0,0,664,1,17,0,0,0,0
14,36,1005,2,1,0,1,1,831,1,0,62,0,9,0
36,14,1005,2,1,1,0,0,889,1,45,0,10,0,0
14,36,1006,0,2,0,1,1,733,1,0,32,0,17,0
36,14,1006,0,2,1,0,0,733,1,32,0,17,0,0
14,36,1007,1,2,0,1,1,787,1,0,32,0,23,0
36,14,1007,1,2,1,0,0,787,1,32,0,23,0,0
14,36,1008,2,2,0,1,1,760,1,0,32,0,0,0
36,14,1008,2,2,1,0,0,843,1,30,0,0,0,0
14,37,1000,0,0,0,1,0,1209,1,19,0,0,0,0
37,14,1000,0,0,1,0,1,1209,1,0,19,0,0,0
14,37,1001,1,0,0,1,0,1237,1,3,0,0,0,0
37,14,1001,1,0,1,0,0,973,1,6,0,0,0,0
14,37,1002,2,0,0,1,0,1385,1,4,0,0,0,0
37,14,1002,2,0,1,0,1,1423,1,0,53,0,12,0
14,37,1003,0,1,0,1,0,1541,1,25,0,0,0,0
37,14,1003,0,1,1,0,1,1541,1,0,25,0,0,0
14,37,1004,1,1,0,1,0,1249,1,15,0,0,0,0
37,14,1004,1,1,1,0,1,801,1,0,32,0,0,0
14,37,1005,2,1,0,1,0,904,1,46,0,0,0,0
37,14,1005,2,1,1,0,0,1082,1,33,0,0,4,0
14,37,1006,0,2,0,1,0,1059,1,33,0,0,3,0
37,14,1006,0,2,1,0,1,1059,1,0,33,3,0,0
14,37,1007,1,2,0,1,1,993,1,0,6,0,0,0
37,14,1007,1,2,1,0,1,942,1,0,82,0,0,0
14,37,1008,2,2,0,1,0,1370,1,48,0,0,0,0
37,14,1008,2,2,1,0,1,949,1,0,58,28,13,0
14,38,1000,0,0,0,1,1,492,1,0,71,0,0,0
38,14,1000,0,0,1,0,0,492,1,71,0,0,0,0
14,38,1001,1,0,0,1,1,987,1,0,3,0,3,0
38,14,1001,1,0,1,0,0,690,1,20,0,0,0,0
14,38,1002,2,0,0,1,0,1617,1,38,0,13,2,0
38,14,1002,2,0,1,0,1,701,1,0,66,0,0,0
14,38,1003,0,1,0,1,0,905,1,12,0,26,80,0
38,14,1003,0,1,1,0,1,905,1,0,12,80,26,0
14,38,1004,1,1,0,1,0,941,1,11,0,0,10,0
38,14,1004,1,1,1,0,0,686,1,20,0,10,0,0
14,38,1005,2,1,0,1,1,1065,1,0,37,29,81,0
38,14,1005,2,1,1,0,0,609,1,8,0,0,0,0
14,38,1006,0,2,0,1,1,717,1,0,20,0,0,0
38,14,1006,0,2,1,0,0,717,1,20,0,0,0,0
14,38,1007,1,2,0,1,1,639,1,0,20,0,0,0
38,14,1007,1,2,1,0,0,966,1,2,0,0,0,0
14,38,1008,2,2,0,1,0,761,1,60,0,0,0,0
38,14,1008,2,2,1,0,1,857,1,0,35,0,0,0
14,39,1000,0,0,0,1,0,1532,1,5,0,0,0,0
39,14,1000,0,0,1,0,1,1532,1,0,5,0,0,0
14,39,1001,1,0,0,1,1,1336,1,0,57,0,0,0
39,14,1001,1,0,1,0,0,1336,1,57,0,0,0,0
14,39,1002,2,0,0,1,0,1612,1,51,0,0,0,0
39,14,1002,2,0,1,0,1,1612,1,0,51,0,0,0
14,39,1003,0,1,0,1,1,1329,1,0,56,0,4,0
39,14,1003,0,1,1,0,0,1329,1,56,0,4,0,0
14,39,1004,1,1,0,1,1,1836,1,0,14,0,1,0
39,14,1004,1,1,1,0,0,1836,1,14,0,1,0,0
14,39,1005,2,1,0,1,0,1463,1,19,0,0,0,0
39,14,1005,2,1,1,0,1,1463,1,0,19,0,0,0
14,39,1006,0,2,0,1,0,1970,1,31,0,0,0,0
39,14,1006,0,2,1,0,1,1970,1,0,31,0,0,0
14,39,1007,1,2,0,1,0,1568,1,52,0,0,0,0
39,14,1007,1,2,1,0,1,1568,1,0,52,0,0,0
14,39,1008,2,2,0,1,0,1250,1,53,0,0,0,0
39,14,1008,2,2,1,0,1,1250,1,0,53,0,0,0
15,16,1000,0,0,0,1,0,1492,1,107,0,36,54,0
16,15,1000,0,0,1,0,1,1492,1,0,107,54,36,0
15,16,1001,1,0,0,1,0,1687,1,100,0,100,22,0
16,15,1001,1,0,1,0,1,1196,1,0,121,0,9,0
15,16,1002,2,0,0,1,0,1339,1,93,0,0,7,0
16,15,1002,2,0,1,0,1,1419,1,0,73,15,29,0
15,16,1003,0,1,0,1,0,2210,1,123,0,70,53,0
16,15,1003,0,1,1,0,1,2210,1,0,123,53,70,0
15,16,1004,1,1,0,1,0,1543,1,125,0,0,0,0
16,15,1004,1,1,1,0,1,2053,1,0,126,82,71,0
15,16,1005,2,1,0,1,0,1315,1,91,0,0,0,0
16,15,1005,2,1,1,0,1,1012,1,0,97,0,28,0
15,16,1006,0,2,0,1,0,1964,1,34,0,93,2,0
16,15,1006,0,2,1,0,1,1964,1,0,34,2,93,0
15,16,1007,1,2,0,1,0,1589,1,36,0,15,6,0
16,15,1007,1,2,1,0,1,1889,1,0,84,0,31,0
15,16,1008,2,2,0,1,0,1489,1,109,0,49,28,0
16,15,1008,2,2,1,0,1,1446,1,0,77,1,7,0
15,17,1000,0,0,0,1,1,637,1,0,38,0,0,0
17,15,1000,0,0,1,0,0,637,1,38,0,0,0,0
15,17,1001,1,0,0,1,1,799,1,0,19,8,31,0
17,15,1001,1,0,1,0,1,585,1,0,36,2,3,0
15,17,1002,2,0,0,1,1,637,1,0,42,19,0,0
17,15,1002,2,0,1,0,0,673,1,16,0,0,0,0
15,17,1003,0,1,0,1,1,605,1,0,59,0,0,0
17,15,1003,0,1,1,0,0,605,1,59,0,0,0,0
15,17,1004,1,1,0,1,1,718,1,0,40,0,9,0
17,15,1004,1,1,1,0,0,811,1,57,0,0,13,0
15,17,1005,2,1,0,1,1,680,1,0,3,42,0,0
17,15,1005,2,1,1,0,1,753,1,0,56,4,28,0
15,17,1006,0,2,0,1,1,790,1,0,1,16,0,0
17,15,1006,0,2,1,0,0,790,1,1,0,0,16,0
15,17,1007,1,2,0,1,0,790,1,8,0,18,0,0
17,15,1007,1,2,1,0,0,463,1,77,0,0,22,0
15,17,1008,2,2,0,1,0,463,1,83,0,0,0,0
17,15,1008,2,2,1,0,0,754,1,34,0,0,11,0
15,18,1000,0,0,0,1,0,1553,1,28,0,73,48,0
18,15,1000,0,0,1,0,1,1553,1,0,28,48,73,0
15,18,1001,1,0,0,1,0,1634,1,37,0,59,0,0
18,15,1001,1,0,1,0,1,1835,1,0,55,18,125,0
15,18,1002,2,0,0,1,0,1903,1,130,0,304,17,0
18,15,1002,2,0,1,0,0,1111,1,75,0,16,40,0
15,18,1003,0,1,0,1,0,1343,1,12,0,1,10,0
18,15,1003,0,1,1,0,1,1343,1,0,12,10,1,0
15,18,1004,1,1,0,1,0,1671,1,82,0,39,32,0
18,15,1004,1,1,1,0,1,1732,1,0,68,32,39,0
15,18,1005,2,1,0,1,0,1720,1,59,0,131,169,0
18,15,1005,2,1,1,0,0,1743,1,32,0,0,40,0
15,18,1006,0,2,0,1,0,1558,1,19,0,16,59,0
18,15,1006,0,2,1,0,1,1558,1,0,19,59,16,0
15,18,1007,1,2,0,1,0,1616,1,35,0,17,60,0
18,15,1007,1,2,1,0,0,1255,1,71,0,0,0,0
15,18,1008,2,2,0,1,0,1303,1,40,0,38,0,0
18,15,1008,2,2,1,0,1,1316,1,0,53,23,86,0
15,19,1000,0,0,0,1,1,2012,1,0,44,251,25,0
19,15,1000,0,0,1,0,0,2012,1,44,0,25,251,0
15,19,1001,1,0,0,1,1,1248,1,0,104,36,33,0
19,15,1001,1,0,1,0,1,850,1,0,77,0,0,0
15,19,1002,2,0,0,1,0,2022,1,54,0,59,24,0
19,15,1002,2,0,1,0,0,1219,1,69,0,0,30,0
15,19,1003,0,1,0,1,1,2700,3,10,1,0,397,0
19,15,1003,0,1,1,0,0,2700,3,1,10,397,0,0
15,19,1004,1,1,0,1,0,1555,1,53,0,15,31,0
19,15,1004,1,1,1,0,1,1438,1,0,84,0,3,0
15,19,1005,2,1,0,1,1,1909,1,0,9,38,53,0
19,15,1005,2,1,1,0,1,1229,1,0,45,0,20,0
15,19,1006,0,2,0,1,0,1931,1,48,0,68,125,0
19,15,1006,0,2,1,0,1,1931,1,0,48,125,68,0
15,19,1007,1,2,0,1,1,1293,1,0,53,15,17,0
19,15,1007,1,2,1,0,0,1767,1,40,0,59,8,0
15,19,1008,2,2,0,1,1,1089,1,0,68,13,28,0
19,15,1008,2,2,1,0,0,2157,1,3,0,32,44,0
15,20,1000,0,0,0,1,0,2562,1,130,0,105,397,0
20,15,1000,0,0,1,0,1,2562,1,0,130,397,105,0
15,20,1001,1,0,0,1,0,2170,1,97,0,55,455,0
20,15,1001,1,0,1,0,0,2700,3,71,114,518,404,0
15,20,1002,2,0,0,1,0,2700,3,127,11,125,124,0
20,15,1002,2,0,1,0,0,2700,3,27,121,569,291,0
15,20,1003,0,1,0,1,1,2313,2,90,79,0,600,0
20,15,1003,0,1,1,0,0,2313,2,79,90,600,0,0
15,20,1004,1,1,0,1,1,2320,2,111,68,28,600,0
20,15,1004,1,1,1,0,1,2639,1,0,92,198,233,0
15,20,1005,2,1,0,1,0,2424,1,130,0,282,295,0
20,15,1005,2,1,1,0,0,2700,3,7,110,198,183,0
15,20,1006,0,2,0,1,0,2008,1,130,0,39,45,0
20,15,1006,0,2,1,0,1,2008,1,0,130,45,39,0
15,20,1007,1,2,0,1,0,1733,1,86,0,70,153,0
20,15,1007,1,2,1,0,1,2569,1,0,100,368,77,0
15,20,1008,2,2,0,1,0,2503,1,130,0,133,515,0
20,15,1008,2,2,1,0,1,2692,1,0,127,129,150,0
15,21,1000,0,0,0,1,1,1723,1,0,16,8,7,0
21,15,1000,0,0,1,0,0,1723,1,16,0,7,8,0
15,21,1001,1,0,0,1,1,1530,1,0,19,0,9,0
21,15,1001,1,0,1,0,1,1396,1,0,72,2,22,0
15,21,1002,2,0,0,1,1,1365,1,0,36,0,22,0
21,15,1002,2,0,1,0,1,996,1,0,130,77,138,0
15,21,1003,0,1,0,1,0,1744,1,31,0,110,13,0
21,15,1003,0,1,1,0,1,1744,1,0,31,13,110,0
15,21,1004,1,1,0,1,0,1846,1,17,0,54,0,0
21,15,1004,1,1,1,0,0,1582,1,8,0,0,0,0
15,21,1005,2,1,0,1,0,1204,1,19,0,14,54,0
21,15,1005,2,1,1,0,0,852,1,60,0,54,0,0
15,21,1006,0,2,0,1,1,1695,1,0,15,101,33,0
21,15,1006,0,2,1,0,0,1695,1,15,0,33,101,0
15,21,1007,1,2,0,1,1,1560,1,0,27,10,27,0
21,15,1007,1,2,1,0,1,1775,1,0,65,27,38,0
15,21,1008,2,2,0,1,0,1215,1,38,0,54,27,0
21,15,1008,2,2,1,0,1,1752,1,0,58,19,125,0
15,22,1000,0,0,0,1,0,1881,1,87,0,163,7,0
22,15,1000,0,0,1,0,1,1881,1,0,87,7,163,0
15,22,1001,1,0,0,1,0,2521,1,76,0,111,8,0
22,15,1001,1,0,1,0,1,2195,1,0,99,21,51,0
15,22,1002,2,0,0,1,1,1864,1,0,7,4,26,0
22,15,1002,2,0,1,0,1,1861,1,0,121,24,88,0
15,22,1003,0,1,0,1,0,2020,1,120,0,56,47,0
22,15,1003,0,1,1,0,1,2020,1,0,120,47,56,0
15,22,1004,1,1,0,1,0,2106,1,130,0,44,9,0
22,15,1004,1,1,1,0,1,1989,1,0,126,9,0,0
15,22,1005,2,1,0,1,0,1087,1,64,0,0,0,0
22,15,1005,2,1,1,0,1,1642,1,0,130,26,6,0
15,22,1006,0,2,0,1,0,1895,1,126,0,36,0,0
22,15,1006,0,2,1,0,1,1895,1,0,126,0,36,0
15,22,1007,1,2,0,1,0,2314,1,130,0,78,0,0
22,15,1007,1,2,1,0,1,1000,1,0,109,0,0,0
15,22,1008,2,2,0,1,0,2014,1,110,0,52,27,0
22,15,1008,2,2,1,0,1,1654,1,0,98,21,60,0
15,23,1000,0,0,0,1,1,1026,1,0,20,30,0,0
23,15,1000,0,0,1,0,0,1026,1,20,0,0,30,0
15,23,1001,1,0,0,1,-1,982,1,0,0,21,0,0
23,15,1001,1,0,1,0,-1,982,1,0,0,0,21,0
15,23,1002,2,0,0,1,1,946,1,0,25,38,0,0
23,15,1002,2,0,1,0,1,631,1,0,55,0,38,0
15,23,1003,0,1,0,1,0,1034,1,2,0,6,27,0
23,15,1003,0,1,1,0,1,1034,1,0,2,27,6,0
15,23,1004,1,1,0,1,1,891,1,0,11,9,22,0
23,15,1004,1,1,1,0,0,891,1,24,0,22,9,0
15,23,1005,2,1,0,1,1,1261,1,0,27,0,0,0
23,15,1005,2,1,1,0,1,1159,1,0,29,0,0,0
15,23,1006,0,2,0,1,1,810,1,0,72,0,10,0
23,15,1006,0,2,1,0,0,810,1,72,0,10,0,0
15,23,1007,1,2,0,1,1,927,1,0,57,6,6,0
23,15,1007,1,2,1,0,1,1087,1,0,22,0,0,0
15,23,1008,2,2,0,1,1,1049,1,0,33,0,8,0
23,15,1008,2,2,1,0,0,1203,1,33,0,8,0,0
15,24,1000,0,0,0,1,1,1498,1,0,34,0,12,0
24,15,1000,0,0,1,0,0,1498,1,34,0,12,0,0
15,24,1001,1,0,0,1,0,1547,1,114,0,6,0,0
24,15,1001,1,0,1,0,1,1534,1,0,41,0,6,0
15,24,1002,2,0,0,1,0,1513,1,83,0,0,1,0
24,15,1002,2,0,1,0,1,1381,1,0,92,1,0,0
15,24,1003,0,1,0,1,0,2110,1,93,0,72,9,0
24,15,1003,0,1,1,0,1,2110,1,0,93,9,72,0
15,24,1004,1,1,0,1,1,1853,1,0,15,39,18,0
24,15,1004,1,1,1,0,0,1813,1,31,0,22,46,0
15,24,1005,2,1,0,1,0,1582,1,1,0,14,12,0
24,15,1005,2,1,1,0,1,1420,1,0,13,0,26,0
15,24,1006,0,2,0,1,1,1707,1,0,7,4,1,0
24,15,1006,0,2,1,0,0,1707,1,7,0,1,4,0
15,24,1007,1,2,0,1,0,1519,1,124,0,5,2,0
24,15,1007,1,2,1,0,1,1585,1,0,41,2,3,0
15,24,1008,2,2,0,1,0,973,1,130,0,28,1,0
24,15,1008,2,2,1,0,1,1534,1,0,88,1,9,0
15,25,1000,0,0,0,1,1,1357,1,0,56,10,0,0
25,15,1000,0,0,1,0,0,1357,1,56,0,0,10,0
15,25,1001,1,0,0,1,1,841,1,0,82,0,0,0
25,15,1001,1,0,1,0,1,2700,3,45,59,34,483,0
15,25,1002,2,0,0,1,0,1627,1,86,0,15,8,0
25,15,1002,2,0,1,0,1,2194,1,0,44,26,395,0
15,25,1003,0,1,0,1,1,1681,1,0,53,6,39,0
25,15,1003,0,1,1,0,0,1681,1,53,0,39,6,0
15,25,1004,1,1,0,1,1,954,1,0,67,0,0,0
25,15,1004,1,1,1,0,0,997,1,56,0,0,0,0
15,25,1005,2,1,0,1,1,1276,1,0,59,16,6,0
25,15,1005,2,1,1,0,0,1429,1,77,0,6,16,0
15,25,1006,0,2,0,1,0,1561,1,23,0,19,70,0
25,15,1006,0,2,1,0,1,1561,1,0,23,70,19,0
15,25,1007,1,2,0,1,1,1395,1,0,42,18,17,0
25,15,1007,1,2,1,0,0,1501,1,82,0,2,36,0
15,25,1008,2,2,0,1,0,1396,1,129,0,24,29,0
25,15,1008,2,2,1,0,1,2245,1,0,64,29,281,0
15,26,1000,0,0,0,1,0,1072,1,82,0,16,0,0
26,15,1000,0,0,1,0,1,1072,1,0,82,0,16,0
15,26,1001,1,0,0,1,0,1516,1,80,0,1,0,0
26,15,1001,1,0,1,0,1,1582,1,0,61,6,36,0
15,26,1002,2,0,0,1,0,844,1,102,0,0,0,0
26,15,1002,2,0,1,0,1,925,1,0,92,0,0,0
15,26,1003,0,1,0,1,0,1435,1,95,0,15,0,0
26,15,1003,0,1,1,0,1,1435,1,0,95,0,15,0
15,26,1004,1,1,0,1,0,1367,1,94,0,24,0,0
26,15,1004,1,1,1,0,1,1462,1,0,95,0,24,0
15,26,1005,2,1,0,1,0,1153,1,112,0,23,3,0
26,15,1005,2,1,1,0,1,638,1,0,96,0,24,0
15,26,1006,0,2,0,1,0,946,1,119,0,11,7,0
26,15,1006,0,2,1,0,1,946,1,0,119,7,11,0
15,26,1007,1,2,0,1,0,1644,1,81,0,23,13,0
26,15,1007,1,2,1,0,1,1123,1,0,23,66,92,0
15,26,1008,2,2,0,1,0,772,1,86,0,29,10,0
26,15,1008,2,2,1,0,1,1150,1,0,34,20,21,0
15,27,1000,0,0,0,1,0,1417,1,118,0,198,162,0
27,15,1000,0,0,1,0,1,1417,1,0,118,162,198,0
15,27,1001,1,0,0,1,0,1586,1,101,0,20,65,0
27,15,1001,1,0,1,0,1,2307,1,0,127,175,486,0
15,27,1002,2,0,0,1,0,763,1,115,0,5,4,0
27,15,1002,2,0,1,0,1,1327,1,0,57,2,5,0
15,27,1003,0,1,0,1,0,1817,1,73,0,206,0,0
27,15,1003,0,1,1,0,1,1817,1,0,73,0,206,0
15,27,1004,1,1,0,1,0,1351,1,100,0,21,25,0
27,15,1004,1,1,1,0,1,1776,1,0,106,12,88,0
15,27,1005,2,1,0,1,0,1918,1,81,0,126,24,0
27,15,1005,2,1,1,0,1,1160,1,0,118,0,29,0
15,27,1006,0,2,0,1,0,1217,1,99,0,104,12,0
27,15,1006,0,2,1,0,1,1217,1,0,99,12,104,0
15,27,1007,1,2,0,1,0,1330,1,63,0,0,0,0
27,15,1007,1,2,1,0,1,1026,1,0,103,18,89,0
15,27,1008,2,2,0,1,0,1332,1,112,0,0,0,0
27,15,1008,2,2,1,0,1,2117,1,0,103,436,32,0
15,28,1000,0,0,0,1,1,717,1,0,19,8,11,0
28,15,1000,0,0,1,0,0,717,1,19,0,11,8,0
15,28,1001,1,0,0,1,0,847,1,64,0,88,2,0
28,15,1001,1,0,1,0,0,852,1,40,0,0,20,0
15,28,1002,2,0,0,1,0,826,1,8,0,5,18,0
28,15,1002,2,0,1,0,0,765,1,88,0,61,12,0
15,28,1003,0,1,0,1,0,999,1,88,0,56,41,0
28,15,1003,0,1,1,0,1,999,1,0,88,41,56,0
15,28,1004,1,1,0,1,0,1104,1,7,0,8,11,0
28,15,1004,1,1,1,0,0,1131,1,16,0,100,55,0
15,28,1005,2,1,0,1,1,1120,1,0,58,2,0,0
28,15,1005,2,1,1,0,0,1380,1,24,0,12,15,0
15,28,1006,0,2,0,1,0,809,1,58,0,7,0,0
28,15,1006,0,2,1,0,1,809,1,0,58,0,7,0
15,28,1007,1,2,0,1,1,888,1,0,3,6,23,0
28,15,1007,1,2,1,0,0,852,1,71,0,2,11,0
15,28,1008,2,2,0,1,1,1002,1,0,43,5,7,0
28,15,1008,2,2,1,0,0,969,1,30,0,0,2,0
15,29,1000,0,0,0,1,1,1420,1,0,56,0,0,0
29,15,1000,0,0,1,0,0,1420,1,56,0,0,0,0
15,29,1001,1,0,0,1,0,1679,1,101,0,0,0,0
29,15,1001,1,0,1,0,1,1447,1,0,78,0,19,0
15,29,1002,2,0,0,1,0,1329,1,123,0,0,0,0
29,15,1002,2,0,1,0,0,1410,1,49,0,0,0,0
15,29,1003,0,1,0,1,0,2108,1,92,0,109,5,0
29,15,1003,0,1,1,0,1,2108,1,0,92,5,109,0
15,29,1004,1,1,0,1,0,1647,1,72,0,87,4,0
29,15,1004,1,1,1,0,0,1945,1,18,0,0,16,0
15,29,1005,2,1,0,1,0,1309,1,104,0,19,0,0
29,15,1005,2,1,1,0,1,1783,1,0,130,25,45,0
15,29,1006,0,2,0,1,0,1979,1,26,0,43,0,0
29,15,1006,0,2,1,0,1,1979,1,0,26,0,43,0
15,29,1007,1,2,0,1,0,1918,1,19,0,69,0,0
29,15,1007,1,2,1,0,1,2016,1,0,85,0,68,0
15,29,1008,2,2,0,1,0,2182,1,115,0,217,3,0
29,15,1008,2,2,1,0,1,2554,1,0,83,4,269,0
15,30,1000,0,0,0,1,0,1934,1,84,0,75,2,0
30,15,1000,0,0,1,0,1,1934,1,0,84,2,75,0
15,30,1001,1,0,0,1,0,2011,1,44,0,114,0,0
30,15,1001,1,0,1,0,1,1789,1,0,68,21,118,0
15,30,1002,2,0,0,1,0,1422,1,52,0,12,0,0
30,15,1002,2,0,1,0,1,1897,1,0,51,105,12,0
15,30,1003,0,1,0,1,0,1908,1,33,0,12,12,0
30,15,1003,0,1,1,0,1,1908,1,0,33,12,12,0
15,30,1004,1,1,0,1,1,1438,1,0,52,57,1,0
30,15,1004,1,1,1,0,1,1540,1,0,73,13,34,0
15,30,1005,2,1,0,1,0,1587,1,40,0,52,29,0
30,15,1005,2,1,1,0,1,1515,1,0,20,9,19,0
15,30,1006,0,2,0,1,1,832,1,0,69,71,27,0
30,15,1006,0,2,1,0,0,832,1,69,0,27,71,0
15,30,1007,1,2,0,1,1,1015,1,0,52,47,44,0
30,15,1007,1,2,1,0,0,1216,1,78,0,0,13,0
15,30,1008,2,2,0,1,1,1576,1,0,5,66,41,0
30,15,1008,2,2,1,0,0,1210,1,13,0,0,8,0
15,31,1000,0,0,0,1,1,2230,1,0,42,0,24,0
31,15,1000,0,0,1,0,0,2230,1,42,0,24,0,0
15,31,1001,1,0,0,1,1,2527,1,0,76,97,208,0
31,15,1001,1,0,1,0,1,2233,1,0,61,55,143,0
15,31,1002,2,0,0,1,1,1879,1,0,37,15,33,0
31,15,1002,2,0,1,0,1,1494,1,0,30,54,15,0
15,31,1003,0,1,0,1,0,2396,1,43,0,9,47,0
31,15,1003,0,1,1,0,1,2396,1,0,43,47,9,0
15,31,1004,1,1,0,1,0,2700,3,53,14,140,60,0
31,15,1004,1,1,1,0,1,2169,1,0,85,85,41,0
15,31,1005,2,1,0,1,0,2488,1,19,0,60,91,0
31,15,1005,2,1,1,0,1,2000,1,0,119,68,195,0
15,31,1006,0,2,0,1,0,1896,1,81,0,79,32,0
31,15,1006,0,2,1,0,1,1896,1,0,81,32,79,0
15,31,1007,1,2,0,1,0,2339,1,115,0,147,54,0
31,15,1007,1,2,1,0,0,2700,3,26,73,221,133,0
15,31,1008,2,2,0,1,1,1750,1,0,43,19,0,0
31,15,1008,2,2,1,0,0,1780,1,11,0,22,18,0
15,32,1000,0,0,0,1,0,1586,1,34,0,27,61,0
32,15,1000,0,0,1,0,1,1586,1,0,34,61,27,0
15,32,1001,1,0,0,1,0,2002,1,130,0,12,152,0
32,15,1001,1,0,1,0,1,1657,1,0,124,37,134,0
15,32,1002,2,0,0,1,0,2408,1,130,0,228,200,0
32,15,1002,2,0,1,0,1,1708,1,0,83,129,239,0
15,32,1003,0,1,0,1,0,1975,1,111,0,53,201,0
32,15,1003,0,1,1,0,1,1975,1,0,111,201,53,0
15,32,1004,1,1,0,1,0,1711,1,25,0,118,51,0
32,15,1004,1,1,1,0,0,2700,3,53,130,356,85,0
15,32,1005,2,1,0,1,0,1546,1,58,0,9,14,0
32,15,1005,2,1,1,0,1,1950,1,0,112,14,234,0
15,32,1006,0,2,0,1,0,1611,1,121,0,29,17,0
32,15,1006,0,2,1,0,1,1611,1,0,121,17,29,0
15,32,1007,1,2,0,1,0,1612,1,2,0,11,27,0
32,15,1007,1,2,1,0,1,2302,1,0,15,192,197,0
15,32,1008,2,2,0,1,0,1955,1,117,0,234,41,0
32,15,1008,2,2,1,0,1,1915,1,0,74,113,53,0
15,33,1000,0,0,0,1,0,1572,1,130,0,41,0,0
33,15,1000,0,0,1,0,1,1572,1,0,130,0,41,0
15,33,1001,1,0,0,1,0,1720,1,130,0,136,84,0
33,15,1001,1,0,1,0,1,1363,1,0,130,8,0,0
15,33,1002,2,0,0,1,0,1001,1,77,0,0,0,0
33,15,1002,2,0,1,0,1,1138,1,0,125,1,33,0
15,33,1003,0,1,0,1,0,1672,1,77,0,0,49,0
33,15,1003,0,1,1,0,1,1672,1,0,77,49,0,0
15,33,1004,1,1,0,1,0,1994,1,130,0,271,36,0
33,15,1004,1,1,1,0,1,1309,1,0,44,67,13,0
15,33,1005,2,1,0,1,0,1389,1,87,0,27,0,0
33,15,1005,2,1,1,0,1,944,1,0,130,0,51,0
15,33,1006,0,2,0,1,0,1378,1,130,0,53,24,0
33,15,1006,0,2,1,0,1,1378,1,0,130,24,53,0
15,33,1007,1,2,0,1,0,1682,1,74,0,8,79,0
33,15,1007,1,2,1,0,1,1552,1,0,38,31,40,0
15,33,1008,2,2,0,1,0,1148,1,82,0,3,0,0
33,15,1008,2,2,1,0,1,1258,1,0,68,0,3,0
15,34,1000,0,0,0,1,0,752,1,94,0,9,65,0
34,15,1000,0,0,1,0,1,752,1,0,94,65,9,0
15,34,1001,1,0,0,1,0,832,1,85,0,5,17,0
34,15,1001,1,0,1,0,1,715,1,0,104,17,5,0
15,34,1002,2,0,0,1,0,1014,1,71,0,2,24,0
34,15,1002,2,0,1,0,0,798,1,57,0,0,24,0
15,34,1003,0,1,0,1,0,1117,1,51,0,26,65,0
34,15,1003,0,1,1,0,1,1117,1,0,51,65,26,0
15,34,1004,1,1,0,1,0,1160,1,45,0,0,0,0
34,15,1004,1,1,1,0,1,774,1,0,50,15,153,0
15,34,1005,2,1,0,1,0,754,1,25,0,9,18,0
34,15,1005,2,1,1,0,1,754,1,0,21,18,9,0
15,34,1006,0,2,0,1,0,769,1,67,0,13,88,0
34,15,1006,0,2,1,0,1,769,1,0,67,88,13,0
15,34,1007,1,2,0,1,0,838,1,127,0,14,33,0
34,15,1007,1,2,1,0,1,993,1,0,74,0,0,0
15,34,1008,2,2,0,1,0,693,1,82,0,5,6,0
34,15,1008,2,2,1,0,1,916,1,0,39,0,0,0
15,35,1000,0,0,0,1,0,2534,2,88,38,600,38,0
35,15,1000,0,0,1,0,1,2534,2,38,88,38,600,0
15,35,1001,1,0,0,1,0,2611,1,130,0,449,19,0
35,15,1001,1,0,1,0,1,2700,3,2,101,3,173,0
15,35,1002,2,0,0,1,0,2091,1,109,0,66,0,0
35,15,1002,2,0,1,0,1,2195,1,0,116,74,502,0
15,35,1003,0,1,0,1,0,2342,1,113,0,314,4,0
35,15,1003,0,1,1,0,1,2342,1,0,113,4,314,0
15,35,1004,1,1,0,1,0,2529,1,80,0,214,8,0
35,15,1004,1,1,1,0,1,2700,3,59,102,5,119,0
15,35,1005,2,1,0,1,0,1964,1,100,0,187,0,0
35,15,1005,2,1,1,0,1,2312,1,0,123,9,24,0
15,35,1006,0,2,0,1,0,1819,1,72,0,66,27,0
35,15,1006,0,2,1,0,1,1819,1,0,72,27,66,0
15,35,1007,1,2,0,1,0,2544,1,44,0,127,30,0
35,15,1007,1,2,1,0,0,1570,1,60,0,59,0,0
15,35,1008,2,2,0,1,0,2007,1,7,0,16,6,0
35,15,1008,2,2,1,0,1,2610,1,0,121,25,171,0
15,36,1000,0,0,0,1,1,754,1,0,31,25,0,0
36,15,1000,0,0,1,0,0,754,1,31,0,0,25,0
15,36,1001,1,0,0,1,1,1296,1,0,55,33,53,0
36,15,1001,1,0,1,0,0,933,1,33,0,4,32,0
15,36,1002,2,0,0,1,1,798,1,0,52,4,15,0
36,15,1002,2,0,1,0,0,1359,1,7,0,146,105,0
15,36,1003,0,1,0,1,1,1036,1,0,53,24,0,0
36,15,1003,0,1,1,0,0,1036,1,53,0,0,24,0
15,36,1004,1,1,0,1,1,1197,1,0,15,19,6,0
36,15,1004,1,1,1,0,0,564,1,20,0,58,4,0
15,36,1005,2,1,0,1,1,961,1,0,70,57,1,0
36,15,1005,2,1,1,0,0,1098,1,54,0,5,16,0
15,36,1006,0,2,0,1,1,771,1,0,29,49,1,0
36,15,1006,0,2,1,0,0,771,1,29,0,1,49,0
15,36,1007,1,2,0,1,1,771,1,0,39,3,13,0
36,15,1007,1,2,1,0,0,912,1,72,0,0,0,0
15,36,1008,2,2,0,1,1,1008,1,0,16,4,17,0
36,15,1008,2,2,1,0,0,988,1,35,0,33,0,0
15,37,1000,0,0,0,1,0,1543,1,95,0,33,13,0
37,15,1000,0,0,1,0,1,1543,1,0,95,13,33,0
15,37,1001,1,0,0,1,0,1312,1,92,0,18,0,0
37,15,1001,1,0,1,0,1,1828,1,0,101,12,135,0
15,37,1002,2,0,0,1,0,1615,1,93,0,6,25,0
37,15,1002,2,0,1,0,1,943,1,0,61,43,96,0
15,37,1003,0,1,0,1,0,1413,1,71,0,30,38,0
37,15,1003,0,1,1,0,1,1413,1,0,71,38,30,0
15,37,1004,1,1,0,1,0,1592,1,95,0,15,2,0
37,15,1004,1,1,1,0,1,1280,1,0,111,2,0,0
15,37,1005,2,1,0,1,0,1095,1,107,0,26,14,0
37,15,1005,2,1,1,0,1,958,1,0,105,9,48,0
15,37,1006,0,2,0,1,0,1327,1,118,0,35,0,0
37,15,1006,0,2,1,0,1,1327,1,0,118,0,35,0
15,37,1007,1,2,0,1,0,1546,1,88,0,8,0,0
37,15,1007,1,2,1,0,1,1324,1,0,130,63,22,0
15,37,1008,2,2,0,1,0,1537,1,75,0,58,109,0
37,15,1008,2,2,1,0,1,1249,1,0,100,7,26,0
15,38,1000,0,0,0,1,0,838,1,81,0,15,0,0
38,15,1000,0,0,1,0,1,838,1,0,81,0,15,0
15,38,1001,1,0,0,1,1,879,1,0,34,15,18,0
38,15,1001,1,0,1,0,0,1250,1,11,0,0,15,0
15,38,1002,2,0,0,1,1,1212,1,0,38,15,0,0
38,15,1002,2,0,1,0,1,1061,1,0,38,0,15,0
15,38,1003,0,1,0,1,0,670,1,53,0,16,0,0
38,15,1003,0,1,1,0,1,670,1,0,53,0,16,0
15,38,1004,1,1,0,1,0,1348,1,46,0,41,45,0
38,15,1004,1,1,1,0,0,1089,1,12,0,3,33,0
15,38,1005,2,1,0,1,1,947,1,0,64,17,0,0
38,15,1005,2,1,1,0,0,846,1,60,0,0,17,0
15,38,1006,0,2,0,1,0,642,1,61,0,19,0,0
38,15,1006,0,2,1,0,1,642,1,0,61,0,19,0
15,38,1007,1,2,0,1,1,1203,1,0,17,15,0,0
38,15,1007,1,2,1,0,1,1678,1,0,60,7,21,0
15,38,1008,2,2,0,1,1,831,1,0,1,15,0,0
38,15,1008,2,2,1,0,0,894,1,36,0,0,15,0
15,39,1000,0,0,0,1,0,2008,1,126,0,34,0,0
39,15,1000,0,0,1,0,1,2008,1,0,126,0,34,0
15,39,1001,1,0,0,1,0,1204,1,107,0,10,0,0
39,15,1001,1,0,1,0,1,2008,1,0,109,8,228,0
15,39,1002,2,0,0,1,0,1795,1,86,0,11,34,0
39,15,1002,2,0,1,0,1,1696,1,0,106,34,11,0
15,39,1003,0,1,0,1,0,2552,1,101,0,371,0,0
39,15,1003,0,1,1,0,1,2552,1,0,101,0,371,0
15,39,1004,1,1,0,1,0,2245,1,95,0,101,16,0
39,15,1004,1,1,1,0,0,1748,1,12,0,5,10,0
15,39,1005,2,1,0,1,0,2097,1,89,0,70,0,0
39,15,1005,2,1,1,0,1,2287,1,0,33,0,70,0
15,39,1006,0,2,0,1,0,2347,1,70,0,147,28,0
39,15,1006,0,2,1,0,1,2347,1,0,70,28,147,0
15,39,1007,1,2,0,1,0,2519,1,127,0,208,47,0
39,15,1007,1,2,1,0,1,2603,1,0,22,72,196,0
15,39,1008,2,2,0,1,0,1909,1,87,0,99,3,0
39,15,1008,2,2,1,0,1,2009,1,0,107,26,72,0
16,17,1000,0,0,0,1,0,587,1,34,0,0,0,0
17,16,1000,0,0,1,0,1,587,1,0,34,0,0,0
16,17,1001,1,0,0,1,0,703,1,84,0,0,0,0
17,16,1001,1,0,1,0,1,691,1,0,22,1,0,0
16,17,1002,2,0,0,1,0,475,1,81,0,0,0,0
17,16,1002,2,0,1,0,1,856,1,0,76,4,19,0
16,17,1003,0,1,0,1,1,598,1,0,15,0,0,0
17,16,1003,0,1,1,0,0,598,1,15,0,0,0,0
16,17,1004,1,1,0,1,0,561,1,73,0,2,0,0
17,16,1004,1,1,1,0,0,639,1,9,0,0,2,0
16,17,1005,2,1,0,1,0,461,1,79,0,0,0,0
17,16,1005,2,1,1,0,1,688,1,0,109,0,0,0
16,17,1006,0,2,0,1,0,552,1,50,0,9,0,0
17,16,1006,0,2,1,0,1,552,1,0,50,0,9,0
16,17,1007,1,2,0,1,0,479,1,109,0,0,0,0
17,16,1007,1,2,1,0,1,673,1,0,109,0,0,0
16,17,1008,2,2,0,1,0,757,1,109,0,0,0,0
17,16,1008,2,2,1,0,1,901,1,0,40,0,19,0
16,18,1000,0,0,0,1,0,497,1,47,0,0,7,0
18,16,1000,0,0,1,0,1,497,1,0,47,7,0,0
16,18,1001,1,0,0,1,0,787,1,9,0,14,5,0
18,16,1001,1,0,1,0,0,682,1,8,0,5,0,0
16,18,1002,2,0,0,1,0,451,1,40,0,0,22,0
18,16,1002,2,0,1,0,1,771,1,0,11,33,0,0
16,18,1003,0,1,0,1,0,764,1,47,0,3,33,0
18,16,1003,0,1,1,0,1,764,1,0,47,33,3,0
16,18,1004,1,1,0,1,0,531,1,27,0,0,0,0
18,16,1004,1,1,1,0,1,427,1,0,47,6,0,0
16,18,1005,2,1,0,1,0,911,1,4,0,0,19,0
18,16,1005,2,1,1,0,1,823,1,0,1,63,5,0
16,18,1006,0,2,0,1,0,395,1,57,0,0,14,0
18,16,1006,0,2,1,0,1,395,1,0,57,14,0,0
16,18,1007,1,2,0,1,0,573,1,50,0,0,13,0
18,16,1007,1,2,1,0,1,533,1,0,11,13,0,0
16,18,1008,2,2,0,1,0,601,1,1,0,0,0,0
18,16,1008,2,2,1,0,1,588,1,0,50,4,15,0
16,19,1000,0,0,0,1,0,502,1,41,0,0,12,0
19,16,1000,0,0,1,0,1,502,1,0,41,12,0,0
16,19,1001,1,0,0,1,1,853,1,0,26,0,18,0
19,16,1001,1,0,1,0,0,1393,1,20,0,33,26,0
16,19,1002,2,0,0,1,1,991,1,0,86,16,59,0
19,16,1002,2,0,1,0,0,748,1,53,0,5,12,0
16,19,1003,0,1,0,1,1,475,1,0,83,1,13,0
19,16,1003,0,1,1,0,0,475,1,83,0,13,1,0
16,19,1004,1,1,0,1,0,691,1,28,0,0,14,0
19,16,1004,1,1,1,0,0,795,1,42,0,0,0,0
16,19,1005,2,1,0,1,1,835,1,0,12,0,0,0
19,16,1005,2,1,1,0,1,1049,1,0,5,11,3,0
16,19,1006,0,2,0,1,1,550,1,0,45,0,12,0
19,16,1006,0,2,1,0,0,550,1,45,0,12,0,0
16,19,1007,1,2,0,1,0,487,1,73,0,0,0,0
19,16,1007,1,2,1,0,1,586,1,0,29,8,11,0
16,19,1008,2,2,0,1,1,712,1,0,30,0,32,0
19,16,1008,2,2,1,0,0,1000,1,28,0,22,17,0
16,20,1000,0,0,0,1,1,862,1,0,57,8,31,0
20,16,1000,0,0,1,0,0,862,1,57,0,31,8,0
16,20,1001,1,0,0,1,1,1202,1,0,2,17,43,0
20,16,1001,1,0,1,0,0,1649,1,18,0,88,68,0
16,20,1002,2,0,0,1,0,1460,1,16,0,22,75,0
20,16,1002,2,0,1,0,1,1411,1,0,6,31,0,0
16,20,1003,0,1,0,1,1,744,1,0,89,29,52,0
20,16,1003,0,1,1,0,0,744,1,89,0,52,29,0
16,20,1004,1,1,0,1,1,1054,1,0,9,5,15,0
20,16,1004,1,1,1,0,0,1341,1,47,0,14,0,0
16,20,1005,2,1,0,1,1,1358,1,0,34,44,81,0
20,16,1005,2,1,1,0,0,1288,1,13,0,43,1,0
16,20,1006,0,2,0,1,1,1233,1,0,6,10,35,0
20,16,1006,0,2,1,0,0,1233,1,6,0,35,10,0
16,20,1007,1,2,0,1,1,751,1,0,57,3,22,0
20,16,1007,1,2,1,0,1,1519,1,0,14,34,16,0
16,20,1008,2,2,0,1,0,1155,1,6,0,0,40,0
20,16,1008,2,2,1,0,0,990,1,67,0,36,2,0
16,21,1000,0,0,0,1,1,546,1,0,40,0,0,0
21,16,1000,0,0,1,0,0,546,1,40,0,0,0,0
16,21,1001,1,0,0,1,0,938,1,19,0,0,1,0
21,16,1001,1,0,1,0,1,1008,1,0,31,0,49,0
16,21,1002,2,0,0,1,0,526,1,49,0,0,0,0
21,16,1002,2,0,1,0,1,717,1,0,31,0,0,0
16,21,1003,0,1,0,1,0,1069,1,6,0,33,0,0
21,16,1003,0,1,1,0,1,1069,1,0,6,0,33,0
16,21,1004,1,1,0,1,1,840,1,0,8,25,5,0
21,16,1004,1,1,1,0,1,856,1,0,21,0,10,0
16,21,1005,2,1,0,1,0,641,1,51,0,0,0,0
21,16,1005,2,1,1,0,1,838,1,0,63,0,0,0
16,21,1006,0,2,0,1,0,655,1,19,0,0,1,0
21,16,1006,0,2,1,0,1,655,1,0,19,1,0,0
16,21,1007,1,2,0,1,0,651,1,51,0,0,0,0
21,16,1007,1,2,1,0,1,694,1,0,34,11,0,0
16,21,1008,2,2,0,1,0,562,1,23,0,0,0,0
21,16,1008,2,2,1,0,0,566,1,19,0,0,14,0
16,22,1000,0,0,0,1,0,1144,1,37,0,3,21,0
22,16,1000,0,0,1,0,1,1144,1,0,37,21,3,0
16,22,1001,1,0,0,1,1,1230,1,0,3,0,14,0
22,16,1001,1,0,1,0,0,520,1,103,0,14,0,0
16,22,1002,2,0,0,1,1,926,1,0,80,11,29,0
22,16,1002,2,0,1,0,0,915,1,59,0,13,0,0
16,22,1003,0,1,0,1,1,463,1,0,120,0,0,0
22,16,1003,0,1,1,0,0,463,1,120,0,0,0,0
16,22,1004,1,1,0,1,1,1147,1,0,48,0,0,0
22,16,1004,1,1,1,0,1,1321,1,0,85,0,8,0
16,22,1005,2,1,0,1,1,1505,1,0,14,6,32,0
22,16,1005,2,1,1,0,0,1737,1,14,0,81,10,0
16,22,1006,0,2,0,1,0,1249,1,61,0,0,10,0
22,16,1006,0,2,1,0,1,1249,1,0,61,10,0,0
16,22,1007,1,2,0,1,0,1036,1,109,0,0,53,0
22,16,1007,1,2,1,0,1,976,1,0,35,60,0,0
16,22,1008,2,2,0,1,0,1345,1,72,0,4,25,0
22,16,1008,2,2,1,0,1,979,1,0,61,14,0,0
16,23,1000,0,0,0,1,1,759,1,0,43,4,0,0
23,16,1000,0,0,1,0,0,759,1,43,0,0,4,0
16,23,1001,1,0,0,1,1,654,1,0,10,0,0,0
23,16,1001,1,0,1,0,1,694,1,0,10,0,0,0
16,23,1002,2,0,0,1,0,618,1,34,0,40,6,0
23,16,1002,2,0,1,0,1,583,1,0,34,0,40,0
16,23,1003,0,1,0,1,1,673,1,0,39,0,0,0
23,16,1003,0,1,1,0,0,673,1,39,0,0,0,0
16,23,1004,1,1,0,1,0,542,1,22,0,0,0,0
23,16,1004,1,1,1,0,1,542,1,0,22,0,0,0
16,23,1005,2,1,0,1,0,775,1,8,0,0,0,0
23,16,1005,2,1,1,0,0,432,1,95,0,0,0,0
16,23,1006,0,2,0,1,0,808,1,39,0,6,0,0
23,16,1006,0,2,1,0,1,808,1,0,39,0,6,0
16,23,1007,1,2,0,1,0,543,1,109,0,0,0,0
23,16,1007,1,2,1,0,1,523,1,0,34,0,0,0
16,23,1008,2,2,0,1,0,912,1,34,0,0,0,0
23,16,1008,2,2,1,0,1,1054,1,0,6,0,30,0
16,24,1000,0,0,0,1,1,478,1,0,69,0,6,0
24,16,1000,0,0,1,0,0,478,1,69,0,6,0,0
16,24,1001,1,0,0,1,1,670,1,0,79,0,26,0
24,16,1001,1,0,1,0,0,670,1,74,0,26,0,0
16,24,1002,2,0,0,1,1,1051,1,0,26,0,10,0
24,16,1002,2,0,1,0,0,1051,1,26,0,10,0,0
16,24,1003,0,1,0,1,1,877,1,0,66,2,25,0
24,16,1003,0,1,1,0,0,877,1,66,0,25,2,0
16,24,1004,1,1,0,1,0,1103,1,43,0,0,7,0
24,16,1004,1,1,1,0,1,1312,1,0,7,14,0,0
16,24,1005,2,1,0,1,1,619,1,0,76,0,8,0
24,16,1005,2,1,1,0,0,619,1,74,0,8,0,0
16,24,1006,0,2,0,1,0,1126,1,7,0,7,16,0
24,16,1006,0,2,1,0,1,1126,1,0,7,16,7,0
16,24,1007,1,2,0,1,1,1422,1,0,6,12,0,0
24,16,1007,1,2,1,0,0,1422,1,10,0,0,12,0
16,24,1008,2,2,0,1,1,712,1,0,8,1,0,0
24,16,1008,2,2,1,0,0,712,1,8,0,0,1,0
16,25,1000,0,0,0,1,1,970,1,0,9,0,22,0
25,16,1000,0,0,1,0,0,970,1,9,0,22,0,0
16,25,1001,1,0,0,1,0,1390,1,36,0,13,36,0
25,16,1001,1,0,1,0,0,1046,1,9,0,21,0,0
16,25,1002,2,0,0,1,1,440,1,0,78,4,8,0
25,16,1002,2,0,1,0,0,1064,1,39,0,14,16,0
16,25,1003,0,1,0,1,1,1120,1,0,24,23,28,0
25,16,1003,0,1,1,0,0,1120,1,24,0,28,23,0
16,25,1004,1,1,0,1,1,1198,1,0,13,32,42,0
25,16,1004,1,1,1,0,1,1375,1,0,44,8,0,0
16,25,1005,2,1,0,1,1,1153,1,0,44,2,6,0
25,16,1005,2,1,1,0,0,1191,1,59,0,6,2,0
16,25,1006,0,2,0,1,0,1253,1,1,0,0,8,0
25,16,1006,0,2,1,0,1,1253,1,0,1,8,0,0
16,25,1007,1,2,0,1,0,1027,1,29,0,23,24,0
25,16,1007,1,2,1,0,1,1186,1,0,35,11,14,0
16,25,1008,2,2,0,1,1,1002,1,0,37,20,5,0
25,16,1008,2,2,1,0,1,1312,1,0,57,5,20,0
16,26,1000,0,0,0,1,0,700,1,35,0,24,0,0
26,16,1000,0,0,1,0,1,700,1,0,35,0,24,0
16,26,1001,1,0,0,1,0,421,1,87,0,0,2,0
26,16,1001,1,0,1,0,1,421,1,0,66,2,0,0
16,26,1002,2,0,0,1,0,811,1,3,0,0,0,0
26,16,1002,2,0,1,0,1,811,1,0,8,0,0,0
16,26,1003,0,1,0,1,1,981,1,0,3,0,0,0
26,16,1003,0,1,1,0,0,981,1,3,0,0,0,0
16,26,1004,1,1,0,1,1,596,1,0,28,0,0,0
26,16,1004,1,1,1,0,0,596,1,28,0,0,0,0
16,26,1005,2,1,0,1,0,418,1,56,0,0,8,0
26,16,1005,2,1,1,0,1,619,1,0,68,15,0,0
16,26,1006,0,2,0,1,0,661,1,87,0,0,0,0
26,16,1006,0,2,1,0,1,661,1,0,87,0,0,0
16,26,1007,1,2,0,1,0,672,1,41,0,0,0,0
26,16,1007,1,2,1,0,1,672,1,0,41,0,0,0
16,26,1008,2,2,0,1,0,754,1,22,0,0,0,0
26,16,1008,2,2,1,0,1,755,1,0,2,0,0,0
16,27,1000,0,0,0,1,0,709,1,70,0,0,38,0
27,16,1000,0,0,1,0,1,709,1,0,70,38,0,0
16,27,1001,1,0,0,1,1,877,1,0,15,90,135,0
27,16,1001,1,0,1,0,0,581,1,27,0,22,13,0
16,27,1002,2,0,0,1,0,445,1,46,0,0,17,0
27,16,1002,2,0,1,0,0,663,1,18,0,17,25,0
16,27,1003,0,1,0,1,0,850,1,52,0,0,22,0
27,16,1003,0,1,1,0,1,850,1,0,52,22,0,0
16,27,1004,1,1,0,1,0,691,1,52,0,21,8,0
27,16,1004,1,1,1,0,1,542,1,0,70,3,0,0
16,27,1005,2,1,0,1,1,793,1,0,45,0,21,0
27,16,1005,2,1,1,0,0,952,1,40,0,6,12,0
16,27,1006,0,2,0,1,0,679,1,22,0,14,42,0
27,16,1006,0,2,1,0,1,679,1,0,22,42,14,0
16,27,1007,1,2,0,1,0,700,1,7,0,0,21,0
27,16,1007,1,2,1,0,1,790,1,0,7,23,0,0
16,27,1008,2,2,0,1,1,712,1,0,2,0,21,0
27,16,1008,2,2,1,0,0,736,1,27,0,17,29,0
16,28,1000,0,0,0,1,1,396,1,0,82,2,17,0
28,16,1000,0,0,1,0,0,396,1,82,0,17,2,0
16,28,1001,1,0,0,1,1,576,1,0,84,26,76,0
28,16,1001,1,0,1,0,0,643,1,39,0,197,91,0
16,28,1002,2,0,0,1,1,640,1,0,59,79,83,0
28,16,1002,2,0,1,0,0,474,1,64,0,67,29,0
16,28,1003,0,1,0,1,1,345,1,0,66,0,2,0
28,16,1003,0,1,1,0,0,345,1,66,0,2,0,0
16,28,1004,1,1,0,1,1,600,1,0,7,0,0,0
28,16,1004,1,1,1,0,0,390,1,73,0,47,9,0
16,28,1005,2,1,0,1,1,480,1,0,75,0,50,0
28,16,1005,2,1,1,0,0,357,1,75,0,62,0,0
16,28,1006,0,2,0,1,0,621,1,8,0,17,74,0
28,16,1006,0,2,1,0,1,621,1,0,8,74,17,0
16,28,1007,1,2,0,1,1,367,1,0,64,0,57,0
28,16,1007,1,2,1,0,1,823,1,0,32,24,6,0
16,28,1008,2,2,0,1,1,603,1,0,57,0,47,0
28,16,1008,2,2,1,0,0,450,1,64,0,43,4,0
16,29,1000,0,0,0,1,1,661,1,0,46,0,4,0
29,16,1000,0,0,1,0,0,661,1,46,0,4,0,0
16,29,1001,1,0,0,1,0,904,1,40,0,30,23,0
29,16,1001,1,0,1,0,1,904,1,0,40,23,30,0
16,29,1002,2,0,0,1,1,520,1,0,79,49,7,0
29,16,1002,2,0,1,0,0,520,1,79,0,7,49,0
16,29,1003,0,1,0,1,1,1002,1,0,62,35,7,0
29,16,1003,0,1,1,0,0,1045,1,62,0,7,35,0
16,29,1004,1,1,0,1,1,613,1,0,48,0,5,0
29,16,1004,1,1,1,0,0,613,1,39,0,5,0,0
16,29,1005,2,1,0,1,1,973,1,0,46,0,18,0
29,16,1005,2,1,1,0,0,601,1,39,0,18,0,0
16,29,1006,0,2,0,1,0,860,1,58,0,1,5,0
29,16,1006,0,2,1,0,1,860,1,0,58,5,1,0
16,29,1007,1,2,0,1,1,1189,1,0,28,2,3,0
29,16,1007,1,2,1,0,0,1189,1,35,0,3,2,0
16,29,1008,2,2,0,1,1,766,1,0,21,1,27,0
29,16,1008,2,2,1,0,0,766,1,12,0,27,1,0
16,30,1000,0,0,0,1,1,349,1,0,16,0,18,0
30,16,1000,0,0,1,0,0,349,1,16,0,18,0,0
16,30,1001,1,0,0,1,0,637,1,71,0,0,7,0
30,16,1001,1,0,1,0,1,611,1,0,67,7,0,0
16,30,1002,2,0,0,1,0,487,1,6,0,0,14,0
30,16,1002,2,0,1,0,1,487,1,0,6,14,0,0
16,30,1003,0,1,0,1,1,382,1,0,7,0,10,0
30,16,1003,0,1,1,0,0,382,1,7,0,10,0,0
16,30,1004,1,1,0,1,1,396,1,0,39,0,5,0
30,16,1004,1,1,1,0,1,517,1,0,1,9,0,0
16,30,1005,2,1,0,1,1,577,1,0,5,1,10,0
30,16,1005,2,1,1,0,1,529,1,0,6,16,5,0
16,30,1006,0,2,0,1,1,409,1,0,14,23,1,0
30,16,1006,0,2,1,0,0,409,1,14,0,1,23,0
16,30,1007,1,2,0,1,0,529,1,33,0,0,3,0
30,16,1007,1,2,1,0,1,529,1,0,7,3,0,0
16,30,1008,2,2,0,1,0,496,1,6,0,0,3,0
30,16,1008,2,2,1,0,0,349,1,39,0,3,0,0
16,31,1000,0,0,0,1,0,1498,1,32,0,34,57,0
31,16,1000,0,0,1,0,1,1498,1,0,32,57,34,0
16,31,1001,1,0,0,1,0,1097,1,61,0,0,11,0
31,16,1001,1,0,1,0,0,1342,1,21,0,16,18,0
16,31,1002,2,0,0,1,1,1552,1,0,5,48,30,0
31,16,1002,2,0,1,0,1,908,1,0,21,28,0,0
16,31,1003,0,1,0,1,1,1235,1,0,39,0,9,0
31,16,1003,0,1,1,0,0,1235,1,39,0,9,0,0
16,31,1004,1,1,0,1,0,1159,1,52,0,8,43,0
31,16,1004,1,1,1,0,0,781,1,53,0,12,0,0
16,31,1005,2,1,0,1,0,1826,1,38,0,0,12,0
31,16,1005,2,1,1,0,0,1642,1,8,0,24,73,0
16,31,1006,0,2,0,1,0,1249,1,24,0,6,16,0
31,16,1006,0,2,1,0,1,1249,1,0,24,16,6,0
16,31,1007,1,2,0,1,0,1006,1,34,0,15,39,0
31,16,1007,1,2,1,0,1,1090,1,0,15,18,0,0
16,31,1008,2,2,0,1,0,802,1,10,0,0,11,0
31,16,1008,2,2,1,0,0,877,1,30,0,12,9,0
16,32,1000,0,0,0,1,1,1465,1,0,74,0,13,0
32,16,1000,0,0,1,0,0,1465,1,74,0,13,0,0
16,32,1001,1,0,0,1,1,1210,1,0,83,0,15,0
32,16,1001,1,0,1,0,0,1210,1,56,0,15,0,0
16,32,1002,2,0,0,1,0,1938,1,23,0,0,13,0
32,16,1002,2,0,1,0,1,1655,1,0,25,22,0,0
16,32,1003,0,1,0,1,1,1135,1,0,49,29,29,0
32,16,1003,0,1,1,0,0,1135,1,49,0,29,29,0
16,32,1004,1,1,0,1,0,834,1,40,0,0,53,0
32,16,1004,1,1,1,0,1,1192,1,0,8,61,1,0
16,32,1005,2,1,0,1,1,755,1,0,40,4,37,0
32,16,1005,2,1,1,0,0,630,1,58,0,37,4,0
16,32,1006,0,2,0,1,0,1578,1,27,0,9,53,0
32,16,1006,0,2,1,0,1,1578,1,0,27,53,9,0
16,32,1007,1,2,0,1,1,1300,1,0,65,170,146,0
32,16,1007,1,2,1,0,0,1210,1,74,0,87,50,0
16,32,1008,2,2,0,1,1,2030,1,0,35,31,110,0
32,16,1008,2,2,1,0,1,1549,1,0,84,70,31,0
16,33,1000,0,0,0,1,1,521,1,0,38,0,1,0
33,16,1000,0,0,1,0,0,521,1,38,0,1,0,0
16,33,1001,1,0,0,1,0,728,1,63,0,0,6,0
33,16,1001,1,0,1,0,1,523,1,0,41,6,0,0
16,33,1002,2,0,0,1,1,507,1,0,25,0,8,0
33,16,1002,2,0,1,0,1,535,1,0,41,8,10,0
16,33,1003,0,1,0,1,0,778,1,2,0,0,0,0
33,16,1003,0,1,1,0,1,778,1,0,2,0,0,0
16,33,1004,1,1,0,1,0,571,1,75,0,12,12,0
33,16,1004,1,1,1,0,1,688,1,0,7,0,0,0
16,33,1005,2,1,0,1,0,772,1,12,0,1,0,0
33,16,1005,2,1,1,0,1,806,1,0,51,0,0,0
16,33,1006,0,2,0,1,0,601,1,80,0,0,5,0
33,16,1006,0,2,1,0,1,601,1,0,80,5,0,0
16,33,1007,1,2,0,1,0,784,1,26,0,1,9,0
33,16,1007,1,2,1,0,1,629,1,0,31,30,9,0
16,33,1008,2,2,0,1,1,714,1,0,44,1,7,0
33,16,1008,2,2,1,0,0,447,1,71,0,21,0,0
16,34,1000,0,0,0,1,1,460,1,0,58,5,20,0
34,16,1000,0,0,1,0,0,460,1,58,0,20,5,0
16,34,1001,1,0,0,1,0,891,1,31,0,0,4,0
34,16,1001,1,0,1,0,1,856,1,0,27,4,0,0
16,34,1002,2,0,0,1,1,362,1,0,83,17,63,0
34,16,1002,2,0,1,0,1,988,1,0,17,27,4,0
16,34,1003,0,1,0,1,1,1141,1,0,15,12,8,0
34,16,1003,0,1,1,0,0,1141,1,15,0,8,12,0
16,34,1004,1,1,0,1,0,667,1,97,0,0,10,0
34,16,1004,1,1,1,0,1,1024,1,0,42,2,4,0
16,34,1005,2,1,0,1,1,1071,1,0,13,0,38,0
34,16,1005,2,1,1,0,0,770,1,57,0,9,0,0
16,34,1006,0,2,0,1,0,625,1,66,0,5,0,0
34,16,1006,0,2,1,0,1,625,1,0,66,0,5,0
16,34,1007,1,2,0,1,0,687,1,55,0,23,6,0
34,16,1007,1,2,1,0,1,663,1,0,77,6,23,0
16,34,1008,2,2,0,1,0,619,1,48,0,5,9,0
34,16,1008,2,2,1,0,0,673,1,23,0,4,5,0
16,35,1000,0,0,0,1,1,867,1,0,24,4,5,0
35,16,1000,0,0,1,0,0,867,1,24,0,5,4,0
16,35,1001,1,0,0,1,0,952,1,53,0,22,1,0
35,16,1001,1,0,1,0,0,1022,1,2,0,0,0,0
16,35,1002,2,0,0,1,1,711,1,0,20,0,0,0
35,16,1002,2,0,1,0,1,819,1,0,11,0,0,0
16,35,1003,0,1,0,1,1,946,1,0,31,0,0,0
35,16,1003,0,1,1,0,0,946,1,31,0,0,0,0
16,35,1004,1,1,0,1,1,1540,1,0,3,38,16,0
35,16,1004,1,1,1,0,1,968,1,0,25,0,0,0
16,35,1005,2,1,0,1,0,1428,1,11,0,3,1,0
35,16,1005,2,1,1,0,1,972,1,0,39,3,0,0
16,35,1006,0,2,0,1,0,811,1,39,0,0,0,0
35,16,1006,0,2,1,0,1,811,1,0,39,0,0,0
16,35,1007,1,2,0,1,0,910,1,53,0,0,0,0
35,16,1007,1,2,1,0,1,667,1,0,53,0,0,0
16,35,1008,2,2,0,1,1,704,1,0,52,2,3,0
35,16,1008,2,2,1,0,0,703,1,52,0,0,0,0
16,36,1000,0,0,0,1,0,397,1,50,0,0,5,0
36,16,1000,0,0,1,0,1,397,1,0,50,5,0,0
16,36,1001,1,0,0,1,0,579,1,14,0,0,14,0
36,16,1001,1,0,1,0,0,520,1,26,0,9,0,0
16,36,1002,2,0,0,1,0,703,1,14,0,22,38,0
36,16,1002,2,0,1,0,0,547,1,4,0,7,2,0
16,36,1003,0,1,0,1,0,514,1,17,0,0,34,0
36,16,1003,0,1,1,0,1,514,1,0,17,34,0,0
16,36,1004,1,1,0,1,1,556,1,0,9,0,14,0
36,16,1004,1,1,1,0,0,472,1,29,0,7,0,0
16,36,1005,2,1,0,1,0,421,1,18,0,0,14,0
36,16,1005,2,1,1,0,0,451,1,29,0,9,0,0
16,36,1006,0,2,0,1,0,433,1,24,0,21,5,0
36,16,1006,0,2,1,0,1,433,1,0,24,5,21,0
16,36,1007,1,2,0,1,1,631,1,0,6,0,0,0
36,16,1007,1,2,1,0,0,346,1,21,0,6,0,0
16,36,1008,2,2,0,1,1,388,1,0,40,0,0,0
36,16,1008,2,2,1,0,0,412,1,3,0,6,0,0
16,37,1000,0,0,0,1,0,432,1,34,0,0,8,0
37,16,1000,0,0,1,0,1,432,1,0,34,8,0,0
16,37,1001,1,0,0,1,0,638,1,47,0,3,15,0
37,16,1001,1,0,1,0,1,667,1,0,29,6,0,0
16,37,1002,2,0,0,1,0,430,1,41,0,4,2,0
37,16,1002,2,0,1,0,1,532,1,0,33,6,0,0
16,37,1003,0,1,0,1,0,583,1,50,0,27,14,0
37,16,1003,0,1,1,0,1,583,1,0,50,14,27,0
16,37,1004,1,1,0,1,0,745,1,75,0,11,32,0
37,16,1004,1,1,1,0,1,514,1,0,1,43,0,0
16,37,1005,2,1,0,1,0,797,1,42,0,0,0,0
37,16,1005,2,1,1,0,1,507,1,0,31,6,0,0
16,37,1006,0,2,0,1,1,514,1,0,16,0,8,0
37,16,1006,0,2,1,0,0,514,1,16,0,8,0,0
16,37,1007,1,2,0,1,0,541,1,60,0,0,0,0
37,16,1007,1,2,1,0,1,379,1,0,3,6,0,0
16,37,1008,2,2,0,1,0,679,1,57,0,22,0,0
37,16,1008,2,2,1,0,1,493,1,0,9,10,4,0
16,38,1000,0,0,0,1,1,1095,1,0,5,110,166,0
38,16,1000,0,0,1,0,0,1095,1,5,0,166,110,0
16,38,1001,1,0,0,1,1,358,1,0,87,27,0,0
38,16,1001,1,0,1,0,0,771,1,37,0,0,14,0
16,38,1002,2,0,0,1,1,740,1,0,37,10,14,0
38,16,1002,2,0,1,0,0,375,1,80,0,92,61,0
16,38,1003,0,1,0,1,1,431,1,0,14,9,0,0
38,16,1003,0,1,1,0,0,431,1,14,0,0,9,0
16,38,1004,1,1,0,1,0,787,1,82,0,16,55,0
38,16,1004,1,1,1,0,0,489,1,14,0,0,0,0
16,38,1005,2,1,0,1,1,718,1,0,12,2,12,0
38,16,1005,2,1,1,0,0,696,1,5,0,0,0,0
16,38,1006,0,2,0,1,1,1799,1,0,47,108,127,0
38,16,1006,0,2,1,0,0,1799,1,47,0,127,108,0
16,38,1007,1,2,0,1,1,225,1,0,96,2,0,0
38,16,1007,1,2,1,0,0,648,1,78,0,77,42,0
16,38,1008,2,2,0,1,1,422,1,0,87,0,2,0
38,16,1008,2,2,1,0,0,657,1,62,0,86,39,0
16,39,1000,0,0,0,1,1,508,1,0,83,0,2,0
39,16,1000,0,0,1,0,0,508,1,83,0,2,0,0
16,39,1001,1,0,0,1,-1,1231,1,0,0,72,25,0
39,16,1001,1,0,1,0,0,1231,1,1,0,25,72,0
16,39,1002,2,0,0,1,1,1553,1,0,45,38,73,0
39,16,1002,2,0,1,0,0,1553,1,62,0,73,38,0
16,39,1003,0,1,0,1,1,850,1,0,57,40,3,0
39,16,1003,0,1,1,0,0,850,1,57,0,3,40,0
16,39,1004,1,1,0,1,1,1270,1,0,40,1,7,0
39,16,1004,1,1,1,0,0,1270,1,32,0,7,1,0
16,39,1005,2,1,0,1,1,736,1,0,83,0,19,0
39,16,1005,2,1,1,0,0,736,1,74,0,19,0,0
16,39,1006,0,2,0,1,1,580,1,0,67,0,14,0
39,16,1006,0,2,1,0,0,580,1,67,0,14,0,0
16,39,1007,1,2,0,1,0,1099,1,17,0,25,21,0
39,16,1007,1,2,1,0,1,988,1,0,44,21,25,0
16,39,1008,2,2,0,1,1,1180,1,0,56,0,8,0
39,16,1008,2,2,1,0,0,1180,1,66,0,8,0,0
17,18,1000,0,0,0,1,0,335,1,82,0,0,0,0
18,17,1000,0,0,1,0,1,335,1,0,82,0,0,0
17,18,1001,1,0,0,1,0,255,1,114,0,0,0,0
18,17,1001,1,0,1,0,1,295,1,0,63,0,0,0
17,18,1002,2,0,0,1,0,316,1,63,0,0,2,0
18,17,1002,2,0,1,0,0,595,1,30,0,0,0,0
17,18,1003,0,1,0,1,0,394,1,100,0,0,0,0
18,17,1003,0,1,1,0,1,394,1,0,100,0,0,0
17,18,1004,1,1,0,1,0,310,1,99,0,0,10,0
18,17,1004,1,1,1,0,1,448,1,0,54,11,0,0
17,18,1005,2,1,0,1,0,336,1,111,0,0,0,0
18,17,1005,2,1,1,0,1,421,1,0,95,4,6,0
17,18,1006,0,2,0,1,0,335,1,70,0,0,0,0
18,17,1006,0,2,1,0,1,335,1,0,70,0,0,0
17,18,1007,1,2,0,1,0,442,1,67,0,0,0,0
18,17,1007,1,2,1,0,1,304,1,0,66,0,0,0
17,18,1008,2,2,0,1,0,232,1,113,0,0,0,0
18,17,1008,2,2,1,0,1,322,1,0,81,0,0,0
17,19,1000,0,0,0,1,0,424,1,93,0,0,0,0
19,17,1000,0,0,1,0,1,424,1,0,93,0,0,0
17,19,1001,1,0,0,1,0,398,1,113,0,0,0,0
19,17,1001,1,0,1,0,1,346,1,0,96,0,0,0
17,19,1002,2,0,0,1,0,348,1,99,0,6,0,0
19,17,1002,2,0,1,0,1,348,1,0,85,0,6,0
17,19,1003,0,1,0,1,0,389,1,60,0,29,11,0
19,17,1003,0,1,1,0,1,389,1,0,60,11,29,0
17,19,1004,1,1,0,1,0,424,1,58,0,1,0,0
19,17,1004,1,1,1,0,1,729,1,0,49,15,9,0
17,19,1005,2,1,0,1,0,577,1,63,0,14,0,0
19,17,1005,2,1,1,0,1,387,1,0,40,35,0,0
17,19,1006,0,2,0,1,0,520,1,75,0,14,17,0
19,17,1006,0,2,1,0,1,520,1,0,75,17,14,0
17,19,1007,1,2,0,1,0,495,1,46,0,0,0,0
19,17,1007,1,2,1,0,1,499,1,0,63,0,6,0
17,19,1008,2,2,0,1,0,553,1,57,0,33,3,0
19,17,1008,2,2,1,0,1,592,1,0,43,0,0,0
17,20,1000,0,0,0,1,0,583,1,62,0,0,5,0
20,17,1000,0,0,1,0,1,583,1,0,62,5,0,0
17,20,1001,1,0,0,1,0,491,1,69,0,0,0,0
20,17,1001,1,0,1,0,1,649,1,0,26,32,15,0
17,20,1002,2,0,0,1,0,437,1,39,0,0,48,0
20,17,1002,2,0,1,0,1,538,1,0,47,8,28,0
17,20,1003,0,1,0,1,0,679,1,65,0,51,28,0
20,17,1003,0,1,1,0,1,679,1,0,65,28,51,0
17,20,1004,1,1,0,1,0,604,1,27,0,0,0,0
20,17,1004,1,1,1,0,1,394,1,0,65,0,25,0
17,20,1005,2,1,0,1,0,411,1,90,0,0,0,0
20,17,1005,2,1,1,0,1,561,1,0,58,36,2,0
17,20,1006,0,2,0,1,0,637,1,39,0,12,8,0
20,17,1006,0,2,1,0,1,637,1,0,39,8,12,0
17,20,1007,1,2,0,1,1,685,1,0,6,42,0,0
20,17,1007,1,2,1,0,1,916,1,0,17,0,2,0
17,20,1008,2,2,0,1,1,548,1,0,52,7,44,0
20,17,1008,2,2,1,0,1,721,1,0,52,0,8,0
17,21,1000,0,0,0,1,0,376,1,56,0,0,0,0
21,17,1000,0,0,1,0,1,376,1,0,56,0,0,0
17,21,1001,1,0,0,1,0,358,1,83,0,7,1,0
21,17,1001,1,0,1,0,1,358,1,0,83,1,7,0
17,21,1002,2,0,0,1,0,451,1,56,0,0,5,0
21,17,1002,2,0,1,0,1,448,1,0,43,5,0,0
17,21,1003,0,1,0,1,0,358,1,68,0,0,0,0
21,17,1003,0,1,1,0,1,358,1,0,68,0,0,0
17,21,1004,1,1,0,1,0,541,1,10,0,0,4,0
21,17,1004,1,1,1,0,1,541,1,0,25,4,0,0
17,21,1005,2,1,0,1,0,456,1,28,0,0,0,0
21,17,1005,2,1,1,0,1,456,1,0,43,0,0,0
17,21,1006,0,2,0,1,1,582,1,0,14,4,23,0
21,17,1006,0,2,1,0,0,582,1,14,0,23,4,0
17,21,1007,1,2,0,1,1,582,1,0,14,4,14,0
21,17,1007,1,2,1,0,0,582,1,14,0,14,4,0
17,21,1008,2,2,0,1,0,361,1,49,0,0,2,0
21,17,1008,2,2,1,0,1,361,1,0,49,2,0,0
17,22,1000,0,0,0,1,0,625,1,23,0,6,0,0
22,17,1000,0,0,1,0,1,625,1,0,23,0,6,0
17,22,1001,1,0,0,1,1,577,1,0,30,0,0,0
22,17,1001,1,0,1,0,1,619,1,0,51,0,0,0
17,22,1002,2,0,0,1,0,562,1,86,0,0,0,0
22,17,1002,2,0,1,0,1,578,1,0,37,0,0,0
17,22,1003,0,1,0,1,0,499,1,47,0,0,0,0
22,17,1003,0,1,1,0,1,499,1,0,47,0,0,0
17,22,1004,1,1,0,1,0,514,1,52,0,9,0,0
22,17,1004,1,1,1,0,1,514,1,0,29,0,9,0
17,22,1005,2,1,0,1,0,604,1,8,0,0,7,0
22,17,1005,2,1,1,0,1,649,1,0,66,0,0,0
17,22,1006,0,2,0,1,0,526,1,18,0,0,0,0
22,17,1006,0,2,1,0,1,429,1,0,22,0,0,0
17,22,1007,1,2,0,1,0,531,1,32,0,0,0,0
22,17,1007,1,2,1,0,0,859,1,40,0,0,0,0
17,22,1008,2,2,0,1,0,688,1,11,0,0,19,0
22,17,1008,2,2,1,0,1,594,1,0,47,0,2,0
17,23,1000,0,0,0,1,0,274,1,98,0,0,0,0
23,17,1000,0,0,1,0,1,274,1,0,98,0,0,0
17,23,1001,1,0,0,1,0,354,1,47,0,0,0,0
23,17,1001,1,0,1,0,1,354,1,0,33,0,0,0
17,23,1002,2,0,0,1,0,241,1,72,0,0,1,0
23,17,1002,2,0,1,0,1,241,1,0,72,1,0,0
17,23,1003,0,1,0,1,0,211,1,74,0,0,0,0
23,17,1003,0,1,1,0,1,211,1,0,74,0,0,0
17,23,1004,1,1,0,1,0,211,1,67,0,0,0,0
23,17,1004,1,1,1,0,1,211,1,0,67,0,0,0
17,23,1005,2,1,0,1,0,373,1,41,0,20,0,0
23,17,1005,2,1,1,0,1,373,1,0,41,0,20,0
17,23,1006,0,2,0,1,0,211,1,74,0,0,0,0
23,17,1006,0,2,1,0,1,211,1,0,74,0,0,0
17,23,1007,1,2,0,1,0,192,1,78,0,0,0,0
23,17,1007,1,2,1,0,1,192,1,0,78,0,0,0
17,23,1008,2,2,0,1,0,324,1,52,0,0,0,0
23,17,1008,2,2,1,0,1,324,1,0,52,0,0,0
17,24,1000,0,0,0,1,0,421,1,30,0,0,5,0
24,17,1000,0,0,1,0,1,421,1,0,30,5,0,0
17,24,1001,1,0,0,1,0,256,1,35,0,0,0,0
24,17,1001,1,0,1,0,1,256,1,0,35,0,0,0
17,24,1002,2,0,0,1,0,424,1,43,0,0,0,0
24,17,1002,2,0,1,0,1,424,1,0,43,0,0,0
17,24,1003,0,1,0,1,1,391,1,0,15,5,0,0
24,17,1003,0,1,1,0,0,391,1,12,0,0,5,0
17,24,1004,1,1,0,1,1,300,1,0,17,0,0,0
24,17,1004,1,1,1,0,0,300,1,14,0,0,0,0
17,24,1005,2,1,0,1,0,363,1,36,0,0,0,0
24,17,1005,2,1,1,0,1,363,1,0,36,0,0,0
17,24,1006,0,2,0,1,0,406,1,34,0,0,0,0
24,17,1006,0,2,1,0,1,406,1,0,34,0,0,0
17,24,1007,1,2,0,1,0,368,1,53,0,0,0,0
24,17,1007,1,2,1,0,1,368,1,0,53,0,0,0
17,24,1008,2,2,0,1,0,415,1,62,0,0,0,0
24,17,1008,2,2,1,0,1,415,1,0,62,0,0,0
17,25,1000,0,0,0,1,0,427,1,80,0,0,10,0
25,17,1000,0,0,1,0,1,427,1,0,80,10,0,0
17,25,1001,1,0,0,1,0,361,1,100,0,0,14,0
25,17,1001,1,0,1,0,1,397,1,0,95,5,5,0
17,25,1002,2,0,0,1,0,352,1,30,0,0,16,0
25,17,1002,2,0,1,0,1,316,1,0,125,9,0,0
17,25,1003,0,1,0,1,0,433,1,24,0,0,7,0
25,17,1003,0,1,1,0,1,433,1,0,24,7,0,0
17,25,1004,1,1,0,1,0,382,1,55,0,0,0,0
25,17,1004,1,1,1,0,1,382,1,0,55,0,0,0
17,25,1005,2,1,0,1,0,427,1,59,0,0,17,0
25,17,1005,2,1,1,0,1,381,1,0,48,0,0,0
17,25,1006,0,2,0,1,0,346,1,105,0,0,10,0
25,17,1006,0,2,1,0,1,346,1,0,105,10,0,0
17,25,1007,1,2,0,1,0,346,1,105,0,0,9,0
25,17,1007,1,2,1,0,1,478,1,0,125,0,0,0
17,25,1008,2,2,0,1,0,530,1,7,0,0,9,0
25,17,1008,2,2,1,0,1,316,1,0,110,0,0,0
17,26,1000,0,0,0,1,0,164,1,92,0,0,0,0
26,17,1000,0,0,1,0,1,164,1,0,92,0,0,0
17,26,1001,1,0,0,1,0,259,1,53,0,0,0,0
26,17,1001,1,0,1,0,1,259,1,0,53,0,0,0
17,26,1002,2,0,0,1,1,395,1,0,29,0,0,0
26,17,1002,2,0,1,0,0,395,1,29,0,0,0,0
17,26,1003,0,1,0,1,1,447,1,0,41,0,0,0
26,17,1003,0,1,1,0,0,447,1,41,0,0,0,0
17,26,1004,1,1,0,1,0,361,1,33,0,0,6,0
26,17,1004,1,1,1,0,1,361,1,0,33,6,0,0
17,26,1005,2,1,0,1,1,460,1,0,47,0,0,0
26,17,1005,2,1,1,0,0,459,1,46,0,0,0,0
17,26,1006,0,2,0,1,1,376,1,0,79,2,0,0
26,17,1006,0,2,1,0,0,376,1,79,0,0,2,0
17,26,1007,1,2,0,1,1,377,1,0,50,3,0,0
26,17,1007,1,2,1,0,0,376,1,50,0,0,3,0
17,26,1008,2,2,0,1,0,358,1,43,0,4,0,0
26,17,1008,2,2,1,0,1,358,1,0,31,0,4,0
17,27,1000,0,0,0,1,1,649,1,0,34,0,0,0
27,17,1000,0,0,1,0,0,649,1,34,0,0,0,0
17,27,1001,1,0,0,1,0,486,1,8,0,0,15,0
27,17,1001,1,0,1,0,1,355,1,0,79,11,0,0
17,27,1002,2,0,0,1,0,583,1,22,0,0,0,0
27,17,1002,2,0,1,0,1,592,1,0,55,0,1,0
17,27,1003,0,1,0,1,0,424,1,77,0,49,16,0
27,17,1003,0,1,1,0,1,424,1,0,77,16,49,0
17,27,1004,1,1,0,1,0,654,1,43,0,0,0,0
27,17,1004,1,1,1,0,0,420,1,71,0,0,0,0
17,27,1005,2,1,0,1,0,559,1,42,0,26,14,0
27,17,1005,2,1,1,0,1,429,1,0,97,13,0,0
17,27,1006,0,2,0,1,1,486,1,0,63,0,19,0
27,17,1006,0,2,1,0,0,486,1,63,0,19,0,0
17,27,1007,1,2,0,1,1,480,1,0,67,0,27,0
27,17,1007,1,2,1,0,1,526,1,0,61,48,0,0
17,27,1008,2,2,0,1,0,582,1,54,0,0,0,0
27,17,1008,2,2,1,0,1,528,1,0,65,37,0,0
17,28,1000,0,0,0,1,1,756,1,0,27,29,35,0
28,17,1000,0,0,1,0,0,756,1,27,0,35,29,0
17,28,1001,1,0,0,1,0,534,1,16,0,0,13,0
28,17,1001,1,0,1,0,0,646,1,55,0,60,4,0
17,28,1002,2,0,0,1,0,433,1,78,0,0,0,0
28,17,1002,2,0,1,0,1,418,1,0,90,52,0,0
17,28,1003,0,1,0,1,0,397,1,53,0,0,0,0
28,17,1003,0,1,1,0,1,397,1,0,53,0,0,0
17,28,1004,1,1,0,1,0,334,1,102,0,11,18,0
28,17,1004,1,1,1,0,0,417,1,89,0,30,0,0
17,28,1005,2,1,0,1,0,345,1,42,0,0,12,0
28,17,1005,2,1,1,0,1,363,1,0,67,40,15,0
17,28,1006,0,2,0,1,1,456,1,0,26,0,37,0
28,17,1006,0,2,1,0,0,456,1,26,0,37,0,0
17,28,1007,1,2,0,1,0,661,1,9,0,10,15,0
28,17,1007,1,2,1,0,1,403,1,0,16,34,0,0
17,28,1008,2,2,0,1,0,505,1,50,0,0,9,0
28,17,1008,2,2,1,0,1,364,1,0,34,0,0,0
17,29,1000,0,0,0,1,0,369,1,63,0,0,0,0
29,17,1000,0,0,1,0,1,369,1,0,63,0,0,0
17,29,1001,1,0,0,1,0,303,1,38,0,0,0,0
29,17,1001,1,0,1,0,1,303,1,0,38,0,0,0
17,29,1002,2,0,0,1,0,487,1,60,0,0,0,0
29,17,1002,2,0,1,0,1,487,1,0,60,0,0,0
17,29,1003,0,1,0,1,0,337,1,65,0,0,0,0
29,17,1003,0,1,1,0,1,337,1,0,65,0,0,0
17,29,1004,1,1,0,1,0,413,1,84,0,0,15,0
29,17,1004,1,1,1,0,1,413,1,0,84,15,0,0
17,29,1005,2,1,0,1,0,304,1,81,0,0,0,0
29,17,1005,2,1,1,0,1,304,1,0,81,0,0,0
17,29,1006,0,2,0,1,0,369,1,81,0,7,6,0
29,17,1006,0,2,1,0,1,369,1,0,81,6,7,0
17,29,1007,1,2,0,1,0,369,1,63,0,0,6,0
29,17,1007,1,2,1,0,1,369,1,0,63,6,0,0
17,29,1008,2,2,0,1,0,301,1,74,0,0,30,0
29,17,1008,2,2,1,0,1,301,1,0,74,30,0,0
17,30,1000,0,0,0,1,0,421,1,81,0,0,0,0
30,17,1000,0,0,1,0,1,421,1,0,81,0,0,0
17,30,1001,1,0,0,1,0,343,1,104,0,0,7,0
30,17,1001,1,0,1,0,1,193,1,0,117,0,0,0
17,30,1002,2,0,0,1,0,235,1,85,0,0,47,0
30,17,1002,2,0,1,0,1,580,1,0,110,0,6,0
17,30,1003,0,1,0,1,0,211,1,65,0,0,0,0
30,17,1003,0,1,1,0,1,211,1,0,65,0,0,0
17,30,1004,1,1,0,1,0,232,1,88,0,0,0,0
30,17,1004,1,1,1,0,1,214,1,0,76,0,0,0
17,30,1005,2,1,0,1,0,342,1,94,0,5,0,0
30,17,1005,2,1,1,0,1,322,1,0,81,29,0,0
17,30,1006,0,2,0,1,0,193,1,101,0,0,0,0
30,17,1006,0,2,1,0,1,193,1,0,101,0,0,0
17,30,1007,1,2,0,1,0,310,1,35,0,0,0,0
30,17,1007,1,2,1,0,1,184,1,0,32,0,0,0
17,30,1008,2,2,0,1,0,292,1,97,0,0,0,0
30,17,1008,2,2,1,0,1,253,1,0,41,0,0,0
17,31,1000,0,0,0,1,0,550,1,76,0,0,0,0
31,17,1000,0,0,1,0,1,550,1,0,76,0,0,0
17,31,1001,1,0,0,1,0,445,1,33,0,0,5,0
31,17,1001,1,0,1,0,1,598,1,0,22,0,0,0
17,31,1002,2,0,0,1,0,593,1,32,0,0,35,0
31,17,1002,2,0,1,0,1,619,1,0,66,21,12,0
17,31,1003,0,1,0,1,0,550,1,58,0,0,0,0
31,17,1003,0,1,1,0,1,550,1,0,58,0,0,0
17,31,1004,1,1,0,1,1,742,1,0,46,4,0,0
31,17,1004,1,1,1,0,1,491,1,0,86,7,5,0
17,31,1005,2,1,0,1,0,448,1,32,0,0,0,0
31,17,1005,2,1,1,0,1,461,1,0,89,0,0,0
17,31,1006,0,2,0,1,0,712,1,21,0,0,7,0
31,17,1006,0,2,1,0,1,712,1,0,21,7,0,0
17,31,1007,1,2,0,1,0,514,1,85,0,0,0,0
31,17,1007,1,2,1,0,1,528,1,0,73,7,8,0
17,31,1008,2,2,0,1,1,840,1,0,27,0,0,0
31,17,1008,2,2,1,0,1,484,1,0,88,0,8,0
17,32,1000,0,0,0,1,1,535,1,0,42,0,73,0
32,17,1000,0,0,1,0,0,535,1,42,0,73,0,0
17,32,1001,1,0,0,1,1,616,1,0,43,0,10,0
32,17,1001,1,0,1,0,0,568,1,46,0,10,0,0
17,32,1002,2,0,0,1,0,785,1,7,0,0,25,0
32,17,1002,2,0,1,0,1,785,1,0,22,25,0,0
17,32,1003,0,1,0,1,0,477,1,92,0,0,7,0
32,17,1003,0,1,1,0,1,477,1,0,92,7,0,0
17,32,1004,1,1,0,1,0,658,1,99,0,0,5,0
32,17,1004,1,1,1,0,1,658,1,0,99,5,0,0
17,32,1005,2,1,0,1,1,942,1,0,14,0,0,0
32,17,1005,2,1,1,0,0,964,1,48,0,9,0,0
17,32,1006,0,2,0,1,0,682,1,69,0,0,4,0
32,17,1006,0,2,1,0,1,682,1,0,69,4,0,0
17,32,1007,1,2,0,1,0,747,1,61,0,0,4,0
32,17,1007,1,2,1,0,1,747,1,0,46,4,0,0
17,32,1008,2,2,0,1,0,935,1,7,0,0,12,0
32,17,1008,2,2,1,0,0,994,1,11,0,4,0,0
17,33,1000,0,0,0,1,0,344,1,135,0,0,3,0
33,17,1000,0,0,1,0,1,344,1,0,135,3,0,0
17,33,1001,1,0,0,1,0,328,1,127,0,0,4,0
33,17,1001,1,0,1,0,1,328,1,0,95,2,0,0
17,33,1002,2,0,0,1,0,754,1,79,0,0,25,0
33,17,1002,2,0,1,0,1,623,1,0,86,25,0,0
17,33,1003,0,1,0,1,0,361,1,91,0,0,4,0
33,17,1003,0,1,1,0,1,361,1,0,91,4,0,0
17,33,1004,1,1,0,1,0,430,1,122,0,3,1,0
33,17,1004,1,1,1,0,1,343,1,0,122,3,0,0
17,33,1005,2,1,0,1,0,364,1,74,0,18,6,0
33,17,1005,2,1,1,0,1,493,1,0,9,12,0,0
17,33,1006,0,2,0,1,0,328,1,127,0,0,5,0
33,17,1006,0,2,1,0,1,328,1,0,127,5,0,0
17,33,1007,1,2,0,1,0,452,1,124,0,0,9,0
33,17,1007,1,2,1,0,1,275,1,0,71,1,0,0
17,33,1008,2,2,0,1,0,343,1,123,0,20,14,0
33,17,1008,2,2,1,0,1,490,1,0,65,14,0,0
17,34,1000,0,0,0,1,1,503,1,0,28,0,4,0
34,17,1000,0,0,1,0,0,503,1,28,0,4,0,0
17,34,1001,1,0,0,1,0,503,1,5,0,3,7,0
34,17,1001,1,0,1,0,0,453,1,55,0,7,3,0
17,34,1002,2,0,0,1,0,502,1,22,0,0,0,0
34,17,1002,2,0,1,0,0,490,1,20,0,0,0,0
17,34,1003,0,1,0,1,0,448,1,47,0,0,0,0
34,17,1003,0,1,1,0,1,448,1,0,47,0,0,0
17,34,1004,1,1,0,1,-1,533,1,0,0,0,5,0
34,17,1004,1,1,1,0,-1,533,1,0,0,5,0,0
17,34,1005,2,1,0,1,1,418,1,0,80,0,15,0
34,17,1005,2,1,1,0,0,418,1,78,0,15,0,0
17,34,1006,0,2,0,1,0,562,1,38,0,0,0,0
34,17,1006,0,2,1,0,1,562,1,0,38,0,0,0
17,34,1007,1,2,0,1,1,497,1,0,78,0,0,0
34,17,1007,1,2,1,0,0,440,1,75,0,0,0,0
17,34,1008,2,2,0,1,1,464,1,0,77,0,0,0
34,17,1008,2,2,1,0,0,438,1,74,0,0,0,0
17,35,1000,0,0,0,1,0,634,1,20,0,0,0,0
35,17,1000,0,0,1,0,1,634,1,0,20,0,0,0
17,35,1001,1,0,0,1,0,551,1,102,0,25,0,0
35,17,1001,1,0,1,0,1,439,1,0,94,0,0,0
17,35,1002,2,0,0,1,0,610,1,49,0,0,0,0
35,17,1002,2,0,1,0,1,610,1,0,36,0,0,0
17,35,1003,0,1,0,1,0,340,1,67,0,0,0,0
35,17,1003,0,1,1,0,1,340,1,0,67,0,0,0
17,35,1004,1,1,0,1,0,263,1,84,0,0,0,0
35,17,1004,1,1,1,0,1,263,1,0,77,0,0,0
17,35,1005,2,1,0,1,0,477,1,51,0,7,0,0
35,17,1005,2,1,1,0,1,390,1,0,53,0,0,0
17,35,1006,0,2,0,1,0,340,1,74,0,0,0,0
35,17,1006,0,2,1,0,1,340,1,0,74,0,0,0
17,35,1007,1,2,0,1,0,506,1,83,0,0,0,0
35,17,1007,1,2,1,0,1,358,1,0,82,18,0,0
17,35,1008,2,2,0,1,0,448,1,71,0,0,0,0
35,17,1008,2,2,1,0,1,414,1,0,67,0,0,0
17,36,1000,0,0,0,1,0,319,1,77,0,0,0,0
36,17,1000,0,0,1,0,1,319,1,0,77,0,0,0
17,36,1001,1,0,0,1,0,346,1,71,0,28,0,0
36,17,1001,1,0,1,0,1,357,1,0,14,0,1,0
17,36,1002,2,0,0,1,0,390,1,13,0,35,0,0
36,17,1002,2,0,1,0,1,382,1,0,35,0,9,0
17,36,1003,0,1,0,1,0,313,1,54,0,6,2,0
36,17,1003,0,1,1,0,1,313,1,0,54,2,6,0
17,36,1004,1,1,0,1,0,367,1,83,0,0,7,0
36,17,1004,1,1,1,0,1,304,1,0,70,8,0,0
17,36,1005,2,1,0,1,0,442,1,34,0,6,0,0
36,17,1005,2,1,1,0,1,410,1,0,6,0,0,0
17,36,1006,0,2,0,1,0,460,1,27,0,7,10,0
36,17,1006,0,2,1,0,1,460,1,0,27,10,7,0
17,36,1007,1,2,0,1,0,451,1,27,0,0,0,0
36,17,1007,1,2,1,0,1,424,1,0,15,0,0,0
17,36,1008,2,2,0,1,0,472,1,8,0,0,0,0
36,17,1008,2,2,1,0,0,397,1,62,0,16,0,0
17,37,1000,0,0,0,1,0,233,1,106,0,0,0,0
37,17,1000,0,0,1,0,1,233,1,0,106,0,0,0
17,37,1001,1,0,0,1,0,436,1,72,0,0,3,0
37,17,1001,1,0,1,0,1,433,1,0,87,0,0,0
17,37,1002,2,0,0,1,0,478,1,51,0,13,42,0
37,17,1002,2,0,1,0,1,332,1,0,113,0,0,0
17,37,1003,0,1,0,1,0,349,1,85,0,0,0,0
37,17,1003,0,1,1,0,1,349,1,0,85,0,0,0
17,37,1004,1,1,0,1,0,293,1,117,0,23,0,0
37,17,1004,1,1,1,0,1,449,1,0,77,0,0,0
17,37,1005,2,1,0,1,0,430,1,79,0,0,33,0
37,17,1005,2,1,1,0,1,289,1,0,101,0,0,0
17,37,1006,0,2,0,1,0,233,1,91,0,0,0,0
37,17,1006,0,2,1,0,1,233,1,0,91,0,0,0
17,37,1007,1,2,0,1,0,292,1,117,0,0,15,0
37,17,1007,1,2,1,0,1,311,1,0,78,0,0,0
17,37,1008,2,2,0,1,0,346,1,121,0,0,18,0
37,17,1008,2,2,1,0,1,331,1,0,84,0,0,0
17,38,1000,0,0,0,1,1,568,1,0,72,12,0,0
38,17,1000,0,0,1,0,0,568,1,72,0,0,12,0
17,38,1001,1,0,0,1,1,726,1,0,36,0,0,0
38,17,1001,1,0,1,0,1,358,1,0,11,0,0,0
17,38,1002,2,0,0,1,1,467,1,0,65,0,0,0
38,17,1002,2,0,1,0,0,534,1,63,0,0,0,0
17,38,1003,0,1,0,1,0,663,1,5,0,2,6,0
38,17,1003,0,1,1,0,1,663,1,0,5,6,2,0
17,38,1004,1,1,0,1,0,539,1,32,0,0,0,0
38,17,1004,1,1,1,0,1,539,1,0,6,0,0,0
17,38,1005,2,1,0,1,1,332,1,0,6,0,0,0
38,17,1005,2,1,1,0,0,522,1,79,0,0,0,0
17,38,1006,0,2,0,1,1,521,1,0,4,0,0,0
38,17,1006,0,2,1,0,0,521,1,4,0,0,0,0
17,38,1007,1,2,0,1,1,366,1,0,69,0,0,0
38,17,1007,1,2,1,0,0,314,1,105,0,0,0,0
17,38,1008,2,2,0,1,1,320,1,0,105,0,0,0
38,17,1008,2,2,1,0,0,320,1,105,0,0,0,0
17,39,1000,0,0,0,1,0,257,1,99,0,0,0,0
39,17,1000,0,0,1,0,1,257,1,0,99,0,0,0
17,39,1001,1,0,0,1,0,502,1,70,0,0,0,0
39,17,1001,1,0,1,0,1,502,1,0,70,0,0,0
17,39,1002,2,0,0,1,0,369,1,78,0,10,0,0
39,17,1002,2,0,1,0,1,369,1,0,78,0,10,0
17,39,1003,0,1,0,1,0,337,1,111,0,11,0,0
39,17,1003,0,1,1,0,1,337,1,0,111,0,11,0
17,39,1004,1,1,0,1,0,553,1,73,0,0,0,0
39,17,1004,1,1,1,0,1,553,1,0,73,0,0,0
17,39,1005,2,1,0,1,0,543,1,32,0,5,0,0
39,17,1005,2,1,1,0,1,543,1,0,32,0,5,0
17,39,1006,0,2,0,1,0,418,1,101,0,0,0,0
39,17,1006,0,2,1,0,1,418,1,0,101,0,0,0
17,39,1007,1,2,0,1,0,397,1,112,0,0,0,0
39,17,1007,1,2,1,0,1,397,1,0,112,0,0,0
17,39,1008,2,2,0,1,0,337,1,111,0,0,0,0
39,17,1008,2,2,1,0,1,337,1,0,111,0,0,0
18,19,1000,0,0,0,1,0,1209,1,54,0,27,1,0
19,18,1000,0,0,1,0,1,1209,1,0,54,1,27,0
18,19,1001,1,0,0,1,1,1749,1,0,69,29,1,0
19,18,1001,1,0,1,0,1,1245,1,0,54,0,51,0
18,19,1002,2,0,0,1,1,941,1,0,11,50,0,0
19,18,1002,2,0,1,0,0,1303,1,21,0,0,43,0
18,19,1003,0,1,0,1,0,1408,1,43,0,25,0,0
19,18,1003,0,1,1,0,1,1408,1,0,43,0,25,0
18,19,1004,1,1,0,1,1,1561,1,0,88,26,28,0
19,18,1004,1,1,1,0,0,1203,1,101,0,28,26,0
18,19,1005,2,1,0,1,0,709,1,10,0,66,48,0
19,18,1005,2,1,1,0,1,859,1,0,32,71,66,0
18,19,1006,0,2,0,1,1,1551,1,0,67,99,112,0
19,18,1006,0,2,1,0,0,1551,1,67,0,112,99,0
18,19,1007,1,2,0,1,1,1003,1,0,69,53,35,0
19,18,1007,1,2,1,0,0,1057,1,65,0,57,67,0
18,19,1008,2,2,0,1,0,559,1,80,0,75,25,0
19,18,1008,2,2,1,0,1,559,1,0,52,25,75,0
18,20,1000,0,0,0,1,1,1417,1,0,16,9,29,0
20,18,1000,0,0,1,0,0,1417,1,16,0,29,9,0
18,20,1001,1,0,0,1,1,1253,1,0,44,0,13,0
20,18,1001,1,0,1,0,0,1021,1,79,0,65,50,0
18,20,1002,2,0,0,1,0,1399,1,1,0,65,92,0
20,18,1002,2,0,1,0,0,796,1,36,0,104,33,0
18,20,1003,0,1,0,1,0,1234,1,34,0,15,58,0
20,18,1003,0,1,1,0,1,1234,1,0,34,58,15,0
18,20,1004,1,1,0,1,1,843,1,0,11,0,34,0
20,18,1004,1,1,1,0,1,898,1,0,51,30,0,0
18,20,1005,2,1,0,1,0,1387,1,24,0,0,45,0
20,18,1005,2,1,1,0,1,1319,1,0,6,20,0,0
18,20,1006,0,2,0,1,1,1196,1,0,37,68,118,0
20,18,1006,0,2,1,0,0,1196,1,37,0,118,68,0
18,20,1007,1,2,0,1,0,1090,1,42,0,35,25,0
20,18,1007,1,2,1,0,0,1423,1,10,0,112,33,0
18,20,1008,2,2,0,1,1,1589,1,0,36,44,91,0
20,18,1008,2,2,1,0,1,1260,1,0,7,39,18,0
18,21,1000,0,0,0,1,0,871,1,88,0,0,0,0
21,18,1000,0,0,1,0,1,871,1,0,88,0,0,0
18,21,1001,1,0,0,1,0,811,1,107,0,0,1,0
21,18,1001,1,0,1,0,1,976,1,0,62,1,0,0
18,21,1002,2,0,0,1,0,1038,1,1,0,0,0,0
21,18,1002,2,0,1,0,0,908,1,3,0,0,0,0
18,21,1003,0,1,0,1,0,1009,1,1,0,0,11,0
21,18,1003,0,1,1,0,1,1009,1,0,1,11,0,0
18,21,1004,1,1,0,1,0,837,1,34,0,38,0,0
21,18,1004,1,1,1,0,1,970,1,0,17,0,16,0
18,21,1005,2,1,0,1,0,1192,1,51,0,45,77,0
21,18,1005,2,1,1,0,1,838,1,0,79,69,45,0
18,21,1006,0,2,0,1,0,661,1,47,0,0,0,0
21,18,1006,0,2,1,0,1,661,1,0,47,0,0,0
18,21,1007,1,2,0,1,0,748,1,77,0,0,0,0
21,18,1007,1,2,1,0,1,640,1,0,58,0,0,0
18,21,1008,2,2,0,1,0,940,1,77,0,0,0,0
21,18,1008,2,2,1,0,1,882,1,0,74,0,0,0
18,22,1000,0,0,0,1,0,784,1,98,0,0,6,0
22,18,1000,0,0,1,0,1,784,1,0,98,6,0,0
18,22,1001,1,0,0,1,0,904,1,98,0,25,4,0
22,18,1001,1,0,1,0,1,934,1,0,61,3,0,0
18,22,1002,2,0,0,1,0,763,1,48,0,0,0,0
22,18,1002,2,0,1,0,1,655,1,0,24,0,0,0
18,22,1003,0,1,0,1,0,1147,1,39,0,0,24,0
22,18,1003,0,1,1,0,1,1147,1,0,39,24,0,0
18,22,1004,1,1,0,1,1,559,1,0,3,0,0,0
22,18,1004,1,1,1,0,0,559,1,3,0,0,0,0
18,22,1005,2,1,0,1,0,1652,1,46,0,4,31,0
22,18,1005,2,1,1,0,1,1249,1,0,72,48,0,0
18,22,1006,0,2,0,1,0,1066,1,63,0,0,0,0
22,18,1006,0,2,1,0,1,1066,1,0,63,0,0,0
18,22,1007,1,2,0,1,0,913,1,85,0,0,5,0
22,18,1007,1,2,1,0,1,904,1,0,28,0,0,0
18,22,1008,2,2,0,1,0,1103,1,122,0,5,2,0
22,18,1008,2,2,1,0,1,754,1,0,98,0,0,0
18,23,1000,0,0,0,1,1,712,1,0,33,0,0,0
23,18,1000,0,0,1,0,0,712,1,33,0,0,0,0
18,23,1001,1,0,0,1,0,898,1,4,0,0,0,0
23,18,1001,1,0,1,0,1,898,1,0,4,0,0,0
18,23,1002,2,0,0,1,1,483,1,0,92,0,17,0
23,18,1002,2,0,1,0,0,512,1,92,0,17,0,0
18,23,1003,0,1,0,1,1,549,1,0,54,0,0,0
23,18,1003,0,1,1,0,0,549,1,54,0,0,0,0
18,23,1004,1,1,0,1,1,450,1,0,99,0,0,0
23,18,1004,1,1,1,0,0,486,1,99,0,0,0,0
18,23,1005,2,1,0,1,1,631,1,0,15,0,0,0
23,18,1005,2,1,1,0,0,579,1,42,0,29,0,0
18,23,1006,0,2,0,1,1,754,1,0,87,0,0,0
23,18,1006,0,2,1,0,0,754,1,87,0,0,0,0
18,23,1007,1,2,0,1,1,622,1,0,55,0,0,0
23,18,1007,1,2,1,0,0,762,1,52,0,0,0,0
18,23,1008,2,2,0,1,0,640,1,20,0,1,14,0
23,18,1008,2,2,1,0,1,688,1,0,20,14,1,0
18,24,1000,0,0,0,1,0,612,1,86,0,0,0,0
24,18,1000,0,0,1,0,1,612,1,0,86,0,0,0
18,24,1001,1,0,0,1,0,745,1,86,0,0,0,0
24,18,1001,1,0,1,0,1,745,1,0,86,0,0,0
18,24,1002,2,0,0,1,1,772,1,0,54,43,0,0
24,18,1002,2,0,1,0,0,772,1,54,0,0,43,0
18,24,1003,0,1,0,1,1,496,1,0,52,0,0,0
24,18,1003,0,1,1,0,0,496,1,52,0,0,0,0
18,24,1004,1,1,0,1,1,751,1,0,57,0,0,0
24,18,1004,1,1,1,0,0,861,1,35,0,0,0,0
18,24,1005,2,1,0,1,1,745,1,0,51,0,4,0
24,18,1005,2,1,1,0,0,745,1,51,0,4,0,0
18,24,1006,0,2,0,1,0,895,1,40,0,8,3,0
24,18,1006,0,2,1,0,1,895,1,0,40,3,8,0
18,24,1007,1,2,0,1,0,895,1,24,0,7,0,0
24,18,1007,1,2,1,0,1,895,1,0,24,0,7,0
18,24,1008,2,2,0,1,1,1102,1,0,35,0,0,0
24,18,1008,2,2,1,0,0,1102,1,22,0,0,0,0
18,25,1000,0,0,0,1,1,623,1,0,44,0,0,0
25,18,1000,0,0,1,0,0,623,1,44,0,0,0,0
18,25,1001,1,0,0,1,1,607,1,0,8,0,0,0
25,18,1001,1,0,1,0,1,610,1,0,37,0,0,0
18,25,1002,2,0,0,1,1,814,1,0,31,0,0,0
25,18,1002,2,0,1,0,1,970,1,0,3,0,0,0
18,25,1003,0,1,0,1,1,743,1,0,13,0,0,0
25,18,1003,0,1,1,0,0,743,1,13,0,0,0,0
18,25,1004,1,1,0,1,1,1238,1,0,78,13,4,0
25,18,1004,1,1,1,0,0,532,1,78,0,0,3,0
18,25,1005,2,1,0,1,0,1198,1,14,0,0,0,0
25,18,1005,2,1,1,0,1,1852,1,0,56,11,102,0
18,25,1006,0,2,0,1,1,729,1,0,18,0,9,0
25,18,1006,0,2,1,0,0,729,1,18,0,9,0,0
18,25,1007,1,2,0,1,0,916,1,29,0,0,9,0
25,18,1007,1,2,1,0,1,775,1,0,26,14,0,0
18,25,1008,2,2,0,1,0,1000,1,55,0,10,1,0
25,18,1008,2,2,1,0,1,959,1,0,18,1,0,0
18,26,1000,0,0,0,1,0,562,1,60,0,0,0,0
26,18,1000,0,0,1,0,1,562,1,0,60,0,0,0
18,26,1001,1,0,0,1,0,658,1,85,0,16,0,0
26,18,1001,1,0,1,0,1,706,1,0,83,0,16,0
18,26,1002,2,0,0,1,1,521,1,0,16,9,22,0
26,18,1002,2,0,1,0,1,715,1,0,25,14,24,0
18,26,1003,0,1,0,1,1,725,1,0,31,0,5,0
26,18,1003,0,1,1,0,0,725,1,31,0,5,0,0
18,26,1004,1,1,0,1,0,503,1,31,0,0,0,0
26,18,1004,1,1,1,0,1,577,1,0,29,0,0,0
18,26,1005,2,1,0,1,1,569,1,0,21,0,0,0
26,18,1005,2,1,1,0,1,531,1,0,38,0,0,0
18,26,1006,0,2,0,1,0,796,1,37,0,0,0,0
26,18,1006,0,2,1,0,1,796,1,0,37,0,0,0
18,26,1007,1,2,0,1,0,601,1,82,0,9,1,0
26,18,1007,1,2,1,0,1,705,1,0,61,0,0,0
18,26,1008,2,2,0,1,0,737,1,72,0,1,0,0
26,18,1008,2,2,1,0,1,661,1,0,14,11,0,0
18,27,1000,0,0,0,1,0,826,1,77,0,74,58,0
27,18,1000,0,0,1,0,1,826,1,0,77,58,74,0
18,27,1001,1,0,0,1,0,1591,1,29,0,50,12,0
27,18,1001,1,0,1,0,0,1696,1,3,0,143,84,0
18,27,1002,2,0,0,1,0,1000,1,68,0,40,38,0
27,18,1002,2,0,1,0,1,856,1,0,56,40,67,0
18,27,1003,0,1,0,1,0,1299,1,32,0,25,34,0
27,18,1003,0,1,1,0,1,1299,1,0,32,34,25,0
18,27,1004,1,1,0,1,0,1437,1,65,0,41,97,0
27,18,1004,1,1,1,0,1,544,1,0,29,41,55,0
18,27,1005,2,1,0,1,0,989,1,101,0,28,8,0
27,18,1005,2,1,1,0,1,1111,1,0,35,150,154,0
18,27,1006,0,2,0,1,0,1462,1,62,0,90,59,0
27,18,1006,0,2,1,0,1,1462,1,0,62,59,90,0
18,27,1007,1,2,0,1,0,1372,1,68,0,67,43,0
27,18,1007,1,2,1,0,1,946,1,0,89,124,53,0
18,27,1008,2,2,0,1,0,1315,1,86,0,154,141,0
27,18,1008,2,2,1,0,1,1396,1,0,20,117,98,0
18,28,1000,0,0,0,1,0,1078,1,58,0,39,91,0
28,18,1000,0,0,1,0,1,1078,1,0,58,91,39,0
18,28,1001,1,0,0,1,1,810,1,0,54,35,38,0
28,18,1001,1,0,1,0,0,1065,1,54,0,38,35,0
18,28,1002,2,0,0,1,0,991,1,12,0,0,37,0
28,18,1002,2,0,1,0,0,1294,1,41,0,39,45,0
18,28,1003,0,1,0,1,1,1075,1,0,28,56,111,0
28,18,1003,0,1,1,0,0,1075,1,28,0,111,56,0
18,28,1004,1,1,0,1,1,796,1,0,31,37,80,0
28,18,1004,1,1,1,0,1,721,1,0,86,128,55,0
18,28,1005,2,1,0,1,0,1702,1,5,0,75,89,0
28,18,1005,2,1,1,0,0,708,1,67,0,77,29,0
18,28,1006,0,2,0,1,1,1059,1,0,21,7,46,0
28,18,1006,0,2,1,0,0,1059,1,21,0,46,7,0
18,28,1007,1,2,0,1,1,637,1,0,5,38,51,0
28,18,1007,1,2,1,0,1,1117,1,0,39,177,111,0
18,28,1008,2,2,0,1,1,816,1,0,31,39,119,0
28,18,1008,2,2,1,0,0,1477,1,54,0,41,42,0
18,29,1000,0,0,0,1,1,721,1,0,5,0,0,0
29,18,1000,0,0,1,0,0,721,1,5,0,0,0,0
18,29,1001,1,0,0,1,1,701,1,0,68,4,0,0
29,18,1001,1,0,1,0,0,701,1,68,0,0,4,0
18,29,1002,2,0,0,1,0,719,1,78,0,37,0,0
29,18,1002,2,0,1,0,0,1066,1,11,0,14,19,0
18,29,1003,0,1,0,1,0,990,1,1,0,0,0,0
29,18,1003,0,1,1,0,0,886,1,15,0,0,0,0
18,29,1004,1,1,0,1,1,772,1,0,57,0,0,0
29,18,1004,1,1,1,0,0,772,1,57,0,0,0,0
18,29,1005,2,1,0,1,1,732,1,0,65,0,4,0
29,18,1005,2,1,1,0,0,732,1,52,0,4,0,0
18,29,1006,0,2,0,1,1,583,1,0,50,0,3,0
29,18,1006,0,2,1,0,0,583,1,50,0,3,0,0
18,29,1007,1,2,0,1,1,583,1,0,51,0,3,0
29,18,1007,1,2,1,0,0,583,1,51,0,3,0,0
18,29,1008,2,2,0,1,0,835,1,78,0,6,7,0
29,18,1008,2,2,1,0,0,964,1,2,0,0,6,0
18,30,1000,0,0,0,1,0,826,1,75,0,78,56,0
30,18,1000,0,0,1,0,1,826,1,0,75,56,78,0
18,30,1001,1,0,0,1,0,866,1,66,0,83,49,0
30,18,1001,1,0,1,0,1,488,1,0,75,32,0,0
18,30,1002,2,0,0,1,0,1051,1,29,0,13,40,0
30,18,1002,2,0,1,0,1,1157,1,0,10,74,15,0
18,30,1003,0,1,0,1,0,565,1,89,0,0,6,0
30,18,1003,0,1,1,0,1,565,1,0,89,6,0,0
18,30,1004,1,1,0,1,0,829,1,122,0,0,19,0
30,18,1004,1,1,1,0,1,836,1,0,51,2,15,0
18,30,1005,2,1,0,1,0,817,1,76,0,0,15,0
30,18,1005,2,1,1,0,1,565,1,0,78,16,0,0
18,30,1006,0,2,0,1,0,640,1,51,0,4,26,0
30,18,1006,0,2,1,0,1,640,1,0,51,26,4,0
18,30,1007,1,2,0,1,0,790,1,78,0,0,67,0
30,18,1007,1,2,1,0,1,640,1,0,78,8,41,0
18,30,1008,2,2,0,1,0,975,1,40,0,60,49,0
30,18,1008,2,2,1,0,0,1239,1,10,0,63,117,0
18,31,1000,0,0,0,1,0,1042,1,29,0,14,3,0
31,18,1000,0,0,1,0,1,1042,1,0,29,3,14,0
18,31,1001,1,0,0,1,0,902,1,19,0,5,3,0
31,18,1001,1,0,1,0,1,1017,1,0,12,39,2,0
18,31,1002,2,0,0,1,1,1004,1,0,19,19,9,0
31,18,1002,2,0,1,0,0,637,1,28,0,0,0,0
18,31,1003,0,1,0,1,1,738,1,0,81,0,14,0
31,18,1003,0,1,1,0,0,738,1,81,0,14,0,0
18,31,1004,1,1,0,1,0,1048,1,30,0,0,24,0
31,18,1004,1,1,1,0,0,703,1,61,0,18,0,0
18,31,1005,2,1,0,1,1,1606,1,0,47,24,20,0
31,18,1005,2,1,1,0,1,1120,1,0,89,58,10,0
18,31,1006,0,2,0,1,1,732,1,0,26,4,0,0
31,18,1006,0,2,1,0,0,732,1,26,0,0,4,0
18,31,1007,1,2,0,1,0,1087,1,51,0,0,4,0
31,18,1007,1,2,1,0,1,1240,1,0,49,16,16,0
18,31,1008,2,2,0,1,0,790,1,66,0,2,0,0
31,18,1008,2,2,1,0,1,1030,1,0,89,16,16,0
18,32,1000,0,0,0,1,1,1837,1,0,13,98,142,0
32,18,1000,0,0,1,0,0,1837,1,13,0,142,98,0
18,32,1001,1,0,0,1,0,532,1,99,0,57,32,0
32,18,1001,1,0,1,0,1,850,1,0,40,115,64,0
18,32,1002,2,0,0,1,0,724,1,28,0,0,60,0
32,18,1002,2,0,1,0,1,844,1,0,11,60,0,0
18,32,1003,0,1,0,1,0,628,1,82,0,29,42,0
32,18,1003,0,1,1,0,1,628,1,0,82,42,29,0
18,32,1004,1,1,0,1,0,469,1,65,0,28,30,0
32,18,1004,1,1,1,0,1,446,1,0,65,30,20,0
18,32,1005,2,1,0,1,1,1075,1,0,13,88,54,0
32,18,1005,2,1,1,0,1,679,1,0,22,38,38,0
18,32,1006,0,2,0,1,0,838,1,35,0,31,21,0
32,18,1006,0,2,1,0,1,838,1,0,35,21,31,0
18,32,1007,1,2,0,1,0,808,1,71,0,64,14,0
32,18,1007,1,2,1,0,1,808,1,0,56,14,64,0
18,32,1008,2,2,0,1,0,808,1,59,0,84,84,0
32,18,1008,2,2,1,0,1,733,1,0,29,58,84,0
18,33,1000,0,0,0,1,1,911,1,0,16,53,12,0
33,18,1000,0,0,1,0,0,911,1,16,0,12,53,0
18,33,1001,1,0,0,1,1,828,1,0,39,18,25,0
33,18,1001,1,0,1,0,0,987,1,13,0,23,40,0
18,33,1002,2,0,0,1,0,580,1,52,0,4,15,0
33,18,1002,2,0,1,0,1,643,1,0,61,8,0,0
18,33,1003,0,1,0,1,0,901,1,45,0,0,0,0
33,18,1003,0,1,1,0,1,901,1,0,45,0,0,0
18,33,1004,1,1,0,1,0,1222,1,42,0,0,2,0
33,18,1004,1,1,1,0,0,880,1,16,0,8,5,0
18,33,1005,2,1,0,1,0,757,1,110,0,0,0,0
33,18,1005,2,1,1,0,0,777,1,42,0,21,0,0
18,33,1006,0,2,0,1,0,828,1,7,0,0,2,0
33,18,1006,0,2,1,0,1,828,1,0,7,2,0,0
18,33,1007,1,2,0,1,0,902,1,8,0,0,10,0
33,18,1007,1,2,1,0,1,828,1,0,24,2,0,0
18,33,1008,2,2,0,1,0,967,1,47,0,1,4,0
33,18,1008,2,2,1,0,1,949,1,0,35,2,24,0
18,34,1000,0,0,0,1,0,721,1,2,0,14,0,0
34,18,1000,0,0,1,0,1,721,1,0,2,0,14,0
18,34,1001,1,0,0,1,0,631,1,89,0,2,0,0
34,18,1001,1,0,1,0,0,660,1,33,0,1,28,0
18,34,1002,2,0,0,1,0,901,1,57,0,5,0,0
34,18,1002,2,0,1,0,0,839,1,7,0,0,0,0
18,34,1003,0,1,0,1,0,743,1,43,0,0,0,0
34,18,1003,0,1,1,0,1,743,1,0,43,0,0,0
18,34,1004,1,1,0,1,0,493,1,42,0,0,0,0
34,18,1004,1,1,1,0,0,417,1,31,0,0,0,0
18,34,1005,2,1,0,1,1,812,1,0,59,0,2,0
34,18,1005,2,1,1,0,0,368,1,90,0,0,0,0
18,34,1006,0,2,0,1,0,724,1,19,0,13,0,0
34,18,1006,0,2,1,0,1,724,1,0,19,0,13,0
18,34,1007,1,2,0,1,0,646,1,63,0,0,0,0
34,18,1007,1,2,1,0,1,721,1,0,63,2,3,0
18,34,1008,2,2,0,1,1,665,1,0,43,0,0,0
34,18,1008,2,2,1,0,1,745,1,0,16,28,0,0
18,35,1000,0,0,0,1,0,565,1,38,0,28,0,0
35,18,1000,0,0,1,0,1,565,1,0,38,0,28,0
18,35,1001,1,0,0,1,0,700,1,80,0,0,0,0
35,18,1001,1,0,1,0,1,865,1,0,38,47,59,0
18,35,1002,2,0,0,1,1,977,1,0,18,0,0,0
35,18,1002,2,0,1,0,0,1147,1,51,0,7,41,0
18,35,1003,0,1,0,1,1,1030,1,0,3,8,1,0
35,18,1003,0,1,1,0,0,1030,1,3,0,1,8,0
18,35,1004,1,1,0,1,1,1254,1,0,38,29,26,0
35,18,1004,1,1,1,0,0,948,1,40,0,49,0,0
18,35,1005,2,1,0,1,0,794,1,52,0,0,11,0
35,18,1005,2,1,1,0,0,1029,1,51,0,22,47,0
18,35,1006,0,2,0,1,0,1064,1,10,0,0,17,0
35,18,1006,0,2,1,0,1,1064,1,0,10,17,0,0
18,35,1007,1,2,0,1,0,430,1,94,0,0,0,0
35,18,1007,1,2,1,0,1,677,1,0,80,9,17,0
18,35,1008,2,2,0,1,0,1214,1,38,0,0,4,0
35,18,1008,2,2,1,0,1,1015,1,0,24,12,41,0
18,36,1000,0,0,0,1,0,524,1,51,0,0,1,0
36,18,1000,0,0,1,0,1,524,1,0,51,1,0,0
18,36,1001,1,0,0,1,0,475,1,9,0,0,10,0
36,18,1001,1,0,1,0,1,1051,1,0,40,58,59,0
18,36,1002,2,0,0,1,0,490,1,50,0,11,9,0
36,18,1002,2,0,1,0,0,598,1,38,0,4,0,0
18,36,1003,0,1,0,1,0,299,1,76,0,0,4,0
36,18,1003,0,1,1,0,1,299,1,0,76,4,0,0
18,36,1004,1,1,0,1,0,415,1,10,0,0,27,0
36,18,1004,1,1,1,0,1,605,1,0,5,10,10,0
18,36,1005,2,1,0,1,1,715,1,0,17,2,37,0
36,18,1005,2,1,1,0,0,963,1,33,0,31,7,0
18,36,1006,0,2,0,1,1,366,1,0,1,0,6,0
36,18,1006,0,2,1,0,0,366,1,1,0,6,0,0
18,36,1007,1,2,0,1,0,475,1,29,0,0,6,0
36,18,1007,1,2,1,0,1,610,1,0,43,16,0,0
18,36,1008,2,2,0,1,0,520,1,34,0,0,6,0
36,18,1008,2,2,1,0,1,550,1,0,17,18,0,0
18,37,1000,0,0,0,1,0,614,1,64,0,0,9,0
37,18,1000,0,0,1,0,1,614,1,0,64,9,0,0
18,37,1001,1,0,0,1,0,955,1,45,0,0,9,0
37,18,1001,1,0,1,0,1,1015,1,0,2,3,48,0
18,37,1002,2,0,0,1,0,576,1,70,0,23,49,0
37,18,1002,2,0,1,0,1,388,1,0,78,0,0,0
18,37,1003,0,1,0,1,0,883,1,60,0,27,14,0
37,18,1003,0,1,1,0,1,883,1,0,60,14,27,0
18,37,1004,1,1,0,1,0,551,1,104,0,0,16,0
37,18,1004,1,1,1,0,1,994,1,0,6,35,0,0
18,37,1005,2,1,0,1,0,703,1,92,0,0,12,0
37,18,1005,2,1,1,0,1,580,1,0,34,0,0,0
18,37,1006,0,2,0,1,0,490,1,46,0,0,6,0
37,18,1006,0,2,1,0,1,490,1,0,46,6,0,0
18,37,1007,1,2,0,1,0,511,1,108,0,0,4,0
37,18,1007,1,2,1,0,1,388,1,0,64,0,0,0
18,37,1008,2,2,0,1,0,538,1,50,0,0,2,0
37,18,1008,2,2,1,0,1,340,1,0,64,17,0,0
18,38,1000,0,0,0,1,0,215,1,31,0,9,0,0
38,18,1000,0,0,1,0,1,215,1,0,31,0,9,0
18,38,1001,1,0,0,1,0,553,1,19,0,9,0,0
38,18,1001,1,0,1,0,0,373,1,10,0,0,14,0
18,38,1002,2,0,0,1,1,449,1,0,10,12,0,0
38,18,1002,2,0,1,0,1,358,1,0,26,0,9,0
18,38,1003,0,1,0,1,0,489,1,26,0,15,7,0
38,18,1003,0,1,1,0,1,489,1,0,26,7,15,0
18,38,1004,1,1,0,1,1,223,1,0,10,9,0,0
38,18,1004,1,1,1,0,0,391,1,46,0,7,9,0
18,38,1005,2,1,0,1,1,373,1,0,23,22,0,0
38,18,1005,2,1,1,0,0,391,1,23,0,0,8,0
18,38,1006,0,2,0,1,0,219,1,31,0,14,0,0
38,18,1006,0,2,1,0,1,219,1,0,31,0,14,0
18,38,1007,1,2,0,1,0,361,1,57,0,7,0,0
38,18,1007,1,2,1,0,0,241,1,59,0,0,9,0
18,38,1008,2,2,0,1,1,463,1,0,33,17,19,0
38,18,1008,2,2,1,0,0,316,1,69,0,0,9,0
18,39,1000,0,0,0,1,0,715,1,41,0,0,0,0
39,18,1000,0,0,1,0,1,715,1,0,41,0,0,0
18,39,1001,1,0,0,1,0,687,1,44,0,0,0,0
39,18,1001,1,0,1,0,1,688,1,0,44,0,0,0
18,39,1002,2,0,0,1,1,622,1,0,37,38,0,0
39,18,1002,2,0,1,0,0,513,1,45,0,0,0,0
18,39,1003,0,1,0,1,1,796,1,0,6,0,2,0
39,18,1003,0,1,1,0,0,796,1,6,0,2,0,0
18,39,1004,1,1,0,1,1,646,1,0,47,0,3,0
39,18,1004,1,1,1,0,0,721,1,49,0,0,0,0
18,39,1005,2,1,0,1,1,628,1,0,56,0,0,0
39,18,1005,2,1,1,0,0,427,1,84,0,0,0,0
18,39,1006,0,2,0,1,1,697,1,0,35,0,0,0
39,18,1006,0,2,1,0,0,697,1,35,0,0,0,0
18,39,1007,1,2,0,1,1,697,1,0,35,0,0,0
39,18,1007,1,2,1,0,0,697,1,22,0,0,0,0
18,39,1008,2,2,0,1,1,496,1,0,41,0,0,0
39,18,1008,2,2,1,0,0,496,1,28,0,0,0,0
19,20,1000,0,0,0,1,0,1570,1,29,0,50,73,0
20,19,1000,0,0,1,0,1,1570,1,0,29,73,50,0
19,20,1001,1,0,0,1,0,1285,1,46,0,60,37,0
20,19,1001,1,0,1,0,1,1075,1,0,47,93,70,0
19,20,1002,2,0,0,1,0,1147,1,12,0,65,27,0
20,19,1002,2,0,1,0,1,1206,1,0,43,17,1,0
19,20,1003,0,1,0,1,0,1627,1,55,0,17,80,0
20,19,1003,0,1,1,0,1,1627,1,0,55,80,17,0
19,20,1004,1,1,0,1,1,1437,1,0,58,0,31,0
20,19,1004,1,1,1,0,0,1513,1,50,0,0,2,0
19,20,1005,2,1,0,1,0,997,1,28,0,8,10,0
20,19,1005,2,1,1,0,0,1462,1,34,0,18,1,0
19,20,1006,0,2,0,1,1,1377,1,0,43,127,138,0
20,19,1006,0,2,1,0,0,1377,1,43,0,138,127,0
19,20,1007,1,2,0,1,0,1511,1,27,0,40,74,0
20,19,1007,1,2,1,0,0,801,1,76,0,54,29,0
19,20,1008,2,2,0,1,0,1420,1,37,0,34,43,0
20,19,1008,2,2,1,0,1,1088,1,0,88,28,37,0
19,21,1000,0,0,0,1,1,556,1,0,74,0,12,0
21,19,1000,0,0,1,0,0,556,1,74,0,12,0,0
19,21,1001,1,0,0,1,0,1005,1,4,0,36,12,0
21,19,1001,1,0,1,0,1,754,1,0,52,12,0,0
19,21,1002,2,0,0,1,0,877,1,55,0,0,12,0
21,19,1002,2,0,1,0,1,738,1,0,53,14,0,0
19,21,1003,0,1,0,1,1,856,1,0,10,7,27,0
21,19,1003,0,1,1,0,0,856,1,10,0,27,7,0
19,21,1004,1,1,0,1,1,595,1,0,44,0,12,0
21,19,1004,1,1,1,0,1,916,1,0,23,12,8,0
19,21,1005,2,1,0,1,0,905,1,55,0,23,13,0
21,19,1005,2,1,1,0,1,978,1,0,68,41,38,0
19,21,1006,0,2,0,1,0,760,1,61,0,0,12,0
21,19,1006,0,2,1,0,1,760,1,0,61,12,0,0
19,21,1007,1,2,0,1,0,834,1,62,0,0,12,0
21,19,1007,1,2,1,0,1,925,1,0,73,12,0,0
19,21,1008,2,2,0,1,0,925,1,83,0,0,12,0
21,19,1008,2,2,1,0,1,1105,1,0,43,14,9,0
19,22,1000,0,0,0,1,0,1225,1,19,0,24,0,0
22,19,1000,0,0,1,0,1,1225,1,0,19,0,24,0
19,22,1001,1,0,0,1,0,2314,1,37,0,230,158,0
22,19,1001,1,0,1,0,1,1003,1,0,83,21,0,0
19,22,1002,2,0,0,1,0,823,1,67,0,0,7,0
22,19,1002,2,0,1,0,1,1135,1,0,72,17,0,0
19,22,1003,0,1,0,1,0,763,1,65,0,0,17,0
22,19,1003,0,1,1,0,1,763,1,0,65,17,0,0
19,22,1004,1,1,0,1,0,1336,1,13,0,0,9,0
22,19,1004,1,1,1,0,1,1297,1,0,28,3,5,0
19,22,1005,2,1,0,1,0,974,1,4,0,0,20,0
22,19,1005,2,1,1,0,1,1037,1,0,43,21,0,0
19,22,1006,0,2,0,1,0,1291,1,39,0,3,0,0
22,19,1006,0,2,1,0,1,1291,1,0,39,0,3,0
19,22,1007,1,2,0,1,0,1114,1,61,0,10,9,0
22,19,1007,1,2,1,0,1,1079,1,0,52,7,0,0
19,22,1008,2,2,0,1,0,1135,1,98,0,0,9,0
22,19,1008,2,2,1,0,1,868,1,0,63,7,0,0
19,23,1000,0,0,0,1,1,673,1,0,57,0,0,0
23,19,1000,0,0,1,0,0,673,1,57,0,0,0,0
19,23,1001,1,0,0,1,1,549,1,0,109,26,0,0
23,19,1001,1,0,1,0,0,605,1,94,0,0,26,0
19,23,1002,2,0,0,1,1,447,1,0,93,33,9,0
23,19,1002,2,0,1,0,0,702,1,27,0,9,33,0
19,23,1003,0,1,0,1,1,508,1,0,109,13,0,0
23,19,1003,0,1,1,0,0,508,1,109,0,0,13,0
19,23,1004,1,1,0,1,1,569,1,0,103,8,0,0
23,19,1004,1,1,1,0,0,549,1,76,0,0,8,0
19,23,1005,2,1,0,1,1,496,1,0,35,0,0,0
23,19,1005,2,1,1,0,0,479,1,101,0,0,0,0
19,23,1006,0,2,0,1,1,634,1,0,45,0,0,0
23,19,1006,0,2,1,0,0,634,1,45,0,0,0,0
19,23,1007,1,2,0,1,1,689,1,0,21,0,0,0
23,19,1007,1,2,1,0,1,899,1,0,49,0,12,0
19,23,1008,2,2,0,1,1,691,1,0,56,0,0,0
23,19,1008,2,2,1,0,0,649,1,54,0,0,3,0
19,24,1000,0,0,0,1,1,1010,1,0,16,57,65,0
24,19,1000,0,0,1,0,0,1010,1,16,0,65,57,0
19,24,1001,1,0,0,1,1,654,1,0,66,0,0,0
24,19,1001,1,0,1,0,0,631,1,38,0,3,0,0
19,24,1002,2,0,0,1,0,946,1,14,0,19,29,0
24,19,1002,2,0,1,0,-1,967,1,0,0,0,2,0
19,24,1003,0,1,0,1,1,679,1,0,49,0,2,0
24,19,1003,0,1,1,0,0,679,1,49,0,2,0,0
19,24,1004,1,1,0,1,1,497,1,0,71,0,10,0
24,19,1004,1,1,1,0,0,712,1,57,0,40,0,0
19,24,1005,2,1,0,1,0,811,1,4,0,0,0,0
24,19,1005,2,1,1,0,0,958,1,45,0,3,0,0
19,24,1006,0,2,0,1,1,670,1,0,63,0,0,0
24,19,1006,0,2,1,0,0,670,1,63,0,0,0,0
19,24,1007,1,2,0,1,1,757,1,0,44,0,0,0
24,19,1007,1,2,1,0,0,757,1,44,0,0,0,0
19,24,1008,2,2,0,1,1,700,1,0,42,17,5,0
24,19,1008,2,2,1,0,0,844,1,12,0,5,17,0
19,25,1000,0,0,0,1,1,2254,1,0,6,442,126,0
25,19,1000,0,0,1,0,0,2254,1,6,0,126,442,0
19,25,1001,1,0,0,1,0,831,1,8,0,18,3,0
25,19,1001,1,0,1,0,0,1334,1,12,0,27,46,0
19,25,1002,2,0,0,1,0,793,1,12,0,0,0,0
25,19,1002,2,0,1,0,0,764,1,40,0,1,15,0
19,25,1003,0,1,0,1,1,700,1,0,21,0,1,0
25,19,1003,0,1,1,0,0,700,1,21,0,1,0,0
19,25,1004,1,1,0,1,0,919,1,3,0,0,0,0
25,19,1004,1,1,1,0,0,1288,1,26,0,0,0,0
19,25,1005,2,1,0,1,1,966,1,0,33,28,30,0
25,19,1005,2,1,1,0,0,1019,1,68,0,0,10,0
19,25,1006,0,2,0,1,0,864,1,17,0,15,22,0
25,19,1006,0,2,1,0,1,864,1,0,17,22,15,0
19,25,1007,1,2,0,1,1,751,1,0,47,5,3,0
25,19,1007,1,2,1,0,0,694,1,11,0,6,28,0
19,25,1008,2,2,0,1,1,817,1,0,29,0,0,0
25,19,1008,2,2,1,0,0,826,1,50,0,0,24,0
19,26,1000,0,0,0,1,1,1033,1,0,11,0,0,0
26,19,1000,0,0,1,0,0,1033,1,11,0,0,0,0
19,26,1001,1,0,0,1,0,640,1,7,0,0,12,0
26,19,1001,1,0,1,0,0,665,1,60,0,0,0,0
19,26,1002,2,0,0,1,1,908,1,0,27,0,0,0
26,19,1002,2,0,1,0,0,927,1,11,0,0,0,0
19,26,1003,0,1,0,1,0,666,1,40,0,0,0,0
26,19,1003,0,1,1,0,1,666,1,0,40,0,0,0
19,26,1004,1,1,0,1,-1,862,1,0,0,0,0,0
26,19,1004,1,1,1,0,-1,862,1,0,0,0,0,0
19,26,1005,2,1,0,1,1,607,1,0,69,0,0,0
26,19,1005,2,1,1,0,0,767,1,39,0,17,0,0
19,26,1006,0,2,0,1,0,895,1,1,0,0,0,0
26,19,1006,0,2,1,0,1,895,1,0,1,0,0,0
19,26,1007,1,2,0,1,0,742,1,45,0,14,0,0
26,19,1007,1,2,1,0,1,763,1,0,18,0,11,0
19,26,1008,2,2,0,1,0,718,1,10,0,13,0,0
26,19,1008,2,2,1,0,1,799,1,0,50,15,53,0
19,27,1000,0,0,0,1,0,1041,1,40,0,0,10,0
27,19,1000,0,0,1,0,1,1041,1,0,40,10,0,0
19,27,1001,1,0,0,1,0,997,1,46,0,8,26,0
27,19,1001,1,0,1,0,1,792,1,0,33,41,72,0
19,27,1002,2,0,0,1,0,961,1,30,0,95,26,0
27,19,1002,2,0,1,0,1,786,1,0,36,79,137,0
19,27,1003,0,1,0,1,0,949,1,33,0,110,74,0
27,19,1003,0,1,1,0,1,949,1,0,33,74,110,0
19,27,1004,1,1,0,1,0,1111,1,41,0,18,16,0
27,19,1004,1,1,1,0,1,799,1,0,88,30,43,0
19,27,1005,2,1,0,1,0,904,1,81,0,31,4,0
27,19,1005,2,1,1,0,1,856,1,0,46,79,97,0
19,27,1006,0,2,0,1,1,676,1,0,96,109,92,0
27,19,1006,0,2,1,0,0,676,1,96,0,92,109,0
19,27,1007,1,2,0,1,1,1385,1,0,18,99,119,0
27,19,1007,1,2,1,0,-1,1060,1,0,0,71,45,0
19,27,1008,2,2,0,1,0,907,1,21,0,28,76,0
27,19,1008,2,2,1,0,1,967,1,0,45,61,51,0
19,28,1000,0,0,0,1,1,438,1,0,96,66,72,0
28,19,1000,0,0,1,0,0,438,1,96,0,72,66,0
19,28,1001,1,0,0,1,0,1734,1,20,0,164,131,0
28,19,1001,1,0,1,0,0,808,1,27,0,53,50,0
19,28,1002,2,0,0,1,0,604,1,33,0,97,103,0
28,19,1002,2,0,1,0,1,606,1,0,46,103,97,0
19,28,1003,0,1,0,1,0,524,1,37,0,27,52,0
28,19,1003,0,1,1,0,1,524,1,0,37,52,27,0
19,28,1004,1,1,0,1,1,660,1,0,13,184,174,0
28,19,1004,1,1,1,0,0,675,1,8,0,174,184,0
19,28,1005,2,1,0,1,1,597,1,0,46,36,37,0
28,19,1005,2,1,1,0,0,597,1,60,0,37,36,0
19,28,1006,0,2,0,1,1,819,1,0,60,88,113,0
28,19,1006,0,2,1,0,0,819,1,60,0,113,88,0
19,28,1007,1,2,0,1,1,654,1,0,99,83,100,0
28,19,1007,1,2,1,0,0,747,1,63,0,56,98,0
19,28,1008,2,2,0,1,1,1052,1,0,90,24,66,0
28,19,1008,2,2,1,0,0,920,1,59,0,66,24,0
19,29,1000,0,0,0,1,1,775,1,0,47,109,0,0
29,19,1000,0,0,1,0,0,1216,1,18,0,51,109,0
19,29,1001,1,0,0,1,1,595,1,0,31,4,0,0
29,19,1001,1,0,1,0,0,595,1,31,0,0,4,0
19,29,1002,2,0,0,1,1,1220,1,0,5,36,16,0
29,19,1002,2,0,1,0,0,901,1,43,0,16,36,0
19,29,1003,0,1,0,1,1,541,1,0,50,0,4,0
29,19,1003,0,1,1,0,0,541,1,50,0,4,0,0
19,29,1004,1,1,0,1,1,940,1,0,3,3,2,0
29,19,1004,1,1,1,0,1,892,1,0,19,2,2,0
19,29,1005,2,1,0,1,1,802,1,0,42,0,1,0
29,19,1005,2,1,1,0,0,725,1,36,0,1,0,0
19,29,1006,0,2,0,1,1,931,1,0,65,3,4,0
29,19,1006,0,2,1,0,0,931,1,65,0,4,3,0
19,29,1007,1,2,0,1,0,859,1,21,0,0,5,0
29,19,1007,1,2,1,0,1,859,1,0,21,5,0,0
19,29,1008,2,2,0,1,1,709,1,0,38,0,0,0
29,19,1008,2,2,1,0,0,943,1,8,0,4,4,0
19,30,1000,0,0,0,1,1,1792,1,0,2,33,51,0
30,19,1000,0,0,1,0,0,1792,1,2,0,51,33,0
19,30,1001,1,0,0,1,1,496,1,0,36,0,11,0
30,19,1001,1,0,1,0,0,415,1,50,0,11,0,0
19,30,1002,2,0,0,1,1,580,1,0,15,7,20,0
30,19,1002,2,0,1,0,0,484,1,58,0,20,7,0
19,30,1003,0,1,0,1,1,484,1,0,54,0,12,0
30,19,1003,0,1,1,0,0,484,1,54,0,12,0,0
19,30,1004,1,1,0,1,0,1045,1,7,0,37,13,0
30,19,1004,1,1,1,0,0,911,1,31,0,12,37,0
19,30,1005,2,1,0,1,1,1234,1,0,31,36,20,0
30,19,1005,2,1,1,0,0,613,1,19,0,15,0,0
19,30,1006,0,2,0,1,0,808,1,115,0,16,19,0
30,19,1006,0,2,1,0,1,808,1,0,115,19,16,0
19,30,1007,1,2,0,1,0,1025,1,7,0,32,16,0
30,19,1007,1,2,1,0,0,775,1,22,0,12,0,0
19,30,1008,2,2,0,1,0,805,1,17,0,0,12,0
30,19,1008,2,2,1,0,1,720,1,0,17,12,0,0
19,31,1000,0,0,0,1,0,768,1,38,0,34,18,0
31,19,1000,0,0,1,0,1,768,1,0,38,18,34,0
19,31,1001,1,0,0,1,0,2059,1,17,0,113,166,0
31,19,1001,1,0,1,0,1,2277,1,0,43,248,101,0
19,31,1002,2,0,0,1,0,859,1,9,0,30,9,0
31,19,1002,2,0,1,0,0,1121,1,65,0,62,111,0
19,31,1003,0,1,0,1,0,670,1,13,0,0,8,0
31,19,1003,0,1,1,0,1,670,1,0,13,8,0,0
19,31,1004,1,1,0,1,0,1015,1,66,0,1,20,0
31,19,1004,1,1,1,0,0,734,1,115,0,41,26,0
19,31,1005,2,1,0,1,0,1276,1,36,0,0,11,0
31,19,1005,2,1,1,0,1,1075,1,0,17,8,0,0
19,31,1006,0,2,0,1,1,823,1,0,22,33,14,0
31,19,1006,0,2,1,0,0,823,1,22,0,14,33,0
19,31,1007,1,2,0,1,1,1042,1,0,24,0,16,0
31,19,1007,1,2,1,0,1,1030,1,0,7,26,9,0
19,31,1008,2,2,0,1,0,865,1,92,0,1,25,0
31,19,1008,2,2,1,0,1,961,1,0,70,20,8,0
19,32,1000,0,0,0,1,1,1107,1,0,19,31,22,0
32,19,1000,0,0,1,0,0,1107,1,19,0,22,31,0
19,32,1001,1,0,0,1,1,832,1,0,33,32,22,0
32,19,1001,1,0,1,0,1,949,1,0,28,22,32,0
19,32,1002,2,0,0,1,0,1185,1,50,0,0,16,0
32,19,1002,2,0,1,0,1,1132,1,0,57,16,0,0
19,32,1003,0,1,0,1,0,1033,1,42,0,116,77,0
32,19,1003,0,1,1,0,1,1033,1,0,42,77,116,0
19,32,1004,1,1,0,1,0,1099,1,26,0,162,107,0
32,19,1004,1,1,1,0,0,1198,1,12,0,107,162,0
19,32,1005,2,1,0,1,0,945,1,12,0,99,95,0
32,19,1005,2,1,1,0,1,1384,1,0,21,64,34,0
19,32,1006,0,2,0,1,0,1057,1,92,0,147,143,0
32,19,1006,0,2,1,0,1,1057,1,0,92,143,147,0
19,32,1007,1,2,0,1,0,1189,1,79,0,195,159,0
32,19,1007,1,2,1,0,1,1335,1,0,71,187,261,0
19,32,1008,2,2,0,1,0,1093,1,51,0,41,46,0
32,19,1008,2,2,1,0,1,1147,1,0,82,46,41,0
19,33,1000,0,0,0,1,1,805,1,0,5,1,17,0
33,19,1000,0,0,1,0,0,805,1,5,0,17,1,0
19,33,1001,1,0,0,1,0,868,1,12,0,15,22,0
33,19,1001,1,0,1,0,0,915,1,40,0,12,1,0
19,33,1002,2,0,0,1,0,867,1,23,0,7,41,0
33,19,1002,2,0,1,0,1,763,1,0,60,37,7,0
19,33,1003,0,1,0,1,0,751,1,12,0,0,6,0
33,19,1003,0,1,1,0,1,751,1,0,12,6,0,0
19,33,1004,1,1,0,1,1,924,1,0,35,8,12,0
33,19,1004,1,1,1,0,1,615,1,0,58,12,8,0
19,33,1005,2,1,0,1,0,706,1,63,0,0,5,0
33,19,1005,2,1,1,0,1,880,1,0,5,0,0,0
19,33,1006,0,2,0,1,0,679,1,87,0,0,21,0
33,19,1006,0,2,1,0,1,679,1,0,87,21,0,0
19,33,1007,1,2,0,1,0,758,1,60,0,0,18,0
33,19,1007,1,2,1,0,1,766,1,0,2,18,0,0
19,33,1008,2,2,0,1,0,744,1,32,0,1,23,0
33,19,1008,2,2,1,0,1,763,1,0,17,59,0,0
19,34,1000,0,0,0,1,0,754,1,40,0,5,0,0
34,19,1000,0,0,1,0,1,754,1,0,40,0,5,0
19,34,1001,1,0,0,1,0,808,1,9,0,4,13,0
34,19,1001,1,0,1,0,1,880,1,0,13,19,0,0
19,34,1002,2,0,0,1,0,757,1,50,0,0,8,0
34,19,1002,2,0,1,0,0,718,1,35,0,0,0,0
19,34,1003,0,1,0,1,1,810,1,0,30,0,4,0
34,19,1003,0,1,1,0,0,810,1,30,0,4,0,0
19,34,1004,1,1,0,1,0,1062,1,22,0,16,69,0
34,19,1004,1,1,1,0,0,815,1,19,0,1,0,0
19,34,1005,2,1,0,1,0,982,1,15,0,0,16,0
34,19,1005,2,1,1,0,-1,817,1,0,0,11,39,0
19,34,1006,0,2,0,1,1,741,1,0,10,0,0,0
34,19,1006,0,2,1,0,0,741,1,10,0,0,0,0
19,34,1007,1,2,0,1,0,793,1,22,0,0,0,0
34,19,1007,1,2,1,0,0,720,1,49,0,0,0,0
19,34,1008,2,2,0,1,0,785,1,23,0,21,0,0
34,19,1008,2,2,1,0,1,994,1,0,6,35,5,0
19,35,1000,0,0,0,1,1,839,1,0,56,38,4,0
35,19,1000,0,0,1,0,0,839,1,56,0,4,38,0
19,35,1001,1,0,0,1,0,1174,1,42,0,52,8,0
35,19,1001,1,0,1,0,1,770,1,0,84,0,4,0
19,35,1002,2,0,0,1,0,1144,1,14,0,0,5,0
35,19,1002,2,0,1,0,1,1009,1,0,84,0,0,0
19,35,1003,0,1,0,1,0,1087,1,70,0,0,40,0
35,19,1003,0,1,1,0,1,1087,1,0,70,40,0,0
19,35,1004,1,1,0,1,0,1103,1,84,0,15,32,0
35,19,1004,1,1,1,0,1,944,1,0,44,0,0,0
19,35,1005,2,1,0,1,1,2119,1,0,31,1,73,0
35,19,1005,2,1,1,0,1,1111,1,0,44,2,0,0
19,35,1006,0,2,0,1,0,904,1,22,0,0,11,0
35,19,1006,0,2,1,0,1,904,1,0,22,11,0,0
19,35,1007,1,2,0,1,0,1021,1,35,0,0,4,0
35,19,1007,1,2,1,0,0,1563,1,9,0,18,36,0
19,35,1008,2,2,0,1,0,841,1,42,0,0,4,0
35,19,1008,2,2,1,0,1,1116,1,0,8,28,9,0
19,36,1000,0,0,0,1,1,691,1,0,4,8,8,0
36,19,1000,0,0,1,0,0,691,1,4,0,8,8,0
19,36,1001,1,0,0,1,0,493,1,79,0,0,2,0
36,19,1001,1,0,1,0,0,781,1,2,0,25,17,0
19,36,1002,2,0,0,1,1,697,1,0,7,14,10,0
36,19,1002,2,0,1,0,1,886,1,0,32,9,11,0
19,36,1003,0,1,0,1,1,508,1,0,73,0,0,0
36,19,1003,0,1,1,0,0,508,1,73,0,0,0,0
19,36,1004,1,1,0,1,1,495,1,0,31,13,3,0
36,19,1004,1,1,1,0,1,571,1,0,93,0,0,0
19,36,1005,2,1,0,1,0,568,1,35,0,0,0,0
36,19,1005,2,1,1,0,0,728,1,23,0,14,0,0
19,36,1006,0,2,0,1,0,440,1,35,0,11,0,0
36,19,1006,0,2,1,0,1,440,1,0,35,0,11,0
19,36,1007,1,2,0,1,1,493,1,0,10,0,0,0
36,19,1007,1,2,1,0,1,680,1,0,63,5,0,0
19,36,1008,2,2,0,1,0,493,1,70,0,7,4,0
36,19,1008,2,2,1,0,1,754,1,0,29,13,8,0
19,37,1000,0,0,0,1,0,958,1,65,0,31,43,0
37,19,1000,0,0,1,0,1,958,1,0,65,43,31,0
19,37,1001,1,0,0,1,0,751,1,4,0,19,15,0
37,19,1001,1,0,1,0,1,679,1,0,37,19,51,0
19,37,1002,2,0,0,1,0,937,1,50,0,80,120,0
37,19,1002,2,0,1,0,1,808,1,0,19,34,30,0
19,37,1003,0,1,0,1,0,1022,1,8,0,16,25,0
37,19,1003,0,1,1,0,1,1022,1,0,8,25,16,0
19,37,1004,1,1,0,1,0,998,1,76,0,35,39,0
37,19,1004,1,1,1,0,1,952,1,0,46,15,0,0
19,37,1005,2,1,0,1,0,931,1,68,0,32,18,0
37,19,1005,2,1,1,0,0,1056,1,11,0,7,6,0
19,37,1006,0,2,0,1,0,946,1,30,0,1,16,0
37,19,1006,0,2,1,0,1,946,1,0,30,16,1,0
19,37,1007,1,2,0,1,0,717,1,65,0,0,13,0
37,19,1007,1,2,1,0,1,682,1,0,32,4,0,0
19,37,1008,2,2,0,1,0,730,1,45,0,16,13,0
37,19,1008,2,2,1,0,1,715,1,0,38,0,0,0
19,38,1000,0,0,0,1,0,350,1,17,0,17,0,0
38,19,1000,0,0,1,0,1,350,1,0,17,0,17,0
19,38,1001,1,0,0,1,1,379,1,0,37,21,0,0
38,19,1001,1,0,1,0,1,445,1,0,14,0,20,0
19,38,1002,2,0,0,1,0,496,1,20,0,21,0,0
38,19,1002,2,0,1,0,1,370,1,0,61,0,21,0
19,38,1003,0,1,0,1,0,353,1,61,0,20,0,0
38,19,1003,0,1,1,0,1,353,1,0,61,0,20,0
19,38,1004,1,1,0,1,0,391,1,3,0,18,0,0
38,19,1004,1,1,1,0,1,353,1,0,16,0,18,0
19,38,1005,2,1,0,1,1,478,1,0,17,20,0,0
38,19,1005,2,1,1,0,0,599,1,26,0,0,20,0
19,38,1006,0,2,0,1,0,352,1,16,0,23,0,0
38,19,1006,0,2,1,0,1,352,1,0,16,0,23,0
19,38,1007,1,2,0,1,1,305,1,0,36,20,0,0
38,19,1007,1,2,1,0,1,313,1,0,27,0,20,0
19,38,1008,2,2,0,1,0,388,1,50,0,16,0,0
38,19,1008,2,2,1,0,1,388,1,0,17,0,17,0
19,39,1000,0,0,0,1,1,901,1,0,28,11,4,0
39,19,1000,0,0,1,0,0,901,1,28,0,4,11,0
19,39,1001,1,0,0,1,1,1300,1,0,32,30,18,0
39,19,1001,1,0,1,0,0,1300,1,18,0,18,30,0
19,39,1002,2,0,0,1,1,592,1,0,46,0,3,0
39,19,1002,2,0,1,0,0,964,1,14,0,3,16,0
19,39,1003,0,1,0,1,0,1195,1,45,0,0,4,0
39,19,1003,0,1,1,0,1,1195,1,0,45,4,0,0
19,39,1004,1,1,0,1,0,1002,1,8,0,0,0,0
39,19,1004,1,1,1,0,0,586,1,73,0,0,0,0
19,39,1005,2,1,0,1,1,895,1,0,40,4,21,0
39,19,1005,2,1,1,0,0,1039,1,81,0,3,0,0
19,39,1006,0,2,0,1,1,568,1,0,64,11,7,0
39,19,1006,0,2,1,0,0,568,1,64,0,7,11,0
19,39,1007,1,2,0,1,1,790,1,0,19,16,4,0
39,19,1007,1,2,1,0,0,496,1,22,0,4,16,0
19,39,1008,2,2,0,1,1,910,1,0,35,0,5,0
39,19,1008,2,2,1,0,0,535,1,46,0,5,0,0
20,21,1000,0,0,0,1,0,658,1,62,0,46,27,0
21,20,1000,0,0,1,0,1,658,1,0,62,27,46,0
20,21,1001,1,0,0,1,0,887,1,80,0,40,20,0
21,20,1001,1,0,1,0,1,1253,1,0,66,31,0,0
20,21,1002,2,0,0,1,0,662,1,32,0,0,19,0
21,20,1002,2,0,1,0,1,887,1,0,47,7,37,0
20,21,1003,0,1,0,1,0,511,1,62,0,0,12,0
21,20,1003,0,1,1,0,1,511,1,0,62,12,0,0
20,21,1004,1,1,0,1,0,767,1,46,0,0,6,0
21,20,1004,1,1,1,0,1,854,1,0,17,5,8,0
20,21,1005,2,1,0,1,0,976,1,84,0,30,8,0
21,20,1005,2,1,1,0,1,988,1,0,69,6,0,0
20,21,1006,0,2,0,1,0,740,1,77,0,58,89,0
21,20,1006,0,2,1,0,1,740,1,0,77,89,58,0
20,21,1007,1,2,0,1,0,846,1,107,0,43,31,0
21,20,1007,1,2,1,0,1,794,1,0,77,22,0,0
20,21,1008,2,2,0,1,0,1056,1,59,0,24,40,0
21,20,1008,2,2,1,0,1,650,1,0,77,19,31,0
20,22,1000,0,0,0,1,0,1511,1,83,0,76,82,0
22,20,1000,0,0,1,0,1,1511,1,0,83,82,76,0
20,22,1001,1,0,0,1,0,1360,1,35,0,83,124,0
22,20,1001,1,0,1,0,1,1794,1,0,68,54,46,0
20,22,1002,2,0,0,1,0,955,1,57,0,0,22,0
22,20,1002,2,0,1,0,1,1529,1,0,105,55,52,0
20,22,1003,0,1,0,1,0,1379,1,48,0,45,30,0
22,20,1003,0,1,1,0,1,1379,1,0,48,30,45,0
20,22,1004,1,1,0,1,0,1195,1,20,0,0,3,0
22,20,1004,1,1,1,0,1,1552,1,0,107,47,46,0
20,22,1005,2,1,0,1,0,2110,1,79,0,8,23,0
22,20,1005,2,1,1,0,0,1162,1,23,0,70,32,0
20,22,1006,0,2,0,1,0,1255,1,59,0,46,34,0
22,20,1006,0,2,1,0,1,1255,1,0,59,34,46,0
20,22,1007,1,2,0,1,0,1621,1,77,0,3,46,0
22,20,1007,1,2,1,0,1,1171,1,0,94,104,78,0
20,22,1008,2,2,0,1,0,1584,1,70,0,47,103,0
22,20,1008,2,2,1,0,1,1408,1,0,55,98,102,0
20,23,1000,0,0,0,1,1,883,1,0,13,60,0,0
23,20,1000,0,0,1,0,0,883,1,13,0,0,60,0
20,23,1001,1,0,0,1,1,696,1,0,30,0,24,0
23,20,1001,1,0,1,0,1,758,1,0,1,0,0,0
20,23,1002,2,0,0,1,0,829,1,33,0,0,29,0
23,20,1002,2,0,1,0,1,682,1,0,93,0,91,0
20,23,1003,0,1,0,1,1,902,1,0,17,31,0,0
23,20,1003,0,1,1,0,0,902,1,17,0,0,31,0
20,23,1004,1,1,0,1,1,672,1,0,55,11,0,0
23,20,1004,1,1,1,0,1,677,1,0,85,0,8,0
20,23,1005,2,1,0,1,1,565,1,0,35,0,16,0
23,20,1005,2,1,1,0,0,721,1,21,0,5,14,0
20,23,1006,0,2,0,1,1,786,1,0,48,0,33,0
23,20,1006,0,2,1,0,0,786,1,48,0,33,0,0
20,23,1007,1,2,0,1,0,861,1,27,0,0,36,0
23,20,1007,1,2,1,0,1,766,1,0,52,26,0,0
20,23,1008,2,2,0,1,0,847,1,33,0,15,28,0
23,20,1008,2,2,1,0,1,636,1,0,63,0,0,0
20,24,1000,0,0,0,1,0,1530,1,5,0,32,17,0
24,20,1000,0,0,1,0,1,1530,1,0,5,17,32,0
20,24,1001,1,0,0,1,1,766,1,0,50,41,67,0
24,20,1001,1,0,1,0,0,1027,1,48,0,68,66,0
20,24,1002,2,0,0,1,1,865,1,0,12,11,45,0
24,20,1002,2,0,1,0,1,1342,1,0,59,62,117,0
20,24,1003,0,1,0,1,1,905,1,0,29,3,67,0
24,20,1003,0,1,1,0,0,905,1,29,0,67,3,0
20,24,1004,1,1,0,1,1,1023,1,0,49,66,126,0
24,20,1004,1,1,1,0,0,1168,1,74,0,58,33,0
20,24,1005,2,1,0,1,0,1344,1,63,0,48,25,0
24,20,1005,2,1,1,0,0,960,1,70,0,48,5,0
20,24,1006,0,2,0,1,0,884,1,63,0,1,52,0
24,20,1006,0,2,1,0,1,884,1,0,63,52,1,0
20,24,1007,1,2,0,1,1,1168,1,0,4,0,12,0
24,20,1007,1,2,1,0,1,1232,1,0,37,101,106,0
20,24,1008,2,2,0,1,1,1633,1,0,32,74,12,0
24,20,1008,2,2,1,0,1,968,1,0,59,53,22,0
20,25,1000,0,0,0,1,0,1165,1,92,0,17,57,0
25,20,1000,0,0,1,0,1,1165,1,0,92,57,17,0
20,25,1001,1,0,0,1,1,1687,1,0,2,215,206,0
25,20,1001,1,0,1,0,0,1869,1,15,0,28,204,0
20,25,1002,2,0,0,1,1,1105,1,0,10,6,29,0
25,20,1002,2,0,1,0,0,1366,1,33,0,36,7,0
20,25,1003,0,1,0,1,1,1321,1,0,27,24,29,0
25,20,1003,0,1,1,0,0,1321,1,27,0,29,24,0
20,25,1004,1,1,0,1,0,1090,1,56,0,51,24,0
25,20,1004,1,1,1,0,0,1108,1,42,0,41,8,0
20,25,1005,2,1,0,1,1,1452,1,0,45,21,30,0
25,20,1005,2,1,1,0,0,1599,1,12,0,67,24,0
20,25,1006,0,2,0,1,1,1387,1,0,40,87,116,0
25,20,1006,0,2,1,0,0,1387,1,40,0,116,87,0
20,25,1007,1,2,0,1,1,733,1,0,70,63,76,0
25,20,1007,1,2,1,0,0,877,1,26,0,124,74,0
20,25,1008,2,2,0,1,1,1932,1,0,6,208,99,0
25,20,1008,2,2,1,0,1,1117,1,0,25,132,79,0
20,26,1000,0,0,0,1,1,1143,1,0,15,0,0,0
26,20,1000,0,0,1,0,0,1143,1,15,0,0,0,0
20,26,1001,1,0,0,1,1,988,1,0,12,5,0,0
26,20,1001,1,0,1,0,1,886,1,0,7,5,2,0
20,26,1002,2,0,0,1,0,670,1,12,0,1,4,0
26,20,1002,2,0,1,0,1,613,1,0,76,26,72,0
20,26,1003,0,1,0,1,0,635,1,91,0,32,41,0
26,20,1003,0,1,1,0,1,635,1,0,91,41,32,0
20,26,1004,1,1,0,1,0,488,1,76,0,19,30,0
26,20,1004,1,1,1,0,1,517,1,0,39,0,20,0
20,26,1005,2,1,0,1,0,834,1,60,0,3,0,0
26,20,1005,2,1,1,0,1,352,1,0,77,0,0,0
20,26,1006,0,2,0,1,0,760,1,69,0,95,40,0
26,20,1006,0,2,1,0,1,760,1,0,69,40,95,0
20,26,1007,1,2,0,1,0,717,1,69,0,49,21,0
26,20,1007,1,2,1,0,1,446,1,0,92,0,73,0
20,26,1008,2,2,0,1,0,869,1,32,0,37,21,0
26,20,1008,2,2,1,0,1,466,1,0,70,31,114,0
20,27,1000,0,0,0,1,0,1204,1,104,0,31,0,0
27,20,1000,0,0,1,0,1,1204,1,0,104,0,31,0
20,27,1001,1,0,0,1,0,895,1,72,0,128,99,0
27,20,1001,1,0,1,0,1,1226,1,0,24,36,58,0
20,27,1002,2,0,0,1,0,612,1,86,0,24,0,0
27,20,1002,2,0,1,0,1,817,1,0,86,161,121,0
20,27,1003,0,1,0,1,0,679,1,90,0,29,81,0
27,20,1003,0,1,1,0,1,679,1,0,90,81,29,0
20,27,1004,1,1,0,1,0,889,1,66,0,56,18,0
27,20,1004,1,1,1,0,1,881,1,0,60,56,5,0
20,27,1005,2,1,0,1,0,1306,1,104,0,72,33,0
27,20,1005,2,1,1,0,1,979,1,0,59,14,77,0
20,27,1006,0,2,0,1,0,1119,1,107,0,87,47,0
27,20,1006,0,2,1,0,1,1119,1,0,107,47,87,0
20,27,1007,1,2,0,1,0,636,1,104,0,49,19,0
27,20,1007,1,2,1,0,1,1044,1,0,35,7,49,0
20,27,1008,2,2,0,1,0,868,1,107,0,50,18,0
27,20,1008,2,2,1,0,1,659,1,0,89,96,131,0
20,28,1000,0,0,0,1,1,817,1,0,2,114,117,0
28,20,1000,0,0,1,0,0,817,1,2,0,117,114,0
20,28,1001,1,0,0,1,0,803,1,29,0,14,0,0
28,20,1001,1,0,1,0,0,844,1,66,0,42,36,0
20,28,1002,2,0,0,1,0,817,1,68,0,73,56,0
28,20,1002,2,0,1,0,1,569,1,0,27,44,50,0
20,28,1003,0,1,0,1,0,853,1,68,0,66,66,0
28,20,1003,0,1,1,0,1,853,1,0,68,66,66,0
20,28,1004,1,1,0,1,0,690,1,77,0,38,0,0
28,20,1004,1,1,1,0,1,598,1,0,82,79,105,0
20,28,1005,2,1,0,1,0,947,1,53,0,19,34,0
28,20,1005,2,1,1,0,1,791,1,0,53,84,92,0
20,28,1006,0,2,0,1,0,752,1,75,0,66,37,0
28,20,1006,0,2,1,0,1,752,1,0,75,37,66,0
20,28,1007,1,2,0,1,0,557,1,73,0,49,4,0
28,20,1007,1,2,1,0,1,835,1,0,75,159,200,0
20,28,1008,2,2,0,1,0,1012,1,63,0,41,18,0
28,20,1008,2,2,1,0,1,471,1,0,84,31,108,0
20,29,1000,0,0,0,1,1,1450,1,0,14,81,81,0
29,20,1000,0,0,1,0,0,1450,1,14,0,81,81,0
20,29,1001,1,0,0,1,0,1828,1,43,0,121,106,0
29,20,1001,1,0,1,0,1,1378,1,0,34,88,34,0
20,29,1002,2,0,0,1,1,1554,1,0,10,46,56,0
29,20,1002,2,0,1,0,0,817,1,32,0,13,22,0
20,29,1003,0,1,0,1,1,1835,1,0,17,0,26,0
29,20,1003,0,1,1,0,0,1835,1,17,0,26,0,0
20,29,1004,1,1,0,1,0,1284,1,67,0,7,50,0
29,20,1004,1,1,1,0,1,946,1,0,78,52,100,0
20,29,1005,2,1,0,1,1,1171,1,0,23,26,57,0
29,20,1005,2,1,1,0,0,1405,1,27,0,39,8,0
20,29,1006,0,2,0,1,1,1288,1,0,34,29,22,0
29,20,1006,0,2,1,0,0,1288,1,34,0,22,29,0
20,29,1007,1,2,0,1,1,769,1,0,79,3,15,0
29,20,1007,1,2,1,0,1,965,1,0,26,44,98,0
20,29,1008,2,2,0,1,1,1327,1,0,22,48,46,0
29,20,1008,2,2,1,0,0,913,1,41,0,28,60,0
20,30,1000,0,0,0,1,0,542,1,80,0,0,14,0
30,20,1000,0,0,1,0,1,542,1,0,80,14,0,0
20,30,1001,1,0,0,1,0,677,1,64,0,28,13,0
30,20,1001,1,0,1,0,1,876,1,0,15,38,41,0
20,30,1002,2,0,0,1,0,1095,1,53,0,38,56,0
30,20,1002,2,0,1,0,1,594,1,0,31,39,81,0
20,30,1003,0,1,0,1,0,994,1,32,0,112,25,0
30,20,1003,0,1,1,0,1,994,1,0,32,25,112,0
20,30,1004,1,1,0,1,0,539,1,102,0,94,27,0
30,20,1004,1,1,1,0,1,593,1,0,48,67,84,0
20,30,1005,2,1,0,1,0,721,1,48,0,39,75,0
30,20,1005,2,1,1,0,0,973,1,25,0,17,64,0
20,30,1006,0,2,0,1,0,718,1,80,0,0,11,0
30,20,1006,0,2,1,0,1,718,1,0,80,11,0,0
20,30,1007,1,2,0,1,0,825,1,42,0,88,39,0
30,20,1007,1,2,1,0,1,892,1,0,96,100,70,0
20,30,1008,2,2,0,1,0,1165,1,15,0,102,63,0
30,20,1008,2,2,1,0,1,952,1,0,85,108,189,0
20,31,1000,0,0,0,1,0,868,1,76,0,33,0,0
31,20,1000,0,0,1,0,1,868,1,0,76,0,33,0
20,31,1001,1,0,0,1,1,1951,1,0,40,289,144,0
31,20,1001,1,0,1,0,1,1554,1,0,8,34,5,0
20,31,1002,2,0,0,1,1,1472,1,0,50,141,163,0
31,20,1002,2,0,1,0,0,1759,1,33,0,287,211,0
20,31,1003,0,1,0,1,0,621,1,83,0,52,101,0
31,20,1003,0,1,1,0,1,621,1,0,83,101,52,0
20,31,1004,1,1,0,1,0,1311,1,59,0,103,88,0
31,20,1004,1,1,1,0,0,1645,1,56,0,16,57,0
20,31,1005,2,1,0,1,0,1472,1,71,0,7,20,0
31,20,1005,2,1,1,0,0,2311,1,10,0,100,400,0
20,31,1006,0,2,0,1,0,1136,1,65,0,0,27,0
31,20,1006,0,2,1,0,1,1136,1,0,65,27,0,0
20,31,1007,1,2,0,1,0,1403,1,30,0,145,90,0
31,20,1007,1,2,1,0,0,1583,1,33,0,51,8,0
20,31,1008,2,2,0,1,1,1385,1,0,59,1,0,0
31,20,1008,2,2,1,0,1,787,1,0,104,26,45,0
20,32,1000,0,0,0,1,0,733,1,107,0,31,3,0
32,20,1000,0,0,1,0,1,733,1,0,107,3,31,0
20,32,1001,1,0,0,1,0,766,1,79,0,27,5,0
32,20,1001,1,0,1,0,1,946,1,0,75,13,123,0
20,32,1002,2,0,0,1,0,1585,1,88,0,99,76,0
32,20,1002,2,0,1,0,1,1429,1,0,92,73,125,0
20,32,1003,0,1,0,1,0,940,1,27,0,187,109,0
32,20,1003,0,1,1,0,1,940,1,0,27,109,187,0
20,32,1004,1,1,0,1,0,1583,1,12,0,116,69,0
32,20,1004,1,1,1,0,1,1298,1,0,46,64,105,0
20,32,1005,2,1,0,1,0,813,1,67,0,83,28,0
32,20,1005,2,1,1,0,1,1807,1,0,66,99,68,0
20,32,1006,0,2,0,1,0,1631,1,40,0,172,149,0
32,20,1006,0,2,1,0,1,1631,1,0,40,149,172,0
20,32,1007,1,2,0,1,0,1280,1,107,0,132,75,0
32,20,1007,1,2,1,0,1,1571,1,0,68,79,126,0
20,32,1008,2,2,0,1,0,1089,1,84,0,170,124,0
32,20,1008,2,2,1,0,1,1154,1,0,105,65,145,0
20,33,1000,0,0,0,1,0,814,1,95,0,74,68,0
33,20,1000,0,0,1,0,1,814,1,0,95,68,74,0
20,33,1001,1,0,0,1,0,643,1,48,0,71,58,0
33,20,1001,1,0,1,0,1,906,1,0,49,1,48,0
20,33,1002,2,0,0,1,0,603,1,73,0,113,54,0
33,20,1002,2,0,1,0,1,672,1,0,46,32,76,0
20,33,1003,0,1,0,1,0,552,1,95,0,105,19,0
33,20,1003,0,1,1,0,1,552,1,0,95,19,105,0
20,33,1004,1,1,0,1,0,613,1,61,0,65,77,0
33,20,1004,1,1,1,0,1,1102,1,0,70,0,7,0
20,33,1005,2,1,0,1,0,579,1,83,0,77,29,0
33,20,1005,2,1,1,0,1,661,1,0,83,38,62,0
20,33,1006,0,2,0,1,0,548,1,95,0,85,36,0
33,20,1006,0,2,1,0,1,548,1,0,95,36,85,0
20,33,1007,1,2,0,1,0,816,1,73,0,0,10,0
33,20,1007,1,2,1,0,1,607,1,0,57,15,44,0
20,33,1008,2,2,0,1,0,750,1,21,0,7,7,0
33,20,1008,2,2,1,0,1,737,1,0,49,33,65,0
20,34,1000,0,0,0,1,0,1085,1,61,0,147,49,0
34,20,1000,0,0,1,0,1,1085,1,0,61,49,147,0
20,34,1001,1,0,0,1,0,664,1,80,0,10,0,0
34,20,1001,1,0,1,0,1,818,1,0,65,69,3,0
20,34,1002,2,0,0,1,1,666,1,0,40,5,61,0
34,20,1002,2,0,1,0,1,601,1,0,97,41,0,0
20,34,1003,0,1,0,1,0,850,1,12,0,0,0,0
34,20,1003,0,1,1,0,1,850,1,0,12,0,0,0
20,34,1004,1,1,0,1,0,721,1,86,0,0,1,0
34,20,1004,1,1,1,0,1,766,1,0,15,3,0,0
20,34,1005,2,1,0,1,0,786,1,63,0,18,7,0
34,20,1005,2,1,1,0,0,814,1,37,0,56,11,0
20,34,1006,0,2,0,1,0,784,1,58,0,0,10,0
34,20,1006,0,2,1,0,1,784,1,0,58,10,0,0
20,34,1007,1,2,0,1,1,638,1,0,10,0,2,0
34,20,1007,1,2,1,0,1,802,1,0,68,34,13,0
20,34,1008,2,2,0,1,1,600,1,0,53,0,6,0
34,20,1008,2,2,1,0,1,1069,1,0,64,54,46,0
20,35,1000,0,0,0,1,0,930,1,93,0,220,177,0
35,20,1000,0,0,1,0,1,930,1,0,93,177,220,0
20,35,1001,1,0,0,1,0,1341,1,79,0,50,99,0
35,20,1001,1,0,1,0,1,936,1,0,53,0,10,0
20,35,1002,2,0,0,1,0,1447,1,23,0,83,37,0
35,20,1002,2,0,1,0,1,1264,1,0,45,117,65,0
20,35,1003,0,1,0,1,0,1536,1,23,0,13,28,0
35,20,1003,0,1,1,0,1,1536,1,0,23,28,13,0
20,35,1004,1,1,0,1,0,1465,1,65,0,168,116,0
35,20,1004,1,1,1,0,1,1180,1,0,93,26,74,0
20,35,1005,2,1,0,1,1,2265,1,0,49,467,59,0
35,20,1005,2,1,1,0,0,1929,1,15,0,58,218,0
20,35,1006,0,2,0,1,0,1709,1,61,0,33,38,0
35,20,1006,0,2,1,0,1,1709,1,0,61,38,33,0
20,35,1007,1,2,0,1,0,660,1,93,0,71,30,0
35,20,1007,1,2,1,0,-1,1897,1,0,0,92,177,0
20,35,1008,2,2,0,1,0,1471,1,79,0,145,100,0
35,20,1008,2,2,1,0,1,1289,1,0,65,63,134,0
20,36,1000,0,0,0,1,0,992,1,83,0,128,94,0
36,20,1000,0,0,1,0,1,992,1,0,83,94,128,0
20,36,1001,1,0,0,1,0,1197,1,52,0,39,12,0
36,20,1001,1,0,1,0,1,1175,1,0,44,37,51,0
20,36,1002,2,0,0,1,0,1005,1,17,0,71,36,0
36,20,1002,2,0,1,0,1,575,1,0,63,187,60,0
20,36,1003,0,1,0,1,0,587,1,58,0,34,54,0
36,20,1003,0,1,1,0,1,587,1,0,58,54,34,0
20,36,1004,1,1,0,1,0,731,1,54,0,74,67,0
36,20,1004,1,1,1,0,1,766,1,0,47,18,22,0
20,36,1005,2,1,0,1,0,843,1,49,0,42,35,0
36,20,1005,2,1,1,0,1,847,1,0,8,108,114,0
20,36,1006,0,2,0,1,0,852,1,84,0,24,18,0
36,20,1006,0,2,1,0,1,852,1,0,84,18,24,0
20,36,1007,1,2,0,1,1,1076,1,0,27,77,23,0
36,20,1007,1,2,1,0,1,1246,1,0,7,36,60,0
20,36,1008,2,2,0,1,0,982,1,18,0,82,32,0
36,20,1008,2,2,1,0,1,790,1,0,70,116,96,0
20,37,1000,0,0,0,1,0,1081,1,63,0,73,36,0
37,20,1000,0,0,1,0,1,1081,1,0,63,36,73,0
20,37,1001,1,0,0,1,0,623,1,93,0,36,0,0
37,20,1001,1,0,1,0,1,790,1,0,77,19,78,0
20,37,1002,2,0,0,1,0,754,1,89,0,72,103,0
37,20,1002,2,0,1,0,1,1117,1,0,49,84,107,0
20,37,1003,0,1,0,1,0,805,1,61,0,2,48,0
37,20,1003,0,1,1,0,1,805,1,0,61,48,2,0
20,37,1004,1,1,0,1,0,755,1,87,0,67,39,0
37,20,1004,1,1,1,0,1,516,1,0,77,36,56,0
20,37,1005,2,1,0,1,0,638,1,89,0,115,65,0
37,20,1005,2,1,1,0,1,940,1,0,43,51,95,0
20,37,1006,0,2,0,1,0,727,1,58,0,75,157,0
37,20,1006,0,2,1,0,1,727,1,0,58,157,75,0
20,37,1007,1,2,0,1,0,651,1,79,0,40,0,0
37,20,1007,1,2,1,0,1,654,1,0,61,39,27,0
20,37,1008,2,2,0,1,0,626,1,77,0,6,16,0
37,20,1008,2,2,1,0,1,761,1,0,75,111,138,0
20,38,1000,0,0,0,1,0,421,1,4,0,23,0,0
38,20,1000,0,0,1,0,1,421,1,0,4,0,23,0
20,38,1001,1,0,0,1,1,401,1,0,55,26,0,0
38,20,1001,1,0,1,0,0,754,1,35,0,0,23,0
20,38,1002,2,0,0,1,1,770,1,0,27,26,0,0
38,20,1002,2,0,1,0,0,688,1,40,0,0,23,0
20,38,1003,0,1,0,1,0,562,1,26,0,23,0,0
38,20,1003,0,1,1,0,1,562,1,0,26,0,23,0
20,38,1004,1,1,0,1,1,695,1,0,6,24,0,0
38,20,1004,1,1,1,0,0,469,1,61,0,0,16,0
20,38,1005,2,1,0,1,1,731,1,0,28,23,0,0
38,20,1005,2,1,1,0,0,400,1,77,0,10,20,0
20,38,1006,0,2,0,1,0,366,1,64,0,23,0,0
38,20,1006,0,2,1,0,1,366,1,0,64,0,23,0
20,38,1007,1,2,0,1,1,400,1,0,55,25,0,0
38,20,1007,1,2,1,0,0,988,1,13,0,0,23,0
20,38,1008,2,2,0,1,1,608,1,0,36,25,0,0
38,20,1008,2,2,1,0,0,673,1,75,0,0,23,0
20,39,1000,0,0,0,1,1,901,1,0,69,1,47,0
39,20,1000,0,0,1,0,0,901,1,69,0,47,1,0
20,39,1001,1,0,0,1,0,1509,1,18,0,10,29,0
39,20,1001,1,0,1,0,0,1111,1,64,0,11,55,0
20,39,1002,2,0,0,1,0,1106,1,21,0,0,11,0
39,20,1002,2,0,1,0,0,1060,1,55,0,11,0,0
20,39,1003,0,1,0,1,1,2006,1,0,9,73,28,0
39,20,1003,0,1,1,0,0,2006,1,9,0,28,73,0
20,39,1004,1,1,0,1,1,1015,1,0,83,40,95,0
39,20,1004,1,1,1,0,0,1419,1,39,0,112,68,0
20,39,1005,2,1,0,1,1,889,1,0,48,7,59,0
39,20,1005,2,1,1,0,0,729,1,60,0,12,0,0
20,39,1006,0,2,0,1,0,1521,1,50,0,93,130,0
39,20,1006,0,2,1,0,1,1521,1,0,50,130,93,0
20,39,1007,1,2,0,1,1,1240,1,0,16,52,84,0
39,20,1007,1,2,1,0,0,1372,1,44,0,87,91,0
20,39,1008,2,2,0,1,1,859,1,0,74,12,28,0
39,20,1008,2,2,1,0,0,800,1,62,0,75,20,0
21,22,1000,0,0,0,1,0,1027,1,100,0,1,6,0
22,21,1000,0,0,1,0,1,1027,1,0,100,6,1,0
21,22,1001,1,0,0,1,0,899,1,100,0,2,15,0
22,21,1001,1,0,1,0,1,1024,1,0,87,15,2,0
21,22,1002,2,0,0,1,0,751,1,74,0,0,29,0
22,21,1002,2,0,1,0,1,751,1,0,74,29,0,0
21,22,1003,0,1,0,1,0,678,1,76,0,0,0,0
22,21,1003,0,1,1,0,1,678,1,0,76,0,0,0
21,22,1004,1,1,0,1,0,622,1,76,0,0,19,0
22,21,1004,1,1,1,0,1,588,1,0,52,19,0,0
21,22,1005,2,1,0,1,0,780,1,100,0,0,16,0
22,21,1005,2,1,1,0,1,879,1,0,76,16,0,0
21,22,1006,0,2,0,1,0,777,1,100,0,0,13,0
22,21,1006,0,2,1,0,1,777,1,0,100,13,0,0
21,22,1007,1,2,0,1,0,815,1,124,0,0,0,0
22,21,1007,1,2,1,0,1,945,1,0,100,0,0,0
21,22,1008,2,2,0,1,0,646,1,124,0,0,0,0
22,21,1008,2,2,1,0,1,648,1,0,100,0,0,0
21,23,1000,0,0,0,1,1,549,1,0,46,0,0,0
23,21,1000,0,0,1,0,0,549,1,46,0,0,0,0
21,23,1001,1,0,0,1,1,426,1,0,27,0,0,0
23,21,1001,1,0,1,0,1,537,1,0,1,0,0,0
21,23,1002,2,0,0,1,1,553,1,0,9,0,0,0
23,21,1002,2,0,1,0,0,553,1,9,0,0,0,0
21,23,1003,0,1,0,1,1,331,1,0,75,0,0,0
23,21,1003,0,1,1,0,0,331,1,75,0,0,0,0
21,23,1004,1,1,0,1,0,615,1,15,0,0,0,0
23,21,1004,1,1,1,0,1,615,1,0,1,0,0,0
21,23,1005,2,1,0,1,1,526,1,0,24,0,0,0
23,21,1005,2,1,1,0,0,526,1,22,0,0,0,0
21,23,1006,0,2,0,1,1,642,1,0,22,0,0,0
23,21,1006,0,2,1,0,0,642,1,22,0,0,0,0
21,23,1007,1,2,0,1,0,639,1,29,0,0,0,0
23,21,1007,1,2,1,0,1,639,1,0,15,0,0,0
21,23,1008,2,2,0,1,0,544,1,58,0,0,0,0
23,21,1008,2,2,1,0,1,529,1,0,44,0,0,0
21,24,1000,0,0,0,1,1,697,1,0,33,0,0,0
24,21,1000,0,0,1,0,0,697,1,33,0,0,0,0
21,24,1001,1,0,0,1,1,552,1,0,5,0,26,0
24,21,1001,1,0,1,0,0,552,1,26,0,26,0,0
21,24,1002,2,0,0,1,0,821,1,26,0,0,7,0
24,21,1002,2,0,1,0,0,800,1,28,0,7,0,0
21,24,1003,0,1,0,1,0,525,1,106,0,1,0,0
24,21,1003,0,1,1,0,1,525,1,0,106,0,1,0
21,24,1004,1,1,0,1,1,664,1,0,27,0,0,0
24,21,1004,1,1,1,0,0,664,1,12,0,0,0,0
21,24,1005,2,1,0,1,1,1143,1,0,5,5,60,0
24,21,1005,2,1,1,0,0,703,1,7,0,8,0,0
21,24,1006,0,2,0,1,0,723,1,38,0,0,0,0
24,21,1006,0,2,1,0,1,723,1,0,38,0,0,0
21,24,1007,1,2,0,1,1,753,1,0,5,0,0,0
24,21,1007,1,2,1,0,0,690,1,34,0,0,0,0
21,24,1008,2,2,0,1,0,762,1,54,0,0,0,0
24,21,1008,2,2,1,0,1,879,1,0,44,0,0,0
21,25,1000,0,0,0,1,0,717,1,66,0,0,2,0
25,21,1000,0,0,1,0,1,717,1,0,66,2,0,0
21,25,1001,1,0,0,1,0,634,1,37,0,3,2,0
25,21,1001,1,0,1,0,1,600,1,0,52,2,3,0
21,25,1002,2,0,0,1,1,653,1,0,41,33,5,0
25,21,1002,2,0,1,0,1,579,1,0,30,0,0,0
21,25,1003,0,1,0,1,0,880,1,79,0,0,4,0
25,21,1003,0,1,1,0,1,880,1,0,79,4,0,0
21,25,1004,1,1,0,1,0,819,1,21,0,0,0,0
25,21,1004,1,1,1,0,1,873,1,0,38,0,0,0
21,25,1005,2,1,0,1,0,729,1,43,0,0,0,0
25,21,1005,2,1,1,0,1,636,1,0,13,0,0,0
21,25,1006,0,2,0,1,0,571,1,6,0,0,0,0
25,21,1006,0,2,1,0,1,571,1,0,6,0,0,0
21,25,1007,1,2,0,1,0,819,1,66,0,0,0,0
25,21,1007,1,2,1,0,0,622,1,3,0,0,0,0
21,25,1008,2,2,0,1,0,930,1,8,0,0,4,0
25,21,1008,2,2,1,0,1,921,1,0,15,0,0,0
21,26,1000,0,0,0,1,0,648,1,30,0,5,11,0
26,21,1000,0,0,1,0,1,648,1,0,30,11,5,0
21,26,1001,1,0,0,1,1,667,1,0,67,10,0,0
26,21,1001,1,0,1,0,1,615,1,0,13,0,9,0
21,26,1002,2,0,0,1,1,619,1,0,47,8,0,0
26,21,1002,2,0,1,0,1,675,1,0,63,0,9,0
21,26,1003,0,1,0,1,0,953,1,8,0,31,5,0
26,21,1003,0,1,1,0,1,953,1,0,8,5,31,0
21,26,1004,1,1,0,1,1,589,1,0,34,0,46,0
26,21,1004,1,1,1,0,0,589,1,4,0,46,0,0
21,26,1005,2,1,0,1,0,640,1,4,0,0,8,0
26,21,1005,2,1,1,0,1,446,1,0,33,6,0,0
21,26,1006,0,2,0,1,0,1004,1,22,0,27,23,0
26,21,1006,0,2,1,0,1,1004,1,0,22,23,27,0
21,26,1007,1,2,0,1,0,373,1,30,0,0,0,0
26,21,1007,1,2,1,0,0,845,1,8,0,23,27,0
21,26,1008,2,2,0,1,0,415,1,53,0,0,0,0
26,21,1008,2,2,1,0,1,865,1,0,8,2,11,0
21,27,1000,0,0,0,1,1,1537,1,0,112,15,38,0
27,21,1000,0,0,1,0,0,1537,1,112,0,38,15,0
21,27,1001,1,0,0,1,1,1771,1,0,71,46,204,0
27,21,1001,1,0,1,0,0,1559,1,54,0,16,8,0
21,27,1002,2,0,0,1,1,1087,1,0,64,11,18,0
27,21,1002,2,0,1,0,0,991,1,37,0,31,19,0
21,27,1003,0,1,0,1,0,1313,1,10,0,88,155,0
27,21,1003,0,1,1,0,1,1313,1,0,10,155,88,0
21,27,1004,1,1,0,1,1,1324,1,0,82,63,44,0
27,21,1004,1,1,1,0,0,871,1,84,0,109,52,0
21,27,1005,2,1,0,1,1,1570,1,0,24,69,56,0
27,21,1005,2,1,1,0,0,941,1,69,0,49,63,0
21,27,1006,0,2,0,1,1,1585,1,0,94,47,80,0
27,21,1006,0,2,1,0,0,1585,1,94,0,80,47,0
21,27,1007,1,2,0,1,1,1790,1,0,3,35,62,0
27,21,1007,1,2,1,0,0,1440,1,127,0,65,105,0
21,27,1008,2,2,0,1,1,1513,1,0,82,16,53,0
27,21,1008,2,2,1,0,0,937,1,67,0,19,19,0
21,28,1000,0,0,0,1,1,930,1,0,41,0,23,0
28,21,1000,0,0,1,0,0,930,1,41,0,23,0,0
21,28,1001,1,0,0,1,1,795,1,0,71,3,28,0
28,21,1001,1,0,1,0,0,805,1,71,0,28,3,0
21,28,1002,2,0,0,1,1,600,1,0,71,12,38,0
28,21,1002,2,0,1,0,0,745,1,41,0,51,12,0
21,28,1003,0,1,0,1,1,447,1,0,86,6,44,0
28,21,1003,0,1,1,0,0,447,1,86,0,44,6,0
21,28,1004,1,1,0,1,0,1074,1,7,0,10,87,0
28,21,1004,1,1,1,0,0,897,1,11,0,133,31,0
21,28,1005,2,1,0,1,0,989,1,28,0,5,52,0
28,21,1005,2,1,1,0,1,750,1,0,39,52,5,0
21,28,1006,0,2,0,1,1,810,1,0,86,0,51,0
28,21,1006,0,2,1,0,0,810,1,86,0,51,0,0
21,28,1007,1,2,0,1,0,1003,1,12,0,95,176,0
28,21,1007,1,2,1,0,0,1362,1,11,0,135,90,0
21,28,1008,2,2,0,1,1,501,1,0,86,46,118,0
28,21,1008,2,2,1,0,0,666,1,56,0,75,59,0
21,29,1000,0,0,0,1,1,709,1,0,91,0,0,0
29,21,1000,0,0,1,0,0,709,1,91,0,0,0,0
21,29,1001,1,0,0,1,1,1008,1,0,70,0,0,0
29,21,1001,1,0,1,0,0,849,1,83,0,12,1,0
21,29,1002,2,0,0,1,1,452,1,0,86,52,2,0
29,21,1002,2,0,1,0,1,722,1,0,49,17,0,0
21,29,1003,0,1,0,1,1,915,1,0,9,0,6,0
29,21,1003,0,1,1,0,0,915,1,9,0,6,0,0
21,29,1004,1,1,0,1,0,912,1,51,0,5,4,0
29,21,1004,1,1,1,0,1,1024,1,0,9,4,5,0
21,29,1005,2,1,0,1,1,1261,1,0,28,36,41,0
29,21,1005,2,1,1,0,0,1027,1,71,0,10,1,0
21,29,1006,0,2,0,1,1,726,1,0,91,0,0,0
29,21,1006,0,2,1,0,0,763,1,91,0,0,0,0
21,29,1007,1,2,0,1,0,1355,1,21,0,0,0,0
29,21,1007,1,2,1,0,1,950,1,0,21,0,0,0
21,29,1008,2,2,0,1,0,1438,1,28,0,0,9,0
29,21,1008,2,2,1,0,0,1239,1,55,0,0,0,0
21,30,1000,0,0,0,1,0,1440,1,53,0,37,29,0
30,21,1000,0,0,1,0,1,1440,1,0,53,29,37,0
21,30,1001,1,0,0,1,0,586,1,48,0,8,4,0
30,21,1001,1,0,1,0,1,600,1,0,26,4,8,0
21,30,1002,2,0,0,1,0,1148,1,61,0,11,0,0
30,21,1002,2,0,1,0,0,898,1,13,0,0,0,0
21,30,1003,0,1,0,1,0,889,1,53,0,6,16,0
30,21,1003,0,1,1,0,1,889,1,0,53,16,6,0
21,30,1004,1,1,0,1,0,1516,1,42,0,0,29,0
30,21,1004,1,1,1,0,1,1594,1,0,20,36,0,0
21,30,1005,2,1,0,1,0,1607,1,42,0,80,50,0
30,21,1005,2,1,1,0,1,1192,1,0,80,22,2,0
21,30,1006,0,2,0,1,0,756,1,102,0,5,11,0
30,21,1006,0,2,1,0,1,756,1,0,102,11,5,0
21,30,1007,1,2,0,1,0,1429,1,36,0,35,5,0
30,21,1007,1,2,1,0,1,1620,1,0,25,18,12,0
21,30,1008,2,2,0,1,0,1099,1,16,0,26,15,0
30,21,1008,2,2,1,0,1,1240,1,0,80,41,9,0
21,31,1000,0,0,0,1,1,867,1,0,36,25,7,0
31,21,1000,0,0,1,0,0,867,1,36,0,7,25,0
21,31,1001,1,0,0,1,0,1071,1,13,0,23,3,0
31,21,1001,1,0,1,0,1,574,1,0,58,9,15,0
21,31,1002,2,0,0,1,0,803,1,40,0,55,14,0
31,21,1002,2,0,1,0,1,863,1,0,11,10,8,0
21,31,1003,0,1,0,1,0,667,1,59,0,0,0,0
31,21,1003,0,1,1,0,1,667,1,0,59,0,0,0
21,31,1004,1,1,0,1,0,729,1,50,0,0,16,0
31,21,1004,1,1,1,0,1,729,1,0,65,16,0,0
21,31,1005,2,1,0,1,0,711,1,64,0,0,0,0
31,21,1005,2,1,1,0,1,805,1,0,18,1,0,0
21,31,1006,0,2,0,1,1,792,1,0,20,0,0,0
31,21,1006,0,2,1,0,0,792,1,20,0,0,0,0
21,31,1007,1,2,0,1,0,615,1,6,0,0,15,0
31,21,1007,1,2,1,0,1,826,1,0,14,0,0,0
21,31,1008,2,2,0,1,0,738,1,74,0,0,0,0
31,21,1008,2,2,1,0,0,901,1,17,0,0,0,0
21,32,1000,0,0,0,1,1,1432,1,0,63,45,59,0
32,21,1000,0,0,1,0,0,1432,1,63,0,59,45,0
21,32,1001,1,0,0,1,1,1675,1,0,30,30,85,0
32,21,1001,1,0,1,0,0,1273,1,93,0,67,83,0
21,32,1002,2,0,0,1,1,700,1,0,78,3,0,0
32,21,1002,2,0,1,0,1,1046,1,0,20,0,13,0
21,32,1003,0,1,0,1,0,931,1,23,0,12,0,0
32,21,1003,0,1,1,0,1,931,1,0,23,0,12,0
21,32,1004,1,1,0,1,1,802,1,0,63,4,12,0
32,21,1004,1,1,1,0,1,1223,1,0,20,43,20,0
21,32,1005,2,1,0,1,1,931,1,0,78,3,0,0
32,21,1005,2,1,1,0,0,1117,1,33,0,57,3,0
21,32,1006,0,2,0,1,1,1133,1,0,18,8,21,0
32,21,1006,0,2,1,0,0,1133,1,18,0,21,8,0
21,32,1007,1,2,0,1,1,925,1,0,78,27,4,0
32,21,1007,1,2,1,0,1,890,1,0,16,0,13,0
21,32,1008,2,2,0,1,1,811,1,0,63,16,25,0
32,21,1008,2,2,1,0,0,850,1,78,0,29,10,0
21,33,1000,0,0,0,1,0,552,1,83,0,9,4,0
33,21,1000,0,0,1,0,1,552,1,0,83,4,9,0
21,33,1001,1,0,0,1,0,688,1,100,0,0,17,0
33,21,1001,1,0,1,0,1,469,1,0,112,25,0,0
21,33,1002,2,0,0,1,0,866,1,26,0,6,25,0
33,21,1002,2,0,1,0,1,645,1,0,46,14,0,0
21,33,1003,0,1,0,1,0,478,1,43,0,0,0,0
33,21,1003,0,1,1,0,1,478,1,0,43,0,0,0
21,33,1004,1,1,0,1,0,657,1,84,0,7,0,0
33,21,1004,1,1,1,0,1,487,1,0,95,0,0,0
21,33,1005,2,1,0,1,0,603,1,49,0,0,17,0
33,21,1005,2,1,1,0,1,474,1,0,60,2,0,0
21,33,1006,0,2,0,1,0,506,1,78,0,0,0,0
33,21,1006,0,2,1,0,1,506,1,0,78,0,0,0
21,33,1007,1,2,0,1,0,507,1,80,0,0,0,0
33,21,1007,1,2,1,0,1,596,1,0,26,0,0,0
21,33,1008,2,2,0,1,0,585,1,66,0,0,10,0
33,21,1008,2,2,1,0,1,635,1,0,53,0,0,0
21,34,1000,0,0,0,1,1,547,1,0,43,0,0,0
34,21,1000,0,0,1,0,0,547,1,43,0,0,0,0
21,34,1001,1,0,0,1,1,542,1,0,46,0,0,0
34,21,1001,1,0,1,0,0,547,1,28,0,0,0,0
21,34,1002,2,0,0,1,1,467,1,0,76,0,0,0
34,21,1002,2,0,1,0,-1,534,1,0,0,0,0,0
21,34,1003,0,1,0,1,0,591,1,4,0,0,18,0
34,21,1003,0,1,1,0,1,591,1,0,4,18,0,0
21,34,1004,1,1,0,1,1,540,1,0,50,0,0,0
34,21,1004,1,1,1,0,0,595,1,47,0,0,0,0
21,34,1005,2,1,0,1,0,605,1,58,0,3,0,0
34,21,1005,2,1,1,0,0,652,1,3,0,0,3,0
21,34,1006,0,2,0,1,1,516,1,0,35,0,4,0
34,21,1006,0,2,1,0,0,516,1,35,0,4,0,0
21,34,1007,1,2,0,1,1,516,1,0,35,0,3,0
34,21,1007,1,2,1,0,0,516,1,20,0,3,0,0
21,34,1008,2,2,0,1,0,604,1,9,0,2,0,0
34,21,1008,2,2,1,0,1,604,1,0,10,0,2,0
21,35,1000,0,0,0,1,0,1292,1,60,0,0,5,0
35,21,1000,0,0,1,0,1,1292,1,0,60,5,0,0
21,35,1001,1,0,0,1,1,1680,1,0,41,27,0,0
35,21,1001,1,0,1,0,0,1639,1,8,0,0,0,0
21,35,1002,2,0,0,1,0,1152,1,39,0,42,0,0
35,21,1002,2,0,1,0,0,1475,1,39,0,0,0,0
21,35,1003,0,1,0,1,1,1340,1,0,20,1,0,0
35,21,1003,0,1,1,0,0,1340,1,20,0,0,1,0
21,35,1004,1,1,0,1,0,1339,1,54,0,73,59,0
35,21,1004,1,1,1,0,1,1145,1,0,82,49,73,0
21,35,1005,2,1,0,1,1,1708,1,0,35,46,9,0
35,21,1005,2,1,1,0,0,1521,1,2,0,9,26,0
21,35,1006,0,2,0,1,0,1638,1,39,0,1,0,0
35,21,1006,0,2,1,0,1,1638,1,0,39,0,1,0
21,35,1007,1,2,0,1,0,1608,1,53,0,1,0,0
35,21,1007,1,2,1,0,1,1688,1,0,24,0,1,0
21,35,1008,2,2,0,1,1,1611,1,0,29,0,1,0
35,21,1008,2,2,1,0,1,1544,1,0,40,1,0,0
21,36,1000,0,0,0,1,1,616,1,0,36,15,34,0
36,21,1000,0,0,1,0,0,616,1,36,0,34,15,0
21,36,1001,1,0,0,1,1,541,1,0,31,3,0,0
36,21,1001,1,0,1,0,0,592,1,33,0,0,3,0
21,36,1002,2,0,0,1,1,592,1,0,89,5,11,0
36,21,1002,2,0,1,0,0,593,1,74,0,11,5,0
21,36,1003,0,1,0,1,1,526,1,0,33,32,26,0
36,21,1003,0,1,1,0,0,526,1,33,0,26,32,0
21,36,1004,1,1,0,1,1,421,1,0,48,0,39,0
36,21,1004,1,1,1,0,0,447,1,33,0,25,5,0
21,36,1005,2,1,0,1,1,885,1,0,16,40,61,0
36,21,1005,2,1,1,0,0,1071,1,7,0,15,41,0
21,36,1006,0,2,0,1,1,570,1,0,20,21,27,0
36,21,1006,0,2,1,0,0,570,1,20,0,27,21,0
21,36,1007,1,2,0,1,1,625,1,0,20,21,38,0
36,21,1007,1,2,1,0,0,678,1,35,0,38,21,0
21,36,1008,2,2,0,1,1,573,1,0,59,21,16,0
36,21,1008,2,2,1,0,0,621,1,44,0,16,21,0
21,37,1000,0,0,0,1,0,1007,1,20,0,0,21,0
37,21,1000,0,0,1,0,1,1007,1,0,20,21,0,0
21,37,1001,1,0,0,1,0,582,1,81,0,0,17,0
37,21,1001,1,0,1,0,1,732,1,0,82,21,0,0
21,37,1002,2,0,0,1,0,1068,1,67,0,11,31,0
37,21,1002,2,0,1,0,1,816,1,0,48,38,29,0
21,37,1003,0,1,0,1,0,860,1,80,0,21,27,0
37,21,1003,0,1,1,0,1,860,1,0,80,27,21,0
21,37,1004,1,1,0,1,0,945,1,32,0,0,46,0
37,21,1004,1,1,1,0,1,1220,1,0,19,100,63,0
21,37,1005,2,1,0,1,0,1219,1,37,0,54,28,0
37,21,1005,2,1,1,0,1,831,1,0,81,24,19,0
21,37,1006,0,2,0,1,0,703,1,110,0,0,56,0
37,21,1006,0,2,1,0,1,703,1,0,110,56,0,0
21,37,1007,1,2,0,1,0,1041,1,66,0,0,0,0
37,21,1007,1,2,1,0,1,824,1,0,23,19,5,0
21,37,1008,2,2,0,1,0,804,1,76,0,0,0,0
37,21,1008,2,2,1,0,1,793,1,0,95,0,0,0
21,38,1000,0,0,0,1,0,303,1,59,0,0,0,0
38,21,1000,0,0,1,0,1,303,1,0,59,0,0,0
21,38,1001,1,0,0,1,1,606,1,0,49,3,0,0
38,21,1001,1,0,1,0,0,891,1,45,0,0,5,0
21,38,1002,2,0,0,1,0,790,1,124,0,8,15,0
38,21,1002,2,0,1,0,0,298,1,45,0,0,3,0
21,38,1003,0,1,0,1,0,600,1,21,0,0,0,0
38,21,1003,0,1,1,0,1,600,1,0,21,0,0,0
21,38,1004,1,1,0,1,0,1177,1,14,0,3,3,0
38,21,1004,1,1,1,0,0,609,1,45,0,1,1,0
21,38,1005,2,1,0,1,1,684,1,0,77,0,11,0
38,21,1005,2,1,1,0,0,1506,1,45,0,26,30,0
21,38,1006,0,2,0,1,0,345,1,59,0,0,0,0
38,21,1006,0,2,1,0,1,345,1,0,59,0,0,0
21,38,1007,1,2,0,1,1,678,1,0,105,0,0,0
38,21,1007,1,2,1,0,0,1107,1,45,0,22,6,0
21,38,1008,2,2,0,1,0,1476,1,10,0,11,16,0
38,21,1008,2,2,1,0,0,1120,1,30,0,0,6,0
21,39,1000,0,0,0,1,0,966,1,57,0,13,22,0
39,21,1000,0,0,1,0,1,966,1,0,57,22,13,0
21,39,1001,1,0,0,1,0,577,1,124,0,13,0,0
39,21,1001,1,0,1,0,1,714,1,0,100,0,13,0
21,39,1002,2,0,0,1,1,804,1,0,41,29,0,0
39,21,1002,2,0,1,0,0,804,1,37,0,0,29,0
21,39,1003,0,1,0,1,1,970,1,0,16,0,0,0
39,21,1003,0,1,1,0,0,970,1,16,0,0,0,0
21,39,1004,1,1,0,1,1,955,1,0,41,0,28,0
39,21,1004,1,1,1,0,0,955,1,41,0,28,0,0
21,39,1005,2,1,0,1,0,1097,1,30,0,1,0,0
39,21,1005,2,1,1,0,1,965,1,0,30,0,1,0
21,39,1006,0,2,0,1,0,950,1,14,0,0,0,0
39,21,1006,0,2,1,0,1,950,1,0,14,0,0,0
21,39,1007,1,2,0,1,0,654,1,94,0,0,0,0
39,21,1007,1,2,1,0,1,1039,1,0,65,0,0,0
21,39,1008,2,2,0,1,0,897,1,57,0,6,0,0
39,21,1008,2,2,1,0,1,1047,1,0,43,0,0,0
22,23,1000,0,0,0,1,0,885,1,13,0,0,0,0
23,22,1000,0,0,1,0,1,885,1,0,13,0,0,0
22,23,1001,1,0,0,1,1,807,1,0,24,13,0,0
23,22,1001,1,0,1,0,1,744,1,0,43,0,13,0
22,23,1002,2,0,0,1,1,771,1,0,37,0,0,0
23,22,1002,2,0,1,0,0,771,1,37,0,0,0,0
22,23,1003,0,1,0,1,0,1002,1,12,0,16,3,0
23,22,1003,0,1,1,0,1,1002,1,0,12,3,16,0
22,23,1004,1,1,0,1,0,797,1,43,0,16,0,0
23,22,1004,1,1,1,0,1,797,1,0,43,0,16,0
22,23,1005,2,1,0,1,0,550,1,71,0,2,0,0
23,22,1005,2,1,1,0,0,909,1,12,0,0,2,0
22,23,1006,0,2,0,1,1,817,1,0,23,0,0,0
23,22,1006,0,2,1,0,0,817,1,23,0,0,0,0
22,23,1007,1,2,0,1,1,756,1,0,74,0,0,0
23,22,1007,1,2,1,0,0,756,1,74,0,0,0,0
22,23,1008,2,2,0,1,1,891,1,0,25,0,0,0
23,22,1008,2,2,1,0,0,891,1,25,0,0,0,0
22,24,1000,0,0,0,1,0,803,1,76,0,39,28,0
24,22,1000,0,0,1,0,1,803,1,0,76,28,39,0
22,24,1001,1,0,0,1,0,448,1,97,0,0,15,0
24,22,1001,1,0,1,0,1,448,1,0,97,15,0,0
22,24,1002,2,0,0,1,0,580,1,76,0,3,5,0
24,22,1002,2,0,1,0,1,580,1,0,76,5,3,0
22,24,1003,0,1,0,1,0,690,1,53,0,0,12,0
24,22,1003,0,1,1,0,1,690,1,0,53,12,0,0
22,24,1004,1,1,0,1,0,559,1,109,0,0,0,0
24,22,1004,1,1,1,0,1,559,1,0,109,0,0,0
22,24,1005,2,1,0,1,0,403,1,99,0,0,15,0
24,22,1005,2,1,1,0,1,535,1,0,93,15,0,0
22,24,1006,0,2,0,1,0,316,1,117,0,0,15,0
24,22,1006,0,2,1,0,1,316,1,0,117,15,0,0
22,24,1007,1,2,0,1,0,540,1,106,0,5,18,0
24,22,1007,1,2,1,0,1,540,1,0,106,18,5,0
22,24,1008,2,2,0,1,0,577,1,53,0,8,20,0
24,22,1008,2,2,1,0,1,577,1,0,53,20,8,0
22,25,1000,0,0,0,1,1,1111,1,0,68,0,29,0
25,22,1000,0,0,1,0,0,1111,1,68,0,29,0,0
22,25,1001,1,0,0,1,1,963,1,0,51,0,20,0
25,22,1001,1,0,1,0,0,1429,1,29,0,17,21,0
22,25,1002,2,0,0,1,1,1075,1,0,77,0,18,0
25,22,1002,2,0,1,0,0,1075,1,77,0,18,0,0
22,25,1003,0,1,0,1,1,1084,1,0,64,0,5,0
25,22,1003,0,1,1,0,0,1084,1,64,0,5,0,0
22,25,1004,1,1,0,1,0,917,1,48,0,0,23,0
25,22,1004,1,1,1,0,0,1573,1,27,0,23,74,0
22,25,1005,2,1,0,1,1,1578,1,0,55,15,16,0
25,22,1005,2,1,1,0,0,1270,1,101,0,16,15,0
22,25,1006,0,2,0,1,1,1282,1,0,90,0,6,0
25,22,1006,0,2,1,0,0,1282,1,90,0,6,0,0
22,25,1007,1,2,0,1,1,1120,1,0,90,0,15,0
25,22,1007,1,2,1,0,0,1120,1,90,0,15,0,0
22,25,1008,2,2,0,1,1,1438,1,0,51,0,7,0
25,22,1008,2,2,1,0,0,1438,1,51,0,7,0,0
22,26,1000,0,0,0,1,0,1436,1,16,0,70,22,0
26,22,1000,0,0,1,0,1,1436,1,0,16,22,70,0
22,26,1001,1,0,0,1,1,1285,1,0,8,28,6,0
26,22,1001,1,0,1,0,1,906,1,0,51,0,1,0
22,26,1002,2,0,0,1,1,1575,1,0,32,0,13,0
26,22,1002,2,0,1,0,0,1285,1,45,0,0,0,0
22,26,1003,0,1,0,1,0,1051,1,49,0,0,0,0
26,22,1003,0,1,1,0,1,1051,1,0,49,0,0,0
22,26,1004,1,1,0,1,0,1033,1,72,0,14,15,0
26,22,1004,1,1,1,0,1,1351,1,0,34,13,35,0
22,26,1005,2,1,0,1,0,1048,1,27,0,31,0,0
26,22,1005,2,1,1,0,0,1149,1,21,0,0,31,0
22,26,1006,0,2,0,1,0,1316,1,50,0,43,0,0
26,22,1006,0,2,1,0,1,1316,1,0,50,0,43,0
22,26,1007,1,2,0,1,0,1590,1,53,0,63,5,0
26,22,1007,1,2,1,0,1,1062,1,0,104,0,43,0
22,26,1008,2,2,0,1,1,1016,1,0,34,49,0,0
26,22,1008,2,2,1,0,0,1449,1,58,0,0,49,0
22,27,1000,0,0,0,1,1,1539,1,0,55,61,37,0
27,22,1000,0,0,1,0,0,1539,1,55,0,37,61,0
22,27,1001,1,0,0,1,1,1121,1,0,66,31,17,0
27,22,1001,1,0,1,0,1,1429,1,0,3,0,0,0
22,27,1002,2,0,0,1,1,1101,1,0,29,0,0,0
27,22,1002,2,0,1,0,1,1644,1,0,22,15,15,0
22,27,1003,0,1,0,1,1,2014,1,0,29,12,6,0
27,22,1003,0,1,1,0,0,2014,1,29,0,6,12,0
22,27,1004,1,1,0,1,0,732,1,103,0,53,3,0
27,22,1004,1,1,1,0,0,1262,1,103,0,8,55,0
22,27,1005,2,1,0,1,1,1605,1,0,40,89,41,0
27,22,1005,2,1,1,0,0,1532,1,18,0,0,47,0
22,27,1006,0,2,0,1,1,1523,1,0,7,28,20,0
27,22,1006,0,2,1,0,0,1523,1,7,0,20,28,0
22,27,1007,1,2,0,1,1,1117,1,0,42,13,4,0
27,22,1007,1,2,1,0,0,1673,1,53,0,36,29,0
22,27,1008,2,2,0,1,1,1244,1,0,79,59,77,0
27,22,1008,2,2,1,0,0,1594,1,90,0,96,72,0
22,28,1000,0,0,0,1,1,1020,1,0,20,0,0,0
28,22,1000,0,0,1,0,0,1020,1,20,0,0,0,0
22,28,1001,1,0,0,1,0,736,1,24,0,0,0,0
28,22,1001,1,0,1,0,0,1470,1,53,0,58,21,0
22,28,1002,2,0,0,1,1,523,1,0,31,1,6,0
28,22,1002,2,0,1,0,0,990,1,53,0,39,0,0
22,28,1003,0,1,0,1,1,976,1,0,79,33,0,0
28,22,1003,0,1,1,0,0,976,1,79,0,0,33,0
22,28,1004,1,1,0,1,1,819,1,0,66,15,23,0
28,22,1004,1,1,1,0,0,972,1,79,0,130,170,0
22,28,1005,2,1,0,1,1,1146,1,0,5,73,24,0
28,22,1005,2,1,1,0,0,1071,1,42,0,8,0,0
22,28,1006,0,2,0,1,1,969,1,0,55,0,27,0
28,22,1006,0,2,1,0,0,969,1,55,0,27,0,0
22,28,1007,1,2,0,1,1,795,1,0,7,75,0,0
28,22,1007,1,2,1,0,0,1020,1,66,0,25,0,0
22,28,1008,2,2,0,1,0,503,1,80,0,0,0,0
28,22,1008,2,2,1,0,0,774,1,79,0,31,0,0
22,29,1000,0,0,0,1,0,1887,1,42,0,50,30,0
29,22,1000,0,0,1,0,1,1887,1,0,29,30,50,0
22,29,1001,1,0,0,1,0,1564,1,73,0,2,0,0
29,22,1001,1,0,1,0,0,1825,1,1,0,0,2,0
22,29,1002,2,0,0,1,0,972,1,56,0,0,2,0
29,22,1002,2,0,1,0,0,1251,1,6,0,2,0,0
22,29,1003,0,1,0,1,1,2014,1,0,3,23,0,0
29,22,1003,0,1,1,0,0,2014,1,3,0,0,23,0
22,29,1004,1,1,0,1,1,1564,1,0,51,70,21,0
29,22,1004,1,1,1,0,0,1564,1,51,0,21,70,0
22,29,1005,2,1,0,1,0,1179,1,59,0,20,36,0
29,22,1005,2,1,1,0,1,2166,1,0,2,125,8,0
22,29,1006,0,2,0,1,0,1646,1,63,0,30,17,0
29,22,1006,0,2,1,0,1,1646,1,0,37,17,30,0
22,29,1007,1,2,0,1,1,1990,1,0,25,0,0,0
29,22,1007,1,2,1,0,0,1990,1,25,0,0,0,0
22,29,1008,2,2,0,1,0,1553,1,21,0,34,27,0
29,22,1008,2,2,1,0,1,1288,1,0,45,27,34,0
22,30,1000,0,0,0,1,1,1591,1,0,42,12,17,0
30,22,1000,0,0,1,0,0,1591,1,42,0,17,12,0
22,30,1001,1,0,0,1,0,1767,1,2,0,4,5,0
30,22,1001,1,0,1,0,1,1767,1,0,13,5,4,0
22,30,1002,2,0,0,1,1,1144,1,0,25,28,7,0
30,22,1002,2,0,1,0,0,1086,1,51,0,15,15,0
22,30,1003,0,1,0,1,1,1728,1,0,27,78,28,0
30,22,1003,0,1,1,0,0,1728,1,27,0,28,78,0
22,30,1004,1,1,0,1,0,1247,1,33,0,32,3,0
30,22,1004,1,1,1,0,0,1585,1,12,0,8,42,0
22,30,1005,2,1,0,1,1,1441,1,0,27,37,0,0
30,22,1005,2,1,1,0,1,1253,1,0,23,32,90,0
22,30,1006,0,2,0,1,0,1324,1,29,0,82,38,0
30,22,1006,0,2,1,0,1,1324,1,0,29,38,82,0
22,30,1007,1,2,0,1,1,1472,1,0,64,46,18,0
30,22,1007,1,2,1,0,0,1723,1,10,0,24,44,0
22,30,1008,2,2,0,1,0,1328,1,57,0,31,22,0
30,22,1008,2,2,1,0,0,1765,1,10,0,51,17,0
22,31,1000,0,0,0,1,0,1384,1,43,0,0,0,0
31,22,1000,0,0,1,0,1,1384,1,0,43,0,0,0
22,31,1001,1,0,0,1,0,1129,1,83,0,47,0,0
31,22,1001,1,0,1,0,0,1550,1,104,0,0,0,0
22,31,1002,2,0,0,1,0,1352,1,3,0,49,0,0
31,22,1002,2,0,1,0,1,1534,1,0,25,0,0,0
22,31,1003,0,1,0,1,1,1573,1,0,63,9,3,0
31,22,1003,0,1,1,0,0,1573,1,63,0,3,9,0
22,31,1004,1,1,0,1,0,1783,1,9,0,13,0,0
31,22,1004,1,1,1,0,0,1571,1,51,0,0,43,0
22,31,1005,2,1,0,1,0,1505,1,24,0,12,4,0
31,22,1005,2,1,1,0,1,1131,1,0,64,25,13,0
22,31,1006,0,2,0,1,0,2161,1,9,0,0,0,0
31,22,1006,0,2,1,0,1,2161,1,0,9,0,0,0
22,31,1007,1,2,0,1,1,1573,1,0,106,20,0,0
31,22,1007,1,2,1,0,0,1723,1,7,0,0,4,0
22,31,1008,2,2,0,1,0,1351,1,60,0,7,0,0
31,22,1008,2,2,1,0,0,1136,1,59,0,0,1,0
22,32,1000,0,0,0,1,0,1832,1,40,0,19,79,0
32,22,1000,0,0,1,0,1,1832,1,0,40,79,19,0
22,32,1001,1,0,0,1,1,1489,1,0,58,0,36,0
32,22,1001,1,0,1,0,0,1387,1,95,0,4,0,0
22,32,1002,2,0,0,1,0,837,1,98,0,62,111,0
32,22,1002,2,0,1,0,1,702,1,0,108,104,56,0
22,32,1003,0,1,0,1,0,912,1,70,0,39,21,0
32,22,1003,0,1,1,0,1,912,1,0,70,21,39,0
22,32,1004,1,1,0,1,1,1404,1,0,23,90,33,0
32,22,1004,1,1,1,0,0,1444,1,34,0,13,1,0
22,32,1005,2,1,0,1,1,913,1,0,60,13,2,0
32,22,1005,2,1,1,0,0,937,1,58,0,2,13,0
22,32,1006,0,2,0,1,0,1585,1,48,0,0,2,0
32,22,1006,0,2,1,0,1,1585,1,0,48,2,0,0
22,32,1007,1,2,0,1,1,967,1,0,45,0,6,0
32,22,1007,1,2,1,0,0,886,1,73,0,0,8,0
22,32,1008,2,2,0,1,1,1419,1,0,14,0,41,0
32,22,1008,2,2,1,0,0,1071,1,58,0,0,8,0
22,33,1000,0,0,0,1,0,728,1,125,0,0,0,0
33,22,1000,0,0,1,0,1,728,1,0,125,0,0,0
22,33,1001,1,0,0,1,0,816,1,161,0,0,0,0
33,22,1001,1,0,1,0,1,1398,1,0,95,7,4,0
22,33,1002,2,0,0,1,0,1128,1,113,0,34,0,0
33,22,1002,2,0,1,0,1,541,1,0,104,0,0,0
22,33,1003,0,1,0,1,0,1202,1,108,0,0,0,0
33,22,1003,0,1,1,0,1,1202,1,0,108,0,0,0
22,33,1004,1,1,0,1,0,1260,1,26,0,71,64,0
33,22,1004,1,1,1,0,1,495,1,0,97,1,10,0
22,33,1005,2,1,0,1,1,943,1,0,22,0,10,0
33,22,1005,2,1,1,0,1,579,1,0,119,0,7,0
22,33,1006,0,2,0,1,0,878,1,137,0,8,0,0
33,22,1006,0,2,1,0,1,878,1,0,137,0,8,0
22,33,1007,1,2,0,1,0,799,1,122,0,8,0,0
33,22,1007,1,2,1,0,1,1155,1,0,72,17,8,0
22,33,1008,2,2,0,1,0,495,1,124,0,0,0,0
33,22,1008,2,2,1,0,1,890,1,0,106,8,16,0
22,34,1000,0,0,0,1,0,1130,1,29,0,0,0,0
34,22,1000,0,0,1,0,1,1130,1,0,29,0,0,0
22,34,1001,1,0,0,1,0,1184,1,33,0,0,0,0
34,22,1001,1,0,1,0,1,1010,1,0,31,0,0,0
22,34,1002,2,0,0,1,0,589,1,105,0,0,0,0
34,22,1002,2,0,1,0,1,590,1,0,100,0,0,0
22,34,1003,0,1,0,1,0,1105,1,36,0,0,11,0
34,22,1003,0,1,1,0,1,1105,1,0,36,11,0,0
22,34,1004,1,1,0,1,0,801,1,56,0,0,0,0
34,22,1004,1,1,1,0,1,910,1,0,39,0,0,0
22,34,1005,2,1,0,1,0,1130,1,68,0,4,0,0
34,22,1005,2,1,1,0,0,852,1,6,0,0,2,0
22,34,1006,0,2,0,1,0,969,1,115,0,9,15,0
34,22,1006,0,2,1,0,1,969,1,0,115,15,9,0
22,34,1007,1,2,0,1,0,1175,1,48,0,0,0,0
34,22,1007,1,2,1,0,1,842,1,0,66,0,0,0
22,34,1008,2,2,0,1,0,1186,1,2,0,2,0,0
34,22,1008,2,2,1,0,1,775,1,0,7,0,0,0
22,35,1000,0,0,0,1,1,1761,1,0,88,25,10,0
35,22,1000,0,0,1,0,0,1761,1,88,0,10,25,0
22,35,1001,1,0,0,1,1,1539,1,0,70,7,0,0
35,22,1001,1,0,1,0,0,1517,1,75,0,0,7,0
22,35,1002,2,0,0,1,1,1582,1,0,80,21,20,0
35,22,1002,2,0,1,0,0,1699,1,52,0,18,21,0
22,35,1003,0,1,0,1,1,1864,1,0,36,12,0,0
35,22,1003,0,1,1,0,0,1864,1,36,0,0,12,0
22,35,1004,1,1,0,1,1,1884,1,0,35,12,0,0
35,22,1004,1,1,1,0,0,1717,1,25,0,0,46,0
22,35,1005,2,1,0,1,1,1819,1,0,45,0,2,0
35,22,1005,2,1,1,0,0,1819,1,36,0,2,0,0
22,35,1006,0,2,0,1,1,1737,1,0,64,21,0,0
35,22,1006,0,2,1,0,0,1737,1,64,0,0,21,0
22,35,1007,1,2,0,1,1,1905,1,0,8,12,0,0
35,22,1007,1,2,1,0,0,1695,1,66,0,1,0,0
22,35,1008,2,2,0,1,1,1870,1,0,38,41,0,0
35,22,1008,2,2,1,0,0,1684,1,49,0,29,78,0
22,36,1000,0,0,0,1,1,1119,1,0,63,34,15,0
36,22,1000,0,0,1,0,0,1119,1,63,0,15,34,0
22,36,1001,1,0,0,1,1,882,1,0,4,12,10,0
36,22,1001,1,0,1,0,0,882,1,4,0,10,12,0
22,36,1002,2,0,0,1,1,882,1,0,2,37,24,0
36,22,1002,2,0,1,0,0,753,1,52,0,0,12,0
22,36,1003,0,1,0,1,1,969,1,0,13,27,0,0
36,22,1003,0,1,1,0,0,969,1,13,0,0,27,0
22,36,1004,1,1,0,1,0,919,1,42,0,78,38,0
36,22,1004,1,1,1,0,0,883,1,52,0,32,13,0
22,36,1005,2,1,0,1,1,873,1,0,54,0,0,0
36,22,1005,2,1,1,0,0,769,1,78,0,0,0,0
22,36,1006,0,2,0,1,0,1046,1,11,0,22,6,0
36,22,1006,0,2,1,0,1,1046,1,0,11,6,22,0
22,36,1007,1,2,0,1,1,1014,1,0,26,29,6,0
36,22,1007,1,2,1,0,0,1110,1,63,0,18,23,0
22,36,1008,2,2,0,1,1,1029,1,0,28,53,31,0
36,22,1008,2,2,1,0,0,769,1,52,0,31,26,0
22,37,1000,0,0,0,1,0,898,1,31,0,0,4,0
37,22,1000,0,0,1,0,1,898,1,0,31,4,0,0
22,37,1001,1,0,0,1,0,1878,1,9,0,7,94,0
37,22,1001,1,0,1,0,1,1714,1,0,37,24,0,0
22,37,1002,2,0,0,1,0,1341,1,102,0,0,22,0
37,22,1002,2,0,1,0,1,1466,1,0,90,16,0,0
22,37,1003,0,1,0,1,0,1102,1,44,0,48,0,0
37,22,1003,0,1,1,0,1,1102,1,0,44,0,48,0
22,37,1004,1,1,0,1,0,580,1,104,0,23,4,0
37,22,1004,1,1,1,0,1,1724,1,0,13,24,15,0
22,37,1005,2,1,0,1,1,1702,1,0,25,56,25,0
37,22,1005,2,1,1,0,0,1444,1,8,0,22,12,0
22,37,1006,0,2,0,1,0,709,1,90,0,2,9,0
37,22,1006,0,2,1,0,1,709,1,0,90,9,2,0
22,37,1007,1,2,0,1,1,1894,1,0,23,0,9,0
37,22,1007,1,2,1,0,1,1840,1,0,41,9,1,0
22,37,1008,2,2,0,1,1,1209,1,0,88,0,24,0
37,22,1008,2,2,1,0,0,1282,1,49,0,31,1,0
22,38,1000,0,0,0,1,0,236,1,117,0,15,0,0
38,22,1000,0,0,1,0,1,236,1,0,117,0,15,0
22,38,1001,1,0,0,1,1,733,1,0,33,15,0,0
38,22,1001,1,0,1,0,0,828,1,20,0,0,15,0
22,38,1002,2,0,0,1,1,863,1,0,9,15,0,0
38,22,1002,2,0,1,0,0,974,1,20,0,0,19,0
22,38,1003,0,1,0,1,0,233,1,117,0,15,0,0
38,22,1003,0,1,1,0,1,233,1,0,117,0,15,0
22,38,1004,1,1,0,1,0,292,1,96,0,16,0,0
38,22,1004,1,1,1,0,1,449,1,0,84,0,15,0
22,38,1005,2,1,0,1,0,303,1,128,0,15,0,0
38,22,1005,2,1,1,0,1,476,1,0,66,0,15,0
22,38,1006,0,2,0,1,0,191,1,129,0,15,0,0
38,22,1006,0,2,1,0,1,191,1,0,129,0,15,0
22,38,1007,1,2,0,1,1,620,1,0,7,15,0,0
38,22,1007,1,2,1,0,0,813,1,18,0,0,15,0
22,38,1008,2,2,0,1,0,783,1,12,0,15,0,0
38,22,1008,2,2,1,0,1,792,1,0,28,0,15,0
22,39,1000,0,0,0,1,0,1861,1,31,0,4,10,0
39,22,1000,0,0,1,0,1,1861,1,0,31,10,4,0
22,39,1001,1,0,0,1,0,855,1,80,0,14,9,0
39,22,1001,1,0,1,0,1,664,1,0,96,14,21,0
22,39,1002,2,0,0,1,0,862,1,64,0,1,0,0
39,22,1002,2,0,1,0,1,862,1,0,64,0,1,0
22,39,1003,0,1,0,1,1,1717,1,0,22,47,5,0
39,22,1003,0,1,1,0,0,1717,1,22,0,5,47,0
22,39,1004,1,1,0,1,0,941,1,97,0,0,3,0
39,22,1004,1,1,1,0,1,1073,1,0,97,3,0,0
22,39,1005,2,1,0,1,1,1099,1,0,23,2,42,0
39,22,1005,2,1,1,0,0,1099,1,47,0,42,2,0
22,39,1006,0,2,0,1,0,1820,1,42,0,4,20,0
39,22,1006,0,2,1,0,1,1820,1,0,42,20,4,0
22,39,1007,1,2,0,1,0,1479,1,40,0,0,13,0
39,22,1007,1,2,1,0,1,1290,1,0,64,13,0,0
22,39,1008,2,2,0,1,0,785,1,98,0,0,0,0
39,22,1008,2,2,1,0,1,785,1,0,98,0,0,0
23,24,1000,0,0,0,1,1,428,1,0,41,0,2,0
24,23,1000,0,0,1,0,0,428,1,41,0,2,0,0
23,24,1001,1,0,0,1,1,566,1,0,62,0,7,0
24,23,1001,1,0,1,0,0,566,1,62,0,7,0,0
23,24,1002,2,0,0,1,0,753,1,48,0,0,0,0
24,23,1002,2,0,1,0,1,753,1,0,48,0,0,0
23,24,1003,0,1,0,1,0,456,1,20,0,1,20,0
24,23,1003,0,1,1,0,1,456,1,0,20,20,1,0
23,24,1004,1,1,0,1,0,585,1,20,0,5,0,0
24,23,1004,1,1,1,0,1,585,1,0,20,0,5,0
23,24,1005,2,1,0,1,0,717,1,17,0,1,0,0
24,23,1005,2,1,1,0,1,717,1,0,17,0,1,0
23,24,1006,0,2,0,1,1,428,1,0,62,0,2,0
24,23,1006,0,2,1,0,0,428,1,62,0,2,0,0
23,24,1007,1,2,0,1,1,566,1,0,48,0,4,0
24,23,1007,1,2,1,0,0,566,1,48,0,4,0,0
23,24,1008,2,2,0,1,0,627,1,49,0,0,0,0
24,23,1008,2,2,1,0,1,627,1,0,49,0,0,0
23,25,1000,0,0,0,1,-1,517,1,0,0,0,15,0
25,23,1000,0,0,1,0,-1,517,1,0,0,15,0,0
23,25,1001,1,0,0,1,1,454,1,0,3,0,0,0
25,23,1001,1,0,1,0,0,454,1,3,0,0,0,0
23,25,1002,2,0,0,1,0,546,1,48,0,0,0,0
25,23,1002,2,0,1,0,1,720,1,0,6,0,0,0
23,25,1003,0,1,0,1,0,594,1,46,0,0,0,0
25,23,1003,0,1,1,0,1,594,1,0,46,0,0,0
23,25,1004,1,1,0,1,0,475,1,4,0,0,5,0
25,23,1004,1,1,1,0,1,507,1,0,4,6,4,0
23,25,1005,2,1,0,1,0,514,1,50,0,0,0,0
25,23,1005,2,1,1,0,1,624,1,0,67,0,0,0
23,25,1006,0,2,0,1,1,388,1,0,62,0,2,0
25,23,1006,0,2,1,0,0,388,1,62,0,2,0,0
23,25,1007,1,2,0,1,1,460,1,0,5,0,0,0
25,23,1007,1,2,1,0,0,403,1,62,0,2,0,0
23,25,1008,2,2,0,1,0,538,1,81,0,0,9,0
25,23,1008,2,2,1,0,0,646,1,9,0,9,0,0
23,26,1000,0,0,0,1,0,458,1,12,0,13,0,0
26,23,1000,0,0,1,0,1,458,1,0,12,0,13,0
23,26,1001,1,0,0,1,0,471,1,66,0,0,0,0
26,23,1001,1,0,1,0,1,471,1,0,66,0,0,0
23,26,1002,2,0,0,1,0,441,1,14,0,1,2,0
26,23,1002,2,0,1,0,1,441,1,0,14,2,1,0
23,26,1003,0,1,0,1,1,483,1,0,42,0,0,0
26,23,1003,0,1,1,0,0,483,1,42,0,0,0,0
23,26,1004,1,1,0,1,0,399,1,52,0,0,0,0
26,23,1004,1,1,1,0,1,399,1,0,52,0,0,0
23,26,1005,2,1,0,1,0,590,1,8,0,0,0,0
26,23,1005,2,1,1,0,1,590,1,0,20,0,0,0
23,26,1006,0,2,0,1,1,510,1,0,37,0,0,0
26,23,1006,0,2,1,0,0,510,1,37,0,0,0,0
23,26,1007,1,2,0,1,0,468,1,12,0,11,3,0
26,23,1007,1,2,1,0,0,554,1,18,0,3,0,0
23,26,1008,2,2,0,1,1,507,1,0,18,0,26,0
26,23,1008,2,2,1,0,0,495,1,37,0,19,3,0
23,27,1000,0,0,0,1,1,445,1,0,66,0,6,0
27,23,1000,0,0,1,0,0,445,1,66,0,6,0,0
23,27,1001,1,0,0,1,0,635,1,5,0,0,0,0
27,23,1001,1,0,1,0,1,536,1,0,65,0,64,0
23,27,1002,2,0,0,1,1,619,1,0,18,20,0,0
27,23,1002,2,0,1,0,0,837,1,37,0,10,0,0
23,27,1003,0,1,0,1,0,519,1,51,0,0,0,0
27,23,1003,0,1,1,0,1,519,1,0,51,0,0,0
23,27,1004,1,1,0,1,0,525,1,32,0,0,0,0
27,23,1004,1,1,1,0,1,870,1,0,5,0,1,0
23,27,1005,2,1,0,1,0,825,1,42,0,42,0,0
27,23,1005,2,1,1,0,1,516,1,0,20,0,0,0
23,27,1006,0,2,0,1,0,537,1,74,0,0,1,0
27,23,1006,0,2,1,0,1,537,1,0,74,1,0,0
23,27,1007,1,2,0,1,1,679,1,0,4,10,0,0
27,23,1007,1,2,1,0,1,598,1,0,65,0,4,0
23,27,1008,2,2,0,1,1,697,1,0,33,1,9,0
27,23,1008,2,2,1,0,1,619,1,0,29,0,15,0
23,28,1000,0,0,0,1,0,423,1,76,0,0,0,0
28,23,1000,0,0,1,0,1,423,1,0,76,0,0,0
23,28,1001,1,0,0,1,0,417,1,83,0,0,0,0
28,23,1001,1,0,1,0,1,417,1,0,66,0,0,0
23,28,1002,2,0,0,1,0,594,1,19,0,0,0,0
28,23,1002,2,0,1,0,1,594,1,0,23,0,0,0
23,28,1003,0,1,0,1,0,468,1,47,0,25,0,0
28,23,1003,0,1,1,0,1,468,1,0,47,0,25,0
23,28,1004,1,1,0,1,0,402,1,88,0,0,0,0
28,23,1004,1,1,1,0,1,401,1,0,90,0,0,0
23,28,1005,2,1,0,1,1,609,1,0,1,0,0,0
28,23,1005,2,1,1,0,1,571,1,0,24,24,5,0
23,28,1006,0,2,0,1,1,606,1,0,13,0,22,0
28,23,1006,0,2,1,0,0,606,1,13,0,22,0,0
23,28,1007,1,2,0,1,1,616,1,0,41,0,19,0
28,23,1007,1,2,1,0,0,617,1,55,0,19,0,0
23,28,1008,2,2,0,1,1,576,1,0,8,0,23,0
28,23,1008,2,2,1,0,1,616,1,0,32,20,0,0
23,29,1000,0,0,0,1,1,671,1,0,79,0,1,0
29,23,1000,0,0,1,0,0,671,1,79,0,1,0,0
23,29,1001,1,0,0,1,0,762,1,67,0,0,0,0
29,23,1001,1,0,1,0,1,762,1,0,67,0,0,0
23,29,1002,2,0,0,1,1,925,1,0,30,0,0,0
29,23,1002,2,0,1,0,0,925,1,30,0,0,0,0
23,29,1003,0,1,0,1,1,770,1,0,12,15,1,0
29,23,1003,0,1,1,0,0,770,1,12,0,1,15,0
23,29,1004,1,1,0,1,1,700,1,0,52,0,6,0
29,23,1004,1,1,1,0,0,700,1,52,0,6,0,0
23,29,1005,2,1,0,1,1,833,1,0,28,0,13,0
29,23,1005,2,1,1,0,1,870,1,0,3,13,0,0
23,29,1006,0,2,0,1,0,838,1,18,0,0,1,0
29,23,1006,0,2,1,0,1,838,1,0,18,1,0,0
23,29,1007,1,2,0,1,1,538,1,0,61,10,0,0
29,23,1007,1,2,1,0,0,538,1,61,0,0,10,0
23,29,1008,2,2,0,1,0,948,1,15,0,10,16,0
29,23,1008,2,2,1,0,1,890,1,0,15,16,10,0
23,30,1000,0,0,0,1,0,306,1,79,0,0,0,0
30,23,1000,0,0,1,0,1,306,1,0,79,0,0,0
23,30,1001,1,0,0,1,0,451,1,64,0,0,0,0
30,23,1001,1,0,1,0,1,420,1,0,64,0,0,0
23,30,1002,2,0,0,1,0,420,1,37,0,0,0,0
30,23,1002,2,0,1,0,1,378,1,0,48,0,0,0
23,30,1003,0,1,0,1,0,369,1,99,0,0,0,0
30,23,1003,0,1,1,0,1,369,1,0,99,0,0,0
23,30,1004,1,1,0,1,0,532,1,52,0,0,16,0
30,23,1004,1,1,1,0,1,532,1,0,52,16,0,0
23,30,1005,2,1,0,1,0,447,1,17,0,4,0,0
30,23,1005,2,1,1,0,0,436,1,15,0,0,4,0
23,30,1006,0,2,0,1,0,501,1,79,0,0,20,0
30,23,1006,0,2,1,0,1,501,1,0,79,20,0,0
23,30,1007,1,2,0,1,0,426,1,101,0,2,0,0
30,23,1007,1,2,1,0,1,426,1,0,90,0,2,0
23,30,1008,2,2,0,1,0,335,1,59,0,0,0,0
30,23,1008,2,2,1,0,1,335,1,0,48,0,0,0
23,31,1000,0,0,0,1,0,705,1,62,0,28,10,0
31,23,1000,0,0,1,0,1,705,1,0,62,10,28,0
23,31,1001,1,0,0,1,1,1018,1,0,11,31,41,0
31,23,1001,1,0,1,0,1,605,1,0,76,0,0,0
23,31,1002,2,0,0,1,1,812,1,0,8,15,25,0
31,23,1002,2,0,1,0,0,904,1,1,0,25,24,0
23,31,1003,0,1,0,1,0,513,1,121,0,0,18,0
31,23,1003,0,1,1,0,1,513,1,0,121,18,0,0
23,31,1004,1,1,0,1,0,1261,1,4,0,8,0,0
31,23,1004,1,1,1,0,1,567,1,0,70,0,0,0
23,31,1005,2,1,0,1,0,654,1,37,0,0,23,0
31,23,1005,2,1,1,0,1,687,1,0,14,23,0,0
23,31,1006,0,2,0,1,0,365,1,110,0,0,0,0
31,23,1006,0,2,1,0,1,365,1,0,110,0,0,0
23,31,1007,1,2,0,1,0,639,1,74,0,0,0,0
31,23,1007,1,2,1,0,1,639,1,0,67,0,0,0
23,31,1008,2,2,0,1,0,735,1,51,0,0,0,0
31,23,1008,2,2,1,0,1,765,1,0,54,0,0,0
23,32,1000,0,0,0,1,0,426,1,103,0,1,2,0
32,23,1000,0,0,1,0,1,426,1,0,103,2,1,0
23,32,1001,1,0,0,1,0,639,1,57,0,6,49,0
32,23,1001,1,0,1,0,1,558,1,0,65,49,6,0
23,32,1002,2,0,0,1,1,712,1,0,33,0,26,0
32,23,1002,2,0,1,0,0,712,1,47,0,26,0,0
23,32,1003,0,1,0,1,0,723,1,8,0,0,0,0
32,23,1003,0,1,1,0,1,723,1,0,8,0,0,0
23,32,1004,1,1,0,1,1,859,1,0,94,9,0,0
32,23,1004,1,1,1,0,0,859,1,80,0,0,9,0
23,32,1005,2,1,0,1,0,540,1,101,0,0,0,0
32,23,1005,2,1,1,0,1,957,1,0,18,35,0,0
23,32,1006,0,2,0,1,0,626,1,88,0,0,0,0
32,23,1006,0,2,1,0,1,626,1,0,88,0,0,0
23,32,1007,1,2,0,1,0,816,1,29,0,0,0,0
32,23,1007,1,2,1,0,1,684,1,0,35,0,0,0
23,32,1008,2,2,0,1,0,856,1,50,0,11,16,0
32,23,1008,2,2,1,0,1,828,1,0,58,16,11,0
23,33,1000,0,0,0,1,1,669,1,0,4,0,0,0
33,23,1000,0,0,1,0,0,669,1,4,0,0,0,0
23,33,1001,1,0,0,1,0,495,1,106,0,0,0,0
33,23,1001,1,0,1,0,1,603,1,0,104,2,0,0
23,33,1002,2,0,0,1,0,672,1,64,0,0,0,0
33,23,1002,2,0,1,0,1,786,1,0,33,0,0,0
23,33,1003,0,1,0,1,0,671,1,71,0,0,2,0
33,23,1003,0,1,1,0,1,671,1,0,71,2,0,0
23,33,1004,1,1,0,1,0,427,1,62,0,0,0,0
33,23,1004,1,1,1,0,1,427,1,0,62,0,0,0
23,33,1005,2,1,0,1,0,666,1,42,0,15,32,0
33,23,1005,2,1,1,0,1,722,1,0,17,13,2,0
23,33,1006,0,2,0,1,0,631,1,98,0,0,0,0
33,23,1006,0,2,1,0,1,631,1,0,98,0,0,0
23,33,1007,1,2,0,1,0,488,1,115,0,0,0,0
33,23,1007,1,2,1,0,1,540,1,0,100,0,0,0
23,33,1008,2,2,0,1,0,343,1,121,0,16,0,0
33,23,1008,2,2,1,0,1,375,1,0,121,0,16,0
23,34,1000,0,0,0,1,0,633,1,19,0,6,0,0
34,23,1000,0,0,1,0,1,633,1,0,19,0,6,0
23,34,1001,1,0,0,1,0,473,1,22,0,8,0,0
34,23,1001,1,0,1,0,1,590,1,0,58,0,17,0
23,34,1002,2,0,0,1,1,570,1,0,32,13,0,0
34,23,1002,2,0,1,0,0,612,1,13,0,0,13,0
23,34,1003,0,1,0,1,0,671,1,29,0,13,0,0
34,23,1003,0,1,1,0,1,671,1,0,29,0,13,0
23,34,1004,1,1,0,1,0,441,1,82,0,10,0,0
34,23,1004,1,1,1,0,1,441,1,0,64,0,10,0
23,34,1005,2,1,0,1,1,559,1,0,23,0,0,0
34,23,1005,2,1,1,0,1,404,1,0,59,0,25,0
23,34,1006,0,2,0,1,1,513,1,0,89,14,0,0
34,23,1006,0,2,1,0,0,513,1,89,0,0,14,0
23,34,1007,1,2,0,1,0,723,1,5,0,9,0,0
34,23,1007,1,2,1,0,0,550,1,51,0,0,28,0
23,34,1008,2,2,0,1,1,390,1,0,70,4,0,0
34,23,1008,2,2,1,0,1,504,1,0,52,0,35,0
23,35,1000,0,0,0,1,0,668,1,18,0,0,4,0
35,23,1000,0,0,1,0,1,668,1,0,18,4,0,0
23,35,1001,1,0,0,1,0,705,1,27,0,0,0,0
35,23,1001,1,0,1,0,1,705,1,0,27,0,0,0
23,35,1002,2,0,0,1,0,741,1,11,0,0,0,0
35,23,1002,2,0,1,0,0,733,1,17,0,0,0,0
23,35,1003,0,1,0,1,1,662,1,0,24,0,0,0
35,23,1003,0,1,1,0,0,662,1,24,0,0,0,0
23,35,1004,1,1,0,1,0,777,1,26,0,25,0,0
35,23,1004,1,1,1,0,1,728,1,0,24,0,22,0
23,35,1005,2,1,0,1,0,640,1,22,0,0,0,0
35,23,1005,2,1,1,0,1,640,1,0,8,0,0,0
23,35,1006,0,2,0,1,1,657,1,0,33,0,0,0
35,23,1006,0,2,1,0,0,657,1,33,0,0,0,0
23,35,1007,1,2,0,1,0,693,1,40,0,18,8,0
35,23,1007,1,2,1,0,1,693,1,0,26,8,18,0
23,35,1008,2,2,0,1,1,612,1,0,7,0,0,0
35,23,1008,2,2,1,0,1,604,1,0,10,0,0,0
23,36,1000,0,0,0,1,0,357,1,56,0,21,53,0
36,23,1000,0,0,1,0,1,357,1,0,56,53,21,0
23,36,1001,1,0,0,1,0,433,1,69,0,1,0,0
36,23,1001,1,0,1,0,1,433,1,0,76,0,1,0
23,36,1002,2,0,0,1,0,438,1,61,0,35,11,0
36,23,1002,2,0,1,0,1,438,1,0,78,11,35,0
23,36,1003,0,1,0,1,1,588,1,0,4,9,0,0
36,23,1003,0,1,1,0,0,588,1,4,0,0,9,0
23,36,1004,1,1,0,1,0,392,1,54,0,0,0,0
36,23,1004,1,1,1,0,1,392,1,0,54,0,0,0
23,36,1005,2,1,0,1,1,486,1,0,14,13,0,0
36,23,1005,2,1,1,0,1,459,1,0,41,0,0,0
23,36,1006,0,2,0,1,0,540,1,4,0,4,0,0
36,23,1006,0,2,1,0,1,540,1,0,4,0,4,0
23,36,1007,1,2,0,1,1,535,1,0,17,3,0,0
36,23,1007,1,2,1,0,0,535,1,27,0,0,3,0
23,36,1008,2,2,0,1,0,474,1,63,0,13,0,0
36,23,1008,2,2,1,0,1,474,1,0,56,0,13,0
23,37,1000,0,0,0,1,1,584,1,0,2,9,48,0
37,23,1000,0,0,1,0,0,584,1,2,0,48,9,0
23,37,1001,1,0,0,1,1,650,1,0,21,0,0,0
37,23,1001,1,0,1,0,1,627,1,0,83,15,9,0
23,37,1002,2,0,0,1,0,425,1,121,0,0,20,0
37,23,1002,2,0,1,0,1,498,1,0,38,0,0,0
23,37,1003,0,1,0,1,0,447,1,79,0,21,0,0
37,23,1003,0,1,1,0,1,447,1,0,79,0,21,0
23,37,1004,1,1,0,1,0,597,1,83,0,27,0,0
37,23,1004,1,1,1,0,1,456,1,0,68,0,0,0
23,37,1005,2,1,0,1,0,481,1,94,0,0,11,0
37,23,1005,2,1,1,0,1,418,1,0,111,15,0,0
23,37,1006,0,2,0,1,0,531,1,121,0,6,0,0
37,23,1006,0,2,1,0,1,531,1,0,121,0,6,0
23,37,1007,1,2,0,1,0,642,1,69,0,13,30,0
37,23,1007,1,2,1,0,1,714,1,0,66,9,8,0
23,37,1008,2,2,0,1,0,423,1,69,0,0,0,0
37,23,1008,2,2,1,0,1,597,1,0,97,3,19,0
23,38,1000,0,0,0,1,0,486,1,72,0,2,0,0
38,23,1000,0,0,1,0,1,486,1,0,72,0,2,0
23,38,1001,1,0,0,1,0,738,1,43,0,2,0,0
38,23,1001,1,0,1,0,1,739,1,0,35,0,2,0
23,38,1002,2,0,0,1,0,760,1,110,0,1,20,0
38,23,1002,2,0,1,0,1,652,1,0,82,20,5,0
23,38,1003,0,1,0,1,0,442,1,50,0,1,0,0
38,23,1003,0,1,1,0,1,442,1,0,50,0,1,0
23,38,1004,1,1,0,1,0,656,1,34,0,9,0,0
38,23,1004,1,1,1,0,1,705,1,0,72,0,9,0
23,38,1005,2,1,0,1,1,986,1,0,6,2,4,0
38,23,1005,2,1,1,0,0,1058,1,25,0,105,51,0
23,38,1006,0,2,0,1,0,656,1,22,0,1,0,0
38,23,1006,0,2,1,0,1,656,1,0,22,0,1,0
23,38,1007,1,2,0,1,0,489,1,110,0,2,0,0
38,23,1007,1,2,1,0,1,519,1,0,73,3,2,0
23,38,1008,2,2,0,1,0,1408,1,34,0,2,3,0
38,23,1008,2,2,1,0,1,1257,1,0,111,21,3,0
23,39,1000,0,0,0,1,0,930,1,36,0,0,0,0
39,23,1000,0,0,1,0,1,930,1,0,36,0,0,0
23,39,1001,1,0,0,1,0,1422,1,4,0,0,0,0
39,23,1001,1,0,1,0,1,987,1,0,27,0,0,0
23,39,1002,2,0,0,1,0,890,1,25,0,0,0,0
39,23,1002,2,0,1,0,1,890,1,0,27,0,0,0
23,39,1003,0,1,0,1,1,666,1,0,54,6,3,0
39,23,1003,0,1,1,0,0,529,1,64,0,0,1,0
23,39,1004,1,1,0,1,1,897,1,0,27,5,14,0
39,23,1004,1,1,1,0,0,897,1,34,0,14,5,0
23,39,1005,2,1,0,1,1,655,1,0,24,0,0,0
39,23,1005,2,1,1,0,0,655,1,24,0,0,0,0
23,39,1006,0,2,0,1,0,1038,1,44,0,4,0,0
39,23,1006,0,2,1,0,1,1038,1,0,44,0,4,0
23,39,1007,1,2,0,1,1,791,1,0,50,0,0,0
39,23,1007,1,2,1,0,0,791,1,50,0,0,0,0
23,39,1008,2,2,0,1,0,797,1,33,0,0,0,0
39,23,1008,2,2,1,0,1,797,1,0,35,0,0,0
24,25,1000,0,0,0,1,0,772,1,78,0,3,0,0
25,24,1000,0,0,1,0,1,772,1,0,78,0,3,0
24,25,1001,1,0,0,1,1,646,1,0,72,0,0,0
25,24,1001,1,0,1,0,0,613,1,88,0,0,0,0
24,25,1002,2,0,0,1,0,1048,1,28,0,0,0,0
25,24,1002,2,0,1,0,1,1048,1,0,20,0,0,0
24,25,1003,0,1,0,1,0,667,1,106,0,0,0,0
25,24,1003,0,1,1,0,1,667,1,0,106,0,0,0
24,25,1004,1,1,0,1,0,616,1,104,0,0,1,0
25,24,1004,1,1,1,0,1,616,1,0,104,1,0,0
24,25,1005,2,1,0,1,0,556,1,58,0,0,0,0
25,24,1005,2,1,1,0,1,556,1,0,73,0,0,0
24,25,1006,0,2,0,1,0,683,1,118,0,0,9,0
25,24,1006,0,2,1,0,1,683,1,0,118,9,0,0
24,25,1007,1,2,0,1,0,433,1,118,0,33,21,0
25,24,1007,1,2,1,0,1,433,1,0,118,21,33,0
24,25,1008,2,2,0,1,0,805,1,37,0,1,9,0
25,24,1008,2,2,1,0,1,805,1,0,22,9,1,0
24,26,1000,0,0,0,1,1,828,1,0,28,0,2,0
26,24,1000,0,0,1,0,0,828,1,28,0,2,0,0
24,26,1001,1,0,0,1,0,1327,1,9,0,0,4,0
26,24,1001,1,0,1,0,1,867,1,0,27,4,0,0
24,26,1002,2,0,0,1,0,768,1,34,0,18,0,0
26,24,1002,2,0,1,0,1,768,1,0,34,0,18,0
24,26,1003,0,1,0,1,0,830,1,11,0,10,5,0
26,24,1003,0,1,1,0,1,830,1,0,11,5,10,0
24,26,1004,1,1,0,1,0,653,1,53,0,25,4,0
26,24,1004,1,1,1,0,1,653,1,0,54,4,25,0
24,26,1005,2,1,0,1,1,720,1,0,30,14,4,0
26,24,1005,2,1,1,0,0,663,1,30,0,4,10,0
24,26,1006,0,2,0,1,0,1146,1,6,0,0,22,0
26,24,1006,0,2,1,0,1,1146,1,0,6,22,0,0
24,26,1007,1,2,0,1,0,1070,1,47,0,0,18,0
26,24,1007,1,2,1,0,1,1070,1,0,70,18,0,0
24,26,1008,2,2,0,1,1,654,1,0,46,0,2,0
26,24,1008,2,2,1,0,1,1137,1,0,12,2,0,0
24,27,1000,0,0,0,1,0,570,1,72,0,31,58,0
27,24,1000,0,0,1,0,1,570,1,0,72,58,31,0
24,27,1001,1,0,0,1,0,1027,1,22,0,32,0,0
27,24,1001,1,0,1,0,1,916,1,0,85,45,31,0
24,27,1002,2,0,0,1,0,1147,1,58,0,25,12,0
27,24,1002,2,0,1,0,1,711,1,0,63,0,11,0
24,27,1003,0,1,0,1,0,498,1,97,0,32,33,0
27,24,1003,0,1,1,0,1,498,1,0,97,33,32,0
24,27,1004,1,1,0,1,0,1015,1,28,0,49,19,0
27,24,1004,1,1,1,0,1,1037,1,0,54,0,19,0
24,27,1005,2,1,0,1,0,643,1,85,0,0,17,0
27,24,1005,2,1,1,0,1,1091,1,0,50,77,118,0
24,27,1006,0,2,0,1,1,1341,1,0,61,47,10,0
27,24,1006,0,2,1,0,0,1341,1,61,0,10,47,0
24,27,1007,1,2,0,1,0,922,1,68,0,29,12,0
27,24,1007,1,2,1,0,1,867,1,0,38,2,34,0
24,27,1008,2,2,0,1,0,1380,1,83,0,43,46,0
27,24,1008,2,2,1,0,1,1062,1,0,72,50,15,0
24,28,1000,0,0,0,1,0,704,1,25,0,80,42,0
28,24,1000,0,0,1,0,1,704,1,0,25,42,80,0
24,28,1001,1,0,0,1,0,694,1,46,0,14,36,0
28,24,1001,1,0,1,0,1,694,1,0,44,36,14,0
24,28,1002,2,0,0,1,0,341,1,98,0,57,88,0
28,24,1002,2,0,1,0,1,341,1,0,98,88,57,0
24,28,1003,0,1,0,1,1,510,1,0,54,35,41,0
28,24,1003,0,1,1,0,0,510,1,54,0,41,35,0
24,28,1004,1,1,0,1,0,423,1,83,0,0,19,0
28,24,1004,1,1,1,0,1,423,1,0,83,19,0,0
24,28,1005,2,1,0,1,0,331,1,98,0,0,67,0
28,24,1005,2,1,1,0,1,331,1,0,83,67,0,0
24,28,1006,0,2,0,1,1,537,1,0,36,33,38,0
28,24,1006,0,2,1,0,0,537,1,36,0,38,33,0
24,28,1007,1,2,0,1,1,570,1,0,36,33,38,0
28,24,1007,1,2,1,0,0,570,1,36,0,38,33,0
24,28,1008,2,2,0,1,0,880,1,77,0,21,0,0
28,24,1008,2,2,1,0,1,880,1,0,76,0,21,0
24,29,1000,0,0,0,1,1,894,1,0,44,0,10,0
29,24,1000,0,0,1,0,0,1291,1,41,0,10,0,0
24,29,1001,1,0,0,1,1,1225,1,0,38,0,13,0
29,24,1001,1,0,1,0,0,1225,1,38,0,13,0,0
24,29,1002,2,0,0,1,1,1068,1,0,24,23,11,0
29,24,1002,2,0,1,0,0,1213,1,16,0,11,23,0
24,29,1003,0,1,0,1,1,1552,1,0,66,18,2,0
29,24,1003,0,1,1,0,0,1552,1,66,0,2,18,0
24,29,1004,1,1,0,1,1,1192,1,0,40,12,24,0
29,24,1004,1,1,1,0,0,1192,1,40,0,24,12,0
24,29,1005,2,1,0,1,1,1405,1,0,15,55,46,0
29,24,1005,2,1,1,0,0,1575,1,15,0,46,67,0
24,29,1006,0,2,0,1,0,1426,1,23,0,37,55,0
29,24,1006,0,2,1,0,1,1426,1,0,29,55,37,0
24,29,1007,1,2,0,1,1,1273,1,0,42,16,10,0
29,24,1007,1,2,1,0,0,1273,1,42,0,10,16,0
24,29,1008,2,2,0,1,1,1081,1,0,53,15,47,0
29,24,1008,2,2,1,0,0,1176,1,53,0,47,15,0
24,30,1000,0,0,0,1,0,960,1,62,0,13,0,0
30,24,1000,0,0,1,0,1,960,1,0,62,0,13,0
24,30,1001,1,0,0,1,0,700,1,70,0,55,42,0
30,24,1001,1,0,1,0,1,700,1,0,81,42,55,0
24,30,1002,2,0,0,1,0,658,1,43,0,3,67,0
30,24,1002,2,0,1,0,1,658,1,0,32,67,3,0
24,30,1003,0,1,0,1,0,1215,1,50,0,74,9,0
30,24,1003,0,1,1,0,1,1215,1,0,50,9,74,0
24,30,1004,1,1,0,1,0,1090,1,96,0,0,8,0
30,24,1004,1,1,1,0,1,1090,1,0,96,8,0,0
24,30,1005,2,1,0,1,0,521,1,81,0,0,0,0
30,24,1005,2,1,1,0,1,521,1,0,81,0,0,0
24,30,1006,0,2,0,1,0,1406,1,47,0,70,49,0
30,24,1006,0,2,1,0,1,1406,1,0,47,49,70,0
24,30,1007,1,2,0,1,0,1181,1,59,0,57,24,0
30,24,1007,1,2,1,0,1,1181,1,0,64,24,57,0
24,30,1008,2,2,0,1,0,689,1,92,0,6,42,0
30,24,1008,2,2,1,0,1,689,1,0,81,42,6,0
24,31,1000,0,0,0,1,0,973,1,14,0,0,0,0
31,24,1000,0,0,1,0,1,973,1,0,14,0,0,0
24,31,1001,1,0,0,1,0,1042,1,22,0,0,0,0
31,24,1001,1,0,1,0,1,1042,1,0,43,0,0,0
24,31,1002,2,0,0,1,1,1446,1,0,37,0,0,0
31,24,1002,2,0,1,0,0,1585,1,23,0,0,0,0
24,31,1003,0,1,0,1,0,1141,1,58,0,0,10,0
31,24,1003,0,1,1,0,1,1141,1,0,58,10,0,0
24,31,1004,1,1,0,1,0,988,1,14,0,0,0,0
31,24,1004,1,1,1,0,0,987,1,17,0,0,0,0
24,31,1005,2,1,0,1,0,1094,1,1,0,0,0,0
31,24,1005,2,1,1,0,0,1042,1,35,0,0,0,0
24,31,1006,0,2,0,1,0,950,1,32,0,0,0,0
31,24,1006,0,2,1,0,1,950,1,0,32,0,0,0
24,31,1007,1,2,0,1,0,917,1,37,0,12,0,0
31,24,1007,1,2,1,0,1,917,1,0,14,0,12,0
24,31,1008,2,2,0,1,0,860,1,73,0,0,0,0
31,24,1008,2,2,1,0,1,860,1,0,58,0,0,0
24,32,1000,0,0,0,1,0,784,1,70,0,0,0,0
32,24,1000,0,0,1,0,1,784,1,0,70,0,0,0
24,32,1001,1,0,0,1,1,1233,1,0,2,70,80,0
32,24,1001,1,0,1,0,1,888,1,0,15,17,5,0
24,32,1002,2,0,0,1,0,850,1,44,0,0,0,0
32,24,1002,2,0,1,0,1,850,1,0,40,0,0,0
24,32,1003,0,1,0,1,0,667,1,98,0,45,0,0
32,24,1003,0,1,1,0,1,667,1,0,98,0,45,0
24,32,1004,1,1,0,1,0,910,1,104,0,5,0,0
32,24,1004,1,1,1,0,1,910,1,0,104,0,5,0
24,32,1005,2,1,0,1,0,974,1,70,0,0,11,0
32,24,1005,2,1,1,0,1,974,1,0,70,11,0,0
24,32,1006,0,2,0,1,0,822,1,12,0,38,3,0
32,24,1006,0,2,1,0,1,822,1,0,12,3,38,0
24,32,1007,1,2,0,1,0,1117,1,47,0,46,0,0
32,24,1007,1,2,1,0,1,1117,1,0,26,0,46,0
24,32,1008,2,2,0,1,0,841,1,30,0,6,0,0
32,24,1008,2,2,1,0,1,841,1,0,15,0,6,0
24,33,1000,0,0,0,1,0,928,1,87,0,9,2,0
33,24,1000,0,0,1,0,1,928,1,0,87,2,9,0
24,33,1001,1,0,0,1,0,677,1,87,0,0,0,0
33,24,1001,1,0,1,0,1,677,1,0,87,0,0,0
24,33,1002,2,0,0,1,1,916,1,0,5,0,0,0
33,24,1002,2,0,1,0,1,1072,1,0,23,0,0,0
24,33,1003,0,1,0,1,0,1289,1,57,0,18,15,0
33,24,1003,0,1,1,0,1,1289,1,0,57,15,18,0
24,33,1004,1,1,0,1,0,520,1,133,0,0,0,0
33,24,1004,1,1,1,0,1,560,1,0,70,3,4,0
24,33,1005,2,1,0,1,0,806,1,64,0,0,1,0
33,24,1005,2,1,1,0,1,571,1,0,115,8,0,0
24,33,1006,0,2,0,1,0,847,1,26,0,0,1,0
33,24,1006,0,2,1,0,1,847,1,0,26,1,0,0
24,33,1007,1,2,0,1,0,679,1,62,0,0,1,0
33,24,1007,1,2,1,0,1,679,1,0,62,1,0,0
24,33,1008,2,2,0,1,0,765,1,36,0,0,1,0
33,24,1008,2,2,1,0,1,765,1,0,36,1,0,0
24,34,1000,0,0,0,1,0,725,1,50,0,10,3,0
34,24,1000,0,0,1,0,1,725,1,0,50,3,10,0
24,34,1001,1,0,0,1,0,701,1,55,0,0,3,0
34,24,1001,1,0,1,0,1,701,1,0,54,3,0,0
24,34,1002,2,0,0,1,1,620,1,0,47,24,0,0
34,24,1002,2,0,1,0,0,724,1,1,0,0,24,0
24,34,1003,0,1,0,1,1,720,1,0,1,24,43,0
34,24,1003,0,1,1,0,0,720,1,1,0,43,24,0
24,34,1004,1,1,0,1,1,817,1,0,13,0,0,0
34,24,1004,1,1,1,0,0,818,1,13,0,0,0,0
24,34,1005,2,1,0,1,0,661,1,15,0,9,8,0
34,24,1005,2,1,1,0,1,661,1,0,15,8,9,0
24,34,1006,0,2,0,1,0,712,1,41,0,22,0,0
34,24,1006,0,2,1,0,1,712,1,0,41,0,22,0
24,34,1007,1,2,0,1,0,689,1,54,0,22,0,0
34,24,1007,1,2,1,0,1,689,1,0,60,0,22,0
24,34,1008,2,2,0,1,0,875,1,47,0,0,7,0
34,24,1008,2,2,1,0,1,875,1,0,16,7,0,0
24,35,1000,0,0,0,1,0,921,1,63,0,0,8,0
35,24,1000,0,0,1,0,1,921,1,0,63,8,0,0
24,35,1001,1,0,0,1,0,1839,1,33,0,1,9,0
35,24,1001,1,0,1,0,1,1839,1,0,47,9,1,0
24,35,1002,2,0,0,1,0,1800,1,43,0,0,35,0
35,24,1002,2,0,1,0,1,1800,1,0,78,12,0,0
24,35,1003,0,1,0,1,1,1327,1,0,12,139,65,0
35,24,1003,0,1,1,0,0,1327,1,12,0,65,139,0
24,35,1004,1,1,0,1,1,1767,1,0,45,42,25,0
35,24,1004,1,1,1,0,0,1590,1,88,0,19,42,0
24,35,1005,2,1,0,1,1,1596,1,0,24,13,0,0
35,24,1005,2,1,1,0,1,1525,1,0,33,0,13,0
24,35,1006,0,2,0,1,0,1256,1,77,0,14,3,0
35,24,1006,0,2,1,0,1,1256,1,0,77,3,14,0
24,35,1007,1,2,0,1,0,1298,1,77,0,57,32,0
35,24,1007,1,2,1,0,1,1298,1,0,77,32,57,0
24,35,1008,2,2,0,1,0,1519,1,58,0,26,52,0
35,24,1008,2,2,1,0,1,1349,1,0,31,5,10,0
24,36,1000,0,0,0,1,1,573,1,0,24,63,19,0
36,24,1000,0,0,1,0,0,573,1,24,0,19,63,0
24,36,1001,1,0,0,1,0,382,1,58,0,13,17,0
36,24,1001,1,0,1,0,1,382,1,0,58,17,13,0
24,36,1002,2,0,0,1,0,418,1,29,0,18,9,0
36,24,1002,2,0,1,0,1,418,1,0,29,9,18,0
24,36,1003,0,1,0,1,0,660,1,50,0,25,7,0
36,24,1003,0,1,1,0,1,660,1,0,50,7,25,0
24,36,1004,1,1,0,1,0,883,1,69,0,40,12,0
36,24,1004,1,1,1,0,1,883,1,0,62,12,40,0
24,36,1005,2,1,0,1,1,744,1,0,36,18,51,0
36,24,1005,2,1,1,0,0,744,1,36,0,51,18,0
24,36,1006,0,2,0,1,0,911,1,42,0,50,20,0
36,24,1006,0,2,1,0,1,911,1,0,42,20,50,0
24,36,1007,1,2,0,1,1,841,1,0,40,80,24,0
36,24,1007,1,2,1,0,0,843,1,40,0,24,80,0
24,36,1008,2,2,0,1,1,963,1,0,39,28,11,0
36,24,1008,2,2,1,0,0,1041,1,39,0,26,34,0
24,37,1000,0,0,0,1,0,411,1,91,0,0,46,0
37,24,1000,0,0,1,0,1,411,1,0,91,46,0,0
24,37,1001,1,0,0,1,0,681,1,76,0,1,25,0
37,24,1001,1,0,1,0,1,682,1,0,77,9,0,0
24,37,1002,2,0,0,1,0,411,1,105,0,13,0,0
37,24,1002,2,0,1,0,1,707,1,0,105,39,0,0
24,37,1003,0,1,0,1,0,958,1,87,0,3,15,0
37,24,1003,0,1,1,0,1,958,1,0,87,15,3,0
24,37,1004,1,1,0,1,0,818,1,75,0,10,30,0
37,24,1004,1,1,1,0,1,904,1,0,59,20,3,0
24,37,1005,2,1,0,1,0,708,1,105,0,12,24,0
37,24,1005,2,1,1,0,1,433,1,0,104,0,0,0
24,37,1006,0,2,0,1,0,769,1,76,0,35,32,0
37,24,1006,0,2,1,0,1,769,1,0,76,32,35,0
24,37,1007,1,2,0,1,0,769,1,76,0,51,0,0
37,24,1007,1,2,1,0,1,770,1,0,91,32,49,0
24,37,1008,2,2,0,1,0,784,1,77,0,23,6,0
37,24,1008,2,2,1,0,1,718,1,0,76,13,18,0
24,38,1000,0,0,0,1,0,472,1,91,0,10,0,0
38,24,1000,0,0,1,0,1,472,1,0,91,0,10,0
24,38,1001,1,0,0,1,0,367,1,91,0,10,0,0
38,24,1001,1,0,1,0,1,367,1,0,91,0,10,0
24,38,1002,2,0,0,1,0,442,1,75,0,9,0,0
38,24,1002,2,0,1,0,1,376,1,0,74,0,9,0
24,38,1003,0,1,0,1,0,469,1,68,0,9,0,0
38,24,1003,0,1,1,0,1,469,1,0,68,0,9,0
24,38,1004,1,1,0,1,0,394,1,91,0,9,0,0
38,24,1004,1,1,1,0,1,394,1,0,91,0,9,0
24,38,1005,2,1,0,1,1,534,1,0,3,9,0,0
38,24,1005,2,1,1,0,1,496,1,0,75,0,9,0
24,38,1006,0,2,0,1,0,409,1,73,0,10,0,0
38,24,1006,0,2,1,0,1,409,1,0,73,0,10,0
24,38,1007,1,2,0,1,0,409,1,35,0,10,0,0
38,24,1007,1,2,1,0,1,409,1,0,35,0,10,0
24,38,1008,2,2,0,1,0,325,1,71,0,10,0,0
38,24,1008,2,2,1,0,1,325,1,0,71,0,10,0
24,39,1000,0,0,0,1,1,625,1,0,3,0,1,0
39,24,1000,0,0,1,0,0,625,1,3,0,1,0,0
24,39,1001,1,0,0,1,1,649,1,0,8,5,10,0
39,24,1001,1,0,1,0,0,649,1,8,0,10,5,0
24,39,1002,2,0,0,1,0,610,1,47,0,21,3,0
39,24,1002,2,0,1,0,1,610,1,0,47,3,21,0
24,39,1003,0,1,0,1,0,739,1,38,0,5,26,0
39,24,1003,0,1,1,0,1,739,1,0,38,26,5,0
24,39,1004,1,1,0,1,1,631,1,0,22,0,7,0
39,24,1004,1,1,1,0,0,631,1,22,0,7,0,0
24,39,1005,2,1,0,1,1,530,1,0,7,70,22,0
39,24,1005,2,1,1,0,0,530,1,7,0,22,70,0
24,39,1006,0,2,0,1,0,1276,1,44,0,14,0,0
39,24,1006,0,2,1,0,1,1276,1,0,44,0,14,0
24,39,1007,1,2,0,1,1,655,1,0,17,0,7,0
39,24,1007,1,2,1,0,0,655,1,17,0,7,0,0
24,39,1008,2,2,0,1,0,610,1,82,0,30,9,0
39,24,1008,2,2,1,0,1,610,1,0,82,9,30,0
25,26,1000,0,0,0,1,0,433,1,80,0,16,3,0
26,25,1000,0,0,1,0,1,433,1,0,80,3,16,0
25,26,1001,1,0,0,1,0,388,1,85,0,16,7,0
26,25,1001,1,0,1,0,1,464,1,0,86,7,16,0
25,26,1002,2,0,0,1,0,988,1,21,0,40,22,0
26,25,1002,2,0,1,0,1,649,1,0,66,0,0,0
25,26,1003,0,1,0,1,0,529,1,62,0,28,10,0
26,25,1003,0,1,1,0,1,529,1,0,62,10,28,0
25,26,1004,1,1,0,1,0,856,1,40,0,20,0,0
26,25,1004,1,1,1,0,1,856,1,0,41,0,20,0
25,26,1005,2,1,0,1,0,534,1,67,0,31,15,0
26,25,1005,2,1,1,0,1,597,1,0,59,15,31,0
25,26,1006,0,2,0,1,0,346,1,73,0,29,0,0
26,25,1006,0,2,1,0,1,346,1,0,73,0,29,0
25,26,1007,1,2,0,1,0,346,1,74,0,29,0,0
26,25,1007,1,2,1,0,1,403,1,0,86,0,29,0
25,26,1008,2,2,0,1,1,1061,1,0,20,28,0,0
26,25,1008,2,2,1,0,1,529,1,0,57,0,28,0
25,27,1000,0,0,0,1,0,841,1,54,0,28,25,0
27,25,1000,0,0,1,0,1,841,1,0,54,25,28,0
25,27,1001,1,0,0,1,0,992,1,32,0,60,0,0
27,25,1001,1,0,1,0,0,1327,1,2,0,11,43,0
25,27,1002,2,0,0,1,0,1152,1,5,0,27,1,0
27,25,1002,2,0,1,0,1,933,1,0,63,0,35,0
25,27,1003,0,1,0,1,0,813,1,50,0,24,1,0
27,25,1003,0,1,1,0,1,813,1,0,50,1,24,0
25,27,1004,1,1,0,1,0,1038,1,43,0,61,14,0
27,25,1004,1,1,1,0,1,1353,1,0,27,0,11,0
25,27,1005,2,1,0,1,0,1302,1,42,0,53,29,0
27,25,1005,2,1,1,0,1,844,1,0,70,0,9,0
25,27,1006,0,2,0,1,1,1298,1,0,37,76,41,0
27,25,1006,0,2,1,0,0,1298,1,37,0,41,76,0
25,27,1007,1,2,0,1,0,1103,1,22,0,47,21,0
27,25,1007,1,2,1,0,0,1094,1,16,0,14,46,0
25,27,1008,2,2,0,1,0,809,1,64,0,52,22,0
27,25,1008,2,2,1,0,1,1543,1,0,46,28,62,0
25,28,1000,0,0,0,1,0,738,1,28,0,37,88,0
28,25,1000,0,0,1,0,1,738,1,0,28,88,37,0
25,28,1001,1,0,0,1,0,785,1,44,0,40,94,0
28,25,1001,1,0,1,0,0,813,1,5,0,45,0,0
25,28,1002,2,0,0,1,0,616,1,35,0,43,30,0
28,25,1002,2,0,1,0,1,985,1,0,25,43,31,0
25,28,1003,0,1,0,1,0,544,1,29,0,2,0,0
28,25,1003,0,1,1,0,1,544,1,0,29,0,2,0
25,28,1004,1,1,0,1,1,1306,1,0,14,4,26,0
28,25,1004,1,1,1,0,0,1306,1,14,0,26,4,0
25,28,1005,2,1,0,1,0,713,1,1,0,5,0,0
28,25,1005,2,1,1,0,1,574,1,0,40,0,5,0
25,28,1006,0,2,0,1,0,693,1,21,0,1,54,0
28,25,1006,0,2,1,0,1,693,1,0,21,54,1,0
25,28,1007,1,2,0,1,1,603,1,0,41,0,34,0
28,25,1007,1,2,1,0,0,783,1,34,0,59,10,0
25,28,1008,2,2,0,1,1,583,1,0,35,5,32,0
28,25,1008,2,2,1,0,0,583,1,28,0,32,5,0
25,29,1000,0,0,0,1,1,782,1,0,58,0,13,0
29,25,1000,0,0,1,0,0,782,1,58,0,13,0,0
25,29,1001,1,0,0,1,1,1675,1,0,3,23,3,0
29,25,1001,1,0,1,0,1,1273,1,0,47,3,23,0
25,29,1002,2,0,0,1,1,815,1,0,18,63,3,0
29,25,1002,2,0,1,0,0,815,1,18,0,3,63,0
25,29,1003,0,1,0,1,0,1075,1,18,0,9,6,0
29,25,1003,0,1,1,0,1,1075,1,0,18,6,9,0
25,29,1004,1,1,0,1,1,1014,1,0,71,45,15,0
29,25,1004,1,1,1,0,0,1014,1,59,0,15,45,0
25,29,1005,2,1,0,1,1,672,1,0,27,18,0,0
29,25,1005,2,1,1,0,0,672,1,27,0,0,18,0
25,29,1006,0,2,0,1,1,638,1,0,99,1,0,0
29,25,1006,0,2,1,0,0,638,1,99,0,0,1,0
25,29,1007,1,2,0,1,1,984,1,0,22,45,1,0
29,25,1007,1,2,1,0,0,984,1,22,0,1,45,0
25,29,1008,2,2,0,1,1,1193,1,0,70,15,17,0
29,25,1008,2,2,1,0,0,1193,1,55,0,17,15,0
25,30,1000,0,0,0,1,0,595,1,56,0,3,17,0
30,25,1000,0,0,1,0,1,595,1,0,56,17,3,0
25,30,1001,1,0,0,1,0,631,1,92,0,12,23,0
30,25,1001,1,0,1,0,1,631,1,0,81,23,12,0
25,30,1002,2,0,0,1,0,913,1,93,0,40,8,0
30,25,1002,2,0,1,0,1,1048,1,0,93,8,40,0
25,30,1003,0,1,0,1,0,392,1,82,0,43,0,0
30,25,1003,0,1,1,0,1,392,1,0,82,0,43,0
25,30,1004,1,1,0,1,0,710,1,55,0,8,0,0
30,25,1004,1,1,1,0,0,1354,1,10,0,0,40,0
25,30,1005,2,1,0,1,0,703,1,34,0,36,0,0
30,25,1005,2,1,1,0,1,502,1,0,93,0,28,0
25,30,1006,0,2,0,1,0,766,1,92,0,48,0,0
30,25,1006,0,2,1,0,1,766,1,0,92,0,48,0
25,30,1007,1,2,0,1,0,676,1,82,0,5,12,0
30,25,1007,1,2,1,0,1,886,1,0,93,12,5,0
25,30,1008,2,2,0,1,0,902,1,50,0,7,1,0
30,25,1008,2,2,1,0,1,841,1,0,92,1,7,0
25,31,1000,0,0,0,1,0,797,1,62,0,0,11,0
31,25,1000,0,0,1,0,1,797,1,0,62,11,0,0
25,31,1001,1,0,0,1,0,730,1,75,0,9,3,0
31,25,1001,1,0,1,0,1,1096,1,0,47,3,9,0
25,31,1002,2,0,0,1,0,694,1,83,0,0,1,0
31,25,1002,2,0,1,0,1,694,1,0,68,1,0,0
25,31,1003,0,1,0,1,0,829,1,25,0,42,45,0
31,25,1003,0,1,1,0,1,829,1,0,25,45,42,0
25,31,1004,1,1,0,1,0,700,1,53,0,7,23,0
31,25,1004,1,1,1,0,1,920,1,0,68,23,7,0
25,31,1005,2,1,0,1,0,751,1,61,0,30,21,0
31,25,1005,2,1,1,0,1,769,1,0,68,44,83,0
25,31,1006,0,2,0,1,0,1147,1,51,0,30,26,0
31,25,1006,0,2,1,0,1,1147,1,0,51,26,30,0
25,31,1007,1,2,0,1,0,903,1,67,0,8,13,0
31,25,1007,1,2,1,0,1,1672,1,0,6,28,64,0
25,31,1008,2,2,0,1,0,859,1,67,0,0,15,0
31,25,1008,2,2,1,0,1,590,1,0,99,15,0,0
25,32,1000,0,0,0,1,1,1189,1,0,5,2,30,0
32,25,1000,0,0,1,0,0,1189,1,5,0,30,2,0
25,32,1001,1,0,0,1,0,1705,1,16,0,47,193,0
32,25,1001,1,0,1,0,1,1897,1,0,18,229,80,0
25,32,1002,2,0,0,1,0,1561,1,35,0,22,23,0
32,25,1002,2,0,1,0,1,1053,1,0,84,23,22,0
25,32,1003,0,1,0,1,0,512,1,63,0,0,0,0
32,25,1003,0,1,1,0,1,512,1,0,63,0,0,0
25,32,1004,1,1,0,1,0,1537,1,55,0,5,2,0
32,25,1004,1,1,1,0,1,1465,1,0,57,2,5,0
25,32,1005,2,1,0,1,1,910,1,0,56,3,0,0
32,25,1005,2,1,1,0,1,1429,1,0,15,0,3,0
25,32,1006,0,2,0,1,0,1021,1,35,0,32,0,0
32,25,1006,0,2,1,0,1,1021,1,0,35,0,32,0
25,32,1007,1,2,0,1,0,1156,1,58,0,53,0,0
32,25,1007,1,2,1,0,1,901,1,0,28,0,22,0
25,32,1008,2,2,0,1,1,1143,1,0,12,3,28,0
32,25,1008,2,2,1,0,1,908,1,0,37,1,6,0
25,33,1000,0,0,0,1,0,646,1,80,0,14,6,0
33,25,1000,0,0,1,0,1,646,1,0,80,6,14,0
25,33,1001,1,0,0,1,0,652,1,85,0,0,19,0
33,25,1001,1,0,1,0,1,625,1,0,102,1,4,0
25,33,1002,2,0,0,1,0,604,1,64,0,73,7,0
33,25,1002,2,0,1,0,1,646,1,0,102,13,35,0
25,33,1003,0,1,0,1,0,445,1,102,0,0,16,0
33,25,1003,0,1,1,0,1,445,1,0,102,16,0,0
25,33,1004,1,1,0,1,0,520,1,114,0,8,15,0
33,25,1004,1,1,1,0,1,445,1,0,102,0,24,0
25,33,1005,2,1,0,1,0,476,1,102,0,0,3,0
33,25,1005,2,1,1,0,1,778,1,0,50,0,1,0
25,33,1006,0,2,0,1,0,445,1,102,0,30,7,0
33,25,1006,0,2,1,0,1,445,1,0,102,7,30,0
25,33,1007,1,2,0,1,0,477,1,102,0,12,7,0
33,25,1007,1,2,1,0,1,541,1,0,102,16,49,0
25,33,1008,2,2,0,1,0,886,1,85,0,0,16,0
33,25,1008,2,2,1,0,1,706,1,0,90,24,9,0
25,34,1000,0,0,0,1,0,601,1,65,0,0,0,0
34,25,1000,0,0,1,0,1,601,1,0,65,0,0,0
25,34,1001,1,0,0,1,1,713,1,0,6,0,0,0
34,25,1001,1,0,1,0,1,736,1,0,64,0,0,0
25,34,1002,2,0,0,1,0,671,1,51,0,0,0,0
34,25,1002,2,0,1,0,1,671,1,0,70,0,0,0
25,34,1003,0,1,0,1,0,742,1,72,0,0,1,0
34,25,1003,0,1,1,0,1,742,1,0,72,1,0,0
25,34,1004,1,1,0,1,0,463,1,80,0,0,2,0
34,25,1004,1,1,1,0,1,564,1,0,60,2,0,0
25,34,1005,2,1,0,1,0,982,1,20,0,0,0,0
34,25,1005,2,1,1,0,1,571,1,0,20,10,23,0
25,34,1006,0,2,0,1,0,628,1,65,0,0,0,0
34,25,1006,0,2,1,0,1,628,1,0,65,0,0,0
25,34,1007,1,2,0,1,0,628,1,65,0,0,0,0
34,25,1007,1,2,1,0,1,802,1,0,77,0,0,0
25,34,1008,2,2,0,1,0,673,1,77,0,0,4,0
34,25,1008,2,2,1,0,1,682,1,0,18,0,0,0
25,35,1000,0,0,0,1,0,820,1,42,0,72,13,0
35,25,1000,0,0,1,0,1,820,1,0,42,13,72,0
25,35,1001,1,0,0,1,0,694,1,70,0,31,4,0
35,25,1001,1,0,1,0,1,694,1,0,70,4,31,0
25,35,1002,2,0,0,1,0,1019,1,40,0,39,37,0
35,25,1002,2,0,1,0,1,1020,1,0,26,37,39,0
25,35,1003,0,1,0,1,0,581,1,85,0,65,10,0
35,25,1003,0,1,1,0,1,581,1,0,85,10,65,0
25,35,1004,1,1,0,1,0,913,1,40,0,17,0,0
35,25,1004,1,1,1,0,1,637,1,0,71,0,17,0
25,35,1005,2,1,0,1,0,664,1,86,0,70,12,0
35,25,1005,2,1,1,0,1,775,1,0,57,12,70,0
25,35,1006,0,2,0,1,0,1372,1,22,0,94,46,0
35,25,1006,0,2,1,0,1,1372,1,0,22,46,94,0
25,35,1007,1,2,0,1,0,1387,1,7,0,40,33,0
35,25,1007,1,2,1,0,1,838,1,0,40,6,55,0
25,35,1008,2,2,0,1,0,1060,1,9,0,26,12,0
35,25,1008,2,2,1,0,0,1015,1,12,0,12,26,0
25,36,1000,0,0,0,1,0,400,1,51,0,10,0,0
36,25,1000,0,0,1,0,1,400,1,0,51,0,10,0
25,36,1001,1,0,0,1,1,501,1,0,45,10,0,0
36,25,1001,1,0,1,0,0,501,1,30,0,0,10,0
25,36,1002,2,0,0,1,1,603,1,0,7,10,0,0
36,25,1002,2,0,1,0,1,268,1,0,39,0,10,0
25,36,1003,0,1,0,1,0,590,1,13,0,12,23,0
36,25,1003,0,1,1,0,1,590,1,0,13,23,12,0
25,36,1004,1,1,0,1,1,607,1,0,50,16,0,0
36,25,1004,1,1,1,0,0,607,1,50,0,0,16,0
25,36,1005,2,1,0,1,0,346,1,39,0,13,26,0
36,25,1005,2,1,1,0,1,394,1,0,39,26,26,0
25,36,1006,0,2,0,1,0,487,1,47,0,29,6,0
36,25,1006,0,2,1,0,1,487,1,0,47,6,29,0
25,36,1007,1,2,0,1,0,487,1,60,0,28,6,0
36,25,1007,1,2,1,0,1,487,1,0,47,6,28,0
25,36,1008,2,2,0,1,1,366,1,0,30,39,6,0
36,25,1008,2,2,1,0,0,366,1,8,0,6,39,0
25,37,1000,0,0,0,1,0,1095,1,85,0,37,10,0
37,25,1000,0,0,1,0,1,1095,1,0,85,10,37,0
25,37,1001,1,0,0,1,0,406,1,86,0,17,10,0
37,25,1001,1,0,1,0,1,406,1,0,86,43,20,0
25,37,1002,2,0,0,1,0,619,1,100,0,17,0,0
37,25,1002,2,0,1,0,1,707,1,0,84,0,17,0
25,37,1003,0,1,0,1,0,481,1,86,0,53,12,0
37,25,1003,0,1,1,0,1,481,1,0,86,12,53,0
25,37,1004,1,1,0,1,0,643,1,86,0,17,12,0
37,25,1004,1,1,1,0,1,577,1,0,70,2,21,0
25,37,1005,2,1,0,1,0,961,1,95,0,48,0,0
37,25,1005,2,1,1,0,1,526,1,0,98,10,49,0
25,37,1006,0,2,0,1,0,799,1,85,0,19,27,0
37,25,1006,0,2,1,0,1,799,1,0,85,27,19,0
25,37,1007,1,2,0,1,0,964,1,70,0,19,24,0
37,25,1007,1,2,1,0,1,406,1,0,100,0,20,0
25,37,1008,2,2,0,1,0,1021,1,82,0,57,30,0
37,25,1008,2,2,1,0,1,864,1,0,84,0,9,0
25,38,1000,0,0,0,1,0,369,1,40,0,11,0,0
38,25,1000,0,0,1,0,1,369,1,0,40,0,11,0
25,38,1001,1,0,0,1,1,523,1,0,68,11,0,0
38,25,1001,1,0,1,0,0,533,1,17,0,0,11,0
25,38,1002,2,0,0,1,1,543,1,0,1,11,0,0
38,25,1002,2,0,1,0,1,390,1,0,20,0,11,0
25,38,1003,0,1,0,1,0,403,1,19,0,11,0,0
38,25,1003,0,1,1,0,1,403,1,0,19,0,11,0
25,38,1004,1,1,0,1,0,546,1,24,0,11,0,0
38,25,1004,1,1,1,0,1,623,1,0,27,5,10,0
25,38,1005,2,1,0,1,1,533,1,0,2,11,0,0
38,25,1005,2,1,1,0,1,828,1,0,1,1,15,0
25,38,1006,0,2,0,1,0,319,1,50,0,11,0,0
38,25,1006,0,2,1,0,1,319,1,0,50,0,11,0
25,38,1007,1,2,0,1,0,592,1,63,0,11,0,0
38,25,1007,1,2,1,0,0,411,1,54,0,9,22,0
25,38,1008,2,2,0,1,0,562,1,6,0,11,0,0
38,25,1008,2,2,1,0,1,656,1,0,52,2,20,0
25,39,1000,0,0,0,1,0,1579,1,7,0,0,8,0
39,25,1000,0,0,1,0,1,1579,1,0,7,8,0,0
25,39,1001,1,0,0,1,0,1546,1,16,0,30,8,0
39,25,1001,1,0,1,0,0,1513,1,10,0,0,1,0
25,39,1002,2,0,0,1,0,1591,1,27,0,22,10,0
39,25,1002,2,0,1,0,1,1063,1,0,39,12,3,0
25,39,1003,0,1,0,1,1,1138,1,0,49,16,11,0
39,25,1003,0,1,1,0,0,1138,1,49,0,11,16,0
25,39,1004,1,1,0,1,0,1400,1,79,0,15,11,0
39,25,1004,1,1,1,0,1,1510,1,0,79,11,15,0
25,39,1005,2,1,0,1,0,913,1,55,0,3,13,0
39,25,1005,2,1,1,0,1,913,1,0,55,13,3,0
25,39,1006,0,2,0,1,0,1242,1,3,0,0,21,0
39,25,1006,0,2,1,0,1,1242,1,0,3,21,0,0
25,39,1007,1,2,0,1,0,1242,1,3,0,0,0,0
39,25,1007,1,2,1,0,1,1243,1,0,59,0,0,0
25,39,1008,2,2,0,1,0,1018,1,71,0,0,4,0
39,25,1008,2,2,1,0,1,1142,1,0,79,4,0,0
26,27,1000,0,0,0,1,1,1015,1,0,9,15,0,0
27,26,1000,0,0,1,0,0,1015,1,9,0,0,15,0
26,27,1001,1,0,0,1,0,917,1,30,0,7,0,0
27,26,1001,1,0,1,0,1,1448,1,0,30,0,9,0
26,27,1002,2,0,0,1,1,870,1,0,11,8,0,0
27,26,1002,2,0,1,0,1,718,1,0,42,0,8,0
26,27,1003,0,1,0,1,0,848,1,60,0,31,59,0
27,26,1003,0,1,1,0,1,848,1,0,60,59,31,0
26,27,1004,1,1,0,1,1,819,1,0,51,13,76,0
27,26,1004,1,1,1,0,1,698,1,0,57,0,5,0
26,27,1005,2,1,0,1,1,589,1,0,59,18,35,0
27,26,1005,2,1,1,0,1,772,1,0,27,75,69,0
26,27,1006,0,2,0,1,0,1367,1,12,0,10,0,0
27,26,1006,0,2,1,0,1,1367,1,0,12,0,10,0
26,27,1007,1,2,0,1,0,897,1,27,0,10,0,0
27,26,1007,1,2,1,0,0,734,1,39,0,0,10,0
26,27,1008,2,2,0,1,0,958,1,3,0,10,2,0
27,26,1008,2,2,1,0,0,701,1,21,0,58,49,0
26,28,1000,0,0,0,1,1,450,1,0,34,34,35,0
28,26,1000,0,0,1,0,0,450,1,34,0,35,34,0
26,28,1001,1,0,0,1,1,492,1,0,58,11,26,0
28,26,1001,1,0,1,0,0,492,1,58,0,26,11,0
26,28,1002,2,0,0,1,0,360,1,49,0,37,50,0
28,26,1002,2,0,1,0,1,673,1,0,29,100,99,0
26,28,1003,0,1,0,1,1,570,1,0,36,3,9,0
28,26,1003,0,1,1,0,0,570,1,36,0,9,3,0
26,28,1004,1,1,0,1,0,756,1,34,0,0,34,0
28,26,1004,1,1,1,0,1,756,1,0,17,34,0,0
26,28,1005,2,1,0,1,1,983,1,0,25,21,84,0
28,26,1005,2,1,1,0,1,336,1,0,69,3,26,0
26,28,1006,0,2,0,1,0,752,1,64,0,45,95,0
28,26,1006,0,2,1,0,1,752,1,0,64,95,45,0
26,28,1007,1,2,0,1,1,662,1,0,101,6,41,0
28,26,1007,1,2,1,0,0,773,1,56,0,41,6,0
26,28,1008,2,2,0,1,1,585,1,0,38,9,48,0
28,26,1008,2,2,1,0,0,585,1,43,0,48,9,0
26,29,1000,0,0,0,1,1,601,1,0,53,0,0,0
29,26,1000,0,0,1,0,0,601,1,53,0,0,0,0
26,29,1001,1,0,0,1,1,700,1,0,30,0,9,0
29,26,1001,1,0,1,0,0,700,1,16,0,9,0,0
26,29,1002,2,0,0,1,1,472,1,0,82,0,0,0
29,26,1002,2,0,1,0,0,472,1,82,0,0,0,0
26,29,1003,0,1,0,1,1,773,1,0,46,6,0,0
29,26,1003,0,1,1,0,0,742,1,62,0,0,6,0
26,29,1004,1,1,0,1,1,763,1,0,43,0,0,0
29,26,1004,1,1,1,0,0,670,1,59,0,0,0,0
26,29,1005,2,1,0,1,0,1007,1,46,0,0,1,0
29,26,1005,2,1,1,0,1,937,1,0,31,1,0,0
26,29,1006,0,2,0,1,0,824,1,2,0,0,0,0
29,26,1006,0,2,1,0,1,824,1,0,2,0,0,0
26,29,1007,1,2,0,1,1,772,1,0,30,0,0,0
29,26,1007,1,2,1,0,1,824,1,0,2,0,0,0
26,29,1008,2,2,0,1,0,757,1,20,0,1,2,0
29,26,1008,2,2,1,0,1,757,1,0,5,2,1,0
26,30,1000,0,0,0,1,0,797,1,44,0,0,10,0
30,26,1000,0,0,1,0,1,797,1,0,44,10,0,0
26,30,1001,1,0,0,1,0,1106,1,21,0,1,29,0
30,26,1001,1,0,1,0,1,645,1,0,32,15,0,0
26,30,1002,2,0,0,1,0,375,1,48,0,26,11,0
30,26,1002,2,0,1,0,1,375,1,0,48,11,26,0
26,30,1003,0,1,0,1,0,778,1,6,0,0,7,0
30,26,1003,0,1,1,0,1,778,1,0,6,7,0,0
26,30,1004,1,1,0,1,0,734,1,55,0,1,40,0
30,26,1004,1,1,1,0,1,734,1,0,44,40,1,0
26,30,1005,2,1,0,1,0,657,1,59,0,0,31,0
30,26,1005,2,1,1,0,1,490,1,0,16,31,0,0
26,30,1006,0,2,0,1,1,853,1,0,4,0,19,0
30,26,1006,0,2,1,0,0,853,1,4,0,19,0,0
26,30,1007,1,2,0,1,1,546,1,0,64,0,0,0
30,26,1007,1,2,1,0,0,548,1,64,0,0,0,0
26,30,1008,2,2,0,1,0,372,1,32,0,21,12,0
30,26,1008,2,2,1,0,1,372,1,0,32,12,21,0
26,31,1000,0,0,0,1,1,558,1,0,39,11,6,0
31,26,1000,0,0,1,0,0,558,1,39,0,6,11,0
26,31,1001,1,0,0,1,0,687,1,45,0,15,15,0
31,26,1001,1,0,1,0,1,573,1,0,30,12,15,0
26,31,1002,2,0,0,1,1,644,1,0,14,14,11,0
31,26,1002,2,0,1,0,1,624,1,0,41,11,14,0
26,31,1003,0,1,0,1,0,611,1,14,0,6,29,0
31,26,1003,0,1,1,0,1,611,1,0,14,29,6,0
26,31,1004,1,1,0,1,0,684,1,46,0,2,9,0
31,26,1004,1,1,1,0,1,643,1,0,25,9,2,0
26,31,1005,2,1,0,1,0,722,1,7,0,13,15,0
31,26,1005,2,1,1,0,1,685,1,0,20,15,13,0
26,31,1006,0,2,0,1,0,781,1,9,0,11,11,0
31,26,1006,0,2,1,0,1,781,1,0,9,11,11,0
26,31,1007,1,2,0,1,0,795,1,50,0,11,6,0
31,26,1007,1,2,1,0,1,656,1,0,69,14,8,0
26,31,1008,2,2,0,1,1,853,1,0,7,1,40,0
31,26,1008,2,2,1,0,0,767,1,30,0,40,1,0
26,32,1000,0,0,0,1,1,728,1,0,72,2,33,0
32,26,1000,0,0,1,0,0,728,1,72,0,33,2,0
26,32,1001,1,0,0,1,0,691,1,17,0,0,20,0
32,26,1001,1,0,1,0,0,897,1,27,0,20,0,0
26,32,1002,2,0,0,1,1,1099,1,0,26,75,28,0
32,26,1002,2,0,1,0,0,1255,1,8,0,28,75,0
26,32,1003,0,1,0,1,1,1123,1,0,9,0,18,0
32,26,1003,0,1,1,0,0,1123,1,9,0,18,0,0
26,32,1004,1,1,0,1,1,1099,1,0,11,12,20,0
32,26,1004,1,1,1,0,0,928,1,30,0,20,12,0
26,32,1005,2,1,0,1,1,639,1,0,56,26,76,0
32,26,1005,2,1,1,0,0,832,1,86,0,76,26,0
26,32,1006,0,2,0,1,1,912,1,0,34,0,32,0
32,26,1006,0,2,1,0,0,912,1,34,0,32,0,0
26,32,1007,1,2,0,1,0,916,1,24,0,54,45,0
32,26,1007,1,2,1,0,0,1380,1,27,0,91,67,0
26,32,1008,2,2,0,1,1,1250,1,0,14,14,23,0
32,26,1008,2,2,1,0,0,901,1,5,0,23,0,0
26,33,1000,0,0,0,1,0,455,1,67,0,0,0,0
33,26,1000,0,0,1,0,1,455,1,0,67,0,0,0
26,33,1001,1,0,0,1,0,594,1,74,0,0,0,0
33,26,1001,1,0,1,0,1,509,1,0,74,0,0,0
26,33,1002,2,0,0,1,0,532,1,8,0,4,0,0
33,26,1002,2,0,1,0,1,599,1,0,50,0,0,0
26,33,1003,0,1,0,1,0,473,1,67,0,0,0,0
33,26,1003,0,1,1,0,1,473,1,0,67,0,0,0
26,33,1004,1,1,0,1,0,376,1,45,0,0,0,0
33,26,1004,1,1,1,0,1,416,1,0,96,0,0,0
26,33,1005,2,1,0,1,0,436,1,67,0,0,0,0
33,26,1005,2,1,1,0,1,435,1,0,67,0,0,0
26,33,1006,0,2,0,1,0,379,1,96,0,0,0,0
33,26,1006,0,2,1,0,1,379,1,0,96,0,0,0
26,33,1007,1,2,0,1,0,379,1,84,0,0,18,0
33,26,1007,1,2,1,0,1,379,1,0,96,18,0,0
26,33,1008,2,2,0,1,0,543,1,50,0,16,0,0
33,26,1008,2,2,1,0,1,543,1,0,72,0,16,0
26,34,1000,0,0,0,1,0,512,1,87,0,0,0,0
34,26,1000,0,0,1,0,1,512,1,0,87,0,0,0
26,34,1001,1,0,0,1,0,451,1,38,0,0,0,0
34,26,1001,1,0,1,0,1,374,1,0,57,0,0,0
26,34,1002,2,0,0,1,1,630,1,0,28,0,8,0
34,26,1002,2,0,1,0,0,740,1,4,0,8,0,0
26,34,1003,0,1,0,1,0,512,1,70,0,0,0,0
34,26,1003,0,1,1,0,1,512,1,0,70,0,0,0
26,34,1004,1,1,0,1,0,579,1,51,0,2,0,0
34,26,1004,1,1,1,0,1,661,1,0,16,0,2,0
26,34,1005,2,1,0,1,0,475,1,7,0,2,10,0
34,26,1005,2,1,1,0,1,540,1,0,13,10,2,0
26,34,1006,0,2,0,1,0,383,1,74,0,0,0,0
34,26,1006,0,2,1,0,1,383,1,0,74,0,0,0
26,34,1007,1,2,0,1,0,597,1,73,0,0,0,0
34,26,1007,1,2,1,0,1,403,1,0,70,0,0,0
26,34,1008,2,2,0,1,0,400,1,52,0,0,0,0
34,26,1008,2,2,1,0,1,383,1,0,74,0,0,0
26,35,1000,0,0,0,1,0,743,1,80,0,7,7,0
35,26,1000,0,0,1,0,1,743,1,0,80,7,7,0
26,35,1001,1,0,0,1,0,604,1,94,0,2,36,0
35,26,1001,1,0,1,0,1,872,1,0,66,7,6,0
26,35,1002,2,0,0,1,0,1387,1,50,0,17,7,0
35,26,1002,2,0,1,0,1,1388,1,0,50,7,17,0
26,35,1003,0,1,0,1,0,894,1,66,0,0,18,0
35,26,1003,0,1,1,0,1,894,1,0,66,18,0,0
26,35,1004,1,1,0,1,0,663,1,94,0,1,0,0
35,26,1004,1,1,1,0,1,623,1,0,94,0,1,0
26,35,1005,2,1,0,1,0,658,1,94,0,12,19,0
35,26,1005,2,1,1,0,1,699,1,0,80,9,0,0
26,35,1006,0,2,0,1,0,717,1,66,0,8,11,0
35,26,1006,0,2,1,0,1,717,1,0,66,11,8,0
26,35,1007,1,2,0,1,0,827,1,80,0,0,11,0
35,26,1007,1,2,1,0,1,1058,1,0,80,8,28,0
26,35,1008,2,2,0,1,0,1227,1,38,0,0,44,0
35,26,1008,2,2,1,0,1,900,1,0,80,26,12,0
26,36,1000,0,0,0,1,0,378,1,48,0,2,41,0
36,26,1000,0,0,1,0,1,378,1,0,48,41,2,0
26,36,1001,1,0,0,1,0,879,1,62,0,6,18,0
36,26,1001,1,0,1,0,1,348,1,0,88,27,0,0
26,36,1002,2,0,0,1,0,259,1,58,0,9,9,0
36,26,1002,2,0,1,0,1,391,1,0,65,9,9,0
26,36,1003,0,1,0,1,0,348,1,75,0,8,14,0
36,26,1003,0,1,1,0,1,348,1,0,75,14,8,0
26,36,1004,1,1,0,1,1,466,1,0,29,0,16,0
36,26,1004,1,1,1,0,1,260,1,0,56,9,0,0
26,36,1005,2,1,0,1,0,440,1,56,0,9,26,0
36,26,1005,2,1,1,0,1,396,1,0,61,12,0,0
26,36,1006,0,2,0,1,1,525,1,0,13,0,25,0
36,26,1006,0,2,1,0,0,525,1,13,0,25,0,0
26,36,1007,1,2,0,1,1,675,1,0,19,12,15,0
36,26,1007,1,2,1,0,1,402,1,0,68,24,0,0
26,36,1008,2,2,0,1,1,880,1,0,23,19,12,0
36,26,1008,2,2,1,0,0,660,1,31,0,13,17,0
26,37,1000,0,0,0,1,0,641,1,35,0,0,0,0
37,26,1000,0,0,1,0,1,641,1,0,35,0,0,0
26,37,1001,1,0,0,1,0,605,1,51,0,0,0,0
37,26,1001,1,0,1,0,1,374,1,0,80,10,3,0
26,37,1002,2,0,0,1,0,818,1,18,0,2,0,0
37,26,1002,2,0,1,0,1,561,1,0,80,10,1,0
26,37,1003,0,1,0,1,0,579,1,78,0,7,0,0
37,26,1003,0,1,1,0,1,579,1,0,78,0,7,0
26,37,1004,1,1,0,1,0,940,1,47,0,29,0,0
37,26,1004,1,1,1,0,1,500,1,0,52,8,0,0
26,37,1005,2,1,0,1,0,650,1,62,0,23,1,0
37,26,1005,2,1,1,0,1,580,1,0,62,19,0,0
26,37,1006,0,2,0,1,0,461,1,80,0,10,20,0
37,26,1006,0,2,1,0,1,461,1,0,80,20,10,0
26,37,1007,1,2,0,1,0,476,1,94,0,8,27,0
37,26,1007,1,2,1,0,1,493,1,0,64,10,20,0
26,37,1008,2,2,0,1,0,511,1,52,0,12,7,0
37,26,1008,2,2,1,0,1,857,1,0,48,16,6,0
26,38,1000,0,0,0,1,0,480,1,9,0,7,15,0
38,26,1000,0,0,1,0,1,480,1,0,9,15,7,0
26,38,1001,1,0,0,1,1,587,1,0,9,0,0,0
38,26,1001,1,0,1,0,0,996,1,68,0,0,0,0
26,38,1002,2,0,0,1,0,364,1,43,0,0,0,0
38,26,1002,2,0,1,0,0,514,1,29,0,12,0,0
26,38,1003,0,1,0,1,0,447,1,43,0,5,0,0
38,26,1003,0,1,1,0,1,447,1,0,43,0,5,0
26,38,1004,1,1,0,1,0,381,1,10,0,0,0,0
38,26,1004,1,1,1,0,0,509,1,26,0,0,4,0
26,38,1005,2,1,0,1,1,1110,1,0,67,6,12,0
38,26,1005,2,1,1,0,0,330,1,47,0,0,1,0
26,38,1006,0,2,0,1,0,590,1,43,0,0,0,0
38,26,1006,0,2,1,0,1,590,1,0,43,0,0,0
26,38,1007,1,2,0,1,1,636,1,0,9,0,0,0
38,26,1007,1,2,1,0,0,525,1,39,0,0,0,0
26,38,1008,2,2,0,1,1,642,1,0,19,0,0,0
38,26,1008,2,2,1,0,0,417,1,23,0,0,0,0
26,39,1000,0,0,0,1,0,846,1,57,0,0,1,0
39,26,1000,0,0,1,0,1,846,1,0,57,1,0,0
26,39,1001,1,0,0,1,1,799,1,0,2,0,0,0
39,26,1001,1,0,1,0,1,719,1,0,28,0,0,0
26,39,1002,2,0,0,1,0,604,1,70,0,0,0,0
39,26,1002,2,0,1,0,1,764,1,0,70,0,1,0
26,39,1003,0,1,0,1,0,564,1,3,0,0,3,0
39,26,1003,0,1,1,0,1,564,1,0,3,3,0,0
26,39,1004,1,1,0,1,1,643,1,0,12,0,10,0
39,26,1004,1,1,1,0,1,815,1,0,46,18,0,0
26,39,1005,2,1,0,1,0,706,1,43,0,0,0,0
39,26,1005,2,1,1,0,0,544,1,25,0,7,0,0
26,39,1006,0,2,0,1,0,881,1,14,0,0,0,0
39,26,1006,0,2,1,0,1,881,1,0,14,0,0,0
26,39,1007,1,2,0,1,0,594,1,36,0,0,0,0
39,26,1007,1,2,1,0,1,688,1,0,36,0,0,0
26,39,1008,2,2,0,1,0,608,1,46,0,0,0,0
39,26,1008,2,2,1,0,1,608,1,0,46,0,0,0
27,28,1000,0,0,0,1,1,372,1,0,14,19,62,0
28,27,1000,0,0,1,0,0,372,1,14,0,62,19,0
27,28,1001,1,0,0,1,1,597,1,0,11,47,61,0
28,27,1001,1,0,1,0,0,387,1,65,0,11,15,0
27,28,1002,2,0,0,1,1,597,1,0,74,12,52,0
28,27,1002,2,0,1,0,0,351,1,95,0,37,12,0
27,28,1003,0,1,0,1,1,630,1,0,11,76,157,0
28,27,1003,0,1,1,0,0,630,1,11,0,157,76,0
27,28,1004,1,1,0,1,1,365,1,0,62,29,142,0
28,27,1004,1,1,1,0,0,453,1,29,0,184,37,0
27,28,1005,2,1,0,1,1,417,1,0,32,50,126,0
28,27,1005,2,1,1,0,1,637,1,0,51,161,83,0
27,28,1006,0,2,0,1,1,264,1,0,65,13,65,0
28,27,1006,0,2,1,0,0,264,1,65,0,65,13,0
27,28,1007,1,2,0,1,1,384,1,0,50,55,64,0
28,27,1007,1,2,1,0,0,264,1,77,0,57,10,0
27,28,1008,2,2,0,1,0,596,1,2,0,15,22,0
28,27,1008,2,2,1,0,0,477,1,32,0,33,38,0
27,29,1000,0,0,0,1,1,772,1,0,61,13,99,0
29,27,1000,0,0,1,0,0,772,1,61,0,99,13,0
27,29,1001,1,0,0,1,1,579,1,0,47,16,22,0
29,27,1001,1,0,1,0,0,793,1,74,0,12,0,0
27,29,1002,2,0,0,1,1,733,1,0,54,0,16,0
29,27,1002,2,0,1,0,0,739,1,54,0,32,0,0
27,29,1003,0,1,0,1,1,907,1,0,54,0,41,0
29,27,1003,0,1,1,0,0,907,1,54,0,41,0,0
27,29,1004,1,1,0,1,1,655,1,0,63,0,23,0
29,27,1004,1,1,1,0,0,568,1,81,0,20,0,0
27,29,1005,2,1,0,1,1,733,1,0,96,0,14,0
29,27,1005,2,1,1,0,0,622,1,65,0,17,0,0
27,29,1006,0,2,0,1,1,433,1,0,80,0,12,0
29,27,1006,0,2,1,0,0,433,1,80,0,12,0,0
27,29,1007,1,2,0,1,1,730,1,0,68,16,15,0
29,27,1007,1,2,1,0,0,610,1,99,0,12,0,0
27,29,1008,2,2,0,1,1,763,1,0,27,61,27,0
29,27,1008,2,2,1,0,0,781,1,32,0,12,0,0
27,30,1000,0,0,0,1,0,517,1,35,0,10,16,0
30,27,1000,0,0,1,0,1,517,1,0,35,16,10,0
27,30,1001,1,0,0,1,0,500,1,51,0,0,14,0
30,27,1001,1,0,1,0,0,946,1,30,0,25,42,0
27,30,1002,2,0,0,1,1,607,1,0,15,32,47,0
30,27,1002,2,0,1,0,1,713,1,0,83,102,58,0
27,30,1003,0,1,0,1,0,541,1,29,0,5,14,0
30,27,1003,0,1,1,0,1,541,1,0,29,14,5,0
27,30,1004,1,1,0,1,0,967,1,34,0,36,42,0
30,27,1004,1,1,1,0,1,681,1,0,7,14,21,0
27,30,1005,2,1,0,1,0,592,1,89,0,0,14,0
30,27,1005,2,1,1,0,0,544,1,15,0,13,0,0
27,30,1006,0,2,0,1,0,809,1,78,0,6,35,0
30,27,1006,0,2,1,0,1,809,1,0,78,35,6,0
27,30,1007,1,2,0,1,0,953,1,56,0,18,22,0
30,27,1007,1,2,1,0,0,928,1,21,0,80,49,0
27,30,1008,2,2,0,1,0,569,1,13,0,31,44,0
30,27,1008,2,2,1,0,1,709,1,0,45,46,9,0
27,31,1000,0,0,0,1,0,671,1,70,0,37,68,0
31,27,1000,0,0,1,0,1,671,1,0,70,68,37,0
27,31,1001,1,0,0,1,1,1408,1,0,33,73,74,0
31,27,1001,1,0,1,0,0,1022,1,27,0,78,29,0
27,31,1002,2,0,0,1,0,979,1,48,0,1,35,0
31,27,1002,2,0,1,0,0,1146,1,84,0,182,61,0
27,31,1003,0,1,0,1,1,984,1,0,48,48,54,0
31,27,1003,0,1,1,0,0,984,1,48,0,54,48,0
27,31,1004,1,1,0,1,1,1517,1,0,54,33,38,0
31,27,1004,1,1,1,0,0,794,1,18,0,0,20,0
27,31,1005,2,1,0,1,1,1324,1,0,87,6,52,0
31,27,1005,2,1,1,0,1,1327,1,0,3,65,81,0
27,31,1006,0,2,0,1,0,960,1,15,0,39,18,0
31,27,1006,0,2,1,0,1,960,1,0,15,18,39,0
27,31,1007,1,2,0,1,0,1303,1,50,0,0,24,0
31,27,1007,1,2,1,0,1,742,1,0,1,22,0,0
27,31,1008,2,2,0,1,0,1267,1,49,0,0,16,0
31,27,1008,2,2,1,0,1,1249,1,0,4,22,10,0
27,32,1000,0,0,0,1,1,757,1,0,48,21,30,0
32,27,1000,0,0,1,0,0,757,1,48,0,30,21,0
27,32,1001,1,0,0,1,1,1065,1,0,63,142,91,0
32,27,1001,1,0,1,0,0,832,1,3,0,16,4,0
27,32,1002,2,0,0,1,0,664,1,53,0,81,173,0
32,27,1002,2,0,1,0,1,982,1,0,22,36,0,0
27,32,1003,0,1,0,1,1,817,1,0,9,37,29,0
32,27,1003,0,1,1,0,0,817,1,9,0,29,37,0
27,32,1004,1,1,0,1,1,577,1,0,54,65,14,0
32,27,1004,1,1,1,0,0,883,1,72,0,23,18,0
27,32,1005,2,1,0,1,1,784,1,0,15,60,17,0
32,27,1005,2,1,1,0,0,676,1,12,0,54,87,0
27,32,1006,0,2,0,1,0,1130,1,45,0,98,135,0
32,27,1006,0,2,1,0,1,1130,1,0,45,135,98,0
27,32,1007,1,2,0,1,1,871,1,0,66,111,142,0
32,27,1007,1,2,1,0,1,828,1,0,68,108,100,0
27,32,1008,2,2,0,1,0,682,1,41,0,78,116,0
32,27,1008,2,2,1,0,0,639,1,63,0,48,104,0
27,33,1000,0,0,0,1,0,913,1,13,0,4,22,0
33,27,1000,0,0,1,0,1,913,1,0,13,22,4,0
27,33,1001,1,0,0,1,0,858,1,25,0,73,20,0
33,27,1001,1,0,1,0,1,787,1,0,59,32,31,0
27,33,1002,2,0,0,1,1,451,1,0,44,42,20,0
33,27,1002,2,0,1,0,1,907,1,0,23,39,43,0
27,33,1003,0,1,0,1,1,603,1,0,14,0,14,0
33,27,1003,0,1,1,0,0,603,1,14,0,14,0,0
27,33,1004,1,1,0,1,1,636,1,0,41,0,20,0
33,27,1004,1,1,1,0,1,851,1,0,69,29,50,0
27,33,1005,2,1,0,1,0,632,1,52,0,22,22,0
33,27,1005,2,1,1,0,0,864,1,5,0,0,25,0
27,33,1006,0,2,0,1,0,499,1,76,0,0,13,0
33,27,1006,0,2,1,0,1,499,1,0,76,13,0,0
27,33,1007,1,2,0,1,0,706,1,42,0,0,12,0
33,27,1007,1,2,1,0,1,559,1,0,27,6,0,0
27,33,1008,2,2,0,1,0,732,1,13,0,33,102,0
33,27,1008,2,2,1,0,0,525,1,14,0,19,0,0
27,34,1000,0,0,0,1,0,620,1,49,0,20,24,0
34,27,1000,0,0,1,0,1,620,1,0,49,24,20,0
27,34,1001,1,0,0,1,0,628,1,9,0,18,23,0
34,27,1001,1,0,1,0,0,852,1,42,0,34,21,0
27,34,1002,2,0,0,1,0,631,1,23,0,61,2,0
34,27,1002,2,0,1,0,1,607,1,0,31,7,0,0
27,34,1003,0,1,0,1,1,668,1,0,45,0,0,0
34,27,1003,0,1,1,0,0,668,1,45,0,0,0,0
27,34,1004,1,1,0,1,0,726,1,10,0,0,0,0
34,27,1004,1,1,1,0,0,648,1,39,0,0,0,0
27,34,1005,2,1,0,1,0,997,1,26,0,16,0,0
34,27,1005,2,1,1,0,0,955,1,27,0,16,18,0
27,34,1006,0,2,0,1,0,627,1,3,0,26,12,0
34,27,1006,0,2,1,0,1,627,1,0,3,12,26,0
27,34,1007,1,2,0,1,0,630,1,22,0,0,0,0
34,27,1007,1,2,1,0,1,621,1,0,27,2,0,0
27,34,1008,2,2,0,1,0,898,1,28,0,0,0,0
34,27,1008,2,2,1,0,0,910,1,15,0,29,32,0
27,35,1000,0,0,0,1,1,1154,1,0,12,65,25,0
35,27,1000,0,0,1,0,0,1154,1,12,0,25,65,0
27,35,1001,1,0,0,1,0,793,1,57,0,167,36,0
35,27,1001,1,0,1,0,1,803,1,0,43,0,0,0
27,35,1002,2,0,0,1,1,961,1,0,44,11,0,0
35,27,1002,2,0,1,0,0,778,1,55,0,98,3,0
27,35,1003,0,1,0,1,1,1197,1,0,32,47,68,0
35,27,1003,0,1,1,0,0,1197,1,32,0,68,47,0
27,35,1004,1,1,0,1,1,1250,1,0,10,0,0,0
35,27,1004,1,1,1,0,1,1111,1,0,15,0,6,0
27,35,1005,2,1,0,1,1,1296,1,0,37,1,27,0
35,27,1005,2,1,1,0,0,1107,1,75,0,7,71,0
27,35,1006,0,2,0,1,0,766,1,57,0,14,0,0
35,27,1006,0,2,1,0,1,766,1,0,57,0,14,0
27,35,1007,1,2,0,1,0,1150,1,1,0,0,10,0
35,27,1007,1,2,1,0,1,967,1,0,57,6,11,0
27,35,1008,2,2,0,1,1,1048,1,0,46,27,23,0
35,27,1008,2,2,1,0,0,1089,1,22,0,20,11,0
27,36,1000,0,0,0,1,1,571,1,0,60,17,32,0
36,27,1000,0,0,1,0,0,571,1,60,0,32,17,0
27,36,1001,1,0,0,1,0,437,1,9,0,0,28,0
36,27,1001,1,0,1,0,0,472,1,66,0,33,18,0
27,36,1002,2,0,0,1,1,493,1,0,33,17,28,0
36,27,1002,2,0,1,0,0,484,1,6,0,37,49,0
27,36,1003,0,1,0,1,0,439,1,9,0,21,30,0
36,27,1003,0,1,1,0,1,439,1,0,9,30,21,0
27,36,1004,1,1,0,1,1,454,1,0,48,12,5,0
36,27,1004,1,1,1,0,0,444,1,30,0,16,0,0
27,36,1005,2,1,0,1,0,403,1,50,0,21,13,0
36,27,1005,2,1,1,0,1,459,1,0,81,15,0,0
27,36,1006,0,2,0,1,0,338,1,23,0,16,14,0
36,27,1006,0,2,1,0,1,338,1,0,23,14,16,0
27,36,1007,1,2,0,1,0,338,1,43,0,0,13,0
36,27,1007,1,2,1,0,0,526,1,6,0,15,0,0
27,36,1008,2,2,0,1,0,324,1,52,0,0,13,0
36,27,1008,2,2,1,0,0,556,1,3,0,14,0,0
27,37,1000,0,0,0,1,0,809,1,21,0,11,43,0
37,27,1000,0,0,1,0,1,809,1,0,21,43,11,0
27,37,1001,1,0,0,1,0,705,1,61,0,4,14,0
37,27,1001,1,0,1,0,1,726,1,0,9,14,30,0
27,37,1002,2,0,0,1,1,707,1,0,47,38,73,0
37,27,1002,2,0,1,0,1,618,1,0,19,48,47,0
27,37,1003,0,1,0,1,0,736,1,57,0,8,21,0
37,27,1003,0,1,1,0,1,736,1,0,57,21,8,0
27,37,1004,1,1,0,1,0,1010,1,11,0,39,14,0
37,27,1004,1,1,1,0,1,781,1,0,20,18,0,0
27,37,1005,2,1,0,1,1,556,1,0,26,0,12,0
37,27,1005,2,1,1,0,1,943,1,0,27,12,0,0
27,37,1006,0,2,0,1,0,541,1,87,0,0,14,0
37,27,1006,0,2,1,0,1,541,1,0,87,14,0,0
27,37,1007,1,2,0,1,0,478,1,51,0,0,14,0
37,27,1007,1,2,1,0,1,934,1,0,1,14,0,0
27,37,1008,2,2,0,1,0,603,1,75,0,15,14,0
37,27,1008,2,2,1,0,1,649,1,0,63,30,15,0
27,38,1000,0,0,0,1,1,452,1,0,66,53,0,0
38,27,1000,0,0,1,0,0,452,1,66,0,0,53,0
27,38,1001,1,0,0,1,0,863,1,62,0,52,84,0
38,27,1001,1,0,1,0,0,368,1,81,0,0,43,0
27,38,1002,2,0,0,1,0,503,1,27,0,84,97,0
38,27,1002,2,0,1,0,0,597,1,18,0,34,80,0
27,38,1003,0,1,0,1,1,512,1,0,27,3,0,0
38,27,1003,0,1,1,0,0,512,1,27,0,0,3,0
27,38,1004,1,1,0,1,1,380,1,0,75,6,0,0
38,27,1004,1,1,1,0,1,627,1,0,24,77,58,0
27,38,1005,2,1,0,1,1,573,1,0,48,8,0,0
38,27,1005,2,1,1,0,1,558,1,0,100,0,12,0
27,38,1006,0,2,0,1,1,1192,1,0,30,44,95,0
38,27,1006,0,2,1,0,0,1192,1,30,0,95,44,0
27,38,1007,1,2,0,1,1,381,1,0,81,0,43,0
38,27,1007,1,2,1,0,0,873,1,15,0,36,34,0
27,38,1008,2,2,0,1,1,744,1,0,21,44,62,0
38,27,1008,2,2,1,0,0,437,1,66,0,0,7,0
27,39,1000,0,0,0,1,1,781,1,0,16,0,24,0
39,27,1000,0,0,1,0,0,781,1,16,0,24,0,0
27,39,1001,1,0,0,1,1,1162,1,0,61,26,28,0
39,27,1001,1,0,1,0,1,973,1,0,32,23,0,0
27,39,1002,2,0,0,1,1,574,1,0,55,34,21,0
39,27,1002,2,0,1,0,0,865,1,42,0,40,76,0
27,39,1003,0,1,0,1,1,456,1,0,104,0,7,0
39,27,1003,0,1,1,0,0,456,1,104,0,7,0,0
27,39,1004,1,1,0,1,1,1000,1,0,35,0,17,0
39,27,1004,1,1,1,0,0,1192,1,52,0,23,12,0
27,39,1005,2,1,0,1,1,678,1,0,78,0,16,0
39,27,1005,2,1,1,0,0,775,1,80,0,2,51,0
27,39,1006,0,2,0,1,1,1060,1,0,54,28,44,0
39,27,1006,0,2,1,0,0,1060,1,54,0,44,28,0
27,39,1007,1,2,0,1,0,1351,1,5,0,45,36,0
39,27,1007,1,2,1,0,0,841,1,52,0,35,0,0
27,39,1008,2,2,0,1,1,838,1,0,50,19,34,0
39,27,1008,2,2,1,0,0,865,1,52,0,70,45,0
28,29,1000,0,0,0,1,1,373,1,0,60,0,7,0
29,28,1000,0,0,1,0,0,373,1,60,0,7,0,0
28,29,1001,1,0,0,1,1,754,1,0,68,0,7,0
29,28,1001,1,0,1,0,0,754,1,31,0,7,0,0
28,29,1002,2,0,0,1,1,625,1,0,18,0,7,0
29,28,1002,2,0,1,0,0,625,1,16,0,7,0,0
28,29,1003,0,1,0,1,1,345,1,0,74,0,7,0
29,28,1003,0,1,1,0,0,345,1,74,0,7,0,0
28,29,1004,1,1,0,1,1,566,1,0,18,19,7,0
29,28,1004,1,1,1,0,0,566,1,18,0,7,19,0
28,29,1005,2,1,0,1,1,501,1,0,86,16,7,0
29,28,1005,2,1,1,0,0,472,1,88,0,7,16,0
28,29,1006,0,2,0,1,1,385,1,0,44,17,7,0
29,28,1006,0,2,1,0,0,385,1,44,0,7,17,0
28,29,1007,1,2,0,1,1,511,1,0,13,17,7,0
29,28,1007,1,2,1,0,0,511,1,11,0,7,17,0
28,29,1008,2,2,0,1,1,408,1,0,55,24,7,0
29,28,1008,2,2,1,0,0,408,1,51,0,7,24,0
28,30,1000,0,0,0,1,0,392,1,67,0,16,11,0
30,28,1000,0,0,1,0,1,392,1,0,67,11,16,0
28,30,1001,1,0,0,1,0,513,1,13,0,21,13,0
30,28,1001,1,0,1,0,1,369,1,0,51,13,18,0
28,30,1002,2,0,0,1,0,396,1,51,0,67,13,0
30,28,1002,2,0,1,0,1,207,1,0,78,13,0,0
28,30,1003,0,1,0,1,1,502,1,0,34,8,15,0
30,28,1003,0,1,1,0,0,502,1,34,0,15,8,0
28,30,1004,1,1,0,1,0,501,1,56,0,36,37,0
30,28,1004,1,1,1,0,1,270,1,0,24,12,0,0
28,30,1005,2,1,0,1,0,222,1,51,0,0,12,0
30,28,1005,2,1,1,0,1,369,1,0,78,12,0,0
28,30,1006,0,2,0,1,0,411,1,67,0,12,4,0
30,28,1006,0,2,1,0,1,411,1,0,67,4,12,0
28,30,1007,1,2,0,1,0,486,1,94,0,0,4,0
30,28,1007,1,2,1,0,1,449,1,0,29,13,3,0
28,30,1008,2,2,0,1,0,390,1,67,0,3,19,0
30,28,1008,2,2,1,0,1,207,1,0,78,13,0,0
28,31,1000,0,0,0,1,0,522,1,53,0,0,15,0
31,28,1000,0,0,1,0,1,522,1,0,53,15,0,0
28,31,1001,1,0,0,1,0,555,1,51,0,0,15,0
31,28,1001,1,0,1,0,1,450,1,0,77,15,0,0
28,31,1002,2,0,0,1,0,552,1,47,0,0,15,0
31,28,1002,2,0,1,0,1,378,1,0,59,15,0,0
28,31,1003,0,1,0,1,1,418,1,0,39,0,15,0
31,28,1003,0,1,1,0,0,418,1,39,0,15,0,0
28,31,1004,1,1,0,1,0,642,1,41,0,62,14,0
31,28,1004,1,1,1,0,0,663,1,22,0,12,12,0
28,31,1005,2,1,0,1,0,306,1,92,0,0,15,0
31,28,1005,2,1,1,0,1,618,1,0,59,30,0,0
28,31,1006,0,2,0,1,0,600,1,45,0,19,26,0
31,28,1006,0,2,1,0,1,600,1,0,45,26,19,0
28,31,1007,1,2,0,1,0,330,1,80,0,0,15,0
31,28,1007,1,2,1,0,1,432,1,0,67,15,14,0
28,31,1008,2,2,0,1,0,567,1,86,0,0,15,0
31,28,1008,2,2,1,0,1,483,1,0,89,15,0,0
28,32,1000,0,0,0,1,0,223,1,112,0,0,14,0
32,28,1000,0,0,1,0,1,223,1,0,112,14,0,0
28,32,1001,1,0,0,1,0,331,1,110,0,0,15,0
32,28,1001,1,0,1,0,1,331,1,0,110,15,0,0
28,32,1002,2,0,0,1,0,234,1,78,0,0,15,0
32,28,1002,2,0,1,0,1,234,1,0,78,15,0,0
28,32,1003,0,1,0,1,0,432,1,34,0,92,12,0
32,28,1003,0,1,1,0,1,432,1,0,34,12,92,0
28,32,1004,1,1,0,1,0,400,1,57,0,16,13,0
32,28,1004,1,1,1,0,1,400,1,0,42,13,16,0
28,32,1005,2,1,0,1,0,300,1,19,0,14,13,0
32,28,1005,2,1,1,0,1,300,1,0,34,13,14,0
28,32,1006,0,2,0,1,0,223,1,114,0,45,15,0
32,28,1006,0,2,1,0,1,223,1,0,114,15,45,0
28,32,1007,1,2,0,1,0,519,1,53,0,136,67,0
32,28,1007,1,2,1,0,1,273,1,0,91,15,73,0
28,32,1008,2,2,0,1,0,300,1,91,0,74,21,0
32,28,1008,2,2,1,0,1,300,1,0,76,21,74,0
28,33,1000,0,0,0,1,1,675,1,0,14,6,53,0
33,28,1000,0,0,1,0,0,675,1,14,0,53,6,0
28,33,1001,1,0,0,1,0,657,1,65,0,0,10,0
33,28,1001,1,0,1,0,1,568,1,0,70,10,0,0
28,33,1002,2,0,0,1,0,508,1,38,0,18,7,0
33,28,1002,2,0,1,0,1,468,1,0,38,7,18,0
28,33,1003,0,1,0,1,0,706,1,36,0,51,0,0
33,28,1003,0,1,1,0,1,706,1,0,36,0,51,0
28,33,1004,1,1,0,1,1,437,1,0,50,53,0,0
33,28,1004,1,1,1,0,1,643,1,0,31,0,76,0
28,33,1005,2,1,0,1,1,883,1,0,3,0,0,0
33,28,1005,2,1,1,0,1,801,1,0,13,34,27,0
28,33,1006,0,2,0,1,1,672,1,0,61,0,0,0
33,28,1006,0,2,1,0,0,672,1,61,0,0,0,0
28,33,1007,1,2,0,1,0,579,1,70,0,38,0,0
33,28,1007,1,2,1,0,0,610,1,21,0,0,0,0
28,33,1008,2,2,0,1,1,882,1,0,2,1,0,0
33,28,1008,2,2,1,0,0,543,1,21,0,0,6,0
28,34,1000,0,0,0,1,1,480,1,0,28,0,1,0
34,28,1000,0,0,1,0,0,480,1,28,0,1,0,0
28,34,1001,1,0,0,1,1,527,1,0,21,0,1,0
34,28,1001,1,0,1,0,0,821,1,31,0,103,58,0
28,34,1002,2,0,0,1,0,444,1,20,0,0,0,0
34,28,1002,2,0,1,0,1,444,1,0,21,0,0,0
28,34,1003,0,1,0,1,1,518,1,0,73,0,0,0
34,28,1003,0,1,1,0,0,518,1,73,0,0,0,0
28,34,1004,1,1,0,1,1,380,1,0,48,0,10,0
34,28,1004,1,1,1,0,0,403,1,35,0,10,0,0
28,34,1005,2,1,0,1,0,667,1,62,0,105,123,0
34,28,1005,2,1,1,0,0,559,1,32,0,24,74,0
28,34,1006,0,2,0,1,0,421,1,4,0,0,0,0
34,28,1006,0,2,1,0,1,421,1,0,4,0,0,0
28,34,1007,1,2,0,1,0,450,1,18,0,0,0,0
34,28,1007,1,2,1,0,0,344,1,7,0,0,0,0
28,34,1008,2,2,0,1,0,369,1,33,0,0,0,0
34,28,1008,2,2,1,0,1,468,1,0,14,0,3,0
28,35,1000,0,0,0,1,0,594,1,60,0,111,135,0
35,28,1000,0,0,1,0,1,594,1,0,60,135,111,0
28,35,1001,1,0,0,1,0,576,1,60,0,69,20,0
35,28,1001,1,0,1,0,1,840,1,0,4,29,10,0
28,35,1002,2,0,0,1,0,414,1,88,0,18,3,0
35,28,1002,2,0,1,0,1,789,1,0,4,8,0,0
28,35,1003,0,1,0,1,0,496,1,46,0,15,11,0
35,28,1003,0,1,1,0,1,496,1,0,46,11,15,0
28,35,1004,1,1,0,1,0,704,1,60,0,22,10,0
35,28,1004,1,1,1,0,1,885,1,0,31,37,50,0
28,35,1005,2,1,0,1,0,594,1,18,0,130,55,0
35,28,1005,2,1,1,0,0,1324,1,68,0,55,70,0
28,35,1006,0,2,0,1,0,531,1,74,0,0,3,0
35,28,1006,0,2,1,0,1,531,1,0,74,3,0,0
28,35,1007,1,2,0,1,0,383,1,88,0,0,1,0
35,28,1007,1,2,1,0,1,633,1,0,18,0,0,0
28,35,1008,2,2,0,1,1,1087,1,0,4,36,21,0
35,28,1008,2,2,1,0,0,611,1,63,0,0,45,0
28,36,1000,0,0,0,1,0,408,1,7,0,94,10,0
36,28,1000,0,0,1,0,1,408,1,0,7,10,94,0
28,36,1001,1,0,0,1,0,551,1,9,0,11,5,0
36,28,1001,1,0,1,0,1,393,1,0,28,0,0,0
28,36,1002,2,0,0,1,0,453,1,1,0,25,19,0
36,28,1002,2,0,1,0,0,462,1,56,0,14,0,0
28,36,1003,0,1,0,1,0,280,1,47,0,0,9,0
36,28,1003,0,1,1,0,1,280,1,0,47,9,0,0
28,36,1004,1,1,0,1,1,565,1,0,38,24,0,0
36,28,1004,1,1,1,0,0,391,1,14,0,42,7,0
28,36,1005,2,1,0,1,1,622,1,0,70,16,0,0
36,28,1005,2,1,1,0,0,622,1,60,0,0,16,0
28,36,1006,0,2,0,1,0,270,1,57,0,0,9,0
36,28,1006,0,2,1,0,1,270,1,0,57,9,0,0
28,36,1007,1,2,0,1,1,421,1,0,57,6,13,0
36,28,1007,1,2,1,0,1,300,1,0,27,4,0,0
28,36,1008,2,2,0,1,1,421,1,0,68,19,13,0
36,28,1008,2,2,1,0,0,415,1,26,0,4,4,0
28,37,1000,0,0,0,1,0,577,1,18,0,19,23,0
37,28,1000,0,0,1,0,1,577,1,0,18,23,19,0
28,37,1001,1,0,0,1,0,372,1,25,0,12,28,0
37,28,1001,1,0,1,0,1,453,1,0,6,5,13,0
28,37,1002,2,0,0,1,1,565,1,0,17,0,13,0
37,28,1002,2,0,1,0,1,378,1,0,50,2,0,0
28,37,1003,0,1,0,1,0,603,1,42,0,0,7,0
37,28,1003,0,1,1,0,1,603,1,0,42,7,0,0
28,37,1004,1,1,0,1,0,507,1,54,0,27,11,0
37,28,1004,1,1,1,0,1,699,1,0,4,31,86,0
28,37,1005,2,1,0,1,1,607,1,0,9,0,15,0
37,28,1005,2,1,1,0,1,471,1,0,17,0,6,0
28,37,1006,0,2,0,1,0,402,1,8,0,0,12,0
37,28,1006,0,2,1,0,1,402,1,0,8,12,0,0
28,37,1007,1,2,0,1,0,310,1,52,0,0,4,0
37,28,1007,1,2,1,0,-1,592,1,0,0,6,17,0
28,37,1008,2,2,0,1,0,441,1,68,0,0,4,0
37,28,1008,2,2,1,0,1,373,1,0,36,2,0,0
28,38,1000,0,0,0,1,1,366,1,0,10,15,0,0
38,28,1000,0,0,1,0,0,366,1,10,0,0,15,0
28,38,1001,1,0,0,1,0,395,1,19,0,27,0,0
38,28,1001,1,0,1,0,0,367,1,6,0,0,22,0
28,38,1002,2,0,0,1,1,365,1,0,40,27,0,0
38,28,1002,2,0,1,0,0,301,1,52,0,0,19,0
28,38,1003,0,1,0,1,0,328,1,19,0,0,0,0
38,28,1003,0,1,1,0,1,328,1,0,19,0,0,0
28,38,1004,1,1,0,1,0,288,1,57,0,0,0,0
38,28,1004,1,1,1,0,1,329,1,0,57,0,0,0
28,38,1005,2,1,0,1,0,399,1,51,0,0,0,0
38,28,1005,2,1,1,0,0,338,1,78,0,0,0,0
28,38,1006,0,2,0,1,1,234,1,0,57,0,32,0
38,28,1006,0,2,1,0,0,234,1,57,0,32,0,0
28,38,1007,1,2,0,1,0,394,1,51,0,23,0,0
38,28,1007,1,2,1,0,1,288,1,0,19,85,0,0
28,38,1008,2,2,0,1,1,300,1,0,34,23,0,0
38,28,1008,2,2,1,0,0,235,1,37,0,34,0,0
28,39,1000,0,0,0,1,1,532,1,0,33,24,6,0
39,28,1000,0,0,1,0,0,532,1,33,0,6,24,0
28,39,1001,1,0,0,1,1,624,1,0,17,10,5,0
39,28,1001,1,0,1,0,0,624,1,17,0,5,10,0
28,39,1002,2,0,0,1,1,409,1,0,59,0,6,0
39,28,1002,2,0,1,0,0,574,1,26,0,6,38,0
28,39,1003,0,1,0,1,1,372,1,0,66,0,5,0
39,28,1003,0,1,1,0,0,372,1,66,0,5,0,0
28,39,1004,1,1,0,1,1,388,1,0,81,0,10,0
39,28,1004,1,1,1,0,0,385,1,81,0,10,0,0
28,39,1005,2,1,0,1,1,1291,1,0,24,11,25,0
39,28,1005,2,1,1,0,0,847,1,71,0,6,65,0
28,39,1006,0,2,0,1,1,616,1,0,11,0,6,0
39,28,1006,0,2,1,0,0,616,1,11,0,6,0,0
28,39,1007,1,2,0,1,1,646,1,0,11,0,12,0
39,28,1007,1,2,1,0,0,646,1,11,0,12,0,0
28,39,1008,2,2,0,1,1,529,1,0,12,44,32,0
39,28,1008,2,2,1,0,1,456,1,0,5,14,19,0
29,30,1000,0,0,0,1,0,1260,1,103,0,1,2,0
30,29,1000,0,0,1,0,1,1260,1,0,103,2,1,0
29,30,1001,1,0,0,1,0,800,1,103,0,43,0,0
30,29,1001,1,0,1,0,1,800,1,0,92,0,43,0
29,30,1002,2,0,0,1,0,889,1,92,0,0,0,0
30,29,1002,2,0,1,0,1,889,1,0,81,0,0,0
29,30,1003,0,1,0,1,0,1039,1,81,0,4,25,0
30,29,1003,0,1,1,0,1,1105,1,0,72,25,4,0
29,30,1004,1,1,0,1,0,731,1,103,0,35,25,0
30,29,1004,1,1,1,0,1,731,1,0,103,25,35,0
29,30,1005,2,1,0,1,0,1045,1,103,0,38,59,0
30,29,1005,2,1,1,0,1,1131,1,0,81,59,38,0
29,30,1006,0,2,0,1,0,1193,1,92,0,5,16,0
30,29,1006,0,2,1,0,1,1193,1,0,92,16,5,0
29,30,1007,1,2,0,1,0,951,1,81,0,0,21,0
30,29,1007,1,2,1,0,1,951,1,0,92,21,0,0
29,30,1008,2,2,0,1,0,1357,1,32,0,70,26,0
30,29,1008,2,2,1,0,1,1357,1,0,54,26,70,0
29,31,1000,0,0,0,1,0,832,1,50,0,54,0,0
31,29,1000,0,0,1,0,1,832,1,0,50,0,54,0
29,31,1001,1,0,0,1,0,703,1,90,0,0,0,0
31,29,1001,1,0,1,0,1,703,1,0,91,0,0,0
29,31,1002,2,0,0,1,0,1075,1,29,0,0,3,0
31,29,1002,2,0,1,0,1,1000,1,0,3,27,51,0
29,31,1003,0,1,0,1,0,865,1,96,0,22,20,0
31,29,1003,0,1,1,0,1,865,1,0,96,20,22,0
29,31,1004,1,1,0,1,0,931,1,46,0,0,52,0
31,29,1004,1,1,1,0,1,797,1,0,65,11,7,0
29,31,1005,2,1,0,1,0,986,1,35,0,0,3,0
31,29,1005,2,1,1,0,1,712,1,0,90,27,0,0
29,31,1006,0,2,0,1,0,890,1,78,0,0,29,0
31,29,1006,0,2,1,0,1,928,1,0,75,29,0,0
29,31,1007,1,2,0,1,0,741,1,108,0,0,30,0
31,29,1007,1,2,1,0,1,839,1,0,78,30,0,0
29,31,1008,2,2,0,1,0,1162,1,51,0,0,33,0
31,29,1008,2,2,1,0,1,874,1,0,40,29,3,0
29,32,1000,0,0,0,1,0,868,1,61,0,3,28,0
32,29,1000,0,0,1,0,1,868,1,0,61,28,3,0
29,32,1001,1,0,0,1,0,592,1,36,0,0,0,0
32,29,1001,1,0,1,0,1,592,1,0,51,0,0,0
29,32,1002,2,0,0,1,0,1441,1,30,0,6,22,0
32,29,1002,2,0,1,0,1,1441,1,0,30,22,6,0
29,32,1003,0,1,0,1,0,916,1,31,0,16,3,0
32,29,1003,0,1,1,0,1,916,1,0,31,3,16,0
29,32,1004,1,1,0,1,0,406,1,103,0,3,0,0
32,29,1004,1,1,1,0,1,811,1,0,103,0,3,0
29,32,1005,2,1,0,1,0,844,1,23,0,25,6,0
32,29,1005,2,1,1,0,1,844,1,0,53,6,25,0
29,32,1006,0,2,0,1,0,814,1,83,0,24,4,0
32,29,1006,0,2,1,0,1,814,1,0,83,4,24,0
29,32,1007,1,2,0,1,0,925,1,78,0,7,13,0
32,29,1007,1,2,1,0,1,925,1,0,77,13,7,0
29,32,1008,2,2,0,1,0,1684,1,38,0,21,22,0
32,29,1008,2,2,1,0,1,1684,1,0,8,22,21,0
29,33,1000,0,0,0,1,0,727,1,102,0,0,0,0
33,29,1000,0,0,1,0,1,727,1,0,102,0,0,0
29,33,1001,1,0,0,1,0,404,1,102,0,0,0,0
33,29,1001,1,0,1,0,1,404,1,0,102,0,0,0
29,33,1002,2,0,0,1,0,898,1,37,0,0,0,0
33,29,1002,2,0,1,0,1,936,1,0,38,0,0,0
29,33,1003,0,1,0,1,0,514,1,42,0,0,13,0
33,29,1003,0,1,1,0,1,514,1,0,42,13,0,0
29,33,1004,1,1,0,1,0,727,1,91,0,0,0,0
33,29,1004,1,1,1,0,1,716,1,0,89,0,0,0
29,33,1005,2,1,0,1,0,460,1,102,0,1,0,0
33,29,1005,2,1,1,0,1,405,1,0,90,0,0,0
29,33,1006,0,2,0,1,0,403,1,102,0,0,0,0
33,29,1006,0,2,1,0,1,403,1,0,102,0,0,0
29,33,1007,1,2,0,1,0,726,1,32,0,0,0,0
33,29,1007,1,2,1,0,0,808,1,20,0,0,0,0
29,33,1008,2,2,0,1,0,427,1,90,0,59,0,0
33,29,1008,2,2,1,0,1,567,1,0,102,0,0,0
29,34,1000,0,0,0,1,0,704,1,14,0,26,0,0
34,29,1000,0,0,1,0,0,721,1,13,0,0,26,0
29,34,1001,1,0,0,1,0,640,1,31,0,4,0,0
34,29,1001,1,0,1,0,1,640,1,0,46,0,4,0
29,34,1002,2,0,0,1,0,517,1,18,0,0,0,0
34,29,1002,2,0,1,0,1,475,1,0,14,0,0,0
29,34,1003,0,1,0,1,0,598,1,57,0,0,4,0
34,29,1003,0,1,1,0,1,598,1,0,57,4,0,0
29,34,1004,1,1,0,1,1,480,1,0,75,0,0,0
34,29,1004,1,1,1,0,0,575,1,75,0,0,0,0
29,34,1005,2,1,0,1,1,645,1,0,42,0,1,0
34,29,1005,2,1,1,0,0,556,1,47,0,1,0,0
29,34,1006,0,2,0,1,1,838,1,0,27,0,0,0
34,29,1006,0,2,1,0,0,838,1,27,0,0,0,0
29,34,1007,1,2,0,1,0,756,1,64,0,0,0,0
34,29,1007,1,2,1,0,1,756,1,0,50,0,0,0
29,34,1008,2,2,0,1,0,635,1,43,0,16,0,0
34,29,1008,2,2,1,0,1,635,1,0,30,0,16,0
29,35,1000,0,0,0,1,0,1765,1,17,0,7,10,0
35,29,1000,0,0,1,0,1,1765,1,0,17,10,7,0
29,35,1001,1,0,0,1,0,1537,1,72,0,8,28,0
35,29,1001,1,0,1,0,1,1552,1,0,71,52,36,0
29,35,1002,2,0,0,1,1,1533,1,0,48,26,7,0
35,29,1002,2,0,1,0,0,1533,1,61,0,7,26,0
29,35,1003,0,1,0,1,0,1594,1,71,0,39,34,0
35,29,1003,0,1,1,0,1,1594,1,0,71,34,39,0
29,35,1004,1,1,0,1,0,1809,1,15,0,19,47,0
35,29,1004,1,1,1,0,1,1809,1,0,15,47,19,0
29,35,1005,2,1,0,1,0,1537,1,86,0,28,25,0
35,29,1005,2,1,1,0,1,1705,1,0,26,25,28,0
29,35,1006,0,2,0,1,0,1812,1,5,0,0,4,0
35,29,1006,0,2,1,0,1,1812,1,0,5,4,0,0
29,35,1007,1,2,0,1,0,1812,1,48,0,0,15,0
35,29,1007,1,2,1,0,1,1812,1,0,34,15,0,0
29,35,1008,2,2,0,1,0,1653,1,40,0,29,21,0
35,29,1008,2,2,1,0,1,1653,1,0,26,21,29,0
29,36,1000,0,0,0,1,0,736,1,56,0,0,0,0
36,29,1000,0,0,1,0,1,736,1,0,56,0,0,0
29,36,1001,1,0,0,1,0,1116,1,54,0,0,0,0
36,29,1001,1,0,1,0,1,766,1,0,23,0,0,0
29,36,1002,2,0,0,1,0,578,1,36,0,8,22,0
36,29,1002,2,0,1,0,1,578,1,0,36,22,8,0
29,36,1003,0,1,0,1,0,616,1,65,0,17,37,0
36,29,1003,0,1,1,0,1,616,1,0,65,37,17,0
29,36,1004,1,1,0,1,0,1012,1,9,0,97,44,0
36,29,1004,1,1,1,0,1,1012,1,0,12,44,97,0
29,36,1005,2,1,0,1,0,565,1,45,0,9,18,0
36,29,1005,2,1,1,0,1,565,1,0,38,18,9,0
29,36,1006,0,2,0,1,0,896,1,17,0,0,0,0
36,29,1006,0,2,1,0,1,896,1,0,17,0,0,0
29,36,1007,1,2,0,1,0,678,1,74,0,39,41,0
36,29,1007,1,2,1,0,0,1095,1,10,0,0,0,0
29,36,1008,2,2,0,1,1,1034,1,0,21,1,30,0
36,29,1008,2,2,1,0,0,834,1,32,0,1,0,0
29,37,1000,0,0,0,1,0,916,1,58,0,32,0,0
37,29,1000,0,0,1,0,1,916,1,0,58,0,32,0
29,37,1001,1,0,0,1,0,886,1,86,0,38,0,0
37,29,1001,1,0,1,0,1,953,1,0,69,14,45,0
29,37,1002,2,0,0,1,0,949,1,86,0,0,0,0
37,29,1002,2,0,1,0,1,739,1,0,98,0,23,0
29,37,1003,0,1,0,1,0,1066,1,70,0,10,10,0
37,29,1003,0,1,1,0,1,1066,1,0,70,10,10,0
29,37,1004,1,1,0,1,0,799,1,84,0,31,0,0
37,29,1004,1,1,1,0,1,722,1,0,100,11,6,0
29,37,1005,2,1,0,1,0,811,1,100,0,0,15,0
37,29,1005,2,1,1,0,1,823,1,0,92,24,5,0
29,37,1006,0,2,0,1,0,1104,1,69,0,46,40,0
37,29,1006,0,2,1,0,1,882,1,0,69,40,32,0
29,37,1007,1,2,0,1,0,1134,1,70,0,21,31,0
37,29,1007,1,2,1,0,1,1123,1,0,54,13,11,0
29,37,1008,2,2,0,1,0,646,1,86,0,0,0,0
37,29,1008,2,2,1,0,1,960,1,0,100,25,12,0
29,38,1000,0,0,0,1,0,376,1,69,0,7,0,0
38,29,1000,0,0,1,0,1,376,1,0,69,0,7,0
29,38,1001,1,0,0,1,0,376,1,78,0,7,0,0
38,29,1001,1,0,1,0,1,376,1,0,78,0,7,0
29,38,1002,2,0,0,1,0,388,1,69,0,7,0,0
38,29,1002,2,0,1,0,1,388,1,0,69,0,7,0
29,38,1003,0,1,0,1,0,376,1,69,0,7,0,0
38,29,1003,0,1,1,0,1,376,1,0,69,0,7,0
29,38,1004,1,1,0,1,0,460,1,45,0,7,0,0
38,29,1004,1,1,1,0,1,460,1,0,46,0,7,0
29,38,1005,2,1,0,1,0,478,1,40,0,7,0,0
38,29,1005,2,1,1,0,0,438,1,36,0,0,7,0
29,38,1006,0,2,0,1,0,376,1,69,0,7,0,0
38,29,1006,0,2,1,0,1,376,1,0,69,0,7,0
29,38,1007,1,2,0,1,0,376,1,69,0,7,0,0
38,29,1007,1,2,1,0,1,376,1,0,69,0,7,0
29,38,1008,2,2,0,1,0,394,1,78,0,7,0,0
38,29,1008,2,2,1,0,1,379,1,0,69,0,7,0
29,39,1000,0,0,0,1,0,884,1,63,0,0,0,0
39,29,1000,0,0,1,0,1,884,1,0,63,0,0,0
29,39,1001,1,0,0,1,0,1078,1,18,0,0,0,0
39,29,1001,1,0,1,0,1,844,1,0,45,0,0,0
29,39,1002,2,0,0,1,0,1195,1,38,0,0,2,0
39,29,1002,2,0,1,0,1,1195,1,0,38,2,0,0
29,39,1003,0,1,0,1,0,1039,1,13,0,0,0,0
39,29,1003,0,1,1,0,1,1039,1,0,13,0,0,0
29,39,1004,1,1,0,1,0,1213,1,55,0,9,3,0
39,29,1004,1,1,1,0,1,1170,1,0,69,3,9,0
29,39,1005,2,1,0,1,1,1323,1,0,16,0,2,0
39,29,1005,2,1,1,0,0,1323,1,10,0,2,0,0
29,39,1006,0,2,0,1,0,757,1,22,0,8,0,0
39,29,1006,0,2,1,0,1,757,1,0,22,0,8,0
29,39,1007,1,2,0,1,0,829,1,57,0,9,0,0
39,29,1007,1,2,1,0,1,829,1,0,57,0,9,0
29,39,1008,2,2,0,1,0,853,1,36,0,0,0,0
39,29,1008,2,2,1,0,1,853,1,0,36,0,0,0
30,31,1000,0,0,0,1,0,1018,1,57,0,2,9,0
31,30,1000,0,0,1,0,1,1018,1,0,57,9,2,0
30,31,1001,1,0,0,1,0,946,1,11,0,16,12,0
31,30,1001,1,0,1,0,1,532,1,0,59,2,0,0
30,31,1002,2,0,0,1,0,679,1,51,0,0,4,0
31,30,1002,2,0,1,0,1,610,1,0,72,11,14,0
30,31,1003,0,1,0,1,1,1123,1,0,32,6,14,0
31,30,1003,0,1,1,0,0,1123,1,32,0,14,6,0
30,31,1004,1,1,0,1,0,964,1,2,0,0,10,0
31,30,1004,1,1,1,0,1,847,1,0,27,10,0,0
30,31,1005,2,1,0,1,0,940,1,83,0,0,0,0
31,30,1005,2,1,1,0,0,976,1,62,0,0,0,0
30,31,1006,0,2,0,1,0,778,1,57,0,4,4,0
31,30,1006,0,2,1,0,1,778,1,0,57,4,4,0
30,31,1007,1,2,0,1,0,466,1,77,0,0,0,0
31,30,1007,1,2,1,0,1,448,1,0,90,13,0,0
30,31,1008,2,2,0,1,0,523,1,102,0,0,0,0
31,30,1008,2,2,1,0,1,532,1,0,57,0,0,0
30,32,1000,0,0,0,1,0,584,1,42,0,19,70,0
32,30,1000,0,0,1,0,1,584,1,0,42,70,19,0
30,32,1001,1,0,0,1,0,607,1,36,0,60,111,0
32,30,1001,1,0,1,0,1,916,1,0,9,67,18,0
30,32,1002,2,0,0,1,0,766,1,36,0,4,18,0
32,30,1002,2,0,1,0,1,523,1,0,72,18,4,0
30,32,1003,0,1,0,1,0,556,1,91,0,36,69,0
32,30,1003,0,1,1,0,1,556,1,0,91,69,36,0
30,32,1004,1,1,0,1,0,415,1,72,0,15,17,0
32,30,1004,1,1,1,0,1,499,1,0,85,20,15,0
30,32,1005,2,1,0,1,0,700,1,30,0,18,17,0
32,30,1005,2,1,1,0,1,442,1,0,48,17,18,0
30,32,1006,0,2,0,1,0,846,1,61,0,134,91,0
32,30,1006,0,2,1,0,1,846,1,0,61,91,134,0
30,32,1007,1,2,0,1,0,677,1,76,0,124,90,0
32,30,1007,1,2,1,0,1,1103,1,0,85,149,183,0
30,32,1008,2,2,0,1,0,532,1,63,0,64,12,0
32,30,1008,2,2,1,0,1,448,1,0,78,12,64,0
30,33,1000,0,0,0,1,0,1012,1,5,0,14,9,0
33,30,1000,0,0,1,0,1,1012,1,0,5,9,14,0
30,33,1001,1,0,0,1,0,639,1,102,0,25,29,0
33,30,1001,1,0,1,0,1,688,1,0,73,7,9,0
30,33,1002,2,0,0,1,0,868,1,19,0,0,18,0
33,30,1002,2,0,1,0,1,958,1,0,2,18,0,0
30,33,1003,0,1,0,1,0,832,1,61,0,16,8,0
33,30,1003,0,1,1,0,1,832,1,0,61,8,16,0
30,33,1004,1,1,0,1,1,733,1,0,77,1,28,0
33,30,1004,1,1,1,0,1,655,1,0,68,25,1,0
30,33,1005,2,1,0,1,0,724,1,87,0,0,0,0
33,30,1005,2,1,1,0,1,880,1,0,7,0,0,0
30,33,1006,0,2,0,1,0,514,1,19,0,0,5,0
33,30,1006,0,2,1,0,1,514,1,0,19,5,0,0
30,33,1007,1,2,0,1,0,619,1,36,0,13,5,0
33,30,1007,1,2,1,0,1,655,1,0,73,5,2,0
30,33,1008,2,2,0,1,0,742,1,17,0,20,5,0
33,30,1008,2,2,1,0,1,655,1,0,39,5,20,0
30,34,1000,0,0,0,1,0,457,1,42,0,0,0,0
34,30,1000,0,0,1,0,1,457,1,0,42,0,0,0
30,34,1001,1,0,0,1,0,1287,1,3,0,113,53,0
34,30,1001,1,0,1,0,0,1252,1,10,0,53,113,0
30,34,1002,2,0,0,1,1,540,1,0,43,0,0,0
34,30,1002,2,0,1,0,0,553,1,27,0,0,0,0
30,34,1003,0,1,0,1,1,513,1,0,21,0,20,0
34,30,1003,0,1,1,0,0,513,1,21,0,20,0,0
30,34,1004,1,1,0,1,0,457,1,59,0,0,17,0
34,30,1004,1,1,1,0,1,523,1,0,55,17,0,0
30,34,1005,2,1,0,1,1,953,1,0,2,0,0,0
34,30,1005,2,1,1,0,0,863,1,17,0,0,0,0
30,34,1006,0,2,0,1,1,670,1,0,5,0,0,0
34,30,1006,0,2,1,0,0,670,1,5,0,0,0,0
30,34,1007,1,2,0,1,0,779,1,31,0,0,0,0
34,30,1007,1,2,1,0,0,492,1,43,0,0,12,0
30,34,1008,2,2,0,1,1,763,1,0,26,0,0,0
34,30,1008,2,2,1,0,1,715,1,0,48,0,0,0
30,35,1000,0,0,0,1,0,406,1,86,0,0,0,0
35,30,1000,0,0,1,0,1,406,1,0,86,0,0,0
30,35,1001,1,0,0,1,0,1084,1,44,0,32,0,0
35,30,1001,1,0,1,0,1,817,1,0,100,14,0,0
30,35,1002,2,0,0,1,0,929,1,16,0,13,0,0
35,30,1002,2,0,1,0,1,1048,1,0,2,0,0,0
30,35,1003,0,1,0,1,1,1420,1,0,39,7,30,0
35,30,1003,0,1,1,0,0,1420,1,39,0,30,7,0
30,35,1004,1,1,0,1,0,931,1,30,0,0,3,0
35,30,1004,1,1,1,0,1,1229,1,0,16,0,0,0
30,35,1005,2,1,0,1,0,898,1,2,0,2,2,0
35,30,1005,2,1,1,0,1,1223,1,0,2,0,0,0
30,35,1006,0,2,0,1,0,430,1,100,0,10,5,0
35,30,1006,0,2,1,0,1,430,1,0,100,5,10,0
30,35,1007,1,2,0,1,0,649,1,86,0,0,0,0
35,30,1007,1,2,1,0,1,565,1,0,86,0,0,0
30,35,1008,2,2,0,1,0,1384,1,2,0,45,5,0
35,30,1008,2,2,1,0,0,1181,1,6,0,0,23,0
30,36,1000,0,0,0,1,0,412,1,9,0,0,34,0
36,30,1000,0,0,1,0,1,412,1,0,9,34,0,0
30,36,1001,1,0,0,1,0,310,1,34,0,0,2,0
36,30,1001,1,0,1,0,1,541,1,0,12,0,10,0
30,36,1002,2,0,0,1,0,379,1,33,0,34,5,0
36,30,1002,2,0,1,0,0,606,1,22,0,19,0,0
30,36,1003,0,1,0,1,1,466,1,0,41,0,7,0
36,30,1003,0,1,1,0,0,466,1,41,0,7,0,0
30,36,1004,1,1,0,1,0,457,1,11,0,5,35,0
36,30,1004,1,1,1,0,1,517,1,0,34,3,1,0
30,36,1005,2,1,0,1,1,547,1,0,30,9,9,0
36,30,1005,2,1,1,0,1,865,1,0,64,17,9,0
30,36,1006,0,2,0,1,0,503,1,61,0,0,1,0
36,30,1006,0,2,1,0,1,503,1,0,61,1,0,0
30,36,1007,1,2,0,1,0,439,1,20,0,0,2,0
36,30,1007,1,2,1,0,1,637,1,0,24,1,0,0
30,36,1008,2,2,0,1,1,625,1,0,29,0,2,0
36,30,1008,2,2,1,0,0,539,1,12,0,0,0,0
30,37,1000,0,0,0,1,0,364,1,66,0,0,1,0
37,30,1000,0,0,1,0,1,364,1,0,66,1,0,0
30,37,1001,1,0,0,1,0,667,1,67,0,0,5,0
37,30,1001,1,0,1,0,1,487,1,0,84,0,20,0
30,37,1002,2,0,0,1,0,439,1,40,0,0,4,0
37,30,1002,2,0,1,0,1,677,1,0,40,0,0,0
30,37,1003,0,1,0,1,0,469,1,63,0,0,0,0
37,30,1003,0,1,1,0,1,469,1,0,63,0,0,0
30,37,1004,1,1,0,1,0,454,1,38,0,0,0,0
37,30,1004,1,1,1,0,0,1495,1,21,0,30,11,0
30,37,1005,2,1,0,1,0,850,1,49,0,0,4,0
37,30,1005,2,1,1,0,1,547,1,0,84,0,32,0
30,37,1006,0,2,0,1,1,649,1,0,11,0,4,0
37,30,1006,0,2,1,0,0,649,1,11,0,4,0,0
30,37,1007,1,2,0,1,1,850,1,0,26,0,5,0
37,30,1007,1,2,1,0,1,631,1,0,54,14,13,0
30,37,1008,2,2,0,1,0,403,1,86,0,0,5,0
37,30,1008,2,2,1,0,1,577,1,0,40,7,49,0
30,38,1000,0,0,0,1,1,389,1,0,18,9,0,0
38,30,1000,0,0,1,0,0,389,1,18,0,0,9,0
30,38,1001,1,0,0,1,1,307,1,0,24,8,0,0
38,30,1001,1,0,1,0,0,386,1,2,0,0,9,0
30,38,1002,2,0,0,1,1,298,1,0,56,8,0,0
38,30,1002,2,0,1,0,1,364,1,0,17,0,9,0
30,38,1003,0,1,0,1,0,226,1,18,0,11,0,0
38,30,1003,0,1,1,0,1,226,1,0,18,0,11,0
30,38,1004,1,1,0,1,1,223,1,0,45,13,0,0
38,30,1004,1,1,1,0,0,307,1,29,0,0,13,0
30,38,1005,2,1,0,1,0,376,1,22,0,21,0,0
38,30,1005,2,1,1,0,1,394,1,0,17,0,13,0
30,38,1006,0,2,0,1,0,310,1,49,0,9,0,0
38,30,1006,0,2,1,0,1,310,1,0,49,0,9,0
30,38,1007,1,2,0,1,1,619,1,0,51,8,4,0
38,30,1007,1,2,1,0,0,389,1,2,0,0,9,0
30,38,1008,2,2,0,1,1,389,1,0,24,8,0,0
38,30,1008,2,2,1,0,0,308,1,29,0,0,9,0
30,39,1000,0,0,0,1,0,1094,1,28,0,93,41,0
39,30,1000,0,0,1,0,1,1094,1,0,28,41,93,0
30,39,1001,1,0,0,1,1,463,1,0,43,12,6,0
39,30,1001,1,0,1,0,0,463,1,43,0,6,12,0
30,39,1002,2,0,0,1,1,559,1,0,25,0,0,0
39,30,1002,2,0,1,0,0,508,1,21,0,0,0,0
30,39,1003,0,1,0,1,1,664,1,0,75,0,7,0
39,30,1003,0,1,1,0,0,664,1,75,0,7,0,0
30,39,1004,1,1,0,1,1,771,1,0,56,0,4,0
39,30,1004,1,1,1,0,0,771,1,56,0,4,0,0
30,39,1005,2,1,0,1,1,490,1,0,48,23,2,0
39,30,1005,2,1,1,0,0,532,1,79,0,0,25,0
30,39,1006,0,2,0,1,0,928,1,21,0,10,10,0
39,30,1006,0,2,1,0,1,928,1,0,21,10,10,0
30,39,1007,1,2,0,1,0,688,1,14,0,15,0,0
39,30,1007,1,2,1,0,1,454,1,0,41,0,15,0
30,39,1008,2,2,0,1,1,391,1,0,34,1,27,0
39,30,1008,2,2,1,0,0,538,1,37,0,0,0,0
31,32,1000,0,0,0,1,1,718,1,0,45,7,18,0
32,31,1000,0,0,1,0,0,718,1,45,0,18,7,0
31,32,1001,1,0,0,1,1,1408,1,0,10,57,42,0
32,31,1001,1,0,1,0,1,1566,1,0,19,17,34,0
31,32,1002,2,0,0,1,0,754,1,65,0,0,21,0
32,31,1002,2,0,1,0,1,781,1,0,44,21,0,0
31,32,1003,0,1,0,1,0,1111,1,19,0,6,34,0
32,31,1003,0,1,1,0,1,1111,1,0,19,34,6,0
31,32,1004,1,1,0,1,0,1093,1,19,0,25,16,0
32,31,1004,1,1,1,0,1,1180,1,0,13,16,25,0
31,32,1005,2,1,0,1,1,1471,1,0,14,26,15,0
32,31,1005,2,1,1,0,0,700,1,90,0,13,26,0
31,32,1006,0,2,0,1,0,781,1,61,0,28,54,0
32,31,1006,0,2,1,0,1,781,1,0,61,54,28,0
31,32,1007,1,2,0,1,0,1273,1,35,0,30,90,0
32,31,1007,1,2,1,0,1,1643,1,0,6,133,19,0
31,32,1008,2,2,0,1,0,1135,1,36,0,5,16,0
32,31,1008,2,2,1,0,0,990,1,20,0,15,5,0
31,33,1000,0,0,0,1,0,862,1,124,0,0,0,0
33,31,1000,0,0,1,0,1,862,1,0,124,0,0,0
31,33,1001,1,0,0,1,0,910,1,108,0,8,0,0
33,31,1001,1,0,1,0,1,659,1,0,113,40,0,0
31,33,1002,2,0,0,1,0,666,1,100,0,16,31,0
33,31,1002,2,0,1,0,1,872,1,0,103,5,33,0
31,33,1003,0,1,0,1,0,702,1,90,0,0,0,0
33,31,1003,0,1,1,0,1,702,1,0,90,0,0,0
31,33,1004,1,1,0,1,0,880,1,103,0,0,0,0
33,31,1004,1,1,1,0,1,880,1,0,103,0,0,0
31,33,1005,2,1,0,1,0,701,1,119,0,0,0,0
33,31,1005,2,1,1,0,1,652,1,0,105,0,0,0
31,33,1006,0,2,0,1,0,812,1,132,0,0,7,0
33,31,1006,0,2,1,0,1,812,1,0,132,7,0,0
31,33,1007,1,2,0,1,0,748,1,132,0,0,0,0
33,31,1007,1,2,1,0,1,812,1,0,132,0,0,0
31,33,1008,2,2,0,1,0,676,1,132,0,0,0,0
33,31,1008,2,2,1,0,1,736,1,0,114,0,0,0
31,34,1000,0,0,0,1,0,715,1,15,0,0,0,0
34,31,1000,0,0,1,0,1,715,1,0,15,0,0,0
31,34,1001,1,0,0,1,0,577,1,24,0,0,0,0
34,31,1001,1,0,1,0,1,620,1,0,60,27,0,0
31,34,1002,2,0,0,1,0,545,1,37,0,0,0,0
34,31,1002,2,0,1,0,1,563,1,0,48,18,0,0
31,34,1003,0,1,0,1,1,651,1,0,3,0,0,0
34,31,1003,0,1,1,0,0,651,1,3,0,0,0,0
31,34,1004,1,1,0,1,0,613,1,45,0,5,10,0
34,31,1004,1,1,1,0,0,540,1,6,0,10,5,0
31,34,1005,2,1,0,1,0,706,1,21,0,0,7,0
34,31,1005,2,1,1,0,1,691,1,0,55,12,0,0
31,34,1006,0,2,0,1,1,810,1,0,15,0,0,0
34,31,1006,0,2,1,0,0,810,1,15,0,0,0,0
31,34,1007,1,2,0,1,0,590,1,83,0,16,16,0
34,31,1007,1,2,1,0,1,670,1,0,45,0,15,0
31,34,1008,2,2,0,1,1,539,1,0,22,0,0,0
34,31,1008,2,2,1,0,0,690,1,24,0,0,10,0
31,35,1000,0,0,0,1,0,1569,1,132,0,25,31,0
35,31,1000,0,0,1,0,1,1569,1,0,132,31,25,0
31,35,1001,1,0,0,1,0,1727,1,76,0,45,42,0
35,31,1001,1,0,1,0,1,1761,1,0,100,55,63,0
31,35,1002,2,0,0,1,0,1756,1,103,0,23,71,0
35,31,1002,2,0,1,0,1,1533,1,0,120,14,23,0
31,35,1003,0,1,0,1,0,1762,1,100,0,101,48,0
35,31,1003,0,1,1,0,1,1762,1,0,100,48,101,0
31,35,1004,1,1,0,1,0,1552,1,102,0,27,0,0
35,31,1004,1,1,1,0,1,1847,1,0,77,12,61,0
31,35,1005,2,1,0,1,0,1460,1,78,0,0,6,0
35,31,1005,2,1,1,0,1,1685,1,0,51,0,22,0
31,35,1006,0,2,0,1,0,1162,1,107,0,32,0,0
35,31,1006,0,2,1,0,1,1162,1,0,107,0,32,0
31,35,1007,1,2,0,1,0,1681,1,72,0,15,9,0
35,31,1007,1,2,1,0,1,1702,1,0,92,9,65,0
31,35,1008,2,2,0,1,0,1052,1,132,0,22,6,0
35,31,1008,2,2,1,0,1,1752,1,0,65,29,44,0
31,36,1000,0,0,0,1,0,870,1,8,0,27,11,0
36,31,1000,0,0,1,0,1,870,1,0,8,11,27,0
31,36,1001,1,0,0,1,1,1257,1,0,27,27,0,0
36,31,1001,1,0,1,0,0,615,1,87,0,37,44,0
31,36,1002,2,0,0,1,1,819,1,0,35,0,2,0
36,31,1002,2,0,1,0,1,910,1,0,4,6,18,0
31,36,1003,0,1,0,1,1,774,1,0,25,22,22,0
36,31,1003,0,1,1,0,0,774,1,25,0,22,22,0
31,36,1004,1,1,0,1,1,768,1,0,52,35,1,0
36,31,1004,1,1,1,0,1,769,1,0,41,16,7,0
31,36,1005,2,1,0,1,0,584,1,31,0,39,19,0
36,31,1005,2,1,1,0,0,763,1,21,0,0,19,0
31,36,1006,0,2,0,1,1,1086,1,0,44,30,16,0
36,31,1006,0,2,1,0,0,1086,1,44,0,16,30,0
31,36,1007,1,2,0,1,1,813,1,0,17,43,36,0
36,31,1007,1,2,1,0,0,711,1,34,0,33,18,0
31,36,1008,2,2,0,1,0,964,1,25,0,36,0,0
36,31,1008,2,2,1,0,0,1335,1,31,0,32,48,0
31,37,1000,0,0,0,1,0,1105,1,132,0,15,29,0
37,31,1000,0,0,1,0,1,1105,1,0,132,29,15,0
31,37,1001,1,0,0,1,0,1272,1,132,0,84,57,0
37,31,1001,1,0,1,0,1,1270,1,0,77,20,22,0
31,37,1002,2,0,0,1,0,999,1,103,0,23,12,0
37,31,1002,2,0,1,0,1,952,1,0,82,3,24,0
31,37,1003,0,1,0,1,0,1093,1,39,0,4,21,0
37,31,1003,0,1,1,0,1,1093,1,0,39,21,4,0
31,37,1004,1,1,0,1,0,737,1,62,0,15,0,0
37,31,1004,1,1,1,0,1,838,1,0,115,71,16,0
31,37,1005,2,1,0,1,0,910,1,115,0,49,0,0
37,31,1005,2,1,1,0,1,1041,1,0,102,1,0,0
31,37,1006,0,2,0,1,0,801,1,126,0,5,48,0
37,31,1006,0,2,1,0,1,801,1,0,126,48,5,0
31,37,1007,1,2,0,1,0,1135,1,104,0,29,0,0
37,31,1007,1,2,1,0,1,1068,1,0,132,36,2,0
31,37,1008,2,2,0,1,0,957,1,105,0,31,33,0
37,31,1008,2,2,1,0,1,823,1,0,122,33,44,0
31,38,1000,0,0,0,1,1,520,1,0,21,14,0,0
38,31,1000,0,0,1,0,0,520,1,21,0,0,14,0
31,38,1001,1,0,0,1,1,520,1,0,66,14,0,0
38,31,1001,1,0,1,0,0,549,1,2,0,0,14,0
31,38,1002,2,0,0,1,1,437,1,0,51,14,0,0
38,31,1002,2,0,1,0,0,375,1,51,0,0,14,0
31,38,1003,0,1,0,1,1,652,1,0,11,16,16,0
38,31,1003,0,1,1,0,0,652,1,11,0,16,16,0
31,38,1004,1,1,0,1,1,825,1,0,12,23,57,0
38,31,1004,1,1,1,0,0,606,1,78,0,0,27,0
31,38,1005,2,1,0,1,1,345,1,0,63,15,0,0
38,31,1005,2,1,1,0,0,645,1,47,0,0,27,0
31,38,1006,0,2,0,1,1,540,1,0,15,14,0,0
38,31,1006,0,2,1,0,0,540,1,15,0,0,14,0
31,38,1007,1,2,0,1,1,529,1,0,50,14,0,0
38,31,1007,1,2,1,0,0,516,1,36,0,0,14,0
31,38,1008,2,2,0,1,1,543,1,0,57,14,0,0
38,31,1008,2,2,1,0,0,472,1,36,0,0,14,0
31,39,1000,0,0,0,1,0,1018,1,80,0,11,0,0
39,31,1000,0,0,1,0,1,1018,1,0,80,0,11,0
31,39,1001,1,0,0,1,1,1123,1,0,50,11,0,0
39,31,1001,1,0,1,0,1,1035,1,0,56,0,11,0
31,39,1002,2,0,0,1,0,1193,1,70,0,9,0,0
39,31,1002,2,0,1,0,1,1180,1,0,81,2,9,0
31,39,1003,0,1,0,1,0,988,1,35,0,0,0,0
39,31,1003,0,1,1,0,1,988,1,0,35,0,0,0
31,39,1004,1,1,0,1,1,868,1,0,64,0,2,0
39,31,1004,1,1,1,0,0,868,1,64,0,2,0,0
31,39,1005,2,1,0,1,0,950,1,70,0,31,0,0
39,31,1005,2,1,1,0,1,1214,1,0,23,0,31,0
31,39,1006,0,2,0,1,0,837,1,78,0,0,0,0
39,31,1006,0,2,1,0,1,837,1,0,78,0,0,0
31,39,1007,1,2,0,1,0,926,1,42,0,0,0,0
39,31,1007,1,2,1,0,0,1201,1,12,0,0,0,0
31,39,1008,2,2,0,1,1,943,1,0,38,0,1,0
39,31,1008,2,2,1,0,1,817,1,0,71,0,0,0
32,33,1000,0,0,0,1,0,426,1,6,0,0,4,0
33,32,1000,0,0,1,0,1,426,1,0,6,4,0,0
32,33,1001,1,0,0,1,0,517,1,62,0,0,4,0
33,32,1001,1,0,1,0,1,451,1,0,35,4,0,0
32,33,1002,2,0,0,1,1,240,1,0,63,0,4,0
33,32,1002,2,0,1,0,0,240,1,63,0,4,0,0
32,33,1003,0,1,0,1,0,730,1,1,0,0,7,0
33,32,1003,0,1,1,0,1,730,1,0,1,7,0,0
32,33,1004,1,1,0,1,0,478,1,23,0,12,5,0
33,32,1004,1,1,1,0,1,479,1,0,23,5,12,0
32,33,1005,2,1,0,1,0,499,1,57,0,0,4,0
33,32,1005,2,1,1,0,1,718,1,0,1,4,0,0
32,33,1006,0,2,0,1,1,498,1,0,24,10,7,0
33,32,1006,0,2,1,0,0,498,1,24,0,7,10,0
32,33,1007,1,2,0,1,0,451,1,74,0,0,3,0
33,32,1007,1,2,1,0,1,541,1,0,6,6,10,0
32,33,1008,2,2,0,1,0,541,1,40,0,0,3,0
33,32,1008,2,2,1,0,0,450,1,59,0,3,20,0
32,34,1000,0,0,0,1,0,484,1,35,0,0,39,0
34,32,1000,0,0,1,0,1,484,1,0,35,39,0,0
32,34,1001,1,0,0,1,0,473,1,49,0,0,12,0
34,32,1001,1,0,1,0,1,549,1,0,32,12,0,0
32,34,1002,2,0,0,1,1,633,1,0,31,19,44,0
34,32,1002,2,0,1,0,1,1004,1,0,38,72,27,0
32,34,1003,0,1,0,1,1,660,1,0,10,24,12,0
34,32,1003,0,1,1,0,0,660,1,10,0,12,24,0
32,34,1004,1,1,0,1,1,474,1,0,1,0,11,0
34,32,1004,1,1,1,0,1,472,1,0,56,11,0,0
32,34,1005,2,1,0,1,0,472,1,54,0,0,50,0
34,32,1005,2,1,1,0,0,540,1,46,0,50,0,0
32,34,1006,0,2,0,1,0,370,1,21,0,0,22,0
34,32,1006,0,2,1,0,1,370,1,0,21,22,0,0
32,34,1007,1,2,0,1,0,490,1,75,0,0,12,0
34,32,1007,1,2,1,0,1,466,1,0,3,12,0,0
32,34,1008,2,2,0,1,0,434,1,58,0,0,35,0
34,32,1008,2,2,1,0,1,403,1,0,40,12,0,0
32,35,1000,0,0,0,1,0,793,1,52,0,35,76,0
35,32,1000,0,0,1,0,1,793,1,0,52,76,35,0
32,35,1001,1,0,0,1,0,995,1,66,0,17,34,0
35,32,1001,1,0,1,0,1,883,1,0,80,37,3,0
32,35,1002,2,0,0,1,0,1036,1,38,0,32,77,0
35,32,1002,2,0,1,0,1,856,1,0,52,77,32,0
32,35,1003,0,1,0,1,0,835,1,24,0,0,55,0
35,32,1003,0,1,1,0,1,835,1,0,24,55,0,0
32,35,1004,1,1,0,1,1,1273,1,0,9,31,1,0
35,32,1004,1,1,1,0,1,613,1,0,80,0,32,0
32,35,1005,2,1,0,1,1,1018,1,0,58,6,0,0
35,32,1005,2,1,1,0,1,1159,1,0,52,77,54,0
32,35,1006,0,2,0,1,0,520,1,52,0,0,0,0
35,32,1006,0,2,1,0,1,520,1,0,52,0,0,0
32,35,1007,1,2,0,1,0,970,1,64,0,12,43,0
35,32,1007,1,2,1,0,1,439,1,0,66,0,0,0
32,35,1008,2,2,0,1,0,864,1,38,0,0,1,0
35,32,1008,2,2,1,0,1,1191,1,0,80,0,8,0
32,36,1000,0,0,0,1,1,259,1,0,41,0,6,0
36,32,1000,0,0,1,0,0,259,1,41,0,6,0,0
32,36,1001,1,0,0,1,1,397,1,0,35,53,9,0
36,32,1001,1,0,1,0,0,343,1,3,0,7,0,0
32,36,1002,2,0,0,1,1,265,1,0,28,0,8,0
36,32,1002,2,0,1,0,0,258,1,28,0,8,0,0
32,36,1003,0,1,0,1,1,502,1,0,30,0,8,0
36,32,1003,0,1,1,0,0,502,1,30,0,8,0,0
32,36,1004,1,1,0,1,1,367,1,0,26,0,8,0
36,32,1004,1,1,1,0,0,373,1,28,0,8,3,0
32,36,1005,2,1,0,1,1,628,1,0,27,12,8,0
36,32,1005,2,1,1,0,0,253,1,7,0,8,0,0
32,36,1006,0,2,0,1,1,310,1,0,41,0,7,0
36,32,1006,0,2,1,0,0,310,1,41,0,7,0,0
32,36,1007,1,2,0,1,0,334,1,33,0,0,7,0
36,32,1007,1,2,1,0,0,268,1,28,0,7,0,0
32,36,1008,2,2,0,1,1,496,1,0,8,49,7,0
36,32,1008,2,2,1,0,0,253,1,28,0,7,0,0
32,37,1000,0,0,0,1,0,538,1,58,0,0,6,0
37,32,1000,0,0,1,0,1,538,1,0,58,6,0,0
32,37,1001,1,0,0,1,0,499,1,56,0,19,7,0
37,32,1001,1,0,1,0,1,494,1,0,12,5,17,0
32,37,1002,2,0,0,1,0,467,1,40,0,0,9,0
37,32,1002,2,0,1,0,1,710,1,0,10,12,0,0
32,37,1003,0,1,0,1,0,489,1,26,0,0,7,0
37,32,1003,0,1,1,0,1,489,1,0,26,7,0,0
32,37,1004,1,1,0,1,0,499,1,58,0,0,7,0
37,32,1004,1,1,1,0,1,340,1,0,46,6,0,0
32,37,1005,2,1,0,1,0,616,1,18,0,13,11,0
37,32,1005,2,1,1,0,1,514,1,0,14,5,0,0
32,37,1006,0,2,0,1,0,445,1,14,0,30,6,0
37,32,1006,0,2,1,0,1,445,1,0,14,6,30,0
32,37,1007,1,2,0,1,0,583,1,38,0,0,6,0
37,32,1007,1,2,1,0,1,445,1,0,58,5,6,0
32,37,1008,2,2,0,1,0,358,1,72,0,0,6,0
37,32,1008,2,2,1,0,1,448,1,0,46,5,0,0
32,38,1000,0,0,0,1,0,466,1,44,0,5,0,0
38,32,1000,0,0,1,0,1,466,1,0,44,0,5,0
32,38,1001,1,0,0,1,0,388,1,43,0,20,104,0
38,32,1001,1,0,1,0,1,388,1,0,82,104,20,0
32,38,1002,2,0,0,1,0,403,1,11,0,22,131,0
38,32,1002,2,0,1,0,1,403,1,0,44,131,22,0
32,38,1003,0,1,0,1,1,556,1,0,67,6,0,0
38,32,1003,0,1,1,0,0,556,1,67,0,0,6,0
32,38,1004,1,1,0,1,1,487,1,0,105,13,16,0
38,32,1004,1,1,1,0,0,513,1,105,0,74,12,0
32,38,1005,2,1,0,1,1,424,1,0,105,4,0,0
38,32,1005,2,1,1,0,0,483,1,60,0,0,4,0
32,38,1006,0,2,0,1,0,1908,1,6,0,59,17,0
38,32,1006,0,2,1,0,1,1908,1,0,6,17,59,0
32,38,1007,1,2,0,1,1,755,1,0,45,5,0,0
38,32,1007,1,2,1,0,1,1076,1,0,44,0,5,0
32,38,1008,2,2,0,1,1,425,1,0,75,5,0,0
38,32,1008,2,2,1,0,0,558,1,45,0,0,5,0
32,39,1000,0,0,0,1,1,838,1,0,35,0,10,0
39,32,1000,0,0,1,0,0,838,1,35,0,10,0,0
32,39,1001,1,0,0,1,1,519,1,0,90,0,9,0
39,32,1001,1,0,1,0,0,519,1,69,0,9,0,0
32,39,1002,2,0,0,1,1,964,1,0,8,89,18,0
39,32,1002,2,0,1,0,0,739,1,42,0,18,8,0
32,39,1003,0,1,0,1,1,571,1,0,37,13,0,0
39,32,1003,0,1,1,0,0,571,1,37,0,0,13,0
32,39,1004,1,1,0,1,1,754,1,0,51,17,8,0
39,32,1004,1,1,1,0,0,706,1,66,0,8,0,0
32,39,1005,2,1,0,1,1,768,1,0,19,30,76,0
39,32,1005,2,1,1,0,0,768,1,58,0,76,30,0
32,39,1006,0,2,0,1,1,346,1,0,99,0,9,0
39,32,1006,0,2,1,0,0,346,1,99,0,9,0,0
32,39,1007,1,2,0,1,1,562,1,0,96,3,10,0
39,32,1007,1,2,1,0,0,466,1,87,0,10,0,0
32,39,1008,2,2,0,1,1,316,1,0,99,0,14,0
39,32,1008,2,2,1,0,0,316,1,99,0,14,0,0
33,34,1000,0,0,0,1,1,676,1,0,102,0,4,0
34,33,1000,0,0,1,0,0,676,1,102,0,4,0,0
33,34,1001,1,0,0,1,0,658,1,3,0,0,0,0
34,33,1001,1,0,1,0,0,644,1,27,0,0,0,0
33,34,1002,2,0,0,1,0,911,1,11,0,4,2,0
34,33,1002,2,0,1,0,1,911,1,0,11,2,4,0
33,34,1003,0,1,0,1,0,622,1,38,0,0,7,0
34,33,1003,0,1,1,0,1,622,1,0,38,7,0,0
33,34,1004,1,1,0,1,0,490,1,19,0,14,0,0
34,33,1004,1,1,1,0,1,738,1,0,27,0,0,0
33,34,1005,2,1,0,1,1,676,1,0,78,0,0,0
34,33,1005,2,1,1,0,0,707,1,78,0,0,0,0
33,34,1006,0,2,0,1,0,714,1,36,0,16,0,0
34,33,1006,0,2,1,0,1,714,1,0,36,0,16,0
33,34,1007,1,2,0,1,0,726,1,4,0,0,0,0
34,33,1007,1,2,1,0,0,654,1,49,0,0,0,0
33,34,1008,2,2,0,1,1,801,1,0,71,0,0,0
34,33,1008,2,2,1,0,0,924,1,17,0,0,0,0
33,35,1000,0,0,0,1,1,1741,1,0,28,17,34,0
35,33,1000,0,0,1,0,0,1741,1,28,0,34,17,0
33,35,1001,1,0,0,1,0,1656,1,9,0,8,4,0
35,33,1001,1,0,1,0,0,1205,1,82,0,0,8,0
33,35,1002,2,0,0,1,1,1576,1,0,68,10,0,0
35,33,1002,2,0,1,0,0,1576,1,75,0,0,10,0
33,35,1003,0,1,0,1,1,1590,1,0,78,20,0,0
35,33,1003,0,1,1,0,0,1590,1,78,0,0,20,0
33,35,1004,1,1,0,1,1,1370,1,0,101,19,0,0
35,33,1004,1,1,1,0,0,1335,1,101,0,0,19,0
33,35,1005,2,1,0,1,1,1296,1,0,35,60,55,0
35,33,1005,2,1,1,0,1,863,1,0,78,0,9,0
33,35,1006,0,2,0,1,1,1618,1,0,71,47,37,0
35,33,1006,0,2,1,0,0,1618,1,71,0,37,47,0
33,35,1007,1,2,0,1,1,1680,1,0,42,37,3,0
35,33,1007,1,2,1,0,1,1644,1,0,66,2,22,0
33,35,1008,2,2,0,1,1,1467,1,0,77,40,43,0
35,33,1008,2,2,1,0,0,1082,1,78,0,3,31,0
33,36,1000,0,0,0,1,1,947,1,0,77,8,20,0
36,33,1000,0,0,1,0,0,947,1,77,0,20,8,0
33,36,1001,1,0,0,1,1,396,1,0,92,10,22,0
36,33,1001,1,0,1,0,0,1050,1,38,0,0,0,0
33,36,1002,2,0,0,1,1,432,1,0,73,8,21,0
36,33,1002,2,0,1,0,0,709,1,38,0,0,0,0
33,36,1003,0,1,0,1,1,1082,1,0,72,13,0,0
36,33,1003,0,1,1,0,0,1082,1,72,0,0,13,0
33,36,1004,1,1,0,1,1,498,1,0,90,0,0,0
36,33,1004,1,1,1,0,0,630,1,78,0,0,0,0
33,36,1005,2,1,0,1,1,561,1,0,17,20,27,0
36,33,1005,2,1,1,0,0,712,1,58,0,65,22,0
33,36,1006,0,2,0,1,1,723,1,0,72,24,37,0
36,33,1006,0,2,1,0,0,723,1,72,0,37,24,0
33,36,1007,1,2,0,1,1,735,1,0,102,32,22,0
36,33,1007,1,2,1,0,0,972,1,40,0,0,5,0
33,36,1008,2,2,0,1,1,765,1,0,73,36,49,0
36,33,1008,2,2,1,0,0,738,1,40,0,0,5,0
33,37,1000,0,0,0,1,1,1537,1,0,14,26,0,0
37,33,1000,0,0,1,0,0,1537,1,14,0,0,26,0
33,37,1001,1,0,0,1,1,1603,1,0,43,22,0,0
37,33,1001,1,0,1,0,0,1543,1,24,0,14,5,0
33,37,1002,2,0,0,1,1,1336,1,0,17,21,26,0
37,33,1002,2,0,1,0,1,1039,1,0,50,66,31,0
33,37,1003,0,1,0,1,0,1456,1,32,0,17,8,0
37,33,1003,0,1,1,0,1,1456,1,0,32,8,17,0
33,37,1004,1,1,0,1,1,1561,1,0,11,52,41,0
37,33,1004,1,1,1,0,0,1474,1,25,0,46,39,0
33,37,1005,2,1,0,1,0,989,1,50,0,31,35,0
37,33,1005,2,1,1,0,1,706,1,0,77,9,26,0
33,37,1006,0,2,0,1,1,1574,1,0,30,51,47,0
37,33,1006,0,2,1,0,0,1574,1,30,0,47,51,0
33,37,1007,1,2,0,1,0,1687,1,4,0,16,18,0
37,33,1007,1,2,1,0,1,1549,1,0,33,52,57,0
33,37,1008,2,2,0,1,1,1472,1,0,40,0,27,0
37,33,1008,2,2,1,0,0,1197,1,51,0,0,6,0
33,38,1000,0,0,0,1,0,330,1,37,0,23,0,0
38,33,1000,0,0,1,0,1,330,1,0,37,0,23,0
33,38,1001,1,0,0,1,0,462,1,72,0,22,0,0
38,33,1001,1,0,1,0,1,771,1,0,72,0,19,0
33,38,1002,2,0,0,1,1,683,1,0,3,22,0,0
38,33,1002,2,0,1,0,1,774,1,0,34,0,22,0
33,38,1003,0,1,0,1,0,329,1,45,0,3,0,0
38,33,1003,0,1,1,0,1,329,1,0,45,0,3,0
33,38,1004,1,1,0,1,0,642,1,41,0,7,0,0
38,33,1004,1,1,1,0,1,630,1,0,41,30,18,0
33,38,1005,2,1,0,1,1,634,1,0,3,0,13,0
38,33,1005,2,1,1,0,0,710,1,3,0,6,0,0
33,38,1006,0,2,0,1,0,330,1,45,0,0,0,0
38,33,1006,0,2,1,0,1,330,1,0,45,0,0,0
33,38,1007,1,2,0,1,0,329,1,45,0,0,0,0
38,33,1007,1,2,1,0,1,510,1,0,7,0,0,0
33,38,1008,2,2,0,1,0,708,1,8,0,0,10,0
38,33,1008,2,2,1,0,1,487,1,0,12,14,0,0
33,39,1000,0,0,0,1,1,1203,1,0,46,8,19,0
39,33,1000,0,0,1,0,0,1203,1,46,0,19,8,0
33,39,1001,1,0,0,1,1,1127,1,0,73,0,13,0
39,33,1001,1,0,1,0,0,1072,1,37,0,13,0,0
33,39,1002,2,0,0,1,0,1409,1,9,0,14,4,0
39,33,1002,2,0,1,0,1,1409,1,0,9,4,14,0
33,39,1003,0,1,0,1,1,1032,1,0,27,13,24,0
39,33,1003,0,1,1,0,0,1032,1,27,0,24,13,0
33,39,1004,1,1,0,1,1,1709,1,0,20,11,0,0
39,33,1004,1,1,1,0,1,1152,1,0,46,2,1,0
33,39,1005,2,1,0,1,1,1777,1,0,23,41,0,0
39,33,1005,2,1,1,0,0,931,1,68,0,0,29,0
33,39,1006,0,2,0,1,1,1528,1,0,74,1,0,0
39,33,1006,0,2,1,0,0,1528,1,74,0,0,1,0
33,39,1007,1,2,0,1,1,1624,1,0,51,36,2,0
39,33,1007,1,2,1,0,0,1320,1,37,0,0,10,0
33,39,1008,2,2,0,1,1,1032,1,0,83,3,5,0
39,33,1008,2,2,1,0,0,1364,1,79,0,4,8,0
34,35,1000,0,0,0,1,0,844,1,127,0,10,0,0
35,34,1000,0,0,1,0,1,844,1,0,127,0,10,0
34,35,1001,1,0,0,1,1,1101,1,0,18,17,4,0
35,34,1001,1,0,1,0,1,896,1,0,33,5,8,0
34,35,1002,2,0,0,1,1,853,1,0,10,0,0,0
35,34,1002,2,0,1,0,1,710,1,0,39,0,0,0
34,35,1003,0,1,0,1,0,577,1,99,0,0,0,0
35,34,1003,0,1,1,0,1,577,1,0,99,0,0,0
34,35,1004,1,1,0,1,0,741,1,98,0,5,8,0
35,34,1004,1,1,1,0,1,741,1,0,112,8,5,0
34,35,1005,2,1,0,1,0,1021,1,55,0,0,0,0
35,34,1005,2,1,1,0,1,962,1,0,12,0,0,0
34,35,1006,0,2,0,1,0,940,1,56,0,0,0,0
35,34,1006,0,2,1,0,1,940,1,0,56,0,0,0
34,35,1007,1,2,0,1,1,1348,1,0,22,6,17,0
35,34,1007,1,2,1,0,1,988,1,0,70,4,5,0
34,35,1008,2,2,0,1,0,626,1,70,0,0,0,0
35,34,1008,2,2,1,0,1,1265,1,0,41,0,13,0
34,36,1000,0,0,0,1,0,421,1,41,0,3,12,0
36,34,1000,0,0,1,0,1,421,1,0,41,12,3,0
34,36,1001,1,0,0,1,0,422,1,64,0,1,11,0
36,34,1001,1,0,1,0,1,422,1,0,74,11,1,0
34,36,1002,2,0,0,1,0,423,1,74,0,3,0,0
36,34,1002,2,0,1,0,1,346,1,0,105,0,3,0
34,36,1003,0,1,0,1,0,354,1,34,0,18,2,0
36,34,1003,0,1,1,0,1,354,1,0,34,2,18,0
34,36,1004,1,1,0,1,1,351,1,0,48,19,0,0
36,34,1004,1,1,1,0,0,351,1,48,0,0,19,0
34,36,1005,2,1,0,1,0,370,1,72,0,44,0,0
36,34,1005,2,1,1,0,1,420,1,0,38,0,44,0
34,36,1006,0,2,0,1,0,422,1,51,0,13,10,0
36,34,1006,0,2,1,0,1,422,1,0,51,10,13,0
34,36,1007,1,2,0,1,0,422,1,41,0,14,0,0
36,34,1007,1,2,1,0,1,422,1,0,61,0,14,0
34,36,1008,2,2,0,1,0,314,1,105,0,21,27,0
36,34,1008,2,2,1,0,1,370,1,0,74,27,21,0
34,37,1000,0,0,0,1,0,642,1,54,0,0,0,0
37,34,1000,0,0,1,0,1,642,1,0,54,0,0,0
34,37,1001,1,0,0,1,0,675,1,24,0,16,0,0
37,34,1001,1,0,1,0,1,638,1,0,10,0,0,0
34,37,1002,2,0,0,1,0,523,1,94,0,34,37,0
37,34,1002,2,0,1,0,1,576,1,0,99,0,0,0
34,37,1003,0,1,0,1,0,597,1,53,0,19,0,0
37,34,1003,0,1,1,0,1,597,1,0,53,0,19,0
34,37,1004,1,1,0,1,0,888,1,9,0,13,4,0
37,34,1004,1,1,1,0,1,616,1,0,90,13,79,0
34,37,1005,2,1,0,1,0,901,1,53,0,0,0,0
37,34,1005,2,1,1,0,1,526,1,0,34,0,0,0
34,37,1006,0,2,0,1,0,740,1,82,0,0,0,0
37,34,1006,0,2,1,0,1,740,1,0,82,0,0,0
34,37,1007,1,2,0,1,0,934,1,81,0,42,41,0
37,34,1007,1,2,1,0,1,621,1,0,28,12,10,0
34,37,1008,2,2,0,1,0,625,1,82,0,2,0,0
37,34,1008,2,2,1,0,1,532,1,0,71,0,10,0
34,38,1000,0,0,0,1,0,311,1,45,0,9,0,0
38,34,1000,0,0,1,0,1,311,1,0,45,0,9,0
34,38,1001,1,0,0,1,1,657,1,0,6,9,0,0
38,34,1001,1,0,1,0,1,390,1,0,12,0,9,0
34,38,1002,2,0,0,1,1,460,1,0,8,9,0,0
38,34,1002,2,0,1,0,1,607,1,0,45,0,9,0
34,38,1003,0,1,0,1,0,545,1,7,0,19,18,0
38,34,1003,0,1,1,0,1,545,1,0,7,18,19,0
34,38,1004,1,1,0,1,0,403,1,12,0,10,0,0
38,34,1004,1,1,1,0,0,453,1,24,0,0,10,0
34,38,1005,2,1,0,1,1,378,1,0,53,10,0,0
38,34,1005,2,1,1,0,0,387,1,4,0,0,10,0
34,38,1006,0,2,0,1,0,472,1,7,0,9,0,0
38,34,1006,0,2,1,0,1,472,1,0,7,0,9,0
34,38,1007,1,2,0,1,1,399,1,0,4,9,0,0
38,34,1007,1,2,1,0,0,388,1,28,0,0,9,0
34,38,1008,2,2,0,1,0,321,1,24,0,9,0,0
38,34,1008,2,2,1,0,0,387,1,8,0,0,9,0
34,39,1000,0,0,0,1,1,936,1,0,3,0,0,0
39,34,1000,0,0,1,0,0,936,1,3,0,0,0,0
34,39,1001,1,0,0,1,1,997,1,0,28,17,6,0
39,34,1001,1,0,1,0,1,787,1,0,31,6,17,0
34,39,1002,2,0,0,1,0,941,1,10,0,0,0,0
39,34,1002,2,0,1,0,1,941,1,0,10,0,0,0
34,39,1003,0,1,0,1,0,709,1,58,0,0,0,0
39,34,1003,0,1,1,0,1,709,1,0,58,0,0,0
34,39,1004,1,1,0,1,1,817,1,0,7,0,0,0
39,34,1004,1,1,1,0,0,817,1,25,0,0,0,0
34,39,1005,2,1,0,1,0,678,1,12,0,4,0,0
39,34,1005,2,1,1,0,0,679,1,16,0,0,0,0
34,39,1006,0,2,0,1,0,693,1,50,0,16,0,0
39,34,1006,0,2,1,0,1,693,1,0,50,0,16,0
34,39,1007,1,2,0,1,0,647,1,15,0,0,0,0
39,34,1007,1,2,1,0,1,625,1,0,39,0,0,0
34,39,1008,2,2,0,1,1,815,1,0,6,23,26,0
39,34,1008,2,2,1,0,0,815,1,6,0,26,23,0
35,36,1000,0,0,0,1,0,514,1,75,0,0,0,0
36,35,1000,0,0,1,0,1,514,1,0,75,0,0,0
35,36,1001,1,0,0,1,0,1145,1,8,0,12,8,0
36,35,1001,1,0,1,0,1,1200,1,0,44,36,4,0
35,36,1002,2,0,0,1,0,857,1,38,0,51,91,0
36,35,1002,2,0,1,0,1,503,1,0,56,0,0,0
35,36,1003,0,1,0,1,0,1352,1,58,0,0,9,0
36,35,1003,0,1,1,0,1,1352,1,0,58,9,0,0
35,36,1004,1,1,0,1,1,1626,1,0,4,7,0,0
36,35,1004,1,1,1,0,0,1916,1,16,0,11,15,0
35,36,1005,2,1,0,1,1,982,1,0,11,7,32,0
36,35,1005,2,1,1,0,1,1389,1,0,88,24,5,0
35,36,1006,0,2,0,1,0,635,1,50,0,0,20,0
36,35,1006,0,2,1,0,1,635,1,0,50,20,0,0
35,36,1007,1,2,0,1,0,737,1,33,0,1,6,0
36,35,1007,1,2,1,0,1,820,1,0,55,0,0,0
35,36,1008,2,2,0,1,0,583,1,50,0,1,10,0
36,35,1008,2,2,1,0,1,592,1,0,55,0,0,0
35,37,1000,0,0,0,1,-1,734,1,0,0,0,1,0
37,35,1000,0,0,1,0,-1,734,1,0,0,1,0,0
35,37,1001,1,0,0,1,0,1125,1,52,0,0,1,0
37,35,1001,1,0,1,0,1,1156,1,0,53,9,27,0
35,37,1002,2,0,0,1,0,1000,1,61,0,0,9,0
37,35,1002,2,0,1,0,1,979,1,0,49,20,10,0
35,37,1003,0,1,0,1,0,966,1,88,0,4,30,0
37,35,1003,0,1,1,0,1,966,1,0,88,30,4,0
35,37,1004,1,1,0,1,0,667,1,101,0,0,38,0
37,35,1004,1,1,1,0,1,863,1,0,83,3,0,0
35,37,1005,2,1,0,1,0,1019,1,101,0,0,2,0
37,35,1005,2,1,1,0,1,698,1,0,95,0,0,0
35,37,1006,0,2,0,1,0,541,1,101,0,0,1,0
37,35,1006,0,2,1,0,1,541,1,0,101,1,0,0
35,37,1007,1,2,0,1,0,582,1,83,0,0,0,0
37,35,1007,1,2,1,0,1,502,1,0,95,0,0,0
35,37,1008,2,2,0,1,0,756,1,100,0,0,0,0
37,35,1008,2,2,1,0,1,613,1,0,87,17,0,0
35,38,1000,0,0,0,1,0,720,1,15,0,5,0,0
38,35,1000,0,0,1,0,1,720,1,0,15,0,5,0
35,38,1001,1,0,0,1,1,681,1,0,35,16,49,0
38,35,1001,1,0,1,0,1,808,1,0,21,18,31,0
35,38,1002,2,0,0,1,1,916,1,0,21,22,16,0
38,35,1002,2,0,1,0,0,847,1,21,0,0,8,0
35,38,1003,0,1,0,1,0,643,1,9,0,25,64,0
38,35,1003,0,1,1,0,1,643,1,0,9,64,25,0
35,38,1004,1,1,0,1,0,759,1,48,0,0,27,0
38,35,1004,1,1,1,0,0,232,1,63,0,0,8,0
35,38,1005,2,1,0,1,1,1111,1,0,7,6,29,0
38,35,1005,2,1,1,0,1,723,1,0,18,2,9,0
35,38,1006,0,2,0,1,0,674,1,34,0,11,2,0
38,35,1006,0,2,1,0,1,674,1,0,34,2,11,0
35,38,1007,1,2,0,1,1,634,1,0,49,5,0,0
38,35,1007,1,2,1,0,0,760,1,49,0,0,8,0
35,38,1008,2,2,0,1,0,1083,1,62,0,5,0,0
38,35,1008,2,2,1,0,0,955,1,7,0,6,12,0
35,39,1000,0,0,0,1,1,1735,1,0,8,28,40,0
39,35,1000,0,0,1,0,0,1735,1,8,0,40,28,0
35,39,1001,1,0,0,1,1,798,1,0,63,21,0,0
39,35,1001,1,0,1,0,0,798,1,65,0,0,21,0
35,39,1002,2,0,0,1,0,1068,1,61,0,62,6,0
39,35,1002,2,0,1,0,1,1160,1,0,43,6,62,0
35,39,1003,0,1,0,1,0,1546,1,15,0,0,14,0
39,35,1003,0,1,1,0,1,1546,1,0,15,14,0,0
35,39,1004,1,1,0,1,1,1112,1,0,68,0,13,0
39,35,1004,1,1,1,0,0,1174,1,68,0,13,0,0
35,39,1005,2,1,0,1,0,1443,1,7,0,0,13,0
39,35,1005,2,1,1,0,1,1504,1,0,7,13,0,0
35,39,1006,0,2,0,1,1,1234,1,0,19,1,3,0
39,35,1006,0,2,1,0,0,1234,1,19,0,3,1,0
35,39,1007,1,2,0,1,1,1075,1,0,53,4,0,0
39,35,1007,1,2,1,0,0,1075,1,25,0,0,4,0
35,39,1008,2,2,0,1,0,1657,1,75,0,11,0,0
39,35,1008,2,2,1,0,1,1617,1,0,91,0,11,0
36,37,1000,0,0,0,1,0,539,1,53,0,1,6,0
37,36,1000,0,0,1,0,1,539,1,0,53,6,1,0
36,37,1001,1,0,0,1,0,601,1,56,0,7,5,0
37,36,1001,1,0,1,0,1,427,1,0,73,0,0,0
36,37,1002,2,0,0,1,0,566,1,43,0,0,7,0
37,36,1002,2,0,1,0,1,562,1,0,48,38,17,0
36,37,1003,0,1,0,1,0,295,1,44,0,0,1,0
37,36,1003,0,1,1,0,1,295,1,0,44,1,0,0
36,37,1004,1,1,0,1,0,364,1,87,0,18,12,0
37,36,1004,1,1,1,0,1,471,1,0,65,23,0,0
36,37,1005,2,1,0,1,0,298,1,71,0,0,9,0
37,36,1005,2,1,1,0,1,364,1,0,70,25,1,0
36,37,1006,0,2,0,1,0,366,1,74,0,4,1,0
37,36,1006,0,2,1,0,1,366,1,0,74,1,4,0
36,37,1007,1,2,0,1,0,498,1,62,0,14,0,0
37,36,1007,1,2,1,0,1,447,1,0,72,2,0,0
36,37,1008,2,2,0,1,0,474,1,70,0,24,4,0
37,36,1008,2,2,1,0,1,553,1,0,47,2,0,0
36,38,1000,0,0,0,1,0,289,1,6,0,9,0,0
38,36,1000,0,0,1,0,1,289,1,0,6,0,9,0
36,38,1001,1,0,0,1,1,395,1,0,15,9,0,0
38,36,1001,1,0,1,0,0,289,1,11,0,0,9,0
36,38,1002,2,0,0,1,0,373,1,4,0,9,0,0
38,36,1002,2,0,1,0,1,289,1,0,44,0,9,0
36,38,1003,0,1,0,1,1,241,1,0,16,12,0,0
38,36,1003,0,1,1,0,0,241,1,16,0,0,12,0
36,38,1004,1,1,0,1,1,223,1,0,20,12,0,0
38,36,1004,1,1,1,0,0,223,1,24,0,0,12,0
36,38,1005,2,1,0,1,1,327,1,0,37,0,0,0
38,36,1005,2,1,1,0,0,232,1,60,0,0,12,0
36,38,1006,0,2,0,1,1,223,1,0,20,9,0,0
38,36,1006,0,2,1,0,0,223,1,20,0,0,9,0
36,38,1007,1,2,0,1,1,247,1,0,57,6,0,0
38,36,1007,1,2,1,0,0,224,1,20,0,0,9,0
36,38,1008,2,2,0,1,1,297,1,0,5,11,0,0
38,36,1008,2,2,1,0,0,223,1,27,0,0,9,0
36,39,1000,0,0,0,1,1,583,1,0,9,0,0,0
39,36,1000,0,0,1,0,0,583,1,9,0,0,0,0
36,39,1001,1,0,0,1,1,694,1,0,26,0,0,0
39,36,1001,1,0,1,0,0,694,1,40,0,0,0,0
36,39,1002,2,0,0,1,1,646,1,0,19,4,0,0
39,36,1002,2,0,1,0,0,646,1,19,0,0,4,0
36,39,1003,0,1,0,1,1,640,1,0,17,0,0,0
39,36,1003,0,1,1,0,0,640,1,17,0,0,0,0
36,39,1004,1,1,0,1,1,592,1,0,49,0,12,0
39,36,1004,1,1,1,0,0,592,1,56,0,12,0,0
36,39,1005,2,1,0,1,1,614,1,0,20,0,0,0
39,36,1005,2,1,1,0,0,614,1,20,0,0,0,0
36,39,1006,0,2,0,1,0,537,1,4,0,1,0,0
39,36,1006,0,2,1,0,1,537,1,0,4,0,1,0
36,39,1007,1,2,0,1,0,651,1,20,0,0,1,0
39,36,1007,1,2,1,0,1,626,1,0,20,1,0,0
36,39,1008,2,2,0,1,1,742,1,0,43,24,2,0
39,36,1008,2,2,1,0,0,742,1,46,0,2,24,0
37,38,1000,0,0,0,1,1,372,1,0,13,12,19,0
38,37,1000,0,0,1,0,0,372,1,13,0,19,12,0
37,38,1001,1,0,0,1,1,447,1,0,51,6,0,0
38,37,1001,1,0,1,0,0,387,1,53,0,0,10,0
37,38,1002,2,0,0,1,1,388,1,0,37,8,0,0
38,37,1002,2,0,1,0,1,433,1,0,60,0,15,0
37,38,1003,0,1,0,1,0,849,1,22,0,48,11,0
38,37,1003,0,1,1,0,1,849,1,0,22,11,48,0
37,38,1004,1,1,0,1,0,726,1,22,0,24,0,0
38,37,1004,1,1,1,0,1,733,1,0,29,10,14,0
37,38,1005,2,1,0,1,1,306,1,0,53,19,0,0
38,37,1005,2,1,1,0,1,547,1,0,22,12,18,0
37,38,1006,0,2,0,1,0,313,1,28,0,12,0,0
38,37,1006,0,2,1,0,1,313,1,0,28,0,12,0
37,38,1007,1,2,0,1,1,232,1,0,59,5,0,0
38,37,1007,1,2,1,0,0,657,1,13,0,0,10,0
37,38,1008,2,2,0,1,1,231,1,0,59,5,0,0
38,37,1008,2,2,1,0,1,570,1,0,28,0,10,0
37,39,1000,0,0,0,1,1,591,1,0,95,0,0,0
39,37,1000,0,0,1,0,0,591,1,95,0,0,0,0
37,39,1001,1,0,0,1,1,657,1,0,39,0,0,0
39,37,1001,1,0,1,0,0,589,1,66,0,0,0,0
37,39,1002,2,0,0,1,1,633,1,0,75,1,0,0
39,37,1002,2,0,1,0,0,571,1,94,0,66,0,0
37,39,1003,0,1,0,1,1,712,1,0,61,0,1,0
39,37,1003,0,1,1,0,0,712,1,61,0,1,0,0
37,39,1004,1,1,0,1,1,921,1,0,58,3,10,0
39,37,1004,1,1,1,0,0,1056,1,36,0,16,0,0
37,39,1005,2,1,0,1,1,562,1,0,45,22,10,0
39,37,1005,2,1,1,0,0,613,1,35,0,7,0,0
37,39,1006,0,2,0,1,1,681,1,0,63,0,0,0
39,37,1006,0,2,1,0,0,681,1,63,0,0,0,0
37,39,1007,1,2,0,1,1,588,1,0,63,0,0,0
39,37,1007,1,2,1,0,0,562,1,74,0,0,0,0
37,39,1008,2,2,0,1,1,532,1,0,81,0,0,0
39,37,1008,2,2,1,0,0,532,1,65,0,0,29,0
38,39,1000,0,0,0,1,1,394,1,0,103,0,5,0
39,38,1000,0,0,1,0,0,394,1,103,0,5,0,0
38,39,1001,1,0,0,1,1,394,1,0,78,0,5,0
39,38,1001,1,0,1,0,0,544,1,15,0,10,0,0
38,39,1002,2,0,0,1,1,403,1,0,2,0,5,0
39,38,1002,2,0,1,0,0,402,1,12,0,10,0,0
38,39,1003,0,1,0,1,1,435,1,0,70,0,0,0
39,38,1003,0,1,1,0,0,435,1,70,0,0,0,0
38,39,1004,1,1,0,1,1,490,1,0,85,9,16,0
39,38,1004,1,1,1,0,0,331,1,54,0,5,0,0
38,39,1005,2,1,0,1,1,373,1,0,67,0,9,0
39,38,1005,2,1,1,0,0,586,1,18,0,10,0,0
38,39,1006,0,2,0,1,1,586,1,0,50,6,3,0
39,38,1006,0,2,1,0,0,586,1,50,0,3,6,0
38,39,1007,1,2,0,1,1,586,1,0,22,5,4,0
39,38,1007,1,2,1,0,0,397,1,49,0,11,0,0
38,39,1008,2,2,0,1,1,402,1,0,2,0,4,0
39,38,1008,2,2,1,0,0,403,1,67,0,11,0,0
