a,b,seed,weather,arena,style_a,style_b,winner,ticks,reason,hp_a,hp_b,control_a,control_b,overflow
0,1,1000,0,0,0,0,1,604,1,0,46,11,7,0
1,0,1000,0,0,0,0,0,604,1,46,0,7,11,0
0,1,1001,1,1,1,0,1,799,1,0,79,0,54,0
1,0,1001,1,1,0,1,0,663,1,59,0,64,0,0
0,1,1002,2,2,2,0,1,793,1,0,55,3,27,0
1,0,1002,2,2,0,2,0,1121,1,10,0,42,5,0
0,2,1000,0,0,0,0,0,351,1,9,0,4,0,0
2,0,1000,0,0,0,0,1,351,1,0,9,0,4,0
0,2,1001,1,1,1,0,0,304,1,34,0,4,0,0
2,0,1001,1,1,0,1,0,487,1,39,0,0,4,0
0,2,1002,2,2,2,0,1,288,1,0,45,4,0,0
2,0,1002,2,2,0,2,0,375,1,6,0,0,4,0
0,3,1000,0,0,0,0,1,593,1,0,7,74,18,0
3,0,1000,0,0,0,0,0,593,1,7,0,18,74,0
0,3,1001,1,1,1,0,1,838,1,0,63,0,0,0
3,0,1001,1,1,0,1,0,736,1,1,0,0,0,0
0,3,1002,2,2,2,0,0,715,1,83,0,5,8,0
3,0,1002,2,2,0,2,0,827,1,13,0,0,0,0
0,4,1000,0,0,0,0,1,720,1,0,71,0,27,0
4,0,1000,0,0,0,0,0,720,1,71,0,27,0,0
0,4,1001,1,1,1,0,1,540,1,0,30,35,0,0
4,0,1001,1,1,0,1,0,883,1,52,0,0,58,0
0,4,1002,2,2,2,0,1,882,1,0,124,36,82,0
4,0,1002,2,2,0,2,0,892,1,107,0,96,70,0
0,5,1000,0,0,0,0,1,799,1,0,45,6,6,0
5,0,1000,0,0,0,0,0,799,1,45,0,6,6,0
0,5,1001,1,1,1,0,1,1102,1,0,120,15,36,0
5,0,1001,1,1,0,1,0,1102,1,120,0,36,15,0
0,5,1002,2,2,2,0,1,941,1,0,80,0,0,0
5,0,1002,2,2,0,2,0,941,1,90,0,0,0,0
0,6,1000,0,0,0,0,0,420,1,50,0,10,0,0
6,0,1000,0,0,0,0,1,420,1,0,50,0,10,0
0,6,1001,1,1,1,0,0,636,1,66,0,35,19,0
6,0,1001,1,1,0,1,0,785,1,23,0,4,47,0
0,6,1002,2,2,2,0,0,605,1,27,0,36,4,0
6,0,1002,2,2,0,2,0,884,1,1,0,14,14,0
0,7,1000,0,0,0,0,1,484,1,0,52,0,0,0
7,0,1000,0,0,0,0,0,484,1,52,0,0,0,0
0,7,1001,1,1,1,0,0,354,1,64,0,0,6,0
7,0,1001,1,1,0,1,1,354,1,0,64,6,0,0
0,7,1002,2,2,2,0,0,425,1,54,0,1,0,0
7,0,1002,2,2,0,2,0,484,1,10,0,0,1,0
0,8,1000,0,0,0,0,0,1200,1,12,0,18,12,0
8,0,1000,0,0,0,0,1,1200,1,0,12,12,18,0
0,8,1001,1,1,1,0,0,886,1,24,0,0,10,0
8,0,1001,1,1,0,1,0,881,1,1,0,10,0,0
0,8,1002,2,2,2,0,1,1627,1,0,9,61,111,0
8,0,1002,2,2,0,2,0,1561,1,17,0,0,0,0
0,9,1000,0,0,0,0,0,631,1,66,0,0,29,0
9,0,1000,0,0,0,0,1,631,1,0,66,29,0,0
0,9,1001,1,1,1,0,0,784,1,20,0,0,0,0
9,0,1001,1,1,0,1,1,814,1,0,17,0,0,0
0,9,1002,2,2,2,0,0,830,1,63,0,18,0,0
9,0,1002,2,2,0,2,1,908,1,0,63,0,18,0
0,10,1000,0,0,0,0,1,805,1,0,37,130,77,0
10,0,1000,0,0,0,0,0,805,1,37,0,77,130,0
0,10,1001,1,1,1,0,0,626,1,18,0,25,7,0
10,0,1001,1,1,0,1,1,990,1,0,10,0,0,0
0,10,1002,2,2,2,0,1,911,1,0,21,53,24,0
10,0,1002,2,2,0,2,0,754,1,18,0,1,13,0
0,11,1000,0,0,0,0,0,1273,1,17,0,2,3,0
11,0,1000,0,0,0,0,1,1273,1,0,17,3,2,0
0,11,1001,1,1,1,0,1,703,1,0,56,0,0,0
11,0,1001,1,1,0,1,0,1240,1,66,0,13,11,0
0,11,1002,2,2,2,0,0,1066,1,37,0,30,1,0
11,0,1002,2,2,0,2,0,721,1,37,0,1,0,0
0,12,1000,0,0,0,0,0,787,1,33,0,0,13,0
12,0,1000,0,0,0,0,1,787,1,0,33,13,0,0
0,12,1001,1,1,1,0,1,707,1,0,10,0,28,0
12,0,1001,1,1,0,1,0,707,1,10,0,28,0,0
0,12,1002,2,2,2,0,0,720,1,58,0,3,6,0
12,0,1002,2,2,0,2,1,810,1,0,58,6,3,0
0,13,1000,0,0,0,0,0,240,1,11,0,4,0,0
13,0,1000,0,0,0,0,1,240,1,0,11,0,4,0
0,13,1001,1,1,1,0,1,268,1,0,23,4,0,0
13,0,1001,1,1,0,1,0,366,1,64,0,0,4,0
0,13,1002,2,2,2,0,1,288,1,0,17,4,0,0
13,0,1002,2,2,0,2,1,212,1,0,22,0,4,0
0,14,1000,0,0,0,0,0,720,1,68,0,0,0,0
14,0,1000,0,0,0,0,1,720,1,0,68,0,0,0
0,14,1001,1,1,1,0,0,767,1,57,0,18,0,0
14,0,1001,1,1,0,1,1,725,1,0,57,0,0,0
0,14,1002,2,2,2,0,1,1099,1,0,32,8,0,0
14,0,1002,2,2,0,2,0,1099,1,10,0,0,8,0
0,15,1000,0,0,0,0,0,1072,1,1,0,68,91,0
15,0,1000,0,0,0,0,1,1072,1,0,1,91,68,0
0,15,1001,1,1,1,0,1,1225,1,0,36,0,40,0
15,0,1001,1,1,0,1,0,862,1,105,0,48,8,0
0,15,1002,2,2,2,0,1,977,1,0,27,9,11,0
15,0,1002,2,2,0,2,0,976,1,83,0,11,1,0
0,16,1000,0,0,0,0,0,873,1,2,0,4,0,0
16,0,1000,0,0,0,0,1,873,1,0,2,0,4,0
0,16,1001,1,1,1,0,0,568,1,4,0,3,0,0
16,0,1001,1,1,0,1,1,732,1,0,28,9,0,0
0,16,1002,2,2,2,0,0,429,1,46,0,13,0,0
16,0,1002,2,2,0,2,1,569,1,0,50,0,11,0
0,17,1000,0,0,0,0,0,526,1,58,0,0,3,0
17,0,1000,0,0,0,0,1,526,1,0,58,3,0,0
0,17,1001,1,1,1,0,0,420,1,48,0,0,7,0
17,0,1001,1,1,0,1,0,570,1,38,0,6,6,0
0,17,1002,2,2,2,0,1,577,1,0,20,0,0,0
17,0,1002,2,2,0,2,0,577,1,20,0,0,0,0
0,18,1000,0,0,0,0,1,741,1,0,22,68,27,0
18,0,1000,0,0,0,0,0,741,1,22,0,27,68,0
0,18,1001,1,1,1,0,0,762,1,18,0,23,0,0
18,0,1001,1,1,0,1,0,496,1,108,0,13,0,0
0,18,1002,2,2,2,0,1,1045,1,0,71,70,110,0
18,0,1002,2,2,0,2,0,1678,1,29,0,80,91,0
0,19,1000,0,0,0,0,1,829,1,0,88,17,0,0
19,0,1000,0,0,0,0,0,829,1,88,0,0,17,0
0,19,1001,1,1,1,0,1,712,1,0,30,11,0,0
19,0,1001,1,1,0,1,1,725,1,0,26,9,5,0
0,19,1002,2,2,2,0,1,1269,1,0,30,160,160,0
19,0,1002,2,2,0,2,0,925,1,91,0,0,20,0
0,20,1000,0,0,0,0,1,440,1,0,83,0,39,0
20,0,1000,0,0,0,0,0,440,1,83,0,39,0,0
0,20,1001,1,1,1,0,1,652,1,0,68,2,22,0
20,0,1001,1,1,0,1,0,517,1,17,0,14,12,0
0,20,1002,2,2,2,0,1,540,1,0,95,43,106,0
20,0,1002,2,2,0,2,0,680,1,94,0,83,17,0
0,21,1000,0,0,0,0,0,811,1,28,0,0,0,0
21,0,1000,0,0,0,0,1,811,1,0,28,0,0,0
0,21,1001,1,1,1,0,1,652,1,0,17,0,0,0
21,0,1001,1,1,0,1,0,513,1,47,0,0,0,0
0,21,1002,2,2,2,0,0,1059,1,38,0,22,15,0
21,0,1002,2,2,0,2,1,1038,1,0,38,20,31,0
0,22,1000,0,0,0,0,0,702,1,62,0,0,12,0
22,0,1000,0,0,0,0,1,702,1,0,62,12,0,0
0,22,1001,1,1,1,0,0,1050,1,26,0,0,4,0
22,0,1001,1,1,0,1,0,654,1,67,0,36,8,0
0,22,1002,2,2,2,0,0,887,1,87,0,0,0,0
22,0,1002,2,2,0,2,1,656,1,0,42,5,0,0
0,23,1000,0,0,0,0,0,295,1,78,0,0,0,0
23,0,1000,0,0,0,0,1,295,1,0,78,0,0,0
0,23,1001,1,1,1,0,1,555,1,0,9,6,12,0
23,0,1001,1,1,0,1,1,351,1,0,25,0,6,0
0,23,1002,2,2,2,0,0,486,1,52,0,0,0,0
23,0,1002,2,2,0,2,1,467,1,0,82,0,0,0
0,24,1000,0,0,0,0,0,553,1,12,0,0,16,0
24,0,1000,0,0,0,0,1,553,1,0,12,16,0,0
0,24,1001,1,1,1,0,0,1234,1,30,0,0,0,0
24,0,1001,1,1,0,1,0,1213,1,32,0,0,0,0
0,24,1002,2,2,2,0,0,927,1,8,0,0,0,0
24,0,1002,2,2,0,2,1,840,1,0,8,0,0,0
0,25,1000,0,0,0,0,1,614,1,0,57,0,8,0
25,0,1000,0,0,0,0,0,614,1,57,0,8,0,0
0,25,1001,1,1,1,0,1,451,1,0,109,4,27,0
25,0,1001,1,1,0,1,0,451,1,103,0,27,4,0
0,25,1002,2,2,2,0,1,640,1,0,56,0,0,0
25,0,1002,2,2,0,2,0,670,1,15,0,0,0,0
0,26,1000,0,0,0,0,0,620,1,4,0,11,14,0
26,0,1000,0,0,0,0,1,620,1,0,4,14,11,0
0,26,1001,1,1,1,0,1,360,1,0,84,20,0,0
26,0,1001,1,1,0,1,0,435,1,69,0,0,20,0
0,26,1002,2,2,2,0,0,1140,1,66,0,0,0,0
26,0,1002,2,2,0,2,0,601,1,32,0,0,0,0
0,27,1000,0,0,0,0,0,693,1,12,0,13,43,0
27,0,1000,0,0,0,0,1,693,1,0,12,43,13,0
0,27,1001,1,1,1,0,1,358,1,0,34,14,0,0
27,0,1001,1,1,0,1,0,494,1,76,0,0,8,0
0,27,1002,2,2,2,0,1,550,1,0,27,45,6,0
27,0,1002,2,2,0,2,0,646,1,8,0,10,25,0
0,28,1000,0,0,0,0,1,379,1,0,110,24,0,0
28,0,1000,0,0,0,0,0,379,1,110,0,0,24,0
0,28,1001,1,1,1,0,0,271,1,101,0,2,24,0
28,0,1001,1,1,0,1,1,404,1,0,2,0,4,0
0,28,1002,2,2,2,0,1,421,1,0,42,5,9,0
28,0,1002,2,2,0,2,0,420,1,28,0,0,12,0
0,29,1000,0,0,0,0,1,925,1,0,15,0,3,0
29,0,1000,0,0,0,0,0,925,1,15,0,3,0,0
0,29,1001,1,1,1,0,1,694,1,0,70,0,2,0
29,0,1001,1,1,0,1,0,489,1,83,0,2,0,0
0,29,1002,2,2,2,0,1,1311,1,0,58,11,38,0
29,0,1002,2,2,0,2,-1,1392,1,0,0,67,29,0
0,30,1000,0,0,0,0,1,786,1,0,19,1,0,0
30,0,1000,0,0,0,0,0,786,1,19,0,0,1,0
0,30,1001,1,1,1,0,0,594,1,21,0,0,0,0
30,0,1001,1,1,0,1,0,439,1,65,0,0,18,0
0,30,1002,2,2,2,0,1,693,1,0,54,24,70,0
30,0,1002,2,2,0,2,0,1093,1,30,0,0,16,0
0,31,1000,0,0,0,0,0,886,1,1,0,39,23,0
31,0,1000,0,0,0,0,1,886,1,0,1,23,39,0
0,31,1001,1,1,1,0,1,376,1,0,82,0,18,0
31,0,1001,1,1,0,1,0,559,1,55,0,73,10,0
0,31,1002,2,2,2,0,1,637,1,0,59,0,4,0
31,0,1002,2,2,0,2,0,361,1,57,0,0,0,0
0,32,1000,0,0,0,0,1,544,1,0,48,2,0,0
32,0,1000,0,0,0,0,0,544,1,48,0,0,2,0
0,32,1001,1,1,1,0,1,466,1,0,74,1,0,0
32,0,1001,1,1,0,1,0,502,1,69,0,0,1,0
0,32,1002,2,2,2,0,1,457,1,0,68,6,56,0
32,0,1002,2,2,0,2,0,475,1,68,0,55,52,0
0,33,1000,0,0,0,0,0,622,1,45,0,0,6,0
33,0,1000,0,0,0,0,1,622,1,0,45,6,0,0
0,33,1001,1,1,1,0,0,494,1,55,0,0,3,0
33,0,1001,1,1,0,1,1,809,1,0,55,15,0,0
0,33,1002,2,2,2,0,0,594,1,63,0,0,6,0
33,0,1002,2,2,0,2,1,594,1,0,63,6,0,0
0,34,1000,0,0,0,0,1,511,1,0,40,10,52,0
34,0,1000,0,0,0,0,0,511,1,40,0,52,10,0
0,34,1001,1,1,1,0,1,625,1,0,27,4,0,0
34,0,1001,1,1,0,1,0,625,1,27,0,0,4,0
0,34,1002,2,2,2,0,0,576,1,84,0,22,46,0
34,0,1002,2,2,0,2,1,576,1,0,68,46,22,0
0,35,1000,0,0,0,0,1,1168,1,0,95,0,0,0
35,0,1000,0,0,0,0,0,1168,1,95,0,0,0,0
0,35,1001,1,1,1,0,1,845,1,0,93,5,0,0
35,0,1001,1,1,0,1,0,655,1,70,0,0,0,0
0,35,1002,2,2,2,0,1,1621,1,0,78,3,12,0
35,0,1002,2,2,0,2,0,1236,1,101,0,65,71,0
0,36,1000,0,0,0,0,1,441,1,0,68,29,22,0
36,0,1000,0,0,0,0,0,441,1,68,0,22,29,0
0,36,1001,1,1,1,0,1,462,1,0,89,0,0,0
36,0,1001,1,1,0,1,0,351,1,78,0,0,0,0
0,36,1002,2,2,2,0,1,1032,1,0,52,30,20,0
36,0,1002,2,2,0,2,0,613,1,111,0,10,16,0
0,37,1000,0,0,0,0,1,871,1,0,31,10,3,0
37,0,1000,0,0,0,0,0,871,1,31,0,3,10,0
0,37,1001,1,1,1,0,1,801,1,0,17,1,0,0
37,0,1001,1,1,0,1,0,691,1,17,0,8,3,0
0,37,1002,2,2,2,0,0,879,1,34,0,59,54,0
37,0,1002,2,2,0,2,0,823,1,54,0,21,24,0
0,38,1000,0,0,0,0,0,447,1,50,0,4,26,0
38,0,1000,0,0,0,0,1,447,1,0,50,26,4,0
0,38,1001,1,1,1,0,1,649,1,0,4,20,35,0
38,0,1001,1,1,0,1,0,353,1,50,0,0,4,0
0,38,1002,2,2,2,0,1,682,1,0,6,3,0,0
38,0,1002,2,2,0,2,1,359,1,0,11,0,4,0
0,39,1000,0,0,0,0,0,660,1,1,0,7,18,0
39,0,1000,0,0,0,0,1,660,1,0,1,18,7,0
0,39,1001,1,1,1,0,1,807,1,0,16,0,0,0
39,0,1001,1,1,0,1,0,807,1,58,0,0,0,0
0,39,1002,2,2,2,0,1,936,1,0,46,7,9,0
39,0,1002,2,2,0,2,0,784,1,71,0,9,7,0
1,2,1000,0,0,0,0,0,1090,1,70,0,16,0,0
2,1,1000,0,0,0,0,1,1090,1,0,70,0,16,0
1,2,1001,1,1,1,0,1,1114,1,0,20,13,0,0
2,1,1001,1,1,0,1,1,1639,1,0,18,15,34,0
1,2,1002,2,2,2,0,0,829,1,75,0,12,0,0
2,1,1002,2,2,0,2,0,1200,1,20,0,0,14,0
1,3,1000,0,0,0,0,0,1649,1,17,0,26,21,0
3,1,1000,0,0,0,0,1,1649,1,0,17,21,26,0
1,3,1001,1,1,1,0,1,1200,1,0,17,23,1,0
3,1,1001,1,1,0,1,0,1065,1,17,0,18,59,0
1,3,1002,2,2,2,0,1,1969,1,0,24,5,3,0
3,1,1002,2,2,0,2,1,1630,1,0,95,0,34,0
1,4,1000,0,0,0,0,1,1050,1,0,88,11,52,0
4,1,1000,0,0,0,0,0,1050,1,88,0,52,11,0
1,4,1001,1,1,1,0,1,1117,1,0,127,14,2,0
4,1,1001,1,1,0,1,0,990,1,115,0,5,13,0
1,4,1002,2,2,2,0,1,1100,1,0,111,27,0,0
4,1,1002,2,2,0,2,0,1230,1,132,0,36,50,0
1,5,1000,0,0,0,0,1,1089,1,0,30,141,31,0
5,1,1000,0,0,0,0,0,1089,1,30,0,31,141,0
1,5,1001,1,1,1,0,1,985,1,0,51,140,0,0
5,1,1001,1,1,0,1,0,1493,1,7,0,5,75,0
1,5,1002,2,2,2,0,0,1519,1,73,0,55,44,0
5,1,1002,2,2,0,2,1,1983,1,0,112,0,73,0
1,6,1000,0,0,0,0,0,1340,1,90,0,47,3,0
6,1,1000,0,0,0,0,1,1340,1,0,90,3,47,0
1,6,1001,1,1,1,0,0,1675,1,45,0,116,22,0
6,1,1001,1,1,0,1,1,868,1,0,81,13,162,0
1,6,1002,2,2,2,0,0,886,1,84,0,163,79,0
6,1,1002,2,2,0,2,1,1204,1,0,107,82,138,0
1,7,1000,0,0,0,0,0,691,1,85,0,120,47,0
7,1,1000,0,0,0,0,1,691,1,0,85,47,120,0
1,7,1001,1,1,1,0,0,313,1,98,0,59,27,0
7,1,1001,1,1,0,1,1,382,1,0,85,20,9,0
1,7,1002,2,2,2,0,0,740,1,83,0,16,81,0
7,1,1002,2,2,0,2,1,751,1,0,74,50,112,0
1,8,1000,0,0,0,0,1,2700,3,78,31,46,495,0
8,1,1000,0,0,0,0,0,2700,3,31,78,495,46,0
1,8,1001,1,1,1,0,0,1027,1,61,0,18,7,0
8,1,1001,1,1,0,1,1,1093,1,0,87,10,75,0
1,8,1002,2,2,2,0,0,1159,1,84,0,13,12,0
8,1,1002,2,2,0,2,1,1973,1,0,41,198,71,0
1,9,1000,0,0,0,0,0,1602,1,100,0,32,12,0
9,1,1000,0,0,0,0,1,1602,1,0,100,12,32,0
1,9,1001,1,1,1,0,0,739,1,88,0,7,0,0
9,1,1001,1,1,0,1,1,619,1,0,135,0,8,0
1,9,1002,2,2,2,0,0,1672,1,103,0,30,0,0
9,1,1002,2,2,0,2,1,2173,1,0,86,213,281,0
1,10,1000,0,0,0,0,0,1687,1,107,0,16,122,0
10,1,1000,0,0,0,0,1,1687,1,0,107,122,16,0
1,10,1001,1,1,1,0,0,784,1,96,0,128,63,0
10,1,1001,1,1,0,1,1,1740,1,0,62,137,29,0
1,10,1002,2,2,2,0,0,1720,1,109,0,42,72,0
10,1,1002,2,2,0,2,1,1696,1,0,53,48,54,0
1,11,1000,0,0,0,0,0,1849,1,28,0,80,57,0
11,1,1000,0,0,0,0,1,1849,1,0,28,57,80,0
1,11,1001,1,1,1,0,1,933,1,0,71,22,0,0
11,1,1001,1,1,0,1,0,1219,1,55,0,0,13,0
1,11,1002,2,2,2,0,0,1661,1,85,0,91,71,0
11,1,1002,2,2,0,2,1,1573,1,0,148,33,25,0
1,12,1000,0,0,0,0,0,937,1,98,0,0,22,0
12,1,1000,0,0,0,0,1,937,1,0,98,22,0,0
1,12,1001,1,1,1,0,0,1000,1,13,0,64,46,0
12,1,1001,1,1,0,1,1,1002,1,0,31,22,41,0
1,12,1002,2,2,2,0,0,937,1,123,0,0,41,0
12,1,1002,2,2,0,2,1,820,1,0,99,19,26,0
1,13,1000,0,0,0,0,0,558,1,73,0,10,0,0
13,1,1000,0,0,0,0,1,558,1,0,73,0,10,0
1,13,1001,1,1,1,0,1,1018,1,0,28,19,0,0
13,1,1001,1,1,0,1,0,934,1,61,0,9,27,0
1,13,1002,2,2,2,0,1,909,1,0,20,15,0,0
13,1,1002,2,2,0,2,0,1179,1,80,0,62,27,0
1,14,1000,0,0,0,0,0,988,1,116,0,45,0,0
14,1,1000,0,0,0,0,1,988,1,0,116,0,45,0
1,14,1001,1,1,1,0,0,685,1,19,0,68,0,0
14,1,1001,1,1,0,1,0,899,1,25,0,0,8,0
1,14,1002,2,2,2,0,0,934,1,131,0,44,64,0
14,1,1002,2,2,0,2,1,1294,1,0,148,10,38,0
1,15,1000,0,0,0,0,1,2700,3,83,116,277,366,0
15,1,1000,0,0,0,0,0,2700,3,116,83,366,277,0
1,15,1001,1,1,1,0,1,2700,3,53,25,127,469,0
15,1,1001,1,1,0,1,0,2231,1,66,0,334,189,0
1,15,1002,2,2,2,0,0,2700,3,70,3,354,7,0
15,1,1002,2,2,0,2,0,2389,1,80,0,522,377,0
1,16,1000,0,0,0,0,0,795,1,113,0,149,6,0
16,1,1000,0,0,0,0,1,795,1,0,113,6,149,0
1,16,1001,1,1,1,0,0,1372,1,69,0,47,18,0
16,1,1001,1,1,0,1,1,1043,1,0,67,2,49,0
1,16,1002,2,2,2,0,0,1721,1,50,0,45,34,0
16,1,1002,2,2,0,2,1,1609,1,0,47,41,24,0
1,17,1000,0,0,0,0,1,745,1,0,11,95,78,0
17,1,1000,0,0,0,0,0,745,1,11,0,78,95,0
1,17,1001,1,1,1,0,0,553,1,67,0,0,11,0
17,1,1001,1,1,0,1,0,484,1,9,0,0,31,0
1,17,1002,2,2,2,0,0,802,1,8,0,82,35,0
17,1,1002,2,2,0,2,0,788,1,64,0,36,27,0
1,18,1000,0,0,0,0,0,1840,1,71,0,129,78,0
18,1,1000,0,0,0,0,1,1840,1,0,71,78,129,0
1,18,1001,1,1,1,0,0,595,1,123,0,26,0,0
18,1,1001,1,1,0,1,1,1174,1,0,38,0,62,0
1,18,1002,2,2,2,0,0,1786,1,10,0,93,1,0
18,1,1002,2,2,0,2,1,1575,1,0,19,21,15,0
1,19,1000,0,0,0,0,1,808,1,0,4,4,0,0
19,1,1000,0,0,0,0,0,808,1,4,0,0,4,0
1,19,1001,1,1,1,0,1,1259,1,0,87,16,3,0
19,1,1001,1,1,0,1,0,1117,1,46,0,7,28,0
1,19,1002,2,2,2,0,1,1243,1,0,70,38,30,0
19,1,1002,2,2,0,2,0,1528,1,9,0,0,6,0
1,20,1000,0,0,0,0,1,1268,1,0,94,0,14,0
20,1,1000,0,0,0,0,0,1268,1,94,0,14,0,0
1,20,1001,1,1,1,0,0,2038,1,49,0,223,47,0
20,1,1001,1,1,0,1,0,1765,1,6,0,104,23,0
1,20,1002,2,2,2,0,0,1942,1,125,0,342,309,0
20,1,1002,2,2,0,2,1,1214,1,0,29,25,14,0
1,21,1000,0,0,0,0,0,817,1,87,0,2,0,0
21,1,1000,0,0,0,0,1,817,1,0,87,0,2,0
1,21,1001,1,1,1,0,0,673,1,61,0,0,0,0
21,1,1001,1,1,0,1,1,997,1,0,10,0,28,0
1,21,1002,2,2,2,0,0,1579,1,6,0,34,15,0
21,1,1002,2,2,0,2,1,1246,1,0,80,73,57,0
1,22,1000,0,0,0,0,0,2038,1,148,0,313,41,0
22,1,1000,0,0,0,0,1,2038,1,0,148,41,313,0
1,22,1001,1,1,1,0,0,1168,1,104,0,86,0,0
22,1,1001,1,1,0,1,1,1096,1,0,74,10,38,0
1,22,1002,2,2,2,0,0,1244,1,114,0,80,9,0
22,1,1002,2,2,0,2,1,958,1,0,140,31,81,0
1,23,1000,0,0,0,0,0,1531,1,47,0,30,0,0
23,1,1000,0,0,0,0,1,1531,1,0,47,0,30,0
1,23,1001,1,1,1,0,0,971,1,22,0,7,3,0
23,1,1001,1,1,0,1,1,724,1,0,96,0,2,0
1,23,1002,2,2,2,0,0,1032,1,63,0,61,0,0
23,1,1002,2,2,0,2,1,787,1,0,117,0,0,0
1,24,1000,0,0,0,0,0,1321,1,32,0,84,100,0
24,1,1000,0,0,0,0,1,1321,1,0,32,100,84,0
1,24,1001,1,1,1,0,1,955,1,0,37,53,0,0
24,1,1001,1,1,0,1,0,703,1,43,0,2,28,0
1,24,1002,2,2,2,0,0,1190,1,67,0,48,9,0
24,1,1002,2,2,0,2,1,1429,1,0,14,90,125,0
1,25,1000,0,0,0,0,1,1261,1,0,82,42,0,0
25,1,1000,0,0,0,0,0,1261,1,82,0,0,42,0
1,25,1001,1,1,1,0,1,919,1,0,94,15,0,0
25,1,1001,1,1,0,1,0,1114,1,92,0,24,0,0
1,25,1002,2,2,2,0,1,1720,1,0,90,32,0,0
25,1,1002,2,2,0,2,1,1750,1,0,36,43,1,0
1,26,1000,0,0,0,0,0,635,1,81,0,50,1,0
26,1,1000,0,0,0,0,1,635,1,0,81,1,50,0
1,26,1001,1,1,1,0,1,1010,1,0,18,45,2,0
26,1,1001,1,1,0,1,1,711,1,0,120,0,0,0
1,26,1002,2,2,2,0,0,780,1,51,0,4,10,0
26,1,1002,2,2,0,2,1,993,1,0,65,5,12,0
1,27,1000,0,0,0,0,0,1570,1,41,0,172,128,0
27,1,1000,0,0,0,0,1,1570,1,0,41,128,172,0
1,27,1001,1,1,1,0,0,1045,1,52,0,67,0,0
27,1,1001,1,1,0,1,1,1861,1,0,53,61,91,0
1,27,1002,2,2,2,0,0,1083,1,62,0,150,55,0
27,1,1002,2,2,0,2,1,1933,1,0,45,181,15,0
1,28,1000,0,0,0,0,1,1053,1,0,46,105,99,0
28,1,1000,0,0,0,0,0,1053,1,46,0,99,105,0
1,28,1001,1,1,1,0,0,815,1,41,0,3,0,0
28,1,1001,1,1,0,1,0,987,1,59,0,0,41,0
1,28,1002,2,2,2,0,1,990,1,0,82,21,26,0
28,1,1002,2,2,0,2,0,822,1,82,0,0,33,0
1,29,1000,0,0,0,0,0,1081,1,35,0,0,0,0
29,1,1000,0,0,0,0,1,1081,1,0,35,0,0,0
1,29,1001,1,1,1,0,1,1189,1,0,67,16,1,0
29,1,1001,1,1,0,1,0,1246,1,29,0,2,8,0
1,29,1002,2,2,2,0,1,1519,1,0,43,101,52,0
29,1,1002,2,2,0,2,1,1396,1,0,56,12,52,0
1,30,1000,0,0,0,0,1,1465,1,0,46,125,85,0
30,1,1000,0,0,0,0,0,1465,1,46,0,85,125,0
1,30,1001,1,1,1,0,0,697,1,47,0,76,8,0
30,1,1001,1,1,0,1,1,1971,1,0,23,0,180,0
1,30,1002,2,2,2,0,1,736,1,0,78,25,25,0
30,1,1002,2,2,0,2,0,1240,1,38,0,0,19,0
1,31,1000,0,0,0,0,0,1777,1,2,0,64,20,0
31,1,1000,0,0,0,0,1,1777,1,0,2,20,64,0
1,31,1001,1,1,1,0,0,1027,1,76,0,7,0,0
31,1,1001,1,1,0,1,1,872,1,0,25,43,70,0
1,31,1002,2,2,2,0,1,1522,1,0,74,107,75,0
31,1,1002,2,2,0,2,1,1717,1,0,31,101,115,0
1,32,1000,0,0,0,0,0,937,1,122,0,185,18,0
32,1,1000,0,0,0,0,1,937,1,0,122,18,185,0
1,32,1001,1,1,1,0,1,1879,1,0,44,168,85,0
32,1,1001,1,1,0,1,1,1034,1,0,43,0,118,0
1,32,1002,2,2,2,0,0,1954,1,52,0,106,127,0
32,1,1002,2,2,0,2,0,1654,1,48,0,96,26,0
1,33,1000,0,0,0,0,0,605,1,90,0,20,4,0
33,1,1000,0,0,0,0,1,605,1,0,90,4,20,0
1,33,1001,1,1,1,0,0,1564,1,18,0,9,8,0
33,1,1001,1,1,0,1,1,1046,1,0,78,0,0,0
1,33,1002,2,2,2,0,0,1306,1,124,0,27,9,0
33,1,1002,2,2,0,2,1,1006,1,0,131,0,11,0
1,34,1000,0,0,0,0,0,1029,1,2,0,46,21,0
34,1,1000,0,0,0,0,1,1029,1,0,2,21,46,0
1,34,1001,1,1,1,0,0,712,1,72,0,51,2,0
34,1,1001,1,1,0,1,0,967,1,16,0,13,36,0
1,34,1002,2,2,2,0,0,805,1,28,0,61,22,0
34,1,1002,2,2,0,2,1,760,1,0,38,73,98,0
1,35,1000,0,0,0,0,0,2143,1,12,0,208,7,0
35,1,1000,0,0,0,0,1,2143,1,0,12,7,208,0
1,35,1001,1,1,1,0,0,2366,2,80,107,600,29,0
35,1,1001,1,1,0,1,0,1964,1,14,0,0,43,0
1,35,1002,2,2,2,0,0,2445,1,28,0,184,66,0
35,1,1002,2,2,0,2,0,2105,1,51,0,24,313,0
1,36,1000,0,0,0,0,1,1147,1,0,61,44,55,0
36,1,1000,0,0,0,0,0,1147,1,61,0,55,44,0
1,36,1001,1,1,1,0,1,841,1,0,41,19,0,0
36,1,1001,1,1,0,1,1,1005,1,0,25,0,0,0
1,36,1002,2,2,2,0,1,1036,1,0,44,19,28,0
36,1,1002,2,2,0,2,0,960,1,38,0,17,0,0
1,37,1000,0,0,0,0,0,1168,1,120,0,52,61,0
37,1,1000,0,0,0,0,1,1168,1,0,120,61,52,0
1,37,1001,1,1,1,0,0,723,1,103,0,9,35,0
37,1,1001,1,1,0,1,1,1378,1,0,41,0,52,0
1,37,1002,2,2,2,0,0,991,1,78,0,14,18,0
37,1,1002,2,2,0,2,1,1387,1,0,71,26,92,0
1,38,1000,0,0,0,0,0,627,1,82,0,13,10,0
38,1,1000,0,0,0,0,1,627,1,0,82,10,13,0
1,38,1001,1,1,1,0,1,1341,1,0,50,65,17,0
38,1,1001,1,1,0,1,1,1657,1,0,11,17,30,0
1,38,1002,2,2,2,0,0,1928,1,21,0,45,25,0
38,1,1002,2,2,0,2,1,1145,1,0,21,0,14,0
1,39,1000,0,0,0,0,1,1879,1,0,29,126,71,0
39,1,1000,0,0,0,0,0,1879,1,29,0,71,126,0
1,39,1001,1,1,1,0,1,1063,1,0,65,0,0,0
39,1,1001,1,1,0,1,0,706,1,115,0,0,12,0
1,39,1002,2,2,2,0,1,1885,1,0,36,30,15,0
39,1,1002,2,2,0,2,0,1922,1,13,0,34,98,0
2,3,1000,0,0,0,0,0,529,1,48,0,0,0,0
3,2,1000,0,0,0,0,1,529,1,0,48,0,0,0
2,3,1001,1,1,1,0,0,544,1,60,0,0,0,0
3,2,1001,1,1,0,1,0,504,1,41,0,0,0,0
2,3,1002,2,2,2,0,1,904,1,0,32,4,0,0
3,2,1002,2,2,0,2,1,337,1,0,39,0,0,0
2,4,1000,0,0,0,0,1,409,1,0,6,0,16,0
4,2,1000,0,0,0,0,0,409,1,6,0,16,0,0
2,4,1001,1,1,1,0,0,577,1,33,0,27,26,0
4,2,1001,1,1,0,1,1,355,1,0,30,16,0,0
2,4,1002,2,2,2,0,0,586,1,48,0,64,121,0
4,2,1002,2,2,0,2,1,451,1,0,33,14,0,0
2,5,1000,0,0,0,0,1,688,1,0,111,0,16,0
5,2,1000,0,0,0,0,0,688,1,111,0,16,0,0
2,5,1001,1,1,1,0,1,570,1,0,86,0,16,0
5,2,1001,1,1,0,1,0,628,1,115,0,16,0,0
2,5,1002,2,2,2,0,1,505,1,0,82,0,16,0
5,2,1002,2,2,0,2,0,505,1,82,0,16,0,0
2,6,1000,0,0,0,0,0,289,1,45,0,0,8,0
6,2,1000,0,0,0,0,1,289,1,0,45,8,0,0
2,6,1001,1,1,1,0,0,634,1,34,0,24,6,0
6,2,1001,1,1,0,1,0,494,1,26,0,0,0,0
2,6,1002,2,2,2,0,0,319,1,53,0,0,8,0
6,2,1002,2,2,0,2,1,421,1,0,23,7,0,0
2,7,1000,0,0,0,0,1,454,1,0,16,0,0,0
7,2,1000,0,0,0,0,0,454,1,16,0,0,0,0
2,7,1001,1,1,1,0,1,417,1,0,34,0,0,0
7,2,1001,1,1,0,1,1,733,1,0,1,1,2,0
2,7,1002,2,2,2,0,1,552,1,0,4,7,0,0
7,2,1002,2,2,0,2,1,436,1,0,42,0,0,0
2,8,1000,0,0,0,0,0,673,1,22,0,0,11,0
8,2,1000,0,0,0,0,1,673,1,0,22,11,0,0
2,8,1001,1,1,1,0,0,436,1,28,0,0,11,0
8,2,1001,1,1,0,1,1,487,1,0,60,11,0,0
2,8,1002,2,2,2,0,0,324,1,37,0,0,11,0
8,2,1002,2,2,0,2,1,324,1,0,28,11,0,0
2,9,1000,0,0,0,0,1,550,1,0,46,0,10,0
9,2,1000,0,0,0,0,0,550,1,46,0,10,0,0
2,9,1001,1,1,1,0,1,733,1,0,3,0,16,0
9,2,1001,1,1,0,1,0,733,1,11,0,16,0,0
2,9,1002,2,2,2,0,1,706,1,0,75,0,10,0
9,2,1002,2,2,0,2,0,706,1,75,0,10,0,0
2,10,1000,0,0,0,0,0,418,1,34,0,0,13,0
10,2,1000,0,0,0,0,1,418,1,0,34,13,0,0
2,10,1001,1,1,1,0,0,838,1,80,0,40,67,0
10,2,1001,1,1,0,1,1,1043,1,0,8,68,22,0
2,10,1002,2,2,2,0,0,271,1,62,0,0,11,0
10,2,1002,2,2,0,2,1,271,1,0,75,11,0,0
2,11,1000,0,0,0,0,1,511,1,0,32,0,6,0
11,2,1000,0,0,0,0,0,511,1,32,0,6,0,0
2,11,1001,1,1,1,0,1,556,1,0,29,0,6,0
11,2,1001,1,1,0,1,0,556,1,29,0,6,0,0
2,11,1002,2,2,2,0,1,484,1,0,13,0,6,0
11,2,1002,2,2,0,2,0,484,1,13,0,6,0,0
2,12,1000,0,0,0,0,1,809,1,0,43,0,5,0
12,2,1000,0,0,0,0,0,809,1,43,0,5,0,0
2,12,1001,1,1,1,0,1,578,1,0,60,0,5,0
12,2,1001,1,1,0,1,0,578,1,52,0,5,0,0
2,12,1002,2,2,2,0,0,667,1,46,0,6,7,0
12,2,1002,2,2,0,2,1,700,1,0,21,7,6,0
2,13,1000,0,0,0,0,1,210,1,0,67,0,0,0
13,2,1000,0,0,0,0,0,210,1,67,0,0,0,0
2,13,1001,1,1,1,0,0,418,1,27,0,159,11,0
13,2,1001,1,1,0,1,0,219,1,25,0,0,0,0
2,13,1002,2,2,2,0,0,289,1,10,0,0,0,0
13,2,1002,2,2,0,2,0,384,1,46,0,0,0,0
2,14,1000,0,0,0,0,1,526,1,0,85,0,0,0
14,2,1000,0,0,0,0,0,526,1,85,0,0,0,0
2,14,1001,1,1,1,0,1,829,1,0,62,0,0,0
14,2,1001,1,1,0,1,0,1001,1,36,0,0,0,0
2,14,1002,2,2,2,0,1,1421,1,0,73,7,0,0
14,2,1002,2,2,0,2,0,1421,1,65,0,0,7,0
2,15,1000,0,0,0,0,1,570,1,0,53,0,14,0
15,2,1000,0,0,0,0,0,570,1,53,0,14,0,0
2,15,1001,1,1,1,0,1,607,1,0,30,0,14,0
15,2,1001,1,1,0,1,0,1391,1,69,0,8,0,0
2,15,1002,2,2,2,0,1,997,1,0,8,0,14,0
15,2,1002,2,2,0,2,0,666,1,50,0,14,0,0
2,16,1000,0,0,0,0,0,304,1,43,0,0,4,0
16,2,1000,0,0,0,0,1,304,1,0,43,4,0,0
2,16,1001,1,1,1,0,0,304,1,31,0,0,3,0
16,2,1001,1,1,0,1,1,289,1,0,38,8,0,0
2,16,1002,2,2,2,0,0,304,1,43,0,0,4,0
16,2,1002,2,2,0,2,1,157,1,0,65,4,0,0
2,17,1000,0,0,0,0,1,328,1,0,68,0,0,0
17,2,1000,0,0,0,0,0,328,1,68,0,0,0,0
2,17,1001,1,1,1,0,1,400,1,0,52,0,0,0
17,2,1001,1,1,0,1,0,412,1,62,0,0,0,0
2,17,1002,2,2,2,0,0,484,1,55,0,0,0,0
17,2,1002,2,2,0,2,1,418,1,0,54,2,0,0
2,18,1000,0,0,0,0,0,415,1,28,0,0,8,0
18,2,1000,0,0,0,0,1,415,1,0,28,8,0,0
2,18,1001,1,1,1,0,0,385,1,8,0,0,3,0
18,2,1001,1,1,0,1,1,354,1,0,6,9,0,0
2,18,1002,2,2,2,0,1,238,1,0,14,0,9,0
18,2,1002,2,2,0,2,0,238,1,14,0,9,0,0
2,19,1000,0,0,0,0,1,373,1,0,88,0,22,0
19,2,1000,0,0,0,0,0,373,1,88,0,22,0,0
2,19,1001,1,1,1,0,1,703,1,0,48,0,9,0
19,2,1001,1,1,0,1,0,352,1,27,0,17,0,0
2,19,1002,2,2,2,0,0,379,1,5,0,0,12,0
19,2,1002,2,2,0,2,0,328,1,27,0,17,0,0
2,20,1000,0,0,0,0,0,628,1,20,0,0,15,0
20,2,1000,0,0,0,0,1,628,1,0,20,15,0,0
2,20,1001,1,1,1,0,1,551,1,0,30,0,15,0
20,2,1001,1,1,0,1,1,736,1,0,3,17,0,0
2,20,1002,2,2,2,0,0,370,1,58,0,0,15,0
20,2,1002,2,2,0,2,1,532,1,0,33,11,0,0
2,21,1000,0,0,0,0,1,493,1,0,1,0,4,0
21,2,1000,0,0,0,0,0,493,1,1,0,4,0,0
2,21,1001,1,1,1,0,0,385,1,54,0,0,3,0
21,2,1001,1,1,0,1,1,526,1,0,54,3,0,0
2,21,1002,2,2,2,0,0,370,1,54,0,0,4,0
21,2,1002,2,2,0,2,1,485,1,0,40,4,0,0
2,22,1000,0,0,0,0,1,303,1,0,109,0,15,0
22,2,1000,0,0,0,0,0,303,1,109,0,15,0,0
2,22,1001,1,1,1,0,1,766,1,0,17,0,15,0
22,2,1001,1,1,0,1,1,735,1,0,6,8,0,0
2,22,1002,2,2,2,0,0,651,1,40,0,0,15,0
22,2,1002,2,2,0,2,1,664,1,0,30,15,0,0
2,23,1000,0,0,0,0,0,328,1,14,0,0,1,0
23,2,1000,0,0,0,0,1,328,1,0,14,1,0,0
2,23,1001,1,1,1,0,0,535,1,57,0,0,2,0
23,2,1001,1,1,0,1,1,759,1,0,27,2,0,0
2,23,1002,2,2,2,0,0,745,1,18,0,10,1,0
23,2,1002,2,2,0,2,1,367,1,0,27,1,0,0
2,24,1000,0,0,0,0,1,373,1,0,40,0,10,0
24,2,1000,0,0,0,0,0,373,1,40,0,10,0,0
2,24,1001,1,1,1,0,1,372,1,0,41,0,10,0
24,2,1001,1,1,0,1,0,372,1,41,0,10,0,0
2,24,1002,2,2,2,0,1,457,1,0,76,0,10,0
24,2,1002,2,2,0,2,0,643,1,69,0,1,0,0
2,25,1000,0,0,0,0,1,321,1,0,64,0,11,0
25,2,1000,0,0,0,0,0,321,1,64,0,11,0,0
2,25,1001,1,1,1,0,1,364,1,0,40,0,11,0
25,2,1001,1,1,0,1,0,487,1,66,0,20,10,0
2,25,1002,2,2,2,0,0,721,1,14,0,0,11,0
25,2,1002,2,2,0,2,0,687,1,14,0,11,0,0
2,26,1000,0,0,0,0,1,388,1,0,42,0,0,0
26,2,1000,0,0,0,0,0,388,1,42,0,0,0,0
2,26,1001,1,1,1,0,0,645,1,29,0,0,0,0
26,2,1001,1,1,0,1,1,419,1,0,50,0,0,0
2,26,1002,2,2,2,0,0,304,1,42,0,0,0,0
26,2,1002,2,2,0,2,1,304,1,0,23,0,0,0
2,27,1000,0,0,0,0,0,304,1,17,0,0,35,0
27,2,1000,0,0,0,0,1,304,1,0,17,35,0,0
2,27,1001,1,1,1,0,0,436,1,19,0,0,34,0
27,2,1001,1,1,0,1,1,517,1,0,59,17,0,0
2,27,1002,2,2,2,0,0,328,1,25,0,0,16,0
27,2,1002,2,2,0,2,1,436,1,0,17,31,0,0
2,28,1000,0,0,0,0,1,273,1,0,27,0,71,0
28,2,1000,0,0,0,0,0,273,1,27,0,71,0,0
2,28,1001,1,1,1,0,1,303,1,0,64,0,13,0
28,2,1001,1,1,0,1,1,289,1,0,7,0,0,0
2,28,1002,2,2,2,0,0,238,1,27,0,0,86,0
28,2,1002,2,2,0,2,0,195,1,27,0,82,0,0
2,29,1000,0,0,0,0,1,349,1,0,85,0,7,0
29,2,1000,0,0,0,0,0,349,1,85,0,7,0,0
2,29,1001,1,1,1,0,1,382,1,0,85,0,7,0
29,2,1001,1,1,0,1,0,316,1,85,0,7,0,0
2,29,1002,2,2,2,0,1,256,1,0,93,0,7,0
29,2,1002,2,2,0,2,0,241,1,93,0,7,0,0
2,30,1000,0,0,0,0,1,361,1,0,3,0,5,0
30,2,1000,0,0,0,0,0,361,1,3,0,5,0,0
2,30,1001,1,1,1,0,0,451,1,4,0,0,0,0
30,2,1001,1,1,0,1,1,370,1,0,4,7,0,0
2,30,1002,2,2,2,0,0,304,1,31,0,0,6,0
30,2,1002,2,2,0,2,1,289,1,0,20,7,0,0
2,31,1000,0,0,0,0,1,430,1,0,36,0,14,0
31,2,1000,0,0,0,0,0,430,1,36,0,14,0,0
2,31,1001,1,1,1,0,0,505,1,12,0,0,14,0
31,2,1001,1,1,0,1,1,505,1,0,28,14,0,0
2,31,1002,2,2,2,0,0,484,1,25,0,0,14,0
31,2,1002,2,2,0,2,1,418,1,0,57,26,11,0
2,32,1000,0,0,0,0,1,307,1,0,50,0,14,0
32,2,1000,0,0,0,0,0,307,1,50,0,14,0,0
2,32,1001,1,1,1,0,0,292,1,96,0,0,2,0
32,2,1001,1,1,0,1,1,223,1,0,96,2,0,0
2,32,1002,2,2,2,0,1,241,1,0,71,0,29,0
32,2,1002,2,2,0,2,0,241,1,71,0,29,0,0
2,33,1000,0,0,0,0,1,315,1,0,28,0,7,0
33,2,1000,0,0,0,0,0,315,1,28,0,7,0,0
2,33,1001,1,1,1,0,1,513,1,0,6,0,7,0
33,2,1001,1,1,0,1,1,463,1,0,46,18,0,0
2,33,1002,2,2,2,0,1,300,1,0,56,0,7,0
33,2,1002,2,2,0,2,0,423,1,8,0,7,21,0
2,34,1000,0,0,0,0,1,242,1,0,69,0,9,0
34,2,1000,0,0,0,0,0,242,1,69,0,9,0,0
2,34,1001,1,1,1,0,0,389,1,47,0,0,9,0
34,2,1001,1,1,0,1,1,394,1,0,26,9,0,0
2,34,1002,2,2,2,0,0,319,1,53,0,0,9,0
34,2,1002,2,2,0,2,1,394,1,0,32,9,0,0
2,35,1000,0,0,0,0,1,392,1,0,15,0,5,0
35,2,1000,0,0,0,0,0,392,1,15,0,5,0,0
2,35,1001,1,1,1,0,1,426,1,0,44,0,2,0
35,2,1001,1,1,0,1,1,355,1,0,81,8,0,0
2,35,1002,2,2,2,0,0,532,1,6,0,9,10,0
35,2,1002,2,2,0,2,0,389,1,47,0,5,0,0
2,36,1000,0,0,0,0,0,253,1,18,0,0,8,0
36,2,1000,0,0,0,0,1,253,1,0,18,8,0,0
2,36,1001,1,1,1,0,1,469,1,0,13,0,7,0
36,2,1001,1,1,0,1,0,274,1,13,0,9,0,0
2,36,1002,2,2,2,0,0,253,1,36,0,0,8,0
36,2,1002,2,2,0,2,0,258,1,31,0,9,0,0
2,37,1000,0,0,0,0,0,304,1,46,0,0,7,0
37,2,1000,0,0,0,0,1,304,1,0,46,7,0,0
2,37,1001,1,1,1,0,0,382,1,54,0,0,6,0
37,2,1001,1,1,0,1,0,474,1,28,0,16,6,0
2,37,1002,2,2,2,0,0,273,1,48,0,0,7,0
37,2,1002,2,2,0,2,1,289,1,0,38,12,0,0
2,38,1000,0,0,0,0,1,239,1,0,31,0,0,0
38,2,1000,0,0,0,0,0,239,1,31,0,0,0,0
2,38,1001,1,1,1,0,0,385,1,31,0,105,50,0
38,2,1001,1,1,0,1,1,157,1,0,37,0,71,0
2,38,1002,2,2,2,0,1,189,1,0,76,0,0,0
38,2,1002,2,2,0,2,0,337,1,39,0,0,0,0
2,39,1000,0,0,0,0,1,274,1,0,59,0,11,0
39,2,1000,0,0,0,0,0,274,1,59,0,11,0,0
2,39,1001,1,1,1,0,1,340,1,0,86,0,11,0
39,2,1001,1,1,0,1,0,340,1,86,0,11,0,0
2,39,1002,2,2,2,0,1,236,1,0,88,0,11,0
39,2,1002,2,2,0,2,0,236,1,88,0,11,0,0
3,4,1000,0,0,0,0,1,811,1,0,123,8,12,0
4,3,1000,0,0,0,0,0,811,1,123,0,12,8,0
3,4,1001,1,1,1,0,1,1050,1,0,11,5,8,0
4,3,1001,1,1,0,1,0,907,1,68,0,18,10,0
3,4,1002,2,2,2,0,1,840,1,0,72,31,48,0
4,3,1002,2,2,0,2,0,1212,1,62,0,52,98,0
3,5,1000,0,0,0,0,1,1974,1,0,4,26,0,0
5,3,1000,0,0,0,0,0,1974,1,4,0,0,26,0
3,5,1001,1,1,1,0,1,1570,1,0,1,6,0,0
5,3,1001,1,1,0,1,0,1020,1,76,0,0,0,0
3,5,1002,2,2,2,0,1,1801,1,0,28,8,0,0
5,3,1002,2,2,0,2,1,1761,1,0,25,0,6,0
3,6,1000,0,0,0,0,0,1061,1,40,0,40,8,0
6,3,1000,0,0,0,0,1,1061,1,0,40,8,40,0
3,6,1001,1,1,1,0,0,1541,1,18,0,127,132,0
6,3,1001,1,1,0,1,1,1293,1,0,12,1,4,0
3,6,1002,2,2,2,0,0,752,1,59,0,9,0,0
6,3,1002,2,2,0,2,1,661,1,0,66,0,5,0
3,7,1000,0,0,0,0,0,616,1,33,0,0,0,0
7,3,1000,0,0,0,0,1,616,1,0,33,0,0,0
3,7,1001,1,1,1,0,0,585,1,17,0,2,9,0
7,3,1001,1,1,0,1,1,291,1,0,71,9,0,0
3,7,1002,2,2,2,0,1,406,1,0,15,5,0,0
7,3,1002,2,2,0,2,1,306,1,0,93,0,5,0
3,8,1000,0,0,0,0,1,1542,1,0,38,0,0,0
8,3,1000,0,0,0,0,0,1542,1,38,0,0,0,0
3,8,1001,1,1,1,0,0,1090,1,37,0,20,14,0
8,3,1001,1,1,0,1,1,768,1,0,49,2,9,0
3,8,1002,2,2,2,0,1,1513,1,0,40,59,26,0
8,3,1002,2,2,0,2,1,893,1,0,53,1,25,0
3,9,1000,0,0,0,0,0,734,1,55,0,0,0,0
9,3,1000,0,0,0,0,1,734,1,0,55,0,0,0
3,9,1001,1,1,1,0,0,663,1,61,0,6,0,0
9,3,1001,1,1,0,1,1,757,1,0,58,0,6,0
3,9,1002,2,2,2,0,0,1626,1,90,0,0,23,0
9,3,1002,2,2,0,2,1,885,1,0,115,23,0,0
3,10,1000,0,0,0,0,1,1313,1,0,12,30,8,0
10,3,1000,0,0,0,0,0,1313,1,12,0,8,30,0
3,10,1001,1,1,1,0,0,1734,1,12,0,24,0,0
10,3,1001,1,1,0,1,1,1301,1,0,69,0,1,0
3,10,1002,2,2,2,0,0,719,1,59,0,1,0,0
10,3,1002,2,2,0,2,1,1202,1,0,51,0,3,0
3,11,1000,0,0,0,0,0,1575,1,36,0,0,0,0
11,3,1000,0,0,0,0,1,1575,1,0,36,0,0,0
3,11,1001,1,1,1,0,1,803,1,0,121,0,0,0
11,3,1001,1,1,0,1,0,1225,1,75,0,0,5,0
3,11,1002,2,2,2,0,0,846,1,71,0,0,0,0
11,3,1002,2,2,0,2,1,846,1,0,71,0,0,0
3,12,1000,0,0,0,0,1,707,1,0,5,0,37,0
12,3,1000,0,0,0,0,0,707,1,5,0,37,0,0
3,12,1001,1,1,1,0,1,1033,1,0,6,1,7,0
12,3,1001,1,1,0,1,0,1033,1,6,0,7,1,0
3,12,1002,2,2,2,0,1,666,1,0,27,0,17,0
12,3,1002,2,2,0,2,0,666,1,27,0,17,0,0
3,13,1000,0,0,0,0,1,708,1,0,25,0,20,0
13,3,1000,0,0,0,0,0,708,1,25,0,20,0,0
3,13,1001,1,1,1,0,1,678,1,0,23,0,2,0
13,3,1001,1,1,0,1,1,509,1,0,34,0,0,0
3,13,1002,2,2,2,0,0,734,1,5,0,0,0,0
13,3,1002,2,2,0,2,0,623,1,2,0,0,0,0
3,14,1000,0,0,0,0,0,709,1,98,0,0,0,0
14,3,1000,0,0,0,0,1,709,1,0,98,0,0,0
3,14,1001,1,1,1,0,0,756,1,30,0,0,0,0
14,3,1001,1,1,0,1,1,756,1,0,30,0,0,0
3,14,1002,2,2,2,0,0,953,1,81,0,0,0,0
14,3,1002,2,2,0,2,1,861,1,0,81,0,0,0
3,15,1000,0,0,0,0,1,1516,1,0,117,13,0,0
15,3,1000,0,0,0,0,0,1516,1,117,0,0,13,0
3,15,1001,1,1,1,0,1,1320,1,0,73,16,15,0
15,3,1001,1,1,0,1,0,1312,1,108,0,39,1,0
3,15,1002,2,2,2,0,0,865,1,21,0,1,0,0
15,3,1002,2,2,0,2,1,1826,1,0,2,10,2,0
3,16,1000,0,0,0,0,1,870,1,0,41,2,0,0
16,3,1000,0,0,0,0,0,870,1,41,0,0,2,0
3,16,1001,1,1,1,0,1,1155,1,0,22,0,0,0
16,3,1001,1,1,0,1,0,1066,1,27,0,1,3,0
3,16,1002,2,2,2,0,0,1114,1,11,0,4,0,0
16,3,1002,2,2,0,2,0,1181,1,4,0,13,1,0
3,17,1000,0,0,0,0,0,481,1,59,0,6,0,0
17,3,1000,0,0,0,0,1,481,1,0,59,0,6,0
3,17,1001,1,1,1,0,0,267,1,115,0,0,0,0
17,3,1001,1,1,0,1,1,472,1,0,81,1,1,0
3,17,1002,2,2,2,0,0,607,1,1,0,0,0,0
17,3,1002,2,2,0,2,1,336,1,0,115,0,0,0
3,18,1000,0,0,0,0,1,980,1,0,21,0,1,0
18,3,1000,0,0,0,0,0,980,1,21,0,1,0,0
3,18,1001,1,1,1,0,0,865,1,81,0,5,0,0
18,3,1001,1,1,0,1,1,931,1,0,91,16,9,0
3,18,1002,2,2,2,0,1,1135,1,0,66,0,0,0
18,3,1002,2,2,0,2,0,1542,1,53,0,23,27,0
3,19,1000,0,0,0,0,1,997,1,0,55,2,21,0
19,3,1000,0,0,0,0,0,997,1,55,0,21,2,0
3,19,1001,1,1,1,0,1,817,1,0,5,0,0,0
19,3,1001,1,1,0,1,1,736,1,0,34,31,0,0
3,19,1002,2,2,2,0,1,1006,1,0,97,4,0,0
19,3,1002,2,2,0,2,0,1126,1,109,0,11,2,0
3,20,1000,0,0,0,0,1,1267,1,0,84,45,0,0
20,3,1000,0,0,0,0,0,1267,1,84,0,0,45,0
3,20,1001,1,1,1,0,1,928,1,0,74,1,11,0
20,3,1001,1,1,0,1,0,734,1,94,0,32,61,0
3,20,1002,2,2,2,0,1,1151,1,0,93,104,106,0
20,3,1002,2,2,0,2,0,916,1,118,0,109,66,0
3,21,1000,0,0,0,0,0,1188,1,3,0,6,0,0
21,3,1000,0,0,0,0,1,1188,1,0,3,0,6,0
3,21,1001,1,1,1,0,0,379,1,49,0,1,0,0
21,3,1001,1,1,0,1,0,603,1,43,0,0,32,0
3,21,1002,2,2,2,0,0,848,1,101,0,18,0,0
21,3,1002,2,2,0,2,1,829,1,0,91,0,13,0
3,22,1000,0,0,0,0,0,1140,1,67,0,0,20,0
22,3,1000,0,0,0,0,1,1140,1,0,67,20,0,0
3,22,1001,1,1,1,0,0,1833,1,1,0,0,2,0
22,3,1001,1,1,0,1,0,1018,1,66,0,21,5,0
3,22,1002,2,2,2,0,0,576,1,37,0,0,0,0
22,3,1002,2,2,0,2,1,490,1,0,45,0,0,0
3,23,1000,0,0,0,0,0,590,1,51,0,0,4,0
23,3,1000,0,0,0,0,1,590,1,0,51,4,0,0
3,23,1001,1,1,1,0,0,313,1,51,0,1,0,0
23,3,1001,1,1,0,1,1,313,1,0,51,0,1,0
3,23,1002,2,2,2,0,0,209,1,85,0,0,0,0
23,3,1002,2,2,0,2,1,590,1,0,51,16,0,0
3,24,1000,0,0,0,0,1,1510,1,0,54,13,0,0
24,3,1000,0,0,0,0,0,1510,1,54,0,0,13,0
3,24,1001,1,1,1,0,0,713,1,44,0,0,23,0
24,3,1001,1,1,0,1,0,818,1,8,0,23,23,0
3,24,1002,2,2,2,0,0,904,1,25,0,25,0,0
24,3,1002,2,2,0,2,1,588,1,0,57,0,0,0
3,25,1000,0,0,0,0,1,589,1,0,99,0,13,0
25,3,1000,0,0,0,0,0,589,1,99,0,13,0,0
3,25,1001,1,1,1,0,1,817,1,0,86,0,0,0
25,3,1001,1,1,0,1,0,775,1,86,0,0,0,0
3,25,1002,2,2,2,0,0,1004,1,20,0,13,21,0
25,3,1002,2,2,0,2,0,1291,1,9,0,54,48,0
3,26,1000,0,0,0,0,1,650,1,0,60,0,22,0
26,3,1000,0,0,0,0,0,650,1,60,0,22,0,0
3,26,1001,1,1,1,0,1,787,1,0,65,22,0,0
26,3,1001,1,1,0,1,0,368,1,84,0,0,0,0
3,26,1002,2,2,2,0,1,882,1,0,49,12,5,0
26,3,1002,2,2,0,2,0,851,1,83,0,5,12,0
3,27,1000,0,0,0,0,0,878,1,18,0,0,0,0
27,3,1000,0,0,0,0,1,878,1,0,18,0,0,0
3,27,1001,1,1,1,0,1,772,1,0,64,0,0,0
27,3,1001,1,1,0,1,1,795,1,0,69,0,0,0
3,27,1002,2,2,2,0,0,803,1,53,0,0,0,0
27,3,1002,2,2,0,2,1,1036,1,0,40,0,60,0
3,28,1000,0,0,0,0,0,500,1,22,0,0,0,0
28,3,1000,0,0,0,0,1,500,1,0,22,0,0,0
3,28,1001,1,1,1,0,0,626,1,88,0,1,26,0
28,3,1001,1,1,0,1,1,827,1,0,54,5,0,0
3,28,1002,2,2,2,0,0,416,1,72,0,0,0,0
28,3,1002,2,2,0,2,0,546,1,25,0,0,0,0
3,29,1000,0,0,0,0,1,1183,1,0,35,27,0,0
29,3,1000,0,0,0,0,0,1183,1,35,0,0,27,0
3,29,1001,1,1,1,0,0,807,1,12,0,0,0,0
29,3,1001,1,1,0,1,0,689,1,118,0,0,0,0
3,29,1002,2,2,2,0,1,1567,1,0,57,0,19,0
29,3,1002,2,2,0,2,1,1180,1,0,51,19,0,0
3,30,1000,0,0,0,0,0,372,1,28,0,0,0,0
30,3,1000,0,0,0,0,1,372,1,0,28,0,0,0
3,30,1001,1,1,1,0,0,778,1,77,0,0,0,0
30,3,1001,1,1,0,1,1,862,1,0,11,0,13,0
3,30,1002,2,2,2,0,1,1243,1,0,50,22,18,0
30,3,1002,2,2,0,2,0,814,1,50,0,34,20,0
3,31,1000,0,0,0,0,0,1326,1,13,0,0,0,0
31,3,1000,0,0,0,0,1,1326,1,0,13,0,0,0
3,31,1001,1,1,1,0,1,792,1,0,36,0,0,0
31,3,1001,1,1,0,1,0,1051,1,68,0,0,0,0
3,31,1002,2,2,2,0,0,1035,1,71,0,0,4,0
31,3,1002,2,2,0,2,1,1087,1,0,46,2,0,0
3,32,1000,0,0,0,0,1,633,1,0,84,16,66,0
32,3,1000,0,0,0,0,0,633,1,84,0,66,16,0
3,32,1001,1,1,1,0,0,653,1,26,0,9,0,0
32,3,1001,1,1,0,1,1,958,1,0,46,0,0,0
3,32,1002,2,2,2,0,0,753,1,51,0,0,0,0
32,3,1002,2,2,0,2,0,1435,1,24,0,19,0,0
3,33,1000,0,0,0,0,0,1219,1,85,0,28,7,0
33,3,1000,0,0,0,0,1,1219,1,0,85,7,28,0
3,33,1001,1,1,1,0,0,419,1,80,0,8,0,0
33,3,1001,1,1,0,1,1,669,1,0,60,0,0,0
3,33,1002,2,2,2,0,0,896,1,55,0,0,0,0
33,3,1002,2,2,0,2,1,710,1,0,87,0,0,0
3,34,1000,0,0,0,0,0,1392,1,14,0,19,0,0
34,3,1000,0,0,0,0,1,1392,1,0,14,0,19,0
3,34,1001,1,1,1,0,1,742,1,0,22,0,0,0
34,3,1001,1,1,0,1,0,629,1,60,0,0,0,0
3,34,1002,2,2,2,0,0,984,1,71,0,7,8,0
34,3,1002,2,2,0,2,1,713,1,0,86,8,7,0
3,35,1000,0,0,0,0,1,1332,1,0,70,0,0,0
35,3,1000,0,0,0,0,0,1332,1,70,0,0,0,0
3,35,1001,1,1,1,0,1,813,1,0,102,0,0,0
35,3,1001,1,1,0,1,0,1088,1,62,0,0,0,0
3,35,1002,2,2,2,0,1,1397,1,0,98,8,34,0
35,3,1002,2,2,0,2,0,1654,1,54,0,22,17,0
3,36,1000,0,0,0,0,1,650,1,0,61,0,0,0
36,3,1000,0,0,0,0,0,650,1,61,0,0,0,0
3,36,1001,1,1,1,0,1,526,1,0,8,19,22,0
36,3,1001,1,1,0,1,0,438,1,9,0,0,0,0
3,36,1002,2,2,2,0,1,633,1,0,78,8,11,0
36,3,1002,2,2,0,2,0,781,1,55,0,31,11,0
3,37,1000,0,0,0,0,1,929,1,0,31,2,0,0
37,3,1000,0,0,0,0,0,929,1,31,0,0,2,0
3,37,1001,1,1,1,0,0,964,1,70,0,38,0,0
37,3,1001,1,1,0,1,1,746,1,0,50,18,0,0
3,37,1002,2,2,2,0,0,1109,1,85,0,7,25,0
37,3,1002,2,2,0,2,1,1533,1,0,57,53,29,0
3,38,1000,0,0,0,0,0,745,1,28,0,0,7,0
38,3,1000,0,0,0,0,1,745,1,0,28,7,0,0
3,38,1001,1,1,1,0,1,720,1,0,62,0,0,0
38,3,1001,1,1,0,1,1,783,1,0,30,17,0,0
3,38,1002,2,2,2,0,1,744,1,0,7,0,0,0
38,3,1002,2,2,0,2,1,909,1,0,84,0,0,0
3,39,1000,0,0,0,0,1,1708,1,0,52,17,4,0
39,3,1000,0,0,0,0,0,1708,1,52,0,4,17,0
3,39,1001,1,1,1,0,1,902,1,0,97,0,7,0
39,3,1001,1,1,0,1,0,902,1,97,0,7,0,0
3,39,1002,2,2,2,0,0,1336,1,63,0,0,0,0
39,3,1002,2,2,0,2,1,1434,1,0,45,0,0,0
4,5,1000,0,0,0,0,1,1009,1,0,94,0,4,0
5,4,1000,0,0,0,0,0,1009,1,94,0,4,0,0
4,5,1001,1,1,1,0,1,2545,1,0,27,85,68,0
5,4,1001,1,1,0,1,0,2260,1,10,0,28,74,0
4,5,1002,2,2,2,0,0,2140,1,13,0,48,32,0
5,4,1002,2,2,0,2,1,1830,1,0,52,1,35,0
4,6,1000,0,0,0,0,0,1230,1,84,0,161,110,0
6,4,1000,0,0,0,0,1,1230,1,0,84,110,161,0
4,6,1001,1,1,1,0,0,1020,1,120,0,91,84,0
6,4,1001,1,1,0,1,0,1240,1,1,0,70,178,0
4,6,1002,2,2,2,0,0,870,1,36,0,23,9,0
6,4,1002,2,2,0,2,1,1560,1,0,98,87,123,0
4,7,1000,0,0,0,0,0,458,1,89,0,0,0,0
7,4,1000,0,0,0,0,1,458,1,0,89,0,0,0
4,7,1001,1,1,1,0,1,659,1,0,18,0,0,0
7,4,1001,1,1,0,1,1,720,1,0,51,0,0,0
4,7,1002,2,2,2,0,1,635,1,0,28,30,0,0
7,4,1002,2,2,0,2,1,364,1,0,94,0,0,0
4,8,1000,0,0,0,0,0,1590,1,93,0,4,35,0
8,4,1000,0,0,0,0,1,1590,1,0,93,35,4,0
4,8,1001,1,1,1,0,0,1117,1,120,0,96,43,0
8,4,1001,1,1,0,1,1,1110,1,0,96,0,13,0
4,8,1002,2,2,2,0,0,960,1,132,0,72,59,0
8,4,1002,2,2,0,2,1,618,1,0,117,38,30,0
4,9,1000,0,0,0,0,0,480,1,110,0,61,6,0
9,4,1000,0,0,0,0,1,480,1,0,110,6,61,0
4,9,1001,1,1,1,0,0,571,1,120,0,33,16,0
9,4,1001,1,1,0,1,1,1258,1,0,87,16,33,0
4,9,1002,2,2,2,0,0,750,1,111,0,34,11,0
9,4,1002,2,2,0,2,1,1410,1,0,84,23,36,0
4,10,1000,0,0,0,0,1,1606,1,0,49,98,57,0
10,4,1000,0,0,0,0,0,1606,1,49,0,57,98,0
4,10,1001,1,1,1,0,1,1261,1,0,25,112,193,0
10,4,1001,1,1,0,1,0,2123,1,12,0,52,137,0
4,10,1002,2,2,2,0,1,2336,1,0,3,192,331,0
10,4,1002,2,2,0,2,0,1610,1,21,0,245,162,0
4,11,1000,0,0,0,0,0,1620,1,97,0,71,12,0
11,4,1000,0,0,0,0,1,1620,1,0,97,12,71,0
4,11,1001,1,1,1,0,1,1762,1,0,80,88,16,0
11,4,1001,1,1,0,1,0,2002,1,83,0,61,25,0
4,11,1002,2,2,2,0,1,2314,1,0,45,111,36,0
11,4,1002,2,2,0,2,1,1710,1,0,70,36,91,0
4,12,1000,0,0,0,0,1,954,1,0,82,0,5,0
12,4,1000,0,0,0,0,0,954,1,82,0,5,0,0
4,12,1001,1,1,1,0,1,829,1,0,40,20,26,0
12,4,1001,1,1,0,1,0,970,1,52,0,26,20,0
4,12,1002,2,2,2,0,1,868,1,0,81,2,10,0
12,4,1002,2,2,0,2,0,885,1,53,0,8,2,0
4,13,1000,0,0,0,0,1,486,1,0,33,16,0,0
13,4,1000,0,0,0,0,0,486,1,33,0,0,16,0
4,13,1001,1,1,1,0,1,357,1,0,81,16,0,0
13,4,1001,1,1,0,1,0,522,1,75,0,5,26,0
4,13,1002,2,2,2,0,1,357,1,0,65,16,0,0
13,4,1002,2,2,0,2,0,297,1,89,0,0,16,0
4,14,1000,0,0,0,0,0,630,1,77,0,76,21,0
14,4,1000,0,0,0,0,1,630,1,0,77,21,76,0
4,14,1001,1,1,1,0,0,840,1,85,0,22,0,0
14,4,1001,1,1,0,1,1,931,1,0,68,0,22,0
4,14,1002,2,2,2,0,0,780,1,48,0,17,10,0
14,4,1002,2,2,0,2,1,810,1,0,63,10,17,0
4,15,1000,0,0,0,0,0,1615,1,126,0,160,70,0
15,4,1000,0,0,0,0,1,1615,1,0,126,70,160,0
4,15,1001,1,1,1,0,0,1290,1,59,0,135,157,0
15,4,1001,1,1,0,1,0,1563,1,11,0,51,11,0
4,15,1002,2,2,2,0,0,1110,1,43,0,4,0,0
15,4,1002,2,2,0,2,1,1110,1,0,88,2,29,0
4,16,1000,0,0,0,0,0,1192,1,42,0,48,3,0
16,4,1000,0,0,0,0,1,1192,1,0,42,3,48,0
4,16,1001,1,1,1,0,0,1078,1,43,0,72,15,0
16,4,1001,1,1,0,1,1,540,1,0,76,12,39,0
4,16,1002,2,2,2,0,0,1843,1,108,0,235,204,0
16,4,1002,2,2,0,2,1,1140,1,0,132,31,65,0
4,17,1000,0,0,0,0,0,720,1,80,0,0,0,0
17,4,1000,0,0,0,0,1,720,1,0,80,0,0,0
4,17,1001,1,1,1,0,0,773,1,15,0,0,0,0
17,4,1001,1,1,0,1,0,454,1,17,0,0,0,0
4,17,1002,2,2,2,0,0,955,1,2,0,0,0,0
17,4,1002,2,2,0,2,0,683,1,24,0,0,1,0
4,18,1000,0,0,0,0,0,960,1,121,0,38,65,0
18,4,1000,0,0,0,0,1,960,1,0,121,65,38,0
4,18,1001,1,1,1,0,0,1441,1,11,0,45,0,0
18,4,1001,1,1,0,1,0,1718,1,4,0,44,0,0
4,18,1002,2,2,2,0,0,630,1,87,0,63,142,0
18,4,1002,2,2,0,2,1,1260,1,0,59,128,85,0
4,19,1000,0,0,0,0,0,1531,1,34,0,138,194,0
19,4,1000,0,0,0,0,1,1531,1,0,34,194,138,0
4,19,1001,1,1,1,0,1,823,1,0,48,8,22,0
19,4,1001,1,1,0,1,1,1770,1,0,10,62,81,0
4,19,1002,2,2,2,0,0,1140,1,73,0,78,126,0
19,4,1002,2,2,0,2,1,1020,1,0,86,92,51,0
4,20,1000,0,0,0,0,1,1196,1,0,23,70,14,0
20,4,1000,0,0,0,0,0,1196,1,23,0,14,70,0
4,20,1001,1,1,1,0,0,1470,1,19,0,19,2,0
20,4,1001,1,1,0,1,0,1090,1,50,0,71,18,0
4,20,1002,2,2,2,0,0,2070,1,21,0,124,287,0
20,4,1002,2,2,0,2,0,877,1,95,0,122,62,0
4,21,1000,0,0,0,0,0,480,1,132,0,0,18,0
21,4,1000,0,0,0,0,1,480,1,0,132,18,0,0
4,21,1001,1,1,1,0,0,1020,1,86,0,44,60,0
21,4,1001,1,1,0,1,1,830,1,0,81,37,29,0
4,21,1002,2,2,2,0,0,554,1,106,0,0,32,0
21,4,1002,2,2,0,2,1,600,1,0,120,31,29,0
4,22,1000,0,0,0,0,0,810,1,132,0,18,3,0
22,4,1000,0,0,0,0,1,810,1,0,132,3,18,0
4,22,1001,1,1,1,0,0,870,1,75,0,12,60,0
22,4,1001,1,1,0,1,1,1200,1,0,20,43,8,0
4,22,1002,2,2,2,0,0,780,1,126,0,7,8,0
22,4,1002,2,2,0,2,1,840,1,0,121,23,26,0
4,23,1000,0,0,0,0,0,1353,1,2,0,28,8,0
23,4,1000,0,0,0,0,1,1353,1,0,2,8,28,0
4,23,1001,1,1,1,0,1,933,1,0,20,0,0,0
23,4,1001,1,1,0,1,1,660,1,0,60,0,0,0
4,23,1002,2,2,2,0,0,659,1,89,0,0,10,0
23,4,1002,2,2,0,2,1,420,1,0,119,10,0,0
4,24,1000,0,0,0,0,0,634,1,53,0,32,16,0
24,4,1000,0,0,0,0,1,634,1,0,53,16,32,0
4,24,1001,1,1,1,0,1,1129,1,0,27,25,78,0
24,4,1001,1,1,0,1,0,1197,1,61,0,29,9,0
4,24,1002,2,2,2,0,0,930,1,90,0,13,30,0
24,4,1002,2,2,0,2,1,1074,1,0,56,1,12,0
4,25,1000,0,0,0,0,0,930,1,72,0,34,19,0
25,4,1000,0,0,0,0,1,930,1,0,72,19,34,0
4,25,1001,1,1,1,0,1,707,1,0,36,22,35,0
25,4,1001,1,1,0,1,0,622,1,91,0,94,24,0
4,25,1002,2,2,2,0,0,1110,1,93,0,48,20,0
25,4,1002,2,2,0,2,1,1080,1,0,14,65,66,0
4,26,1000,0,0,0,0,0,1020,1,38,0,49,88,0
26,4,1000,0,0,0,0,1,1020,1,0,38,88,49,0
4,26,1001,1,1,1,0,0,780,1,41,0,18,0,0
26,4,1001,1,1,0,1,0,700,1,86,0,0,33,0
4,26,1002,2,2,2,0,0,630,1,120,0,0,44,0
26,4,1002,2,2,0,2,1,773,1,0,59,22,24,0
4,27,1000,0,0,0,0,0,690,1,74,0,63,33,0
27,4,1000,0,0,0,0,1,690,1,0,74,33,63,0
4,27,1001,1,1,1,0,0,630,1,66,0,42,4,0
27,4,1001,1,1,0,1,1,990,1,0,78,15,16,0
4,27,1002,2,2,2,0,0,761,1,59,0,145,161,0
27,4,1002,2,2,0,2,1,1061,1,0,94,136,148,0
4,28,1000,0,0,0,0,1,276,1,0,95,19,0,0
28,4,1000,0,0,0,0,0,276,1,95,0,0,19,0
4,28,1001,1,1,1,0,1,519,1,0,36,16,0,0
28,4,1001,1,1,0,1,0,519,1,72,0,0,16,0
4,28,1002,2,2,2,0,1,681,1,0,68,55,2,0
28,4,1002,2,2,0,2,0,513,1,58,0,48,122,0
4,29,1000,0,0,0,0,0,1440,1,119,0,41,4,0
29,4,1000,0,0,0,0,1,1440,1,0,119,4,41,0
4,29,1001,1,1,1,0,0,1170,1,13,0,1,0,0
29,4,1001,1,1,0,1,0,1358,1,55,0,37,67,0
4,29,1002,2,2,2,0,0,810,1,132,0,0,0,0
29,4,1002,2,2,0,2,1,870,1,0,132,0,0,0
4,30,1000,0,0,0,0,0,1590,1,85,0,48,44,0
30,4,1000,0,0,0,0,1,1590,1,0,85,44,48,0
4,30,1001,1,1,1,0,1,817,1,0,35,8,0,0
30,4,1001,1,1,0,1,0,622,1,81,0,0,19,0
4,30,1002,2,2,2,0,0,1200,1,32,0,108,66,0
30,4,1002,2,2,0,2,1,423,1,0,91,68,74,0
4,31,1000,0,0,0,0,0,1170,1,113,0,3,9,0
31,4,1000,0,0,0,0,1,1170,1,0,113,9,3,0
4,31,1001,1,1,1,0,1,948,1,0,81,31,47,0
31,4,1001,1,1,0,1,0,1253,1,55,0,17,0,0
4,31,1002,2,2,2,0,0,1170,1,132,0,20,10,0
31,4,1002,2,2,0,2,1,753,1,0,99,21,65,0
4,32,1000,0,0,0,0,1,1048,1,0,56,35,4,0
32,4,1000,0,0,0,0,0,1048,1,56,0,4,35,0
4,32,1001,1,1,1,0,0,810,1,102,0,86,35,0
32,4,1001,1,1,0,1,1,900,1,0,55,95,142,0
4,32,1002,2,2,2,0,1,964,1,0,33,15,60,0
32,4,1002,2,2,0,2,0,1012,1,50,0,14,20,0
4,33,1000,0,0,0,0,0,600,1,56,0,16,0,0
33,4,1000,0,0,0,0,1,600,1,0,56,0,16,0
4,33,1001,1,1,1,0,0,1290,1,58,0,19,72,0
33,4,1001,1,1,0,1,1,967,1,0,129,80,12,0
4,33,1002,2,2,2,0,0,642,1,122,0,1,21,0
33,4,1002,2,2,0,2,1,720,1,0,132,11,0,0
4,34,1000,0,0,0,0,0,560,1,29,0,0,0,0
34,4,1000,0,0,0,0,1,560,1,0,29,0,0,0
4,34,1001,1,1,1,0,1,802,1,0,13,38,110,0
34,4,1001,1,1,0,1,1,990,1,0,32,0,5,0
4,34,1002,2,2,2,0,0,832,1,128,0,0,0,0
34,4,1002,2,2,0,2,1,1050,1,0,37,54,2,0
4,35,1000,0,0,0,0,1,2282,1,0,82,78,84,0
35,4,1000,0,0,0,0,0,2282,1,82,0,84,78,0
4,35,1001,1,1,1,0,1,1731,1,0,102,59,1,0
35,4,1001,1,1,0,1,0,1707,1,82,0,0,0,0
4,35,1002,2,2,2,0,1,2218,1,0,42,137,87,0
35,4,1002,2,2,0,2,0,2662,1,49,0,124,113,0
4,36,1000,0,0,0,0,0,1230,1,67,0,146,176,0
36,4,1000,0,0,0,0,1,1230,1,0,67,176,146,0
4,36,1001,1,1,1,0,1,1093,1,0,50,37,5,0
36,4,1001,1,1,0,1,0,530,1,53,0,0,58,0
4,36,1002,2,2,2,0,0,810,1,45,0,141,193,0
36,4,1002,2,2,0,2,1,630,1,0,20,9,53,0
4,37,1000,0,0,0,0,0,1073,1,113,0,37,55,0
37,4,1000,0,0,0,0,1,1073,1,0,113,55,37,0
4,37,1001,1,1,1,0,0,820,1,117,0,90,43,0
37,4,1001,1,1,0,1,1,640,1,0,105,69,99,0
4,37,1002,2,2,2,0,0,1115,1,118,0,25,54,0
37,4,1002,2,2,0,2,1,900,1,0,95,154,146,0
4,38,1000,0,0,0,0,1,710,1,0,28,32,9,0
38,4,1000,0,0,0,0,0,710,1,28,0,9,32,0
4,38,1001,1,1,1,0,1,590,1,0,37,16,0,0
38,4,1001,1,1,0,1,0,443,1,19,0,0,16,0
4,38,1002,2,2,2,0,1,422,1,0,61,16,0,0
38,4,1002,2,2,0,2,0,422,1,19,0,0,16,0
4,39,1000,0,0,0,0,0,1260,1,44,0,92,0,0
39,4,1000,0,0,0,0,1,1260,1,0,44,0,92,0
4,39,1001,1,1,1,0,0,1530,1,10,0,14,0,0
39,4,1001,1,1,0,1,1,1290,1,0,64,16,39,0
4,39,1002,2,2,2,0,0,1350,1,94,0,18,28,0
39,4,1002,2,2,0,2,1,1290,1,0,94,28,18,0
5,6,1000,0,0,0,0,0,1489,1,75,0,7,19,0
6,5,1000,0,0,0,0,1,1489,1,0,75,19,7,0
5,6,1001,1,1,1,0,0,2150,1,52,0,51,186,0
6,5,1001,1,1,0,1,1,1524,1,0,77,61,122,0
5,6,1002,2,2,2,0,0,952,1,122,0,29,22,0
6,5,1002,2,2,0,2,1,1058,1,0,98,55,32,0
5,7,1000,0,0,0,0,0,485,1,104,0,0,0,0
7,5,1000,0,0,0,0,1,485,1,0,104,0,0,0
5,7,1001,1,1,1,0,1,522,1,0,57,0,0,0
7,5,1001,1,1,0,1,0,583,1,80,0,0,0,0
5,7,1002,2,2,2,0,0,652,1,81,0,25,0,0
7,5,1002,2,2,0,2,1,652,1,0,81,0,25,0
5,8,1000,0,0,0,0,0,770,1,117,0,0,30,0
8,5,1000,0,0,0,0,1,770,1,0,117,30,0,0
5,8,1001,1,1,1,0,0,708,1,85,0,6,0,0
8,5,1001,1,1,0,1,1,1108,1,0,101,21,2,0
5,8,1002,2,2,2,0,0,1687,1,23,0,22,41,0
8,5,1002,2,2,0,2,1,1687,1,0,23,41,22,0
5,9,1000,0,0,0,0,0,1022,1,85,0,1,30,0
9,5,1000,0,0,0,0,1,1022,1,0,85,30,1,0
5,9,1001,1,1,1,0,0,1118,1,82,0,13,12,0
9,5,1001,1,1,0,1,1,1118,1,0,82,12,13,0
5,9,1002,2,2,2,0,0,1770,1,61,0,21,38,0
9,5,1002,2,2,0,2,1,1770,1,0,61,38,21,0
5,10,1000,0,0,0,0,0,896,1,91,0,152,10,0
10,5,1000,0,0,0,0,1,896,1,0,91,10,152,0
5,10,1001,1,1,1,0,0,919,1,110,0,38,6,0
10,5,1001,1,1,0,1,1,919,1,0,100,6,38,0
5,10,1002,2,2,2,0,0,1003,1,42,0,32,0,0
10,5,1002,2,2,0,2,1,1003,1,0,42,0,32,0
5,11,1000,0,0,0,0,0,1812,1,4,0,0,0,0
11,5,1000,0,0,0,0,1,1812,1,0,4,0,0,0
5,11,1001,1,1,1,0,0,1250,1,47,0,21,0,0
11,5,1001,1,1,0,1,1,1250,1,0,47,0,21,0
5,11,1002,2,2,2,0,0,1193,1,12,0,0,0,0
11,5,1002,2,2,0,2,1,1193,1,0,12,0,0,0
5,12,1000,0,0,0,0,0,1657,1,29,0,9,60,0
12,5,1000,0,0,0,0,1,1657,1,0,29,60,9,0
5,12,1001,1,1,1,0,1,438,1,0,76,22,18,0
12,5,1001,1,1,0,1,0,438,1,76,0,18,22,0
5,12,1002,2,2,2,0,0,835,1,69,0,0,21,0
12,5,1002,2,2,0,2,1,835,1,0,69,21,0,0
5,13,1000,0,0,0,0,0,763,1,103,0,12,0,0
13,5,1000,0,0,0,0,1,763,1,0,103,0,12,0
5,13,1001,1,1,1,0,0,894,1,58,0,7,0,0
13,5,1001,1,1,0,1,1,1021,1,0,28,0,15,0
5,13,1002,2,2,2,0,0,723,1,88,0,0,0,0
13,5,1002,2,2,0,2,1,326,1,0,112,0,0,0
5,14,1000,0,0,0,0,1,1373,1,0,79,12,2,0
14,5,1000,0,0,0,0,0,1373,1,79,0,2,12,0
5,14,1001,1,1,1,0,1,1119,1,0,13,1,5,0
14,5,1001,1,1,0,1,0,1119,1,13,0,5,1,0
5,14,1002,2,2,2,0,1,1602,1,0,27,0,0,0
14,5,1002,2,2,0,2,0,1602,1,27,0,0,0,0
5,15,1000,0,0,0,0,1,2191,1,0,21,0,31,0
15,5,1000,0,0,0,0,0,2191,1,21,0,31,0,0
5,15,1001,1,1,1,0,1,1324,1,0,86,0,2,0
15,5,1001,1,1,0,1,0,1510,1,58,0,4,16,0
5,15,1002,2,2,2,0,1,1750,1,0,40,11,67,0
15,5,1002,2,2,0,2,0,1696,1,40,0,67,11,0
5,16,1000,0,0,0,0,0,817,1,99,0,11,0,0
16,5,1000,0,0,0,0,1,817,1,0,99,0,11,0
5,16,1001,1,1,1,0,0,1153,1,66,0,25,4,0
16,5,1001,1,1,0,1,1,1153,1,0,66,4,25,0
5,16,1002,2,2,2,0,0,1966,1,90,0,8,8,0
16,5,1002,2,2,0,2,1,1966,1,0,96,8,8,0
5,17,1000,0,0,0,0,0,623,1,55,0,0,0,0
17,5,1000,0,0,0,0,1,623,1,0,56,0,0,0
5,17,1001,1,1,1,0,1,319,1,0,84,0,0,0
17,5,1001,1,1,0,1,0,319,1,84,0,0,0,0
5,17,1002,2,2,2,0,0,706,1,83,0,0,0,0
17,5,1002,2,2,0,2,1,706,1,0,83,0,0,0
5,18,1000,0,0,0,0,0,1620,1,78,0,8,12,0
18,5,1000,0,0,0,0,1,1620,1,0,78,12,8,0
5,18,1001,1,1,1,0,0,850,1,73,0,20,1,0
18,5,1001,1,1,0,1,1,850,1,0,64,1,20,0
5,18,1002,2,2,2,0,0,1418,1,105,0,22,28,0
18,5,1002,2,2,0,2,1,1418,1,0,105,28,22,0
5,19,1000,0,0,0,0,0,1208,1,34,0,5,11,0
19,5,1000,0,0,0,0,1,1208,1,0,34,11,5,0
5,19,1001,1,1,1,0,0,916,1,52,0,0,5,0
19,5,1001,1,1,0,1,1,869,1,0,44,0,0,0
5,19,1002,2,2,2,0,0,1623,1,26,0,15,24,0
19,5,1002,2,2,0,2,1,1591,1,0,41,52,29,0
5,20,1000,0,0,0,0,1,1513,1,0,65,106,180,0
20,5,1000,0,0,0,0,0,1513,1,65,0,180,106,0
5,20,1001,1,1,1,0,0,1933,1,52,0,28,11,0
20,5,1001,1,1,0,1,1,1514,1,0,42,0,34,0
5,20,1002,2,2,2,0,0,1795,1,54,0,24,39,0
20,5,1002,2,2,0,2,1,1616,1,0,23,70,129,0
5,21,1000,0,0,0,0,1,1398,1,0,23,0,0,0
21,5,1000,0,0,0,0,0,1398,1,23,0,0,0,0
5,21,1001,1,1,1,0,0,1481,1,77,0,0,29,0
21,5,1001,1,1,0,1,1,1623,1,0,36,34,0,0
5,21,1002,2,2,2,0,0,2056,1,5,0,12,89,0
21,5,1002,2,2,0,2,1,1964,1,0,43,43,0,0
5,22,1000,0,0,0,0,1,1510,1,0,94,35,2,0
22,5,1000,0,0,0,0,0,1510,1,94,0,2,35,0
5,22,1001,1,1,1,0,1,1795,1,0,24,0,2,0
22,5,1001,1,1,0,1,0,1260,1,95,0,3,0,0
5,22,1002,2,2,2,0,1,1747,1,0,5,18,42,0
22,5,1002,2,2,0,2,1,910,1,0,51,0,0,0
5,23,1000,0,0,0,0,0,1638,1,23,0,0,22,0
23,5,1000,0,0,0,0,1,1638,1,0,23,22,0,0
5,23,1001,1,1,1,0,1,1170,1,0,51,0,0,0
23,5,1001,1,1,0,1,0,1170,1,51,0,0,0,0
5,23,1002,2,2,2,0,0,874,1,61,0,0,0,0
23,5,1002,2,2,0,2,1,874,1,0,61,0,0,0
5,24,1000,0,0,0,0,1,1409,1,0,46,0,0,0
24,5,1000,0,0,0,0,0,1409,1,46,0,0,0,0
5,24,1001,1,1,1,0,1,610,1,0,75,0,0,0
24,5,1001,1,1,0,1,0,610,1,75,0,0,0,0
5,24,1002,2,2,2,0,0,554,1,84,0,0,0,0
24,5,1002,2,2,0,2,1,554,1,0,84,0,0,0
5,25,1000,0,0,0,0,1,1780,1,0,40,0,5,0
25,5,1000,0,0,0,0,0,1780,1,40,0,5,0,0
5,25,1001,1,1,1,0,0,1792,1,13,0,42,7,0
25,5,1001,1,1,0,1,0,1570,1,54,0,7,42,0
5,25,1002,2,2,2,0,1,1583,1,0,35,0,28,0
25,5,1002,2,2,0,2,0,1744,1,24,0,28,0,0
5,26,1000,0,0,0,0,0,880,1,60,0,0,0,0
26,5,1000,0,0,0,0,1,880,1,0,60,0,0,0
5,26,1001,1,1,1,0,1,1075,1,0,79,2,0,0
26,5,1001,1,1,0,1,1,889,1,0,24,0,7,0
5,26,1002,2,2,2,0,0,970,1,104,0,21,0,0
26,5,1002,2,2,0,2,1,970,1,0,93,0,21,0
5,27,1000,0,0,0,0,0,1375,1,43,0,39,55,0
27,5,1000,0,0,0,0,1,1375,1,0,43,55,39,0
5,27,1001,1,1,1,0,0,1643,1,54,0,31,48,0
27,5,1001,1,1,0,1,1,1776,1,0,38,0,32,0
5,27,1002,2,2,2,0,0,913,1,35,0,4,6,0
27,5,1002,2,2,0,2,1,1099,1,0,32,0,4,0
5,28,1000,0,0,0,0,0,657,1,48,0,16,0,0
28,5,1000,0,0,0,0,1,657,1,0,48,0,16,0
5,28,1001,1,1,1,0,0,1015,1,66,0,16,0,0
28,5,1001,1,1,0,1,1,736,1,0,100,0,27,0
5,28,1002,2,2,2,0,0,826,1,55,0,55,105,0
28,5,1002,2,2,0,2,1,826,1,0,32,107,61,0
5,29,1000,0,0,0,0,1,936,1,0,78,5,0,0
29,5,1000,0,0,0,0,0,936,1,78,0,0,5,0
5,29,1001,1,1,1,0,1,902,1,0,74,0,0,0
29,5,1001,1,1,0,1,0,902,1,74,0,0,0,0
5,29,1002,2,2,2,0,1,1213,1,0,35,3,19,0
29,5,1002,2,2,0,2,0,1213,1,35,0,19,3,0
5,30,1000,0,0,0,0,1,796,1,0,56,10,24,0
30,5,1000,0,0,0,0,0,796,1,56,0,24,10,0
5,30,1001,1,1,1,0,0,859,1,84,0,3,8,0
30,5,1001,1,1,0,1,1,859,1,0,84,8,3,0
5,30,1002,2,2,2,0,0,1651,1,59,0,0,0,0
30,5,1002,2,2,0,2,1,1651,1,0,67,0,0,0
5,31,1000,0,0,0,0,1,1627,1,0,94,0,0,0
31,5,1000,0,0,0,0,0,1627,1,94,0,0,0,0
5,31,1001,1,1,1,0,0,1839,1,14,0,0,22,0
31,5,1001,1,1,0,1,0,1431,1,89,0,15,0,0
5,31,1002,2,2,2,0,1,1522,1,0,26,0,17,0
31,5,1002,2,2,0,2,0,1492,1,38,0,17,0,0
5,32,1000,0,0,0,0,0,1258,1,15,0,32,85,0
32,5,1000,0,0,0,0,1,1258,1,0,15,85,32,0
5,32,1001,1,1,1,0,0,1768,1,9,0,33,10,0
32,5,1001,1,1,0,1,1,1141,1,0,33,5,10,0
5,32,1002,2,2,2,0,0,1138,1,91,0,9,0,0
32,5,1002,2,2,0,2,1,1132,1,0,88,0,9,0
5,33,1000,0,0,0,0,0,2140,1,88,0,4,0,0
33,5,1000,0,0,0,0,1,2140,1,0,88,0,4,0
5,33,1001,1,1,1,0,0,1030,1,43,0,12,0,0
33,5,1001,1,1,0,1,1,1525,1,0,58,0,0,0
5,33,1002,2,2,2,0,0,919,1,53,0,2,6,0
33,5,1002,2,2,0,2,1,1579,1,0,74,6,2,0
5,34,1000,0,0,0,0,0,1234,1,32,0,18,67,0
34,5,1000,0,0,0,0,1,1234,1,0,32,67,18,0
5,34,1001,1,1,1,0,0,1060,1,12,0,0,15,0
34,5,1001,1,1,0,1,1,1363,1,0,43,0,4,0
5,34,1002,2,2,2,0,0,872,1,102,0,11,3,0
34,5,1002,2,2,0,2,1,872,1,0,102,3,11,0
5,35,1000,0,0,0,0,1,1873,1,0,25,97,85,0
35,5,1000,0,0,0,0,0,1873,1,25,0,85,97,0
5,35,1001,1,1,1,0,1,961,1,0,109,0,1,0
35,5,1001,1,1,0,1,0,837,1,111,0,1,0,0
5,35,1002,2,2,2,0,1,1636,1,0,75,66,21,0
35,5,1002,2,2,0,2,1,2353,1,0,3,22,66,0
5,36,1000,0,0,0,0,1,1176,1,0,32,35,52,0
36,5,1000,0,0,0,0,0,1176,1,32,0,52,35,0
5,36,1001,1,1,1,0,1,960,1,0,8,5,0,0
36,5,1001,1,1,0,1,0,910,1,75,0,0,0,0
5,36,1002,2,2,2,0,1,711,1,0,75,0,23,0
36,5,1002,2,2,0,2,0,711,1,75,0,23,0,0
5,37,1000,0,0,0,0,0,680,1,123,0,0,0,0
37,5,1000,0,0,0,0,1,680,1,0,123,0,0,0
5,37,1001,1,1,1,0,0,712,1,123,0,0,0,0
37,5,1001,1,1,0,1,1,642,1,0,104,0,14,0
5,37,1002,2,2,2,0,0,1078,1,126,0,16,9,0
37,5,1002,2,2,0,2,1,1141,1,0,106,0,32,0
5,38,1000,0,0,0,0,0,655,1,114,0,16,0,0
38,5,1000,0,0,0,0,1,655,1,0,114,0,16,0
5,38,1001,1,1,1,0,0,450,1,99,0,0,0,0
38,5,1001,1,1,0,1,1,814,1,0,68,12,21,0
5,38,1002,2,2,2,0,0,706,1,41,0,11,0,0
38,5,1002,2,2,0,2,1,763,1,0,80,0,9,0
5,39,1000,0,0,0,0,1,1726,1,0,74,0,8,0
39,5,1000,0,0,0,0,0,1726,1,74,0,8,0,0
5,39,1001,1,1,1,0,1,1429,1,0,43,0,0,0
39,5,1001,1,1,0,1,0,1429,1,43,0,0,0,0
5,39,1002,2,2,2,0,0,1616,1,38,0,1,12,0
39,5,1002,2,2,0,2,1,1616,1,0,38,12,1,0
6,7,1000,0,0,0,0,1,542,1,0,19,0,0,0
7,6,1000,0,0,0,0,0,542,1,19,0,0,0,0
6,7,1001,1,1,1,0,1,632,1,0,12,0,0,0
7,6,1001,1,1,0,1,1,591,1,0,71,0,0,0
6,7,1002,2,2,2,0,0,556,1,28,0,0,0,0
7,6,1002,2,2,0,2,1,478,1,0,72,0,0,0
6,8,1000,0,0,0,0,1,1495,1,0,10,317,113,0
8,6,1000,0,0,0,0,0,1495,1,10,0,113,317,0
6,8,1001,1,1,1,0,1,1485,1,0,58,90,61,0
8,6,1001,1,1,0,1,0,1534,1,87,0,30,23,0
6,8,1002,2,2,2,0,1,1034,1,0,81,143,143,0
8,6,1002,2,2,0,2,0,1679,1,15,0,88,39,0
6,9,1000,0,0,0,0,1,604,1,0,24,0,54,0
9,6,1000,0,0,0,0,0,604,1,24,0,54,0,0
6,9,1001,1,1,1,0,-1,1234,1,0,0,37,67,0
9,6,1001,1,1,0,1,1,1222,1,0,21,39,10,0
6,9,1002,2,2,2,0,1,1315,1,0,57,109,167,0
9,6,1002,2,2,0,2,1,649,1,0,6,166,134,0
6,10,1000,0,0,0,0,1,1551,1,0,19,56,28,0
10,6,1000,0,0,0,0,0,1551,1,19,0,28,56,0
6,10,1001,1,1,1,0,0,843,1,34,0,0,17,0
10,6,1001,1,1,0,1,0,1431,1,18,0,176,57,0
6,10,1002,2,2,2,0,0,916,1,81,0,109,173,0
10,6,1002,2,2,0,2,1,1083,1,0,47,95,64,0
6,11,1000,0,0,0,0,1,731,1,0,106,6,22,0
11,6,1000,0,0,0,0,0,731,1,106,0,22,6,0
6,11,1001,1,1,1,0,1,964,1,0,116,0,0,0
11,6,1001,1,1,0,1,0,1375,1,66,0,0,0,0
6,11,1002,2,2,2,0,1,1033,1,0,99,54,94,0
11,6,1002,2,2,0,2,0,1129,1,71,0,119,64,0
6,12,1000,0,0,0,0,0,1569,1,71,0,29,72,0
12,6,1000,0,0,0,0,1,1569,1,0,71,72,29,0
6,12,1001,1,1,1,0,0,897,1,24,0,1,26,0
12,6,1001,1,1,0,1,0,712,1,14,0,33,0,0
6,12,1002,2,2,2,0,0,1504,1,77,0,36,86,0
12,6,1002,2,2,0,2,1,1069,1,0,77,71,24,0
6,13,1000,0,0,0,0,1,327,1,0,61,21,0,0
13,6,1000,0,0,0,0,0,327,1,61,0,0,21,0
6,13,1001,1,1,1,0,1,297,1,0,61,8,0,0
13,6,1001,1,1,0,1,0,321,1,33,0,0,6,0
6,13,1002,2,2,2,0,0,546,1,44,0,95,128,0
13,6,1002,2,2,0,2,0,721,1,9,0,129,94,0
6,14,1000,0,0,0,0,0,1896,1,22,0,108,0,0
14,6,1000,0,0,0,0,1,1896,1,0,22,0,108,0
6,14,1001,1,1,1,0,1,1493,1,0,43,0,0,0
14,6,1001,1,1,0,1,1,1362,1,0,102,11,7,0
6,14,1002,2,2,2,0,1,2185,1,0,8,125,90,0
14,6,1002,2,2,0,2,0,2041,1,9,0,96,157,0
6,15,1000,0,0,0,0,1,1661,1,0,64,196,92,0
15,6,1000,0,0,0,0,0,1661,1,64,0,92,196,0
6,15,1001,1,1,1,0,1,1255,1,0,99,5,7,0
15,6,1001,1,1,0,1,0,1917,1,141,0,110,5,0
6,15,1002,2,2,2,0,1,1872,1,0,135,204,144,0
15,6,1002,2,2,0,2,0,997,1,111,0,288,151,0
6,16,1000,0,0,0,0,0,809,1,42,0,59,0,0
16,6,1000,0,0,0,0,1,809,1,0,42,0,59,0
6,16,1001,1,1,1,0,1,1063,1,0,6,14,0,0
16,6,1001,1,1,0,1,1,529,1,0,71,16,25,0
6,16,1002,2,2,2,0,0,719,1,48,0,33,18,0
16,6,1002,2,2,0,2,1,506,1,0,41,91,38,0
6,17,1000,0,0,0,0,0,931,1,102,0,8,37,0
17,6,1000,0,0,0,0,1,931,1,0,102,37,8,0
6,17,1001,1,1,1,0,0,624,1,9,0,0,0,0
17,6,1001,1,1,0,1,1,635,1,0,30,0,18,0
6,17,1002,2,2,2,0,0,1065,1,102,0,37,50,0
17,6,1002,2,2,0,2,1,1352,1,0,102,112,81,0
6,18,1000,0,0,0,0,1,371,1,0,72,0,2,0
18,6,1000,0,0,0,0,0,371,1,72,0,2,0,0
6,18,1001,1,1,1,0,1,425,1,0,94,23,30,0
18,6,1001,1,1,0,1,0,835,1,90,0,56,66,0
6,18,1002,2,2,2,0,1,661,1,0,27,0,102,0
18,6,1002,2,2,0,2,0,721,1,21,0,64,20,0
6,19,1000,0,0,0,0,1,748,1,0,33,219,197,0
19,6,1000,0,0,0,0,0,748,1,33,0,197,219,0
6,19,1001,1,1,1,0,1,1066,1,0,30,60,49,0
19,6,1001,1,1,0,1,0,818,1,87,0,106,46,0
6,19,1002,2,2,2,0,1,565,1,0,100,78,21,0
19,6,1002,2,2,0,2,0,538,1,76,0,124,98,0
6,20,1000,0,0,0,0,1,572,1,0,84,9,152,0
20,6,1000,0,0,0,0,0,572,1,84,0,152,9,0
6,20,1001,1,1,1,0,1,1020,1,0,82,10,47,0
20,6,1001,1,1,0,1,0,571,1,105,0,12,19,0
6,20,1002,2,2,2,0,1,1071,1,0,75,156,237,0
20,6,1002,2,2,0,2,0,605,1,84,0,115,22,0
6,21,1000,0,0,0,0,0,943,1,46,0,119,106,0
21,6,1000,0,0,0,0,1,943,1,0,46,106,119,0
6,21,1001,1,1,1,0,1,1130,1,0,73,55,27,0
21,6,1001,1,1,0,1,0,1036,1,70,0,45,0,0
6,21,1002,2,2,2,0,0,985,1,26,0,53,92,0
21,6,1002,2,2,0,2,0,679,1,15,0,121,67,0
6,22,1000,0,0,0,0,1,964,1,0,48,49,92,0
22,6,1000,0,0,0,0,0,964,1,48,0,92,49,0
6,22,1001,1,1,1,0,1,1273,1,0,94,0,52,0
22,6,1001,1,1,0,1,0,929,1,65,0,131,49,0
6,22,1002,2,2,2,0,1,745,1,0,67,58,151,0
22,6,1002,2,2,0,2,0,982,1,78,0,2,2,0
6,23,1000,0,0,0,0,0,1008,1,7,0,70,121,0
23,6,1000,0,0,0,0,1,1008,1,0,7,121,70,0
6,23,1001,1,1,1,0,0,915,1,50,0,46,77,0
23,6,1001,1,1,0,1,1,754,1,0,3,25,0,0
6,23,1002,2,2,2,0,0,841,1,20,0,32,71,0
23,6,1002,2,2,0,2,1,555,1,0,27,107,72,0
6,24,1000,0,0,0,0,1,796,1,0,110,16,18,0
24,6,1000,0,0,0,0,0,796,1,110,0,18,16,0
6,24,1001,1,1,1,0,1,781,1,0,65,0,17,0
24,6,1001,1,1,0,1,0,931,1,71,0,18,0,0
6,24,1002,2,2,2,0,1,789,1,0,57,45,134,0
24,6,1002,2,2,0,2,0,976,1,90,0,166,127,0
6,25,1000,0,0,0,0,1,488,1,0,88,0,73,0
25,6,1000,0,0,0,0,0,488,1,88,0,73,0,0
6,25,1001,1,1,1,0,1,1663,1,0,70,75,87,0
25,6,1001,1,1,0,1,0,1511,1,94,0,17,0,0
6,25,1002,2,2,2,0,1,920,1,0,89,64,31,0
25,6,1002,2,2,0,2,0,1458,1,76,0,84,0,0
6,26,1000,0,0,0,0,0,587,1,38,0,47,21,0
26,6,1000,0,0,0,0,1,587,1,0,38,21,47,0
6,26,1001,1,1,1,0,1,1030,1,0,26,0,0,0
26,6,1001,1,1,0,1,0,505,1,37,0,52,29,0
6,26,1002,2,2,2,0,0,824,1,14,0,25,83,0
26,6,1002,2,2,0,2,0,776,1,7,0,98,40,0
6,27,1000,0,0,0,0,1,1012,1,0,43,218,204,0
27,6,1000,0,0,0,0,0,1012,1,43,0,204,218,0
6,27,1001,1,1,1,0,0,853,1,45,0,38,90,0
27,6,1001,1,1,0,1,0,685,1,44,0,0,30,0
6,27,1002,2,2,2,0,0,1146,1,11,0,123,115,0
27,6,1002,2,2,0,2,1,775,1,0,46,138,80,0
6,28,1000,0,0,0,0,1,486,1,0,56,22,103,0
28,6,1000,0,0,0,0,0,486,1,56,0,103,22,0
6,28,1001,1,1,1,0,1,300,1,0,101,0,0,0
28,6,1001,1,1,0,1,0,286,1,101,0,0,17,0
6,28,1002,2,2,2,0,1,384,1,0,68,45,93,0
28,6,1002,2,2,0,2,0,463,1,62,0,52,0,0
6,29,1000,0,0,0,0,1,808,1,0,92,31,29,0
29,6,1000,0,0,0,0,0,808,1,92,0,29,31,0
6,29,1001,1,1,1,0,1,1399,1,0,66,6,28,0
29,6,1001,1,1,0,1,0,994,1,109,0,111,54,0
6,29,1002,2,2,2,0,1,385,1,0,98,0,13,0
29,6,1002,2,2,0,2,0,517,1,100,0,34,0,0
6,30,1000,0,0,0,0,1,398,1,0,43,41,54,0
30,6,1000,0,0,0,0,0,398,1,43,0,54,41,0
6,30,1001,1,1,1,0,1,499,1,0,99,0,38,0
30,6,1001,1,1,0,1,0,856,1,39,0,78,27,0
6,30,1002,2,2,2,0,1,274,1,0,71,8,59,0
30,6,1002,2,2,0,2,0,503,1,52,0,72,40,0
6,31,1000,0,0,0,0,1,1165,1,0,66,89,87,0
31,6,1000,0,0,0,0,0,1165,1,66,0,87,89,0
6,31,1001,1,1,1,0,1,1640,1,0,61,49,76,0
31,6,1001,1,1,0,1,0,1266,1,53,0,31,6,0
6,31,1002,2,2,2,0,1,1243,1,0,41,77,121,0
31,6,1002,2,2,0,2,0,687,1,84,0,125,58,0
6,32,1000,0,0,0,0,1,841,1,0,40,129,84,0
32,6,1000,0,0,0,0,0,841,1,40,0,84,129,0
6,32,1001,1,1,1,0,1,607,1,0,62,4,0,0
32,6,1001,1,1,0,1,0,481,1,72,0,0,4,0
6,32,1002,2,2,2,0,1,634,1,0,104,56,77,0
32,6,1002,2,2,0,2,0,544,1,106,0,85,37,0
6,33,1000,0,0,0,0,0,1091,1,25,0,70,123,0
33,6,1000,0,0,0,0,1,1091,1,0,25,123,70,0
6,33,1001,1,1,1,0,0,1431,1,22,0,0,10,0
33,6,1001,1,1,0,1,1,643,1,0,12,68,22,0
6,33,1002,2,2,2,0,0,649,1,26,0,62,146,0
33,6,1002,2,2,0,2,0,727,1,6,0,151,76,0
6,34,1000,0,0,0,0,0,724,1,54,0,30,87,0
34,6,1000,0,0,0,0,1,724,1,0,54,87,30,0
6,34,1001,1,1,1,0,1,634,1,0,9,0,0,0
34,6,1001,1,1,0,1,0,631,1,61,0,0,0,0
6,34,1002,2,2,2,0,1,580,1,0,43,0,89,0
34,6,1002,2,2,0,2,1,799,1,0,7,79,22,0
6,35,1000,0,0,0,0,1,568,1,0,96,95,70,0
35,6,1000,0,0,0,0,0,568,1,96,0,70,95,0
6,35,1001,1,1,1,0,1,1524,1,0,94,50,56,0
35,6,1001,1,1,0,1,0,1559,1,71,0,77,23,0
6,35,1002,2,2,2,0,0,959,1,27,0,27,2,0
35,6,1002,2,2,0,2,0,865,1,69,0,93,77,0
6,36,1000,0,0,0,0,1,517,1,0,77,55,91,0
36,6,1000,0,0,0,0,0,517,1,77,0,91,55,0
6,36,1001,1,1,1,0,1,817,1,0,67,1,49,0
36,6,1001,1,1,0,1,0,181,1,97,0,4,0,0
6,36,1002,2,2,2,0,1,304,1,0,101,0,40,0
36,6,1002,2,2,0,2,0,319,1,71,0,81,39,0
6,37,1000,0,0,0,0,0,604,1,35,0,50,126,0
37,6,1000,0,0,0,0,1,604,1,0,35,126,50,0
6,37,1001,1,1,1,0,1,1575,1,0,26,61,52,0
37,6,1001,1,1,0,1,0,940,1,6,0,51,0,0
6,37,1002,2,2,2,0,1,673,1,0,1,41,65,0
37,6,1002,2,2,0,2,1,765,1,0,32,16,35,0
6,38,1000,0,0,0,0,1,789,1,0,26,12,0,0
38,6,1000,0,0,0,0,0,789,1,26,0,0,12,0
6,38,1001,1,1,1,0,1,520,1,0,30,6,60,0
38,6,1001,1,1,0,1,0,380,1,13,0,0,1,0
6,38,1002,2,2,2,0,1,911,1,0,53,55,0,0
38,6,1002,2,2,0,2,1,978,1,0,37,46,0,0
6,39,1000,0,0,0,0,1,964,1,0,77,0,20,0
39,6,1000,0,0,0,0,0,964,1,77,0,20,0,0
6,39,1001,1,1,1,0,1,859,1,0,114,0,0,0
39,6,1001,1,1,0,1,0,1531,1,75,0,12,0,0
6,39,1002,2,2,2,0,1,784,1,0,85,138,185,0
39,6,1002,2,2,0,2,0,433,1,111,0,87,31,0
7,8,1000,0,0,0,0,0,737,1,21,0,0,19,0
8,7,1000,0,0,0,0,1,737,1,0,21,19,0,0
7,8,1001,1,1,1,0,-1,571,1,0,0,0,0,0
8,7,1001,1,1,0,1,1,547,1,0,34,0,0,0
7,8,1002,2,2,2,0,0,734,1,64,0,0,0,0
8,7,1002,2,2,0,2,1,734,1,0,46,0,0,0
7,9,1000,0,0,0,0,0,514,1,18,0,18,0,0
9,7,1000,0,0,0,0,1,514,1,0,18,0,18,0
7,9,1001,1,1,1,0,0,451,1,57,0,0,0,0
9,7,1001,1,1,0,1,1,451,1,0,57,0,0,0
7,9,1002,2,2,2,0,0,748,1,33,0,0,0,0
9,7,1002,2,2,0,2,1,747,1,0,33,0,0,0
7,10,1000,0,0,0,0,1,1040,1,0,24,0,22,0
10,7,1000,0,0,0,0,0,1040,1,24,0,22,0,0
7,10,1001,1,1,1,0,1,479,1,0,98,0,0,0
10,7,1001,1,1,0,1,1,583,1,0,18,0,11,0
7,10,1002,2,2,2,0,0,832,1,27,0,19,0,0
10,7,1002,2,2,0,2,0,648,1,88,0,0,10,0
7,11,1000,0,0,0,0,0,796,1,42,0,0,0,0
11,7,1000,0,0,0,0,1,796,1,0,42,0,0,0
7,11,1001,1,1,1,0,0,569,1,32,0,0,0,0
11,7,1001,1,1,0,1,0,577,1,47,0,0,0,0
7,11,1002,2,2,2,0,0,703,1,49,0,0,0,0
11,7,1002,2,2,0,2,1,703,1,0,49,0,0,0
7,12,1000,0,0,0,0,1,255,1,0,107,0,0,0
12,7,1000,0,0,0,0,0,255,1,107,0,0,0,0
7,12,1001,1,1,1,0,1,271,1,0,66,0,0,0
12,7,1001,1,1,0,1,0,271,1,66,0,0,0,0
7,12,1002,2,2,2,0,1,161,1,0,107,0,0,0
12,7,1002,2,2,0,2,0,161,1,107,0,0,0,0
7,13,1000,0,0,0,0,0,376,1,20,0,0,0,0
13,7,1000,0,0,0,0,1,376,1,0,20,0,0,0
7,13,1001,1,1,1,0,0,142,1,59,0,0,0,0
13,7,1001,1,1,0,1,0,312,1,82,0,0,0,0
7,13,1002,2,2,2,0,1,234,1,0,62,0,0,0
13,7,1002,2,2,0,2,0,234,1,62,0,0,0,0
7,14,1000,0,0,0,0,1,501,1,0,40,4,0,0
14,7,1000,0,0,0,0,0,501,1,40,0,0,4,0
7,14,1001,1,1,1,0,1,218,1,0,35,4,0,0
14,7,1001,1,1,0,1,0,218,1,35,0,0,4,0
7,14,1002,2,2,2,0,0,409,1,100,0,2,0,0
14,7,1002,2,2,0,2,1,409,1,0,100,0,2,0
7,15,1000,0,0,0,0,1,647,1,0,110,0,0,0
15,7,1000,0,0,0,0,0,647,1,110,0,0,0,0
7,15,1001,1,1,1,0,1,466,1,0,60,0,0,0
15,7,1001,1,1,0,1,0,408,1,80,0,0,0,0
7,15,1002,2,2,2,0,1,610,1,0,82,0,0,0
15,7,1002,2,2,0,2,0,563,1,110,0,0,0,0
7,16,1000,0,0,0,0,0,370,1,49,0,0,0,0
16,7,1000,0,0,0,0,1,370,1,0,49,0,0,0
7,16,1001,1,1,1,0,0,375,1,48,0,0,0,0
16,7,1001,1,1,0,1,1,375,1,0,48,0,0,0
7,16,1002,2,2,2,0,1,703,1,0,49,0,0,0
16,7,1002,2,2,0,2,0,476,1,71,0,2,0,0
7,17,1000,0,0,0,0,1,264,1,0,24,0,0,0
17,7,1000,0,0,0,0,0,264,1,24,0,0,0,0
7,17,1001,1,1,1,0,1,217,1,0,27,0,0,0
17,7,1001,1,1,0,1,0,217,1,27,0,0,0,0
7,17,1002,2,2,2,0,1,316,1,0,8,0,0,0
17,7,1002,2,2,0,2,0,316,1,8,0,0,0,0
7,18,1000,0,0,0,0,0,402,1,42,0,0,0,0
18,7,1000,0,0,0,0,1,402,1,0,42,0,0,0
7,18,1001,1,1,1,0,0,258,1,78,0,0,0,0
18,7,1001,1,1,0,1,1,329,1,0,78,0,0,0
7,18,1002,2,2,2,0,0,513,1,18,0,0,0,0
18,7,1002,2,2,0,2,1,448,1,0,30,0,0,0
7,19,1000,0,0,0,0,0,565,1,25,0,0,0,0
19,7,1000,0,0,0,0,1,565,1,0,25,0,0,0
7,19,1001,1,1,1,0,1,493,1,0,71,0,0,0
19,7,1001,1,1,0,1,1,262,1,0,82,0,0,0
7,19,1002,2,2,2,0,1,691,1,0,44,0,0,0
19,7,1002,2,2,0,2,0,556,1,50,0,8,0,0
7,20,1000,0,0,0,0,0,519,1,34,0,24,0,0
20,7,1000,0,0,0,0,1,519,1,0,34,0,24,0
7,20,1001,1,1,1,0,1,499,1,0,53,13,0,0
20,7,1001,1,1,0,1,0,435,1,118,0,0,16,0
7,20,1002,2,2,2,0,1,616,1,0,65,7,0,0
20,7,1002,2,2,0,2,1,697,1,0,29,0,6,0
7,21,1000,0,0,0,0,0,486,1,52,0,0,0,0
21,7,1000,0,0,0,0,1,486,1,0,52,0,0,0
7,21,1001,1,1,1,0,1,363,1,0,86,0,0,0
21,7,1001,1,1,0,1,0,439,1,56,0,0,0,0
7,21,1002,2,2,2,0,1,483,1,0,97,0,0,0
21,7,1002,2,2,0,2,0,459,1,97,0,0,0,0
7,22,1000,0,0,0,0,1,773,1,0,32,0,0,0
22,7,1000,0,0,0,0,0,773,1,32,0,0,0,0
7,22,1001,1,1,1,0,1,481,1,0,53,0,0,0
22,7,1001,1,1,0,1,0,433,1,48,0,0,0,0
7,22,1002,2,2,2,0,1,409,1,0,87,0,0,0
22,7,1002,2,2,0,2,0,409,1,87,0,0,0,0
7,23,1000,0,0,0,0,1,291,1,0,110,0,0,0
23,7,1000,0,0,0,0,0,291,1,110,0,0,0,0
7,23,1001,1,1,1,0,0,321,1,34,0,14,0,0
23,7,1001,1,1,0,1,1,321,1,0,34,0,14,0
7,23,1002,2,2,2,0,1,474,1,0,29,6,18,0
23,7,1002,2,2,0,2,0,521,1,30,0,18,6,0
7,24,1000,0,0,0,0,0,309,1,42,0,0,0,0
24,7,1000,0,0,0,0,1,309,1,0,42,0,0,0
7,24,1001,1,1,1,0,0,416,1,14,0,0,0,0
24,7,1001,1,1,0,1,1,416,1,0,14,0,0,0
7,24,1002,2,2,2,0,1,535,1,0,6,6,0,0
24,7,1002,2,2,0,2,0,535,1,6,0,0,6,0
7,25,1000,0,0,0,0,1,538,1,0,2,0,0,0
25,7,1000,0,0,0,0,0,538,1,2,0,0,0,0
7,25,1001,1,1,1,0,1,295,1,0,66,0,0,0
25,7,1001,1,1,0,1,0,295,1,66,0,0,0,0
7,25,1002,2,2,2,0,1,488,1,0,32,0,0,0
25,7,1002,2,2,0,2,0,488,1,32,0,0,0,0
7,26,1000,0,0,0,0,1,479,1,0,55,0,0,0
26,7,1000,0,0,0,0,0,479,1,55,0,0,0,0
7,26,1001,1,1,1,0,1,450,1,0,35,0,0,0
26,7,1001,1,1,0,1,0,453,1,35,0,0,0,0
7,26,1002,2,2,2,0,1,423,1,0,76,2,0,0
26,7,1002,2,2,0,2,0,362,1,76,0,0,2,0
7,27,1000,0,0,0,0,1,569,1,0,6,0,0,0
27,7,1000,0,0,0,0,0,569,1,6,0,0,0,0
7,27,1001,1,1,1,0,0,766,1,2,0,0,0,0
27,7,1001,1,1,0,1,1,543,1,0,30,0,8,0
7,27,1002,2,2,2,0,0,419,1,30,0,0,18,0
27,7,1002,2,2,0,2,0,487,1,67,0,0,0,0
7,28,1000,0,0,0,0,1,409,1,0,49,0,0,0
28,7,1000,0,0,0,0,0,409,1,49,0,0,0,0
7,28,1001,1,1,1,0,0,307,1,74,0,0,0,0
28,7,1001,1,1,0,1,1,307,1,0,74,0,0,0
7,28,1002,2,2,2,0,1,480,1,0,4,0,0,0
28,7,1002,2,2,0,2,1,590,1,0,3,10,0,0
7,29,1000,0,0,0,0,0,730,1,29,0,0,0,0
29,7,1000,0,0,0,0,1,730,1,0,29,0,0,0
7,29,1001,1,1,1,0,0,709,1,3,0,0,0,0
29,7,1001,1,1,0,1,1,586,1,0,31,0,0,0
7,29,1002,2,2,2,0,1,475,1,0,100,0,20,0
29,7,1002,2,2,0,2,0,475,1,100,0,20,0,0
7,30,1000,0,0,0,0,0,490,1,36,0,0,0,0
30,7,1000,0,0,0,0,1,490,1,0,36,0,0,0
7,30,1001,1,1,1,0,0,417,1,58,0,0,29,0
30,7,1001,1,1,0,1,0,706,1,22,0,29,0,0
7,30,1002,2,2,2,0,0,432,1,47,0,0,0,0
30,7,1002,2,2,0,2,1,432,1,0,47,0,0,0
7,31,1000,0,0,0,0,1,274,1,0,108,0,0,0
31,7,1000,0,0,0,0,0,274,1,108,0,0,0,0
7,31,1001,1,1,1,0,1,558,1,0,7,0,0,0
31,7,1001,1,1,0,1,1,516,1,0,20,0,0,0
7,31,1002,2,2,2,0,1,454,1,0,76,0,0,0
31,7,1002,2,2,0,2,0,371,1,108,0,0,0,0
7,32,1000,0,0,0,0,0,603,1,43,0,0,0,0
32,7,1000,0,0,0,0,1,603,1,0,43,0,0,0
7,32,1001,1,1,1,0,0,430,1,73,0,0,0,0
32,7,1001,1,1,0,1,1,598,1,0,58,0,0,0
7,32,1002,2,2,2,0,1,458,1,0,76,0,27,0
32,7,1002,2,2,0,2,0,301,1,66,0,0,0,0
7,33,1000,0,0,0,0,0,493,1,62,0,0,15,0
33,7,1000,0,0,0,0,1,493,1,0,62,15,0,0
7,33,1001,1,1,1,0,0,415,1,60,0,0,0,0
33,7,1001,1,1,0,1,1,415,1,0,60,0,0,0
7,33,1002,2,2,2,0,0,736,1,32,0,0,27,0
33,7,1002,2,2,0,2,1,736,1,0,32,27,0,0
7,34,1000,0,0,0,0,1,413,1,0,96,0,0,0
34,7,1000,0,0,0,0,0,413,1,96,0,0,0,0
7,34,1001,1,1,1,0,1,251,1,0,93,0,0,0
34,7,1001,1,1,0,1,1,379,1,0,10,6,2,0
7,34,1002,2,2,2,0,1,396,1,0,82,0,0,0
34,7,1002,2,2,0,2,0,322,1,113,0,0,0,0
7,35,1000,0,0,0,0,0,651,1,23,0,0,0,0
35,7,1000,0,0,0,0,1,651,1,0,23,0,0,0
7,35,1001,1,1,1,0,1,637,1,0,34,0,0,0
35,7,1001,1,1,0,1,0,631,1,6,0,7,3,0
7,35,1002,2,2,2,0,1,689,1,0,60,0,3,0
35,7,1002,2,2,0,2,0,642,1,89,0,3,0,0
7,36,1000,0,0,0,0,1,366,1,0,75,0,29,0
36,7,1000,0,0,0,0,0,366,1,75,0,29,0,0
7,36,1001,1,1,1,0,1,327,1,0,78,0,0,0
36,7,1001,1,1,0,1,0,274,1,33,0,0,0,0
7,36,1002,2,2,2,0,1,240,1,0,106,0,0,0
36,7,1002,2,2,0,2,0,240,1,106,0,0,0,0
7,37,1000,0,0,0,0,0,421,1,69,0,0,0,0
37,7,1000,0,0,0,0,1,421,1,0,69,0,0,0
7,37,1001,1,1,1,0,0,328,1,86,0,0,0,0
37,7,1001,1,1,0,1,1,327,1,0,86,0,0,0
7,37,1002,2,2,2,0,0,366,1,84,0,0,0,0
37,7,1002,2,2,0,2,1,263,1,0,84,0,0,0
7,38,1000,0,0,0,0,0,476,1,24,0,0,0,0
38,7,1000,0,0,0,0,1,476,1,0,24,0,0,0
7,38,1001,1,1,1,0,0,283,1,44,0,0,0,0
38,7,1001,1,1,0,1,0,164,1,85,0,0,0,0
7,38,1002,2,2,2,0,0,371,1,43,0,0,0,0
38,7,1002,2,2,0,2,0,402,1,22,0,0,0,0
7,39,1000,0,0,0,0,1,715,1,0,27,0,0,0
39,7,1000,0,0,0,0,0,715,1,27,0,0,0,0
7,39,1001,1,1,1,0,0,417,1,82,0,2,0,0
39,7,1001,1,1,0,1,1,457,1,0,82,0,2,0
7,39,1002,2,2,2,0,1,515,1,0,49,1,0,0
39,7,1002,2,2,0,2,0,515,1,49,0,0,1,0
8,9,1000,0,0,0,0,0,1254,1,109,0,16,10,0
9,8,1000,0,0,0,0,1,1254,1,0,109,10,16,0
8,9,1001,1,1,1,0,0,1555,1,3,0,6,43,0
9,8,1001,1,1,0,1,1,1126,1,0,65,12,6,0
8,9,1002,2,2,2,0,0,1687,1,71,0,64,36,0
9,8,1002,2,2,0,2,1,2029,1,0,26,74,41,0
8,10,1000,0,0,0,0,1,1293,1,0,20,8,22,0
10,8,1000,0,0,0,0,0,1293,1,20,0,22,8,0
8,10,1001,1,1,1,0,1,1834,1,0,3,144,12,0
10,8,1001,1,1,0,1,0,1106,1,45,0,13,11,0
8,10,1002,2,2,2,0,1,1376,1,0,48,61,45,0
10,8,1002,2,2,0,2,0,1229,1,39,0,24,53,0
8,11,1000,0,0,0,0,1,1645,1,0,61,72,21,0
11,8,1000,0,0,0,0,0,1645,1,61,0,21,72,0
8,11,1001,1,1,1,0,1,1847,1,0,32,26,0,0
11,8,1001,1,1,0,1,0,1857,1,75,0,0,13,0
8,11,1002,2,2,2,0,0,2020,1,2,0,3,0,0
11,8,1002,2,2,0,2,0,1943,1,9,0,11,3,0
8,12,1000,0,0,0,0,1,786,1,0,57,1,5,0
12,8,1000,0,0,0,0,0,786,1,57,0,5,1,0
8,12,1001,1,1,1,0,1,544,1,0,39,0,19,0
12,8,1001,1,1,0,1,0,544,1,39,0,19,0,0
8,12,1002,2,2,2,0,1,1179,1,0,6,9,20,0
12,8,1002,2,2,0,2,1,1133,1,0,1,20,9,0
8,13,1000,0,0,0,0,1,420,1,0,35,10,0,0
13,8,1000,0,0,0,0,0,420,1,35,0,0,10,0
8,13,1001,1,1,1,0,0,916,1,13,0,22,0,0
13,8,1001,1,1,0,1,0,707,1,59,0,0,27,0
8,13,1002,2,2,2,0,1,384,1,0,89,7,0,0
13,8,1002,2,2,0,2,0,471,1,29,0,0,11,0
8,14,1000,0,0,0,0,1,1262,1,0,62,0,0,0
14,8,1000,0,0,0,0,0,1262,1,62,0,0,0,0
8,14,1001,1,1,1,0,1,1725,1,0,76,0,38,0
14,8,1001,1,1,0,1,0,1725,1,73,0,38,0,0
8,14,1002,2,2,2,0,1,1353,1,0,43,13,0,0
14,8,1002,2,2,0,2,0,1353,1,43,0,0,13,0
8,15,1000,0,0,0,0,1,882,1,0,73,0,0,0
15,8,1000,0,0,0,0,0,882,1,73,0,0,0,0
8,15,1001,1,1,1,0,1,2599,1,0,142,391,229,0
15,8,1001,1,1,0,1,0,1907,1,127,0,34,91,0
8,15,1002,2,2,2,0,1,2029,1,0,142,43,26,0
15,8,1002,2,2,0,2,0,1277,1,127,0,60,9,0
8,16,1000,0,0,0,0,1,995,1,0,44,45,13,0
16,8,1000,0,0,0,0,0,995,1,44,0,13,45,0
8,16,1001,1,1,1,0,1,1116,1,0,2,0,22,0
16,8,1001,1,1,0,1,0,1258,1,11,0,0,1,0
8,16,1002,2,2,2,0,0,1243,1,74,0,57,33,0
16,8,1002,2,2,0,2,1,937,1,0,58,33,57,0
8,17,1000,0,0,0,0,1,811,1,0,64,14,0,0
17,8,1000,0,0,0,0,0,811,1,64,0,0,14,0
8,17,1001,1,1,1,0,1,362,1,0,76,6,0,0
17,8,1001,1,1,0,1,0,332,1,70,0,0,6,0
8,17,1002,2,2,2,0,1,799,1,0,31,0,0,0
17,8,1002,2,2,0,2,0,799,1,22,0,0,0,0
8,18,1000,0,0,0,0,0,1585,1,83,0,1,0,0
18,8,1000,0,0,0,0,1,1585,1,0,83,0,1,0
8,18,1001,1,1,1,0,1,781,1,0,54,7,1,0
18,8,1001,1,1,0,1,0,988,1,48,0,1,7,0
8,18,1002,2,2,2,0,0,1175,1,69,0,55,49,0
18,8,1002,2,2,0,2,1,1303,1,0,75,49,55,0
8,19,1000,0,0,0,0,1,1272,1,0,56,64,16,0
19,8,1000,0,0,0,0,0,1272,1,56,0,16,64,0
8,19,1001,1,1,1,0,1,718,1,0,62,28,5,0
19,8,1001,1,1,0,1,0,892,1,63,0,0,20,0
8,19,1002,2,2,2,0,1,1564,1,0,86,304,252,0
19,8,1002,2,2,0,2,0,1420,1,77,0,155,188,0
8,20,1000,0,0,0,0,1,881,1,0,106,0,19,0
20,8,1000,0,0,0,0,0,881,1,106,0,19,0,0
8,20,1001,1,1,1,0,1,1173,1,0,100,55,0,0
20,8,1001,1,1,0,1,0,999,1,58,0,0,24,0
8,20,1002,2,2,2,0,1,769,1,0,115,94,190,0
20,8,1002,2,2,0,2,0,1292,1,100,0,188,140,0
8,21,1000,0,0,0,0,0,1414,1,31,0,136,14,0
21,8,1000,0,0,0,0,1,1414,1,0,31,14,136,0
8,21,1001,1,1,1,0,1,1365,1,0,57,66,29,0
21,8,1001,1,1,0,1,0,1121,1,66,0,0,40,0
8,21,1002,2,2,2,0,0,1395,1,13,0,10,26,0
21,8,1002,2,2,0,2,1,1298,1,0,13,62,2,0
8,22,1000,0,0,0,0,0,1800,1,15,0,105,0,0
22,8,1000,0,0,0,0,1,1800,1,0,15,0,105,0
8,22,1001,1,1,1,0,0,2007,1,8,0,0,1,0
22,8,1001,1,1,0,1,0,1640,1,3,0,17,0,0
8,22,1002,2,2,2,0,0,1564,1,75,0,3,0,0
22,8,1002,2,2,0,2,0,1894,1,5,0,9,40,0
8,23,1000,0,0,0,0,0,1021,1,29,0,0,0,0
23,8,1000,0,0,0,0,1,1021,1,0,29,0,0,0
8,23,1001,1,1,1,0,1,834,1,0,70,31,35,0
23,8,1001,1,1,0,1,0,784,1,82,0,35,26,0
8,23,1002,2,2,2,0,0,770,1,47,0,11,0,0
23,8,1002,2,2,0,2,1,651,1,0,47,0,0,0
8,24,1000,0,0,0,0,1,1260,1,0,13,6,14,0
24,8,1000,0,0,0,0,0,1260,1,13,0,14,6,0
8,24,1001,1,1,1,0,1,807,1,0,85,41,6,0
24,8,1001,1,1,0,1,0,807,1,94,0,6,41,0
8,24,1002,2,2,2,0,1,736,1,0,70,0,0,0
24,8,1002,2,2,0,2,0,736,1,61,0,0,0,0
8,25,1000,0,0,0,0,1,999,1,0,63,12,35,0
25,8,1000,0,0,0,0,0,999,1,63,0,35,12,0
8,25,1001,1,1,1,0,1,862,1,0,100,43,89,0
25,8,1001,1,1,0,1,0,697,1,121,0,16,0,0
8,25,1002,2,2,2,0,1,792,1,0,103,22,35,0
25,8,1002,2,2,0,2,0,685,1,112,0,0,15,0
8,26,1000,0,0,0,0,1,1609,1,0,6,22,0,0
26,8,1000,0,0,0,0,0,1609,1,6,0,0,22,0
8,26,1001,1,1,1,0,1,1029,1,0,48,8,0,0
26,8,1001,1,1,0,1,0,743,1,78,0,5,34,0
8,26,1002,2,2,2,0,0,1293,1,6,0,34,15,0
26,8,1002,2,2,0,2,1,1189,1,0,29,14,68,0
8,27,1000,0,0,0,0,0,1193,1,51,0,162,137,0
27,8,1000,0,0,0,0,1,1193,1,0,51,137,162,0
8,27,1001,1,1,1,0,0,1405,1,34,0,10,52,0
27,8,1001,1,1,0,1,1,1357,1,0,43,23,70,0
8,27,1002,2,2,2,0,0,1204,1,16,0,145,97,0
27,8,1002,2,2,0,2,1,959,1,0,54,122,202,0
8,28,1000,0,0,0,0,1,861,1,0,8,51,42,0
28,8,1000,0,0,0,0,0,861,1,8,0,42,51,0
8,28,1001,1,1,1,0,1,791,1,0,41,25,76,0
28,8,1001,1,1,0,1,0,840,1,50,0,84,70,0
8,28,1002,2,2,2,0,1,709,1,0,59,17,6,0
28,8,1002,2,2,0,2,0,795,1,29,0,0,43,0
8,29,1000,0,0,0,0,1,931,1,0,118,32,33,0
29,8,1000,0,0,0,0,0,931,1,118,0,33,32,0
8,29,1001,1,1,1,0,1,921,1,0,112,0,13,0
29,8,1001,1,1,0,1,0,921,1,121,0,13,0,0
8,29,1002,2,2,2,0,1,1600,1,0,55,95,97,0
29,8,1002,2,2,0,2,0,1840,1,53,0,17,61,0
8,30,1000,0,0,0,0,1,1477,1,0,18,13,28,0
30,8,1000,0,0,0,0,0,1477,1,18,0,28,13,0
8,30,1001,1,1,1,0,1,1123,1,0,42,29,4,0
30,8,1001,1,1,0,1,0,925,1,52,0,9,29,0
8,30,1002,2,2,2,0,1,1566,1,0,3,91,62,0
30,8,1002,2,2,0,2,1,1874,1,0,4,152,201,0
8,31,1000,0,0,0,0,1,1238,1,0,107,21,90,0
31,8,1000,0,0,0,0,0,1238,1,107,0,90,21,0
8,31,1001,1,1,1,0,1,1274,1,0,101,4,0,0
31,8,1001,1,1,0,1,0,1274,1,92,0,0,4,0
8,31,1002,2,2,2,0,1,1726,1,0,97,32,29,0
31,8,1002,2,2,0,2,0,1924,1,90,0,4,4,0
8,32,1000,0,0,0,0,1,905,1,0,51,85,45,0
32,8,1000,0,0,0,0,0,905,1,51,0,45,85,0
8,32,1001,1,1,1,0,1,730,1,0,69,12,15,0
32,8,1001,1,1,0,1,0,666,1,75,0,72,85,0
8,32,1002,2,2,2,0,1,823,1,0,66,58,0,0
32,8,1002,2,2,0,2,0,1097,1,24,0,34,36,0
8,33,1000,0,0,0,0,0,1146,1,88,0,0,6,0
33,8,1000,0,0,0,0,1,1146,1,0,88,6,0,0
8,33,1001,1,1,1,0,0,1414,1,89,0,59,16,0
33,8,1001,1,1,0,1,1,1387,1,0,61,2,25,0
8,33,1002,2,2,2,0,1,498,1,0,62,0,0,0
33,8,1002,2,2,0,2,0,576,1,71,0,0,0,0
8,34,1000,0,0,0,0,1,946,1,0,11,0,0,0
34,8,1000,0,0,0,0,0,946,1,11,0,0,0,0
8,34,1001,1,1,1,0,1,1042,1,0,24,0,0,0
34,8,1001,1,1,0,1,0,893,1,53,0,0,8,0
8,34,1002,2,2,2,0,0,719,1,6,0,0,0,0
34,8,1002,2,2,0,2,0,730,1,15,0,0,0,0
8,35,1000,0,0,0,0,1,2256,1,0,53,315,8,0
35,8,1000,0,0,0,0,0,2256,1,53,0,8,315,0
8,35,1001,1,1,1,0,1,1606,1,0,81,0,4,0
35,8,1001,1,1,0,1,0,1563,1,91,0,1,4,0
8,35,1002,2,2,2,0,1,1821,1,0,101,208,206,0
35,8,1002,2,2,0,2,0,1802,1,79,0,26,115,0
8,36,1000,0,0,0,0,1,667,1,0,77,72,111,0
36,8,1000,0,0,0,0,0,667,1,77,0,111,72,0
8,36,1001,1,1,1,0,1,519,1,0,68,3,0,0
36,8,1001,1,1,0,1,0,519,1,59,0,0,3,0
8,36,1002,2,2,2,0,1,1114,1,0,98,146,164,0
36,8,1002,2,2,0,2,0,1403,1,73,0,211,180,0
8,37,1000,0,0,0,0,0,1606,1,81,0,77,23,0
37,8,1000,0,0,0,0,1,1606,1,0,81,23,77,0
8,37,1001,1,1,1,0,0,1621,1,22,0,25,13,0
37,8,1001,1,1,0,1,1,865,1,0,20,23,28,0
8,37,1002,2,2,2,0,0,941,1,98,0,96,93,0
37,8,1002,2,2,0,2,1,1024,1,0,99,9,47,0
8,38,1000,0,0,0,0,0,580,1,26,0,7,0,0
38,8,1000,0,0,0,0,1,580,1,0,26,0,7,0
8,38,1001,1,1,1,0,1,968,1,0,39,0,0,0
38,8,1001,1,1,0,1,0,428,1,63,0,0,0,0
8,38,1002,2,2,2,0,1,640,1,0,54,13,0,0
38,8,1002,2,2,0,2,0,640,1,51,0,0,1,0
8,39,1000,0,0,0,0,1,981,1,0,117,0,8,0
39,8,1000,0,0,0,0,0,981,1,117,0,8,0,0
8,39,1001,1,1,1,0,1,1529,1,0,121,18,0,0
39,8,1001,1,1,0,1,0,1529,1,123,0,0,18,0
8,39,1002,2,2,2,0,1,1565,1,0,111,9,56,0
39,8,1002,2,2,0,2,0,1677,1,100,0,7,8,0
9,10,1000,0,0,0,0,0,1066,1,23,0,106,106,0
10,9,1000,0,0,0,0,1,1066,1,0,23,106,106,0
9,10,1001,1,1,1,0,1,1257,1,0,18,90,17,0
10,9,1001,1,1,0,1,0,1045,1,3,0,0,0,0
9,10,1002,2,2,2,0,0,1225,1,72,0,0,33,0
10,9,1002,2,2,0,2,1,1183,1,0,34,65,26,0
9,11,1000,0,0,0,0,1,1076,1,0,104,20,31,0
11,9,1000,0,0,0,0,0,1076,1,104,0,31,20,0
9,11,1001,1,1,1,0,1,1161,1,0,94,5,0,0
11,9,1001,1,1,0,1,0,1161,1,94,0,0,5,0
9,11,1002,2,2,2,0,1,2005,1,0,53,36,74,0
11,9,1002,2,2,0,2,0,2005,1,53,0,74,36,0
9,12,1000,0,0,0,0,1,579,1,0,51,0,8,0
12,9,1000,0,0,0,0,0,579,1,51,0,8,0,0
9,12,1001,1,1,1,0,1,670,1,0,62,27,14,0
12,9,1001,1,1,0,1,0,670,1,62,0,14,27,0
9,12,1002,2,2,2,0,1,1573,1,0,45,13,6,0
12,9,1002,2,2,0,2,0,1573,1,45,0,6,13,0
9,13,1000,0,0,0,0,1,426,1,0,38,9,0,0
13,9,1000,0,0,0,0,0,426,1,38,0,0,9,0
9,13,1001,1,1,1,0,1,321,1,0,50,17,8,0
13,9,1001,1,1,0,1,0,653,1,35,0,12,5,0
9,13,1002,2,2,2,0,1,254,1,0,68,15,0,0
13,9,1002,2,2,0,2,0,255,1,68,0,0,15,0
9,14,1000,0,0,0,0,1,1277,1,0,33,0,0,0
14,9,1000,0,0,0,0,0,1277,1,33,0,0,0,0
9,14,1001,1,1,1,0,0,916,1,56,0,0,0,0
14,9,1001,1,1,0,1,1,916,1,0,56,0,0,0
9,14,1002,2,2,2,0,1,1440,1,0,20,0,0,0
14,9,1002,2,2,0,2,0,1440,1,20,0,0,0,0
9,15,1000,0,0,0,0,1,863,1,0,135,22,235,0
15,9,1000,0,0,0,0,0,863,1,135,0,235,22,0
9,15,1001,1,1,1,0,1,561,1,0,102,0,30,0
15,9,1001,1,1,0,1,0,560,1,102,0,30,0,0
9,15,1002,2,2,2,0,1,2228,1,0,73,87,159,0
15,9,1002,2,2,0,2,0,2293,1,77,0,116,109,0
9,16,1000,0,0,0,0,1,600,1,0,53,4,0,0
16,9,1000,0,0,0,0,0,600,1,53,0,0,4,0
9,16,1001,1,1,1,0,0,631,1,13,0,22,29,0
16,9,1001,1,1,0,1,1,631,1,0,13,29,22,0
9,16,1002,2,2,2,0,0,1042,1,62,0,33,6,0
16,9,1002,2,2,0,2,0,1520,1,35,0,28,10,0
9,17,1000,0,0,0,0,1,433,1,0,114,0,0,0
17,9,1000,0,0,0,0,0,433,1,114,0,0,0,0
9,17,1001,1,1,1,0,1,373,1,0,62,0,0,0
17,9,1001,1,1,0,1,0,373,1,62,0,0,0,0
9,17,1002,2,2,2,0,0,907,1,30,0,0,0,0
17,9,1002,2,2,0,2,1,907,1,0,30,0,0,0
9,18,1000,0,0,0,0,0,1057,1,6,0,39,39,0
18,9,1000,0,0,0,0,1,1057,1,0,6,39,39,0
9,18,1001,1,1,1,0,1,808,1,0,42,18,0,0
18,9,1001,1,1,0,1,0,868,1,15,0,0,18,0
9,18,1002,2,2,2,0,1,1585,1,0,99,54,68,0
18,9,1002,2,2,0,2,0,1555,1,111,0,67,66,0
9,19,1000,0,0,0,0,1,841,1,0,2,55,75,0
19,9,1000,0,0,0,0,0,841,1,2,0,75,55,0
9,19,1001,1,1,1,0,1,1212,1,0,42,16,35,0
19,9,1001,1,1,0,1,0,774,1,104,0,21,14,0
9,19,1002,2,2,2,0,1,1447,1,0,95,46,93,0
19,9,1002,2,2,0,2,0,1510,1,92,0,100,52,0
9,20,1000,0,0,0,0,1,444,1,0,103,4,37,0
20,9,1000,0,0,0,0,0,444,1,103,0,37,4,0
9,20,1001,1,1,1,0,1,504,1,0,100,0,36,0
20,9,1001,1,1,0,1,0,720,1,103,0,10,2,0
9,20,1002,2,2,2,0,1,913,1,0,67,124,153,0
20,9,1002,2,2,0,2,0,902,1,82,0,57,14,0
9,21,1000,0,0,0,0,1,1083,1,0,60,8,8,0
21,9,1000,0,0,0,0,0,1083,1,60,0,8,8,0
9,21,1001,1,1,1,0,1,445,1,0,75,0,0,0
21,9,1001,1,1,0,1,0,840,1,50,0,2,13,0
9,21,1002,2,2,2,0,0,1828,1,25,0,68,18,0
21,9,1002,2,2,0,2,0,1761,1,27,0,18,32,0
9,22,1000,0,0,0,0,1,1001,1,0,64,0,0,0
22,9,1000,0,0,0,0,0,1001,1,64,0,0,0,0
9,22,1001,1,1,1,0,1,610,1,0,101,14,24,0
22,9,1001,1,1,0,1,0,390,1,119,0,6,14,0
9,22,1002,2,2,2,0,1,2028,1,0,25,0,1,0
22,9,1002,2,2,0,2,1,2092,1,0,87,1,8,0
9,23,1000,0,0,0,0,1,667,1,0,99,0,5,0
23,9,1000,0,0,0,0,0,667,1,99,0,5,0,0
9,23,1001,1,1,1,0,1,756,1,0,94,0,0,0
23,9,1001,1,1,0,1,0,574,1,106,0,0,0,0
9,23,1002,2,2,2,0,0,1243,1,99,0,20,6,0
23,9,1002,2,2,0,2,1,1075,1,0,83,6,57,0
9,24,1000,0,0,0,0,1,1055,1,0,48,0,26,0
24,9,1000,0,0,0,0,0,1055,1,48,0,26,0,0
9,24,1001,1,1,1,0,1,748,1,0,103,26,41,0
24,9,1001,1,1,0,1,0,748,1,103,0,41,26,0
9,24,1002,2,2,2,0,1,641,1,0,72,0,0,0
24,9,1002,2,2,0,2,0,641,1,72,0,0,0,0
9,25,1000,0,0,0,0,1,927,1,0,97,0,13,0
25,9,1000,0,0,0,0,0,927,1,97,0,13,0,0
9,25,1001,1,1,1,0,1,976,1,0,112,0,13,0
25,9,1001,1,1,0,1,0,991,1,97,0,13,0,0
9,25,1002,2,2,2,0,1,835,1,0,82,0,9,0
25,9,1002,2,2,0,2,0,1350,1,10,0,9,0,0
9,26,1000,0,0,0,0,1,587,1,0,65,17,0,0
26,9,1000,0,0,0,0,0,587,1,65,0,0,17,0
9,26,1001,1,1,1,0,1,486,1,0,75,0,0,0
26,9,1001,1,1,0,1,0,480,1,59,0,0,0,0
9,26,1002,2,2,2,0,1,1627,1,0,56,51,5,0
26,9,1002,2,2,0,2,1,1059,1,0,16,0,0,0
9,27,1000,0,0,0,0,1,901,1,0,32,30,23,0
27,9,1000,0,0,0,0,0,901,1,32,0,23,30,0
9,27,1001,1,1,1,0,1,1063,1,0,35,16,0,0
27,9,1001,1,1,0,1,0,710,1,32,0,0,17,0
9,27,1002,2,2,2,0,-1,1444,1,0,0,25,0,0
27,9,1002,2,2,0,2,0,1240,1,23,0,78,45,0
9,28,1000,0,0,0,0,1,570,1,0,68,103,20,0
28,9,1000,0,0,0,0,0,570,1,68,0,20,103,0
9,28,1001,1,1,1,0,1,471,1,0,38,16,36,0
28,9,1001,1,1,0,1,1,565,1,0,40,36,35,0
9,28,1002,2,2,2,0,1,501,1,0,80,10,42,0
28,9,1002,2,2,0,2,0,570,1,65,0,42,10,0
9,29,1000,0,0,0,0,1,1196,1,0,88,24,0,0
29,9,1000,0,0,0,0,0,1196,1,88,0,0,24,0
9,29,1001,1,1,1,0,1,499,1,0,59,0,52,0
29,9,1001,1,1,0,1,0,499,1,59,0,52,0,0
9,29,1002,2,2,2,0,1,1813,1,0,36,9,39,0
29,9,1002,2,2,0,2,0,1765,1,36,0,39,9,0
9,30,1000,0,0,0,0,1,364,1,0,57,5,0,0
30,9,1000,0,0,0,0,0,364,1,57,0,0,5,0
9,30,1001,1,1,1,0,0,790,1,28,0,6,9,0
30,9,1001,1,1,0,1,0,720,1,30,0,9,6,0
9,30,1002,2,2,2,0,0,2029,1,11,0,16,0,0
30,9,1002,2,2,0,2,0,1000,1,102,0,0,8,0
9,31,1000,0,0,0,0,1,1405,1,0,139,18,46,0
31,9,1000,0,0,0,0,0,1405,1,139,0,46,18,0
9,31,1001,1,1,1,0,1,860,1,0,20,0,0,0
31,9,1001,1,1,0,1,0,934,1,62,0,0,15,0
9,31,1002,2,2,2,0,1,1624,1,0,112,23,0,0
31,9,1002,2,2,0,2,0,1623,1,105,0,0,0,0
9,32,1000,0,0,0,0,0,454,1,8,0,6,0,0
32,9,1000,0,0,0,0,1,454,1,0,8,0,6,0
9,32,1001,1,1,1,0,0,673,1,8,0,6,0,0
32,9,1001,1,1,0,1,1,673,1,0,8,0,6,0
9,32,1002,2,2,2,0,1,448,1,0,39,12,13,0
32,9,1002,2,2,0,2,0,396,1,42,0,13,12,0
9,33,1000,0,0,0,0,1,1082,1,0,41,31,46,0
33,9,1000,0,0,0,0,0,1082,1,41,0,46,31,0
9,33,1001,1,1,1,0,0,937,1,54,0,14,10,0
33,9,1001,1,1,0,1,1,979,1,0,34,10,14,0
9,33,1002,2,2,2,0,0,805,1,49,0,45,26,0
33,9,1002,2,2,0,2,1,805,1,0,39,26,45,0
9,34,1000,0,0,0,0,1,911,1,0,54,0,16,0
34,9,1000,0,0,0,0,0,911,1,54,0,16,0,0
9,34,1001,1,1,1,0,1,514,1,0,108,0,0,0
34,9,1001,1,1,0,1,0,1074,1,69,0,0,0,0
9,34,1002,2,2,2,0,1,874,1,0,21,0,0,0
34,9,1002,2,2,0,2,1,901,1,0,7,0,0,0
9,35,1000,0,0,0,0,1,1181,1,0,111,7,0,0
35,9,1000,0,0,0,0,0,1181,1,111,0,0,7,0
9,35,1001,1,1,1,0,1,633,1,0,73,0,19,0
35,9,1001,1,1,0,1,0,915,1,90,0,4,5,0
9,35,1002,2,2,2,0,1,2001,1,0,56,94,54,0
35,9,1002,2,2,0,2,0,1744,1,66,0,29,2,0
9,36,1000,0,0,0,0,1,411,1,0,95,5,27,0
36,9,1000,0,0,0,0,0,411,1,95,0,27,5,0
9,36,1001,1,1,1,0,1,346,1,0,83,0,0,0
36,9,1001,1,1,0,1,0,346,1,83,0,0,0,0
9,36,1002,2,2,2,0,1,892,1,0,107,12,15,0
36,9,1002,2,2,0,2,0,867,1,110,0,15,12,0
9,37,1000,0,0,0,0,1,1617,1,0,17,22,0,0
37,9,1000,0,0,0,0,0,1617,1,17,0,0,22,0
9,37,1001,1,1,1,0,1,784,1,0,41,0,0,0
37,9,1001,1,1,0,1,0,985,1,53,0,17,11,0
9,37,1002,2,2,2,0,1,1590,1,0,41,121,43,0
37,9,1002,2,2,0,2,1,1168,1,0,89,9,18,0
9,38,1000,0,0,0,0,0,541,1,63,0,13,9,0
38,9,1000,0,0,0,0,1,541,1,0,63,9,13,0
9,38,1001,1,1,1,0,0,887,1,9,0,79,40,0
38,9,1001,1,1,0,1,0,796,1,18,0,33,79,0
9,38,1002,2,2,2,0,0,664,1,46,0,17,0,0
38,9,1002,2,2,0,2,1,664,1,0,46,0,17,0
9,39,1000,0,0,0,0,1,377,1,0,97,0,23,0
39,9,1000,0,0,0,0,0,377,1,97,0,23,0,0
9,39,1001,1,1,1,0,1,828,1,0,118,25,0,0
39,9,1001,1,1,0,1,0,828,1,118,0,0,25,0
9,39,1002,2,2,2,0,1,1469,1,0,115,0,0,0
39,9,1002,2,2,0,2,0,1469,1,115,0,0,0,0
10,11,1000,0,0,0,0,1,565,1,0,112,32,112,0
11,10,1000,0,0,0,0,0,565,1,112,0,112,32,0
10,11,1001,1,1,1,0,1,1510,1,0,103,101,46,0
11,10,1001,1,1,0,1,0,841,1,123,0,25,41,0
10,11,1002,2,2,2,0,1,631,1,0,87,0,3,0
11,10,1002,2,2,0,2,0,559,1,62,0,3,0,0
10,12,1000,0,0,0,0,0,1756,1,52,0,9,39,0
12,10,1000,0,0,0,0,1,1756,1,0,52,39,9,0
10,12,1001,1,1,1,0,1,1573,1,0,46,2,23,0
12,10,1001,1,1,0,1,1,1551,1,0,8,6,0,0
10,12,1002,2,2,2,0,0,1174,1,83,0,22,56,0
12,10,1002,2,2,0,2,1,1519,1,0,108,64,34,0
10,13,1000,0,0,0,0,0,446,1,39,0,15,0,0
13,10,1000,0,0,0,0,1,446,1,0,39,0,15,0
10,13,1001,1,1,1,0,1,288,1,0,39,6,0,0
13,10,1001,1,1,0,1,0,546,1,74,0,0,19,0
10,13,1002,2,2,2,0,1,967,1,0,52,42,58,0
13,10,1002,2,2,0,2,0,834,1,26,0,74,17,0
10,14,1000,0,0,0,0,1,1181,1,0,36,4,87,0
14,10,1000,0,0,0,0,0,1181,1,36,0,87,4,0
10,14,1001,1,1,1,0,1,950,1,0,20,18,36,0
14,10,1001,1,1,0,1,1,1414,1,0,40,5,18,0
10,14,1002,2,2,2,0,1,1907,1,0,35,26,0,0
14,10,1002,2,2,0,2,1,1968,1,0,23,0,33,0
10,15,1000,0,0,0,0,1,1009,1,0,115,6,25,0
15,10,1000,0,0,0,0,0,1009,1,115,0,25,6,0
10,15,1001,1,1,1,0,1,2268,1,0,145,15,179,0
15,10,1001,1,1,0,1,0,1540,1,98,0,42,5,0
10,15,1002,2,2,2,0,1,1528,1,0,56,103,153,0
15,10,1002,2,2,0,2,0,1621,1,106,0,102,26,0
10,16,1000,0,0,0,0,0,1058,1,54,0,23,0,0
16,10,1000,0,0,0,0,1,1058,1,0,54,0,23,0
10,16,1001,1,1,1,0,1,1046,1,0,19,62,27,0
16,10,1001,1,1,0,1,1,775,1,0,56,10,41,0
10,16,1002,2,2,2,0,0,917,1,3,0,149,88,0
16,10,1002,2,2,0,2,1,1205,1,0,55,66,118,0
10,17,1000,0,0,0,0,1,1526,1,0,26,14,0,0
17,10,1000,0,0,0,0,0,1526,1,26,0,0,14,0
10,17,1001,1,1,1,0,0,844,1,12,0,41,0,0
17,10,1001,1,1,0,1,1,846,1,0,43,5,0,0
10,17,1002,2,2,2,0,0,1654,1,73,0,86,25,0
17,10,1002,2,2,0,2,0,1701,1,22,0,16,86,0
10,18,1000,0,0,0,0,0,881,1,6,0,7,0,0
18,10,1000,0,0,0,0,1,881,1,0,6,0,7,0
10,18,1001,1,1,1,0,1,1423,1,0,19,21,36,0
18,10,1001,1,1,0,1,1,1304,1,0,50,8,24,0
10,18,1002,2,2,2,0,0,431,1,30,0,0,19,0
18,10,1002,2,2,0,2,1,554,1,0,40,43,19,0
10,19,1000,0,0,0,0,1,964,1,0,11,45,0,0
19,10,1000,0,0,0,0,0,964,1,11,0,0,45,0
10,19,1001,1,1,1,0,1,1147,1,0,100,141,80,0
19,10,1001,1,1,0,1,0,1192,1,39,0,16,16,0
10,19,1002,2,2,2,0,1,787,1,0,43,2,61,0
19,10,1002,2,2,0,2,0,673,1,36,0,117,101,0
10,20,1000,0,0,0,0,1,913,1,0,105,27,181,0
20,10,1000,0,0,0,0,0,913,1,105,0,181,27,0
10,20,1001,1,1,1,0,1,848,1,0,74,0,48,0
20,10,1001,1,1,0,1,0,757,1,101,0,33,64,0
10,20,1002,2,2,2,0,0,1679,1,8,0,166,222,0
20,10,1002,2,2,0,2,1,1236,1,0,22,119,27,0
10,21,1000,0,0,0,0,1,1052,1,0,2,14,21,0
21,10,1000,0,0,0,0,0,1052,1,2,0,21,14,0
10,21,1001,1,1,1,0,0,1451,1,66,0,26,15,0
21,10,1001,1,1,0,1,0,1387,1,58,0,30,5,0
10,21,1002,2,2,2,0,0,1186,1,10,0,0,4,0
21,10,1002,2,2,0,2,1,868,1,0,24,4,0,0
10,22,1000,0,0,0,0,0,1716,1,30,0,198,21,0
22,10,1000,0,0,0,0,1,1716,1,0,30,21,198,0
10,22,1001,1,1,1,0,1,2253,1,0,1,25,83,0
22,10,1001,1,1,0,1,1,1892,1,0,40,70,25,0
10,22,1002,2,2,2,0,0,1108,1,52,0,51,67,0
22,10,1002,2,2,0,2,1,1218,1,0,18,67,51,0
10,23,1000,0,0,0,0,0,732,1,52,0,0,2,0
23,10,1000,0,0,0,0,1,732,1,0,52,2,0,0
10,23,1001,1,1,1,0,1,795,1,0,34,3,17,0
23,10,1001,1,1,0,1,0,843,1,60,0,17,3,0
10,23,1002,2,2,2,0,0,1006,1,82,0,0,2,0
23,10,1002,2,2,0,2,1,1143,1,0,43,2,4,0
10,24,1000,0,0,0,0,1,1309,1,0,72,88,119,0
24,10,1000,0,0,0,0,0,1309,1,72,0,119,88,0
10,24,1001,1,1,1,0,1,1387,1,0,71,0,12,0
24,10,1001,1,1,0,1,0,1138,1,38,0,28,0,0
10,24,1002,2,2,2,0,1,594,1,0,95,0,23,0
24,10,1002,2,2,0,2,0,594,1,95,0,23,0,0
10,25,1000,0,0,0,0,1,1039,1,0,56,16,12,0
25,10,1000,0,0,0,0,0,1039,1,56,0,12,16,0
10,25,1001,1,1,1,0,1,399,1,0,114,0,1,0
25,10,1001,1,1,0,1,0,1123,1,39,0,36,1,0
10,25,1002,2,2,2,0,1,655,1,0,8,16,14,0
25,10,1002,2,2,0,2,1,1207,1,0,12,84,35,0
10,26,1000,0,0,0,0,1,925,1,0,5,0,7,0
26,10,1000,0,0,0,0,1,759,1,0,70,7,22,0
10,26,1001,1,1,1,0,1,503,1,0,52,20,23,0
26,10,1001,1,1,0,1,0,470,1,48,0,14,50,0
10,26,1002,2,2,2,0,0,925,1,17,0,11,0,0
26,10,1002,2,2,0,2,1,856,1,0,64,0,0,0
10,27,1000,0,0,0,0,1,1090,1,0,16,15,0,0
27,10,1000,0,0,0,0,0,1090,1,16,0,0,15,0
10,27,1001,1,1,1,0,1,940,1,0,78,111,105,0
27,10,1001,1,1,0,1,0,1240,1,5,0,98,46,0
10,27,1002,2,2,2,0,0,734,1,29,0,44,61,0
27,10,1002,2,2,0,2,0,901,1,3,0,175,156,0
10,28,1000,0,0,0,0,1,673,1,0,71,37,0,0
28,10,1000,0,0,0,0,0,673,1,71,0,0,37,0
10,28,1001,1,1,1,0,1,402,1,0,57,0,0,0
28,10,1001,1,1,0,1,1,284,1,0,49,0,0,0
10,28,1002,2,2,2,0,0,1312,1,27,0,127,95,0
28,10,1002,2,2,0,2,0,467,1,57,0,55,18,0
10,29,1000,0,0,0,0,1,460,1,0,113,27,81,0
29,10,1000,0,0,0,0,0,460,1,113,0,81,27,0
10,29,1001,1,1,1,0,1,1266,1,0,83,16,60,0
29,10,1001,1,1,0,1,0,1266,1,70,0,60,16,0
10,29,1002,2,2,2,0,1,826,1,0,66,7,38,0
29,10,1002,2,2,0,2,0,469,1,96,0,38,6,0
10,30,1000,0,0,0,0,0,992,1,32,0,12,0,0
30,10,1000,0,0,0,0,1,992,1,0,32,0,12,0
10,30,1001,1,1,1,0,0,814,1,86,0,40,44,0
30,10,1001,1,1,0,1,1,869,1,0,75,55,90,0
10,30,1002,2,2,2,0,1,550,1,0,50,46,45,0
30,10,1002,2,2,0,2,0,457,1,41,0,26,37,0
10,31,1000,0,0,0,0,1,1531,1,0,34,56,100,0
31,10,1000,0,0,0,0,0,1531,1,34,0,100,56,0
10,31,1001,1,1,1,0,1,1641,1,0,75,37,10,0
31,10,1001,1,1,0,1,0,1168,1,101,0,10,40,0
10,31,1002,2,2,2,0,0,1006,1,39,0,7,59,0
31,10,1002,2,2,0,2,0,1486,1,27,0,181,48,0
10,32,1000,0,0,0,0,1,598,1,0,79,141,83,0
32,10,1000,0,0,0,0,0,598,1,79,0,83,141,0
10,32,1001,1,1,1,0,1,349,1,0,91,8,0,0
32,10,1001,1,1,0,1,0,703,1,66,0,0,8,0
10,32,1002,2,2,2,0,1,584,1,0,56,20,21,0
32,10,1002,2,2,0,2,0,919,1,65,0,4,51,0
10,33,1000,0,0,0,0,0,428,1,48,0,0,30,0
33,10,1000,0,0,0,0,1,428,1,0,48,30,0,0
10,33,1001,1,1,1,0,0,682,1,88,0,0,2,0
33,10,1001,1,1,0,1,1,913,1,0,73,2,0,0
10,33,1002,2,2,2,0,0,547,1,33,0,0,8,0
33,10,1002,2,2,0,2,1,830,1,0,38,8,8,0
10,34,1000,0,0,0,0,0,910,1,55,0,16,30,0
34,10,1000,0,0,0,0,1,910,1,0,55,30,16,0
10,34,1001,1,1,1,0,1,630,1,0,66,0,4,0
34,10,1001,1,1,0,1,1,1250,1,0,17,31,13,0
10,34,1002,2,2,2,0,0,788,1,16,0,0,52,0
34,10,1002,2,2,0,2,0,692,1,58,0,15,29,0
10,35,1000,0,0,0,0,1,1483,1,0,53,25,40,0
35,10,1000,0,0,0,0,0,1483,1,53,0,40,25,0
10,35,1001,1,1,1,0,1,1467,1,0,74,130,119,0
35,10,1001,1,1,0,1,0,1585,1,95,0,94,119,0
10,35,1002,2,2,2,0,1,850,1,0,83,0,7,0
35,10,1002,2,2,0,2,0,1163,1,108,0,40,21,0
10,36,1000,0,0,0,0,1,478,1,0,73,11,0,0
36,10,1000,0,0,0,0,0,478,1,73,0,0,11,0
10,36,1001,1,1,1,0,1,1141,1,0,91,64,81,0
36,10,1001,1,1,0,1,0,1147,1,17,0,54,97,0
10,36,1002,2,2,2,0,1,535,1,0,31,41,34,0
36,10,1002,2,2,0,2,0,463,1,13,0,120,64,0
10,37,1000,0,0,0,0,0,1084,1,54,0,67,62,0
37,10,1000,0,0,0,0,1,1084,1,0,54,62,67,0
10,37,1001,1,1,1,0,0,1216,1,10,0,29,0,0
37,10,1001,1,1,0,1,1,1066,1,0,30,84,105,0
10,37,1002,2,2,2,0,0,588,1,22,0,0,24,0
37,10,1002,2,2,0,2,0,733,1,29,0,0,0,0
10,38,1000,0,0,0,0,0,298,1,10,0,12,0,0
38,10,1000,0,0,0,0,1,298,1,0,10,0,12,0
10,38,1001,1,1,1,0,0,902,1,8,0,1,55,0
38,10,1001,1,1,0,1,0,367,1,49,0,0,6,0
10,38,1002,2,2,2,0,1,631,1,0,18,0,0,0
38,10,1002,2,2,0,2,0,534,1,53,0,19,0,0
10,39,1000,0,0,0,0,1,670,1,0,120,39,88,0
39,10,1000,0,0,0,0,0,670,1,120,0,88,39,0
10,39,1001,1,1,1,0,1,1411,1,0,109,2,9,0
39,10,1001,1,1,0,1,0,1513,1,104,0,9,2,0
10,39,1002,2,2,2,0,1,832,1,0,69,13,4,0
39,10,1002,2,2,0,2,0,937,1,119,0,133,39,0
11,12,1000,0,0,0,0,0,1395,1,13,0,45,11,0
12,11,1000,0,0,0,0,1,1395,1,0,13,11,45,0
11,12,1001,1,1,1,0,1,867,1,0,72,23,2,0
12,11,1001,1,1,0,1,0,867,1,72,0,2,23,0
11,12,1002,2,2,2,0,1,1164,1,0,27,44,16,0
12,11,1002,2,2,0,2,0,1164,1,27,0,16,44,0
11,13,1000,0,0,0,0,1,418,1,0,9,5,0,0
13,11,1000,0,0,0,0,0,418,1,9,0,0,5,0
11,13,1001,1,1,1,0,0,904,1,45,0,5,32,0
13,11,1001,1,1,0,1,1,507,1,0,27,0,0,0
11,13,1002,2,2,2,0,0,496,1,5,0,5,0,0
13,11,1002,2,2,0,2,1,496,1,0,5,0,5,0
11,14,1000,0,0,0,0,0,2380,1,44,0,1,0,0
14,11,1000,0,0,0,0,1,2380,1,0,44,0,1,0
11,14,1001,1,1,1,0,0,1615,1,86,0,0,40,0
14,11,1001,1,1,0,1,1,1615,1,0,86,40,0,0
11,14,1002,2,2,2,0,0,2209,1,48,0,0,0,0
14,11,1002,2,2,0,2,1,2209,1,0,48,0,0,0
11,15,1000,0,0,0,0,0,2044,1,23,0,10,42,0
15,11,1000,0,0,0,0,1,2044,1,0,23,42,10,0
11,15,1001,1,1,1,0,1,2191,1,0,77,4,163,0
15,11,1001,1,1,0,1,0,2111,1,72,0,0,50,0
11,15,1002,2,2,2,0,1,2042,1,0,91,4,9,0
15,11,1002,2,2,0,2,1,1984,1,0,27,9,36,0
11,16,1000,0,0,0,0,0,721,1,87,0,0,0,0
16,11,1000,0,0,0,0,1,721,1,0,87,0,0,0
11,16,1001,1,1,1,0,0,784,1,91,0,0,0,0
16,11,1001,1,1,0,1,1,784,1,0,83,0,0,0
11,16,1002,2,2,2,0,0,1207,1,54,0,6,52,0
16,11,1002,2,2,0,2,1,1207,1,0,62,52,6,0
11,17,1000,0,0,0,0,1,472,1,0,106,0,0,0
17,11,1000,0,0,0,0,0,472,1,106,0,0,0,0
11,17,1001,1,1,1,0,1,601,1,0,48,0,6,0
17,11,1001,1,1,0,1,0,601,1,48,0,6,0,0
11,17,1002,2,2,2,0,1,802,1,0,61,0,0,0
17,11,1002,2,2,0,2,0,802,1,61,0,0,0,0
11,18,1000,0,0,0,0,1,629,1,0,41,0,0,0
18,11,1000,0,0,0,0,0,629,1,41,0,0,0,0
11,18,1001,1,1,1,0,0,1117,1,26,0,0,0,0
18,11,1001,1,1,0,1,1,1117,1,0,26,0,0,0
11,18,1002,2,2,2,0,0,2011,1,9,0,59,79,0
18,11,1002,2,2,0,2,0,1573,1,98,0,70,33,0
11,19,1000,0,0,0,0,1,1624,1,0,19,12,0,0
19,11,1000,0,0,0,0,0,1624,1,19,0,0,12,0
11,19,1001,1,1,1,0,1,909,1,0,38,12,0,0
19,11,1001,1,1,0,1,1,868,1,0,30,0,12,0
11,19,1002,2,2,2,0,1,1700,1,0,64,14,17,0
19,11,1002,2,2,0,2,0,1648,1,45,0,77,52,0
11,20,1000,0,0,0,0,1,1947,1,0,42,15,34,0
20,11,1000,0,0,0,0,0,1516,1,61,0,7,15,0
11,20,1001,1,1,1,0,1,895,1,0,99,42,15,0
20,11,1001,1,1,0,1,1,1954,1,0,10,34,25,0
11,20,1002,2,2,2,0,1,1552,1,0,99,115,162,0
20,11,1002,2,2,0,2,0,1934,1,54,0,148,128,0
11,21,1000,0,0,0,0,1,1529,1,0,20,0,13,0
21,11,1000,0,0,0,0,0,1529,1,20,0,13,0,0
11,21,1001,1,1,1,0,1,1107,1,0,33,14,0,0
21,11,1001,1,1,0,1,1,986,1,0,54,0,0,0
11,21,1002,2,2,2,0,0,1368,1,103,0,0,20,0
21,11,1002,2,2,0,2,1,1478,1,0,101,20,0,0
11,22,1000,0,0,0,0,0,2062,1,53,0,18,0,0
22,11,1000,0,0,0,0,1,2062,1,0,53,0,18,0
11,22,1001,1,1,1,0,0,1829,1,5,0,12,18,0
22,11,1001,1,1,0,1,1,1829,1,0,58,18,12,0
11,22,1002,2,2,2,0,0,1834,1,61,0,5,6,0
22,11,1002,2,2,0,2,1,1834,1,0,73,6,5,0
11,23,1000,0,0,0,0,0,791,1,37,0,0,0,0
23,11,1000,0,0,0,0,1,791,1,0,37,0,0,0
11,23,1001,1,1,1,0,1,992,1,0,45,3,0,0
23,11,1001,1,1,0,1,0,1168,1,20,0,0,3,0
11,23,1002,2,2,2,0,0,929,1,33,0,0,0,0
23,11,1002,2,2,0,2,1,607,1,0,121,0,37,0
11,24,1000,0,0,0,0,1,1588,1,0,12,0,18,0
24,11,1000,0,0,0,0,0,1588,1,12,0,18,0,0
11,24,1001,1,1,1,0,1,1267,1,0,62,0,10,0
24,11,1001,1,1,0,1,0,1267,1,62,0,10,0,0
11,24,1002,2,2,2,0,0,1720,1,9,0,0,7,0
24,11,1002,2,2,0,2,1,1720,1,0,9,7,0,0
11,25,1000,0,0,0,0,1,418,1,0,85,54,0,0
25,11,1000,0,0,0,0,0,418,1,85,0,0,54,0
11,25,1001,1,1,1,0,1,754,1,0,85,0,16,0
25,11,1001,1,1,0,1,0,1612,1,85,0,21,13,0
11,25,1002,2,2,2,0,1,1802,1,0,21,5,18,0
25,11,1002,2,2,0,2,1,1660,1,0,61,2,25,0
11,26,1000,0,0,0,0,1,1214,1,0,50,0,4,0
26,11,1000,0,0,0,0,0,1214,1,50,0,4,0,0
11,26,1001,1,1,1,0,1,982,1,0,25,0,0,0
26,11,1001,1,1,0,1,1,877,1,0,61,0,0,0
11,26,1002,2,2,2,0,1,1515,1,0,5,0,0,0
26,11,1002,2,2,0,2,0,1316,1,37,0,0,0,0
11,27,1000,0,0,0,0,0,901,1,93,0,67,7,0
27,11,1000,0,0,0,0,1,901,1,0,93,7,67,0
11,27,1001,1,1,1,0,0,748,1,79,0,11,0,0
27,11,1001,1,1,0,1,1,916,1,0,24,0,12,0
11,27,1002,2,2,2,0,0,1705,1,4,0,16,77,0
27,11,1002,2,2,0,2,1,1174,1,0,59,0,13,0
11,28,1000,0,0,0,0,1,722,1,0,14,8,0,0
28,11,1000,0,0,0,0,0,722,1,14,0,0,8,0
11,28,1001,1,1,1,0,0,703,1,29,0,9,0,0
28,11,1001,1,1,0,1,1,703,1,0,52,0,9,0
11,28,1002,2,2,2,0,1,585,1,0,46,20,0,0
28,11,1002,2,2,0,2,0,550,1,65,0,0,20,0
11,29,1000,0,0,0,0,1,1525,1,0,72,7,10,0
29,11,1000,0,0,0,0,0,1525,1,72,0,10,7,0
11,29,1001,1,1,1,0,1,949,1,0,98,0,0,0
29,11,1001,1,1,0,1,0,949,1,98,0,0,0,0
11,29,1002,2,2,2,0,1,1764,1,0,52,21,23,0
29,11,1002,2,2,0,2,0,1696,1,52,0,23,21,0
11,30,1000,0,0,0,0,0,1267,1,50,0,0,0,0
30,11,1000,0,0,0,0,1,1267,1,0,50,0,0,0
11,30,1001,1,1,1,0,1,1058,1,0,12,6,0,0
30,11,1001,1,1,0,1,1,1123,1,0,14,0,6,0
11,30,1002,2,2,2,0,1,1243,1,0,95,62,71,0
30,11,1002,2,2,0,2,0,1772,1,13,0,71,62,0
11,31,1000,0,0,0,0,1,1888,1,0,8,2,17,0
31,11,1000,0,0,0,0,0,1888,1,8,0,17,2,0
11,31,1001,1,1,1,0,1,1138,1,0,72,0,0,0
31,11,1001,1,1,0,1,0,1384,1,104,0,0,0,0
11,31,1002,2,2,2,0,1,1733,1,0,44,4,30,0
31,11,1002,2,2,0,2,0,1173,1,101,0,6,0,0
11,32,1000,0,0,0,0,0,619,1,70,0,0,60,0
32,11,1000,0,0,0,0,1,619,1,0,70,60,0,0
11,32,1001,1,1,1,0,0,532,1,16,0,0,0,0
32,11,1001,1,1,0,1,1,532,1,0,16,0,0,0
11,32,1002,2,2,2,0,1,742,1,0,32,0,0,0
32,11,1002,2,2,0,2,0,799,1,13,0,0,0,0
11,33,1000,0,0,0,0,0,904,1,112,0,10,15,0
33,11,1000,0,0,0,0,1,904,1,0,112,15,10,0
11,33,1001,1,1,1,0,0,1510,1,82,0,0,8,0
33,11,1001,1,1,0,1,1,1646,1,0,90,48,0,0
11,33,1002,2,2,2,0,0,697,1,123,0,0,6,0
33,11,1002,2,2,0,2,1,697,1,0,123,6,0,0
11,34,1000,0,0,0,0,0,1540,1,3,0,17,16,0
34,11,1000,0,0,0,0,1,1540,1,0,3,16,17,0
11,34,1001,1,1,1,0,0,1152,1,4,0,0,5,0
34,11,1001,1,1,0,1,1,1152,1,0,10,5,0,0
11,34,1002,2,2,2,0,0,920,1,40,0,8,54,0
34,11,1002,2,2,0,2,1,920,1,0,26,54,8,0
11,35,1000,0,0,0,0,1,1641,1,0,89,31,5,0
35,11,1000,0,0,0,0,0,1641,1,89,0,5,31,0
11,35,1001,1,1,1,0,1,1169,1,0,25,15,0,0
35,11,1001,1,1,0,1,0,1306,1,35,0,0,15,0
11,35,1002,2,2,2,0,1,1785,1,0,69,36,30,0
35,11,1002,2,2,0,2,0,1984,1,48,0,19,36,0
11,36,1000,0,0,0,0,1,621,1,0,54,2,0,0
36,11,1000,0,0,0,0,0,621,1,54,0,0,2,0
11,36,1001,1,1,1,0,1,703,1,0,29,0,0,0
36,11,1001,1,1,0,1,0,778,1,29,0,0,0,0
11,36,1002,2,2,2,0,1,1414,1,0,116,31,37,0
36,11,1002,2,2,0,2,0,1362,1,116,0,46,50,0
11,37,1000,0,0,0,0,0,1293,1,118,0,14,0,0
37,11,1000,0,0,0,0,1,1293,1,0,118,0,14,0
11,37,1001,1,1,1,0,0,1062,1,55,0,0,0,0
37,11,1001,1,1,0,1,1,1092,1,0,64,0,0,0
11,37,1002,2,2,2,0,0,1630,1,120,0,24,31,0
37,11,1002,2,2,0,2,1,1615,1,0,121,43,3,0
11,38,1000,0,0,0,0,0,550,1,94,0,6,0,0
38,11,1000,0,0,0,0,1,550,1,0,94,0,6,0
11,38,1001,1,1,1,0,0,621,1,86,0,6,4,0
38,11,1001,1,1,0,1,1,667,1,0,60,4,10,0
11,38,1002,2,2,2,0,0,508,1,30,0,6,0,0
38,11,1002,2,2,0,2,1,553,1,0,84,0,18,0
11,39,1000,0,0,0,0,1,1690,1,0,61,19,12,0
39,11,1000,0,0,0,0,0,1690,1,61,0,12,19,0
11,39,1001,1,1,1,0,1,1015,1,0,89,5,0,0
39,11,1001,1,1,0,1,0,1015,1,89,0,0,5,0
11,39,1002,2,2,2,0,1,2038,1,0,12,0,11,0
39,11,1002,2,2,0,2,0,2038,1,12,0,11,0,0
12,13,1000,0,0,0,0,1,492,1,0,104,5,17,0
13,12,1000,0,0,0,0,0,492,1,104,0,17,5,0
12,13,1001,1,1,1,0,1,516,1,0,1,14,0,0
13,12,1001,1,1,0,1,0,476,1,4,0,0,5,0
12,13,1002,2,2,2,0,1,250,1,0,42,5,0,0
13,12,1002,2,2,0,2,0,219,1,73,0,0,5,0
12,14,1000,0,0,0,0,0,780,1,83,0,0,0,0
14,12,1000,0,0,0,0,1,780,1,0,83,0,0,0
12,14,1001,1,1,1,0,0,353,1,60,0,0,0,0
14,12,1001,1,1,0,1,1,353,1,0,60,0,0,0
12,14,1002,2,2,2,0,0,487,1,83,0,45,0,0
14,12,1002,2,2,0,2,1,487,1,0,83,0,45,0
12,15,1000,0,0,0,0,1,855,1,0,68,20,0,0
15,12,1000,0,0,0,0,0,855,1,68,0,0,20,0
12,15,1001,1,1,1,0,1,1610,1,0,117,39,27,0
15,12,1001,1,1,0,1,0,1648,1,60,0,29,42,0
12,15,1002,2,2,2,0,1,1205,1,0,48,20,0,0
15,12,1002,2,2,0,2,0,1173,1,124,0,0,20,0
12,16,1000,0,0,0,0,1,990,1,0,76,9,0,0
16,12,1000,0,0,0,0,0,990,1,76,0,0,9,0
12,16,1001,1,1,1,0,0,816,1,63,0,5,0,0
16,12,1001,1,1,0,1,1,997,1,0,94,0,5,0
12,16,1002,2,2,2,0,1,1273,1,0,1,5,9,0
16,12,1002,2,2,0,2,0,1054,1,1,0,0,5,0
12,17,1000,0,0,0,0,1,232,1,0,96,0,0,0
17,12,1000,0,0,0,0,0,232,1,96,0,0,0,0
12,17,1001,1,1,1,0,1,256,1,0,43,0,0,0
17,12,1001,1,1,0,1,0,256,1,43,0,0,0,0
12,17,1002,2,2,2,0,1,583,1,0,12,0,0,0
17,12,1002,2,2,0,2,0,583,1,12,0,0,0,0
12,18,1000,0,0,0,0,0,497,1,15,0,5,0,0
18,12,1000,0,0,0,0,1,497,1,0,15,0,5,0
12,18,1001,1,1,1,0,1,464,1,0,36,5,0,0
18,12,1001,1,1,0,1,0,464,1,36,0,0,5,0
12,18,1002,2,2,2,0,0,668,1,15,0,5,0,0
18,12,1002,2,2,0,2,1,668,1,0,27,0,5,0
12,19,1000,0,0,0,0,0,913,1,26,0,5,16,0
19,12,1000,0,0,0,0,1,913,1,0,26,16,5,0
12,19,1001,1,1,1,0,1,619,1,0,9,5,0,0
19,12,1001,1,1,0,1,0,619,1,9,0,0,5,0
12,19,1002,2,2,2,0,0,783,1,55,0,7,35,0
19,12,1002,2,2,0,2,1,737,1,0,71,34,5,0
12,20,1000,0,0,0,0,1,573,1,0,118,20,0,0
20,12,1000,0,0,0,0,0,573,1,118,0,0,20,0
12,20,1001,1,1,1,0,1,709,1,0,118,77,21,0
20,12,1001,1,1,0,1,0,769,1,93,0,7,64,0
12,20,1002,2,2,2,0,1,657,1,0,118,32,31,0
20,12,1002,2,2,0,2,0,614,1,118,0,43,34,0
12,21,1000,0,0,0,0,1,800,1,0,67,9,0,0
21,12,1000,0,0,0,0,0,800,1,67,0,0,9,0
12,21,1001,1,1,1,0,1,675,1,0,67,18,0,0
21,12,1001,1,1,0,1,0,671,1,39,0,0,5,0
12,21,1002,2,2,2,0,1,728,1,0,92,21,13,0
21,12,1002,2,2,0,2,0,659,1,67,0,0,21,0
12,22,1000,0,0,0,0,0,843,1,59,0,35,10,0
22,12,1000,0,0,0,0,1,843,1,0,59,10,35,0
12,22,1001,1,1,1,0,1,625,1,0,90,40,80,0
22,12,1001,1,1,0,1,0,624,1,90,0,80,40,0
12,22,1002,2,2,2,0,0,1043,1,37,0,48,8,0
22,12,1002,2,2,0,2,1,1234,1,0,37,8,15,0
12,23,1000,0,0,0,0,0,613,1,74,0,21,10,0
23,12,1000,0,0,0,0,1,613,1,0,74,10,21,0
12,23,1001,1,1,1,0,1,714,1,0,48,34,8,0
23,12,1001,1,1,0,1,0,714,1,48,0,8,34,0
12,23,1002,2,2,2,0,1,660,1,0,76,21,18,0
23,12,1002,2,2,0,2,0,718,1,51,0,18,21,0
12,24,1000,0,0,0,0,1,962,1,0,27,16,0,0
24,12,1000,0,0,0,0,0,962,1,27,0,0,16,0
12,24,1001,1,1,1,0,0,405,1,39,0,10,32,0
24,12,1001,1,1,0,1,1,405,1,0,39,32,10,0
12,24,1002,2,2,2,0,0,544,1,37,0,11,1,0
24,12,1002,2,2,0,2,1,544,1,0,37,1,11,0
12,25,1000,0,0,0,0,1,598,1,0,130,14,0,0
25,12,1000,0,0,0,0,0,598,1,130,0,0,14,0
12,25,1001,1,1,1,0,1,769,1,0,59,9,0,0
25,12,1001,1,1,0,1,0,769,1,59,0,0,9,0
12,25,1002,2,2,2,0,1,634,1,0,105,19,15,0
25,12,1002,2,2,0,2,0,634,1,105,0,15,19,0
12,26,1000,0,0,0,0,1,419,1,0,30,5,0,0
26,12,1000,0,0,0,0,0,419,1,30,0,0,5,0
12,26,1001,1,1,1,0,1,520,1,0,108,5,0,0
26,12,1001,1,1,0,1,0,659,1,8,0,0,5,0
12,26,1002,2,2,2,0,1,487,1,0,27,15,0,0
26,12,1002,2,2,0,2,0,452,1,27,0,0,15,0
12,27,1000,0,0,0,0,1,711,1,0,13,10,0,0
27,12,1000,0,0,0,0,0,711,1,13,0,0,10,0
12,27,1001,1,1,1,0,0,804,1,43,0,14,8,0
27,12,1001,1,1,0,1,0,783,1,19,0,8,11,0
12,27,1002,2,2,2,0,1,726,1,0,44,10,0,0
27,12,1002,2,2,0,2,1,722,1,0,21,40,10,0
12,28,1000,0,0,0,0,0,320,1,26,0,5,0,0
28,12,1000,0,0,0,0,1,320,1,0,26,0,5,0
12,28,1001,1,1,1,0,0,320,1,50,0,5,0,0
28,12,1001,1,1,0,1,1,320,1,0,50,0,5,0
12,28,1002,2,2,2,0,0,549,1,76,0,5,0,0
28,12,1002,2,2,0,2,1,549,1,0,76,0,5,0
12,29,1000,0,0,0,0,1,871,1,0,36,8,2,0
29,12,1000,0,0,0,0,1,908,1,0,21,2,8,0
12,29,1001,1,1,1,0,1,856,1,0,74,5,0,0
29,12,1001,1,1,0,1,0,856,1,74,0,0,5,0
12,29,1002,2,2,2,0,1,1105,1,0,30,10,0,0
29,12,1002,2,2,0,2,0,1105,1,30,0,0,10,0
12,30,1000,0,0,0,0,0,607,1,90,0,8,0,0
30,12,1000,0,0,0,0,1,607,1,0,90,0,8,0
12,30,1001,1,1,1,0,0,457,1,79,0,6,0,0
30,12,1001,1,1,0,1,0,951,1,59,0,0,5,0
12,30,1002,2,2,2,0,0,790,1,3,0,5,1,0
30,12,1002,2,2,0,2,1,712,1,0,10,0,5,0
12,31,1000,0,0,0,0,1,590,1,0,110,18,0,0
31,12,1000,0,0,0,0,0,590,1,110,0,0,18,0
12,31,1001,1,1,1,0,1,595,1,0,85,7,32,0
31,12,1001,1,1,0,1,0,1057,1,2,0,19,7,0
12,31,1002,2,2,2,0,-1,1135,1,0,0,21,13,0
31,12,1002,2,2,0,2,0,870,1,39,0,13,21,0
12,32,1000,0,0,0,0,1,433,1,0,58,1,0,0
32,12,1000,0,0,0,0,0,433,1,58,0,0,1,0
12,32,1001,1,1,1,0,1,1053,1,0,58,1,0,0
32,12,1001,1,1,0,1,0,725,1,58,0,0,1,0
12,32,1002,2,2,2,0,1,514,1,0,58,5,0,0
32,12,1002,2,2,0,2,0,548,1,58,0,0,5,0
12,33,1000,0,0,0,0,0,591,1,54,0,45,40,0
33,12,1000,0,0,0,0,1,591,1,0,54,40,45,0
12,33,1001,1,1,1,0,0,790,1,62,0,10,22,0
33,12,1001,1,1,0,1,1,790,1,0,62,22,10,0
12,33,1002,2,2,2,0,0,1061,1,69,0,57,7,0
33,12,1002,2,2,0,2,1,1060,1,0,84,7,57,0
12,34,1000,0,0,0,0,1,362,1,0,110,17,0,0
34,12,1000,0,0,0,0,0,362,1,110,0,0,17,0
12,34,1001,1,1,1,0,1,675,1,0,29,20,0,0
34,12,1001,1,1,0,1,0,643,1,29,0,0,20,0
12,34,1002,2,2,2,0,1,499,1,0,60,21,4,0
34,12,1002,2,2,0,2,0,499,1,60,0,4,21,0
12,35,1000,0,0,0,0,1,1794,1,0,16,5,0,0
35,12,1000,0,0,0,0,0,1794,1,16,0,0,5,0
12,35,1001,1,1,1,0,1,645,1,0,70,5,0,0
35,12,1001,1,1,0,1,0,669,1,64,0,0,5,0
12,35,1002,2,2,2,0,1,1699,1,0,74,8,17,0
35,12,1002,2,2,0,2,0,1591,1,86,0,20,8,0
12,36,1000,0,0,0,0,0,811,1,21,0,6,12,0
36,12,1000,0,0,0,0,1,811,1,0,21,12,6,0
12,36,1001,1,1,1,0,1,561,1,0,47,13,0,0
36,12,1001,1,1,0,1,0,561,1,47,0,0,13,0
12,36,1002,2,2,2,0,1,766,1,0,50,13,0,0
36,12,1002,2,2,0,2,0,668,1,50,0,0,13,0
12,37,1000,0,0,0,0,1,814,1,0,10,3,0,0
37,12,1000,0,0,0,0,0,814,1,10,0,0,3,0
12,37,1001,1,1,1,0,0,607,1,27,0,11,21,0
37,12,1001,1,1,0,1,1,607,1,0,27,21,11,0
12,37,1002,2,2,2,0,0,448,1,88,0,5,0,0
37,12,1002,2,2,0,2,1,448,1,0,88,0,5,0
12,38,1000,0,0,0,0,1,541,1,0,49,5,0,0
38,12,1000,0,0,0,0,0,541,1,49,0,0,5,0
12,38,1001,1,1,1,0,1,308,1,0,46,5,0,0
38,12,1001,1,1,0,1,0,309,1,46,0,0,5,0
12,38,1002,2,2,2,0,1,729,1,0,30,5,0,0
38,12,1002,2,2,0,2,0,729,1,30,0,0,5,0
12,39,1000,0,0,0,0,1,859,1,0,29,15,18,0
39,12,1000,0,0,0,0,0,859,1,29,0,18,15,0
12,39,1001,1,1,1,0,1,627,1,0,65,14,0,0
39,12,1001,1,1,0,1,0,667,1,78,0,0,14,0
12,39,1002,2,2,2,0,1,536,1,0,35,13,0,0
39,12,1002,2,2,0,2,0,536,1,35,0,0,13,0
13,14,1000,0,0,0,0,1,603,1,0,18,0,0,0
14,13,1000,0,0,0,0,0,603,1,18,0,0,0,0
13,14,1001,1,1,1,0,1,466,1,0,67,0,0,0
14,13,1001,1,1,0,1,0,761,1,63,0,0,17,0
13,14,1002,2,2,2,0,0,732,1,53,0,0,0,0
14,13,1002,2,2,0,2,1,843,1,0,2,0,7,0
13,15,1000,0,0,0,0,1,733,1,0,18,0,12,0
15,13,1000,0,0,0,0,0,733,1,18,0,12,0,0
13,15,1001,1,1,1,0,0,1165,1,60,0,14,26,0
15,13,1001,1,1,0,1,1,957,1,0,34,19,0,0
13,15,1002,2,2,2,0,0,1476,1,4,0,0,12,0
15,13,1002,2,2,0,2,0,1280,1,41,0,12,0,0
13,16,1000,0,0,0,0,0,273,1,73,0,0,8,0
16,13,1000,0,0,0,0,1,273,1,0,73,8,0,0
13,16,1001,1,1,1,0,1,703,1,0,2,29,8,0
16,13,1001,1,1,0,1,1,1343,1,0,88,8,13,0
13,16,1002,2,2,2,0,0,335,1,23,0,0,7,0
16,13,1002,2,2,0,2,1,334,1,0,39,7,0,0
13,17,1000,0,0,0,0,0,639,1,39,0,0,24,0
17,13,1000,0,0,0,0,1,639,1,0,39,24,0,0
13,17,1001,1,1,1,0,0,555,1,40,0,0,0,0
17,13,1001,1,1,0,1,0,710,1,23,0,2,0,0
13,17,1002,2,2,2,0,0,384,1,68,0,0,2,0
17,13,1002,2,2,0,2,1,375,1,0,104,0,0,0
13,18,1000,0,0,0,0,1,274,1,0,3,0,6,0
18,13,1000,0,0,0,0,0,274,1,3,0,6,0,0
13,18,1001,1,1,1,0,1,604,1,0,24,0,30,0
18,13,1001,1,1,0,1,1,306,1,0,36,17,0,0
13,18,1002,2,2,2,0,1,314,1,0,9,0,6,0
18,13,1002,2,2,0,2,1,294,1,0,4,6,0,0
13,19,1000,0,0,0,0,1,494,1,0,7,0,17,0
19,13,1000,0,0,0,0,0,494,1,7,0,17,0,0
13,19,1001,1,1,1,0,1,760,1,0,35,64,97,0
19,13,1001,1,1,0,1,1,645,1,0,1,81,39,0
13,19,1002,2,2,2,0,1,553,1,0,11,0,18,0
19,13,1002,2,2,0,2,0,590,1,13,0,17,0,0
13,20,1000,0,0,0,0,0,343,1,32,0,0,15,0
20,13,1000,0,0,0,0,1,343,1,0,32,15,0,0
13,20,1001,1,1,1,0,1,469,1,0,75,0,32,0
20,13,1001,1,1,0,1,0,1243,1,60,0,96,45,0
13,20,1002,2,2,2,0,0,753,1,55,0,54,110,0
20,13,1002,2,2,0,2,1,931,1,0,28,15,0,0
13,21,1000,0,0,0,0,1,559,1,0,2,0,1,0
21,13,1000,0,0,0,0,0,559,1,2,0,1,0,0
13,21,1001,1,1,1,0,0,365,1,62,0,11,0,0
21,13,1001,1,1,0,1,1,384,1,0,48,12,0,0
13,21,1002,2,2,2,0,0,433,1,20,0,0,0,0
21,13,1002,2,2,0,2,1,436,1,0,104,0,0,0
13,22,1000,0,0,0,0,1,739,1,0,29,0,12,0
22,13,1000,0,0,0,0,0,739,1,29,0,12,0,0
13,22,1001,1,1,1,0,0,897,1,60,0,22,27,0
22,13,1001,1,1,0,1,1,618,1,0,16,7,0,0
13,22,1002,2,2,2,0,0,576,1,4,0,0,12,0
22,13,1002,2,2,0,2,1,785,1,0,16,14,0,0
13,23,1000,0,0,0,0,0,336,1,35,0,0,0,0
23,13,1000,0,0,0,0,1,336,1,0,35,0,0,0
13,23,1001,1,1,1,0,0,705,1,87,0,0,4,0
23,13,1001,1,1,0,1,1,500,1,0,78,0,0,0
13,23,1002,2,2,2,0,0,409,1,5,0,0,0,0
23,13,1002,2,2,0,2,1,295,1,0,78,0,0,0
13,24,1000,0,0,0,0,1,463,1,0,76,0,7,0
24,13,1000,0,0,0,0,0,463,1,76,0,7,0,0
13,24,1001,1,1,1,0,1,709,1,0,68,0,12,0
24,13,1001,1,1,0,1,0,433,1,30,0,10,0,0
13,24,1002,2,2,2,0,0,321,1,38,0,0,9,0
24,13,1002,2,2,0,2,1,321,1,0,38,9,0,0
13,25,1000,0,0,0,0,1,364,1,0,84,0,10,0
25,13,1000,0,0,0,0,0,364,1,84,0,10,0,0
13,25,1001,1,1,1,0,0,675,1,22,0,0,16,0
25,13,1001,1,1,0,1,1,988,1,0,39,3,1,0
13,25,1002,2,2,2,0,0,777,1,39,0,0,9,0
25,13,1002,2,2,0,2,0,659,1,24,0,11,0,0
13,26,1000,0,0,0,0,0,237,1,23,0,0,0,0
26,13,1000,0,0,0,0,1,237,1,0,23,0,0,0
13,26,1001,1,1,1,0,0,306,1,35,0,0,0,0
26,13,1001,1,1,0,1,1,545,1,0,22,0,0,0
13,26,1002,2,2,2,0,0,219,1,52,0,0,0,0
26,13,1002,2,2,0,2,1,219,1,0,73,0,0,0
13,27,1000,0,0,0,0,1,411,1,0,15,0,34,0
27,13,1000,0,0,0,0,0,411,1,15,0,34,0,0
13,27,1001,1,1,1,0,1,784,1,0,33,56,49,0
27,13,1001,1,1,0,1,1,386,1,0,90,41,23,0
13,27,1002,2,2,2,0,0,374,1,56,0,0,23,0
27,13,1002,2,2,0,2,1,283,1,0,59,20,0,0
13,28,1000,0,0,0,0,1,270,1,0,12,0,25,0
28,13,1000,0,0,0,0,0,270,1,12,0,25,0,0
13,28,1001,1,1,1,0,1,446,1,0,53,19,43,0
28,13,1001,1,1,0,1,0,315,1,59,0,43,19,0
13,28,1002,2,2,2,0,0,297,1,9,0,0,37,0
28,13,1002,2,2,0,2,0,254,1,12,0,37,0,0
13,29,1000,0,0,0,0,1,238,1,0,61,0,6,0
29,13,1000,0,0,0,0,0,238,1,61,0,6,0,0
13,29,1001,1,1,1,0,1,388,1,0,20,0,7,0
29,13,1001,1,1,0,1,0,391,1,20,0,7,0,0
13,29,1002,2,2,2,0,1,238,1,0,61,0,6,0
29,13,1002,2,2,0,2,0,358,1,70,0,6,0,0
13,30,1000,0,0,0,0,0,321,1,28,0,0,5,0
30,13,1000,0,0,0,0,1,321,1,0,28,5,0,0
13,30,1001,1,1,1,0,0,219,1,28,0,0,4,0
30,13,1001,1,1,0,1,1,196,1,0,39,4,0,0
13,30,1002,2,2,2,0,1,301,1,0,6,0,5,0
30,13,1002,2,2,0,2,1,321,1,0,28,5,0,0
13,31,1000,0,0,0,0,1,541,1,0,23,0,14,0
31,13,1000,0,0,0,0,0,541,1,23,0,14,0,0
13,31,1001,1,1,1,0,0,583,1,67,0,10,44,0
31,13,1001,1,1,0,1,1,471,1,0,73,38,10,0
13,31,1002,2,2,2,0,0,422,1,57,0,0,14,0
31,13,1002,2,2,0,2,1,477,1,0,50,14,0,0
13,32,1000,0,0,0,0,1,1117,1,0,11,120,142,0
32,13,1000,0,0,0,0,0,1117,1,11,0,142,120,0
13,32,1001,1,1,1,0,1,594,1,0,26,0,0,0
32,13,1001,1,1,0,1,0,643,1,35,0,40,0,0
13,32,1002,2,2,2,0,1,505,1,0,4,0,29,0
32,13,1002,2,2,0,2,1,369,1,0,62,6,0,0
13,33,1000,0,0,0,0,0,339,1,9,0,0,7,0
33,13,1000,0,0,0,0,1,339,1,0,9,7,0,0
13,33,1001,1,1,1,0,0,408,1,79,0,16,7,0
33,13,1001,1,1,0,1,1,627,1,0,64,8,39,0
13,33,1002,2,2,2,0,0,419,1,44,0,0,7,0
33,13,1002,2,2,0,2,1,341,1,0,24,7,0,0
13,34,1000,0,0,0,0,0,321,1,28,0,0,10,0
34,13,1000,0,0,0,0,1,321,1,0,28,10,0,0
13,34,1001,1,1,1,0,0,348,1,32,0,0,4,0
34,13,1001,1,1,0,1,1,312,1,0,66,4,0,0
13,34,1002,2,2,2,0,0,408,1,28,0,0,10,0
34,13,1002,2,2,0,2,1,321,1,0,62,10,0,0
13,35,1000,0,0,0,0,1,636,1,0,11,0,6,0
35,13,1000,0,0,0,0,0,636,1,11,0,6,0,0
13,35,1001,1,1,1,0,0,954,1,29,0,72,21,0
35,13,1001,1,1,0,1,0,834,1,56,0,13,28,0
13,35,1002,2,2,2,0,0,486,1,29,0,0,3,0
35,13,1002,2,2,0,2,0,561,1,41,0,3,0,0
13,36,1000,0,0,0,0,1,265,1,0,12,0,9,0
36,13,1000,0,0,0,0,0,265,1,12,0,9,0,0
13,36,1001,1,1,1,0,1,370,1,0,82,10,10,0
36,13,1001,1,1,0,1,0,544,1,13,0,36,14,0
13,36,1002,2,2,2,0,0,247,1,29,0,0,9,0
36,13,1002,2,2,0,2,1,219,1,0,16,9,0,0
13,37,1000,0,0,0,0,0,297,1,48,0,0,13,0
37,13,1000,0,0,0,0,1,297,1,0,48,13,0,0
13,37,1001,1,1,1,0,0,477,1,54,0,15,27,0
37,13,1001,1,1,0,1,1,629,1,0,54,25,20,0
13,37,1002,2,2,2,0,0,270,1,36,0,0,7,0
37,13,1002,2,2,0,2,1,269,1,0,56,10,0,0
13,38,1000,0,0,0,0,0,495,1,39,0,84,133,0
38,13,1000,0,0,0,0,1,495,1,0,39,133,84,0
13,38,1001,1,1,1,0,1,383,1,0,12,11,0,0
38,13,1001,1,1,0,1,0,309,1,12,0,0,21,0
13,38,1002,2,2,2,0,0,172,1,12,0,0,0,0
38,13,1002,2,2,0,2,1,175,1,0,12,0,0,0
13,39,1000,0,0,0,0,1,556,1,0,80,0,7,0
39,13,1000,0,0,0,0,0,556,1,80,0,7,0,0
13,39,1001,1,1,1,0,1,368,1,0,113,4,8,0
39,13,1001,1,1,0,1,0,567,1,95,0,20,31,0
13,39,1002,2,2,2,0,1,283,1,0,106,0,11,0
39,13,1002,2,2,0,2,0,328,1,96,0,0,0,0
14,15,1000,0,0,0,0,1,877,1,0,113,13,0,0
15,14,1000,0,0,0,0,0,877,1,113,0,0,13,0
14,15,1001,1,1,1,0,1,731,1,0,61,0,19,0
15,14,1001,1,1,0,1,0,732,1,61,0,19,0,0
14,15,1002,2,2,2,0,1,1414,1,0,142,41,26,0
15,14,1002,2,2,0,2,0,1414,1,142,0,26,41,0
14,16,1000,0,0,0,0,1,1177,1,0,16,0,0,0
16,14,1000,0,0,0,0,0,1177,1,16,0,0,0,0
14,16,1001,1,1,1,0,0,731,1,65,0,0,0,0
16,14,1001,1,1,0,1,1,731,1,0,65,0,0,0
14,16,1002,2,2,2,0,1,1290,1,0,16,0,17,0
16,14,1002,2,2,0,2,0,1290,1,16,0,17,0,0
14,17,1000,0,0,0,0,1,325,1,0,91,0,0,0
17,14,1000,0,0,0,0,0,325,1,91,0,0,0,0
14,17,1001,1,1,1,0,1,303,1,0,36,0,0,0
17,14,1001,1,1,0,1,0,303,1,36,0,0,0,0
14,17,1002,2,2,2,0,1,388,1,0,83,0,1,0
17,14,1002,2,2,0,2,0,388,1,83,0,1,0,0
14,18,1000,0,0,0,0,0,763,1,75,0,0,0,0
18,14,1000,0,0,0,0,1,763,1,0,75,0,0,0
14,18,1001,1,1,1,0,0,886,1,37,0,5,0,0
18,14,1001,1,1,0,1,1,886,1,0,25,0,5,0
14,18,1002,2,2,2,0,0,1198,1,42,0,0,9,0
18,14,1002,2,2,0,2,1,1198,1,0,54,9,0,0
14,19,1000,0,0,0,0,1,1339,1,0,71,0,0,0
19,14,1000,0,0,0,0,0,1339,1,71,0,0,0,0
14,19,1001,1,1,1,0,0,1235,1,65,0,0,0,0
19,14,1001,1,1,0,1,1,1235,1,0,65,0,0,0
14,19,1002,2,2,2,0,1,1375,1,0,83,5,39,0
19,14,1002,2,2,0,2,0,982,1,83,0,39,1,0
14,20,1000,0,0,0,0,1,1348,1,0,118,58,14,0
20,14,1000,0,0,0,0,0,1348,1,118,0,14,58,0
14,20,1001,1,1,1,0,0,1117,1,29,0,27,0,0
20,14,1001,1,1,0,1,0,978,1,101,0,22,4,0
14,20,1002,2,2,2,0,1,1095,1,0,118,31,47,0
20,14,1002,2,2,0,2,0,1259,1,101,0,29,2,0
14,21,1000,0,0,0,0,0,1230,1,8,0,0,0,0
21,14,1000,0,0,0,0,1,1230,1,0,8,0,0,0
14,21,1001,1,1,1,0,1,727,1,0,100,0,0,0
21,14,1001,1,1,0,1,0,1084,1,43,0,0,7,0
14,21,1002,2,2,2,0,1,1328,1,0,49,0,17,0
21,14,1002,2,2,0,2,0,1228,1,66,0,17,0,0
14,22,1000,0,0,0,0,0,2193,1,29,0,0,0,0
22,14,1000,0,0,0,0,1,2193,1,0,29,0,0,0
14,22,1001,1,1,1,0,0,688,1,32,0,0,0,0
22,14,1001,1,1,0,1,0,565,1,23,0,0,0,0
14,22,1002,2,2,2,0,1,1660,1,0,15,1,1,0
22,14,1002,2,2,0,2,0,1660,1,15,0,1,1,0
14,23,1000,0,0,0,0,1,945,1,0,59,0,0,0
23,14,1000,0,0,0,0,0,945,1,60,0,0,0,0
14,23,1001,1,1,1,0,1,591,1,0,8,0,10,0
23,14,1001,1,1,0,1,0,523,1,53,0,10,0,0
14,23,1002,2,2,2,0,1,945,1,0,28,0,0,0
23,14,1002,2,2,0,2,0,992,1,28,0,0,0,0
14,24,1000,0,0,0,0,1,895,1,0,14,0,0,0
24,14,1000,0,0,0,0,0,895,1,14,0,0,0,0
14,24,1001,1,1,1,0,1,685,1,0,64,0,0,0
24,14,1001,1,1,0,1,0,685,1,64,0,0,0,0
14,24,1002,2,2,2,0,0,1073,1,20,0,0,0,0
24,14,1002,2,2,0,2,1,1073,1,0,20,0,0,0
14,25,1000,0,0,0,0,1,601,1,0,113,0,0,0
25,14,1000,0,0,0,0,0,601,1,113,0,0,0,0
14,25,1001,1,1,1,0,1,619,1,0,36,9,21,0
25,14,1001,1,1,0,1,0,568,1,82,0,21,9,0
14,25,1002,2,2,2,0,1,787,1,0,62,0,16,0
25,14,1002,2,2,0,2,0,787,1,62,0,16,0,0
14,26,1000,0,0,0,0,1,930,1,0,62,0,0,0
26,14,1000,0,0,0,0,0,930,1,62,0,0,0,0
14,26,1001,1,1,1,0,0,659,1,47,0,0,0,0
26,14,1001,1,1,0,1,1,659,1,0,47,0,0,0
14,26,1002,2,2,2,0,1,985,1,0,34,0,0,0
26,14,1002,2,2,0,2,0,985,1,34,0,0,0,0
14,27,1000,0,0,0,0,0,655,1,72,0,4,0,0
27,14,1000,0,0,0,0,1,655,1,0,72,0,4,0
14,27,1001,1,1,1,0,0,611,1,48,0,0,0,0
27,14,1001,1,1,0,1,1,746,1,0,71,3,7,0
14,27,1002,2,2,2,0,0,1652,1,27,0,0,19,0
27,14,1002,2,2,0,2,1,1761,1,0,55,17,0,0
14,28,1000,0,0,0,0,1,735,1,0,7,0,0,0
28,14,1000,0,0,0,0,0,735,1,7,0,0,0,0
14,28,1001,1,1,1,0,0,1256,1,10,0,0,25,0
28,14,1001,1,1,0,1,1,873,1,0,41,15,0,0
14,28,1002,2,2,2,0,1,793,1,0,54,0,24,0
28,14,1002,2,2,0,2,0,793,1,54,0,24,0,0
14,29,1000,0,0,0,0,1,1516,1,0,28,0,44,0
29,14,1000,0,0,0,0,0,1516,1,28,0,44,0,0
14,29,1001,1,1,1,0,1,1006,1,0,37,0,0,0
29,14,1001,1,1,0,1,0,1006,1,37,0,0,0,0
14,29,1002,2,2,2,0,1,1468,1,0,62,0,23,0
29,14,1002,2,2,0,2,0,1468,1,62,0,23,0,0
14,30,1000,0,0,0,0,0,827,1,70,0,0,0,0
30,14,1000,0,0,0,0,1,827,1,0,70,0,0,0
14,30,1001,1,1,1,0,0,725,1,59,0,0,0,0
30,14,1001,1,1,0,1,1,725,1,0,59,0,0,0
14,30,1002,2,2,2,0,0,1259,1,81,0,0,27,0
30,14,1002,2,2,0,2,1,1259,1,0,59,27,0,0
14,31,1000,0,0,0,0,1,1380,1,0,105,16,0,0
31,14,1000,0,0,0,0,0,1380,1,105,0,0,16,0
14,31,1001,1,1,1,0,1,1129,1,0,57,0,0,0
31,14,1001,1,1,0,1,0,1188,1,66,0,0,0,0
14,31,1002,2,2,2,0,1,1096,1,0,139,0,0,0
31,14,1002,2,2,0,2,0,1096,1,139,0,0,0,0
14,32,1000,0,0,0,0,1,1603,1,0,23,0,32,0
32,14,1000,0,0,0,0,0,1603,1,23,0,32,0,0
14,32,1001,1,1,1,0,0,748,1,90,0,8,16,0
32,14,1001,1,1,0,1,1,1523,1,0,64,0,9,0
14,32,1002,2,2,2,0,1,1219,1,0,74,0,0,0
32,14,1002,2,2,0,2,1,2027,1,0,19,28,0,0
14,33,1000,0,0,0,0,1,1414,1,0,17,0,0,0
33,14,1000,0,0,0,0,0,1414,1,17,0,0,0,0
14,33,1001,1,1,1,0,0,668,1,97,0,0,0,0
33,14,1001,1,1,0,1,1,668,1,0,97,0,0,0
14,33,1002,2,2,2,0,1,955,1,0,17,0,5,0
33,14,1002,2,2,0,2,0,773,1,17,0,5,0,0
14,34,1000,0,0,0,0,1,689,1,0,101,0,0,0
34,14,1000,0,0,0,0,0,689,1,101,0,0,0,0
14,34,1001,1,1,1,0,0,800,1,96,0,0,0,0
34,14,1001,1,1,0,1,0,505,1,48,0,0,0,0
14,34,1002,2,2,2,0,1,1037,1,0,67,4,0,0
34,14,1002,2,2,0,2,0,1036,1,67,0,0,4,0
14,35,1000,0,0,0,0,1,1519,1,0,89,0,0,0
35,14,1000,0,0,0,0,0,1519,1,89,0,0,0,0
14,35,1001,1,1,1,0,0,658,1,43,0,0,0,0
35,14,1001,1,1,0,1,1,658,1,0,43,0,0,0
14,35,1002,2,2,2,0,1,1585,1,0,85,0,0,0
35,14,1002,2,2,0,2,0,1681,1,90,0,0,0,0
14,36,1000,0,0,0,0,1,534,1,0,31,0,0,0
36,14,1000,0,0,0,0,0,534,1,31,0,0,0,0
14,36,1001,1,1,1,0,0,551,1,64,0,0,0,0
36,14,1001,1,1,0,1,1,551,1,0,65,0,0,0
14,36,1002,2,2,2,0,1,601,1,0,82,0,0,0
36,14,1002,2,2,0,2,0,573,1,82,0,0,0,0
14,37,1000,0,0,0,0,0,786,1,74,0,0,0,0
37,14,1000,0,0,0,0,1,786,1,0,74,0,0,0
14,37,1001,1,1,1,0,0,880,1,89,0,0,0,0
37,14,1001,1,1,0,1,1,686,1,0,64,0,0,0
14,37,1002,2,2,2,0,0,809,1,101,0,0,0,0
37,14,1002,2,2,0,2,1,918,1,0,107,0,0,0
14,38,1000,0,0,0,0,1,489,1,0,37,0,0,0
38,14,1000,0,0,0,0,0,489,1,37,0,0,0,0
14,38,1001,1,1,1,0,0,771,1,78,0,0,0,0
38,14,1001,1,1,0,1,1,677,1,0,35,0,0,0
14,38,1002,2,2,2,0,0,1011,1,55,0,0,8,0
38,14,1002,2,2,0,2,0,1182,1,20,0,11,0,0
14,39,1000,0,0,0,0,1,1342,1,0,64,20,8,0
39,14,1000,0,0,0,0,0,1342,1,64,0,8,20,0
14,39,1001,1,1,1,0,0,666,1,50,0,0,0,0
39,14,1001,1,1,0,1,1,666,1,0,50,0,0,0
14,39,1002,2,2,2,0,1,968,1,0,73,10,0,0
39,14,1002,2,2,0,2,0,968,1,73,0,0,10,0
15,16,1000,0,0,0,0,0,1495,1,97,0,26,17,0
16,15,1000,0,0,0,0,1,1495,1,0,97,17,26,0
15,16,1001,1,1,1,0,0,1462,1,124,0,28,8,0
16,15,1001,1,1,0,1,1,1237,1,0,90,12,25,0
15,16,1002,2,2,2,0,0,1531,1,121,0,22,43,0
16,15,1002,2,2,0,2,1,1651,1,0,124,26,41,0
15,17,1000,0,0,0,0,1,670,1,0,18,0,1,0
17,15,1000,0,0,0,0,0,670,1,18,0,1,0,0
15,17,1001,1,1,1,0,1,508,1,0,12,0,0,0
17,15,1001,1,1,0,1,0,631,1,8,0,1,2,0
15,17,1002,2,2,2,0,1,605,1,0,28,0,0,0
17,15,1002,2,2,0,2,1,694,1,0,71,0,0,0
15,18,1000,0,0,0,0,0,1826,1,59,0,43,88,0
18,15,1000,0,0,0,0,1,1826,1,0,59,88,43,0
15,18,1001,1,1,1,0,0,1792,1,87,0,43,0,0
18,15,1001,1,1,0,1,1,1650,1,0,67,43,38,0
15,18,1002,2,2,2,0,1,1249,1,0,51,9,21,0
18,15,1002,2,2,0,2,0,1666,1,4,0,5,18,0
15,19,1000,0,0,0,0,0,992,1,62,0,21,1,0
19,15,1000,0,0,0,0,1,992,1,0,62,1,21,0
15,19,1001,1,1,1,0,1,1155,1,0,50,6,0,0
19,15,1001,1,1,0,1,1,1140,1,0,31,0,11,0
15,19,1002,2,2,2,0,1,1117,1,0,48,6,4,0
19,15,1002,2,2,0,2,0,1435,1,24,0,6,45,0
15,20,1000,0,0,0,0,0,2597,1,131,0,140,222,0
20,15,1000,0,0,0,0,1,2597,1,0,131,222,140,0
15,20,1001,1,1,1,0,0,2700,3,118,5,327,233,0
20,15,1001,1,1,0,1,1,2319,1,0,90,139,289,0
15,20,1002,2,2,2,0,0,1926,1,111,0,110,28,0
20,15,1002,2,2,0,2,1,2533,1,0,102,200,226,0
15,21,1000,0,0,0,0,0,1634,1,63,0,51,23,0
21,15,1000,0,0,0,0,1,1634,1,0,63,23,51,0
15,21,1001,1,1,1,0,1,1308,1,0,66,18,0,0
21,15,1001,1,1,0,1,0,1390,1,47,0,0,17,0
15,21,1002,2,2,2,0,0,931,1,53,0,33,0,0
21,15,1002,2,2,0,2,1,916,1,0,80,0,33,0
15,22,1000,0,0,0,0,0,2208,1,87,0,68,16,0
22,15,1000,0,0,0,0,1,2208,1,0,87,16,68,0
15,22,1001,1,1,1,0,0,1603,1,100,0,0,3,0
22,15,1001,1,1,0,1,1,1860,1,0,5,4,16,0
15,22,1002,2,2,2,0,0,1546,1,136,0,8,0,0
22,15,1002,2,2,0,2,1,1404,1,0,121,22,1,0
15,23,1000,0,0,0,0,0,1096,1,70,0,40,63,0
23,15,1000,0,0,0,0,1,1096,1,0,70,63,40,0
15,23,1001,1,1,1,0,0,1324,1,14,0,0,0,0
23,15,1001,1,1,0,1,1,1396,1,0,29,0,0,0
15,23,1002,2,2,2,0,0,1116,1,100,0,12,9,0
23,15,1002,2,2,0,2,1,1325,1,0,46,9,12,0
15,24,1000,0,0,0,0,0,1528,1,5,0,57,7,0
24,15,1000,0,0,0,0,1,1528,1,0,5,7,57,0
15,24,1001,1,1,1,0,1,935,1,0,37,27,14,0
24,15,1001,1,1,0,1,0,922,1,47,0,0,0,0
15,24,1002,2,2,2,0,0,1111,1,90,0,0,0,0
24,15,1002,2,2,0,2,1,1315,1,0,113,0,9,0
15,25,1000,0,0,0,0,1,1288,1,0,113,27,75,0
25,15,1000,0,0,0,0,0,1288,1,113,0,75,27,0
15,25,1001,1,1,1,0,1,1000,1,0,68,18,0,0
25,15,1001,1,1,0,1,0,1112,1,98,0,8,0,0
15,25,1002,2,2,2,0,1,1332,1,0,62,15,14,0
25,15,1002,2,2,0,2,1,2077,1,0,60,76,279,0
15,26,1000,0,0,0,0,0,1001,1,116,0,27,15,0
26,15,1000,0,0,0,0,1,1001,1,0,116,15,27,0
15,26,1001,1,1,1,0,0,1315,1,54,0,8,0,0
26,15,1001,1,1,0,1,1,1147,1,0,112,2,0,0
15,26,1002,2,2,2,0,0,793,1,103,0,0,0,0
26,15,1002,2,2,0,2,1,1297,1,0,78,0,0,0
15,27,1000,0,0,0,0,0,1531,1,78,0,74,82,0
27,15,1000,0,0,0,0,1,1531,1,0,78,82,74,0
15,27,1001,1,1,1,0,0,1627,1,145,0,11,56,0
27,15,1001,1,1,0,1,1,1729,1,0,79,86,18,0
15,27,1002,2,2,2,0,0,974,1,113,0,16,0,0
27,15,1002,2,2,0,2,1,1168,1,0,138,24,7,0
15,28,1000,0,0,0,0,0,874,1,54,0,29,44,0
28,15,1000,0,0,0,0,1,874,1,0,54,44,29,0
15,28,1001,1,1,1,0,0,1880,1,9,0,149,50,0
28,15,1001,1,1,0,1,0,1294,1,34,0,50,42,0
15,28,1002,2,2,2,0,1,741,1,0,26,23,30,0
28,15,1002,2,2,0,2,0,600,1,18,0,0,16,0
15,29,1000,0,0,0,0,1,844,1,0,70,2,0,0
29,15,1000,0,0,0,0,0,844,1,70,0,0,2,0
15,29,1001,1,1,1,0,1,823,1,0,78,1,0,0
29,15,1001,1,1,0,1,0,936,1,108,0,0,1,0
15,29,1002,2,2,2,0,1,1147,1,0,98,13,50,0
29,15,1002,2,2,0,2,0,1222,1,39,0,5,25,0
15,30,1000,0,0,0,0,0,1108,1,85,0,16,8,0
30,15,1000,0,0,0,0,1,1108,1,0,85,8,16,0
15,30,1001,1,1,1,0,0,1082,1,35,0,37,0,0
30,15,1001,1,1,0,1,1,1639,1,0,84,36,66,0
15,30,1002,2,2,2,0,0,2104,1,83,0,115,2,0
30,15,1002,2,2,0,2,0,952,1,55,0,25,16,0
15,31,1000,0,0,0,0,0,2063,1,3,0,75,59,0
31,15,1000,0,0,0,0,1,2063,1,0,3,59,75,0
15,31,1001,1,1,1,0,0,2581,1,35,0,61,104,0
31,15,1001,1,1,0,1,1,2524,1,0,82,26,244,0
15,31,1002,2,2,2,0,1,1747,1,0,29,46,0,0
31,15,1002,2,2,0,2,1,2072,1,0,30,44,76,0
15,32,1000,0,0,0,0,0,1806,1,66,0,27,87,0
32,15,1000,0,0,0,0,1,1806,1,0,66,87,27,0
15,32,1001,1,1,1,0,0,2043,1,50,0,32,106,0
32,15,1001,1,1,0,1,1,2062,1,0,16,4,15,0
15,32,1002,2,2,2,0,0,2227,1,71,0,240,179,0
32,15,1002,2,2,0,2,1,1882,1,0,79,138,329,0
15,33,1000,0,0,0,0,0,1132,1,39,0,19,69,0
33,15,1000,0,0,0,0,1,1132,1,0,39,69,19,0
15,33,1001,1,1,1,0,0,827,1,108,0,22,0,0
33,15,1001,1,1,0,1,1,958,1,0,78,0,14,0
15,33,1002,2,2,2,0,0,694,1,127,0,50,0,0
33,15,1002,2,2,0,2,1,1493,1,0,145,27,51,0
15,34,1000,0,0,0,0,0,1663,1,55,0,69,47,0
34,15,1000,0,0,0,0,1,1663,1,0,55,47,69,0
15,34,1001,1,1,1,0,0,856,1,46,0,0,0,0
34,15,1001,1,1,0,1,0,1012,1,3,0,0,0,0
15,34,1002,2,2,2,0,0,655,1,103,0,90,21,0
34,15,1002,2,2,0,2,1,743,1,0,70,0,28,0
15,35,1000,0,0,0,0,0,2237,2,87,85,600,18,0
35,15,1000,0,0,0,0,1,2237,2,85,87,18,600,0
15,35,1001,1,1,1,0,0,1496,1,81,0,3,0,0
35,15,1001,1,1,0,1,1,2515,1,0,101,13,32,0
15,35,1002,2,2,2,0,0,2347,1,62,0,160,9,0
35,15,1002,2,2,0,2,1,2260,1,0,34,8,237,0
15,36,1000,0,0,0,0,1,967,1,0,20,19,0,0
36,15,1000,0,0,0,0,0,967,1,20,0,0,19,0
15,36,1001,1,1,1,0,0,637,1,47,0,19,4,0
36,15,1001,1,1,0,1,0,840,1,18,0,0,0,0
15,36,1002,2,2,2,0,1,1039,1,0,69,59,2,0
36,15,1002,2,2,0,2,0,1108,1,97,0,0,0,0
15,37,1000,0,0,0,0,0,1406,1,134,0,97,59,0
37,15,1000,0,0,0,0,1,1406,1,0,134,59,97,0
15,37,1001,1,1,1,0,0,1777,1,100,0,83,6,0
37,15,1001,1,1,0,1,1,1058,1,0,132,0,75,0
15,37,1002,2,2,2,0,0,964,1,114,0,6,18,0
37,15,1002,2,2,0,2,1,883,1,0,115,37,91,0
15,38,1000,0,0,0,0,0,653,1,63,0,15,0,0
38,15,1000,0,0,0,0,1,653,1,0,63,0,15,0
15,38,1001,1,1,1,0,0,1172,1,50,0,15,0,0
38,15,1001,1,1,0,1,1,802,1,0,19,0,15,0
15,38,1002,2,2,2,0,1,733,1,0,30,14,0,0
38,15,1002,2,2,0,2,1,907,1,0,57,12,27,0
15,39,1000,0,0,0,0,0,2446,1,67,0,147,0,0
39,15,1000,0,0,0,0,1,2446,1,0,67,0,147,0
15,39,1001,1,1,1,0,1,1120,1,0,96,1,0,0
39,15,1001,1,1,0,1,0,1054,1,139,0,0,1,0
15,39,1002,2,2,2,0,0,2455,1,63,0,266,4,0
39,15,1002,2,2,0,2,1,2327,1,0,37,4,183,0
16,17,1000,0,0,0,0,0,702,1,39,0,0,23,0
17,16,1000,0,0,0,0,1,702,1,0,39,23,0,0
16,17,1001,1,1,1,0,0,702,1,72,0,0,0,0
17,16,1001,1,1,0,1,1,636,1,0,10,0,0,0
16,17,1002,2,2,2,0,1,295,1,0,40,0,5,0
17,16,1002,2,2,0,2,1,622,1,0,69,0,0,0
16,18,1000,0,0,0,0,1,574,1,0,85,0,23,0
18,16,1000,0,0,0,0,0,574,1,85,0,23,0,0
16,18,1001,1,1,1,0,1,1306,1,0,72,56,42,0
18,16,1001,1,1,0,1,0,1306,1,80,0,42,56,0
16,18,1002,2,2,2,0,0,403,1,33,0,0,18,0
18,16,1002,2,2,0,2,0,466,1,24,0,11,0,0
16,19,1000,0,0,0,0,1,932,1,0,80,8,48,0
19,16,1000,0,0,0,0,0,932,1,80,0,48,8,0
16,19,1001,1,1,1,0,1,865,1,0,66,0,23,0
19,16,1001,1,1,0,1,0,405,1,119,0,0,11,0
16,19,1002,2,2,2,0,1,625,1,0,33,23,46,0
19,16,1002,2,2,0,2,0,790,1,63,0,32,0,0
16,20,1000,0,0,0,0,1,787,1,0,72,37,69,0
20,16,1000,0,0,0,0,0,787,1,72,0,69,37,0
16,20,1001,1,1,1,0,1,696,1,0,80,1,14,0
20,16,1001,1,1,0,1,0,1103,1,66,0,43,23,0
16,20,1002,2,2,2,0,0,1097,1,30,0,28,40,0
20,16,1002,2,2,0,2,1,1136,1,0,2,19,10,0
16,21,1000,0,0,0,0,0,584,1,3,0,5,10,0
21,16,1000,0,0,0,0,1,584,1,0,3,10,5,0
16,21,1001,1,1,1,0,0,1520,1,75,0,20,2,0
21,16,1001,1,1,0,1,0,1557,1,40,0,13,0,0
16,21,1002,2,2,2,0,0,403,1,87,0,0,6,0
21,16,1002,2,2,0,2,1,633,1,0,33,6,0,0
16,22,1000,0,0,0,0,1,666,1,0,121,15,82,0
22,16,1000,0,0,0,0,0,666,1,121,0,82,15,0
16,22,1001,1,1,1,0,0,1596,1,33,0,23,21,0
22,16,1001,1,1,0,1,1,1737,1,0,9,21,12,0
16,22,1002,2,2,2,0,1,1261,1,0,40,0,16,0
22,16,1002,2,2,0,2,0,1320,1,9,0,33,0,0
16,23,1000,0,0,0,0,0,612,1,58,0,19,0,0
23,16,1000,0,0,0,0,1,612,1,0,58,0,19,0
16,23,1001,1,1,1,0,0,874,1,2,0,0,0,0
23,16,1001,1,1,0,1,1,997,1,0,7,0,11,0
16,23,1002,2,2,2,0,1,621,1,0,6,0,5,0
23,16,1002,2,2,0,2,1,619,1,0,28,5,0,0
16,24,1000,0,0,0,0,1,673,1,0,16,0,6,0
24,16,1000,0,0,0,0,0,673,1,16,0,6,0,0
16,24,1001,1,1,1,0,1,1691,1,0,53,27,0,0
24,16,1001,1,1,0,1,0,1691,1,61,0,0,27,0
16,24,1002,2,2,2,0,1,454,1,0,49,0,10,0
24,16,1002,2,2,0,2,0,388,1,80,0,10,0,0
16,25,1000,0,0,0,0,1,1070,1,0,20,0,8,0
25,16,1000,0,0,0,0,0,1070,1,20,0,8,0,0
16,25,1001,1,1,1,0,1,811,1,0,92,0,48,0
25,16,1001,1,1,0,1,0,1183,1,65,0,10,0,0
16,25,1002,2,2,2,0,1,903,1,0,40,0,26,0
25,16,1002,2,2,0,2,0,627,1,77,0,42,0,0
16,26,1000,0,0,0,0,0,538,1,11,0,0,9,0
26,16,1000,0,0,0,0,1,538,1,0,11,9,0,0
16,26,1001,1,1,1,0,1,536,1,0,64,20,11,0
26,16,1001,1,1,0,1,0,530,1,59,0,2,3,0
16,26,1002,2,2,2,0,0,589,1,79,0,0,0,0
26,16,1002,2,2,0,2,1,550,1,0,6,0,0,0
16,27,1000,0,0,0,0,1,1384,1,0,10,27,39,0
27,16,1000,0,0,0,0,0,1384,1,10,0,39,27,0
16,27,1001,1,1,1,0,0,607,1,19,0,0,0,0
27,16,1001,1,1,0,1,0,552,1,80,0,0,16,0
16,27,1002,2,2,2,0,0,1285,1,10,0,109,145,0
27,16,1002,2,2,0,2,1,503,1,0,36,57,77,0
16,28,1000,0,0,0,0,1,192,1,0,99,18,0,0
28,16,1000,0,0,0,0,0,192,1,99,0,0,18,0
16,28,1001,1,1,1,0,1,447,1,0,76,6,14,0
28,16,1001,1,1,0,1,0,540,1,60,0,14,6,0
16,28,1002,2,2,2,0,1,573,1,0,93,29,88,0
28,16,1002,2,2,0,2,0,1125,1,60,0,70,99,0
16,29,1000,0,0,0,0,1,979,1,0,33,10,7,0
29,16,1000,0,0,0,0,0,979,1,33,0,7,10,0
16,29,1001,1,1,1,0,1,1511,1,0,72,25,92,0
29,16,1001,1,1,0,1,0,1217,1,93,0,79,23,0
16,29,1002,2,2,2,0,1,529,1,0,54,10,21,0
29,16,1002,2,2,0,2,0,460,1,46,0,22,4,0
16,30,1000,0,0,0,0,0,1000,1,3,0,0,15,0
30,16,1000,0,0,0,0,1,1000,1,0,3,15,0,0
16,30,1001,1,1,1,0,1,985,1,0,83,19,26,0
30,16,1001,1,1,0,1,0,542,1,91,0,17,26,0
16,30,1002,2,2,2,0,0,478,1,25,0,0,15,0
30,16,1002,2,2,0,2,0,283,1,37,0,14,0,0
16,31,1000,0,0,0,0,1,1397,1,0,58,14,24,0
31,16,1000,0,0,0,0,0,1397,1,58,0,24,14,0
16,31,1001,1,1,1,0,1,929,1,0,81,22,25,0
31,16,1001,1,1,0,1,0,760,1,114,0,70,7,0
16,31,1002,2,2,2,0,0,1131,1,64,0,0,41,0
31,16,1002,2,2,0,2,1,1024,1,0,70,30,0,0
16,32,1000,0,0,0,0,1,661,1,0,41,36,13,0
32,16,1000,0,0,0,0,0,661,1,41,0,13,36,0
16,32,1001,1,1,1,0,1,652,1,0,17,10,0,0
32,16,1001,1,1,0,1,0,559,1,17,0,0,6,0
16,32,1002,2,2,2,0,1,961,1,0,33,30,25,0
32,16,1002,2,2,0,2,0,670,1,78,0,22,44,0
16,33,1000,0,0,0,0,0,484,1,26,0,0,5,0
33,16,1000,0,0,0,0,1,484,1,0,26,5,0,0
16,33,1001,1,1,1,0,0,1177,1,16,0,0,13,0
33,16,1001,1,1,0,1,1,704,1,0,3,0,0,0
16,33,1002,2,2,2,0,0,453,1,36,0,0,11,0
33,16,1002,2,2,0,2,1,502,1,0,26,5,0,0
16,34,1000,0,0,0,0,0,784,1,37,0,0,24,0
34,16,1000,0,0,0,0,1,784,1,0,37,24,0,0
16,34,1001,1,1,1,0,1,657,1,0,60,0,0,0
34,16,1001,1,1,0,1,0,800,1,57,0,0,0,0
16,34,1002,2,2,2,0,1,540,1,0,5,5,23,0
34,16,1002,2,2,0,2,0,420,1,28,0,15,0,0
16,35,1000,0,0,0,0,1,1653,1,0,83,9,31,0
35,16,1000,0,0,0,0,0,1653,1,83,0,31,9,0
16,35,1001,1,1,1,0,1,940,1,0,111,89,35,0
35,16,1001,1,1,0,1,0,761,1,107,0,7,61,0
16,35,1002,2,2,2,0,1,622,1,0,58,0,4,0
35,16,1002,2,2,0,2,0,669,1,46,0,10,2,0
16,36,1000,0,0,0,0,1,583,1,0,61,26,39,0
36,16,1000,0,0,0,0,0,583,1,61,0,39,26,0
16,36,1001,1,1,1,0,1,666,1,0,55,45,15,0
36,16,1001,1,1,0,1,0,508,1,95,0,23,32,0
16,36,1002,2,2,2,0,1,382,1,0,39,0,8,0
36,16,1002,2,2,0,2,0,304,1,47,0,11,0,0
16,37,1000,0,0,0,0,0,781,1,53,0,16,29,0
37,16,1000,0,0,0,0,1,781,1,0,53,29,16,0
16,37,1001,1,1,1,0,0,1518,1,3,0,47,69,0
37,16,1001,1,1,0,1,1,1206,1,0,31,34,54,0
16,37,1002,2,2,2,0,0,523,1,15,0,0,1,0
37,16,1002,2,2,0,2,1,517,1,0,33,17,0,0
16,38,1000,0,0,0,0,1,225,1,0,53,6,0,0
38,16,1000,0,0,0,0,0,225,1,53,0,0,6,0
16,38,1001,1,1,1,0,1,363,1,0,21,0,0,0
38,16,1001,1,1,0,1,0,364,1,21,0,0,0,0
16,38,1002,2,2,2,0,0,889,1,36,0,16,0,0
38,16,1002,2,2,0,2,0,498,1,9,0,0,10,0
16,39,1000,0,0,0,0,1,829,1,0,69,0,2,0
39,16,1000,0,0,0,0,0,829,1,69,0,2,0,0
16,39,1001,1,1,1,0,1,991,1,0,104,0,0,0
39,16,1001,1,1,0,1,0,1497,1,99,0,0,0,0
16,39,1002,2,2,2,0,1,451,1,0,71,0,12,0
39,16,1002,2,2,0,2,0,441,1,91,0,12,0,0
17,18,1000,0,0,0,0,0,423,1,28,0,0,0,0
18,17,1000,0,0,0,0,1,423,1,0,28,0,0,0
17,18,1001,1,1,1,0,0,669,1,46,0,0,0,0
18,17,1001,1,1,0,1,1,517,1,0,18,0,0,0
17,18,1002,2,2,2,0,0,581,1,7,0,0,2,0
18,17,1002,2,2,0,2,0,517,1,84,0,0,0,0
17,19,1000,0,0,0,0,0,412,1,84,0,0,0,0
19,17,1000,0,0,0,0,1,412,1,0,84,0,0,0
17,19,1001,1,1,1,0,0,529,1,56,0,14,0,0
19,17,1001,1,1,0,1,1,496,1,0,42,0,3,0
17,19,1002,2,2,2,0,0,913,1,61,0,14,13,0
19,17,1002,2,2,0,2,0,737,1,69,0,3,14,0
17,20,1000,0,0,0,0,1,952,1,0,52,0,36,0
20,17,1000,0,0,0,0,0,952,1,52,0,36,0,0
17,20,1001,1,1,1,0,1,686,1,0,26,20,11,0
20,17,1001,1,1,0,1,0,582,1,64,0,0,8,0
17,20,1002,2,2,2,0,1,678,1,0,110,0,53,0
20,17,1002,2,2,0,2,0,742,1,51,0,10,14,0
17,21,1000,0,0,0,0,0,431,1,54,0,0,37,0
21,17,1000,0,0,0,0,1,431,1,0,54,37,0,0
17,21,1001,1,1,1,0,1,615,1,0,35,0,0,0
21,17,1001,1,1,0,1,0,585,1,34,0,0,0,0
17,21,1002,2,2,2,0,1,539,1,0,92,0,0,0
21,17,1002,2,2,0,2,0,609,1,91,0,2,0,0
17,22,1000,0,0,0,0,0,628,1,70,0,5,0,0
22,17,1000,0,0,0,0,1,628,1,0,70,0,5,0
17,22,1001,1,1,1,0,0,439,1,52,0,0,0,0
22,17,1001,1,1,0,1,1,445,1,0,54,0,5,0
17,22,1002,2,2,2,0,0,574,1,9,0,0,18,0
22,17,1002,2,2,0,2,1,500,1,0,52,0,0,0
17,23,1000,0,0,0,0,0,181,1,86,0,13,0,0
23,17,1000,0,0,0,0,1,181,1,0,86,0,13,0
17,23,1001,1,1,1,0,0,262,1,87,0,0,10,0
23,17,1001,1,1,0,1,1,262,1,0,87,10,0,0
17,23,1002,2,2,2,0,0,320,1,79,0,0,0,0
23,17,1002,2,2,0,2,1,320,1,0,79,0,0,0
17,24,1000,0,0,0,0,0,394,1,34,0,22,0,0
24,17,1000,0,0,0,0,1,394,1,0,34,0,22,0
17,24,1001,1,1,1,0,0,418,1,61,0,0,0,0
24,17,1001,1,1,0,1,1,418,1,0,61,0,0,0
17,24,1002,2,2,2,0,1,531,1,0,39,0,0,0
24,17,1002,2,2,0,2,0,531,1,37,0,0,0,0
17,25,1000,0,0,0,0,0,685,1,13,0,0,0,0
25,17,1000,0,0,0,0,1,685,1,0,13,0,0,0
17,25,1001,1,1,1,0,0,454,1,64,0,0,2,0
25,17,1001,1,1,0,1,1,505,1,0,120,7,0,0
17,25,1002,2,2,2,0,0,493,1,26,0,0,0,0
25,17,1002,2,2,0,2,1,543,1,0,43,0,7,0
17,26,1000,0,0,0,0,1,364,1,0,52,0,0,0
26,17,1000,0,0,0,0,0,364,1,52,0,0,0,0
17,26,1001,1,1,1,0,0,409,1,11,0,0,0,0
26,17,1001,1,1,0,1,1,409,1,0,12,0,0,0
17,26,1002,2,2,2,0,0,436,1,78,0,0,0,0
26,17,1002,2,2,0,2,1,436,1,0,78,0,0,0
17,27,1000,0,0,0,0,1,731,1,0,50,4,8,0
27,17,1000,0,0,0,0,0,731,1,50,0,8,4,0
17,27,1001,1,1,1,0,1,706,1,0,2,19,22,0
27,17,1001,1,1,0,1,1,910,1,0,11,0,3,0
17,27,1002,2,2,2,0,1,998,1,0,93,0,40,0
27,17,1002,2,2,0,2,0,568,1,92,0,0,0,0
17,28,1000,0,0,0,0,0,576,1,49,0,0,0,0
28,17,1000,0,0,0,0,1,576,1,0,49,0,0,0
17,28,1001,1,1,1,0,1,448,1,0,97,0,9,0
28,17,1001,1,1,0,1,1,481,1,0,65,42,1,0
17,28,1002,2,2,2,0,0,528,1,22,0,0,8,0
28,17,1002,2,2,0,2,0,648,1,54,0,9,0,0
17,29,1000,0,0,0,0,0,673,1,18,0,0,0,0
29,17,1000,0,0,0,0,1,673,1,0,18,0,0,0
17,29,1001,1,1,1,0,1,421,1,0,48,0,0,0
29,17,1001,1,1,0,1,0,421,1,48,0,0,0,0
17,29,1002,2,2,2,0,1,505,1,0,88,0,0,0
29,17,1002,2,2,0,2,0,505,1,88,0,0,0,0
17,30,1000,0,0,0,0,0,337,1,92,0,0,0,0
30,17,1000,0,0,0,0,1,337,1,0,92,0,0,0
17,30,1001,1,1,1,0,0,558,1,53,0,0,0,0
30,17,1001,1,1,0,1,1,470,1,0,42,0,0,0
17,30,1002,2,2,2,0,0,505,1,20,0,0,19,0
30,17,1002,2,2,0,2,0,374,1,52,0,0,0,0
17,31,1000,0,0,0,0,1,629,1,0,68,0,0,0
31,17,1000,0,0,0,0,0,629,1,68,0,0,0,0
17,31,1001,1,1,1,0,0,381,1,57,0,0,0,0
31,17,1001,1,1,0,1,1,433,1,0,33,0,0,0
17,31,1002,2,2,2,0,1,532,1,0,58,0,0,0
31,17,1002,2,2,0,2,0,717,1,16,0,0,0,0
17,32,1000,0,0,0,0,1,745,1,0,37,0,0,0
32,17,1000,0,0,0,0,0,745,1,37,0,0,0,0
17,32,1001,1,1,1,0,0,406,1,61,0,0,0,0
32,17,1001,1,1,0,1,1,406,1,0,46,0,0,0
17,32,1002,2,2,2,0,1,877,1,0,108,34,91,0
32,17,1002,2,2,0,2,0,586,1,74,0,32,0,0
17,33,1000,0,0,0,0,0,328,1,125,0,0,11,0
33,17,1000,0,0,0,0,1,328,1,0,125,11,0,0
17,33,1001,1,1,1,0,0,343,1,117,0,0,21,0
33,17,1001,1,1,0,1,1,346,1,0,75,21,0,0
17,33,1002,2,2,2,0,0,358,1,130,0,0,22,0
33,17,1002,2,2,0,2,1,358,1,0,130,22,0,0
17,34,1000,0,0,0,0,1,678,1,0,25,7,14,0
34,17,1000,0,0,0,0,0,678,1,25,0,14,7,0
17,34,1001,1,1,1,0,1,336,1,0,68,0,0,0
34,17,1001,1,1,0,1,0,336,1,68,0,0,0,0
17,34,1002,2,2,2,0,1,450,1,0,48,16,0,0
34,17,1002,2,2,0,2,0,413,1,42,0,0,16,0
17,35,1000,0,0,0,0,1,644,1,0,53,0,0,0
35,17,1000,0,0,0,0,0,644,1,53,0,0,0,0
17,35,1001,1,1,1,0,1,593,1,0,55,12,0,0
35,17,1001,1,1,0,1,0,714,1,111,0,0,0,0
17,35,1002,2,2,2,0,1,748,1,0,88,15,0,0
35,17,1002,2,2,0,2,0,642,1,111,0,0,15,0
17,36,1000,0,0,0,0,0,439,1,8,0,0,0,0
36,17,1000,0,0,0,0,1,439,1,0,8,0,0,0
17,36,1001,1,1,1,0,0,469,1,9,0,0,0,0
36,17,1001,1,1,0,1,1,360,1,0,8,0,0,0
17,36,1002,2,2,2,0,1,462,1,0,18,0,0,0
36,17,1002,2,2,0,2,0,346,1,17,0,0,0,0
17,37,1000,0,0,0,0,0,799,1,49,0,0,0,0
37,17,1000,0,0,0,0,1,799,1,0,49,0,0,0
17,37,1001,1,1,1,0,0,466,1,82,0,0,0,0
37,17,1001,1,1,0,1,1,443,1,0,56,0,0,0
17,37,1002,2,2,2,0,0,424,1,74,0,0,15,0
37,17,1002,2,2,0,2,1,514,1,0,49,15,1,0
17,38,1000,0,0,0,0,0,502,1,22,0,0,0,0
38,17,1000,0,0,0,0,1,502,1,0,22,0,0,0
17,38,1001,1,1,1,0,1,331,1,0,30,0,0,0
38,17,1001,1,1,0,1,1,753,1,0,19,0,11,0
17,38,1002,2,2,2,0,1,505,1,0,68,0,0,0
38,17,1002,2,2,0,2,0,364,1,66,0,0,0,0
17,39,1000,0,0,0,0,0,517,1,45,0,10,0,0
39,17,1000,0,0,0,0,1,517,1,0,45,0,10,0
17,39,1001,1,1,1,0,0,256,1,95,0,0,0,0
39,17,1001,1,1,0,1,1,256,1,0,95,0,0,0
17,39,1002,2,2,2,0,0,571,1,35,0,17,15,0
39,17,1002,2,2,0,2,1,571,1,0,35,15,17,0
18,19,1000,0,0,0,0,1,500,1,0,100,87,47,0
19,18,1000,0,0,0,0,0,500,1,100,0,47,87,0
18,19,1001,1,1,1,0,1,661,1,0,90,14,0,0
19,18,1001,1,1,0,1,0,696,1,78,0,0,14,0
18,19,1002,2,2,2,0,1,1205,1,0,35,121,157,0
19,18,1002,2,2,0,2,0,1622,1,42,0,109,58,0
18,20,1000,0,0,0,0,1,1003,1,0,115,12,29,0
20,18,1000,0,0,0,0,0,1003,1,115,0,29,12,0
18,20,1001,1,1,1,0,1,1126,1,0,54,17,58,0
20,18,1001,1,1,0,1,0,1192,1,10,0,77,31,0
18,20,1002,2,2,2,0,1,1231,1,0,62,18,60,0
20,18,1002,2,2,0,2,0,839,1,84,0,28,1,0
18,21,1000,0,0,0,0,0,1197,1,33,0,55,49,0
21,18,1000,0,0,0,0,1,1197,1,0,33,49,55,0
18,21,1001,1,1,1,0,0,1539,1,69,0,70,122,0
21,18,1001,1,1,0,1,0,1408,1,47,0,50,12,0
18,21,1002,2,2,2,0,0,391,1,57,0,0,0,0
21,18,1002,2,2,0,2,-1,745,1,0,0,4,0,0
18,22,1000,0,0,0,0,0,1081,1,37,0,44,8,0
22,18,1000,0,0,0,0,1,1081,1,0,37,8,44,0
18,22,1001,1,1,1,0,1,927,1,0,58,20,32,0
22,18,1001,1,1,0,1,1,1651,1,0,2,35,26,0
18,22,1002,2,2,2,0,0,630,1,15,0,9,16,0
22,18,1002,2,2,0,2,1,631,1,0,37,16,9,0
18,23,1000,0,0,0,0,0,1174,1,31,0,0,0,0
23,18,1000,0,0,0,0,1,1174,1,0,31,0,0,0
18,23,1001,1,1,1,0,1,534,1,0,95,4,0,0
23,18,1001,1,1,0,1,0,570,1,38,0,0,4,0
18,23,1002,2,2,2,0,0,661,1,61,0,8,15,0
23,18,1002,2,2,0,2,1,775,1,0,14,0,0,0
18,24,1000,0,0,0,0,0,1150,1,15,0,6,0,0
24,18,1000,0,0,0,0,1,1150,1,0,15,0,6,0
18,24,1001,1,1,1,0,1,971,1,0,41,22,49,0
24,18,1001,1,1,0,1,0,971,1,35,0,49,22,0
18,24,1002,2,2,2,0,1,1009,1,0,19,0,5,0
24,18,1002,2,2,0,2,0,1009,1,19,0,5,0,0
18,25,1000,0,0,0,0,1,606,1,0,80,0,0,0
25,18,1000,0,0,0,0,0,606,1,80,0,0,0,0
18,25,1001,1,1,1,0,1,352,1,0,118,5,46,0
25,18,1001,1,1,0,1,0,352,1,118,0,46,5,0
18,25,1002,2,2,2,0,1,730,1,0,20,0,7,0
25,18,1002,2,2,0,2,0,493,1,80,0,1,0,0
18,26,1000,0,0,0,0,0,1642,1,14,0,7,26,0
26,18,1000,0,0,0,0,1,1642,1,0,14,26,7,0
18,26,1001,1,1,1,0,1,833,1,0,18,67,1,0
26,18,1001,1,1,0,1,0,728,1,16,0,0,29,0
18,26,1002,2,2,2,0,1,865,1,0,6,0,0,0
26,18,1002,2,2,0,2,1,841,1,0,57,0,0,0
18,27,1000,0,0,0,0,0,654,1,35,0,35,22,0
27,18,1000,0,0,0,0,1,654,1,0,35,22,35,0
18,27,1001,1,1,1,0,0,733,1,38,0,14,0,0
27,18,1001,1,1,0,1,0,892,1,29,0,1,14,0
18,27,1002,2,2,2,0,0,798,1,68,0,77,61,0
27,18,1002,2,2,0,2,0,780,1,37,0,83,111,0
18,28,1000,0,0,0,0,1,420,1,0,22,19,4,0
28,18,1000,0,0,0,0,0,420,1,22,0,4,19,0
18,28,1001,1,1,1,0,1,435,1,0,20,13,39,0
28,18,1001,1,1,0,1,0,570,1,22,0,39,13,0
18,28,1002,2,2,2,0,1,1272,1,0,52,104,107,0
28,18,1002,2,2,0,2,0,561,1,18,0,123,76,0
18,29,1000,0,0,0,0,1,1573,1,0,45,0,2,0
29,18,1000,0,0,0,0,0,1573,1,45,0,2,0,0
18,29,1001,1,1,1,0,1,953,1,0,94,18,5,0
29,18,1001,1,1,0,1,0,953,1,106,0,5,18,0
18,29,1002,2,2,2,0,1,826,1,0,60,13,19,0
29,18,1002,2,2,0,2,1,1090,1,0,37,19,13,0
18,30,1000,0,0,0,0,1,1549,1,0,44,65,31,0
30,18,1000,0,0,0,0,0,1549,1,44,0,31,65,0
18,30,1001,1,1,1,0,0,547,1,16,0,0,0,0
30,18,1001,1,1,0,1,1,916,1,0,18,4,13,0
18,30,1002,2,2,2,0,0,1675,1,95,0,111,191,0
30,18,1002,2,2,0,2,1,1525,1,0,35,204,180,0
18,31,1000,0,0,0,0,1,1229,1,0,48,12,28,0
31,18,1000,0,0,0,0,0,1229,1,48,0,28,12,0
18,31,1001,1,1,1,0,1,1228,1,0,139,7,13,0
31,18,1001,1,1,0,1,0,1263,1,139,0,12,1,0
18,31,1002,2,2,2,0,1,1336,1,0,4,29,26,0
31,18,1002,2,2,0,2,0,970,1,28,0,20,19,0
18,32,1000,0,0,0,0,1,326,1,0,30,7,0,0
32,18,1000,0,0,0,0,0,326,1,30,0,0,7,0
18,32,1001,1,1,1,0,1,325,1,0,42,6,0,0
32,18,1001,1,1,0,1,0,710,1,40,0,25,6,0
18,32,1002,2,2,2,0,0,463,1,62,0,16,0,0
32,18,1002,2,2,0,2,1,388,1,0,62,0,16,0
18,33,1000,0,0,0,0,0,523,1,82,0,6,3,0
33,18,1000,0,0,0,0,1,523,1,0,82,3,6,0
18,33,1001,1,1,1,0,0,1180,1,71,0,45,33,0
33,18,1001,1,1,0,1,1,1402,1,0,94,25,14,0
18,33,1002,2,2,2,0,1,473,1,0,17,1,9,0
33,18,1002,2,2,0,2,1,595,1,0,77,0,16,0
18,34,1000,0,0,0,0,0,952,1,37,0,33,27,0
34,18,1000,0,0,0,0,1,952,1,0,37,27,33,0
18,34,1001,1,1,1,0,1,822,1,0,33,64,16,0
34,18,1001,1,1,0,1,0,820,1,65,0,16,64,0
18,34,1002,2,2,2,0,0,659,1,37,0,21,7,0
34,18,1002,2,2,0,2,0,637,1,9,0,7,21,0
18,35,1000,0,0,0,0,1,1459,1,0,99,56,40,0
35,18,1000,0,0,0,0,0,1459,1,99,0,40,56,0
18,35,1001,1,1,1,0,1,1385,1,0,85,56,0,0
35,18,1001,1,1,0,1,0,1833,1,19,0,0,12,0
18,35,1002,2,2,2,0,0,1165,1,42,0,127,73,0
35,18,1002,2,2,0,2,1,1217,1,0,72,69,113,0
18,36,1000,0,0,0,0,1,1051,1,0,82,42,49,0
36,18,1000,0,0,0,0,0,1051,1,82,0,49,42,0
18,36,1001,1,1,1,0,1,523,1,0,104,21,0,0
36,18,1001,1,1,0,1,0,613,1,64,0,6,19,0
18,36,1002,2,2,2,0,1,823,1,0,68,51,64,0
36,18,1002,2,2,0,2,0,877,1,68,0,82,46,0
18,37,1000,0,0,0,0,0,1165,1,73,0,0,16,0
37,18,1000,0,0,0,0,1,1165,1,0,73,16,0,0
18,37,1001,1,1,1,0,0,766,1,85,0,41,19,0
37,18,1001,1,1,0,1,0,1201,1,74,0,40,75,0
18,37,1002,2,2,2,0,0,340,1,77,0,16,13,0
37,18,1002,2,2,0,2,1,415,1,0,31,0,0,0
18,38,1000,0,0,0,0,-1,298,1,0,0,9,0,0
38,18,1000,0,0,0,0,-1,298,1,0,0,0,9,0
18,38,1001,1,1,1,0,1,315,1,0,93,7,0,0
38,18,1001,1,1,0,1,1,553,1,0,20,0,10,0
18,38,1002,2,2,2,0,0,298,1,21,0,9,0,0
38,18,1002,2,2,0,2,0,381,1,3,0,0,9,0
18,39,1000,0,0,0,0,0,1045,1,46,0,3,0,0
39,18,1000,0,0,0,0,1,1045,1,0,46,0,3,0
18,39,1001,1,1,1,0,1,892,1,0,123,27,1,0
39,18,1001,1,1,0,1,0,666,1,123,0,1,27,0
18,39,1002,2,2,2,0,1,562,1,0,84,0,2,0
39,18,1002,2,2,0,2,0,562,1,78,0,2,0,0
19,20,1000,0,0,0,0,1,1282,1,0,20,113,113,0
20,19,1000,0,0,0,0,0,1282,1,20,0,113,113,0
19,20,1001,1,1,1,0,1,1868,1,0,21,32,84,0
20,19,1001,1,1,0,1,0,943,1,52,0,54,0,0
19,20,1002,2,2,2,0,1,817,1,0,103,13,50,0
20,19,1002,2,2,0,2,0,958,1,84,0,115,74,0
19,21,1000,0,0,0,0,0,770,1,103,0,4,17,0
21,19,1000,0,0,0,0,1,770,1,0,103,17,4,0
19,21,1001,1,1,1,0,0,1534,1,34,0,64,11,0
21,19,1001,1,1,0,1,1,1120,1,0,46,12,0,0
19,21,1002,2,2,2,0,0,700,1,92,0,23,16,0
21,19,1002,2,2,0,2,1,869,1,0,117,20,34,0
19,22,1000,0,0,0,0,0,988,1,24,0,42,0,0
22,19,1000,0,0,0,0,1,988,1,0,24,0,42,0
19,22,1001,1,1,1,0,0,1659,1,77,0,16,17,0
22,19,1001,1,1,0,1,1,1397,1,0,42,16,13,0
19,22,1002,2,2,2,0,0,913,1,112,0,16,1,0
22,19,1002,2,2,0,2,1,793,1,0,37,5,0,0
19,23,1000,0,0,0,0,0,922,1,26,0,18,0,0
23,19,1000,0,0,0,0,1,922,1,0,26,0,18,0
19,23,1001,1,1,1,0,1,969,1,0,10,58,0,0
23,19,1001,1,1,0,1,1,546,1,0,18,8,0,0
19,23,1002,2,2,2,0,0,631,1,35,0,19,0,0
23,19,1002,2,2,0,2,1,853,1,0,22,21,0,0
19,24,1000,0,0,0,0,0,934,1,41,0,0,20,0
24,19,1000,0,0,0,0,1,934,1,0,41,20,0,0
19,24,1001,1,1,1,0,1,983,1,0,68,11,24,0
24,19,1001,1,1,0,1,0,1300,1,55,0,29,23,0
19,24,1002,2,2,2,0,0,843,1,29,0,24,9,0
24,19,1002,2,2,0,2,0,907,1,1,0,9,24,0
19,25,1000,0,0,0,0,1,460,1,0,114,0,7,0
25,19,1000,0,0,0,0,0,460,1,114,0,7,0,0
19,25,1001,1,1,1,0,1,640,1,0,38,0,23,0
25,19,1001,1,1,0,1,0,832,1,47,0,35,11,0
19,25,1002,2,2,2,0,0,930,1,14,0,6,19,0
25,19,1002,2,2,0,2,1,929,1,0,6,19,6,0
19,26,1000,0,0,0,0,0,881,1,81,0,26,20,0
26,19,1000,0,0,0,0,1,881,1,0,81,20,26,0
19,26,1001,1,1,1,0,1,878,1,0,25,74,55,0
26,19,1001,1,1,0,1,1,952,1,0,19,5,82,0
19,26,1002,2,2,2,0,1,716,1,0,35,27,0,0
26,19,1002,2,2,0,2,1,640,1,0,75,0,0,0
19,27,1000,0,0,0,0,0,816,1,44,0,93,137,0
27,19,1000,0,0,0,0,1,816,1,0,44,137,93,0
19,27,1001,1,1,1,0,0,616,1,38,0,25,0,0
27,19,1001,1,1,0,1,1,745,1,0,18,0,19,0
19,27,1002,2,2,2,0,0,793,1,100,0,133,161,0
27,19,1002,2,2,0,2,1,620,1,0,108,164,106,0
19,28,1000,0,0,0,0,1,351,1,0,69,45,26,0
28,19,1000,0,0,0,0,0,351,1,69,0,26,45,0
19,28,1001,1,1,1,0,0,568,1,13,0,21,0,0
28,19,1001,1,1,0,1,0,558,1,17,0,0,21,0
19,28,1002,2,2,2,0,1,1148,1,0,32,180,134,0
28,19,1002,2,2,0,2,1,1269,1,0,41,232,204,0
19,29,1000,0,0,0,0,0,1484,1,16,0,47,34,0
29,19,1000,0,0,0,0,1,1484,1,0,16,34,47,0
19,29,1001,1,1,1,0,1,1180,1,0,37,5,0,0
29,19,1001,1,1,0,1,0,1171,1,54,0,0,5,0
19,29,1002,2,2,2,0,1,874,1,0,49,0,18,0
29,19,1002,2,2,0,2,0,1072,1,49,0,18,0,0
19,30,1000,0,0,0,0,0,880,1,112,0,27,20,0
30,19,1000,0,0,0,0,1,880,1,0,112,20,27,0
19,30,1001,1,1,1,0,1,1585,1,0,34,15,14,0
30,19,1001,1,1,0,1,1,2075,1,0,31,57,159,0
19,30,1002,2,2,2,0,0,793,1,107,0,66,50,0
30,19,1002,2,2,0,2,1,424,1,0,96,35,38,0
19,31,1000,0,0,0,0,0,1079,1,8,0,52,9,0
31,19,1000,0,0,0,0,1,1079,1,0,8,9,52,0
19,31,1001,1,1,1,0,1,1891,1,0,36,72,141,0
31,19,1001,1,1,0,1,0,1705,1,15,0,70,16,0
19,31,1002,2,2,2,0,0,955,1,87,0,0,11,0
31,19,1002,2,2,0,2,1,1147,1,0,40,33,18,0
19,32,1000,0,0,0,0,0,556,1,34,0,31,8,0
32,19,1000,0,0,0,0,1,556,1,0,34,8,31,0
19,32,1001,1,1,1,0,1,751,1,0,1,15,14,0
32,19,1001,1,1,0,1,1,901,1,0,50,74,128,0
19,32,1002,2,2,2,0,0,367,1,94,0,52,4,0
32,19,1002,2,2,0,2,1,486,1,0,94,4,52,0
19,33,1000,0,0,0,0,0,844,1,69,0,30,44,0
33,19,1000,0,0,0,0,1,844,1,0,69,44,30,0
19,33,1001,1,1,1,0,0,831,1,76,0,15,13,0
33,19,1001,1,1,0,1,1,986,1,0,80,47,96,0
19,33,1002,2,2,2,0,0,691,1,29,0,37,0,0
33,19,1002,2,2,0,2,1,595,1,0,44,1,34,0
19,34,1000,0,0,0,0,0,673,1,53,0,0,0,0
34,19,1000,0,0,0,0,1,673,1,0,53,0,0,0
19,34,1001,1,1,1,0,1,1129,1,0,49,79,32,0
34,19,1001,1,1,0,1,0,967,1,19,0,26,23,0
19,34,1002,2,2,2,0,0,722,1,70,0,0,3,0
34,19,1002,2,2,0,2,0,720,1,12,0,3,0,0
19,35,1000,0,0,0,0,0,1930,1,64,0,5,10,0
35,19,1000,0,0,0,0,1,1930,1,0,64,10,5,0
19,35,1001,1,1,1,0,0,1757,1,22,0,162,102,0
35,19,1001,1,1,0,1,0,1626,1,43,0,75,197,0
19,35,1002,2,2,2,0,0,919,1,59,0,95,46,0
35,19,1002,2,2,0,2,1,652,1,0,59,19,9,0
19,36,1000,0,0,0,0,1,1074,1,0,71,131,129,0
36,19,1000,0,0,0,0,0,1074,1,71,0,129,131,0
19,36,1001,1,1,1,0,1,1272,1,0,71,39,7,0
36,19,1001,1,1,0,1,0,1415,1,13,0,0,66,0
19,36,1002,2,2,2,0,1,619,1,0,15,42,35,0
36,19,1002,2,2,0,2,0,643,1,11,0,29,31,0
19,37,1000,0,0,0,0,0,1018,1,50,0,0,0,0
37,19,1000,0,0,0,0,1,1018,1,0,50,0,0,0
19,37,1001,1,1,1,0,0,1005,1,55,0,88,33,0
37,19,1001,1,1,0,1,1,1222,1,0,118,12,12,0
19,37,1002,2,2,2,0,0,453,1,92,0,18,20,0
37,19,1002,2,2,0,2,1,513,1,0,65,0,0,0
19,38,1000,0,0,0,0,0,313,1,1,0,17,0,0
38,19,1000,0,0,0,0,1,313,1,0,1,0,17,0
19,38,1001,1,1,1,0,1,574,1,0,25,7,0,0
38,19,1001,1,1,0,1,0,466,1,18,0,0,17,0
19,38,1002,2,2,2,0,1,378,1,0,35,162,39,0
38,19,1002,2,2,0,2,1,505,1,0,9,83,136,0
19,39,1000,0,0,0,0,1,892,1,0,42,2,14,0
39,19,1000,0,0,0,0,0,892,1,42,0,14,2,0
19,39,1001,1,1,1,0,1,1059,1,0,98,8,0,0
39,19,1001,1,1,0,1,0,1042,1,95,0,0,8,0
19,39,1002,2,2,2,0,1,830,1,0,34,2,13,0
39,19,1002,2,2,0,2,0,862,1,59,0,13,2,0
20,21,1000,0,0,0,0,0,457,1,104,0,50,3,0
21,20,1000,0,0,0,0,1,457,1,0,104,3,50,0
20,21,1001,1,1,1,0,0,617,1,90,0,50,0,0
21,20,1001,1,1,0,1,1,1231,1,0,99,81,148,0
20,21,1002,2,2,2,0,0,1000,1,76,0,71,49,0
21,20,1002,2,2,0,2,1,1118,1,0,72,17,18,0
20,22,1000,0,0,0,0,0,1660,1,72,0,222,178,0
22,20,1000,0,0,0,0,1,1660,1,0,72,178,222,0
20,22,1001,1,1,1,0,0,784,1,118,0,73,139,0
22,20,1001,1,1,0,1,1,1480,1,0,28,25,0,0
20,22,1002,2,2,2,0,0,1160,1,96,0,0,4,0
22,20,1002,2,2,0,2,1,1365,1,0,106,51,49,0
20,23,1000,0,0,0,0,0,618,1,75,0,12,9,0
23,20,1000,0,0,0,0,1,618,1,0,75,9,12,0
20,23,1001,1,1,1,0,0,815,1,79,0,49,89,0
23,20,1001,1,1,0,1,1,780,1,0,71,16,10,0
20,23,1002,2,2,2,0,0,650,1,118,0,13,0,0
23,20,1002,2,2,0,2,1,452,1,0,105,0,11,0
20,24,1000,0,0,0,0,0,1213,1,52,0,75,121,0
24,20,1000,0,0,0,0,1,1213,1,0,52,121,75,0
20,24,1001,1,1,1,0,1,1072,1,0,34,56,12,0
24,20,1001,1,1,0,1,0,1288,1,59,0,37,16,0
20,24,1002,2,2,2,0,1,1180,1,0,12,73,49,0
24,20,1002,2,2,0,2,1,1097,1,0,60,74,46,0
20,25,1000,0,0,0,0,1,1035,1,0,70,23,83,0
25,20,1000,0,0,0,0,0,1035,1,70,0,83,23,0
20,25,1001,1,1,1,0,1,832,1,0,66,0,16,0
25,20,1001,1,1,0,1,0,1243,1,65,0,36,24,0
20,25,1002,2,2,2,0,0,1645,1,55,0,92,57,0
25,20,1002,2,2,0,2,1,1199,1,0,77,169,162,0
20,26,1000,0,0,0,0,0,430,1,81,0,0,18,0
26,20,1000,0,0,0,0,1,430,1,0,81,18,0,0
20,26,1001,1,1,1,0,0,433,1,103,0,46,0,0
26,20,1001,1,1,0,1,1,748,1,0,49,0,58,0
20,26,1002,2,2,2,0,0,742,1,80,0,54,3,0
26,20,1002,2,2,0,2,1,434,1,0,102,0,45,0
20,27,1000,0,0,0,0,0,748,1,118,0,177,61,0
27,20,1000,0,0,0,0,1,748,1,0,118,61,177,0
20,27,1001,1,1,1,0,0,1267,1,42,0,61,0,0
27,20,1001,1,1,0,1,1,820,1,0,68,2,34,0
20,27,1002,2,2,2,0,0,473,1,62,0,98,24,0
27,20,1002,2,2,0,2,1,1458,1,0,90,159,210,0
20,28,1000,0,0,0,0,0,748,1,29,0,16,76,0
28,20,1000,0,0,0,0,1,748,1,0,29,76,16,0
20,28,1001,1,1,1,0,0,809,1,11,0,19,0,0
28,20,1001,1,1,0,1,1,961,1,0,11,55,38,0
20,28,1002,2,2,2,0,0,1397,1,15,0,131,91,0
28,20,1002,2,2,0,2,1,476,1,0,87,41,91,0
20,29,1000,0,0,0,0,1,1583,1,0,31,42,0,0
29,20,1000,0,0,0,0,1,1725,1,0,80,0,81,0
20,29,1001,1,1,1,0,1,1471,1,0,64,31,64,0
29,20,1001,1,1,0,1,0,1916,1,49,0,29,143,0
20,29,1002,2,2,2,0,0,1356,1,34,0,0,54,0
29,20,1002,2,2,0,2,0,1591,1,4,0,51,0,0
20,30,1000,0,0,0,0,0,379,1,79,0,0,13,0
30,20,1000,0,0,0,0,1,379,1,0,79,13,0,0
20,30,1001,1,1,1,0,0,1242,1,31,0,9,12,0
30,20,1001,1,1,0,1,1,1645,1,0,93,89,95,0
20,30,1002,2,2,2,0,0,1107,1,90,0,12,38,0
30,20,1002,2,2,0,2,1,626,1,0,107,47,120,0
20,31,1000,0,0,0,0,0,1498,1,27,0,66,30,0
31,20,1000,0,0,0,0,1,1498,1,0,27,30,66,0
20,31,1001,1,1,1,0,1,2105,1,0,29,195,40,0
31,20,1001,1,1,0,1,0,2113,1,85,0,77,121,0
20,31,1002,2,2,2,0,1,1732,1,0,10,210,84,0
31,20,1002,2,2,0,2,1,775,1,0,118,48,48,0
20,32,1000,0,0,0,0,0,676,1,9,0,10,0,0
32,20,1000,0,0,0,0,1,676,1,0,9,0,10,0
20,32,1001,1,1,1,0,0,1759,1,3,0,292,126,0
32,20,1001,1,1,0,1,0,1279,1,43,0,59,109,0
20,32,1002,2,2,2,0,0,1716,1,7,0,137,94,0
32,20,1002,2,2,0,2,0,1300,1,40,0,84,64,0
20,33,1000,0,0,0,0,0,483,1,108,0,55,0,0
33,20,1000,0,0,0,0,1,483,1,0,108,0,55,0
20,33,1001,1,1,1,0,0,435,1,108,0,24,11,0
33,20,1001,1,1,0,1,1,561,1,0,93,0,65,0
20,33,1002,2,2,2,0,0,512,1,88,0,0,21,0
33,20,1002,2,2,0,2,1,364,1,0,78,31,7,0
20,34,1000,0,0,0,0,0,797,1,84,0,53,90,0
34,20,1000,0,0,0,0,1,797,1,0,84,90,53,0
20,34,1001,1,1,1,0,0,769,1,57,0,43,56,0
34,20,1001,1,1,0,1,1,745,1,0,63,0,26,0
20,34,1002,2,2,2,0,0,547,1,98,0,53,1,0
34,20,1002,2,2,0,2,1,960,1,0,72,53,116,0
20,35,1000,0,0,0,0,0,764,1,103,0,37,0,0
35,20,1000,0,0,0,0,1,764,1,0,103,0,37,0
20,35,1001,1,1,1,0,1,1847,1,0,85,208,87,0
35,20,1001,1,1,0,1,0,1896,1,106,0,19,96,0
20,35,1002,2,2,2,0,0,1832,1,58,0,221,30,0
35,20,1002,2,2,0,2,1,1165,1,0,103,83,157,0
20,36,1000,0,0,0,0,1,763,1,0,8,31,18,0
36,20,1000,0,0,0,0,0,763,1,8,0,18,31,0
20,36,1001,1,1,1,0,0,901,1,60,0,24,0,0
36,20,1001,1,1,0,1,1,972,1,0,11,0,39,0
20,36,1002,2,2,2,0,0,748,1,85,0,90,32,0
36,20,1002,2,2,0,2,1,1726,1,0,92,48,118,0
20,37,1000,0,0,0,0,0,589,1,116,0,0,13,0
37,20,1000,0,0,0,0,1,589,1,0,116,13,0,0
20,37,1001,1,1,1,0,0,412,1,104,0,33,0,0
37,20,1001,1,1,0,1,1,845,1,0,94,0,25,0
20,37,1002,2,2,2,0,0,795,1,90,0,103,95,0
37,20,1002,2,2,0,2,1,554,1,0,92,38,129,0
20,38,1000,0,0,0,0,1,539,1,0,8,40,28,0
38,20,1000,0,0,0,0,0,539,1,8,0,28,40,0
20,38,1001,1,1,1,0,1,1083,1,0,10,81,22,0
38,20,1001,1,1,0,1,0,521,1,55,0,0,15,0
20,38,1002,2,2,2,0,0,793,1,12,0,27,0,0
38,20,1002,2,2,0,2,1,568,1,0,28,0,18,0
20,39,1000,0,0,0,0,1,1450,1,0,87,10,10,0
39,20,1000,0,0,0,0,0,1450,1,87,0,10,10,0
20,39,1001,1,1,1,0,1,1177,1,0,71,82,54,0
39,20,1001,1,1,0,1,0,850,1,126,0,0,1,0
20,39,1002,2,2,2,0,0,1565,1,15,0,43,41,0
39,20,1002,2,2,0,2,0,2319,1,41,0,99,164,0
21,22,1000,0,0,0,0,0,1367,1,17,0,4,5,0
22,21,1000,0,0,0,0,1,1367,1,0,17,5,4,0
21,22,1001,1,1,1,0,1,977,1,0,57,22,46,0
22,21,1001,1,1,0,1,0,1070,1,36,0,0,5,0
21,22,1002,2,2,2,0,0,1296,1,61,0,14,38,0
22,21,1002,2,2,0,2,1,1252,1,0,61,38,14,0
21,23,1000,0,0,0,0,0,408,1,74,0,0,0,0
23,21,1000,0,0,0,0,1,408,1,0,74,0,0,0
21,23,1001,1,1,1,0,0,528,1,19,0,0,9,0
23,21,1001,1,1,0,1,0,567,1,3,0,9,0,0
21,23,1002,2,2,2,0,0,786,1,22,0,4,0,0
23,21,1002,2,2,0,2,1,786,1,0,22,0,4,0
21,24,1000,0,0,0,0,1,1185,1,0,30,0,0,0
24,21,1000,0,0,0,0,0,1185,1,30,0,0,0,0
21,24,1001,1,1,1,0,1,490,1,0,105,7,6,0
24,21,1001,1,1,0,1,0,490,1,91,0,6,7,0
21,24,1002,2,2,2,0,0,1223,1,53,0,0,26,0
24,21,1002,2,2,0,2,0,970,1,44,0,7,0,0
21,25,1000,0,0,0,0,1,561,1,0,57,0,12,0
25,21,1000,0,0,0,0,0,561,1,57,0,12,0,0
21,25,1001,1,1,1,0,1,400,1,0,116,0,13,0
25,21,1001,1,1,0,1,0,793,1,39,0,40,12,0
21,25,1002,2,2,2,0,1,853,1,0,70,8,0,0
25,21,1002,2,2,0,2,1,1015,1,0,18,14,12,0
21,26,1000,0,0,0,0,1,805,1,0,38,17,16,0
26,21,1000,0,0,0,0,0,805,1,38,0,16,17,0
21,26,1001,1,1,1,0,1,438,1,0,80,0,0,0
26,21,1001,1,1,0,1,0,427,1,80,0,0,0,0
21,26,1002,2,2,2,0,1,902,1,0,54,14,0,0
26,21,1002,2,2,0,2,1,1318,1,0,25,9,30,0
21,27,1000,0,0,0,0,0,559,1,16,0,7,3,0
27,21,1000,0,0,0,0,1,559,1,0,16,3,7,0
21,27,1001,1,1,1,0,1,628,1,0,23,4,0,0
27,21,1001,1,1,0,1,0,775,1,65,0,47,47,0
21,27,1002,2,2,2,0,1,673,1,0,7,84,38,0
27,21,1002,2,2,0,2,1,682,1,0,7,0,21,0
21,28,1000,0,0,0,0,1,349,1,0,80,0,5,0
28,21,1000,0,0,0,0,0,349,1,80,0,5,0,0
21,28,1001,1,1,1,0,1,759,1,0,66,14,0,0
28,21,1001,1,1,0,1,0,913,1,68,0,38,14,0
21,28,1002,2,2,2,0,1,967,1,0,38,20,37,0
28,21,1002,2,2,0,2,0,366,1,108,0,65,15,0
21,29,1000,0,0,0,0,1,503,1,0,130,7,0,0
29,21,1000,0,0,0,0,0,631,1,130,0,0,7,0
21,29,1001,1,1,1,0,1,635,1,0,99,10,7,0
29,21,1001,1,1,0,1,0,673,1,110,0,7,10,0
21,29,1002,2,2,2,0,1,1722,1,0,42,29,45,0
29,21,1002,2,2,0,2,0,1610,1,102,0,48,4,0
21,30,1000,0,0,0,0,1,580,1,0,58,0,6,0
30,21,1000,0,0,0,0,0,580,1,58,0,6,0,0
21,30,1001,1,1,1,0,1,619,1,0,102,0,0,0
30,21,1001,1,1,0,1,0,559,1,44,0,1,0,0
21,30,1002,2,2,2,0,1,1168,1,0,72,51,69,0
30,21,1002,2,2,0,2,0,1600,1,4,0,180,179,0
21,31,1000,0,0,0,0,1,903,1,0,123,7,22,0
31,21,1000,0,0,0,0,0,903,1,123,0,22,7,0
21,31,1001,1,1,1,0,1,610,1,0,70,0,26,0
31,21,1001,1,1,0,1,0,557,1,75,0,13,0,0
21,31,1002,2,2,2,0,1,1147,1,0,56,24,2,0
31,21,1002,2,2,0,2,0,1514,1,18,0,28,11,0
21,32,1000,0,0,0,0,0,317,1,18,0,2,0,0
32,21,1000,0,0,0,0,1,317,1,0,18,0,2,0
21,32,1001,1,1,1,0,1,606,1,0,80,12,22,0
32,21,1001,1,1,0,1,0,484,1,66,0,0,0,0
21,32,1002,2,2,2,0,1,404,1,0,80,5,0,0
32,21,1002,2,2,0,2,0,583,1,80,0,5,5,0
21,33,1000,0,0,0,0,0,694,1,53,0,0,16,0
33,21,1000,0,0,0,0,1,694,1,0,53,16,0,0
21,33,1001,1,1,1,0,0,831,1,66,0,8,7,0
33,21,1001,1,1,0,1,1,734,1,0,36,10,16,0
21,33,1002,2,2,2,0,0,777,1,12,0,2,32,0
33,21,1002,2,2,0,2,1,620,1,0,82,29,2,0
21,34,1000,0,0,0,0,0,754,1,50,0,0,0,0
34,21,1000,0,0,0,0,1,754,1,0,50,0,0,0
21,34,1001,1,1,1,0,1,508,1,0,58,15,41,0
34,21,1001,1,1,0,1,0,534,1,29,0,32,34,0
21,34,1002,2,2,2,0,0,924,1,43,0,4,18,0
34,21,1002,2,2,0,2,1,892,1,0,41,18,4,0
21,35,1000,0,0,0,0,1,869,1,0,95,0,4,0
35,21,1000,0,0,0,0,0,869,1,95,0,4,0,0
21,35,1001,1,1,1,0,1,616,1,0,111,0,0,0
35,21,1001,1,1,0,1,0,799,1,93,0,0,31,0
21,35,1002,2,2,2,0,1,1549,1,0,111,83,52,0
35,21,1002,2,2,0,2,0,1593,1,70,0,158,201,0
21,36,1000,0,0,0,0,1,892,1,0,63,0,22,0
36,21,1000,0,0,0,0,0,892,1,63,0,22,0,0
21,36,1001,1,1,1,0,1,337,1,0,104,0,0,0
36,21,1001,1,1,0,1,0,361,1,90,0,0,4,0
21,36,1002,2,2,2,0,1,781,1,0,88,31,30,0
36,21,1002,2,2,0,2,0,955,1,102,0,144,92,0
21,37,1000,0,0,0,0,0,1702,1,26,0,31,172,0
37,21,1000,0,0,0,0,1,1702,1,0,26,172,31,0
21,37,1001,1,1,1,0,1,769,1,0,82,0,15,0
37,21,1001,1,1,0,1,0,610,1,68,0,27,0,0
21,37,1002,2,2,2,0,0,1007,1,57,0,40,67,0
37,21,1002,2,2,0,2,1,1574,1,0,41,86,34,0
21,38,1000,0,0,0,0,0,536,1,26,0,0,0,0
38,21,1000,0,0,0,0,1,536,1,0,26,0,0,0
21,38,1001,1,1,1,0,1,547,1,0,46,0,2,0
38,21,1001,1,1,0,1,0,564,1,32,0,27,3,0
21,38,1002,2,2,2,0,1,515,1,0,77,0,0,0
38,21,1002,2,2,0,2,0,654,1,49,0,0,3,0
21,39,1000,0,0,0,0,1,948,1,0,56,0,0,0
39,21,1000,0,0,0,0,0,948,1,56,0,0,0,0
21,39,1001,1,1,1,0,1,993,1,0,72,8,29,0
39,21,1001,1,1,0,1,0,1084,1,88,0,30,8,0
21,39,1002,2,2,2,0,1,1441,1,0,14,0,0,0
39,21,1002,2,2,0,2,0,1073,1,62,0,0,0,0
22,23,1000,0,0,0,0,0,368,1,149,0,13,0,0
23,22,1000,0,0,0,0,1,368,1,0,149,0,13,0
22,23,1001,1,1,1,0,1,1144,1,0,9,0,0,0
23,22,1001,1,1,0,1,1,1031,1,0,47,0,0,0
22,23,1002,2,2,2,0,0,416,1,135,0,0,9,0
23,22,1002,2,2,0,2,1,416,1,0,135,9,0,0
22,24,1000,0,0,0,0,0,1198,1,51,0,26,9,0
24,22,1000,0,0,0,0,1,1198,1,0,51,9,26,0
22,24,1001,1,1,1,0,1,457,1,0,53,1,0,0
24,22,1001,1,1,0,1,0,865,1,49,0,0,0,0
22,24,1002,2,2,2,0,1,1035,1,0,10,16,15,0
24,22,1002,2,2,0,2,0,1035,1,32,0,15,16,0
22,25,1000,0,0,0,0,1,970,1,0,108,0,18,0
25,22,1000,0,0,0,0,0,970,1,108,0,18,0,0
22,25,1001,1,1,1,0,1,937,1,0,108,12,2,0
25,22,1001,1,1,0,1,0,1252,1,34,0,0,27,0
22,25,1002,2,2,2,0,1,1438,1,0,108,40,61,0
25,22,1002,2,2,0,2,0,1276,1,96,0,56,35,0
22,26,1000,0,0,0,0,1,954,1,0,40,0,18,0
26,22,1000,0,0,0,0,0,954,1,40,0,18,0,0
22,26,1001,1,1,1,0,1,1119,1,0,52,0,0,0
26,22,1001,1,1,0,1,0,775,1,74,0,0,0,0
22,26,1002,2,2,2,0,1,941,1,0,30,0,0,0
26,22,1002,2,2,0,2,0,1127,1,50,0,0,0,0
22,27,1000,0,0,0,0,0,845,1,65,0,82,44,0
27,22,1000,0,0,0,0,1,845,1,0,65,44,82,0
22,27,1001,1,1,1,0,0,750,1,107,0,88,12,0
27,22,1001,1,1,0,1,0,1143,1,53,0,26,29,0
22,27,1002,2,2,2,0,0,397,1,105,0,24,0,0
27,22,1002,2,2,0,2,0,1521,1,31,0,0,33,0
22,28,1000,0,0,0,0,1,508,1,0,66,24,12,0
28,22,1000,0,0,0,0,0,508,1,66,0,12,24,0
22,28,1001,1,1,1,0,0,235,1,75,0,11,0,0
28,22,1001,1,1,0,1,0,648,1,88,0,0,11,0
22,28,1002,2,2,2,0,1,660,1,0,34,11,10,0
28,22,1002,2,2,0,2,0,456,1,78,0,0,23,0
22,29,1000,0,0,0,0,1,999,1,0,83,0,0,0
29,22,1000,0,0,0,0,0,970,1,83,0,0,0,0
22,29,1001,1,1,1,0,1,911,1,0,86,6,0,0
29,22,1001,1,1,0,1,0,609,1,130,0,0,6,0
22,29,1002,2,2,2,0,1,1867,1,0,38,83,29,0
29,22,1002,2,2,0,2,0,1867,1,38,0,29,83,0
22,30,1000,0,0,0,0,1,643,1,0,92,8,0,0
30,22,1000,0,0,0,0,0,643,1,92,0,0,8,0
22,30,1001,1,1,1,0,1,492,1,0,70,6,0,0
30,22,1001,1,1,0,1,0,520,1,59,0,0,1,0
22,30,1002,2,2,2,0,1,703,1,0,92,12,0,0
30,22,1002,2,2,0,2,0,703,1,70,0,0,12,0
22,31,1000,0,0,0,0,1,1111,1,0,125,0,5,0
31,22,1000,0,0,0,0,0,1111,1,125,0,5,0,0
22,31,1001,1,1,1,0,1,1072,1,0,76,42,0,0
31,22,1001,1,1,0,1,0,867,1,126,0,0,0,0
22,31,1002,2,2,2,0,1,1559,1,0,77,63,8,0
31,22,1002,2,2,0,2,0,1983,1,69,0,24,28,0
22,32,1000,0,0,0,0,0,883,1,60,0,10,5,0
32,22,1000,0,0,0,0,1,883,1,0,60,5,10,0
22,32,1001,1,1,1,0,0,1266,1,14,0,86,56,0
32,22,1001,1,1,0,1,0,1591,1,64,0,15,151,0
22,32,1002,2,2,2,0,0,870,1,39,0,21,0,0
32,22,1002,2,2,0,2,0,1319,1,20,0,9,11,0
22,33,1000,0,0,0,0,0,1439,1,59,0,7,0,0
33,22,1000,0,0,0,0,1,1439,1,0,59,0,7,0
22,33,1001,1,1,1,0,1,1306,1,0,15,0,0,0
33,22,1001,1,1,0,1,0,1552,1,13,0,0,9,0
22,33,1002,2,2,2,0,0,872,1,115,0,5,6,0
33,22,1002,2,2,0,2,1,1028,1,0,84,0,48,0
22,34,1000,0,0,0,0,0,1126,1,3,0,7,36,0
34,22,1000,0,0,0,0,1,1126,1,0,3,36,7,0
22,34,1001,1,1,1,0,1,651,1,0,36,0,0,0
34,22,1001,1,1,0,1,0,750,1,77,0,2,6,0
22,34,1002,2,2,2,0,0,1215,1,25,0,0,0,0
34,22,1002,2,2,0,2,1,1215,1,0,29,0,0,0
22,35,1000,0,0,0,0,1,1238,1,0,111,17,42,0
35,22,1000,0,0,0,0,0,1238,1,111,0,42,17,0
22,35,1001,1,1,1,0,1,1279,1,0,111,4,18,0
35,22,1001,1,1,0,1,0,1629,1,88,0,51,4,0
22,35,1002,2,2,2,0,1,1225,1,0,111,16,5,0
35,22,1002,2,2,0,2,0,1168,1,111,0,2,20,0
22,36,1000,0,0,0,0,1,505,1,0,94,13,0,0
36,22,1000,0,0,0,0,0,505,1,94,0,0,13,0
22,36,1001,1,1,1,0,0,601,1,39,0,5,0,0
36,22,1001,1,1,0,1,0,754,1,53,0,0,5,0
22,36,1002,2,2,2,0,1,808,1,0,94,5,0,0
36,22,1002,2,2,0,2,0,877,1,50,0,0,0,0
22,37,1000,0,0,0,0,1,1432,1,0,52,34,47,0
37,22,1000,0,0,0,0,0,1432,1,52,0,47,34,0
22,37,1001,1,1,1,0,1,1234,1,0,88,25,0,0
37,22,1001,1,1,0,1,0,1563,1,18,0,0,53,0
22,37,1002,2,2,2,0,0,1605,1,16,0,12,0,0
37,22,1002,2,2,0,2,1,1195,1,0,23,0,19,0
22,38,1000,0,0,0,0,0,188,1,85,0,15,0,0
38,22,1000,0,0,0,0,1,188,1,0,85,0,15,0
22,38,1001,1,1,1,0,1,618,1,0,39,15,0,0
38,22,1001,1,1,0,1,0,602,1,49,0,0,15,0
22,38,1002,2,2,2,0,0,451,1,14,0,15,0,0
38,22,1002,2,2,0,2,0,615,1,37,0,0,27,0
22,39,1000,0,0,0,0,0,1309,1,21,0,131,72,0
39,22,1000,0,0,0,0,1,1309,1,0,21,72,131,0
22,39,1001,1,1,1,0,1,910,1,0,108,0,0,0
39,22,1001,1,1,0,1,0,1351,1,99,0,14,52,0
22,39,1002,2,2,2,0,1,1120,1,0,85,0,0,0
39,22,1002,2,2,0,2,0,1120,1,85,0,0,0,0
23,24,1000,0,0,0,0,1,459,1,0,69,0,5,0
24,23,1000,0,0,0,0,0,459,1,69,0,5,0,0
23,24,1001,1,1,1,0,1,841,1,0,39,0,0,0
24,23,1001,1,1,0,1,0,841,1,4,0,0,0,0
23,24,1002,2,2,2,0,1,623,1,0,66,0,6,0
24,23,1002,2,2,0,2,0,623,1,53,0,6,0,0
23,25,1000,0,0,0,0,1,610,1,0,98,0,15,0
25,23,1000,0,0,0,0,0,610,1,98,0,15,0,0
23,25,1001,1,1,1,0,1,382,1,0,83,0,31,0
25,23,1001,1,1,0,1,0,382,1,83,0,31,0,0
23,25,1002,2,2,2,0,1,615,1,0,81,0,40,0
25,23,1002,2,2,0,2,0,615,1,81,0,40,0,0
23,26,1000,0,0,0,0,1,470,1,0,63,0,9,0
26,23,1000,0,0,0,0,0,470,1,63,0,9,0,0
23,26,1001,1,1,1,0,0,582,1,7,0,3,0,0
26,23,1001,1,1,0,1,0,561,1,42,0,0,0,0
23,26,1002,2,2,2,0,1,509,1,0,95,0,0,0
26,23,1002,2,2,0,2,0,509,1,69,0,0,2,0
23,27,1000,0,0,0,0,1,561,1,0,50,0,0,0
27,23,1000,0,0,0,0,0,561,1,50,0,0,0,0
23,27,1001,1,1,1,0,1,806,1,0,8,0,16,0
27,23,1001,1,1,0,1,1,579,1,0,46,0,0,0
23,27,1002,2,2,2,0,1,474,1,0,54,0,20,0
27,23,1002,2,2,0,2,0,520,1,67,0,0,2,0
23,28,1000,0,0,0,0,1,333,1,0,75,0,0,0
28,23,1000,0,0,0,0,0,333,1,75,0,0,0,0
23,28,1001,1,1,1,0,0,588,1,59,0,0,0,0
28,23,1001,1,1,0,1,1,752,1,0,53,11,0,0
23,28,1002,2,2,2,0,1,447,1,0,40,0,0,0
28,23,1002,2,2,0,2,0,447,1,40,0,0,0,0
23,29,1000,0,0,0,0,1,754,1,0,83,21,0,0
29,23,1000,0,0,0,0,0,754,1,83,0,0,21,0
23,29,1001,1,1,1,0,1,538,1,0,75,17,0,0
29,23,1001,1,1,0,1,0,538,1,67,0,0,17,0
23,29,1002,2,2,2,0,1,292,1,0,117,0,0,0
29,23,1002,2,2,0,2,0,484,1,117,0,0,0,0
23,30,1000,0,0,0,0,0,639,1,21,0,0,0,0
30,23,1000,0,0,0,0,1,639,1,0,21,0,0,0
23,30,1001,1,1,1,0,1,844,1,0,67,0,0,0
30,23,1001,1,1,0,1,0,919,1,15,0,0,0,0
23,30,1002,2,2,2,0,1,448,1,0,75,0,0,0
30,23,1002,2,2,0,2,0,448,1,75,0,0,0,0
23,31,1000,0,0,0,0,1,765,1,0,52,0,12,0
31,23,1000,0,0,0,0,0,765,1,52,0,12,0,0
23,31,1001,1,1,1,0,1,699,1,0,12,6,9,0
31,23,1001,1,1,0,1,0,709,1,12,0,9,23,0
23,31,1002,2,2,2,0,1,637,1,0,78,0,19,0
31,23,1002,2,2,0,2,0,631,1,100,0,19,0,0
23,32,1000,0,0,0,0,1,505,1,0,78,49,22,0
32,23,1000,0,0,0,0,0,505,1,78,0,22,49,0
23,32,1001,1,1,1,0,1,1047,1,0,69,3,0,0
32,23,1001,1,1,0,1,0,532,1,95,0,0,1,0
23,32,1002,2,2,2,0,1,532,1,0,82,0,0,0
32,23,1002,2,2,0,2,0,430,1,95,0,0,0,0
23,33,1000,0,0,0,0,0,423,1,110,0,0,0,0
33,23,1000,0,0,0,0,1,423,1,0,110,0,0,0
23,33,1001,1,1,1,0,0,516,1,99,0,5,0,0
33,23,1001,1,1,0,1,1,537,1,0,101,0,5,0
23,33,1002,2,2,2,0,0,561,1,110,0,22,26,0
33,23,1002,2,2,0,2,1,561,1,0,110,26,22,0
23,34,1000,0,0,0,0,0,823,1,19,0,0,0,0
34,23,1000,0,0,0,0,1,823,1,0,19,0,0,0
23,34,1001,1,1,1,0,1,451,1,0,37,0,0,0
34,23,1001,1,1,0,1,0,439,1,37,0,0,0,0
23,34,1002,2,2,2,0,-1,823,1,0,0,0,0,0
34,23,1002,2,2,0,2,0,714,1,24,0,0,0,0
23,35,1000,0,0,0,0,1,613,1,0,99,0,0,0
35,23,1000,0,0,0,0,0,613,1,99,0,0,0,0
23,35,1001,1,1,1,0,0,727,1,8,0,18,0,0
35,23,1001,1,1,0,1,1,727,1,0,10,0,18,0
23,35,1002,2,2,2,0,1,934,1,0,111,1,0,0
35,23,1002,2,2,0,2,0,840,1,106,0,0,0,0
23,36,1000,0,0,0,0,1,342,1,0,56,0,0,0
36,23,1000,0,0,0,0,0,342,1,56,0,0,0,0
23,36,1001,1,1,1,0,0,469,1,54,0,0,0,0
36,23,1001,1,1,0,1,1,374,1,0,42,0,0,0
23,36,1002,2,2,2,0,1,399,1,0,77,0,16,0
36,23,1002,2,2,0,2,0,576,1,90,0,17,0,0
23,37,1000,0,0,0,0,1,580,1,0,67,15,0,0
37,23,1000,0,0,0,0,0,580,1,67,0,0,15,0
23,37,1001,1,1,1,0,0,639,1,99,0,0,5,0
37,23,1001,1,1,0,1,1,563,1,0,63,0,0,0
23,37,1002,2,2,2,0,1,1108,1,0,7,12,6,0
37,23,1002,2,2,0,2,1,1005,1,0,25,11,0,0
23,38,1000,0,0,0,0,0,344,1,62,0,1,0,0
38,23,1000,0,0,0,0,1,344,1,0,62,0,1,0
23,38,1001,1,1,1,0,0,838,1,12,0,2,14,0
38,23,1001,1,1,0,1,1,792,1,0,14,0,12,0
23,38,1002,2,2,2,0,1,980,1,0,40,5,21,0
38,23,1002,2,2,0,2,1,1163,1,0,25,21,6,0
23,39,1000,0,0,0,0,1,501,1,0,115,15,0,0
39,23,1000,0,0,0,0,0,501,1,115,0,0,15,0
23,39,1001,1,1,1,0,1,475,1,0,69,5,0,0
39,23,1001,1,1,0,1,0,439,1,101,0,0,3,0
23,39,1002,2,2,2,0,1,714,1,0,109,0,0,0
39,23,1002,2,2,0,2,0,714,1,109,0,0,0,0
24,25,1000,0,0,0,0,1,1384,1,0,10,12,36,0
25,24,1000,0,0,0,0,0,1384,1,10,0,36,12,0
24,25,1001,1,1,1,0,1,883,1,0,48,0,0,0
25,24,1001,1,1,0,1,0,883,1,48,0,0,0,0
24,25,1002,2,2,2,0,1,647,1,0,34,5,34,0
25,24,1002,2,2,0,2,1,1006,1,0,5,46,0,0
24,26,1000,0,0,0,0,-1,799,1,0,0,28,0,0
26,24,1000,0,0,0,0,-1,799,1,0,0,0,28,0
24,26,1001,1,1,1,0,1,672,1,0,46,0,0,0
26,24,1001,1,1,0,1,0,645,1,46,0,0,0,0
24,26,1002,2,2,2,0,1,1346,1,0,46,37,18,0
26,24,1002,2,2,0,2,0,1282,1,30,0,18,60,0
24,27,1000,0,0,0,0,0,1117,1,55,0,7,22,0
27,24,1000,0,0,0,0,1,1117,1,0,55,22,7,0
24,27,1001,1,1,1,0,0,901,1,14,0,33,32,0
27,24,1001,1,1,0,1,1,580,1,0,77,31,16,0
24,27,1002,2,2,2,0,0,421,1,85,0,24,18,0
27,24,1002,2,2,0,2,1,751,1,0,54,23,17,0
24,28,1000,0,0,0,0,0,673,1,34,0,9,0,0
28,24,1000,0,0,0,0,1,673,1,0,34,0,9,0
24,28,1001,1,1,1,0,0,634,1,27,0,22,28,0
28,24,1001,1,1,0,1,1,634,1,0,38,28,22,0
24,28,1002,2,2,2,0,0,376,1,72,0,2,0,0
28,24,1002,2,2,0,2,1,379,1,0,72,0,2,0
24,29,1000,0,0,0,0,1,1010,1,0,42,7,0,0
29,24,1000,0,0,0,0,0,1010,1,42,0,0,7,0
24,29,1001,1,1,1,0,1,924,1,0,98,4,0,0
29,24,1001,1,1,0,1,0,924,1,98,0,0,4,0
24,29,1002,2,2,2,0,1,673,1,0,68,18,33,0
29,24,1002,2,2,0,2,0,926,1,68,0,56,18,0
24,30,1000,0,0,0,0,1,862,1,0,48,0,28,0
30,24,1000,0,0,0,0,0,862,1,48,0,28,0,0
24,30,1001,1,1,1,0,1,523,1,0,14,2,20,0
30,24,1001,1,1,0,1,0,523,1,14,0,20,2,0
24,30,1002,2,2,2,0,1,1155,1,0,96,6,21,0
30,24,1002,2,2,0,2,0,1045,1,96,0,0,6,0
24,31,1000,0,0,0,0,1,1341,1,0,92,29,2,0
31,24,1000,0,0,0,0,0,1341,1,92,0,2,29,0
24,31,1001,1,1,1,0,1,975,1,0,84,26,5,0
31,24,1001,1,1,0,1,0,936,1,92,0,4,4,0
24,31,1002,2,2,2,0,1,1487,1,0,74,14,29,0
31,24,1002,2,2,0,2,0,958,1,60,0,9,0,0
24,32,1000,0,0,0,0,0,622,1,3,0,6,0,0
32,24,1000,0,0,0,0,1,622,1,0,3,0,6,0
24,32,1001,1,1,1,0,0,753,1,43,0,8,0,0
32,24,1001,1,1,0,1,1,753,1,0,52,0,8,0
24,32,1002,2,2,2,0,0,470,1,74,0,6,0,0
32,24,1002,2,2,0,2,1,470,1,0,31,0,6,0
24,33,1000,0,0,0,0,0,1032,1,98,0,0,0,0
33,24,1000,0,0,0,0,1,1032,1,0,98,0,0,0
24,33,1001,1,1,1,0,0,1092,1,118,0,0,11,0
33,24,1001,1,1,0,1,1,574,1,0,93,7,7,0
24,33,1002,2,2,2,0,0,618,1,56,0,0,6,0
33,24,1002,2,2,0,2,1,723,1,0,42,6,0,0
24,34,1000,0,0,0,0,0,960,1,4,0,55,40,0
34,24,1000,0,0,0,0,1,960,1,0,4,40,55,0
24,34,1001,1,1,1,0,-1,897,1,0,0,6,0,0
34,24,1001,1,1,0,1,0,931,1,41,0,26,29,0
24,34,1002,2,2,2,0,0,814,1,52,0,7,10,0
34,24,1002,2,2,0,2,1,814,1,0,66,10,7,0
24,35,1000,0,0,0,0,1,727,1,0,67,27,0,0
35,24,1000,0,0,0,0,0,727,1,67,0,0,27,0
24,35,1001,1,1,1,0,1,772,1,0,37,3,0,0
35,24,1001,1,1,0,1,0,1186,1,69,0,0,10,0
24,35,1002,2,2,2,0,1,1560,1,0,111,16,55,0
35,24,1002,2,2,0,2,0,1576,1,95,0,55,16,0
24,36,1000,0,0,0,0,1,502,1,0,79,7,4,0
36,24,1000,0,0,0,0,0,502,1,79,0,4,7,0
24,36,1001,1,1,1,0,1,636,1,0,7,0,3,0
36,24,1001,1,1,0,1,0,636,1,7,0,3,0,0
24,36,1002,2,2,2,0,1,568,1,0,98,14,0,0
36,24,1002,2,2,0,2,0,568,1,98,0,0,14,0
24,37,1000,0,0,0,0,0,747,1,81,0,20,0,0
37,24,1000,0,0,0,0,1,747,1,0,81,0,20,0
24,37,1001,1,1,1,0,0,868,1,5,0,0,0,0
37,24,1001,1,1,0,1,1,553,1,0,71,0,8,0
24,37,1002,2,2,2,0,0,1094,1,86,0,23,37,0
37,24,1002,2,2,0,2,1,1018,1,0,71,36,11,0
24,38,1000,0,0,0,0,0,577,1,25,0,10,0,0
38,24,1000,0,0,0,0,1,577,1,0,25,0,10,0
24,38,1001,1,1,1,0,0,337,1,68,0,10,0,0
38,24,1001,1,1,0,1,1,337,1,0,59,0,10,0
24,38,1002,2,2,2,0,0,484,1,106,0,9,0,0
38,24,1002,2,2,0,2,1,565,1,0,106,0,9,0
24,39,1000,0,0,0,0,1,930,1,0,73,14,0,0
39,24,1000,0,0,0,0,0,930,1,73,0,0,14,0
24,39,1001,1,1,1,0,1,721,1,0,49,0,0,0
39,24,1001,1,1,0,1,0,721,1,49,0,0,0,0
24,39,1002,2,2,2,0,1,1248,1,0,35,37,28,0
39,24,1002,2,2,0,2,0,1248,1,35,0,28,37,0
25,26,1000,0,0,0,0,0,478,1,71,0,28,0,0
26,25,1000,0,0,0,0,1,478,1,0,71,0,28,0
25,26,1001,1,1,1,0,0,1231,1,2,0,5,0,0
26,25,1001,1,1,0,1,1,714,1,0,56,13,0,0
25,26,1002,2,2,2,0,1,1376,1,0,2,5,14,0
26,25,1002,2,2,0,2,1,1314,1,0,10,14,5,0
25,27,1000,0,0,0,0,0,743,1,102,0,31,18,0
27,25,1000,0,0,0,0,1,743,1,0,102,18,31,0
25,27,1001,1,1,1,0,0,983,1,99,0,25,39,0
27,25,1001,1,1,0,1,1,1185,1,0,58,0,13,0
25,27,1002,2,2,2,0,0,704,1,93,0,10,0,0
27,25,1002,2,2,0,2,1,911,1,0,88,0,10,0
25,28,1000,0,0,0,0,0,654,1,35,0,3,14,0
28,25,1000,0,0,0,0,1,654,1,0,35,14,3,0
25,28,1001,1,1,1,0,0,326,1,100,0,3,0,0
28,25,1001,1,1,0,1,1,513,1,0,62,25,85,0
25,28,1002,2,2,2,0,0,444,1,40,0,3,51,0
28,25,1002,2,2,0,2,1,507,1,0,68,0,3,0
25,29,1000,0,0,0,0,1,1038,1,0,96,29,0,0
29,25,1000,0,0,0,0,0,1038,1,96,0,0,29,0
25,29,1001,1,1,1,0,1,730,1,0,112,0,14,0
29,25,1001,1,1,0,1,0,730,1,113,0,14,0,0
25,29,1002,2,2,2,0,1,1570,1,0,89,56,0,0
29,25,1002,2,2,0,2,0,1718,1,31,0,0,14,0
25,30,1000,0,0,0,0,1,1426,1,0,5,36,49,0
30,25,1000,0,0,0,0,0,1426,1,5,0,49,36,0
25,30,1001,1,1,1,0,1,908,1,0,56,18,0,0
30,25,1001,1,1,0,1,1,551,1,0,42,0,0,0
25,30,1002,2,2,2,0,0,860,1,41,0,0,0,0
30,25,1002,2,2,0,2,1,622,1,0,52,0,0,0
25,31,1000,0,0,0,0,0,1552,1,31,0,34,14,0
31,25,1000,0,0,0,0,1,1552,1,0,31,14,34,0
25,31,1001,1,1,1,0,0,715,1,63,0,4,0,0
31,25,1001,1,1,0,1,0,815,1,12,0,0,4,0
25,31,1002,2,2,2,0,0,1852,1,20,0,20,44,0
31,25,1002,2,2,0,2,0,1712,1,39,0,44,20,0
25,32,1000,0,0,0,0,0,821,1,38,0,12,0,0
32,25,1000,0,0,0,0,1,821,1,0,38,0,12,0
25,32,1001,1,1,1,0,0,1021,1,80,0,77,0,0
32,25,1001,1,1,0,1,1,1126,1,0,88,0,11,0
25,32,1002,2,2,2,0,1,1417,1,0,26,100,92,0
32,25,1002,2,2,0,2,0,837,1,43,0,0,12,0
25,33,1000,0,0,0,0,0,343,1,120,0,23,9,0
33,25,1000,0,0,0,0,1,343,1,0,120,9,23,0
25,33,1001,1,1,1,0,0,469,1,120,0,1,0,0
33,25,1001,1,1,0,1,1,475,1,0,120,1,4,0
25,33,1002,2,2,2,0,0,938,1,92,0,5,9,0
33,25,1002,2,2,0,2,1,721,1,0,120,5,43,0
25,34,1000,0,0,0,0,0,647,1,101,0,8,15,0
34,25,1000,0,0,0,0,1,647,1,0,101,15,8,0
25,34,1001,1,1,1,0,0,620,1,47,0,0,0,0
34,25,1001,1,1,0,1,1,928,1,0,13,0,0,0
25,34,1002,2,2,2,0,0,892,1,74,0,5,0,0
34,25,1002,2,2,0,2,1,892,1,0,87,0,5,0
25,35,1000,0,0,0,0,0,1720,1,68,0,139,37,0
35,25,1000,0,0,0,0,1,1720,1,0,68,37,139,0
25,35,1001,1,1,1,0,0,1747,1,52,0,26,76,0
35,25,1001,1,1,0,1,1,2035,1,0,48,40,0,0
25,35,1002,2,2,2,0,0,1979,1,25,0,1,1,0
35,25,1002,2,2,0,2,1,1735,1,0,49,15,9,0
25,36,1000,0,0,0,0,1,711,1,0,10,1,22,0
36,25,1000,0,0,0,0,0,711,1,10,0,22,1,0
25,36,1001,1,1,1,0,0,390,1,77,0,18,14,0
36,25,1001,1,1,0,1,1,598,1,0,50,26,2,0
25,36,1002,2,2,2,0,0,429,1,75,0,0,0,0
36,25,1002,2,2,0,2,1,576,1,0,69,0,0,0
25,37,1000,0,0,0,0,0,995,1,70,0,4,25,0
37,25,1000,0,0,0,0,1,995,1,0,70,25,4,0
25,37,1001,1,1,1,0,0,540,1,106,0,1,0,0
37,25,1001,1,1,0,1,1,442,1,0,106,0,0,0
25,37,1002,2,2,2,0,0,621,1,104,0,2,18,0
37,25,1002,2,2,0,2,1,1530,1,0,76,49,90,0
25,38,1000,0,0,0,0,0,282,1,27,0,11,0,0
38,25,1000,0,0,0,0,1,282,1,0,27,0,11,0
25,38,1001,1,1,1,0,1,523,1,0,64,11,0,0
38,25,1001,1,1,0,1,0,531,1,71,0,0,11,0
25,38,1002,2,2,2,0,0,379,1,64,0,11,0,0
38,25,1002,2,2,0,2,1,676,1,0,59,0,11,0
25,39,1000,0,0,0,0,0,1674,1,6,0,0,0,0
39,25,1000,0,0,0,0,1,1674,1,0,6,0,0,0
25,39,1001,1,1,1,0,1,1195,1,0,32,30,8,0
39,25,1001,1,1,0,1,0,1195,1,32,0,8,30,0
25,39,1002,2,2,2,0,0,1819,1,27,0,29,0,0
39,25,1002,2,2,0,2,1,1705,1,0,45,0,29,0
26,27,1000,0,0,0,0,1,560,1,0,62,20,15,0
27,26,1000,0,0,0,0,0,560,1,62,0,15,20,0
26,27,1001,1,1,1,0,0,760,1,4,0,17,0,0
27,26,1001,1,1,0,1,1,718,1,0,29,0,0,0
26,27,1002,2,2,2,0,1,721,1,0,10,56,55,0
27,26,1002,2,2,0,2,0,643,1,57,0,49,76,0
26,28,1000,0,0,0,0,0,502,1,39,0,0,22,0
28,26,1000,0,0,0,0,1,502,1,0,39,22,0,0
26,28,1001,1,1,1,0,0,455,1,17,0,0,20,0
28,26,1001,1,1,0,1,0,516,1,18,0,21,5,0
26,28,1002,2,2,2,0,1,291,1,0,86,11,26,0
28,26,1002,2,2,0,2,0,540,1,1,0,0,20,0
26,29,1000,0,0,0,0,1,1173,1,0,73,0,25,0
29,26,1000,0,0,0,0,0,1173,1,73,0,25,0,0
26,29,1001,1,1,1,0,1,439,1,0,41,7,19,0
29,26,1001,1,1,0,1,0,675,1,77,0,47,7,0
26,29,1002,2,2,2,0,1,1564,1,0,4,0,32,0
29,26,1002,2,2,0,2,1,1524,1,0,2,32,0,0
26,30,1000,0,0,0,0,1,631,1,0,57,0,29,0
30,26,1000,0,0,0,0,0,631,1,57,0,29,0,0
26,30,1001,1,1,1,0,0,640,1,17,0,0,0,0
30,26,1001,1,1,0,1,0,578,1,4,0,0,0,0
26,30,1002,2,2,2,0,1,592,1,0,99,6,36,0
30,26,1002,2,2,0,2,0,410,1,99,0,36,6,0
26,31,1000,0,0,0,0,1,817,1,0,4,20,0,0
31,26,1000,0,0,0,0,0,817,1,4,0,0,20,0
26,31,1001,1,1,1,0,1,1179,1,0,45,0,2,0
31,26,1001,1,1,0,1,0,706,1,42,0,5,0,0
26,31,1002,2,2,2,0,0,925,1,34,0,18,24,0
31,26,1002,2,2,0,2,1,926,1,0,18,24,18,0
26,32,1000,0,0,0,0,1,711,1,0,12,15,0,0
32,26,1000,0,0,0,0,0,711,1,12,0,0,15,0
26,32,1001,1,1,1,0,1,772,1,0,108,2,14,0
32,26,1001,1,1,0,1,0,670,1,86,0,14,2,0
26,32,1002,2,2,2,0,1,640,1,0,69,7,0,0
32,26,1002,2,2,0,2,1,580,1,0,9,0,7,0
26,33,1000,0,0,0,0,0,925,1,28,0,11,3,0
33,26,1000,0,0,0,0,1,925,1,0,28,3,11,0
26,33,1001,1,1,1,0,1,688,1,0,56,15,27,0
33,26,1001,1,1,0,1,1,838,1,0,75,86,25,0
26,33,1002,2,2,2,0,0,494,1,73,0,0,17,0
33,26,1002,2,2,0,2,1,493,1,0,73,17,0,0
26,34,1000,0,0,0,0,0,355,1,57,0,0,0,0
34,26,1000,0,0,0,0,1,355,1,0,57,0,0,0
26,34,1001,1,1,1,0,0,611,1,30,0,0,0,0
34,26,1001,1,1,0,1,0,699,1,11,0,0,0,0
26,34,1002,2,2,2,0,0,384,1,55,0,0,0,0
34,26,1002,2,2,0,2,1,528,1,0,68,21,0,0
26,35,1000,0,0,0,0,1,1077,1,0,89,0,0,0
35,26,1000,0,0,0,0,0,1077,1,89,0,0,0,0
26,35,1001,1,1,1,0,1,643,1,0,53,0,0,0
35,26,1001,1,1,0,1,0,925,1,75,0,0,0,0
26,35,1002,2,2,2,0,1,1648,1,0,70,12,21,0
35,26,1002,2,2,0,2,0,1585,1,100,0,12,13,0
26,36,1000,0,0,0,0,1,1135,1,0,48,17,54,0
36,26,1000,0,0,0,0,0,1135,1,48,0,54,17,0
26,36,1001,1,1,1,0,1,359,1,0,85,0,0,0
36,26,1001,1,1,0,1,0,454,1,37,0,1,0,0
26,36,1002,2,2,2,0,1,580,1,0,79,29,78,0
36,26,1002,2,2,0,2,0,733,1,96,0,78,29,0
26,37,1000,0,0,0,0,0,678,1,84,0,57,23,0
37,26,1000,0,0,0,0,1,678,1,0,84,23,57,0
26,37,1001,1,1,1,0,0,595,1,15,0,15,0,0
37,26,1001,1,1,0,1,1,545,1,0,47,0,0,0
26,37,1002,2,2,2,0,0,644,1,48,0,23,2,0
37,26,1002,2,2,0,2,1,1355,1,0,56,28,41,0
26,38,1000,0,0,0,0,0,431,1,43,0,0,0,0
38,26,1000,0,0,0,0,1,431,1,0,43,0,0,0
26,38,1001,1,1,1,0,0,648,1,43,0,3,11,0
38,26,1001,1,1,0,1,1,600,1,0,53,13,9,0
26,38,1002,2,2,2,0,0,698,1,8,0,1,0,0
38,26,1002,2,2,0,2,1,641,1,0,44,1,1,0
26,39,1000,0,0,0,0,1,1228,1,0,8,10,5,0
39,26,1000,0,0,0,0,0,1228,1,8,0,5,10,0
26,39,1001,1,1,1,0,1,495,1,0,84,0,9,0
39,26,1001,1,1,0,1,0,817,1,95,0,9,0,0
26,39,1002,2,2,2,0,1,775,1,0,5,0,0,0
39,26,1002,2,2,0,2,0,823,1,25,0,4,1,0
27,28,1000,0,0,0,0,1,706,1,0,23,68,283,0
28,27,1000,0,0,0,0,0,706,1,23,0,283,68,0
27,28,1001,1,1,1,0,1,396,1,0,68,57,0,0
28,27,1001,1,1,0,1,1,691,1,0,11,0,19,0
27,28,1002,2,2,2,0,1,375,1,0,74,0,44,0
28,27,1002,2,2,0,2,0,537,1,57,0,140,68,0
27,29,1000,0,0,0,0,1,436,1,0,88,0,15,0
29,27,1000,0,0,0,0,0,436,1,88,0,15,0,0
27,29,1001,1,1,1,0,1,898,1,0,72,24,43,0
29,27,1001,1,1,0,1,0,853,1,85,0,35,4,0
27,29,1002,2,2,2,0,1,325,1,0,114,0,27,0
29,27,1002,2,2,0,2,0,394,1,94,0,25,0,0
27,30,1000,0,0,0,0,1,465,1,0,43,11,32,0
30,27,1000,0,0,0,0,0,465,1,43,0,32,11,0
27,30,1001,1,1,1,0,1,1455,1,0,1,155,107,0
30,27,1001,1,1,0,1,0,904,1,18,0,53,27,0
27,30,1002,2,2,2,0,1,371,1,0,43,0,15,0
30,27,1002,2,2,0,2,0,412,1,21,0,27,0,0
27,31,1000,0,0,0,0,0,1173,1,15,0,51,8,0
31,27,1000,0,0,0,0,1,1173,1,0,15,8,51,0
27,31,1001,1,1,1,0,1,1178,1,0,85,110,124,0
31,27,1001,1,1,0,1,0,664,1,137,0,51,0,0
27,31,1002,2,2,2,0,1,1314,1,0,13,29,31,0
31,27,1002,2,2,0,2,1,1102,1,0,4,20,27,0
27,32,1000,0,0,0,0,1,358,1,0,43,165,0,0
32,27,1000,0,0,0,0,0,358,1,43,0,0,165,0
27,32,1001,1,1,1,0,1,651,1,0,4,41,0,0
32,27,1001,1,1,0,1,0,607,1,68,0,0,31,0
27,32,1002,2,2,2,0,1,1678,1,0,40,205,213,0
32,27,1002,2,2,0,2,0,1063,1,43,0,114,133,0
27,33,1000,0,0,0,0,0,820,1,9,0,7,22,0
33,27,1000,0,0,0,0,1,820,1,0,9,22,7,0
27,33,1001,1,1,1,0,0,880,1,61,0,0,33,0
33,27,1001,1,1,0,1,0,1071,1,1,0,15,0,0
27,33,1002,2,2,2,0,0,346,1,39,0,0,13,0
33,27,1002,2,2,0,2,1,403,1,0,54,14,0,0
27,34,1000,0,0,0,0,0,912,1,15,0,30,12,0
34,27,1000,0,0,0,0,1,912,1,0,15,12,30,0
27,34,1001,1,1,1,0,1,884,1,0,23,18,0,0
34,27,1001,1,1,0,1,0,715,1,62,0,2,19,0
27,34,1002,2,2,2,0,1,970,1,0,4,125,15,0
34,27,1002,2,2,0,2,1,608,1,0,40,21,0,0
27,35,1000,0,0,0,0,1,638,1,0,35,0,22,0
35,27,1000,0,0,0,0,0,638,1,35,0,22,0,0
27,35,1001,1,1,1,0,1,1458,1,0,90,215,190,0
35,27,1001,1,1,0,1,0,951,1,66,0,5,58,0
27,35,1002,2,2,2,0,1,466,1,0,77,0,0,0
35,27,1002,2,2,0,2,0,618,1,81,0,7,21,0
27,36,1000,0,0,0,0,1,509,1,0,48,20,35,0
36,27,1000,0,0,0,0,0,509,1,48,0,35,20,0
27,36,1001,1,1,1,0,1,532,1,0,46,15,70,0
36,27,1001,1,1,0,1,0,1102,1,49,0,139,117,0
27,36,1002,2,2,2,0,1,331,1,0,15,0,14,0
36,27,1002,2,2,0,2,0,379,1,26,0,27,2,0
27,37,1000,0,0,0,0,0,940,1,19,0,77,42,0
37,27,1000,0,0,0,0,1,940,1,0,19,42,77,0
27,37,1001,1,1,1,0,0,789,1,55,0,7,36,0
37,27,1001,1,1,0,1,1,879,1,0,29,82,170,0
27,37,1002,2,2,2,0,0,595,1,43,0,0,16,0
37,27,1002,2,2,0,2,1,693,1,0,15,28,0,0
27,38,1000,0,0,0,0,0,379,1,54,0,24,0,0
38,27,1000,0,0,0,0,1,379,1,0,54,0,24,0
27,38,1001,1,1,1,0,0,742,1,54,0,90,41,0
38,27,1001,1,1,0,1,1,420,1,0,16,0,13,0
27,38,1002,2,2,2,0,0,472,1,54,0,15,0,0
38,27,1002,2,2,0,2,1,685,1,0,20,0,17,0
27,39,1000,0,0,0,0,1,721,1,0,70,0,24,0
39,27,1000,0,0,0,0,0,721,1,70,0,24,0,0
27,39,1001,1,1,1,0,1,777,1,0,108,0,12,0
39,27,1001,1,1,0,1,0,916,1,117,0,8,34,0
27,39,1002,2,2,2,0,1,625,1,0,84,25,40,0
39,27,1002,2,2,0,2,0,1150,1,30,0,27,24,0
28,29,1000,0,0,0,0,0,618,1,2,0,6,28,0
29,28,1000,0,0,0,0,1,618,1,0,2,28,6,0
28,29,1001,1,1,1,0,1,1026,1,0,49,2,0,0
29,28,1001,1,1,0,1,0,1203,1,39,0,0,2,0
28,29,1002,2,2,2,0,1,445,1,0,92,0,6,0
29,28,1002,2,2,0,2,0,481,1,46,0,6,0,0
28,30,1000,0,0,0,0,0,300,1,62,0,0,21,0
30,28,1000,0,0,0,0,1,300,1,0,62,21,0,0
28,30,1001,1,1,1,0,0,831,1,8,0,56,38,0
30,28,1001,1,1,0,1,1,1117,1,0,62,99,167,0
28,30,1002,2,2,2,0,0,276,1,51,0,0,11,0
30,28,1002,2,2,0,2,1,276,1,0,62,11,0,0
28,31,1000,0,0,0,0,0,330,1,65,0,0,15,0
31,28,1000,0,0,0,0,1,330,1,0,65,15,0,0
28,31,1001,1,1,1,0,1,877,1,0,85,38,8,0
31,28,1001,1,1,0,1,1,960,1,0,35,0,38,0
28,31,1002,2,2,2,0,0,441,1,94,0,0,41,0
31,28,1002,2,2,0,2,1,705,1,0,21,15,0,0
28,32,1000,0,0,0,0,0,711,1,74,0,0,20,0
32,28,1000,0,0,0,0,1,711,1,0,74,20,0,0
28,32,1001,1,1,1,0,0,447,1,8,0,47,0,0
32,28,1001,1,1,0,1,1,303,1,0,44,10,12,0
28,32,1002,2,2,2,0,0,1083,1,3,0,189,109,0
32,28,1002,2,2,0,2,1,1475,1,0,29,124,142,0
28,33,1000,0,0,0,0,0,510,1,102,0,6,16,0
33,28,1000,0,0,0,0,1,510,1,0,102,16,6,0
28,33,1001,1,1,1,0,0,655,1,64,0,0,14,0
33,28,1001,1,1,0,1,1,678,1,0,62,20,0,0
28,33,1002,2,2,2,0,1,430,1,0,13,0,12,0
33,28,1002,2,2,0,2,0,430,1,9,0,12,0,0
28,34,1000,0,0,0,0,0,366,1,71,0,38,1,0
34,28,1000,0,0,0,0,1,366,1,0,71,1,38,0
28,34,1001,1,1,1,0,1,643,1,0,31,15,84,0
34,28,1001,1,1,0,1,0,548,1,2,0,1,4,0
28,34,1002,2,2,2,0,0,321,1,15,0,0,10,0
34,28,1002,2,2,0,2,1,471,1,0,35,10,0,0
28,35,1000,0,0,0,0,0,363,1,47,0,0,13,0
35,28,1000,0,0,0,0,1,363,1,0,47,13,0,0
28,35,1001,1,1,1,0,0,969,1,32,0,24,9,0
35,28,1001,1,1,0,1,0,1306,1,80,0,107,214,0
28,35,1002,2,2,2,0,0,313,1,47,0,0,5,0
35,28,1002,2,2,0,2,1,327,1,0,62,0,0,0
28,36,1000,0,0,0,0,-1,304,1,0,0,0,17,0
36,28,1000,0,0,0,0,-1,304,1,0,0,17,0,0
28,36,1001,1,1,1,0,1,607,1,0,48,70,61,0
36,28,1001,1,1,0,1,0,607,1,7,0,60,95,0
28,36,1002,2,2,2,0,0,354,1,9,0,0,5,0
36,28,1002,2,2,0,2,1,222,1,0,52,11,0,0
28,37,1000,0,0,0,0,0,468,1,70,0,0,21,0
37,28,1000,0,0,0,0,1,468,1,0,70,21,0,0
28,37,1001,1,1,1,0,0,870,1,70,0,116,50,0
37,28,1001,1,1,0,1,1,981,1,0,32,103,161,0
28,37,1002,2,2,2,0,0,538,1,48,0,31,14,0
37,28,1002,2,2,0,2,1,318,1,0,74,15,0,0
28,38,1000,0,0,0,0,0,195,1,30,0,20,0,0
38,28,1000,0,0,0,0,1,195,1,0,30,0,20,0
28,38,1001,1,1,1,0,0,207,1,64,0,17,0,0
38,28,1001,1,1,0,1,1,354,1,0,25,0,17,0
28,38,1002,2,2,2,0,1,452,1,0,3,25,0,0
38,28,1002,2,2,0,2,1,474,1,0,30,0,25,0
28,39,1000,0,0,0,0,1,550,1,0,46,14,20,0
39,28,1000,0,0,0,0,0,550,1,46,0,20,14,0
28,39,1001,1,1,1,0,1,661,1,0,58,21,2,0
39,28,1001,1,1,0,1,0,661,1,58,0,2,21,0
28,39,1002,2,2,2,0,1,934,1,0,33,51,82,0
39,28,1002,2,2,0,2,0,787,1,92,0,103,70,0
29,30,1000,0,0,0,0,0,1312,1,28,0,19,0,0
30,29,1000,0,0,0,0,1,1312,1,0,28,0,19,0
29,30,1001,1,1,1,0,0,535,1,23,0,0,0,0
30,29,1001,1,1,0,1,1,535,1,0,23,0,0,0
29,30,1002,2,2,2,0,1,1816,1,0,25,145,88,0
30,29,1002,2,2,0,2,1,2051,1,0,1,88,123,0
29,31,1000,0,0,0,0,1,1137,1,0,78,0,0,0
31,29,1000,0,0,0,0,0,1137,1,78,0,0,0,0
29,31,1001,1,1,1,0,0,1270,1,21,0,32,0,0
31,29,1001,1,1,0,1,1,1513,1,0,16,0,32,0
29,31,1002,2,2,2,0,0,690,1,111,0,0,15,0
31,29,1002,2,2,0,2,1,622,1,0,111,15,0,0
29,32,1000,0,0,0,0,0,592,1,43,0,5,0,0
32,29,1000,0,0,0,0,1,592,1,0,43,0,5,0
29,32,1001,1,1,1,0,0,934,1,73,0,34,19,0
32,29,1001,1,1,0,1,1,787,1,0,37,6,5,0
29,32,1002,2,2,2,0,0,634,1,39,0,5,0,0
32,29,1002,2,2,0,2,1,376,1,0,69,0,5,0
29,33,1000,0,0,0,0,0,568,1,100,0,0,0,0
33,29,1000,0,0,0,0,1,568,1,0,100,0,0,0
29,33,1001,1,1,1,0,0,619,1,105,0,0,17,0
33,29,1001,1,1,0,1,1,666,1,0,95,17,0,0
29,33,1002,2,2,2,0,0,361,1,120,0,11,1,0
33,29,1002,2,2,0,2,1,361,1,0,120,1,11,0
29,34,1000,0,0,0,0,0,556,1,93,0,53,1,0
34,29,1000,0,0,0,0,1,556,1,0,93,1,53,0
29,34,1001,1,1,1,0,0,894,1,22,0,0,0,0
34,29,1001,1,1,0,1,1,894,1,0,36,0,0,0
29,34,1002,2,2,2,0,0,664,1,56,0,7,13,0
34,29,1002,2,2,0,2,1,757,1,0,12,13,7,0
29,35,1000,0,0,0,0,0,1692,1,41,0,11,14,0
35,29,1000,0,0,0,0,1,1692,1,0,41,14,11,0
29,35,1001,1,1,1,0,0,1624,1,35,0,6,7,0
35,29,1001,1,1,0,1,1,1623,1,0,10,0,2,0
29,35,1002,2,2,2,0,0,1743,1,19,0,90,46,0
35,29,1002,2,2,0,2,1,1966,1,0,31,35,16,0
29,36,1000,0,0,0,0,1,1266,1,0,78,0,14,0
36,29,1000,0,0,0,0,0,1266,1,78,0,14,0,0
29,36,1001,1,1,1,0,0,616,1,60,0,6,3,0
36,29,1001,1,1,0,1,1,616,1,0,60,3,6,0
29,36,1002,2,2,2,0,1,1557,1,0,78,15,28,0
36,29,1002,2,2,0,2,0,1557,1,78,0,28,15,0
29,37,1000,0,0,0,0,0,1028,1,90,0,53,8,0
37,29,1000,0,0,0,0,1,1028,1,0,90,8,53,0
29,37,1001,1,1,1,0,0,1183,1,60,0,1,0,0
37,29,1001,1,1,0,1,1,784,1,0,78,0,12,0
29,37,1002,2,2,2,0,0,1515,1,100,0,41,17,0
37,29,1002,2,2,0,2,1,1579,1,0,110,65,45,0
29,38,1000,0,0,0,0,0,427,1,39,0,7,0,0
38,29,1000,0,0,0,0,1,427,1,0,39,0,7,0
29,38,1001,1,1,1,0,0,415,1,103,0,7,0,0
38,29,1001,1,1,0,1,1,415,1,0,103,0,7,0
29,38,1002,2,2,2,0,0,958,1,66,0,7,0,0
38,29,1002,2,2,0,2,1,567,1,0,103,0,7,0
29,39,1000,0,0,0,0,-1,1945,1,0,0,11,15,0
39,29,1000,0,0,0,0,-1,1945,1,0,0,15,11,0
29,39,1001,1,1,1,0,0,1651,1,60,0,50,5,0
39,29,1001,1,1,0,1,1,1546,1,0,78,5,50,0
29,39,1002,2,2,2,0,1,1225,1,0,58,0,11,0
39,29,1002,2,2,0,2,0,1225,1,48,0,11,0,0
30,31,1000,0,0,0,0,0,712,1,43,0,2,0,0
31,30,1000,0,0,0,0,1,712,1,0,43,0,2,0
30,31,1001,1,1,1,0,1,976,1,0,89,0,0,0
31,30,1001,1,1,0,1,0,698,1,136,0,54,11,0
30,31,1002,2,2,2,0,0,541,1,77,0,0,19,0
31,30,1002,2,2,0,2,1,559,1,0,38,10,0,0
30,32,1000,0,0,0,0,0,364,1,2,0,8,0,0
32,30,1000,0,0,0,0,1,364,1,0,2,0,8,0
30,32,1001,1,1,1,0,1,481,1,0,27,80,0,0
32,30,1001,1,1,0,1,0,364,1,21,0,0,7,0
30,32,1002,2,2,2,0,1,625,1,0,21,132,38,0
32,30,1002,2,2,0,2,0,523,1,70,0,0,19,0
30,33,1000,0,0,0,0,0,355,1,64,0,0,6,0
33,30,1000,0,0,0,0,1,355,1,0,64,6,0,0
30,33,1001,1,1,1,0,0,1333,1,59,0,32,28,0
33,30,1001,1,1,0,1,1,1416,1,0,36,30,0,0
30,33,1002,2,2,2,0,0,404,1,46,0,18,3,0
33,30,1002,2,2,0,2,1,403,1,0,71,3,18,0
30,34,1000,0,0,0,0,0,416,1,54,0,0,0,0
34,30,1000,0,0,0,0,1,416,1,0,54,0,0,0
30,34,1001,1,1,1,0,1,532,1,0,91,1,26,0
34,30,1001,1,1,0,1,0,853,1,31,0,24,6,0
30,34,1002,2,2,2,0,0,679,1,20,0,2,3,0
34,30,1002,2,2,0,2,1,475,1,0,15,3,0,0
30,35,1000,0,0,0,0,1,1743,1,0,82,42,51,0
35,30,1000,0,0,0,0,0,1743,1,82,0,51,42,0
30,35,1001,1,1,1,0,1,815,1,0,80,39,0,0
35,30,1001,1,1,0,1,0,815,1,61,0,0,39,0
30,35,1002,2,2,2,0,0,949,1,9,0,79,95,0
35,30,1002,2,2,0,2,1,709,1,0,69,45,93,0
30,36,1000,0,0,0,0,1,511,1,0,105,10,6,0
36,30,1000,0,0,0,0,0,511,1,105,0,6,10,0
30,36,1001,1,1,1,0,1,517,1,0,68,40,0,0
36,30,1001,1,1,0,1,0,712,1,36,0,0,5,0
30,36,1002,2,2,2,0,1,547,1,0,18,58,98,0
36,30,1002,2,2,0,2,0,1087,1,68,0,81,28,0
30,37,1000,0,0,0,0,0,823,1,46,0,0,13,0
37,30,1000,0,0,0,0,1,823,1,0,46,13,0,0
30,37,1001,1,1,1,0,1,1328,1,0,12,76,28,0
37,30,1001,1,1,0,1,0,1495,1,7,0,13,53,0
30,37,1002,2,2,2,0,0,640,1,4,0,22,29,0
37,30,1002,2,2,0,2,1,475,1,0,32,4,12,0
30,38,1000,0,0,0,0,1,223,1,0,34,7,0,0
38,30,1000,0,0,0,0,0,223,1,34,0,0,7,0
30,38,1001,1,1,1,0,1,405,1,0,105,20,0,0
38,30,1001,1,1,0,1,0,241,1,24,0,0,7,0
30,38,1002,2,2,2,0,1,364,1,0,56,8,0,0
38,30,1002,2,2,0,2,0,308,1,56,0,0,9,0
30,39,1000,0,0,0,0,0,973,1,1,0,20,11,0
39,30,1000,0,0,0,0,1,973,1,0,1,11,20,0
30,39,1001,1,1,1,0,1,668,1,0,114,23,9,0
39,30,1001,1,1,0,1,0,668,1,114,0,9,23,0
30,39,1002,2,2,2,0,1,418,1,0,88,0,0,0
39,30,1002,2,2,0,2,0,418,1,88,0,0,0,0
31,32,1000,0,0,0,0,1,745,1,0,32,32,2,0
32,31,1000,0,0,0,0,0,745,1,32,0,2,32,0
31,32,1001,1,1,1,0,1,1207,1,0,35,93,56,0
32,31,1001,1,1,0,1,0,1549,1,40,0,18,74,0
31,32,1002,2,2,2,0,0,713,1,46,0,132,56,0
32,31,1002,2,2,0,2,0,407,1,96,0,0,12,0
31,33,1000,0,0,0,0,0,960,1,136,0,0,22,0
33,31,1000,0,0,0,0,1,960,1,0,136,22,0,0
31,33,1001,1,1,1,0,0,852,1,97,0,0,0,0
33,31,1001,1,1,0,1,1,887,1,0,81,0,0,0
31,33,1002,2,2,2,0,0,702,1,136,0,12,0,0
33,31,1002,2,2,0,2,1,631,1,0,139,0,0,0
31,34,1000,0,0,0,0,0,646,1,104,0,0,0,0
34,31,1000,0,0,0,0,1,646,1,0,104,0,0,0
31,34,1001,1,1,1,0,0,668,1,3,0,15,0,0
34,31,1001,1,1,0,1,0,628,1,15,0,0,0,0
31,34,1002,2,2,2,0,0,735,1,32,0,0,0,0
34,31,1002,2,2,0,2,1,1012,1,0,72,14,0,0
31,35,1000,0,0,0,0,1,1674,1,0,44,18,58,0
35,31,1000,0,0,0,0,0,1674,1,44,0,58,18,0
31,35,1001,1,1,1,0,1,1770,1,0,14,8,0,0
35,31,1001,1,1,0,1,0,1639,1,49,0,8,31,0
31,35,1002,2,2,2,0,0,1861,1,17,0,14,6,0
35,31,1002,2,2,0,2,0,1852,1,35,0,38,37,0
31,36,1000,0,0,0,0,1,838,1,0,60,27,32,0
36,31,1000,0,0,0,0,0,838,1,60,0,32,27,0
31,36,1001,1,1,1,0,1,624,1,0,82,4,0,0
36,31,1001,1,1,0,1,0,552,1,94,0,0,8,0
31,36,1002,2,2,2,0,1,1523,1,0,75,48,24,0
36,31,1002,2,2,0,2,0,1554,1,97,0,0,35,0
31,37,1000,0,0,0,0,0,1000,1,101,0,0,5,0
37,31,1000,0,0,0,0,1,1000,1,0,101,5,0,0
31,37,1001,1,1,1,0,0,660,1,114,0,43,0,0
37,31,1001,1,1,0,1,1,898,1,0,83,0,2,0
31,37,1002,2,2,2,0,0,1530,1,139,0,8,6,0
37,31,1002,2,2,0,2,1,1390,1,0,135,22,3,0
31,38,1000,0,0,0,0,0,376,1,56,0,14,0,0
38,31,1000,0,0,0,0,1,376,1,0,56,0,14,0
31,38,1001,1,1,1,0,1,372,1,0,67,14,0,0
38,31,1001,1,1,0,1,0,643,1,17,0,0,14,0
31,38,1002,2,2,2,0,1,601,1,0,49,14,0,0
38,31,1002,2,2,0,2,0,623,1,80,0,0,14,0
31,39,1000,0,0,0,0,0,1657,1,18,0,0,5,0
39,31,1000,0,0,0,0,1,1657,1,0,18,5,0,0
31,39,1001,1,1,1,0,1,967,1,0,83,19,24,0
39,31,1001,1,1,0,1,0,967,1,99,0,24,19,0
31,39,1002,2,2,2,0,1,1656,1,0,30,36,74,0
39,31,1002,2,2,0,2,0,1729,1,36,0,74,36,0
32,33,1000,0,0,0,0,1,443,1,0,3,24,4,0
33,32,1000,0,0,0,0,0,443,1,3,0,4,24,0
32,33,1001,1,1,1,0,0,614,1,98,0,0,9,0
33,32,1001,1,1,0,1,1,716,1,0,58,0,31,0
32,33,1002,2,2,2,0,1,450,1,0,13,14,33,0
33,32,1002,2,2,0,2,0,450,1,7,0,27,25,0
32,34,1000,0,0,0,0,0,484,1,38,0,0,39,0
34,32,1000,0,0,0,0,1,484,1,0,38,39,0,0
32,34,1001,1,1,1,0,0,949,1,31,0,38,0,0
34,32,1001,1,1,0,1,1,985,1,0,25,90,32,0
32,34,1002,2,2,2,0,0,369,1,28,0,0,12,0
34,32,1002,2,2,0,2,1,331,1,0,68,12,0,0
32,35,1000,0,0,0,0,0,770,1,48,0,0,6,0
35,32,1000,0,0,0,0,1,770,1,0,48,6,0,0
32,35,1001,1,1,1,0,1,868,1,0,69,51,33,0
35,32,1001,1,1,0,1,0,2004,1,43,0,59,168,0
32,35,1002,2,2,2,0,0,421,1,48,0,0,5,0
35,32,1002,2,2,0,2,1,577,1,0,78,5,0,0
32,36,1000,0,0,0,0,1,226,1,0,34,0,6,0
36,32,1000,0,0,0,0,0,226,1,34,0,6,0,0
32,36,1001,1,1,1,0,1,698,1,0,82,25,10,0
36,32,1001,1,1,0,1,0,665,1,47,0,39,35,0
32,36,1002,2,2,2,0,1,268,1,0,34,0,8,0
36,32,1002,2,2,0,2,0,253,1,6,0,8,0,0
32,37,1000,0,0,0,0,0,513,1,26,0,54,92,0
37,32,1000,0,0,0,0,1,513,1,0,26,92,54,0
32,37,1001,1,1,1,0,0,700,1,54,0,28,11,0
37,32,1001,1,1,0,1,1,852,1,0,30,49,50,0
32,37,1002,2,2,2,0,0,397,1,40,0,0,8,0
37,32,1002,2,2,0,2,1,670,1,0,12,70,38,0
32,38,1000,0,0,0,0,0,282,1,11,0,15,0,0
38,32,1000,0,0,0,0,1,282,1,0,11,0,15,0
32,38,1001,1,1,1,0,0,454,1,44,0,7,0,0
38,32,1001,1,1,0,1,1,355,1,0,44,0,7,0
32,38,1002,2,2,2,0,0,418,1,37,0,79,63,0
38,32,1002,2,2,0,2,1,373,1,0,33,63,79,0
32,39,1000,0,0,0,0,1,550,1,0,79,0,10,0
39,32,1000,0,0,0,0,0,550,1,79,0,10,0,0
32,39,1001,1,1,1,0,1,745,1,0,82,8,0,0
39,32,1001,1,1,0,1,0,1165,1,11,0,0,8,0
32,39,1002,2,2,2,0,1,472,1,0,68,8,8,0
39,32,1002,2,2,0,2,0,472,1,68,0,8,8,0
33,34,1000,0,0,0,0,1,718,1,0,77,49,28,0
34,33,1000,0,0,0,0,0,718,1,77,0,28,49,0
33,34,1001,1,1,1,0,1,450,1,0,115,6,6,0
34,33,1001,1,1,0,1,0,457,1,125,0,6,6,0
33,34,1002,2,2,2,0,1,692,1,0,67,54,23,0
34,33,1002,2,2,0,2,0,851,1,6,0,30,54,0
33,35,1000,0,0,0,0,1,811,1,0,42,2,0,0
35,33,1000,0,0,0,0,0,811,1,42,0,0,2,0
33,35,1001,1,1,1,0,1,633,1,0,97,0,0,0
35,33,1001,1,1,0,1,0,631,1,91,0,0,0,0
33,35,1002,2,2,2,0,1,1219,1,0,96,31,12,0
35,33,1002,2,2,0,2,0,1141,1,111,0,14,53,0
33,36,1000,0,0,0,0,1,470,1,0,66,4,21,0
36,33,1000,0,0,0,0,0,470,1,66,0,21,4,0
33,36,1001,1,1,1,0,1,378,1,0,116,0,0,0
36,33,1001,1,1,0,1,0,390,1,37,0,4,0,0
33,36,1002,2,2,2,0,1,527,1,0,106,8,0,0
36,33,1002,2,2,0,2,0,513,1,73,0,36,8,0
33,37,1000,0,0,0,0,1,703,1,0,70,14,2,0
37,33,1000,0,0,0,0,0,703,1,70,0,2,14,0
33,37,1001,1,1,1,0,0,744,1,30,0,8,0,0
37,33,1001,1,1,0,1,0,867,1,4,0,0,0,0
33,37,1002,2,2,2,0,0,1218,1,33,0,39,18,0
37,33,1002,2,2,0,2,0,1268,1,42,0,97,86,0
33,38,1000,0,0,0,0,1,492,1,0,50,7,0,0
38,33,1000,0,0,0,0,0,492,1,50,0,0,7,0
33,38,1001,1,1,1,0,1,626,1,0,35,11,0,0
38,33,1001,1,1,0,1,0,395,1,45,0,0,7,0
33,38,1002,2,2,2,0,0,369,1,54,0,7,0,0
38,33,1002,2,2,0,2,1,345,1,0,54,0,7,0
33,39,1000,0,0,0,0,1,1648,1,0,92,0,14,0
39,33,1000,0,0,0,0,0,1648,1,92,0,14,0,0
33,39,1001,1,1,1,0,1,1067,1,0,97,0,0,0
39,33,1001,1,1,0,1,0,1011,1,112,0,18,5,0
33,39,1002,2,2,2,0,1,1077,1,0,105,0,0,0
39,33,1002,2,2,0,2,0,1148,1,107,0,0,0,0
34,35,1000,0,0,0,0,1,919,1,0,83,5,6,0
35,34,1000,0,0,0,0,0,919,1,83,0,6,5,0
34,35,1001,1,1,1,0,1,764,1,0,80,0,0,0
35,34,1001,1,1,0,1,0,805,1,58,0,0,0,0
34,35,1002,2,2,2,0,1,938,1,0,106,10,24,0
35,34,1002,2,2,0,2,0,993,1,103,0,46,9,0
34,36,1000,0,0,0,0,1,237,1,0,84,3,0,0
36,34,1000,0,0,0,0,0,237,1,84,0,0,3,0
34,36,1001,1,1,1,0,1,403,1,0,39,0,0,0
36,34,1001,1,1,0,1,0,403,1,79,0,0,0,0
34,36,1002,2,2,2,0,1,419,1,0,76,13,25,0
36,34,1002,2,2,0,2,0,318,1,81,0,0,13,0
34,37,1000,0,0,0,0,0,456,1,111,0,0,4,0
37,34,1000,0,0,0,0,1,456,1,0,111,4,0,0
34,37,1001,1,1,1,0,0,680,1,94,0,20,1,0
37,34,1001,1,1,0,1,1,538,1,0,83,0,18,0
34,37,1002,2,2,2,0,0,938,1,71,0,46,51,0
37,34,1002,2,2,0,2,1,969,1,0,45,45,66,0
34,38,1000,0,0,0,0,1,389,1,0,13,9,0,0
38,34,1000,0,0,0,0,0,389,1,13,0,0,9,0
34,38,1001,1,1,1,0,0,418,1,43,0,9,0,0
38,34,1001,1,1,0,1,0,432,1,93,0,0,9,0
34,38,1002,2,2,2,0,1,383,1,0,29,9,0,0
38,34,1002,2,2,0,2,0,754,1,16,0,0,9,0
34,39,1000,0,0,0,0,1,937,1,0,42,0,7,0
39,34,1000,0,0,0,0,0,937,1,42,0,7,0,0
34,39,1001,1,1,1,0,1,569,1,0,79,0,0,0
39,34,1001,1,1,0,1,0,588,1,79,0,0,0,0
34,39,1002,2,2,2,0,1,710,1,0,68,18,0,0
39,34,1002,2,2,0,2,0,710,1,68,0,0,18,0
35,36,1000,0,0,0,0,1,1683,1,0,55,53,47,0
36,35,1000,0,0,0,0,0,1683,1,55,0,47,53,0
35,36,1001,1,1,1,0,1,809,1,0,71,0,7,0
36,35,1001,1,1,0,1,0,838,1,36,0,0,9,0
35,36,1002,2,2,2,0,0,1597,1,51,0,115,158,0
36,35,1002,2,2,0,2,0,791,1,11,0,153,75,0
35,37,1000,0,0,0,0,0,1146,1,111,0,26,28,0
37,35,1000,0,0,0,0,1,1146,1,0,111,28,26,0
35,37,1001,1,1,1,0,0,1490,1,80,0,63,52,0
37,35,1001,1,1,0,1,1,1576,1,0,69,0,9,0
35,37,1002,2,2,2,0,0,704,1,111,0,0,9,0
37,35,1002,2,2,0,2,1,801,1,0,109,10,0,0
35,38,1000,0,0,0,0,0,532,1,38,0,2,0,0
38,35,1000,0,0,0,0,1,532,1,0,38,0,2,0
35,38,1001,1,1,1,0,1,495,1,0,105,2,0,0
38,35,1001,1,1,0,1,1,470,1,0,57,0,2,0
35,38,1002,2,2,2,0,0,758,1,111,0,4,0,0
38,35,1002,2,2,0,2,1,570,1,0,50,0,5,0
35,39,1000,0,0,0,0,0,1695,1,11,0,50,3,0
39,35,1000,0,0,0,0,1,1695,1,0,11,3,50,0
35,39,1001,1,1,1,0,1,1826,1,0,11,16,21,0
39,35,1001,1,1,0,1,0,1864,1,22,0,21,16,0
35,39,1002,2,2,2,0,0,1803,1,37,0,16,1,0
39,35,1002,2,2,0,2,1,1707,1,0,55,1,16,0
36,37,1000,0,0,0,0,0,697,1,74,0,10,15,0
37,36,1000,0,0,0,0,1,697,1,0,74,15,10,0
36,37,1001,1,1,1,0,0,474,1,104,0,12,27,0
37,36,1001,1,1,0,1,1,435,1,0,65,20,83,0
36,37,1002,2,2,2,0,0,406,1,82,0,55,10,0
37,36,1002,2,2,0,2,1,463,1,0,64,12,0,0
36,38,1000,0,0,0,0,0,322,1,20,0,9,0,0
38,36,1000,0,0,0,0,1,322,1,0,20,0,9,0
36,38,1001,1,1,1,0,0,406,1,21,0,13,0,0
38,36,1001,1,1,0,1,1,355,1,0,19,0,9,0
36,38,1002,2,2,2,0,1,224,1,0,9,9,0,0
38,36,1002,2,2,0,2,1,259,1,0,57,0,9,0
36,39,1000,0,0,0,0,0,607,1,70,0,0,12,0
39,36,1000,0,0,0,0,1,607,1,0,70,12,0,0
36,39,1001,1,1,1,0,1,695,1,0,51,18,2,0
39,36,1001,1,1,0,1,0,695,1,59,0,2,18,0
36,39,1002,2,2,2,0,1,639,1,0,12,0,2,0
39,36,1002,2,2,0,2,0,639,1,12,0,2,0,0
37,38,1000,0,0,0,0,0,441,1,45,0,15,0,0
38,37,1000,0,0,0,0,1,441,1,0,45,0,15,0
37,38,1001,1,1,1,0,1,525,1,0,57,33,0,0
38,37,1001,1,1,0,1,0,320,1,65,0,9,7,0
37,38,1002,2,2,2,0,1,247,1,0,77,6,0,0
38,37,1002,2,2,0,2,0,457,1,21,0,8,19,0
37,39,1000,0,0,0,0,1,793,1,0,119,15,35,0
39,37,1000,0,0,0,0,0,793,1,119,0,35,15,0
37,39,1001,1,1,1,0,1,517,1,0,127,0,0,0
39,37,1001,1,1,0,1,0,603,1,124,0,23,17,0
37,39,1002,2,2,2,0,1,949,1,0,79,6,5,0
39,37,1002,2,2,0,2,0,928,1,113,0,6,0,0
38,39,1000,0,0,0,0,1,394,1,0,92,0,5,0
39,38,1000,0,0,0,0,0,394,1,92,0,5,0,0
38,39,1001,1,1,1,0,1,358,1,0,112,4,0,0
39,38,1001,1,1,0,1,0,358,1,68,0,10,0,0
38,39,1002,2,2,2,0,1,397,1,0,97,0,4,0
39,38,1002,2,2,0,2,0,358,1,64,0,10,0,0
