case,species,opponent,arena,weather,seed,seat,style,score,ticks,reason,own_hp,enemy_hp,casts,energy_spent,overflow,personality,decisions,distance,objective_distance,mean_energy,stationary_fraction,retreat_fraction,low_hp_decisions,low_hp_retreats,casts_1,casts_2,casts_3,casts_4,casts_5,damage,damage_taken,healed,shielded,control,model_checksum,opponent_checksum
0,0,17,0,0,2150000000,0,0,0,496,1,0,55,10,1752,0,STEADY,166,3.82645,2.95001,0.350428,0.246988,0.216867,62,14,2,6,0,1,1,53,113,0,0,33,e617ab48,0
0,0,17,0,0,2150000000,1,0,0,535,1,0,23,10,1658,0,STEADY,179,3.03295,3.05716,0.24186,0.0670391,0.385475,45,10,5,3,1,0,1,87,113,0,0,19,e617ab48,0
1,1,18,1,0,2150000001,0,1,0,1239,1,0,71,19,3136,0,STEADY,413,3.1852,4.22792,0.248182,0.326877,0.0411622,297,17,8,7,0,1,3,58,136,0,32,49,e617ab48,0
1,1,18,1,0,2150000001,1,1,0,992,1,0,39,20,2820,0,STEADY,331,3.08814,1.23164,0.162927,0.302115,0.172205,109,32,15,2,1,1,1,90,150,14,40,75,e617ab48,0
2,2,19,2,0,2150000002,0,2,0,269,1,0,30,6,1232,0,STEADY,90,8.11008,5.5397,0.408267,0.533333,0,23,0,3,3,0,0,0,102,94,0,0,0,e617ab48,0
2,2,19,2,0,2150000002,1,2,0,272,1,0,38,5,1101,0,STEADY,91,8.05434,5.53277,0.413473,0.472527,0,24,0,3,2,0,0,0,94,94,0,0,0,e617ab48,0
3,3,20,3,0,2150000003,0,3,0,1492,1,0,46,19,3603,0,STEADY,498,2.36881,2.12439,0.182016,0.186747,0.0281124,399,14,16,1,0,1,1,44,106,0,15,2,e617ab48,0
3,3,20,3,0,2150000003,1,3,0,1501,1,0,24,21,3903,0,STEADY,501,2.13514,2.39153,0.143533,0.165669,0.127745,384,61,19,1,0,1,0,66,106,0,15,84,e617ab48,0
4,4,21,4,0,2150000004,0,0,0,1186,1,0,73,16,2894,0,STEADY,396,3.55485,2.92335,0.159475,0.186869,0.030303,82,12,3,10,0,0,3,51,123,0,0,142,e617ab48,0
4,4,21,4,0,2150000004,1,0,0,1672,1,0,104,23,4057,0,STEADY,558,3.49119,3.51929,0.161199,0.229391,0.0232975,48,0,6,14,0,1,2,20,123,0,0,124,e617ab48,0
5,5,22,5,0,2150000005,0,1,0,2089,1,0,67,13,2424,0,STEADY,697,2.2972,4.69534,0.145904,0.106169,0.101865,123,37,9,2,0,1,1,108,141,0,0,27,e617ab48,0
5,5,22,5,0,2150000005,1,1,0,2182,1,0,31,21,3603,0,STEADY,728,2.24716,5.18433,0.121207,0.203297,0.130495,243,60,15,2,0,2,2,144,141,0,11,27,e617ab48,0
6,6,23,0,0,2150000006,0,2,0,2700,3,19,57,39,6865,0,STEADY,900,2.95387,4.78004,0.108717,0.0255556,0.283333,58,19,37,0,1,0,1,66,112,0,0,48,e617ab48,0
6,6,23,0,0,2150000006,1,2,0,2200,1,0,45,27,5044,0,STEADY,734,2.84338,4.8759,0.11101,0.00953678,0.183924,96,0,25,1,1,0,0,82,131,0,0,41,e617ab48,0
7,7,24,1,0,2150000007,0,3,1,805,1,41,0,15,2298,0,STEADY,269,1.88396,2.57206,0.155751,0.0408922,0.0483271,0,0,10,3,0,1,1,125,59,0,0,50,e617ab48,0
7,7,24,1,0,2150000007,1,3,1,781,1,72,0,14,2218,0,STEADY,261,2.10637,1.83501,0.151249,0.0651341,0.0574713,0,0,9,3,1,1,0,125,28,0,0,36,e617ab48,0
8,8,25,2,0,2150000008,0,0,1,1369,1,11,0,25,3703,0,STEADY,457,3.22609,3.03185,0.173188,0.142232,0.328228,254,110,10,0,14,1,0,104,105,0,0,336,e617ab48,0
8,8,25,2,0,2150000008,1,0,0,720,1,0,59,15,2310,0,STEADY,240,3.55124,2.59669,0.214342,0.2125,0.4125,109,60,4,1,8,1,1,45,116,0,10,165,e617ab48,0
9,9,26,3,0,2150000009,0,1,1,1132,1,23,0,20,3016,0,STEADY,378,2.88215,2.90658,0.163484,0.031746,0.0634921,53,6,2,15,1,0,2,108,130,4,0,80,e617ab48,0
9,9,26,3,0,2150000009,1,1,0,1255,1,0,16,24,3398,0,STEADY,419,2.89848,1.93169,0.133508,0.0501193,0.169451,137,34,2,20,0,1,1,92,149,0,0,83,e617ab48,0
10,10,27,4,0,2150000010,0,2,1,1123,1,58,0,19,3399,0,STEADY,375,3.54321,1.90288,0.152451,0.0613333,0.389333,0,0,16,2,1,0,0,145,66,0,0,164,e617ab48,0
10,10,27,4,0,2150000010,1,2,1,2211,1,27,0,31,5736,0,STEADY,737,2.73221,5.2388,0.113254,0.0325645,0.156038,614,76,28,2,1,0,0,145,97,0,0,60,e617ab48,0
11,11,28,5,0,2150000011,0,3,1,1147,1,82,0,19,2874,0,STEADY,383,2.80349,3.95396,0.220034,0.0522193,0.0861619,0,0,14,2,0,1,2,111,35,0,10,0,e617ab48,0
11,11,28,5,0,2150000011,1,3,1,571,1,50,0,12,1995,0,STEADY,191,3.47127,4.1357,0.302649,0.120419,0.0471204,0,0,7,2,1,1,1,103,67,0,10,0,e617ab48,0
12,12,29,0,0,2150000012,0,0,1,1360,1,72,0,23,3604,0,STEADY,454,2.68345,2.48445,0.162198,0.132159,0.286344,0,0,16,1,3,2,1,102,39,0,0,176,e617ab48,0
12,12,29,0,0,2150000012,1,0,1,1189,1,52,0,16,2987,0,STEADY,397,2.81675,4.98267,0.211343,0.219144,0.18136,0,0,7,2,5,1,1,102,59,0,0,45,e617ab48,0
13,13,30,1,0,2150000013,0,1,0,431,1,0,33,9,1677,0,STEADY,144,5.06808,3.12064,0.358951,0.333333,0.0902778,89,13,6,0,1,0,2,92,104,0,0,46,e617ab48,0
13,13,30,1,0,2150000013,1,1,0,1050,1,0,40,15,2775,0,STEADY,350,3.70037,2.96533,0.169729,0.231429,0.0628571,162,22,12,1,1,0,1,85,104,0,0,129,e617ab48,0
14,14,31,2,0,2150000014,0,2,1,612,1,94,0,12,1799,0,STEADY,204,2.46586,9.1761,0.255387,0.0588235,0.0686275,0,0,2,7,1,1,1,141,19,0,0,7,e617ab48,0
14,14,31,2,0,2150000014,1,2,1,1092,1,94,0,12,2031,0,STEADY,364,1.63246,7.43676,0.216321,0.0247253,0.00824176,0,0,1,7,1,1,2,141,19,0,9,9,e617ab48,0
15,15,32,3,0,2150000015,0,3,0,574,1,0,121,11,1844,0,STEADY,192,5.46274,4.3568,0.330693,0.463542,0.109375,31,0,3,4,0,2,2,0,118,0,24,0,e617ab48,0
15,15,32,3,0,2150000015,1,3,0,746,1,0,121,14,2466,0,STEADY,249,4.76126,2.31407,0.293265,0.53012,0.0361446,58,7,0,12,0,2,0,0,118,0,45,146,e617ab48,0
16,16,33,4,0,2150000016,0,0,1,1146,1,84,0,17,3261,0,STEADY,382,2.70337,6.46213,0.152291,0.0575916,0.274869,0,0,14,2,1,0,0,152,31,0,0,42,e617ab48,0
16,16,33,4,0,2150000016,1,0,1,991,1,90,0,16,2988,0,STEADY,331,2.34115,6.31387,0.1629,0.0725076,0.10574,0,0,13,2,1,0,0,152,25,0,0,0,e617ab48,0
17,17,34,5,0,2150000017,0,1,0,694,1,0,55,8,1446,0,STEADY,232,7.05838,5.02708,0.688065,0.125,0.478448,36,11,2,1,1,2,2,85,107,6,0,43,e617ab48,0
17,17,34,5,0,2150000017,1,1,1,451,1,1,0,9,1611,0,STEADY,151,3.88965,3.14939,0.50647,0.377483,0.0331126,33,2,3,2,0,3,1,140,104,9,0,0,e617ab48,0
18,18,35,0,0,2150000018,0,2,0,2700,3,31,20,36,5217,0,STEADY,900,3.59647,3.39617,0.112857,0.06,0.254444,128,62,32,3,0,0,1,90,98,0,0,160,e617ab48,0
18,18,35,0,0,2150000018,1,2,0,1996,1,0,58,24,3801,0,STEADY,666,3.90814,2.83315,0.138182,0.0555556,0.223724,231,69,19,3,0,0,2,52,129,0,0,216,e617ab48,0
19,19,36,1,0,2150000019,0,3,1,855,1,18,0,15,2683,0,STEADY,285,3.869,2.36226,0.203407,0.315789,0.329825,117,63,12,1,0,1,1,93,114,0,22,21,e617ab48,0
19,19,36,1,0,2150000019,1,3,0,839,1,0,33,16,2810,0,STEADY,280,4.4198,2.74748,0.187586,0.442857,0.242857,104,26,13,0,0,1,2,60,132,0,22,0,e617ab48,0
20,20,37,2,0,2150000020,0,0,0,1519,1,0,71,24,4309,0,STEADY,507,4.13242,2.34205,0.121491,0.362919,0.416174,104,44,21,1,0,1,1,79,102,0,13,312,e617ab48,0
20,20,37,2,0,2150000020,1,0,0,1347,1,0,75,19,3714,0,STEADY,449,4.09129,2.59328,0.1698,0.320713,0.507795,149,75,13,2,0,2,2,75,102,0,0,213,e617ab48,0
21,21,38,3,0,2150000021,0,1,1,985,1,124,0,13,2179,0,STEADY,329,3.53351,7.45619,0.225003,0,0.0668693,0,0,8,4,0,0,1,104,0,0,0,0,e617ab48,0
21,21,38,3,0,2150000021,1,1,1,806,1,87,0,13,2150,0,STEADY,269,3.6255,8.1515,0.223963,0.0260223,0.0855019,0,0,8,4,1,0,0,104,37,0,0,10,e617ab48,0
22,22,39,4,0,2150000022,0,2,1,1321,1,112,0,21,4710,0,STEADY,441,2.50163,1.43026,0.166372,0.208617,0.217687,0,0,10,3,6,1,1,114,63,0,33,99,e617ab48,0
22,22,39,4,0,2150000022,1,2,1,1597,1,82,0,24,5372,0,STEADY,533,2.2021,1.95095,0.155026,0.0938086,0.212008,0,0,10,4,7,0,3,114,93,0,33,120,e617ab48,0
23,23,0,5,0,2150000023,0,3,0,616,1,0,37,12,1900,0,STEADY,206,3.2129,2.33041,0.323636,0.165049,0.126214,37,13,5,5,1,0,1,76,117,12,0,133,e617ab48,0
23,23,0,5,0,2150000023,1,3,0,424,1,0,37,10,1574,0,STEADY,142,3.33108,3.00807,0.37307,0.126761,0.0633803,59,4,5,3,1,1,0,76,117,12,0,38,e617ab48,0
24,24,1,0,0,2150000024,0,0,0,1264,1,0,56,19,2947,0,STEADY,422,3.14972,2.98761,0.171448,0.258294,0.388626,35,12,14,2,1,1,1,80,125,0,20,344,e617ab48,0
24,24,1,0,0,2150000024,1,0,0,856,1,0,50,17,2751,0,STEADY,286,3.28369,1.99461,0.242392,0.482517,0.300699,112,53,11,4,1,1,0,86,125,0,17,99,e617ab48,0
25,25,2,1,0,2150000025,0,1,0,231,1,0,33,5,930,0,STEADY,77,5.12168,2.29233,0.678506,0.207792,0.0779221,16,6,0,3,1,1,0,61,104,0,24,115,e617ab48,0
25,25,2,1,0,2150000025,1,1,0,1034,1,0,66,20,3171,0,STEADY,345,3.23374,1.61071,0.190142,0.350725,0.284058,245,85,6,12,1,0,1,28,104,0,24,109,e617ab48,0
26,26,3,2,0,2150000026,0,2,1,965,1,67,0,15,2397,0,STEADY,322,2.69018,5.69433,0.431612,0.121118,0.13354,0,0,5,7,0,0,3,106,41,0,0,35,e617ab48,0
26,26,3,2,0,2150000026,1,2,1,838,1,97,0,15,2384,0,STEADY,280,2.75529,5.51393,0.408443,0.128571,0.0571429,0,0,6,6,0,0,3,106,11,0,0,52,e617ab48,0
27,27,4,3,0,2150000027,0,3,0,870,1,0,55,17,2990,0,STEADY,290,4.68292,2.28039,0.234107,0.472414,0.227586,104,45,15,1,0,0,1,68,145,0,0,54,e617ab48,0
27,27,4,3,0,2150000027,1,3,0,1192,1,0,34,20,3610,0,STEADY,398,3.76455,1.9312,0.197832,0.409548,0.110553,132,20,18,1,0,0,1,102,145,0,0,134,e617ab48,0
28,28,5,4,0,2150000028,0,0,1,639,1,35,0,13,2450,0,STEADY,213,3.46194,1.83125,0.262244,0.577465,0.206573,13,0,3,9,0,0,1,141,76,0,0,154,e617ab48,0
28,28,5,4,0,2150000028,1,0,1,536,1,54,0,11,2080,0,STEADY,179,4.07666,3.24139,0.272128,0.446927,0.212291,0,0,2,7,0,0,2,141,57,0,0,20,e617ab48,0
29,29,6,5,0,2150000029,0,1,0,2187,1,0,73,30,5707,0,STEADY,729,3.80162,4.76377,0.157964,0.290809,0.037037,90,8,9,10,6,0,5,58,102,0,51,111,e617ab48,0
29,29,6,5,0,2150000029,1,1,0,1206,1,0,68,21,3866,0,STEADY,402,4.10526,2.09678,0.195948,0.378109,0.211443,41,3,7,5,4,1,4,63,102,0,42,261,e617ab48,0
30,30,7,0,0,2150000030,0,2,0,583,1,0,68,16,1922,0,STEADY,195,2.98388,5.23318,0.283292,0.0512821,0.148718,102,11,14,2,0,0,0,32,125,0,0,0,e617ab48,0
30,30,7,0,0,2150000030,1,2,1,570,1,44,0,12,1817,0,STEADY,190,2.96706,2.57079,0.256874,0.0473684,0.252632,57,12,9,3,0,0,0,100,81,0,0,74,e617ab48,0
31,31,8,1,0,2150000031,0,3,0,1756,1,0,100,32,4843,0,STEADY,586,3.29611,3.02405,0.143706,0.399317,0.196246,313,60,18,8,0,1,5,16,132,0,0,11,e617ab48,0
31,31,8,1,0,2150000031,1,3,0,580,1,0,58,13,2060,0,STEADY,194,3.67425,2.11205,0.24551,0.293814,0.283505,84,45,7,3,1,1,1,58,137,5,12,0,e617ab48,0
32,32,9,2,0,2150000032,0,0,0,1699,1,0,53,24,4558,0,STEADY,567,3.43333,7.03662,0.102774,0.0758377,0.539683,55,7,21,1,1,1,0,102,121,0,0,0,e617ab48,0
32,32,9,2,0,2150000032,1,0,1,1035,1,34,0,19,3357,0,STEADY,345,3.0221,5.59341,0.15822,0.0753623,0.298551,8,0,17,0,1,0,1,151,87,0,0,122,e617ab48,0
33,33,10,3,0,2150000033,0,1,0,552,1,0,60,12,2050,0,STEADY,184,4.33881,2.14058,0.34762,0.255435,0.255435,46,13,5,3,4,0,0,64,152,0,0,237,e617ab48,0
33,33,10,3,0,2150000033,1,1,1,610,1,35,0,14,2130,0,STEADY,204,3.09872,1.7642,0.264137,0.142157,0.0980392,77,16,5,1,7,0,1,124,117,0,0,101,e617ab48,0
34,34,11,4,0,2150000034,0,2,1,1170,1,52,0,18,3233,0,STEADY,390,3.3371,5.47455,0.175621,0.241026,0.0128205,292,0,1,15,0,1,1,141,88,0,0,80,e617ab48,0
34,34,11,4,0,2150000034,1,2,1,811,1,37,0,16,2430,0,STEADY,271,3.16299,1.56257,0.213498,0.357934,0.0627306,60,10,8,7,0,0,1,129,103,0,0,235,e617ab48,0
35,35,12,5,0,2150000035,0,3,0,562,1,0,63,13,1970,0,STEADY,188,3.96466,2.01559,0.22475,0.207447,0.18617,47,14,3,7,1,1,1,48,101,0,10,206,e617ab48,0
35,35,12,5,0,2150000035,1,3,0,1279,1,0,15,23,3176,0,STEADY,427,1.9579,2.68,0.115569,0.0796253,0.0725995,253,21,4,17,1,1,0,96,101,0,10,120,e617ab48,0
36,36,13,0,0,2150000036,0,0,0,1207,1,0,2,18,3511,0,STEADY,403,4.70512,6.05277,0.232888,0.163772,0.109181,38,17,3,12,0,0,3,102,93,0,0,72,e617ab48,0
36,36,13,0,0,2150000036,1,0,0,208,1,0,62,6,1160,0,STEADY,70,7.15162,2.86405,0.586329,0.214286,0.0714286,19,0,2,4,0,0,0,42,93,0,0,73,e617ab48,0
37,37,14,1,0,2150000037,0,1,0,606,1,0,9,12,2148,0,STEADY,202,2.83829,2.8141,0.248703,0.0594059,0.643564,42,17,10,0,1,0,1,104,150,0,0,43,e617ab48,0
37,37,14,1,0,2150000037,1,1,0,519,1,0,26,10,1817,0,STEADY,173,2.82702,2.06696,0.275919,0.0578035,0.606936,41,22,8,0,1,0,1,87,150,0,0,41,e617ab48,0
38,38,15,2,0,2150000038,0,2,1,434,1,44,0,10,1850,0,STEADY,145,5.39279,3.17705,0.326572,0.648276,0.193103,0,0,4,4,0,1,1,118,60,0,0,1,e617ab48,0
38,38,15,2,0,2150000038,1,2,1,445,1,68,0,10,1870,0,STEADY,149,5.14412,3.29946,0.364503,0.711409,0.100671,0,0,5,3,1,1,0,118,36,0,0,35,e617ab48,0
39,39,16,3,0,2150000039,0,3,1,679,1,51,0,13,2204,0,STEADY,227,3.47306,2.43168,0.305705,0.15859,0.0837004,0,0,7,1,2,2,1,115,63,0,25,68,e617ab48,0
39,39,16,3,0,2150000039,1,3,1,901,1,39,0,16,2471,0,STEADY,301,2.54609,2.14745,0.200186,0.0598007,0.119601,48,4,11,1,1,1,2,115,75,0,17,49,e617ab48,0
40,0,24,5,0,2150000040,0,1,1,862,1,21,0,19,2880,0,STEADY,288,5.10981,2.81899,0.339403,0.28125,0.0972222,47,5,9,9,0,1,0,125,92,0,0,70,e617ab48,0
40,0,24,5,0,2150000040,1,1,1,526,1,5,0,13,1890,0,STEADY,176,4.05457,4.6905,0.334239,0.176136,0.232955,53,12,7,5,0,0,1,125,108,0,0,16,e617ab48,0
41,1,25,0,0,2150000041,0,2,1,1147,1,31,0,18,3191,0,STEADY,383,2.64529,5.83327,0.186702,0.326371,0.0261097,30,0,4,10,0,1,3,104,105,0,24,64,e617ab48,0
41,1,25,0,0,2150000041,1,2,1,733,1,101,0,13,2040,0,STEADY,245,2.81203,2.28909,0.187878,0.314286,0.077551,0,0,8,2,0,1,2,104,35,0,16,120,e617ab48,0
42,2,26,1,0,2150000042,0,3,0,539,1,0,55,9,1840,0,STEADY,180,4.84545,4.37725,0.287289,0.533333,0.116667,64,12,3,5,0,0,1,53,94,0,0,0,e617ab48,0
42,2,26,1,0,2150000042,1,3,0,623,1,0,16,12,2281,0,STEADY,208,4.48747,3.90156,0.249553,0.471154,0.173077,43,10,3,8,0,0,1,92,94,0,0,0,e617ab48,0
43,3,27,2,0,2150000043,0,0,0,978,1,0,90,11,2292,0,STEADY,326,2.35584,2.11045,0.190791,0.147239,0.0153374,100,0,8,1,0,1,1,55,106,0,15,64,e617ab48,0
43,3,27,2,0,2150000043,1,0,0,1734,1,0,90,28,4935,0,STEADY,578,3.69337,6.42685,0.137137,0.233564,0.0346021,150,6,26,1,0,1,0,55,106,0,15,102,e617ab48,0
44,4,28,3,0,2150000044,0,1,0,549,1,0,86,9,1666,0,STEADY,183,5.30744,3.3374,0.42823,0.234973,0.0273224,33,0,1,5,0,1,2,25,134,11,0,98,e617ab48,0
44,4,28,3,0,2150000044,1,1,0,550,1,0,47,9,1747,0,STEADY,184,4.97714,2.98529,0.394467,0.25,0.103261,21,3,1,5,1,1,1,64,136,13,0,214,e617ab48,0
45,5,29,4,0,2150000045,0,2,1,976,1,95,0,18,2712,0,STEADY,326,2.7144,1.90145,0.196552,0.411043,0.141104,0,0,13,2,0,2,1,102,46,0,9,111,e617ab48,0
45,5,29,4,0,2150000045,1,2,1,2620,1,75,0,28,5772,0,STEADY,874,2.65238,5.01238,0.175097,0.168192,0.0606407,0,0,9,8,1,9,1,102,66,0,7,24,e617ab48,0
46,6,30,5,0,2150000046,0,3,1,2700,3,118,67,42,7278,0,STEADY,900,1.72107,2.62366,0.131029,0.0211111,0.0755556,0,0,40,0,1,0,1,58,13,0,0,47,e617ab48,0
46,6,30,5,0,2150000046,1,3,1,2700,3,24,45,35,6227,0,STEADY,900,1.27142,2.346,0.108606,0.00333333,0.102222,535,53,32,1,1,0,1,80,107,0,0,56,e617ab48,0
47,7,31,0,0,2150000047,0,0,0,805,1,0,32,11,1988,0,STEADY,269,2.09702,1.86439,0.167963,0.0743494,0.0185874,190,3,6,3,1,1,0,109,100,0,0,71,e617ab48,0
47,7,31,0,0,2150000047,1,0,1,940,1,85,0,12,2177,0,STEADY,314,1.81126,4.37998,0.148978,0.0541401,0.0382166,0,0,6,3,1,1,1,132,15,0,0,35,e617ab48,0
48,8,32,1,0,2150000048,0,1,1,1036,1,13,0,15,2924,0,STEADY,346,4.14869,7.35959,0.210783,0.225434,0.0202312,107,0,10,1,1,2,1,121,103,0,0,24,e617ab48,0
48,8,32,1,0,2150000048,1,1,0,1054,1,0,49,19,3620,0,STEADY,352,4.17138,4.79724,0.208787,0.213068,0.0795455,127,28,8,2,1,2,6,72,116,0,10,53,e617ab48,0
49,9,33,2,0,2150000049,0,2,1,1228,1,60,0,17,3344,0,STEADY,410,2.49057,5.91815,0.151239,0.0195122,0.0439024,95,2,4,6,1,0,6,152,95,6,0,0,e617ab48,0
49,9,33,2,0,2150000049,1,2,0,1759,1,0,13,22,4185,0,STEADY,587,2.34792,5.04767,0.135807,0.0289608,0.109029,102,10,5,10,1,0,6,139,165,16,0,18,e617ab48,0
50,10,34,3,0,2150000050,0,3,1,896,1,4,0,15,2688,0,STEADY,299,4.11641,2.55727,0.210615,0.107023,0.41806,76,32,12,3,0,0,0,140,120,0,0,243,e617ab48,0
50,10,34,3,0,2150000050,1,3,0,1224,1,0,76,22,3838,0,STEADY,408,3.55382,2.14389,0.1754,0.0539216,0.433824,107,63,19,2,0,0,1,64,124,0,0,136,e617ab48,0
51,11,35,4,0,2150000051,0,0,1,760,1,71,0,16,2564,0,STEADY,254,3.06085,1.75446,0.187531,0.122047,0.0708661,0,0,10,3,1,1,1,110,46,0,0,106,e617ab48,0
51,11,35,4,0,2150000051,1,0,1,2338,1,55,0,34,6080,0,STEADY,780,3.12144,4.62474,0.146237,0.146154,0.0653846,0,0,16,10,0,6,2,110,89,27,10,0,e617ab48,0
52,12,36,5,0,2150000052,0,1,1,607,1,59,0,12,2200,0,STEADY,203,4.3959,3.84257,0.424626,0.320197,0.103448,0,0,5,2,2,1,2,93,52,0,0,131,e617ab48,0
52,12,36,5,0,2150000052,1,1,1,778,1,7,0,16,2629,0,STEADY,260,3.61459,2.50285,0.213954,0.380769,0.211538,83,33,9,1,3,2,1,93,104,0,0,234,e617ab48,0
53,13,37,0,0,2150000053,0,2,0,1192,1,0,65,19,3411,0,STEADY,398,4.59298,3.54636,0.148425,0.298995,0.236181,138,5,16,1,1,0,1,85,104,0,0,328,e617ab48,0
53,13,37,0,0,2150000053,1,2,1,1027,1,49,0,19,3369,0,STEADY,343,4.25558,3.20451,0.160484,0.227405,0.107872,0,0,16,0,1,0,2,150,55,0,0,188,e617ab48,0
54,14,38,1,0,2150000054,0,3,1,535,1,76,0,13,1840,0,STEADY,179,2.20076,2.1659,0.240939,0.027933,0.106145,0,0,5,5,1,1,1,104,37,0,0,24,e617ab48,0
54,14,38,1,0,2150000054,1,3,1,846,1,113,0,16,2275,0,STEADY,282,1.82656,1.92549,0.181273,0.0212766,0.12766,0,0,4,9,1,1,1,104,0,0,0,0,e617ab48,0
55,15,39,2,0,2150000055,0,0,0,1909,1,0,42,17,3307,0,STEADY,637,2.53396,5.43105,0.102642,0.163265,0.0298273,273,7,2,12,0,2,1,72,118,0,15,74,e617ab48,0
55,15,39,2,0,2150000055,1,0,0,2700,3,40,50,19,4019,0,STEADY,900,2.36271,3.76908,0.09498,0.107778,0.00777778,24,0,6,11,0,1,1,64,78,0,0,48,e617ab48,0
56,16,0,3,0,2150000056,0,1,0,879,1,0,87,14,2638,0,STEADY,293,4.02604,2.30505,0.189809,0.112628,0.382253,111,59,11,3,0,0,0,26,115,0,0,237,e617ab48,0
56,16,0,3,0,2150000056,1,1,1,823,1,23,0,15,2796,0,STEADY,275,2.96444,5.48963,0.190931,0.0727273,0.0472727,95,11,12,3,0,0,0,113,92,0,0,0,e617ab48,0
57,17,1,4,0,2150000057,0,2,0,526,1,0,57,9,1601,0,STEADY,176,3.11985,5.78209,0.407358,0.1875,0.193182,29,12,3,2,0,2,2,83,108,12,0,9,e617ab48,0
57,17,1,4,0,2150000057,1,2,1,517,1,39,0,11,1936,0,STEADY,173,3.25885,1.66026,0.395098,0.473988,0.202312,17,9,4,3,0,4,0,136,65,18,0,103,e617ab48,0
58,18,2,5,0,2150000058,0,3,1,2700,3,58,24,37,5064,0,STEADY,900,1.87167,2.24831,0.108582,0.0311111,0.132222,0,0,35,2,0,0,0,70,71,0,0,240,e617ab48,0
58,18,2,5,0,2150000058,1,3,1,2508,1,44,0,33,4825,0,STEADY,836,2.01978,2.79832,0.12089,0.0657895,0.0909091,91,7,29,4,0,0,0,94,85,0,0,290,e617ab48,0
59,19,3,0,0,2150000059,0,0,0,1176,1,0,22,15,2854,0,STEADY,392,3.26915,2.35826,0.174778,0.173469,0.244898,123,34,13,1,0,1,0,75,132,0,6,186,e617ab48,0
59,19,3,0,0,2150000059,1,0,0,1364,1,0,28,19,3452,0,STEADY,455,3.28045,3.021,0.160029,0.248352,0.241758,226,25,17,0,0,1,1,75,132,0,22,186,e617ab48,0
60,20,4,1,0,2150000060,0,1,0,901,1,0,51,15,2917,0,STEADY,301,4.48275,2.68505,0.213635,0.368771,0.282392,110,38,11,1,1,1,1,85,102,0,9,153,e617ab48,0
60,20,4,1,0,2150000060,1,1,1,1591,1,2,0,24,4317,0,STEADY,531,4.00833,1.96444,0.136169,0.335217,0.397363,61,27,22,1,0,1,0,123,100,0,0,354,e617ab48,0
61,21,5,2,0,2150000061,0,2,1,1486,1,82,0,18,2910,0,STEADY,496,2.83086,5.30659,0.143298,0.0141129,0.243952,0,0,5,11,1,0,1,141,42,0,0,119,e617ab48,0
61,21,5,2,0,2150000061,1,2,1,1258,1,88,0,21,3054,0,STEADY,420,2.99392,2.63234,0.129612,0.0166667,0.314286,0,0,6,13,1,0,1,141,36,0,0,199,e617ab48,0
62,22,6,3,0,2150000062,0,3,0,1974,1,0,33,24,5575,0,STEADY,658,2.53323,1.76282,0.150208,0.18997,0.0896657,268,34,3,7,6,0,8,98,175,0,75,7,e617ab48,0
62,22,6,3,0,2150000062,1,3,0,1453,1,0,66,19,4408,0,STEADY,485,2.71673,1.83105,0.15972,0.193814,0.113402,155,18,4,5,5,1,4,65,175,0,35,27,e617ab48,0
63,23,7,4,0,2150000063,0,0,1,301,1,50,0,8,1360,0,STEADY,101,3.12383,2.18759,0.468693,0.19802,0.0792079,0,0,2,4,1,0,1,100,72,17,0,15,e617ab48,0
63,23,7,4,0,2150000063,1,0,0,613,1,0,31,8,1494,0,STEADY,205,2.74036,3.86716,0.25261,0.0878049,0.0487805,27,2,3,3,1,0,1,69,114,9,0,56,e617ab48,0
64,24,8,5,0,2150000064,0,1,0,749,1,0,84,7,1574,0,STEADY,250,4.67778,5.94345,0.354292,0.112,0.108,63,0,2,1,1,1,2,32,125,0,0,0,e617ab48,0
64,24,8,5,0,2150000064,1,1,0,1765,1,0,65,28,4864,0,STEADY,589,3.55007,4.60063,0.16608,0.33107,0.10017,37,14,15,8,0,4,1,51,125,0,33,354,e617ab48,0
65,25,9,0,0,2150000065,0,2,0,1250,1,0,120,10,2243,0,STEADY,417,3.08082,6.9168,0.156739,0.0815348,0.0647482,199,11,1,5,2,0,2,35,104,0,14,3,e617ab48,0
65,25,9,0,0,2150000065,1,2,0,874,1,0,149,7,1435,0,STEADY,292,3.22678,5.35381,0.128579,0.0958904,0.0479452,75,0,1,4,1,0,1,0,104,0,14,0,e617ab48,0
66,26,10,1,0,2150000066,0,3,0,600,1,0,10,13,1969,0,STEADY,200,2.59927,1.98725,0.250795,0.085,0.155,57,18,7,4,0,0,2,114,108,0,0,0,e617ab48,0
66,26,10,1,0,2150000066,1,3,1,694,1,22,0,15,2240,0,STEADY,232,2.59615,1.84481,0.19697,0.0905172,0.228448,2,0,8,5,0,0,2,124,86,0,0,0,e617ab48,0
67,27,11,2,0,2150000067,0,0,0,1858,1,0,42,29,5207,0,STEADY,620,3.12642,1.87034,0.125848,0.303226,0.38871,106,33,26,2,0,0,1,147,145,0,0,305,e617ab48,0
67,27,11,2,0,2150000067,1,0,1,1976,1,41,0,32,5632,0,STEADY,659,3.33131,2.53652,0.115624,0.314112,0.411229,13,10,29,2,0,0,1,189,104,0,0,229,e617ab48,0
68,28,12,3,0,2150000068,0,1,0,706,1,0,4,14,2650,0,STEADY,236,4.28034,4.88532,0.259508,0.597458,0.34322,127,53,2,10,1,0,1,107,111,0,0,0,e617ab48,0
68,28,12,3,0,2150000068,1,1,1,484,1,63,0,10,2012,0,STEADY,162,5.1099,3.88054,0.313136,0.623457,0.0308642,0,0,3,6,1,0,0,111,48,0,0,0,e617ab48,0
69,29,13,4,0,2150000069,0,2,0,869,1,0,92,16,2530,0,STEADY,290,4.31189,2.77632,0.251255,0.327586,0.241379,76,29,10,3,2,0,1,12,102,0,10,278,e617ab48,0
69,29,13,4,0,2150000069,1,2,0,535,1,0,92,7,1570,0,STEADY,179,4.91183,4.9914,0.34105,0.234637,0.0558659,30,9,1,2,3,0,1,12,102,0,0,52,e617ab48,0
70,30,14,5,0,2150000070,0,3,0,901,1,0,48,22,2700,0,STEADY,301,3.64188,2.45659,0.239186,0.13289,0.129568,73,13,19,3,0,0,0,65,125,0,0,94,e617ab48,0
70,30,14,5,0,2150000070,1,3,0,1146,1,0,48,29,3200,0,STEADY,382,2.36971,2.47742,0.189838,0.0628272,0.117801,128,15,26,2,0,0,1,65,125,0,0,116,e617ab48,0
71,31,15,0,0,2150000071,0,0,1,901,1,68,0,16,2479,0,STEADY,301,3.06074,2.03432,0.205704,0.20598,0.212625,0,0,9,5,0,1,1,118,64,0,0,152,e617ab48,0
71,31,15,0,0,2150000071,1,0,1,943,1,69,0,16,2563,0,STEADY,315,3.0363,1.93069,0.19947,0.279365,0.174603,0,0,9,5,1,0,1,118,72,9,0,137,e617ab48,0
72,32,16,1,0,2150000072,0,1,1,1149,1,78,0,20,3714,0,STEADY,383,2.53661,2.72233,0.160144,0.0417755,0.0678851,0,0,16,0,2,1,1,115,43,0,0,68,e617ab48,0
72,32,16,1,0,2150000072,1,1,1,555,1,41,0,11,2142,0,STEADY,185,3.48558,2.04555,0.220314,0.0810811,0.145946,53,1,8,0,2,1,0,115,80,0,0,90,e617ab48,0
73,33,17,2,0,2150000073,0,2,1,691,1,51,0,10,1787,0,STEADY,231,2.48234,4.9182,0.199801,0.030303,0.233766,77,5,4,1,4,0,1,100,101,0,0,19,e617ab48,0
73,33,17,2,0,2150000073,1,2,1,733,1,74,0,11,1922,0,STEADY,245,2.83296,3.64539,0.203106,0.0693878,0.334694,0,0,3,2,5,0,1,104,78,0,0,20,e617ab48,0
74,34,18,3,0,2150000074,0,3,1,883,1,8,0,14,2224,0,STEADY,295,3.13375,1.92396,0.204512,0.233898,0.0813559,173,21,8,5,0,0,1,129,132,0,0,47,e617ab48,0
74,34,18,3,0,2150000074,1,3,0,606,1,0,12,14,2052,0,STEADY,202,3.92034,1.99122,0.256109,0.509901,0.019802,60,1,8,5,0,0,1,117,140,0,0,89,e617ab48,0
75,35,19,4,0,2150000075,0,0,1,1567,1,53,0,26,3766,0,STEADY,523,2.45756,3.41401,0.109467,0.042065,0.112811,0,0,7,17,0,1,1,132,48,0,5,184,e617ab48,0
75,35,19,4,0,2150000075,1,0,1,1183,1,79,0,24,3261,0,STEADY,395,1.99157,2.07872,0.117253,0.0405063,0.124051,0,0,4,18,1,1,0,132,22,0,5,162,e617ab48,0
76,36,20,5,0,2150000076,0,1,1,1058,1,32,0,18,3229,0,STEADY,353,3.54251,7.37948,0.19089,0.25779,0.101983,76,4,2,16,0,0,0,102,61,0,0,0,e617ab48,0
76,36,20,5,0,2150000076,1,1,1,979,1,52,0,18,3182,0,STEADY,327,3.97234,7.9246,0.16863,0.299694,0.201835,0,0,1,16,0,1,0,102,41,0,0,0,e617ab48,0
77,37,21,0,0,2150000077,0,2,1,1408,1,78,0,17,3370,0,STEADY,470,3.54222,3.78256,0.140862,0.0574468,0.0893617,0,0,14,0,3,0,0,124,72,0,0,162,e617ab48,0
77,37,21,0,0,2150000077,1,2,1,1551,1,84,0,21,4000,0,STEADY,517,3.32327,7.13251,0.151667,0.0174081,0.00967118,0,0,18,1,1,0,1,124,66,0,0,16,e617ab48,0
78,38,22,1,0,2150000078,0,3,0,632,1,0,91,11,2190,0,STEADY,211,4.4532,2.67321,0.389204,0.511848,0.251185,155,53,6,2,2,1,0,84,104,0,0,130,e617ab48,0
78,38,22,1,0,2150000078,1,3,0,699,1,0,32,11,2091,0,STEADY,233,4.34707,2.90452,0.339292,0.502146,0.257511,82,19,6,4,0,1,0,143,104,0,0,0,e617ab48,0
79,39,23,2,0,2150000079,0,0,0,895,1,0,105,15,2562,0,STEADY,299,2.90715,2.85319,0.196401,0.117057,0.230769,101,27,7,4,0,2,2,18,114,0,34,99,e617ab48,0
79,39,23,2,0,2150000079,1,0,0,856,1,0,73,10,2004,0,STEADY,286,2.79208,3.60006,0.163986,0.0874126,0.013986,95,0,4,2,1,2,1,51,114,0,25,52,e617ab48,0
80,0,31,4,0,2150000080,0,2,1,1153,1,38,0,21,3238,0,STEADY,385,3.39822,4.1948,0.181839,0.150649,0.236364,297,77,10,9,0,1,1,141,75,0,0,66,e617ab48,0
80,0,31,4,0,2150000080,1,2,1,667,1,10,0,15,2320,0,STEADY,223,3.69239,2.23634,0.269587,0.188341,0.255605,119,48,8,5,1,1,0,141,103,0,0,182,e617ab48,0
81,1,32,5,0,2150000081,0,3,0,997,2,136,121,8,1495,0,STEADY,333,12.3297,10.76,0.774613,0.39039,0.552553,0,0,0,4,0,4,0,0,0,0,0,0,e617ab48,0
81,1,32,5,0,2150000081,1,3,0,812,2,90,121,14,2680,0,STEADY,271,7.96108,7.96121,0.411771,0.357934,0.457565,0,0,0,4,0,5,5,0,46,0,47,0,e617ab48,0
82,2,33,0,0,2150000082,0,0,0,463,1,0,21,8,1619,0,STEADY,155,4.02144,5.88692,0.274374,0.303226,0.232258,73,15,2,4,0,0,2,131,94,0,0,0,e617ab48,0
82,2,33,0,0,2150000082,1,0,1,448,1,20,0,9,1700,0,STEADY,150,4.20382,5.21338,0.28578,0.36,0.246667,96,26,2,6,0,0,1,152,74,0,0,0,e617ab48,0
83,3,34,1,0,2150000083,0,1,0,317,1,0,115,7,1326,0,STEADY,106,4.91116,2.54649,0.450972,0.235849,0.245283,15,13,5,1,0,1,0,25,106,0,10,33,e617ab48,0
83,3,34,1,0,2150000083,1,1,0,643,1,0,113,8,1724,0,STEADY,215,3.3521,2.08898,0.287926,0.186047,0.12093,119,8,5,1,1,1,0,27,106,0,15,139,e617ab48,0
84,4,35,2,0,2150000084,0,2,1,2572,1,14,0,42,6281,0,STEADY,858,3.53083,2.54148,0.132647,0.255245,0.158508,71,15,26,15,0,1,0,146,122,13,0,148,e617ab48,0
84,4,35,2,0,2150000084,1,2,0,2700,3,18,59,31,5446,0,STEADY,900,3.82457,5.02687,0.162163,0.194444,0.0522222,201,9,15,13,0,1,2,74,118,13,0,0,e617ab48,0
85,5,36,3,0,2150000085,0,3,1,820,1,55,0,14,2268,0,STEADY,274,4.77239,2.47727,0.377558,0.459854,0.124088,12,0,8,1,1,2,2,93,86,0,8,0,e617ab48,0
85,5,36,3,0,2150000085,1,3,0,1676,1,0,21,17,3069,0,STEADY,559,2.44596,1.39414,0.140962,0.225403,0.0268336,210,8,12,1,1,2,1,72,141,0,23,99,e617ab48,0
86,6,37,4,0,2150000086,0,0,1,2508,1,85,0,37,6560,0,STEADY,836,2.13533,4.60697,0.109554,0.00478469,0.0669856,0,0,35,0,1,0,1,150,46,0,0,57,e617ab48,0
86,6,37,4,0,2150000086,1,0,1,2538,1,125,0,33,5946,0,STEADY,846,2.65356,6.40371,0.0999125,0.0070922,0.0992908,0,0,30,0,1,0,2,150,6,0,0,52,e617ab48,0
87,7,38,5,0,2150000087,0,1,1,1039,1,46,0,14,2412,0,STEADY,347,2.28979,7.61712,0.166386,0.0662824,0.00288184,0,0,8,4,0,1,1,104,54,0,0,33,e617ab48,0
87,7,38,5,0,2150000087,1,1,1,931,1,100,0,13,2270,0,STEADY,311,2.65796,4.76372,0.187029,0.106109,0,0,0,6,6,0,1,0,104,0,0,0,0,e617ab48,0
88,8,39,0,0,2150000088,0,2,1,2138,1,101,0,29,4937,0,STEADY,713,3.25814,3.16737,0.148088,0.169705,0.217391,0,0,14,1,10,2,2,114,15,0,0,274,e617ab48,0
88,8,39,0,0,2150000088,1,2,1,1058,1,78,0,14,2711,0,STEADY,353,3.45078,3.92106,0.227399,0.184136,0.294618,0,0,8,1,2,3,0,114,38,0,10,96,e617ab48,0
89,9,0,1,0,2150000089,0,3,1,946,1,21,0,10,2022,0,STEADY,316,2.5616,2.25491,0.226345,0.0348101,0.0537975,97,0,2,6,1,1,0,105,136,8,0,37,e617ab48,0
89,9,0,1,0,2150000089,1,3,0,1020,1,0,17,9,2082,0,STEADY,340,2.62844,2.46851,0.165338,0.0441176,0.0764706,88,0,2,4,1,0,2,96,155,6,0,5,e617ab48,0
90,10,1,2,0,2150000090,0,0,0,1399,1,0,24,24,4220,0,STEADY,467,3.2965,1.70906,0.141499,0.0620985,0.449679,37,21,21,2,1,0,0,112,124,0,0,215,e617ab48,0
90,10,1,2,0,2150000090,1,0,1,1027,1,16,0,19,3270,0,STEADY,343,2.4543,1.84873,0.163041,0.0379009,0.28863,68,7,17,2,0,0,0,136,108,0,0,186,e617ab48,0
91,11,2,3,0,2150000091,0,1,0,711,1,0,60,11,2050,0,STEADY,237,3.41667,2.12998,0.310629,0.172996,0.101266,57,7,5,3,0,2,1,34,129,12,10,135,e617ab48,0
91,11,2,3,0,2150000091,1,1,1,1108,1,49,0,21,3170,0,STEADY,370,2.83069,1.86668,0.205895,0.108108,0.0783784,0,0,15,3,0,2,1,94,68,0,10,127,e617ab48,0
92,12,3,4,0,2150000092,0,2,1,994,1,100,0,15,2735,0,STEADY,332,2.72407,3.77301,0.179386,0.246988,0.063253,0,0,7,1,4,1,2,106,11,0,0,89,e617ab48,0
92,12,3,4,0,2150000092,1,2,1,1096,1,30,0,15,2713,0,STEADY,366,2.69719,4.64145,0.141844,0.163934,0.0819672,240,25,8,1,3,1,2,106,81,0,0,87,e617ab48,0
93,13,4,5,0,2150000093,0,3,0,720,1,0,51,14,2640,0,STEADY,240,6.11125,4.03918,0.184042,0.408333,0.158333,52,14,10,1,2,1,0,85,104,0,0,0,e617ab48,0
93,13,4,5,0,2150000093,1,3,0,658,1,0,68,12,2275,0,STEADY,220,5.19554,4.61565,0.169845,0.281818,0.00909091,79,2,9,1,1,1,0,68,104,0,0,0,e617ab48,0
94,14,5,0,0,2150000094,0,0,1,1935,1,59,0,20,3516,0,STEADY,645,1.47753,6.42402,0.199223,0.0108527,0.0372093,0,0,3,10,1,2,4,141,54,0,6,34,e617ab48,0
94,14,5,0,0,2150000094,1,0,1,792,1,12,0,12,1917,0,STEADY,264,1.96405,6.25903,0.212765,0.0416667,0.0568182,53,6,2,7,2,1,0,141,101,0,17,19,e617ab48,0
95,15,6,1,0,2150000095,0,1,0,1652,1,0,115,13,3009,0,STEADY,551,3.96157,4.16872,0.19849,0.14882,0.0725953,199,17,2,5,0,2,4,16,118,0,6,110,e617ab48,0
95,15,6,1,0,2150000095,1,1,0,890,1,0,119,12,2032,0,STEADY,297,3.42921,2.16208,0.155508,0.306397,0.037037,71,1,5,5,0,1,1,12,118,0,4,126,e617ab48,0
96,16,7,2,0,2150000096,0,2,1,702,1,23,0,11,2244,0,STEADY,234,2.83314,5.21723,0.231038,0.132479,0.188034,53,0,7,3,1,0,0,100,92,0,0,0,e617ab48,0
96,16,7,2,0,2150000096,1,2,1,675,1,23,0,11,2171,0,STEADY,225,2.75754,2.95102,0.226467,0.133333,0.284444,101,0,7,3,1,0,0,100,92,0,0,13,e617ab48,0
97,17,8,3,0,2150000097,0,3,0,634,1,0,27,7,1459,0,STEADY,212,4.13962,3.12932,0.496108,0.339623,0.0990566,64,4,1,2,0,2,2,89,113,9,0,0,e617ab48,0
97,17,8,3,0,2150000097,1,3,0,529,1,0,92,7,1477,0,STEADY,177,3.41402,3.06184,0.348232,0.141243,0.0225989,50,0,1,2,0,2,2,24,113,9,0,91,e617ab48,0
98,18,9,4,0,2150000098,0,0,1,1803,1,14,0,29,4200,0,STEADY,601,3.31192,2.86759,0.139501,0.0898502,0.457571,48,6,25,3,0,0,1,157,115,0,0,188,e617ab48,0
98,18,9,4,0,2150000098,1,0,0,1993,1,0,31,29,4122,0,STEADY,665,3.37143,3.88538,0.128777,0.0526316,0.496241,60,29,26,2,0,0,1,122,129,0,0,79,e617ab48,0
99,19,10,5,0,2150000099,0,1,0,762,1,0,94,15,2680,0,STEADY,254,5.99389,5.41236,0.277575,0.570866,0.181102,106,19,12,1,0,2,0,30,132,0,8,0,e617ab48,0
99,19,10,5,0,2150000099,1,1,0,765,1,0,124,14,2560,0,STEADY,255,5.99742,3.06602,0.323855,0.388235,0.27451,124,50,8,0,0,4,2,0,132,0,26,0,e617ab48,0
100,20,11,0,0,2150000100,0,2,0,1987,1,0,96,32,5828,0,STEADY,663,4.29157,2.85975,0.131949,0.411765,0.366516,127,32,28,1,1,2,0,81,102,0,18,394,e617ab48,0
100,20,11,0,0,2150000100,1,2,1,1682,2,31,98,26,4682,0,STEADY,561,4.82785,2.55487,0.18849,0.358289,0.397504,23,17,24,1,0,1,0,98,71,0,10,600,e617ab48,0
101,21,12,1,0,2150000101,0,3,1,331,1,19,0,9,1430,0,STEADY,111,2.65997,2.56707,0.326414,0.0630631,0.243243,35,1,2,5,2,0,0,111,105,0,0,0,e617ab48,0
101,21,12,1,0,2150000101,1,3,0,334,1,0,3,9,1392,0,STEADY,112,2.41067,2.04387,0.292214,0,0.0714286,47,8,3,4,0,0,2,108,124,0,0,0,e617ab48,0
102,22,13,2,0,2150000102,0,0,0,1963,1,0,26,22,5526,0,STEADY,655,3.60873,8.47036,0.175298,0.201527,0.070229,301,34,0,11,5,0,6,78,175,0,38,42,e617ab48,0
102,22,13,2,0,2150000102,1,0,1,1326,1,45,0,17,4130,0,STEADY,442,4.02604,7.32051,0.167244,0.147059,0.142534,55,16,0,7,5,0,5,104,130,0,52,96,e617ab48,0
103,23,14,3,0,2150000103,0,1,1,619,1,32,0,14,2070,0,STEADY,207,3.43951,1.92867,0.327174,0.144928,0.183575,14,7,7,6,0,0,1,113,88,15,0,72,e617ab48,0
103,23,14,3,0,2150000103,1,1,0,501,1,0,63,9,1548,0,STEADY,167,3.52533,4.62402,0.350275,0.161677,0.101796,47,5,3,5,1,0,0,50,111,6,0,27,e617ab48,0
104,24,15,4,0,2150000104,0,2,1,1297,1,21,0,18,3152,0,STEADY,433,2.30505,3.60902,0.153275,0.230947,0.0115473,120,2,11,2,1,1,3,130,104,0,0,70,e617ab48,0
104,24,15,4,0,2150000104,1,2,1,1771,1,102,0,24,4003,0,STEADY,591,2.46055,3.97904,0.147888,0.177665,0.0609137,0,0,15,2,0,4,3,118,23,0,40,30,e617ab48,0
105,25,16,5,0,2150000105,0,3,0,1011,2,70,115,15,2760,0,STEADY,337,6.95642,5.37649,0.353546,0.329377,0.379822,0,0,0,8,5,0,2,0,34,0,34,0,e617ab48,0
105,25,16,5,0,2150000105,1,3,0,783,1,0,62,13,2035,0,STEADY,261,3.92105,3.77771,0.281479,0.287356,0.103448,76,14,7,4,1,0,1,53,104,0,0,48,e617ab48,0
106,26,17,0,0,2150000106,0,0,1,795,1,64,0,14,2358,0,STEADY,265,2.23458,4.95795,0.309411,0.143396,0.158491,0,0,3,8,0,0,3,108,44,0,0,0,e617ab48,0
106,26,17,0,0,2150000106,1,0,1,925,1,15,0,16,2542,0,STEADY,309,2.89076,5.27282,0.199618,0.0970874,0.229773,7,3,7,6,1,0,2,104,93,0,0,10,e617ab48,0
107,27,18,1,0,2150000107,0,1,1,1261,1,13,0,21,3797,0,STEADY,421,3.63145,4.40828,0.167221,0.311164,0.102138,190,31,18,1,0,0,2,129,132,0,0,27,e617ab48,0
107,27,18,1,0,2150000107,1,1,0,979,1,0,95,16,2958,0,STEADY,327,3.56774,2.07647,0.189183,0.24159,0.262997,135,47,13,1,0,0,2,34,145,0,0,126,e617ab48,0
108,28,19,2,0,2150000108,0,2,0,346,1,0,57,6,1287,0,STEADY,116,7.11601,3.22817,0.42744,0.336207,0,56,0,3,2,0,0,1,75,111,0,0,45,e617ab48,0
108,28,19,2,0,2150000108,1,2,0,626,1,0,25,10,1970,0,STEADY,209,6.14751,3.28226,0.264871,0.287081,0.0956938,149,20,3,5,0,0,2,107,111,0,0,129,e617ab48,0
109,29,20,3,0,2150000109,0,3,0,1081,1,0,102,18,3767,0,STEADY,361,4.37365,2.05305,0.238859,0.351801,0.296399,170,55,2,5,8,0,3,0,102,0,41,173,e617ab48,0
109,29,20,3,0,2150000109,1,3,0,523,1,0,102,9,1914,0,STEADY,175,5.05493,3.29213,0.38084,0.394286,0.0228571,53,0,1,3,4,0,1,0,102,0,58,144,e617ab48,0
110,30,21,4,0,2150000110,0,0,1,1560,1,20,0,32,3588,0,STEADY,520,3.08572,6.9542,0.13476,0.0442308,0.00576923,262,2,29,2,0,0,1,124,105,0,0,56,e617ab48,0
110,30,21,4,0,2150000110,1,0,1,732,1,104,0,16,2185,0,STEADY,244,3.03485,5.70952,0.197025,0.0860656,0,0,0,12,2,0,0,2,124,21,0,0,0,e617ab48,0
111,31,22,5,0,2150000111,0,1,1,1306,1,32,0,19,2715,0,STEADY,436,5.6962,5.11647,0.429693,0.266055,0.309633,11,0,12,5,0,0,2,175,100,0,0,0,e617ab48,0
111,31,22,5,0,2150000111,1,1,0,775,1,0,96,15,2638,0,STEADY,259,3.93547,5.30265,0.293097,0.501931,0.142857,90,20,2,10,1,0,2,79,141,9,0,0,e617ab48,0
112,32,23,0,0,2150000112,0,2,1,1172,1,42,0,20,3728,0,STEADY,391,2.93607,5.69001,0.115936,0.0920716,0.143223,34,0,17,0,1,1,1,112,79,0,0,3,e617ab48,0
112,32,23,0,0,2150000112,1,2,1,768,1,56,0,15,2756,0,STEADY,256,2.86781,4.81381,0.180953,0.0703125,0.0898438,0,0,11,0,2,0,2,116,65,0,0,45,e617ab48,0
113,33,24,1,0,2150000113,0,3,1,520,1,118,0,13,1960,0,STEADY,174,2.85103,1.94658,0.300833,0.0287356,0.241379,0,0,4,1,7,0,1,125,34,0,0,77,e617ab48,0
113,33,24,1,0,2150000113,1,3,1,622,1,122,0,11,1851,0,STEADY,208,2.6943,2.13293,0.231606,0.0480769,0.0961538,0,0,4,1,5,0,1,125,30,0,0,24,e617ab48,0
114,34,25,2,0,2150000114,0,0,0,1186,1,0,65,25,3520,0,STEADY,396,2.97213,2.59614,0.171538,0.573232,0.217172,136,20,18,5,1,1,0,39,140,0,0,155,e617ab48,0
114,34,25,2,0,2150000114,1,0,1,424,1,89,0,8,1485,0,STEADY,142,3.40945,4.24123,0.375951,0.28169,0,0,0,2,4,0,2,0,104,51,0,0,16,e617ab48,0
115,35,26,3,0,2150000115,0,1,0,668,1,0,76,15,2163,0,STEADY,223,3.74886,2.14983,0.212314,0.156951,0.121076,44,1,4,9,0,1,1,32,101,0,0,124,e617ab48,0
115,35,26,3,0,2150000115,1,1,0,931,1,0,44,21,2800,0,STEADY,311,2.86649,1.61475,0.139556,0.0610932,0.131833,92,9,4,16,0,1,0,64,101,0,0,65,e617ab48,0
116,36,27,4,0,2150000116,0,2,1,1474,1,36,0,20,3828,0,STEADY,492,3.31784,6.51341,0.155256,0.197154,0.0325203,121,1,1,17,1,0,1,145,57,0,0,48,e617ab48,0
116,36,27,4,0,2150000116,1,2,1,1563,1,33,0,24,4566,0,STEADY,521,3.51635,7.8667,0.155017,0.176583,0.024952,242,0,5,18,0,0,1,145,60,0,0,80,e617ab48,0
117,37,28,5,0,2150000117,0,3,0,525,1,0,65,10,1900,0,STEADY,175,5.01671,2.09084,0.319389,0.131429,0.154286,50,11,7,1,1,0,1,46,150,0,0,331,e617ab48,0
117,37,28,5,0,2150000117,1,3,1,1489,1,76,0,26,4623,0,STEADY,497,2.31395,2.98147,0.147688,0.0482897,0.0623742,0,0,23,1,1,0,1,111,74,0,0,259,e617ab48,0
118,38,29,0,0,2150000118,0,0,1,2610,1,53,0,37,6673,0,STEADY,870,3.01394,2.15866,0.103307,0.506897,0.316092,0,0,19,16,0,1,1,102,51,0,0,327,e617ab48,0
118,38,29,0,0,2150000118,1,0,1,1171,1,14,0,19,3428,0,STEADY,391,3.34767,2.49193,0.206783,0.432225,0.29156,137,38,9,8,1,0,1,102,90,0,0,287,e617ab48,0
119,39,30,1,0,2150000119,0,1,0,1009,1,0,47,15,3178,0,STEADY,337,3.378,1.71128,0.229169,0.21365,0.21365,93,19,2,4,1,6,2,78,114,0,58,77,e617ab48,0
119,39,30,1,0,2150000119,1,1,0,308,1,0,81,6,1239,0,STEADY,103,4.69276,2.89792,0.497971,0.194175,0.00970874,24,0,1,1,0,2,2,44,114,0,17,17,e617ab48,0
120,0,38,3,0,2150000120,0,3,0,849,1,0,62,15,2292,0,STEADY,283,4.05997,3.809,0.295025,0.162544,0.201413,139,41,7,7,0,0,1,42,113,0,0,0,e617ab48,0
120,0,38,3,0,2150000120,1,3,1,630,1,83,0,15,2210,0,STEADY,210,3.4159,3.97854,0.259343,0.128571,0.104762,0,0,8,5,0,0,2,104,30,0,0,16,e617ab48,0
121,1,39,4,0,2150000121,0,0,1,2461,1,76,0,34,5759,0,STEADY,821,2.614,5.16145,0.197052,0.286236,0.127893,0,0,11,15,0,3,5,114,60,0,30,41,e617ab48,0
121,1,39,4,0,2150000121,1,0,1,988,1,101,0,18,2584,0,STEADY,330,2.54239,2.08162,0.1772,0.275758,0.109091,0,0,13,3,0,1,1,114,35,0,58,107,e617ab48,0
122,2,0,5,0,2150000122,0,1,1,860,1,15,0,15,2910,0,STEADY,287,4.8186,3.44277,0.328404,0.536585,0.108014,97,10,3,10,1,0,1,113,79,0,0,28,e617ab48,0
122,2,0,5,0,2150000122,1,1,1,954,1,28,0,13,2642,0,STEADY,318,4.27888,4.91095,0.138786,0.320755,0.100629,165,0,2,9,1,0,1,109,66,0,0,37,e617ab48,0
123,3,1,0,0,2150000123,0,2,0,550,1,0,125,9,1713,0,STEADY,184,4.03554,3.0088,0.268625,0.130435,0.179348,43,7,6,1,0,1,1,11,106,0,6,52,e617ab48,0
123,3,1,0,0,2150000123,1,2,0,854,1,0,119,15,2676,0,STEADY,285,3.45715,2.5115,0.190681,0.287719,0.305263,44,5,13,1,0,1,0,17,106,0,6,189,e617ab48,0
124,4,2,1,0,2150000124,0,3,0,959,1,0,15,20,3110,0,STEADY,320,3.776,2.45213,0.238478,0.2875,0.20625,157,42,7,11,0,1,1,79,136,13,0,91,e617ab48,0
124,4,2,1,0,2150000124,1,3,0,537,1,0,80,10,1816,0,STEADY,179,5.38985,2.68067,0.411536,0.307263,0.106145,129,19,1,6,0,1,2,14,136,13,0,107,e617ab48,0
125,5,3,2,0,2150000125,0,0,0,1830,1,0,106,15,2904,0,STEADY,610,2.44005,5.34134,0.10817,0.168852,0.103279,267,27,8,1,1,3,2,0,141,0,32,96,e617ab48,0
125,5,3,2,0,2150000125,1,0,0,2700,3,90,85,16,4140,0,STEADY,900,2.23305,4.48017,0.120206,0.08,0.0244444,0,0,3,1,1,8,3,18,51,0,16,8,e617ab48,0
126,6,4,3,0,2150000126,0,1,1,1551,1,34,0,28,4890,0,STEADY,517,2.12152,2.1359,0.144988,0.0212766,0.0638298,20,0,26,0,1,0,1,123,97,0,0,157,e617ab48,0
126,6,4,3,0,2150000126,1,1,1,1104,1,98,0,19,3401,0,STEADY,368,1.99883,8.09494,0.155693,0.0108696,0.0244565,0,0,17,0,1,0,1,136,33,0,0,0,e617ab48,0
127,7,5,4,0,2150000127,0,2,1,889,1,10,0,13,2237,0,STEADY,297,1.79086,5.79604,0.129603,0.0606061,0.037037,48,3,8,3,0,1,1,141,90,0,0,24,e617ab48,0
127,7,5,4,0,2150000127,1,2,1,796,1,46,0,12,2118,0,STEADY,266,2.01026,6.01438,0.144398,0.0601504,0.0150376,0,0,7,2,1,1,1,141,54,0,0,37,e617ab48,0
128,8,6,5,0,2150000128,0,3,0,879,1,0,62,16,2550,0,STEADY,293,4.29811,4.23289,0.298123,0.259386,0.238908,73,27,6,1,7,1,1,69,116,0,10,0,e617ab48,0
128,8,6,5,0,2150000128,1,3,0,1174,1,0,110,22,3644,0,STEADY,392,4.55336,2.10827,0.238755,0.497449,0.145408,70,24,15,1,5,1,0,21,116,0,8,26,e617ab48,0
129,9,7,0,0,2150000129,0,0,1,631,1,113,0,8,1614,0,STEADY,211,2.57135,3.56868,0.252668,0.0189573,0.208531,0,0,2,4,0,1,1,100,42,6,0,11,e617ab48,0
129,9,7,0,0,2150000129,1,0,0,1108,1,0,77,9,2129,0,STEADY,370,2.34944,5.38855,0.194559,0.0108108,0.175676,100,22,1,2,0,1,5,23,149,0,0,0,e617ab48,0
130,10,8,1,0,2150000130,0,1,1,1584,1,34,0,27,4766,0,STEADY,528,2.69159,7.05145,0.119799,0.0568182,0.159091,21,5,24,1,1,0,1,116,90,0,0,0,e617ab48,0
130,10,8,1,0,2150000130,1,1,0,1141,1,0,36,20,3458,0,STEADY,381,2.81576,8.00806,0.145759,0.0393701,0.175853,116,6,18,2,0,0,0,80,124,0,0,38,e617ab48,0
131,11,9,2,0,2150000131,0,2,0,1906,1,0,13,22,4598,0,STEADY,636,3.28814,4.46891,0.150992,0.176101,0.108491,46,20,6,9,0,5,2,140,135,18,10,46,e617ab48,0
131,11,9,2,0,2150000131,1,2,0,2290,1,0,20,27,5347,0,STEADY,764,3.1574,5.73142,0.182047,0.106021,0.078534,38,18,10,6,0,7,4,137,135,18,0,37,e617ab48,0
132,12,10,3,0,2150000132,0,3,0.5,703,1,0,0,15,2480,0,STEADY,235,3.78656,2.08049,0.288268,0.395745,0.421277,146,67,9,2,2,1,1,124,111,0,0,37,e617ab48,0
132,12,10,3,0,2150000132,1,3,0,429,1,0,22,10,1710,0,STEADY,143,3.61433,3.86074,0.367427,0.433566,0.174825,68,25,5,1,2,1,1,102,111,0,0,27,e617ab48,0
133,13,11,4,0,2150000133,0,0,1,1014,1,68,0,18,3237,0,STEADY,338,4.23928,6.30321,0.152399,0.399408,0.0177515,0,0,15,1,2,0,0,141,36,0,0,0,e617ab48,0
133,13,11,4,0,2150000133,1,0,0,380,1,0,100,7,1450,0,STEADY,127,4.51496,3.02678,0.228748,0.307087,0.0551181,35,0,4,1,1,1,0,17,104,0,0,0,e617ab48,0
134,14,12,5,0,2150000134,0,1,1,898,1,64,0,13,2339,0,STEADY,300,2.95088,6.66821,0.344393,0.106667,0.09,0,0,1,5,2,3,2,111,49,0,31,11,e617ab48,0
134,14,12,5,0,2150000134,1,1,1,744,1,32,0,14,2100,0,STEADY,248,2.44982,4.95506,0.24856,0.0241935,0.0524194,113,0,2,8,1,1,2,111,81,0,0,0,e617ab48,0
135,15,13,0,0,2150000135,0,2,0,1274,1,0,56,21,3944,0,STEADY,425,4.53052,9.45029,0.34556,0.329412,0,165,0,0,14,0,4,3,48,118,0,41,29,e617ab48,0
135,15,13,0,0,2150000135,1,2,0,841,1,0,4,18,2653,0,STEADY,281,3.73046,1.73148,0.205263,0.459075,0.16726,125,12,10,6,0,2,0,100,118,0,34,120,e617ab48,0
136,16,14,1,0,2150000136,0,3,1,738,1,33,0,15,2721,0,STEADY,246,2.18784,2.18734,0.177232,0.0731707,0.146341,33,0,12,2,0,0,1,113,82,0,0,1,e617ab48,0
136,16,14,1,0,2150000136,1,3,0,577,1,0,86,10,1875,0,STEADY,193,2.7729,2.13691,0.224813,0.0932642,0.0673575,46,0,8,2,0,0,0,27,115,0,0,2,e617ab48,0
137,17,15,2,0,2150000137,0,0,1,2700,3,32,1,15,3739,0,STEADY,900,1.73407,3.79376,0.151933,0.0266667,0.0755556,196,4,4,2,0,2,7,117,72,12,0,30,e617ab48,0
137,17,15,2,0,2150000137,1,0,1,517,1,60,0,10,1705,0,STEADY,173,3.22764,2.61483,0.295277,0.208092,0.156069,0,0,4,2,0,3,1,118,44,12,0,42,e617ab48,0
138,18,16,3,0,2150000138,0,1,0,1253,1,0,49,20,3286,0,STEADY,418,4.07529,2.10274,0.230172,0.114833,0.397129,108,49,14,5,0,0,1,66,129,0,0,368,e617ab48,0
138,18,16,3,0,2150000138,1,1,0,1634,1,0,21,25,3805,0,STEADY,545,3.8698,4.21985,0.170444,0.100917,0.170642,116,42,20,4,0,0,1,94,129,0,0,57,e617ab48,0
139,19,17,4,0,2150000139,0,2,0,724,2,132,120,12,2230,0,STEADY,242,7.47317,6.39391,0.333194,0.297521,0.595041,0,0,7,1,0,3,1,0,0,0,0,0,e617ab48,0
139,19,17,4,0,2150000139,1,2,0,859,1,0,54,15,2703,0,STEADY,287,3.62069,3.75104,0.191882,0.369338,0.28223,61,2,13,1,0,1,0,60,132,0,0,0,e617ab48,0
140,20,18,5,0,2150000140,0,3,0,687,1,0,86,8,1916,0,STEADY,229,4.65334,3.51217,0.332996,0.253275,0.152838,100,21,4,2,0,1,1,43,102,0,22,0,e617ab48,0
140,20,18,5,0,2150000140,1,3,0,611,1,0,125,11,2199,0,STEADY,204,6.61421,2.55333,0.311961,0.52451,0.142157,36,25,8,1,1,1,0,4,102,0,0,359,e617ab48,0
141,21,19,0,0,2150000141,0,0,1,1091,1,109,0,13,2423,0,STEADY,364,2.83711,8.9598,0.202794,0,0.0247253,0,0,11,1,0,0,1,132,15,0,0,6,e617ab48,0
141,21,19,0,0,2150000141,1,0,1,801,1,124,0,12,2264,0,STEADY,267,2.58419,5.73858,0.203554,0.011236,0.082397,0,0,9,1,1,0,1,132,0,0,0,3,e617ab48,0
142,22,20,1,0,2150000142,0,1,1,924,1,111,0,14,3398,0,STEADY,308,3.20933,1.82724,0.222955,0.178571,0.0779221,0,0,4,5,4,1,0,90,64,0,14,93,e617ab48,0
142,22,20,1,0,2150000142,1,1,1,1579,1,108,0,22,5106,0,STEADY,527,2.65474,1.74959,0.178569,0.125237,0.13093,0,0,7,5,7,0,3,94,67,0,29,107,e617ab48,0
143,23,21,2,0,2150000143,0,2,1,1804,1,38,0,26,4203,0,STEADY,602,3.36769,7.47563,0.203723,0.137874,0.0116279,56,0,8,16,1,0,1,124,87,20,0,48,e617ab48,0
143,23,21,2,0,2150000143,1,2,1,1981,1,71,0,28,4321,0,STEADY,661,3.26111,5.7897,0.153454,0.101362,0.02118,0,0,11,15,0,0,2,124,42,8,0,36,e617ab48,0
144,24,22,3,0,2150000144,0,3,1,1067,1,27,0,17,2896,0,STEADY,356,3.70119,2.83529,0.247958,0.351124,0.188202,51,31,10,3,1,2,1,175,98,0,0,0,e617ab48,0
144,24,22,3,0,2150000144,1,3,0,634,1,0,158,11,1931,0,STEADY,212,3.79754,4.63983,0.26509,0.358491,0.0518868,105,5,6,2,1,1,1,17,125,0,20,0,e617ab48,0
145,25,23,4,0,2150000145,0,0,0,610,1,0,53,12,1936,0,STEADY,204,2.72837,2.24307,0.223284,0.377451,0.117647,43,1,5,4,1,0,2,64,104,0,17,106,e617ab48,0
145,25,23,4,0,2150000145,1,0,0,571,1,0,105,7,1373,0,STEADY,191,3.14966,4.07504,0.235194,0.183246,0.052356,51,3,1,3,1,0,2,0,104,0,0,28,e617ab48,0
146,26,24,5,0,2150000146,0,1,1,1222,1,53,0,25,3533,0,STEADY,408,3.98219,2.69359,0.244208,0.210784,0.115196,0,0,15,9,0,0,1,125,55,0,0,220,e617ab48,0
146,26,24,5,0,2150000146,1,1,1,610,1,78,0,14,2088,0,STEADY,204,3.11986,4.97806,0.273647,0.122549,0,0,0,8,4,1,0,1,125,30,0,0,44,e617ab48,0
147,27,25,0,0,2150000147,0,2,0,779,1,0,43,12,2285,0,STEADY,260,3.75006,2.77997,0.216892,0.257692,0.303846,102,21,9,2,0,0,1,61,145,0,0,0,e617ab48,0
147,27,25,0,0,2150000147,1,2,1,1327,1,23,0,18,3344,0,STEADY,443,3.65423,2.80603,0.148655,0.221219,0.544018,138,82,16,1,0,0,1,104,122,0,0,250,e617ab48,0
148,28,26,1,0,2150000148,0,3,1,288,1,64,0,7,1430,0,STEADY,96,5.32209,3.10117,0.514708,0.458333,0.114583,0,0,3,3,0,0,1,108,47,0,0,0,e617ab48,0
148,28,26,1,0,2150000148,1,3,1,481,1,53,0,10,1900,0,STEADY,161,4.3754,3.39288,0.261957,0.428571,0.273292,0,0,2,6,0,0,2,108,58,0,0,0,e617ab48,0
149,29,27,2,0,2150000149,0,0,0,1242,1,0,8,25,3561,0,STEADY,414,2.54935,1.5411,0.135442,0.342995,0.236715,74,18,19,2,2,0,2,137,102,0,9,119,e617ab48,0
149,29,27,2,0,2150000149,1,0,0,1824,1,0,26,26,5240,0,STEADY,608,3.63594,5.2874,0.277877,0.226974,0.0361842,77,4,6,6,10,0,4,119,102,0,3,30,e617ab48,0
150,30,28,3,0,2150000150,0,1,1,714,1,84,0,17,2362,0,STEADY,238,3.45384,6.41331,0.242462,0.105042,0.012605,0,0,13,3,0,0,1,111,41,0,0,0,e617ab48,0
150,30,28,3,0,2150000150,1,1,1,729,1,77,0,20,2390,0,STEADY,243,2.80084,4.56947,0.230214,0.0740741,0,0,0,17,2,0,0,1,107,48,0,0,0,e617ab48,0
151,31,29,4,0,2150000151,0,2,1,1135,1,92,0,20,3489,0,STEADY,379,4.11424,4.87369,0.305763,0.377309,0.129288,0,0,1,17,1,0,1,102,49,9,0,90,e617ab48,0
151,31,29,4,0,2150000151,1,2,1,1066,1,18,0,18,2679,0,STEADY,356,2.73493,1.93104,0.171337,0.331461,0.179775,36,6,11,5,0,1,1,102,114,0,12,179,e617ab48,0
152,32,30,5,0,2150000152,0,3,1,2490,1,40,0,36,6429,0,STEADY,830,1.59328,2.1539,0.0954337,0.046988,0.191566,145,32,33,0,2,1,0,125,81,0,0,154,e617ab48,0
152,32,30,5,0,2150000152,1,3,1,2055,1,53,0,29,5332,0,STEADY,685,1.52113,2.59585,0.108464,0.0379562,0.163504,0,0,25,1,1,1,1,125,68,0,0,55,e617ab48,0
153,33,31,0,0,2150000153,0,0,1,412,1,47,0,10,1710,0,STEADY,138,3.07369,2.08515,0.351464,0.195652,0.123188,18,7,3,2,4,1,0,141,105,0,0,94,e617ab48,0
153,33,31,0,0,2150000153,1,0,1,424,1,99,0,9,1522,0,STEADY,142,2.83883,3.46774,0.31838,0.0633803,0.0704225,0,0,4,1,3,0,1,132,53,0,0,18,e617ab48,0
154,34,32,1,0,2150000154,0,1,0,1926,1,0,14,27,4716,0,STEADY,642,3.88722,5.42686,0.157907,0.194704,0.0856698,68,38,6,19,0,2,0,107,140,0,0,18,e617ab48,0
154,34,32,1,0,2150000154,1,1,0,917,1,0,85,17,2521,0,STEADY,306,3.01387,2.09123,0.17535,0.254902,0.169935,89,0,10,5,0,0,2,36,140,0,0,79,e617ab48,0
155,35,33,2,0,2150000155,0,2,0,1600,1,0,48,24,3902,0,STEADY,534,2.87764,6.75526,0.108489,0.0318352,0.170412,96,2,12,9,1,1,1,104,101,0,0,46,e617ab48,0
155,35,33,2,0,2150000155,1,2,1,1209,1,76,0,20,3429,0,STEADY,403,2.61392,5.52714,0.168318,0.0347395,0.146402,0,0,15,3,1,1,0,152,25,0,8,47,e617ab48,0
156,36,34,3,0,2150000156,0,3,0,813,1,0,128,16,2790,0,STEADY,271,6.03408,4.07752,0.313911,0.416974,0.354244,41,34,1,15,0,0,0,12,93,0,0,0,e617ab48,0
156,36,34,3,0,2150000156,1,3,0,600,1,0,140,12,2188,0,STEADY,200,6.36402,1.58629,0.32843,0.44,0.225,72,22,2,10,0,0,0,0,93,0,0,497,e617ab48,0
157,37,35,4,0,2150000157,0,0,1,2001,1,122,0,30,5373,0,STEADY,667,3.20756,4.57916,0.12796,0.035982,0.125937,0,0,27,0,1,1,1,110,28,0,0,50,e617ab48,0
157,37,35,4,0,2150000157,1,0,1,1324,1,56,0,23,4135,0,STEADY,442,2.00903,1.78264,0.164097,0.0701357,0.167421,21,6,20,0,3,0,0,119,94,0,0,115,e617ab48,0
158,38,36,5,0,2150000158,0,1,1,521,1,43,0,11,1990,0,STEADY,174,6.10645,3.70171,0.555678,0.643678,0.0229885,0,0,6,4,0,1,0,93,61,0,0,0,e617ab48,0
158,38,36,5,0,2150000158,1,1,1,613,1,6,0,12,2144,0,STEADY,205,5.15857,1.83151,0.429171,0.565854,0.131707,75,22,6,4,0,0,2,93,98,0,0,216,e617ab48,0
159,39,37,0,0,2150000159,0,2,1,2476,1,59,0,33,6322,0,STEADY,826,3.39809,5.22974,0.192728,0.169492,0.179177,0,0,14,4,2,9,4,150,55,0,37,99,e617ab48,0
159,39,37,0,0,2150000159,1,2,1,2293,1,27,0,31,6109,0,STEADY,765,3.2882,4.83013,0.184571,0.222222,0.142484,234,87,11,4,3,11,2,150,87,0,0,129,e617ab48,0
160,0,5,2,0,2150000160,0,0,1,2143,1,48,0,34,5315,0,STEADY,715,3.28129,3.26305,0.173421,0.138462,0.58042,0,0,14,16,1,1,2,141,65,0,0,164,e617ab48,0
160,0,5,2,0,2150000160,1,0,1,2100,1,34,0,30,4701,0,STEADY,700,3.04454,3.21866,0.191079,0.101429,0.535714,11,8,13,14,0,1,2,141,79,0,0,160,e617ab48,0
161,1,6,3,0,2150000161,0,1,1,1762,1,36,0,31,4646,0,STEADY,588,3.40177,2.41707,0.16874,0.494898,0.0306122,187,7,19,8,1,3,0,131,102,2,129,342,e617ab48,0
161,1,6,3,0,2150000161,1,1,1,1162,1,19,0,20,2939,0,STEADY,388,2.77195,1.47429,0.15309,0.458763,0.0257732,159,3,15,2,0,1,2,131,117,0,38,117,e617ab48,0
162,2,7,4,0,2150000162,0,2,1,682,1,14,0,11,2204,0,STEADY,228,3.44541,4.03385,0.243298,0.438596,0.197368,72,7,3,7,0,0,1,100,80,0,0,0,e617ab48,0
162,2,7,4,0,2150000162,1,2,0,382,1,0,7,8,1602,0,STEADY,128,4.93984,5.60306,0.37,0.578125,0.21875,42,28,3,4,0,0,1,93,94,0,0,0,e617ab48,0
163,3,8,5,0,2150000163,0,3,0,1077,2,106,116,14,2380,0,STEADY,359,12.6453,11.9376,0.748504,0.654596,0.286908,0,0,14,0,0,0,0,0,0,0,0,0,e617ab48,0
163,3,8,5,0,2150000163,1,3,0,1022,2,40,116,17,2947,0,STEADY,341,6.52826,4.77735,0.253918,0.304985,0.331378,34,34,16,0,0,1,0,0,66,0,10,0,e617ab48,0
164,4,9,0,0,2150000164,0,0,1,2430,1,26,0,42,7175,0,STEADY,810,3.39195,3.72475,0.307564,0.337037,0.339506,21,1,5,33,1,1,2,177,97,0,0,11,e617ab48,0
164,4,9,0,0,2150000164,1,0,1,2700,3,31,79,37,6399,0,STEADY,900,3.1772,3.5063,0.164736,0.221111,0.312222,13,0,8,27,0,1,1,88,105,13,0,335,e617ab48,0
165,5,10,1,0,2150000165,0,1,0,963,1,0,42,9,2001,0,STEADY,321,3.03805,7.52388,0.192346,0.342679,0.0841121,53,23,3,2,1,2,1,82,141,0,24,18,e617ab48,0
165,5,10,1,0,2150000165,1,1,0,1398,1,0,56,14,3293,0,STEADY,466,3.49018,7.80284,0.224444,0.160944,0.083691,245,27,0,3,2,6,3,68,141,0,40,2,e617ab48,0
166,6,11,2,0,2150000166,0,2,0,847,1,0,37,15,2793,0,STEADY,283,2.20657,7.00142,0.183728,0.0141343,0.130742,61,0,12,1,1,0,1,92,131,0,0,57,e617ab48,0
166,6,11,2,0,2150000166,1,2,1,924,1,44,0,15,2839,0,STEADY,308,2.43398,7.22178,0.163847,0.00974026,0.0292208,47,6,13,1,1,0,0,129,87,0,0,29,e617ab48,0
167,7,12,3,0,2150000167,0,3,0,418,1,0,31,10,1698,0,STEADY,140,3.7596,1.86261,0.313864,0.214286,0.00714286,41,1,4,4,1,1,0,80,100,0,0,87,e617ab48,0
167,7,12,3,0,2150000167,1,3,0,232,1,0,69,7,1280,0,STEADY,78,4.42632,2.43003,0.436244,0.358974,0.0128205,22,0,2,3,1,1,0,42,100,0,0,36,e617ab48,0
168,8,13,4,0,2150000168,0,0,0,779,1,0,8,16,2350,0,STEADY,260,3.41695,1.92863,0.252904,0.223077,0.280769,68,36,4,1,10,1,0,96,116,0,10,161,e617ab48,0
168,8,13,4,0,2150000168,1,0,1,748,1,10,0,14,2156,0,STEADY,250,3.66212,2.33227,0.240864,0.136,0.152,83,12,5,1,7,0,1,104,106,0,0,140,e617ab48,0
169,9,14,5,0,2150000169,0,1,1,604,1,27,0,11,1858,0,STEADY,202,3.40427,4.40439,0.364485,0.039604,0.19802,67,5,2,6,0,1,2,113,122,0,0,0,e617ab48,0
169,9,14,5,0,2150000169,1,1,1,481,1,50,0,11,1774,0,STEADY,161,3.23692,3.97353,0.325335,0.0310559,0.291925,12,12,2,7,0,1,1,113,99,0,0,0,e617ab48,0
170,10,15,0,0,2150000170,0,2,1,809,1,52,0,15,2715,0,STEADY,270,2.68201,2.09053,0.202867,0.111111,0.274074,0,0,12,2,1,0,0,118,72,0,0,62,e617ab48,0
170,10,15,0,0,2150000170,1,2,1,753,1,76,0,14,2533,0,STEADY,251,3.93134,2.36495,0.202769,0.0956175,0.398406,0,0,11,2,1,0,0,118,48,0,0,173,e617ab48,0
171,11,16,1,0,2150000171,0,3,1,532,1,53,0,10,1642,0,STEADY,178,3.14276,1.8762,0.310225,0.0337079,0.0842697,0,0,6,1,1,1,1,115,76,12,10,34,e617ab48,0
171,11,16,1,0,2150000171,1,3,1,913,1,34,0,19,2808,0,STEADY,305,3.06266,1.55913,0.186659,0.0852459,0.190164,74,6,14,3,0,1,1,115,95,12,5,0,e617ab48,0
172,12,17,2,0,2150000172,0,0,0,211,1,0,42,6,1179,0,STEADY,71,3.4775,3.23424,0.370296,0.112676,0.507042,25,19,2,1,1,1,1,60,111,0,0,0,e617ab48,0
172,12,17,2,0,2150000172,1,0,0,755,1,0,52,12,1946,0,STEADY,252,2.8708,2.40933,0.18552,0.0992063,0.456349,81,55,8,1,2,1,0,66,111,0,0,166,e617ab48,0
173,13,18,3,0,2150000173,0,1,1,900,1,4,0,16,2920,0,STEADY,300,4.44161,4.38408,0.239023,0.316667,0.0233333,167,4,13,0,2,0,1,129,100,0,0,47,e617ab48,0
173,13,18,3,0,2150000173,1,1,0,395,1,0,88,7,1490,0,STEADY,132,7.83344,4.90699,0.368341,0.356061,0.00757576,43,1,4,0,3,0,0,41,104,0,0,0,e617ab48,0
174,14,19,4,0,2150000174,0,2,1,1206,1,112,0,18,3051,0,STEADY,402,2.3339,9.27122,0.487261,0.0422886,0.0373134,0,0,0,10,4,3,1,132,1,0,9,23,e617ab48,0
174,14,19,4,0,2150000174,1,2,1,1177,1,110,0,22,2916,0,STEADY,393,1.75235,1.86146,0.181893,0.0305344,0.0814249,0,0,7,13,1,1,0,132,3,0,9,99,e617ab48,0
175,15,20,5,0,2150000175,0,3,0,2386,1,0,102,25,4310,0,STEADY,796,16.2202,11.8409,0.780317,0.728643,0.234925,80,0,0,23,0,2,0,0,118,0,0,0,e617ab48,0
175,15,20,5,0,2150000175,1,3,0,563,1,0,78,8,1594,0,STEADY,188,4.98988,3.80483,0.356053,0.308511,0.0425532,30,0,1,4,1,2,0,16,127,9,24,127,e617ab48,0
176,16,21,0,0,2150000176,0,0,1,1680,1,43,0,19,3773,0,STEADY,560,3.2033,5.39182,0.135057,0.0303571,0.0607143,1,1,16,2,1,0,0,124,72,0,0,58,e617ab48,0
176,16,21,0,0,2150000176,1,0,1,1215,1,94,0,16,3173,0,STEADY,405,2.9719,6.25553,0.153449,0.0395062,0.00246914,0,0,13,3,0,0,0,124,21,0,0,34,e617ab48,0
177,17,22,1,0,2150000177,0,1,0.5,496,1,0,0,12,1644,0,STEADY,166,3.12871,2.29483,0.370861,0.162651,0.319277,46,26,7,1,0,2,2,175,98,12,0,113,e617ab48,0
177,17,22,1,0,2150000177,1,1,1,967,1,52,0,12,2061,0,STEADY,323,2.57227,1.97536,0.236517,0.123839,0.167183,0,0,6,1,0,3,2,175,56,18,0,110,e617ab48,0
178,18,23,2,0,2150000178,0,2,0,1942,1,0,30,28,3964,0,STEADY,648,2.9768,2.70692,0.120051,0.0632716,0.574074,143,46,25,2,0,0,1,94,129,0,0,94,e617ab48,0
178,18,23,2,0,2150000178,1,2,1,1232,1,81,0,20,3028,0,STEADY,411,3.08478,2.68294,0.165056,0.0608273,0.357664,0,0,16,2,0,0,2,111,48,0,0,123,e617ab48,0
179,19,24,3,0,2150000179,0,3,1,1874,1,55,0,34,5881,0,STEADY,625,3.54135,2.05098,0.144827,0.5616,0.192,0,0,32,1,0,1,0,125,77,0,0,201,e617ab48,0
179,19,24,3,0,2150000179,1,3,1,1249,1,81,0,24,4140,0,STEADY,417,3.73687,1.61542,0.178866,0.479616,0.239808,0,0,22,0,0,1,1,125,51,0,10,196,e617ab48,0
180,20,25,4,0,2150000180,0,0,0,882,1,0,49,16,3052,0,STEADY,294,4.53002,2.2779,0.195626,0.455782,0.265306,162,51,12,1,1,1,1,55,102,0,0,169,e617ab48,0
180,20,25,4,0,2150000180,1,0,0,1295,1,0,46,22,4123,0,STEADY,432,4.23089,3.0593,0.156419,0.525463,0.256944,72,16,18,1,1,2,0,58,102,0,0,248,e617ab48,0
181,21,26,5,0,2150000181,0,1,1,1438,1,15,0,21,3160,0,STEADY,480,3.11435,8.52677,0.156502,0.0354167,0.325,246,99,4,14,2,0,1,108,109,0,0,9,e617ab48,0
181,21,26,5,0,2150000181,1,1,0,2050,1,0,11,33,4852,0,STEADY,684,2.92539,5.33224,0.127146,0.00438596,0.305556,137,26,14,18,1,0,0,97,124,0,0,0,e617ab48,0
182,22,27,0,0,2150000182,0,2,1,1042,1,107,0,13,3334,0,STEADY,348,4.43531,7.61769,0.243098,0.117816,0.0373563,0,0,0,7,5,0,1,145,68,0,10,31,e617ab48,0
182,22,27,0,0,2150000182,1,2,0,2198,1,0,19,25,6303,0,STEADY,733,3.18983,5.67249,0.144723,0.150068,0.200546,340,92,3,12,7,0,3,126,175,0,27,113,e617ab48,0
183,23,28,1,0,2150000183,0,3,0,177,1,0,103,4,750,0,STEADY,59,6.05833,2.51612,0.836814,0.237288,0,13,0,0,3,1,0,0,0,105,0,0,76,e617ab48,0
183,23,28,1,0,2150000183,1,3,1,1081,1,34,0,19,2747,0,STEADY,361,2.0183,2.50484,0.188773,0.0637119,0.0110803,268,3,13,4,1,0,1,103,88,17,0,41,e617ab48,0
184,24,29,2,0,2150000184,0,0,1,874,1,75,0,19,2800,0,STEADY,292,3.08931,2.06765,0.180178,0.40411,0.123288,0,0,14,2,1,1,1,102,50,0,0,84,e617ab48,0
184,24,29,2,0,2150000184,1,0,1,1519,1,78,0,29,4403,0,STEADY,507,2.90737,1.98768,0.138945,0.451677,0.282051,0,0,20,4,1,2,2,102,47,0,20,92,e617ab48,0
185,25,30,3,0,2150000185,0,1,0,2081,1,0,27,20,3886,0,STEADY,694,3.12378,4.5412,0.160153,0.194524,0.054755,549,17,2,13,4,0,1,98,104,0,0,0,e617ab48,0
185,25,30,3,0,2150000185,1,1,0,464,1,0,104,5,1151,0,STEADY,155,4.21682,4.93687,0.302323,0.0774194,0,50,0,0,2,1,0,2,21,104,0,0,0,e617ab48,0
186,26,31,4,0,2150000186,0,2,1,778,1,50,0,17,2471,0,STEADY,260,2.92502,1.60576,0.236388,0.196154,0.153846,0,0,9,7,0,0,1,141,58,0,0,154,e617ab48,0
186,26,31,4,0,2150000186,1,2,1,631,1,67,0,15,2190,0,STEADY,211,2.47151,2.31747,0.211796,0.0900474,0.0616114,0,0,9,3,0,0,3,132,41,0,0,63,e617ab48,0
187,27,32,5,0,2150000187,0,3,0,979,1,0,104,16,2937,0,STEADY,327,4.35021,3.06799,0.293725,0.385321,0.122324,113,16,13,1,0,0,2,17,145,0,0,0,e617ab48,0
187,27,32,5,0,2150000187,1,3,0,1182,1,0,27,15,2915,0,STEADY,394,3.62369,3.46988,0.205596,0.266497,0.0583756,181,18,13,1,1,0,0,94,145,0,0,154,e617ab48,0
188,28,33,0,0,2150000188,0,0,1,675,1,11,0,12,2366,0,STEADY,225,3.80749,2.82031,0.22092,0.342222,0.502222,69,39,2,7,1,0,2,152,100,0,0,117,e617ab48,0
188,28,33,0,0,2150000188,1,0,1,687,1,13,0,12,2357,0,STEADY,229,3.86945,2.26966,0.217249,0.375546,0.528384,138,85,2,7,1,0,2,152,98,0,0,192,e617ab48,0
189,29,34,1,0,2150000189,0,1,0,802,1,0,77,14,2480,0,STEADY,268,4.08233,2.75138,0.268142,0.279851,0.466418,172,111,6,3,4,0,1,63,102,0,25,166,e617ab48,0
189,29,34,1,0,2150000189,1,1,0,650,1,0,66,12,2040,0,STEADY,217,4.13311,3.20911,0.311576,0.387097,0.419355,75,56,6,2,3,0,1,74,102,0,45,86,e617ab48,0
190,30,35,2,0,2150000190,0,2,1,1554,1,55,0,27,3247,0,STEADY,518,4.29269,6.71887,0.135367,0.034749,0.00579151,0,0,24,3,0,0,0,101,70,0,0,36,e617ab48,0
190,30,35,2,0,2150000190,1,2,1,1423,1,116,0,25,2978,0,STEADY,475,4.65845,4.99077,0.120846,0.0421053,0.00842105,0,0,21,2,0,1,1,110,9,0,14,25,e617ab48,0
191,31,36,3,0,2150000191,0,3,1,646,1,26,0,14,2049,0,STEADY,216,3.89013,1.77449,0.298597,0.439815,0.0972222,46,7,8,4,0,0,2,93,106,0,0,63,e617ab48,0
191,31,36,3,0,2150000191,1,3,1,565,1,26,0,12,1853,0,STEADY,189,3.74311,3.13028,0.331778,0.396825,0.142857,45,4,6,4,0,0,2,93,106,0,0,0,e617ab48,0
192,32,37,4,0,2150000192,0,0,1,2358,1,83,0,36,6371,0,STEADY,786,3.27135,6.6288,0.0965471,0.0419847,0.277354,0,0,33,0,1,1,1,150,38,0,0,35,e617ab48,0
192,32,37,4,0,2150000192,1,0,0,1685,1,0,76,29,5150,0,STEADY,562,3.51033,9.09807,0.103192,0.0551601,0.297153,285,127,26,0,1,1,1,74,121,0,0,9,e617ab48,0
193,33,38,5,0,2150000193,0,1,1,838,1,152,0,17,2569,0,STEADY,280,2.91863,2.77188,0.230736,0.0642857,0.0607143,0,0,4,2,10,0,1,104,0,0,0,128,e617ab48,0
193,33,38,5,0,2150000193,1,1,1,895,1,152,0,19,2802,0,STEADY,299,2.80591,2.54976,0.202268,0.09699,0.123746,0,0,4,2,12,0,1,104,0,0,0,173,e617ab48,0
194,34,39,0,0,2150000194,0,2,1,952,1,84,0,15,2645,0,STEADY,318,3.00135,4.13967,0.216387,0.232704,0.0754717,0,0,4,8,0,1,2,114,56,0,0,109,e617ab48,0
194,34,39,0,0,2150000194,1,2,1,1480,1,77,0,16,2952,0,STEADY,494,2.62726,4.40865,0.126686,0.159919,0.0688259,0,0,3,11,0,0,2,114,63,0,0,97,e617ab48,0
195,35,0,1,0,2150000195,0,3,0,1036,1,0,17,12,2090,0,STEADY,346,2.32088,1.95236,0.161639,0.0115607,0.0635838,134,0,4,6,0,1,1,92,101,0,9,73,e617ab48,0
195,35,0,1,0,2150000195,1,3,0,748,1,0,10,10,1828,0,STEADY,250,2.63759,2.22382,0.21862,0.048,0.04,120,5,4,4,1,1,0,99,101,0,10,31,e617ab48,0
196,36,1,2,0,2150000196,0,0,0,634,1,0,37,10,1914,0,STEADY,212,3.7138,3.18219,0.278406,0.25,0.306604,57,22,2,8,0,0,0,99,93,0,0,131,e617ab48,0
196,36,1,2,0,2150000196,1,0,0,760,1,0,74,15,2691,0,STEADY,254,3.57513,1.91468,0.207638,0.220472,0.307087,33,9,2,13,0,0,0,62,93,0,0,84,e617ab48,0
197,37,2,3,0,2150000197,0,1,1,1414,1,66,0,23,4203,0,STEADY,472,2.82158,3.12067,0.185771,0.108051,0.163136,0,0,21,0,2,0,0,94,84,0,0,94,e617ab48,0
197,37,2,3,0,2150000197,1,1,1,1054,1,14,0,20,3540,0,STEADY,352,2.73014,2.1346,0.192165,0.0710227,0.147727,79,4,18,0,1,1,0,94,136,0,0,118,e617ab48,0
198,38,3,4,0,2150000198,0,2,1,523,1,71,0,11,2053,0,STEADY,175,4.13748,3.87348,0.333337,0.634286,0.0914286,0,0,5,3,0,1,2,106,33,0,0,0,e617ab48,0
198,38,3,4,0,2150000198,1,2,1,715,1,8,0,14,2539,0,STEADY,239,4.21271,2.28556,0.259096,0.598326,0.238494,96,30,7,5,0,1,1,106,96,0,0,122,e617ab48,0
199,39,4,5,0,2150000199,0,3,0,1153,1,0,30,20,3615,0,STEADY,385,3.48639,3.49406,0.287543,0.241558,0.0285714,172,2,8,3,0,6,3,93,114,0,17,9,e617ab48,0
199,39,4,5,0,2150000199,1,3,0,690,1,0,123,10,2221,0,STEADY,230,5.58024,2.49103,0.535509,0.417391,0.0782609,70,17,0,3,0,5,2,0,114,0,17,314,e617ab48,0
200,0,12,1,0,2150000200,0,1,1,589,1,17,0,13,2170,0,STEADY,197,2.70609,2.5223,0.283589,0.137056,0.187817,86,18,6,2,1,1,3,111,96,0,0,0,e617ab48,0
200,0,12,1,0,2150000200,1,1,0,511,1,0,23,10,1685,0,STEADY,171,3.17981,2.31948,0.33107,0.204678,0.140351,72,11,4,4,1,1,0,88,113,0,0,7,e617ab48,0
201,1,13,2,0,2150000201,0,2,0,1066,1,0,46,14,2237,0,STEADY,356,2.93344,2.03812,0.159688,0.213483,0.0365169,179,8,7,5,0,1,1,58,136,0,22,123,e617ab48,0
201,1,13,2,0,2150000201,1,2,0,979,1,0,82,13,2504,0,STEADY,327,6.14235,5.88151,0.197373,0.211009,0.107034,73,19,0,9,0,2,2,22,136,0,36,22,e617ab48,0
202,2,14,3,0,2150000202,0,3,0,592,1,0,36,11,2118,0,STEADY,198,3.97287,3.04471,0.292495,0.494949,0.161616,62,21,3,7,0,0,1,77,94,0,0,0,e617ab48,0
202,2,14,3,0,2150000202,1,3,0,895,1,0,64,16,2960,0,STEADY,299,3.87433,4.32257,0.195334,0.491639,0.244147,76,18,3,12,0,0,1,49,94,0,0,7,e617ab48,0
203,3,15,4,0,2150000203,0,0,0,1171,1,0,26,20,3547,0,STEADY,391,2.39334,2.15362,0.169844,0.250639,0.16624,59,13,18,1,0,1,0,92,106,0,12,111,e617ab48,0
203,3,15,4,0,2150000203,1,0,0,1576,1,0,4,22,4039,0,STEADY,526,2.25046,5.70792,0.135979,0.231939,0.0171103,146,7,20,0,0,1,1,114,106,0,0,12,e617ab48,0
204,4,16,5,0,2150000204,0,1,0,787,1,0,59,18,2755,0,STEADY,263,4.39336,1.46107,0.339658,0.547529,0.110266,103,23,8,7,0,1,2,56,123,0,0,234,e617ab48,0
204,4,16,5,0,2150000204,1,1,0,1527,1,0,5,18,3373,0,STEADY,509,3.92055,5.82659,0.185029,0.198428,0.0667976,270,2,4,11,0,2,1,110,123,0,0,12,e617ab48,0
205,5,17,0,0,2150000205,0,2,0,556,1,0,59,7,1235,0,STEADY,186,2.74553,4.07389,0.199231,0.139785,0.123656,65,0,4,1,1,1,0,27,141,0,0,16,e617ab48,0
205,5,17,0,0,2150000205,1,2,0,820,1,0,88,7,1398,0,STEADY,274,2.66796,4.20375,0.148653,0.0583942,0.116788,103,0,3,1,0,1,2,0,141,0,0,56,e617ab48,0
206,6,18,1,0,2150000206,0,3,1,1125,1,45,0,19,3413,0,STEADY,375,2.11075,2.06537,0.151952,0.008,0.0986667,118,4,17,0,1,0,1,129,86,0,0,66,e617ab48,0
206,6,18,1,0,2150000206,1,3,1,1302,1,117,0,22,3931,0,STEADY,434,1.61055,1.88316,0.140795,0.00230415,0.0437788,0,0,20,0,1,0,1,129,14,0,0,8,e617ab48,0
207,7,19,2,0,2150000207,0,0,1,835,1,83,0,12,2068,0,STEADY,279,1.90315,5.96721,0.132534,0.0645161,0,0,0,7,3,0,1,1,132,17,0,0,25,e617ab48,0
207,7,19,2,0,2150000207,1,0,1,733,1,68,0,12,1956,0,STEADY,245,1.98288,4.03546,0.162171,0.0530612,0,0,0,7,2,0,1,2,132,32,0,0,14,e617ab48,0
208,8,20,3,0,2150000208,0,1,1,1093,1,15,0,19,3044,0,STEADY,365,3.76688,4.05598,0.216581,0.2,0.254795,273,85,8,1,8,1,1,94,101,0,10,156,e617ab48,0
208,8,20,3,0,2150000208,1,1,0,330,1,0,81,8,1449,0,STEADY,110,5.747,2.30401,0.5125,0.363636,0.0545455,23,6,5,1,1,1,0,21,116,0,10,223,e617ab48,0
209,9,21,4,0,2150000209,0,2,0,1776,1,0,60,24,5234,0,STEADY,592,3.3167,5.72211,0.241818,0.0219595,0.0320946,54,9,11,4,0,3,6,64,153,4,0,30,e617ab48,0
209,9,21,4,0,2150000209,1,2,1,1738,1,42,0,24,5103,0,STEADY,580,3.46911,5.53526,0.207584,0.0327586,0.0775862,12,4,10,5,1,1,7,124,111,4,0,31,e617ab48,0
210,10,22,5,0,2150000210,0,3,0,1759,1,0,47,27,4709,0,STEADY,587,2.75969,3.32336,0.133647,0.0800681,0.136286,287,39,25,2,0,0,0,128,124,0,0,60,e617ab48,0
210,10,22,5,0,2150000210,1,3,0,1576,1,0,70,24,4158,0,STEADY,526,1.97017,3.3987,0.13331,0.0247148,0.129278,147,31,22,2,0,0,0,105,124,0,0,11,e617ab48,0
211,11,23,0,0,2150000211,0,0,0,1159,1,0,105,9,2083,0,STEADY,387,2.39323,5.11455,0.138568,0.0310078,0.131783,215,23,3,2,0,2,2,18,141,24,10,4,e617ab48,0
211,11,23,0,0,2150000211,1,0,0,1165,1,0,76,12,2334,0,STEADY,389,2.57027,5.02532,0.131527,0.0437018,0.123393,133,15,6,2,0,3,1,53,153,36,20,29,e617ab48,0
212,12,24,1,0,2150000212,0,1,1,980,1,43,0,11,2246,0,STEADY,327,2.89618,7.4005,0.173003,0.12844,0.152905,152,35,4,1,3,1,2,125,68,0,0,38,e617ab48,0
212,12,24,1,0,2150000212,1,1,0,316,1,0,20,8,1400,0,STEADY,106,3.17244,2.85246,0.319198,0.358491,0.179245,30,8,4,1,1,1,1,105,111,0,0,88,e617ab48,0
213,13,25,2,0,2150000213,0,2,1,521,1,32,0,11,2013,0,STEADY,174,5.08948,4.06426,0.271891,0.41954,0.281609,0,0,8,1,2,0,0,104,72,0,0,65,e617ab48,0
213,13,25,2,0,2150000213,1,2,1,680,1,76,0,13,2370,0,STEADY,227,4.33122,3.39321,0.217833,0.396476,0.193833,0,0,10,1,2,0,0,104,28,0,0,146,e617ab48,0
214,14,26,3,0,2150000214,0,3,0,676,1,0,13,13,1889,0,STEADY,226,2.54666,1.66255,0.271164,0.0221239,0.0575221,122,2,3,7,1,1,1,95,113,0,0,79,e617ab48,0
214,14,26,3,0,2150000214,1,3,1,399,1,29,0,10,1533,0,STEADY,133,2.7973,1.96398,0.416038,0.120301,0.0526316,2,0,3,4,2,1,0,108,84,0,17,21,e617ab48,0
215,15,27,4,0,2150000215,0,0,0,1758,1,0,17,24,3592,0,STEADY,586,2.24052,1.79757,0.125391,0.267918,0.0614334,148,4,18,4,0,1,1,128,118,0,17,103,e617ab48,0
215,15,27,4,0,2150000215,1,0,0,1248,1,0,53,24,3389,0,STEADY,416,3.29716,1.79814,0.183685,0.322115,0.225962,233,41,16,6,0,2,0,92,118,0,24,261,e617ab48,0
216,16,28,5,0,2150000216,0,1,1,1113,1,11,0,18,3321,0,STEADY,371,3.3648,8.45449,0.161838,0.0943396,0.0916442,164,5,15,3,0,0,0,111,104,0,0,0,e617ab48,0
216,16,28,5,0,2150000216,1,1,1,777,1,108,0,13,2464,0,STEADY,259,2.72576,5.95577,0.2191,0.0849421,0.011583,0,0,10,2,1,0,0,111,7,0,0,0,e617ab48,0
217,17,29,0,0,2150000217,0,2,1,958,1,65,0,13,2645,0,STEADY,320,2.54802,7.65135,0.360319,0.178125,0.11875,0,0,3,2,0,4,4,102,55,24,0,16,e617ab48,0
217,17,29,0,0,2150000217,1,2,1,1882,1,79,0,18,4211,0,STEADY,628,2.88429,7.36823,0.504146,0.173567,0.0525478,0,0,2,5,0,8,3,102,43,40,0,11,e617ab48,0
218,18,30,1,0,2150000218,0,3,0,1433,1,0,56,24,3570,0,STEADY,478,3.33733,1.91458,0.162358,0.0857741,0.456067,237,121,19,2,0,0,3,66,129,0,0,0,e617ab48,0
218,18,30,1,0,2150000218,1,3,0,474,1,0,87,11,1910,0,STEADY,158,4.61152,2.42668,0.391038,0.183544,0.246835,108,39,7,4,0,0,0,38,129,0,0,0,e617ab48,0
219,19,31,2,0,2150000219,0,0,1,1042,1,77,0,19,3360,0,STEADY,348,4.00425,2.53591,0.172681,0.353448,0.428161,0,0,16,1,0,1,1,141,55,0,18,114,e617ab48,0
219,19,31,2,0,2150000219,1,0,1,814,1,66,0,15,2741,0,STEADY,272,4.12658,2.46527,0.204493,0.430147,0.308824,0,0,12,2,0,1,0,141,66,0,18,93,e617ab48,0
220,20,32,3,0,2150000220,0,1,0,680,1,0,71,11,2303,0,STEADY,227,5.43048,2.6419,0.297176,0.370044,0.193833,56,0,7,2,0,1,1,50,102,0,13,243,e617ab48,0
220,20,32,3,0,2150000220,1,1,0,574,1,0,73,9,1905,0,STEADY,192,5.50049,3.49169,0.354453,0.276042,0.302083,21,11,5,1,1,1,1,48,102,0,22,126,e617ab48,0
221,21,33,4,0,2150000221,0,2,0,1543,1,0,23,19,3259,0,STEADY,515,2.96263,5.61568,0.127565,0.0116505,0.126214,173,21,7,9,1,0,2,129,124,0,0,0,e617ab48,0
221,21,33,4,0,2150000221,1,2,0,424,1,0,74,10,1551,0,STEADY,142,2.60611,4.21232,0.259162,0.0422535,0.0211268,71,0,3,5,1,0,1,78,124,0,0,12,e617ab48,0
222,22,34,5,0,2150000222,0,3,0,1630,1,0,140,17,4338,0,STEADY,544,6.13875,3.51486,0.399748,0.325368,0.246324,68,6,2,9,4,0,2,0,175,0,26,271,e617ab48,0
222,22,34,5,0,2150000222,1,3,1,1009,1,37,0,16,3709,0,STEADY,337,3.28367,3.60198,0.221709,0.207715,0.127596,67,17,7,4,4,0,1,140,138,0,78,29,e617ab48,0
223,23,35,0,0,2150000223,0,0,1,1744,1,62,0,23,4058,0,STEADY,582,3.18411,6.50177,0.281753,0.139175,0.0670103,0,0,3,18,2,0,0,101,60,17,0,0,e617ab48,0
223,23,35,0,0,2150000223,1,0,1,1409,1,98,0,18,3219,0,STEADY,470,3.47822,5.87888,0.237151,0.157447,0.0234043,0,0,0,16,1,0,1,110,16,9,0,62,e617ab48,0
224,24,36,1,0,2150000224,0,1,0,1004,1,0,21,13,2295,0,STEADY,335,3.10371,2.46368,0.178281,0.19403,0.0835821,85,12,7,2,1,2,1,72,125,0,34,166,e617ab48,0
224,24,36,1,0,2150000224,1,1,1,896,1,81,0,10,2089,0,STEADY,299,3.08645,5.21279,0.192605,0.120401,0.0869565,0,0,2,3,2,3,0,93,44,0,20,65,e617ab48,0
225,25,37,2,0,2150000225,0,2,0,827,1,0,76,17,2500,0,STEADY,276,3.19162,1.14323,0.188514,0.442029,0.202899,179,53,9,6,1,0,1,74,104,0,0,93,e617ab48,0
225,25,37,2,0,2150000225,1,2,0,1743,1,0,80,18,3670,0,STEADY,581,3.848,4.75555,0.207632,0.149742,0.0654045,38,14,0,9,6,0,3,70,104,0,0,79,e617ab48,0
226,26,38,3,0,2150000226,0,3,0,791,1,0,104,12,2034,0,STEADY,264,4.63924,3.30471,0.382261,0.174242,0.276515,36,19,3,8,0,0,1,0,108,0,0,159,e617ab48,0
226,26,38,3,0,2150000226,1,3,1,883,1,48,0,20,2800,0,STEADY,295,2.86485,2.2706,0.197922,0.149153,0.362712,0,0,14,4,1,0,1,104,60,0,0,28,e617ab48,0
227,27,39,4,0,2150000227,0,0,0,2293,1,0,9,26,5026,0,STEADY,765,3.09398,2.81724,0.133742,0.261438,0.269281,113,6,23,2,1,0,0,105,145,0,0,413,e617ab48,0
227,27,39,4,0,2150000227,1,0,1,1565,1,127,0,25,4395,0,STEADY,522,3.8149,2.70094,0.154274,0.400383,0.329502,0,0,23,1,0,0,1,114,18,0,0,257,e617ab48,0
228,28,0,5,0,2150000228,0,1,0,627,1,0,28,12,2320,0,STEADY,209,5.50088,4.30196,0.315148,0.631579,0.0239234,77,2,4,8,0,0,0,85,111,0,0,0,e617ab48,0
228,28,0,5,0,2150000228,1,1,0,511,1,0,71,10,1962,0,STEADY,171,5.20703,2.59756,0.388234,0.45614,0.111111,14,8,3,6,0,0,1,38,111,0,0,138,e617ab48,0
229,29,1,0,0,2150000229,0,2,0,1228,1,0,78,19,3145,0,STEADY,410,3.49668,2.83393,0.236134,0.321951,0.397561,75,34,12,2,5,0,0,60,102,0,22,223,e617ab48,0
229,29,1,0,0,2150000229,1,2,0,1325,1,0,91,22,3460,0,STEADY,442,3.45648,2.37874,0.18598,0.285068,0.330317,85,27,15,2,4,0,1,45,102,0,17,330,e617ab48,0
230,30,2,1,0,2150000230,0,3,0,361,1,0,39,10,1490,0,STEADY,121,4.98257,2.70363,0.45243,0.165289,0.0743802,80,9,7,2,0,0,1,55,125,0,0,72,e617ab48,0
230,30,2,1,0,2150000230,1,3,1,348,1,33,0,10,1490,0,STEADY,116,6.32249,2.40464,0.482741,0.0862069,0.224138,75,26,7,2,0,0,1,94,92,0,0,126,e617ab48,0
231,31,3,2,0,2150000231,0,0,0,1161,1,0,31,18,2893,0,STEADY,387,3.07195,1.76759,0.152506,0.312661,0.191214,41,19,8,8,0,0,2,72,132,0,0,95,e617ab48,0
231,31,3,2,0,2150000231,1,0,0,764,1,0,38,14,2172,0,STEADY,255,3.39539,2.01637,0.196914,0.32549,0.2,49,11,7,5,0,0,2,68,132,0,0,95,e617ab48,0
232,32,4,3,0,2150000232,0,1,0,557,1,0,102,12,2300,0,STEADY,186,5.49801,1.66489,0.181317,0.537634,0.241935,50,26,9,0,2,1,0,34,121,0,0,322,e617ab48,0
232,32,4,3,0,2150000232,1,1,0,1108,1,0,68,19,3514,0,STEADY,370,3.19239,1.69306,0.12993,0.216216,0.116216,230,28,16,0,2,1,0,68,121,0,0,334,e617ab48,0
233,33,5,4,0,2150000233,0,2,1,646,1,38,0,14,2120,0,STEADY,216,2.71229,1.96672,0.2185,0.0972222,0.324074,43,10,4,1,8,1,0,141,114,0,0,84,e617ab48,0
233,33,5,4,0,2150000233,1,2,1,1195,1,110,0,21,3329,0,STEADY,399,2.68236,2.8358,0.153642,0.0701754,0.205514,0,0,11,1,8,1,0,141,42,0,0,160,e617ab48,0
234,34,6,5,0,2150000234,0,3,1,889,1,63,0,18,2691,0,STEADY,297,3.62856,3.27691,0.262054,0.373737,0.208754,0,0,10,6,0,1,1,131,77,0,0,0,e617ab48,0
234,34,6,5,0,2150000234,1,3,0,924,1,0,111,18,2820,0,STEADY,308,3.8007,1.47985,0.226649,0.590909,0.0811688,120,3,7,9,0,0,2,20,140,0,0,134,e617ab48,0
235,35,7,0,0,2150000235,0,0,0,1054,1,0,100,16,2788,0,STEADY,352,2.51309,2.29014,0.147642,0.00568182,0.434659,51,12,13,1,0,1,1,0,101,0,0,110,e617ab48,0
235,35,7,0,0,2150000235,1,0,0,1036,1,0,44,17,2913,0,STEADY,346,2.47213,4.15457,0.161512,0.0115607,0.33815,64,15,13,2,0,1,1,56,101,0,0,13,e617ab48,0
236,36,8,1,0,2150000236,0,1,0,802,1,0,24,13,2409,0,STEADY,268,3.25254,4.28528,0.189306,0.231343,0.108209,98,18,1,11,0,0,1,92,93,0,0,40,e617ab48,0
236,36,8,1,0,2150000236,1,1,0,490,1,0,42,10,1840,0,STEADY,164,3.69655,1.9606,0.230457,0.158537,0.341463,38,23,2,8,0,0,0,74,93,0,0,92,e617ab48,0
237,37,9,2,0,2150000237,0,2,1,1469,1,132,0,22,3993,0,STEADY,490,3.72158,6.58071,0.153176,0.0387755,0.126531,0,0,19,0,2,0,1,155,18,0,0,0,e617ab48,0
237,37,9,2,0,2150000237,1,2,0,1441,1,0,30,24,4284,0,STEADY,481,3.19267,2.30315,0.149073,0.0582121,0.397089,103,37,21,0,2,0,1,121,150,0,0,122,e617ab48,0
238,38,10,3,0,2150000238,0,3,0,729,1,0,20,14,2593,0,STEADY,243,5.04675,3.48095,0.379942,0.567901,0.0781893,135,11,7,4,0,1,2,104,104,0,0,0,e617ab48,0
238,38,10,3,0,2150000238,1,3,0,489,1,0,49,10,1914,0,STEADY,163,4.87408,3.13943,0.401546,0.588957,0.0552147,95,9,5,3,0,1,1,75,104,0,0,0,e617ab48,0
239,39,11,4,0,2150000239,0,0,0,901,1,0,53,10,2185,0,STEADY,301,2.56462,1.80219,0.198173,0.122924,0.0664452,100,6,3,1,2,3,1,88,114,0,25,91,e617ab48,0
239,39,11,4,0,2150000239,1,0,0,505,1,0,82,8,1657,0,STEADY,169,2.98974,2.26017,0.297361,0.142012,0.0650888,62,5,2,1,1,2,2,35,114,0,8,87,e617ab48,0
240,0,19,0,1,2150000240,0,2,1,2107,1,49,0,34,6012,0,STEADY,703,4.02096,6.88619,0.375836,0.209104,0.182077,0,0,4,22,0,1,7,132,64,0,0,28,e617ab48,0
240,0,19,0,1,2150000240,1,2,0,2509,2,6,21,41,6369,0,STEADY,837,3.74804,4.22779,0.179394,0.200717,0.249701,205,97,17,21,0,1,2,111,107,0,0,151,e617ab48,0
241,1,20,1,1,2150000241,0,3,1,1390,1,19,0,24,3693,0,STEADY,464,2.93119,1.47229,0.154289,0.387931,0.153017,203,37,13,7,0,1,3,86,117,0,58,128,e617ab48,0
241,1,20,1,1,2150000241,1,3,1,871,1,1,0,13,2087,0,STEADY,291,3.32577,1.62497,0.241519,0.333333,0.0756014,127,13,6,5,0,2,0,76,135,0,55,100,e617ab48,0
242,2,21,2,1,2150000242,0,0,1,1014,1,79,0,17,3193,0,STEADY,338,4.17303,3.43055,0.164302,0.446746,0.245562,0,0,3,13,0,0,1,124,15,0,0,146,e617ab48,0
242,2,21,2,1,2150000242,1,0,0,1837,1,0,1,27,5111,0,STEADY,613,3.65226,3.51927,0.132584,0.399674,0.360522,100,7,6,20,0,0,1,123,94,0,0,0,e617ab48,0
243,3,22,3,1,2150000243,0,1,0,1068,1,0,131,18,3198,0,STEADY,356,3.06175,4.01934,0.208716,0.300562,0.0533708,205,6,16,1,0,1,0,44,106,0,0,93,e617ab48,0
243,3,22,3,1,2150000243,1,1,0,718,1,0,175,12,2185,0,STEADY,240,4.13186,3.3581,0.262663,0.245833,0.245833,103,46,10,1,0,1,0,0,106,0,0,130,e617ab48,0
244,4,23,4,1,2150000244,0,2,0,580,1,0,21,14,2190,0,STEADY,194,3.4461,1.91385,0.333402,0.525773,0.242268,65,25,7,4,1,1,1,97,123,0,0,83,e617ab48,0
244,4,23,4,1,2150000244,1,2,0,1637,1,0,105,27,4668,0,STEADY,546,3.20505,3.19718,0.177172,0.355311,0.258242,367,74,3,20,0,1,3,14,130,7,0,113,e617ab48,0
245,5,24,5,1,2150000245,0,3,0,1272,2,141,125,2,400,0,STEADY,424,12.5069,9.6287,0.979653,0.318396,0.629717,0,0,0,0,0,2,0,0,0,0,0,0,e617ab48,0
245,5,24,5,1,2150000245,1,3,1,985,1,38,0,14,2329,0,STEADY,329,2.68312,3.70069,0.215599,0.227964,0.0851064,62,18,9,1,1,2,1,125,103,0,23,33,e617ab48,0
246,6,25,0,1,2150000246,0,0,1,2521,1,98,0,35,6248,0,STEADY,841,3.61392,6.84261,0.113024,0.0273484,0.652794,0,0,33,1,1,0,0,104,33,0,0,26,e617ab48,0
246,6,25,0,1,2150000246,1,0,0,2645,1,0,6,42,7328,0,STEADY,882,2.79809,2.91387,0.0991179,0.0136054,0.598639,183,73,40,1,1,0,0,98,131,0,0,34,e617ab48,0
247,7,26,1,1,2150000247,0,1,1,1879,1,18,0,23,3733,0,STEADY,627,2.08953,4.46486,0.0947624,0.0334928,0.0111643,101,1,17,3,1,1,1,108,82,0,0,34,e617ab48,0
247,7,26,1,1,2150000247,1,1,0,1396,1,0,38,17,2868,0,STEADY,466,2.39798,4.48462,0.114221,0.0450644,0,79,0,11,3,0,1,2,70,100,0,0,7,e617ab48,0
248,8,27,2,1,2150000248,0,2,0,740,1,0,67,13,2177,0,STEADY,247,4.81471,2.14035,0.297364,0.153846,0.469636,92,42,6,1,4,1,1,78,116,0,7,242,e617ab48,0
248,8,27,2,1,2150000248,1,2,0,1886,1,0,54,28,5156,0,STEADY,629,4.41235,5.40341,0.154289,0.36248,0.127186,102,1,20,2,2,1,3,91,116,0,0,25,e617ab48,0
249,9,28,3,1,2150000249,0,3,0,517,1,0,61,7,1531,0,STEADY,173,3.81882,5.95338,0.304838,0.0404624,0.150289,80,26,3,2,1,0,1,50,149,0,0,11,e617ab48,0
249,9,28,3,1,2150000249,1,3,0,498,1,0,76,7,1558,0,STEADY,166,3.73732,4.98273,0.317404,0.0421687,0,46,0,3,2,1,0,1,35,149,0,0,56,e617ab48,0
250,10,29,4,1,2150000250,0,0,1,1059,1,5,0,17,3100,0,STEADY,353,3.24437,1.68836,0.171892,0.0906516,0.371105,80,38,14,2,1,0,0,102,119,0,0,287,e617ab48,0
250,10,29,4,1,2150000250,1,0,0,1144,1,0,38,22,3821,0,STEADY,382,2.55895,1.46532,0.16873,0.183246,0.243455,73,31,19,3,0,0,0,64,124,0,0,117,e617ab48,0
251,11,30,5,1,2150000251,0,1,1,2113,1,64,0,25,4627,0,STEADY,705,2.70316,6.79996,0.16483,0.113475,0.0751773,60,0,13,5,0,6,1,125,113,60,17,0,e617ab48,0
251,11,30,5,1,2150000251,1,1,1,2197,1,103,0,26,4553,0,STEADY,733,2.59654,5.49861,0.130752,0.0572988,0.0600273,0,0,15,2,0,6,3,125,74,60,17,0,e617ab48,0
252,12,31,0,1,2150000252,0,2,1,1393,1,24,0,22,3381,0,STEADY,465,2.82509,2.67046,0.149905,0.105376,0.326882,40,10,16,1,3,2,0,141,87,0,0,322,e617ab48,0
252,12,31,0,1,2150000252,1,2,0,781,1,0,105,8,1762,0,STEADY,261,2.43245,4.68309,0.191839,0.10728,0.0766284,98,4,3,1,2,1,1,27,111,0,0,49,e617ab48,0
253,13,32,1,1,2150000253,0,3,0,423,1,0,104,7,1518,0,STEADY,141,4.6201,3.18438,0.312284,0.390071,0.0283688,84,4,4,0,2,1,0,17,104,0,0,0,e617ab48,0
253,13,32,1,1,2150000253,1,3,0,880,1,0,80,18,3190,0,STEADY,294,3.5699,2.28667,0.157146,0.459184,0.27551,83,31,15,0,1,0,2,41,104,0,0,5,e617ab48,0
254,14,33,2,1,2150000254,0,0,1,1377,1,38,0,17,2981,0,STEADY,459,1.9853,6.76526,0.162952,0.0239651,0.0413943,103,2,1,8,1,4,3,152,75,0,0,0,e617ab48,0
254,14,33,2,1,2150000254,1,0,1,900,1,74,0,13,2174,0,STEADY,300,1.88244,5.80291,0.142707,0.0233333,0.00666667,0,0,0,8,1,2,2,152,39,0,0,0,e617ab48,0
255,15,34,3,1,2150000255,0,1,0,532,1,0,108,11,1834,0,STEADY,178,5.10984,2.18351,0.501315,0.533708,0.117978,27,3,3,5,0,1,2,32,118,0,14,257,e617ab48,0
255,15,34,3,1,2150000255,1,1,0,818,1,0,108,12,2086,0,STEADY,273,4.63304,3.16456,0.349513,0.307692,0.0659341,42,17,3,7,0,2,0,32,118,0,37,1,e617ab48,0
256,16,35,4,1,2150000256,0,2,1,1315,1,115,0,21,3807,0,STEADY,439,4.43153,7.03504,0.138891,0.0501139,0.0637813,0,0,18,2,0,0,1,101,0,0,0,23,e617ab48,0
256,16,35,4,1,2150000256,1,2,1,1365,1,101,0,22,3995,0,STEADY,455,4.25355,5.73543,0.148859,0.0615385,0.0505495,0,0,19,3,0,0,0,101,14,0,0,118,e617ab48,0
257,17,36,5,1,2150000257,0,3,0,1133,1,0,57,9,1655,0,STEADY,378,4.08682,3.35768,0.402762,0.15873,0.219577,91,22,4,1,1,1,2,36,99,6,0,9,e617ab48,0
257,17,36,5,1,2150000257,1,3,1,469,1,42,0,10,1586,0,STEADY,157,3.81141,3.08583,0.416172,0.229299,0.044586,16,6,5,2,0,2,1,93,52,6,0,0,e617ab48,0
258,18,37,0,1,2150000258,0,0,0,1987,1,0,84,27,4070,0,STEADY,663,4.13057,3.82001,0.15087,0.0512821,0.574661,119,77,22,3,0,0,2,66,129,0,0,275,e617ab48,0
258,18,37,0,1,2150000258,1,0,0,2095,1,0,14,26,3881,0,STEADY,699,3.95324,4.01573,0.127918,0.0386266,0.426323,333,147,22,3,0,0,1,136,129,0,0,104,e617ab48,0
259,19,38,1,1,2150000259,0,1,0,533,1,0,74,7,1418,0,STEADY,178,5.26607,4.79654,0.306202,0.202247,0.0730337,37,1,5,0,0,1,1,30,132,0,19,38,e617ab48,0
259,19,38,1,1,2150000259,1,1,0,758,1,0,89,14,2548,0,STEADY,253,5.26771,2.79629,0.253929,0.335968,0.217391,76,11,10,1,0,2,1,15,132,0,37,224,e617ab48,0
260,20,39,2,1,2150000260,0,2,1,477,1,48,0,9,1996,0,STEADY,159,5.26091,2.75498,0.321981,0.415094,0.245283,0,0,5,2,1,1,0,114,54,0,22,177,e617ab48,0
260,20,39,2,1,2150000260,1,2,1,1640,1,72,0,25,4473,0,STEADY,547,4.13298,3.57684,0.140186,0.341865,0.502742,0,0,22,1,0,1,1,114,30,0,18,13,e617ab48,0
261,21,0,3,1,2150000261,0,3,1,907,1,15,0,14,2154,0,STEADY,303,2.92808,2.67979,0.219294,0.0231023,0.214521,59,10,4,8,1,0,1,113,109,0,0,45,e617ab48,0
261,21,0,3,1,2150000261,1,3,0,847,1,0,35,15,2192,0,STEADY,283,3.0755,2.41141,0.194424,0.04947,0.268551,76,12,4,10,1,0,0,78,124,0,0,123,e617ab48,0
262,22,1,4,1,2150000262,0,0,1,1210,1,2,0,19,4280,0,STEADY,404,2.62197,2.3556,0.19079,0.188119,0.240099,107,12,6,4,5,0,4,136,173,0,46,136,e617ab48,0
262,22,1,4,1,2150000262,1,0,0,1486,1,0,52,24,5520,0,STEADY,496,2.98834,1.21521,0.160278,0.407258,0.306452,184,66,9,6,7,0,2,84,175,0,100,212,e617ab48,0
263,23,2,5,1,2150000263,0,1,1,934,1,93,0,19,2718,0,STEADY,312,3.13949,3.04524,0.289724,0.144231,0.0352564,0,0,11,7,0,0,1,94,24,12,0,93,e617ab48,0
263,23,2,5,1,2150000263,1,1,1,1162,1,105,0,21,3039,0,STEADY,388,2.64642,3.36676,0.218041,0.118557,0.0953608,0,0,13,6,1,0,1,94,10,10,0,171,e617ab48,0
264,24,3,0,1,2150000264,0,2,0,1687,1,0,81,12,3149,0,STEADY,563,2.92305,6.25303,0.148213,0.0746004,0.0763766,307,24,1,3,1,3,4,19,125,0,0,56,e617ab48,0
264,24,3,0,1,2150000264,1,2,1,1582,1,58,0,18,4051,0,STEADY,528,2.74434,4.947,0.195767,0.183712,0.0530303,0,0,3,7,1,5,2,106,67,0,11,23,e617ab48,0
265,25,4,1,1,2150000265,0,3,0,1060,1,0,69,15,2390,0,STEADY,354,2.86491,2.01686,0.144136,0.10452,0.20904,59,30,8,4,1,0,2,67,104,0,0,92,e617ab48,0
265,25,4,1,1,2150000265,1,3,1,1088,1,46,0,22,3192,0,STEADY,363,3.21545,1.95276,0.174146,0.435262,0.203857,0,0,13,7,1,0,1,123,58,0,0,30,e617ab48,0
266,26,5,2,1,2150000266,0,0,1,1765,1,72,0,31,4403,0,STEADY,589,2.92494,3.39612,0.143932,0.0747029,0.531409,0,0,20,8,1,0,2,141,36,0,0,103,e617ab48,0
266,26,5,2,1,2150000266,1,0,1,1507,1,62,0,22,3616,0,STEADY,503,3.04119,6.08984,0.173742,0.131213,0.441352,0,0,6,13,1,0,2,141,46,0,0,79,e617ab48,0
267,27,6,3,1,2150000267,0,1,0,1518,1,0,63,24,4305,0,STEADY,506,4.62188,3.01059,0.172125,0.416996,0.316206,347,125,22,1,1,0,0,68,145,0,0,332,e617ab48,0
267,27,6,3,1,2150000267,1,1,0,1890,1,0,114,30,5303,0,STEADY,630,4.48973,3.11563,0.144681,0.409524,0.360317,179,70,27,1,0,0,2,17,145,0,0,384,e617ab48,0
268,28,7,4,1,2150000268,0,2,1,291,1,79,0,7,1390,0,STEADY,97,4.12663,3.07984,0.457938,0.453608,0.268041,0,0,2,3,0,0,2,100,32,0,0,14,e617ab48,0
268,28,7,4,1,2150000268,1,2,1,360,1,81,0,8,1630,0,STEADY,120,4.82588,2.30095,0.417008,0.55,0.2,0,0,2,4,1,0,1,100,30,0,0,117,e617ab48,0
269,29,8,5,1,2150000269,0,3,0,625,1,0,116,10,1921,0,STEADY,209,4.42546,4.02203,0.296282,0.200957,0.124402,55,17,3,3,2,0,2,0,102,0,34,9,e617ab48,0
269,29,8,5,1,2150000269,1,3,1,846,2,30,116,17,2806,0,STEADY,282,5.23311,1.70641,0.246582,0.560284,0.180851,29,10,9,3,3,0,2,0,72,0,12,600,e617ab48,0
270,30,9,0,1,2150000270,0,0,0,944,1,0,47,25,2840,0,STEADY,315,2.94118,8.29697,0.186476,0.0380952,0.244444,115,47,22,2,0,0,1,104,125,0,0,0,e617ab48,0
270,30,9,0,1,2150000270,1,0,0,2557,1,0,28,53,5342,0,STEADY,853,3.43567,6.00698,0.118771,0.0293083,0.563892,64,25,51,2,0,0,0,133,125,0,0,32,e617ab48,0
271,31,10,1,1,2150000271,0,1,0,1320,1,0,109,16,3121,0,STEADY,440,4.01502,4.99371,0.207823,0.165909,0.25,246,100,1,10,0,0,5,15,132,0,0,77,e617ab48,0
271,31,10,1,1,2150000271,1,1,0,1193,1,0,118,18,3243,0,STEADY,398,3.89703,6.75975,0.230975,0.286432,0.153266,338,57,3,10,1,0,4,6,141,9,0,54,e617ab48,0
272,32,11,2,1,2150000272,0,2,1,1120,1,51,0,20,3710,0,STEADY,374,3.42035,5.78314,0.121316,0.0641711,0.307487,0,0,17,1,1,1,0,141,70,0,0,35,e617ab48,0
272,32,11,2,1,2150000272,1,2,1,1116,1,86,0,20,3640,0,STEADY,372,3.39961,6.57716,0.12414,0.0698925,0.27957,0,0,17,0,1,1,1,153,35,0,0,12,e617ab48,0
273,33,12,3,1,2150000273,0,3,0,1048,1,0,36,21,3281,0,STEADY,350,4.2769,1.60714,0.183851,0.277143,0.217143,141,23,8,3,10,0,0,75,152,0,0,380,e617ab48,0
273,33,12,3,1,2150000273,1,3,1,277,1,44,0,8,1280,0,STEADY,93,4.72449,3.25346,0.512419,0.182796,0.204301,2,2,4,1,3,0,0,111,108,0,0,0,e617ab48,0
274,34,13,4,1,2150000274,0,0,1,877,1,99,0,17,2553,0,STEADY,293,3.13878,1.87189,0.229119,0.464164,0.129693,0,0,10,5,0,1,1,104,41,0,0,165,e617ab48,0
274,34,13,4,1,2150000274,1,0,0,873,1,0,7,15,2367,0,STEADY,291,3.13737,2.15008,0.231137,0.33677,0.103093,92,15,7,6,0,0,2,97,140,0,0,177,e617ab48,0
275,35,14,5,1,2150000275,0,1,0,519,1,0,65,11,1752,0,STEADY,173,4.16274,2.24249,0.308919,0.0751445,0.248555,29,11,5,4,1,1,0,48,101,0,0,133,e617ab48,0
275,35,14,5,1,2150000275,1,1,0,916,1,0,17,17,2436,0,STEADY,306,2.41004,2.49217,0.164546,0.0588235,0.0653595,66,5,4,11,1,1,0,96,101,0,0,123,e617ab48,0
276,36,15,0,1,2150000276,0,2,1,907,1,53,0,14,2624,0,STEADY,303,3.22449,4.18148,0.190442,0.191419,0.161716,0,0,2,12,0,0,0,118,40,0,0,108,e617ab48,0
276,36,15,0,1,2150000276,1,2,1,737,1,61,0,13,2407,0,STEADY,246,2.93116,4.43056,0.19272,0.146341,0.0162602,0,0,2,11,0,0,0,118,32,0,0,12,e617ab48,0
277,37,16,1,1,2150000277,0,3,0,818,1,0,47,16,2890,0,STEADY,273,3.20962,1.87134,0.240051,0.0842491,0.307692,120,52,13,0,2,0,1,68,150,0,0,30,e617ab48,0
277,37,16,1,1,2150000277,1,3,1,955,1,20,0,18,3230,0,STEADY,319,2.65972,2.02874,0.19968,0.0532915,0.225705,62,18,15,0,2,0,1,115,130,0,0,16,e617ab48,0
278,38,17,2,1,2150000278,0,0,1,1111,1,47,0,13,2470,0,STEADY,371,3.47443,4.67876,0.174666,0.32345,0.644205,0,0,6,5,0,0,2,152,57,0,0,58,e617ab48,0
278,38,17,2,1,2150000278,1,0,1,826,1,27,0,11,2108,0,STEADY,276,3.46549,7.35759,0.262728,0.402174,0.557971,48,25,5,4,1,0,1,144,77,0,0,0,e617ab48,0
279,39,18,3,1,2150000279,0,1,0,795,1,0,69,12,2233,0,STEADY,265,3.48065,2.2648,0.284921,0.139623,0.0301887,90,6,6,1,1,3,1,60,114,0,0,193,e617ab48,0
279,39,18,3,1,2150000279,1,1,1,1225,1,24,0,19,3169,0,STEADY,409,2.539,1.62977,0.183291,0.134474,0.0611247,191,11,13,1,2,3,0,129,90,0,14,180,e617ab48,0
280,0,26,5,1,2150000280,0,3,0,1069,1,0,26,23,3190,0,STEADY,357,3.1986,2.54499,0.222266,0.128852,0.210084,120,33,15,7,0,0,1,82,113,0,0,158,e617ab48,0
280,0,26,5,1,2150000280,1,3,0,838,1,0,62,18,2562,0,STEADY,280,4.14613,1.6163,0.269607,0.217857,0.142857,69,9,10,8,0,0,0,46,113,0,0,265,e617ab48,0
281,1,27,0,1,2150000281,0,0,1,1618,1,80,0,26,3696,0,STEADY,540,2.47306,1.77871,0.119485,0.240741,0.112963,0,0,20,4,0,1,1,145,56,0,28,114,e617ab48,0
281,1,27,0,1,2150000281,1,0,0,1331,1,0,134,17,3348,0,STEADY,444,3.60237,7.42953,0.221601,0.184685,0.252252,51,31,2,7,0,4,4,11,136,0,71,135,e617ab48,0
282,2,28,1,1,2150000282,0,1,0,460,1,0,45,7,1608,0,STEADY,154,7.51016,4.50742,0.413,0.383117,0.142857,66,22,4,2,0,0,1,50,94,0,0,63,e617ab48,0
282,2,28,1,1,2150000282,1,1,0,247,1,0,45,6,1230,0,STEADY,83,8.66122,6.03711,0.526361,0.590361,0,33,0,3,3,0,0,0,66,94,0,0,0,e617ab48,0
283,3,29,2,1,2150000283,0,2,0,2116,1,0,22,36,6350,0,STEADY,706,3.16232,4.56095,0.121204,0.270538,0.145892,129,42,32,1,1,1,1,80,106,0,0,3,e617ab48,0
283,3,29,2,1,2150000283,1,2,0,2338,1,0,22,38,6615,0,STEADY,780,3.0184,4.72467,0.111304,0.287179,0.219231,106,22,36,0,0,1,1,80,106,0,0,0,e617ab48,0
284,4,30,3,1,2150000284,0,3,0,828,1,0,84,16,2618,0,STEADY,276,4.11582,2.06448,0.298522,0.315217,0.108696,62,13,5,8,0,0,3,41,123,0,0,90,e617ab48,0
284,4,30,3,1,2150000284,1,3,0,576,1,0,125,13,2193,0,STEADY,192,4.91953,2.04795,0.423245,0.505208,0.140625,64,17,1,11,0,1,0,0,136,13,0,98,e617ab48,0
285,5,31,4,1,2150000285,0,0,0,1777,1,0,6,20,3450,0,STEADY,593,2.60389,4.61445,0.131126,0.143339,0.128162,111,26,10,1,0,5,4,126,141,0,3,89,e617ab48,0
285,5,31,4,1,2150000285,1,0,1,1420,1,69,0,22,3486,0,STEADY,474,2.68194,4.30597,0.139983,0.291139,0.0506329,0,0,15,2,0,3,2,132,72,0,0,1,e617ab48,0
286,6,32,5,1,2150000286,0,1,1,2508,1,37,0,40,7002,0,STEADY,836,1.43065,2.70316,0.114191,0.0131579,0.0514354,403,16,38,1,1,0,0,121,94,0,0,90,e617ab48,0
286,6,32,5,1,2150000286,1,1,1,1672,1,95,0,23,4283,0,STEADY,558,2.7632,7.62076,0.125314,0.00537634,0.0358423,0,0,20,1,1,0,1,121,36,0,0,9,e617ab48,0
287,7,33,0,1,2150000287,0,2,0,1570,1,0,82,18,3443,0,STEADY,524,1.92787,8.13375,0.11608,0.110687,0.00572519,68,0,4,11,1,1,1,70,100,0,0,2,e617ab48,0
287,7,33,0,1,2150000287,1,2,1,1762,1,11,0,23,4100,0,STEADY,588,1.66886,7.30772,0.103112,0.115646,0.0289116,58,1,7,13,1,1,1,152,89,0,0,0,e617ab48,0
288,8,34,1,1,2150000288,0,3,1,721,1,5,0,14,2267,0,STEADY,241,3.50199,2.54212,0.270232,0.174274,0.315353,91,33,7,1,5,1,0,140,111,0,10,189,e617ab48,0
288,8,34,1,1,2150000288,1,3,0,553,1,0,74,11,1950,0,STEADY,185,4.31143,2.24165,0.448265,0.427027,0.308108,104,51,8,1,1,1,0,66,116,0,10,160,e617ab48,0
289,9,35,2,1,2150000289,0,0,1,2332,1,79,0,26,5256,0,STEADY,778,3.27955,3.98725,0.140246,0.0102828,0.0449871,0,0,9,10,0,2,5,101,86,16,0,11,e617ab48,0
289,9,35,2,1,2150000289,1,0,1,2104,1,109,0,23,4615,0,STEADY,702,3.42084,6.17592,0.150443,0.0156695,0.0698006,0,0,8,10,1,0,4,113,58,18,0,9,e617ab48,0
290,10,36,3,1,2150000290,0,1,0,1415,1,0,29,23,4024,0,STEADY,472,3.60575,1.79779,0.160581,0.0932203,0.368644,238,81,20,3,0,0,0,64,124,0,0,254,e617ab48,0
290,10,36,3,1,2150000290,1,1,0,1387,1,0,13,21,3818,0,STEADY,463,3.43051,4.25144,0.154896,0.0691145,0.149028,219,39,18,2,1,0,0,80,124,0,0,0,e617ab48,0
291,11,37,4,1,2150000291,0,2,0,1274,1,0,1,27,3760,0,STEADY,425,2.61059,1.58408,0.129598,0.225882,0.352941,179,77,22,2,1,1,1,149,129,12,4,298,e617ab48,0
291,11,37,4,1,2150000291,1,2,1,2029,1,112,0,30,5198,0,STEADY,677,3.25476,5.79528,0.13935,0.100443,0.0738552,0,0,17,7,1,4,1,150,18,13,20,54,e617ab48,0
292,12,38,5,1,2150000292,0,3,0,440,1,0,29,8,1620,0,STEADY,147,4.63581,3.84207,0.417646,0.285714,0.115646,22,2,2,2,2,0,2,75,111,0,0,83,e617ab48,0
292,12,38,5,1,2150000292,1,3,1,730,1,67,0,15,2490,0,STEADY,244,4.15077,3.77264,0.278074,0.237705,0.0491803,0,0,8,1,4,2,0,104,44,0,0,100,e617ab48,0
293,13,39,0,1,2150000293,0,0,1,1611,1,15,0,27,4774,0,STEADY,537,3.30875,2.43453,0.118408,0.242086,0.43203,39,15,24,1,2,0,0,114,89,0,0,237,e617ab48,0
293,13,39,0,1,2150000293,1,0,1,785,1,38,0,15,2693,0,STEADY,262,3.85099,3.94538,0.176309,0.320611,0.29771,168,42,12,1,2,0,0,114,66,0,0,96,e617ab48,0
294,14,0,1,1,2150000294,0,1,1,1158,1,42,0,14,2542,0,STEADY,386,2.21048,8.7427,0.323435,0.0310881,0,223,0,0,8,2,3,1,109,71,0,17,22,e617ab48,0
294,14,0,1,1,2150000294,1,1,1,1101,1,39,0,16,2466,0,STEADY,367,2.39149,8.35373,0.262935,0.00544959,0.013624,170,3,2,10,0,1,3,109,74,0,17,17,e617ab48,0
295,15,1,2,1,2150000295,0,2,0,1069,1,0,78,19,2826,0,STEADY,357,3.27886,2.82986,0.170367,0.397759,0.212885,49,1,10,7,0,1,1,58,118,0,0,251,e617ab48,0
295,15,1,2,1,2150000295,1,2,0,1594,1,0,96,28,4195,0,STEADY,532,3.24657,1.94048,0.136434,0.385338,0.370301,65,26,13,13,0,1,1,40,118,0,6,131,e617ab48,0
296,16,2,3,1,2150000296,0,3,1,1044,1,41,0,20,3570,0,STEADY,348,2.12757,2.90795,0.158661,0.0747126,0.158046,134,14,17,2,0,0,1,94,74,0,0,83,e617ab48,0
296,16,2,3,1,2150000296,1,3,1,834,1,82,0,16,2911,0,STEADY,278,2.78107,2.61532,0.193633,0.0791367,0.0899281,0,0,13,2,0,0,1,94,33,0,0,0,e617ab48,0
297,17,3,4,1,2150000297,0,0,0,1487,1,0,17,12,2851,0,STEADY,496,2.1169,7.68238,0.140645,0.110887,0.0383065,334,13,1,1,1,2,7,89,117,12,0,10,e617ab48,0
297,17,3,4,1,2150000297,1,0,1,944,1,85,0,13,2094,0,STEADY,315,2.66117,4.79239,0.322483,0.0761905,0.0222222,0,0,6,1,1,2,3,106,11,11,0,9,e617ab48,0
298,18,4,5,1,2150000298,0,1,0,990,1,0,46,18,2770,0,STEADY,330,4.60553,3.28312,0.219612,0.206061,0.333333,140,46,14,3,0,0,1,90,129,0,0,226,e617ab48,0
298,18,4,5,1,2150000298,1,1,0,700,1,0,123,15,2310,0,STEADY,234,5.87225,2.57475,0.294705,0.264957,0.273504,56,25,12,3,0,0,0,0,129,0,0,275,e617ab48,0
299,19,5,0,1,2150000299,0,2,1,2262,1,132,0,31,5518,0,STEADY,754,3.68412,2.64735,0.121592,0.228117,0.564987,0,0,30,0,0,1,0,141,0,0,0,321,e617ab48,0
299,19,5,0,1,2150000299,1,2,1,2493,1,78,0,36,6389,0,STEADY,831,3.37748,2.5056,0.101739,0.239471,0.583634,0,0,33,1,0,1,1,141,54,0,10,530,e617ab48,0
300,20,6,1,1,2150000300,0,3,0,787,1,0,55,14,2626,0,STEADY,263,4.63098,3.26441,0.203167,0.441065,0.380228,22,7,11,1,0,1,1,76,102,0,7,14,e617ab48,0
300,20,6,1,1,2150000300,1,3,0,626,1,0,59,12,2230,0,STEADY,209,4.46049,3.28557,0.243541,0.502392,0.205742,73,30,10,1,0,1,0,72,102,0,6,0,e617ab48,0
301,21,7,2,1,2150000301,0,0,1,1375,1,10,0,21,3149,0,STEADY,459,2.53563,2.82714,0.119074,0.00653595,0.769063,74,41,6,12,1,0,2,100,114,0,0,38,e617ab48,0
301,21,7,2,1,2150000301,1,0,0,1292,1,0,15,18,2810,0,STEADY,431,2.51373,4.13172,0.127601,0.00696056,0.698376,187,126,5,10,1,0,2,85,124,0,0,27,e617ab48,0
302,22,8,3,1,2150000302,0,1,0,817,1,0,92,10,2487,0,STEADY,273,3.99302,2.23749,0.198905,0.223443,0.003663,99,0,4,4,2,0,0,24,175,0,37,128,e617ab48,0
302,22,8,3,1,2150000302,1,1,0,772,1,0,75,11,2617,0,STEADY,258,3.85114,2.13965,0.196523,0.236434,0.0891473,95,17,0,4,2,1,4,41,175,0,8,107,e617ab48,0
303,23,9,4,1,2150000303,0,2,0,550,1,0,56,12,1792,0,STEADY,184,2.63928,2.0903,0.276853,0.125,0.190217,25,3,6,5,0,0,1,95,120,15,0,76,e617ab48,0
303,23,9,4,1,2150000303,1,2,1,1696,1,53,0,24,4158,0,STEADY,566,3.0091,5.46599,0.258687,0.159011,0.0565371,0,0,4,17,1,0,2,155,75,23,0,48,e617ab48,0
304,24,10,5,1,2150000304,0,3,0,837,1,0,109,11,2150,0,STEADY,279,4.97905,3.49766,0.373419,0.301075,0.329749,83,28,3,2,1,3,2,15,125,0,20,0,e617ab48,0
304,24,10,5,1,2150000304,1,3,1,1018,1,58,0,18,2870,0,STEADY,340,3.03354,2.53143,0.240926,0.3,0.208824,0,0,12,2,2,2,0,124,67,0,8,198,e617ab48,0
305,25,11,0,1,2150000305,0,0,0,1570,1,0,49,15,3254,0,STEADY,524,2.68935,6.48801,0.216395,0.173664,0.019084,306,5,1,9,2,0,3,104,104,0,24,86,e617ab48,0
305,25,11,0,1,2150000305,1,0,0,1117,1,0,99,10,2195,0,STEADY,373,2.787,7.28153,0.201708,0.115282,0.0536193,208,17,0,6,3,0,1,18,104,0,24,3,e617ab48,0
306,26,12,1,1,2150000306,0,1,1,490,1,63,0,11,1802,0,STEADY,164,2.82489,2.40709,0.303024,0.146341,0.22561,0,0,5,2,0,2,2,111,45,0,0,89,e617ab48,0
306,26,12,1,1,2150000306,1,1,1,475,1,9,0,12,1800,0,STEADY,159,2.28363,3.37446,0.248063,0.0754717,0.0628931,50,2,7,2,0,1,2,111,99,0,0,9,e617ab48,0
307,27,13,2,1,2150000307,0,2,0,1306,1,0,70,19,3437,0,STEADY,436,5.44869,3.0466,0.187342,0.233945,0.298165,245,101,17,0,0,0,2,34,145,0,0,354,e617ab48,0
307,27,13,2,1,2150000307,1,2,0,627,1,0,81,12,2255,0,STEADY,209,6.31018,2.41731,0.299794,0.263158,0.38756,86,59,9,1,1,0,1,23,145,0,0,272,e617ab48,0
308,28,14,3,1,2150000308,0,3,1,360,1,89,0,7,1430,0,STEADY,120,5.01108,3.34189,0.5245,0.458333,0.158333,0,0,3,3,0,0,1,113,22,0,0,0,e617ab48,0
308,28,14,3,1,2150000308,1,3,0,621,1,0,17,11,2191,0,STEADY,207,3.82528,2.88394,0.294251,0.410628,0.241546,38,22,2,7,1,1,0,96,111,0,0,28,e617ab48,0
309,29,15,4,1,2150000309,0,0,1,1189,1,2,0,21,3637,0,STEADY,397,2.67139,5.26316,0.177655,0.324937,0.070529,217,26,11,2,6,1,1,118,100,0,0,46,e617ab48,0
309,29,15,4,1,2150000309,1,0,0,820,1,0,4,17,2650,0,STEADY,274,2.84953,1.85564,0.195423,0.310219,0.145985,54,19,11,2,2,1,1,114,102,0,18,111,e617ab48,0
310,30,16,5,1,2150000310,0,1,1,2172,1,73,0,51,5310,0,STEADY,724,2.01797,2.25546,0.138717,0.051105,0.120166,0,0,48,3,0,0,0,115,52,0,0,252,e617ab48,0
310,30,16,5,1,2150000310,1,1,1,1086,1,73,0,26,2909,0,STEADY,362,3.9722,6.95275,0.205102,0.0662983,0.0276243,0,0,23,2,0,1,0,115,52,0,0,0,e617ab48,0
311,31,17,0,1,2150000311,0,2,0,839,1,0,48,11,2085,0,STEADY,280,2.91156,4.30491,0.239693,0.164286,0.325,68,38,2,5,0,2,2,56,132,0,12,12,e617ab48,0
311,31,17,0,1,2150000311,1,2,0,1253,1,0,45,16,2895,0,STEADY,418,2.99439,6.88806,0.205232,0.215311,0.473684,171,87,5,7,1,1,2,95,141,9,12,39,e617ab48,0
312,32,18,1,1,2150000312,0,3,0,939,1,0,44,17,3163,0,STEADY,313,2.10238,1.65924,0.147971,0.0447284,0.230032,142,55,13,0,1,1,2,85,121,0,0,55,e617ab48,0
312,32,18,1,1,2150000312,1,3,1,1013,1,17,0,18,3385,0,STEADY,338,2.35113,1.70042,0.123547,0.0828402,0.156805,96,37,15,1,1,1,0,129,104,0,0,37,e617ab48,0
313,33,19,2,1,2150000313,0,0,1,1567,1,122,0,26,4419,0,STEADY,523,3.97914,6.79518,0.197231,0.0497132,0.120459,0,0,20,1,4,0,1,132,30,0,0,39,e617ab48,0
313,33,19,2,1,2150000313,1,0,1,646,1,120,0,14,2178,0,STEADY,216,2.7747,1.66367,0.227356,0.101852,0.125,0,0,3,2,8,0,1,132,32,0,0,76,e617ab48,0
314,34,20,3,1,2150000314,0,1,0,1291,1,0,65,22,3719,0,STEADY,431,4.43294,2.31441,0.216995,0.519722,0.150812,60,5,3,17,0,0,2,37,140,0,0,319,e617ab48,0
314,34,20,3,1,2150000314,1,1,0,781,1,0,36,14,2345,0,STEADY,261,4.11236,2.19109,0.27849,0.452107,0.091954,173,24,4,9,1,0,0,42,140,0,0,296,e617ab48,0
315,35,21,4,1,2150000315,0,2,0,1765,1,0,4,22,3936,0,STEADY,589,3.27201,5.33915,0.147735,0.0254669,0.0237691,20,2,14,4,0,3,1,120,119,18,10,48,e617ab48,0
315,35,21,4,1,2150000315,1,2,0,1828,1,0,20,27,4428,0,STEADY,610,3.28567,4.2219,0.117107,0.0344262,0.106557,33,12,14,10,0,2,1,104,110,9,0,374,e617ab48,0
316,36,22,5,1,2150000316,0,3,0,805,1,0,133,15,2620,0,STEADY,269,4.83918,3.24794,0.258052,0.263941,0.104089,75,24,1,14,0,0,0,42,93,0,0,0,e617ab48,0
316,36,22,5,1,2150000316,1,3,0,1417,1,0,73,19,3501,0,STEADY,473,2.43081,3.08479,0.15986,0.147992,0.179704,272,61,2,17,0,0,0,102,93,0,0,97,e617ab48,0
317,37,23,0,1,2150000317,0,0,0,1648,1,0,59,26,4632,0,STEADY,550,2.88225,3.14077,0.123671,0.04,0.532727,76,27,23,0,2,0,1,68,150,0,0,148,e617ab48,0
317,37,23,0,1,2150000317,1,0,0,1436,1,0,56,22,3923,0,STEADY,479,2.78938,2.17599,0.134787,0.0542797,0.559499,67,34,19,0,2,0,1,70,150,0,0,188,e617ab48,0
318,38,24,1,1,2150000318,0,1,0,1255,1,0,1,21,3775,0,STEADY,419,5.2447,3.4223,0.203021,0.558473,0.295943,86,35,10,9,1,0,1,124,104,0,0,11,e617ab48,0
318,38,24,1,1,2150000318,1,1,1,1328,1,74,0,21,3751,0,STEADY,443,3.56502,3.30913,0.167589,0.494357,0.404063,0,0,10,9,0,0,2,125,30,0,0,205,e617ab48,0
319,39,25,2,1,2150000319,0,2,1,661,1,57,0,13,2221,0,STEADY,221,2.8682,1.66203,0.263814,0.208145,0.117647,0,0,7,1,1,3,1,104,57,0,25,98,e617ab48,0
319,39,25,2,1,2150000319,1,2,1,1244,1,35,0,21,3957,0,STEADY,415,3.07521,3.70103,0.175586,0.298795,0.183133,0,0,8,3,1,8,1,104,79,0,8,34,e617ab48,0
320,0,33,4,1,2150000320,0,0,0,1786,1,0,91,25,3873,0,STEADY,596,3.27261,5.71652,0.145779,0.0687919,0.385906,85,29,14,8,0,0,3,61,113,0,0,51,e617ab48,0
320,0,33,4,1,2150000320,1,0,0,1210,1,0,47,23,3339,0,STEADY,404,2.95624,3.1201,0.142277,0.113861,0.178218,232,19,14,7,1,0,1,105,113,0,0,82,e617ab48,0
321,1,34,5,1,2150000321,0,1,0,2476,1,0,140,1,200,0,STEADY,826,17.2544,12.8774,0.994188,0.737288,0.236077,90,0,0,0,0,1,0,0,136,0,0,0,e617ab48,0
321,1,34,5,1,2150000321,1,1,0,1093,1,0,32,16,2497,0,STEADY,365,5.32911,4.05746,0.473063,0.345205,0.161644,61,5,7,6,0,3,0,108,136,0,79,13,e617ab48,0
322,2,35,0,1,2150000322,0,2,1,1183,1,80,0,17,3342,0,STEADY,395,4.96514,4.35636,0.162003,0.298734,0.260759,0,0,4,12,0,0,1,110,14,0,0,126,e617ab48,0
322,2,35,0,1,2150000322,1,2,0,2026,1,0,33,25,5114,0,STEADY,676,4.58771,6.08891,0.137747,0.35503,0.439349,39,16,9,15,0,0,1,68,94,0,0,0,e617ab48,0
323,3,36,1,1,2150000323,0,3,0,864,1,0,64,13,2406,0,STEADY,288,2.70668,1.84731,0.208358,0.152778,0.15625,75,31,11,1,0,1,0,29,106,0,9,8,e617ab48,0
323,3,36,1,1,2150000323,1,3,0,1801,1,0,32,22,4166,0,STEADY,601,1.863,1.87145,0.118067,0.123128,0.0865225,226,33,19,0,0,1,2,61,106,0,15,0,e617ab48,0
324,4,37,2,1,2150000324,0,0,0,2141,1,0,19,31,5122,0,STEADY,714,3.78026,4.56175,0.195811,0.260504,0.323529,70,17,12,17,1,0,1,131,123,0,0,99,e617ab48,0
324,4,37,2,1,2150000324,1,0,0,1361,1,0,57,23,3773,0,STEADY,454,3.84043,2.24429,0.18478,0.321586,0.343612,95,25,6,15,0,1,1,93,136,13,0,268,e617ab48,0
325,5,38,3,1,2150000325,0,1,1,2296,1,42,0,26,4412,0,STEADY,766,2.64067,4.70674,0.144849,0.253264,0.0718016,553,44,15,2,1,5,3,104,99,0,57,54,e617ab48,0
325,5,38,3,1,2150000325,1,1,1,742,1,19,0,13,2176,0,STEADY,248,3.18616,3.30954,0.343411,0.326613,0.225806,82,29,8,2,1,2,0,104,122,0,16,82,e617ab48,0
326,6,39,4,1,2150000326,0,2,1,1448,1,113,0,23,4183,0,STEADY,483,3.51898,2.99434,0.130675,0.0414079,0.312629,0,0,20,1,1,1,0,114,18,0,0,218,e617ab48,0
326,6,39,4,1,2150000326,1,2,1,1454,1,83,0,23,4075,0,STEADY,485,2.97947,4.48484,0.125031,0.00206186,0.105155,0,0,21,0,1,0,1,114,48,0,0,13,e617ab48,0
327,7,0,5,1,2150000327,0,3,0,460,1,0,113,8,1638,0,STEADY,154,3.79765,2.56979,0.285519,0.227273,0.175325,52,6,1,5,0,2,0,0,100,0,0,58,e617ab48,0
327,7,0,5,1,2150000327,1,3,0,838,1,0,53,13,2173,0,STEADY,280,2.51025,3.33502,0.192014,0.0964286,0.0714286,67,10,7,4,1,1,0,60,100,0,0,0,e617ab48,0
328,8,1,0,1,2150000328,0,0,1,2392,1,25,0,36,5305,0,STEADY,798,3.12887,3.03905,0.11069,0.105263,0.607769,96,55,14,1,20,0,1,136,91,0,0,321,e617ab48,0
328,8,1,0,1,2150000328,1,0,0,1108,1,0,28,20,3298,0,STEADY,370,3.11444,2.34804,0.199443,0.186486,0.443243,44,18,11,1,6,1,1,114,116,0,10,97,e617ab48,0
329,9,2,1,1,2150000329,0,1,1,2029,1,17,0,29,5821,0,STEADY,677,3.22352,7.14964,0.167579,0.110783,0.161004,123,27,13,9,0,3,4,94,144,12,0,10,e617ab48,0
329,9,2,1,1,2150000329,1,1,0,2700,3,24,22,36,6896,0,STEADY,900,3.55855,5.98348,0.205908,0.0544444,0.22,58,18,15,15,0,2,4,72,141,16,0,85,e617ab48,0
330,10,3,2,1,2150000330,0,2,1,736,1,121,0,13,2301,0,STEADY,246,2.95557,3.9972,0.182102,0.0487805,0.142276,0,0,10,2,0,0,1,103,3,0,0,20,e617ab48,0
330,10,3,2,1,2150000330,1,2,1,808,1,102,0,16,2861,0,STEADY,270,2.99823,4.65021,0.179648,0.0666667,0.133333,0,0,13,2,1,0,0,106,22,0,0,8,e617ab48,0
331,11,4,3,1,2150000331,0,3,0,976,1,0,21,19,2815,0,STEADY,326,2.73325,2.71819,0.175595,0.119632,0.276074,50,24,14,1,1,1,2,102,117,0,2,78,e617ab48,0
331,11,4,3,1,2150000331,1,3,0,859,1,0,72,15,2816,0,STEADY,287,3.89159,1.99252,0.276885,0.341463,0.198606,92,38,5,4,0,3,3,51,141,24,20,147,e617ab48,0
332,12,5,4,1,2150000332,0,0,0,484,1,0,106,11,1830,0,STEADY,162,3.20615,1.7591,0.286778,0.290123,0.222222,12,2,6,1,2,1,1,35,111,0,0,74,e617ab48,0
332,12,5,4,1,2150000332,1,0,1,1684,1,93,0,23,3843,0,STEADY,562,2.94261,4.17481,0.123641,0.163701,0.119217,0,0,14,1,6,2,0,141,18,0,0,0,e617ab48,0
333,13,6,5,1,2150000333,0,1,0,620,1,0,131,13,2400,0,STEADY,207,6.06034,4.66803,0.166082,0.652174,0.275362,46,11,10,1,1,1,0,0,104,0,0,0,e617ab48,0
333,13,6,5,1,2150000333,1,1,0,790,1,0,131,16,2910,0,STEADY,264,5.04735,6.75074,0.145227,0.469697,0.121212,37,0,13,1,1,1,0,0,104,0,0,0,e617ab48,0
334,14,7,0,1,2150000334,0,2,1,1041,1,20,0,12,2284,0,STEADY,347,1.54528,8.08377,0.455084,0.123919,0.0979827,18,7,1,4,1,2,4,100,93,0,17,0,e617ab48,0
334,14,7,0,1,2150000334,1,2,0,1297,1,0,18,17,3317,0,STEADY,433,1.45322,9.42169,0.348912,0.168591,0.145497,95,44,0,5,1,2,9,82,113,0,17,0,e617ab48,0
335,15,8,1,1,2150000335,0,3,0,766,1,0,102,12,2084,0,STEADY,256,3.83407,2.01153,0.229477,0.300781,0.0546875,66,0,3,7,1,1,0,14,145,27,9,224,e617ab48,0
335,15,8,1,1,2150000335,1,3,0,431,1,0,94,10,1690,0,STEADY,144,4.139,2.19038,0.288972,0.333333,0.201389,19,4,2,5,0,1,2,22,118,0,10,0,e617ab48,0
336,16,9,2,1,2150000336,0,0,1,814,1,92,0,13,2485,0,STEADY,272,3.07025,4.03196,0.178478,0.0477941,0.180147,0,0,10,1,1,0,1,149,23,0,0,40,e617ab48,0
336,16,9,2,1,2150000336,1,0,1,1140,1,51,0,16,3179,0,STEADY,380,3.34576,6.27688,0.151397,0.0657895,0.173684,0,0,13,1,0,1,1,159,64,0,0,0,e617ab48,0
337,17,10,3,1,2150000337,0,1,1,1019,1,61,0,11,2517,0,STEADY,340,3.36719,7.42263,0.392965,0.170588,0.0470588,0,0,1,2,0,4,4,124,67,24,0,23,e617ab48,0
337,17,10,3,1,2150000337,1,1,0,1026,1,0,124,9,2294,0,STEADY,342,3.65544,7.58619,0.369295,0.0847953,0.00292398,209,1,0,0,1,3,5,0,127,12,0,0,e617ab48,0
338,18,11,4,1,2150000338,0,2,0,1345,1,0,99,24,3570,0,STEADY,449,2.81663,1.3703,0.144439,0.151448,0.420935,148,66,19,2,0,0,3,54,129,0,0,191,e617ab48,0
338,18,11,4,1,2150000338,1,2,0,1024,1,0,41,18,2914,0,STEADY,342,2.90033,1.87555,0.207789,0.143275,0.295322,33,14,13,4,0,0,1,88,129,0,0,167,e617ab48,0
339,19,12,5,1,2150000339,0,3,0,605,1,0,87,12,2270,0,STEADY,202,5.10411,4.65947,0.239921,0.405941,0.212871,52,15,8,1,1,1,1,24,132,0,0,0,e617ab48,0
339,19,12,5,1,2150000339,1,3,0,1025,1,0,96,15,2878,0,STEADY,342,4.89725,3.98195,0.248971,0.181287,0.540936,224,173,8,0,0,1,6,15,132,0,0,0,e617ab48,0
340,20,13,0,1,2150000340,0,0,1,1305,1,66,0,15,3589,0,STEADY,435,6.45204,5.53197,0.299349,0.222989,0.103448,0,0,6,5,0,3,1,104,36,0,17,83,e617ab48,0
340,20,13,0,1,2150000340,1,0,0,868,1,0,86,14,2834,0,STEADY,290,6.11308,2.5174,0.249986,0.265517,0.341379,56,34,9,2,0,2,1,18,102,0,36,374,e617ab48,0
341,21,14,1,1,2150000341,0,1,0,774,1,0,8,16,2244,0,STEADY,258,2.5631,2.68041,0.191496,0.0155039,0.620155,68,43,4,11,1,0,0,105,124,0,0,48,e617ab48,0
341,21,14,1,1,2150000341,1,1,0,1005,1,0,37,17,2440,0,STEADY,335,2.48031,6.9194,0.188555,0.0119403,0.686567,42,33,4,12,1,0,0,76,124,0,0,0,e617ab48,0
342,22,15,2,1,2150000342,0,2,1,1945,1,163,0,23,5360,0,STEADY,649,2.5068,3.93815,0.152381,0.0939908,0.174114,0,0,5,6,7,0,5,118,12,0,9,19,e617ab48,0
342,22,15,2,1,2150000342,1,2,1,1312,1,133,0,23,5010,0,STEADY,438,2.47955,1.84429,0.163587,0.139269,0.257991,0,0,7,3,7,0,6,120,42,0,61,171,e617ab48,0
343,23,16,3,1,2150000343,0,3,1,1243,1,60,0,22,3056,0,STEADY,415,2.37389,1.81536,0.188689,0.0481928,0.0409639,0,0,16,4,0,0,2,115,61,16,0,70,e617ab48,0
343,23,16,3,1,2150000343,1,3,1,937,1,30,0,16,2403,0,STEADY,313,2.5874,2.0546,0.222121,0.0734824,0.086262,48,0,10,4,1,0,1,115,93,18,0,48,e617ab48,0
344,24,17,4,1,2150000344,0,0,0,529,1,0,28,10,1712,0,STEADY,177,2.92835,2.50528,0.247746,0.333333,0.141243,38,0,5,2,0,1,2,68,125,0,0,40,e617ab48,0
344,24,17,4,1,2150000344,1,0,0,565,1,0,76,8,1564,0,STEADY,189,3.22343,3.5114,0.237942,0.222222,0.195767,60,9,3,2,0,1,2,30,125,0,0,28,e617ab48,0
345,25,18,5,1,2150000345,0,1,0,1866,1,0,83,18,3538,0,STEADY,622,3.36156,6.22433,0.209825,0.18328,0.106109,341,28,3,10,3,0,2,46,104,0,0,49,e617ab48,0
345,25,18,5,1,2150000345,1,1,0,749,1,0,97,14,2332,0,STEADY,250,4.28675,1.62992,0.309264,0.5,0.056,43,9,4,7,2,1,0,32,104,0,24,305,e617ab48,0
346,26,19,0,1,2150000346,0,2,0,2013,1,0,20,29,5256,0,STEADY,671,3.69027,6.45648,0.261501,0.166915,0.14158,344,52,2,19,0,0,8,112,108,0,0,107,e617ab48,0
346,26,19,0,1,2150000346,1,2,0,1814,1,0,92,30,4869,0,STEADY,605,2.86583,2.00007,0.146575,0.102479,0.289256,68,20,9,18,1,0,2,40,108,0,0,192,e617ab48,0
347,27,20,1,1,2150000347,0,3,1,1647,1,67,0,28,4971,0,STEADY,549,4.70088,3.25146,0.186587,0.355191,0.318761,0,0,26,2,0,0,0,98,78,0,0,143,e617ab48,0
347,27,20,1,1,2150000347,1,3,1,935,1,80,0,17,2964,0,STEADY,312,4.73909,2.69341,0.233436,0.304487,0.378205,0,0,15,0,0,0,2,94,65,0,0,32,e617ab48,0
348,28,21,2,1,2150000348,0,0,1,660,1,73,0,12,2310,0,STEADY,220,3.94224,2.18493,0.224323,0.372727,0.395455,0,0,2,8,1,0,1,124,38,0,0,86,e617ab48,0
348,28,21,2,1,2150000348,1,0,1,1250,1,75,0,21,3773,0,STEADY,417,4.03982,5.22447,0.142233,0.376499,0.41247,0,0,2,17,0,0,2,124,36,0,0,0,e617ab48,0
349,29,22,3,1,2150000349,0,1,0,1252,1,0,91,24,3680,0,STEADY,418,3.02644,3.82809,0.182031,0.344498,0.198565,201,24,16,2,3,1,2,84,102,0,0,221,e617ab48,0
349,29,22,3,1,2150000349,1,1,0,1069,1,0,67,22,3329,0,STEADY,357,3.26714,1.72252,0.195451,0.478992,0.128852,92,1,15,2,3,0,2,108,102,0,0,154,e617ab48,0
350,30,23,4,1,2150000350,0,2,0,956,1,0,62,21,2532,0,STEADY,319,2.70826,6.02719,0.180088,0.0626959,0.0376176,153,7,18,2,0,0,1,52,125,0,0,18,e617ab48,0
350,30,23,4,1,2150000350,1,2,1,850,1,72,0,21,2481,0,STEADY,284,2.78943,5.15626,0.19531,0.0598592,0.0176056,0,0,18,2,0,0,1,109,53,0,0,5,e617ab48,0
351,31,24,5,1,2150000351,0,3,1,1405,2,77,115,27,3668,0,STEADY,469,4.97637,1.96877,0.237597,0.678038,0.104478,0,0,20,6,0,0,1,10,55,0,0,600,e617ab48,0
351,31,24,5,1,2150000351,1,3,1,790,2,115,125,16,2501,0,STEADY,264,5.86347,2.15308,0.295742,0.647727,0.0530303,0,0,8,6,1,1,0,0,17,0,0,600,e617ab48,0
352,32,25,0,1,2150000352,0,0,1,784,1,59,0,14,2682,0,STEADY,262,2.94958,2.16864,0.159137,0.171756,0.259542,0,0,11,0,2,1,0,104,62,0,0,212,e617ab48,0
352,32,25,0,1,2150000352,1,0,1,907,1,75,0,17,3084,0,STEADY,303,2.82881,1.89834,0.159102,0.0792079,0.353135,0,0,15,0,1,1,0,104,46,0,0,116,e617ab48,0
353,33,26,1,1,2150000353,0,1,1,1780,1,40,0,33,4531,0,STEADY,594,2.74801,2.17274,0.110813,0.0606061,0.240741,212,68,3,2,27,0,1,108,112,0,0,101,e617ab48,0
353,33,26,1,1,2150000353,1,1,1,1948,1,58,0,40,5310,0,STEADY,650,2.49756,1.3179,0.0992492,0.0507692,0.367692,47,20,3,2,34,1,0,108,94,0,0,99,e617ab48,0
354,34,27,2,1,2150000354,0,2,1,2458,1,38,0,30,5139,0,STEADY,820,3.27336,5.20441,0.113305,0.212195,0.0768293,235,20,12,16,0,1,1,145,102,0,0,78,e617ab48,0
354,34,27,2,1,2150000354,1,2,1,1537,1,72,0,28,4105,0,STEADY,513,3.10749,1.98687,0.137113,0.350877,0.0916179,0,0,17,9,0,0,2,145,68,0,0,223,e617ab48,0
355,35,28,3,1,2150000355,0,3,0,271,1,0,67,8,1340,0,STEADY,91,4.76992,2.88096,0.402626,0.0989011,0,22,0,4,2,1,1,0,44,101,0,10,97,e617ab48,0
355,35,28,3,1,2150000355,1,3,0,276,1,0,95,8,1340,0,STEADY,92,5.02014,2.81806,0.41025,0.108696,0.0326087,22,3,4,2,1,1,0,16,101,0,10,103,e617ab48,0
356,36,29,4,1,2150000356,0,0,1,2189,1,14,0,40,6970,0,STEADY,730,3.12608,1.20079,0.120177,0.563014,0.252055,1,0,2,37,0,0,1,102,79,0,0,153,e617ab48,0
356,36,29,4,1,2150000356,1,0,0,497,1,0,68,9,1704,0,STEADY,166,3.4649,2.47742,0.288325,0.277108,0.108434,40,4,2,7,0,0,0,34,93,0,0,78,e617ab48,0
357,37,30,5,1,2150000357,0,1,0,2700,3,95,6,39,6881,0,STEADY,900,2.63063,5.84918,0.134651,0.0511111,0.193333,0,0,37,0,1,0,1,119,55,0,0,0,e617ab48,0
357,37,30,5,1,2150000357,1,1,1,1586,1,43,0,23,4109,0,STEADY,529,3.41971,5.83905,0.162885,0.0321361,0.128544,272,34,21,0,1,0,1,125,107,0,0,0,e617ab48,0
358,38,31,0,1,2150000358,0,2,1,1279,1,14,0,19,3564,0,STEADY,427,4.41508,2.87862,0.158562,0.447307,0.370023,140,41,10,7,0,1,1,132,90,0,0,313,e617ab48,0
358,38,31,0,1,2150000358,1,2,1,493,1,59,0,11,1992,0,STEADY,165,5.15392,3.45338,0.367309,0.727273,0.175758,0,0,6,4,0,1,0,141,45,0,0,0,e617ab48,0
359,39,32,1,1,2150000359,0,3,1,844,1,11,0,16,2580,0,STEADY,282,2.64178,1.45672,0.220862,0.12766,0.187943,47,23,10,1,1,3,1,121,103,0,10,5,e617ab48,0
359,39,32,1,1,2150000359,1,3,0,672,1,0,53,14,2280,0,STEADY,224,2.81438,1.93224,0.244781,0.165179,0.1875,64,21,8,2,1,2,1,68,114,0,1,7,e617ab48,0
360,0,0,3,1,2150000360,0,1,0,838,1,0,24,16,2449,0,STEADY,280,3.72253,2.16708,0.231568,0.153571,0.242857,62,23,9,5,0,1,1,89,113,0,0,198,e617ab48,0
360,0,0,3,1,2150000360,1,1,0,1211,1,0,68,20,3007,0,STEADY,404,3.335,2.49413,0.175453,0.131188,0.222772,264,73,11,8,0,1,0,45,113,0,0,161,e617ab48,0
361,1,1,4,1,2150000361,0,2,1,871,1,82,0,18,2646,0,STEADY,291,3.51164,1.69242,0.235684,0.457045,0.116838,0,0,11,3,0,2,2,136,54,0,90,140,e617ab48,0
361,1,1,4,1,2150000361,1,2,0,1522,1,0,28,33,4376,0,STEADY,508,2.68387,1.06622,0.119341,0.870079,0,240,0,27,3,0,2,1,108,136,0,342,42,e617ab48,0
362,2,2,5,1,2150000362,0,3,0,521,1,0,94,6,1489,0,STEADY,174,6.3016,5.32094,0.201086,0.321839,0.172414,28,1,2,2,1,0,1,0,94,0,0,0,e617ab48,0
362,2,2,5,1,2150000362,1,3,0,801,1,0,4,10,2191,0,STEADY,267,4.02452,4.40165,0.156723,0.220974,0.0374532,141,10,2,7,1,0,0,90,94,0,0,0,e617ab48,0
363,3,3,0,1,2150000363,0,0,0,1359,1,0,34,19,3476,0,STEADY,453,2.63714,3.17206,0.147205,0.216336,0.0794702,57,5,17,1,0,1,0,69,106,0,11,188,e617ab48,0
363,3,3,0,1,2150000363,1,0,0,1391,1,0,59,20,3685,0,STEADY,464,2.60701,7.69679,0.134308,0.237069,0.0344828,41,10,18,0,0,1,1,44,106,0,0,26,e617ab48,0
364,4,4,1,1,2150000364,0,1,1,1075,1,47,0,23,3255,0,STEADY,359,3.61972,1.95821,0.200618,0.278552,0.228412,14,0,15,6,0,1,1,123,81,5,0,164,e617ab48,0
364,4,4,1,1,2150000364,1,1,0,1687,1,0,61,26,4452,0,STEADY,563,3.74309,5.48559,0.154808,0.246892,0.294849,403,120,5,18,0,1,2,62,123,0,0,130,e617ab48,0
365,5,5,2,1,2150000365,0,2,0,1675,1,0,107,12,2592,0,STEADY,559,2.41625,8.22061,0.134848,0.132379,0.134168,169,48,6,2,2,2,0,34,141,0,18,9,e617ab48,0
365,5,5,2,1,2150000365,1,2,0,1783,1,0,75,13,2868,0,STEADY,595,2.16027,3.18743,0.139262,0.173109,0.0907563,148,31,7,2,2,2,0,66,141,0,4,56,e617ab48,0
366,6,6,3,1,2150000366,0,3,1,1167,1,30,0,20,3624,0,STEADY,389,2.17118,1.46493,0.149589,0.0359897,0.100257,124,3,17,1,1,0,1,131,101,0,0,28,e617ab48,0
366,6,6,3,1,2150000366,1,3,0,1630,1,0,2,27,4783,0,STEADY,544,2.33666,1.86682,0.124814,0.0477941,0.0919118,104,3,24,0,1,1,1,129,131,0,0,0,e617ab48,0
367,7,7,4,1,2150000367,0,0,0,466,1,0,50,7,1366,0,STEADY,156,2.53649,1.74388,0.218205,0.115385,0.0512821,39,2,2,3,0,1,1,50,100,0,0,24,e617ab48,0
367,7,7,4,1,2150000367,1,0,0,808,1,0,10,11,2137,0,STEADY,270,1.87846,3.99764,0.162148,0.144444,0.00740741,162,0,2,7,0,1,1,90,100,0,0,0,e617ab48,0
368,8,8,5,1,2150000368,0,1,0,1084,1,0,107,22,3370,0,STEADY,362,5.65105,3.61544,0.254022,0.350829,0.190608,34,0,13,1,8,0,0,9,116,0,10,19,e617ab48,0
368,8,8,5,1,2150000368,1,1,0,1251,1,0,50,23,3497,0,STEADY,417,4.24805,4.72156,0.199384,0.227818,0.342926,206,118,10,1,11,1,0,66,116,0,10,14,e617ab48,0
369,9,9,0,1,2150000369,0,2,0,2700,3,23,50,30,6437,0,STEADY,900,3.28589,5.00193,0.22067,0.01,0.23,58,14,17,9,1,0,3,123,156,30,0,28,e617ab48,0
369,9,9,0,1,2150000369,1,2,0,2308,1,0,39,24,5345,0,STEADY,770,3.09872,3.86401,0.164158,0.0194805,0.237662,160,61,11,6,1,1,5,128,187,38,0,197,e617ab48,0
370,10,10,1,1,2150000370,0,3,0,446,1,0,96,10,1840,0,STEADY,149,3.59354,2.13528,0.280617,0.201342,0.308725,78,27,7,2,1,0,0,28,124,0,0,0,e617ab48,0
370,10,10,1,1,2150000370,1,3,0,939,1,0,40,16,2911,0,STEADY,313,2.50808,1.96324,0.149783,0.111821,0.162939,79,31,13,1,1,0,1,84,124,0,0,0,e617ab48,0
371,11,11,2,1,2150000371,0,0,1,1693,1,76,0,26,4651,0,STEADY,565,2.93157,5.15271,0.164386,0.152212,0.0743363,0,0,13,7,0,5,1,141,83,42,20,92,e617ab48,0
371,11,11,2,1,2150000371,1,0,1,1876,1,43,0,25,4736,0,STEADY,626,2.88362,5.96515,0.147358,0.13738,0.119808,4,0,11,6,1,5,2,165,104,30,10,9,e617ab48,0
372,12,12,3,1,2150000372,0,1,0,421,1,0,18,10,1710,0,STEADY,141,3.81913,3.59287,0.315943,0.347518,0.212766,23,8,5,1,2,1,1,93,111,0,0,51,e617ab48,0
372,12,12,3,1,2150000372,1,1,0,352,1,0,24,9,1590,0,STEADY,118,4.25505,3.23194,0.364593,0.398305,0.0847458,44,1,4,1,2,1,1,87,111,0,0,0,e617ab48,0
373,13,13,4,1,2150000373,0,2,0,619,1,0,104,9,1767,0,STEADY,207,6.24791,5.46165,0.265918,0.304348,0.111111,29,1,6,1,2,0,0,0,104,0,0,9,e617ab48,0
373,13,13,4,1,2150000373,1,2,0,739,1,0,80,10,2052,0,STEADY,247,5.85145,4.3113,0.252599,0.275304,0,152,0,7,1,2,0,0,24,104,0,0,71,e617ab48,0
374,14,14,5,1,2150000374,0,3,1,820,1,9,0,14,2271,0,STEADY,274,3.32119,2.44454,0.381953,0.0948905,0.240876,34,12,2,6,2,2,2,113,104,0,0,148,e617ab48,0
374,14,14,5,1,2150000374,1,3,1,552,1,91,0,12,1844,0,STEADY,184,2.59557,3.28269,0.310054,0.0597826,0.157609,0,0,3,5,2,1,1,113,22,0,0,14,e617ab48,0
375,15,15,0,1,2150000375,0,0,0,1573,1,0,34,14,2789,0,STEADY,525,2.45559,5.75149,0.140998,0.198095,0.0647619,120,8,2,11,0,1,0,84,118,0,0,94,e617ab48,0
375,15,15,0,1,2150000375,1,0,0,1316,1,0,38,12,2416,0,STEADY,439,2.37652,5.12305,0.139854,0.179954,0.047836,265,4,3,7,0,1,1,80,118,0,0,37,e617ab48,0
376,16,16,1,1,2150000376,0,1,1,627,1,54,0,12,2410,0,STEADY,209,2.97572,1.77104,0.205383,0.0430622,0.105263,0,0,9,2,0,1,0,115,61,0,0,126,e617ab48,0
376,16,16,1,1,2150000376,1,1,1,1363,1,11,0,17,3545,0,STEADY,455,3.71677,7.83837,0.140655,0.101099,0.140659,251,49,14,2,0,1,0,115,104,0,0,48,e617ab48,0
377,17,17,2,1,2150000377,0,2,1,271,1,28,0,7,1280,0,STEADY,91,3.24659,2.31809,0.536582,0.296703,0.10989,3,3,2,2,0,2,1,108,78,6,0,35,e617ab48,0
377,17,17,2,1,2150000377,1,2,0,316,1,0,47,7,1266,0,STEADY,106,3.12022,1.99699,0.400226,0.188679,0.198113,25,9,2,1,0,2,2,73,118,12,0,17,e617ab48,0
378,18,18,3,1,2150000378,0,3,0,854,1,0,87,15,2140,0,STEADY,285,4.63553,3.20443,0.192835,0.0350877,0.487719,107,70,13,1,0,0,1,42,129,0,0,179,e617ab48,0
378,18,18,3,1,2150000378,1,3,0,660,1,0,87,14,2200,0,STEADY,220,3.58473,2.95269,0.247191,0.109091,0.186364,84,12,10,2,0,0,2,42,129,0,0,0,e617ab48,0
379,19,19,4,1,2150000379,0,0,0,2127,1,0,38,34,5951,0,STEADY,709,3.88696,3.01875,0.122904,0.390691,0.238364,121,30,32,1,0,1,0,94,132,0,3,356,e617ab48,0
379,19,19,4,1,2150000379,1,0,0,1835,1,0,57,25,4503,0,STEADY,612,4.41453,4.92634,0.197801,0.254902,0.333333,84,52,21,0,0,3,1,75,132,0,23,15,e617ab48,0
380,20,20,5,1,2150000380,0,1,0,1945,1,0,83,32,6166,0,STEADY,649,6.02989,3.25178,0.214672,0.528505,0.231125,128,31,24,3,1,4,0,19,102,0,0,208,e617ab48,0
380,20,20,5,1,2150000380,1,1,0,511,1,0,74,9,1844,0,STEADY,171,6.86612,3.1982,0.441573,0.432749,0.0584795,31,9,6,1,1,1,0,28,102,0,4,119,e617ab48,0
381,21,21,0,1,2150000381,0,2,0,2142,1,0,46,23,3994,0,STEADY,714,3.1935,5.56326,0.132385,0.0140056,0.112045,121,47,11,10,1,0,1,78,124,0,0,47,e617ab48,0
381,21,21,0,1,2150000381,1,2,0,1901,1,0,31,17,3261,0,STEADY,634,3.23546,6.04315,0.116869,0,0.0646688,58,8,11,4,0,0,2,93,124,0,0,0,e617ab48,0
382,22,22,1,1,2150000382,0,3,1,2569,1,55,0,38,8264,0,STEADY,857,2.44998,1.83913,0.134632,0.166861,0.323221,233,85,15,4,11,0,8,175,120,0,24,56,e617ab48,0
382,22,22,1,1,2150000382,1,3,0,2700,3,1,31,40,8767,0,STEADY,900,2.57259,1.81949,0.13378,0.19,0.306667,364,136,18,4,12,1,5,144,174,0,54,6,e617ab48,0
383,23,23,2,1,2150000383,0,0,1,1336,1,60,0,15,2606,0,STEADY,446,2.44302,3.63789,0.151711,0.0762332,0.00896861,0,0,7,6,1,0,1,115,62,17,0,6,e617ab48,0
383,23,23,2,1,2150000383,1,0,1,1435,1,24,0,17,2930,0,STEADY,479,2.37254,3.59708,0.143781,0.0897704,0.0250522,49,0,7,8,1,0,1,119,100,19,0,16,e617ab48,0
384,24,24,3,1,2150000384,0,1,0,755,1,0,18,15,2400,0,STEADY,252,3.72041,1.56401,0.296175,0.34127,0.25,51,20,9,2,1,1,2,107,125,0,10,141,e617ab48,0
384,24,24,3,1,2150000384,1,1,1,1519,1,23,0,29,4258,0,STEADY,507,3.23964,3.26895,0.163314,0.431953,0.169625,31,0,22,3,1,2,1,125,102,0,0,247,e617ab48,0
385,25,25,4,1,2150000385,0,2,1,398,1,45,0,10,1583,0,STEADY,133,4.03791,1.10368,0.367684,0.616541,0.0827068,0,0,4,4,1,1,0,104,59,0,24,136,e617ab48,0
385,25,25,4,1,2150000385,1,2,0,566,1,0,66,13,2007,0,STEADY,189,3.53638,1.39163,0.295889,0.597884,0.0687831,52,8,5,7,1,0,0,38,104,0,14,97,e617ab48,0
386,26,26,5,1,2150000386,0,3,1,832,1,64,0,19,2730,0,STEADY,278,2.86959,2.61758,0.248698,0.205036,0.107914,0,0,12,5,1,0,1,108,44,0,0,38,e617ab48,0
386,26,26,5,1,2150000386,1,3,1,1012,1,44,0,23,3090,0,STEADY,338,2.69606,2.17053,0.192432,0.121302,0.263314,0,0,17,5,0,0,1,108,64,0,0,95,e617ab48,0
387,27,27,0,1,2150000387,0,0,0,2537,1,0,26,34,6140,0,STEADY,846,3.84426,3.54631,0.122401,0.20331,0.317967,263,134,32,2,0,0,0,119,145,0,0,271,e617ab48,0
387,27,27,0,1,2150000387,1,0,0,1926,1,0,60,27,4961,0,STEADY,642,5.01936,4.22663,0.164754,0.23053,0.239875,168,67,23,1,0,0,3,85,145,0,0,100,e617ab48,0
388,28,28,1,1,2150000388,0,1,0,508,1,0,6,10,1940,0,STEADY,170,6.57113,2.7875,0.378488,0.347059,0.141176,73,24,3,6,0,0,1,101,111,0,0,158,e617ab48,0
388,28,28,1,1,2150000388,1,1,0,240,1,0,21,5,1060,0,STEADY,80,9.07099,3.66936,0.692137,0.4375,0.0625,29,0,3,2,0,0,0,74,111,0,0,0,e617ab48,0
389,29,29,2,1,2150000389,0,2,1,2083,1,40,0,43,5760,0,STEADY,695,3.08482,1.79719,0.105247,0.408633,0.326619,192,56,37,2,2,1,1,102,62,0,0,193,e617ab48,0
389,29,29,2,1,2150000389,1,2,1,2470,1,35,0,50,6641,0,STEADY,824,3.06971,1.94187,0.0980619,0.425971,0.32767,15,8,44,1,3,1,1,102,67,0,0,368,e617ab48,0
390,30,30,3,1,2150000390,0,3,0,1098,1,0,34,22,2822,0,STEADY,366,2.86519,2.02017,0.172178,0.10929,0.057377,172,13,18,3,0,1,0,91,125,0,20,13,e617ab48,0
390,30,30,3,1,2150000390,1,3,1,1444,1,34,0,32,3598,0,STEADY,482,2.06818,1.80336,0.14456,0.0373444,0.0954357,66,16,28,2,0,0,2,125,91,0,0,67,e617ab48,0
391,31,31,4,1,2150000391,0,0,0,1054,1,0,6,22,3250,0,STEADY,352,3.40697,2.0761,0.161997,0.502841,0.122159,40,8,13,6,1,0,2,135,141,9,0,185,e617ab48,0
391,31,31,4,1,2150000391,1,0,0,748,1,0,54,16,2600,0,STEADY,250,4.53144,2.45359,0.286912,0.584,0.124,37,9,5,9,1,0,1,87,141,9,0,209,e617ab48,0
392,32,32,5,1,2150000392,0,1,1,2700,3,18,2,38,6797,0,STEADY,900,1.7971,2.26155,0.103242,0.0566667,0.1,402,45,35,0,2,1,0,119,103,0,0,228,e617ab48,0
392,32,32,5,1,2150000392,1,1,1,1199,1,20,0,22,4010,0,STEADY,400,3.59177,8.49642,0.116432,0.0875,0.0675,126,0,19,0,2,1,0,121,101,0,0,0,e617ab48,0
393,33,33,0,1,2150000393,0,2,0,1321,1,0,7,17,3095,0,STEADY,441,2.49414,5.85204,0.13783,0.0408163,0.0702948,268,11,10,2,4,0,1,145,152,0,0,2,e617ab48,0
393,33,33,0,1,2150000393,1,2,1,1507,1,66,0,20,3655,0,STEADY,503,2.435,7.39196,0.120654,0,0.0437376,0,0,14,1,3,0,2,152,86,0,0,0,e617ab48,0
394,34,34,1,1,2150000394,0,3,1,475,1,8,0,11,1794,0,STEADY,159,3.085,3.50157,0.361314,0.691824,0,32,0,5,4,1,1,0,140,132,0,0,70,e617ab48,0
394,34,34,1,1,2150000394,1,3,0,682,1,0,83,14,2148,0,STEADY,228,3.428,2.12879,0.304197,0.438596,0.140351,101,22,7,5,0,1,1,57,140,0,0,4,e617ab48,0
395,35,35,2,1,2150000395,0,0,1,2407,1,57,0,34,5515,0,STEADY,803,3.17849,4.64827,0.117217,0.0199253,0.0983811,0,0,14,15,0,4,1,110,44,0,8,19,e617ab48,0
395,35,35,2,1,2150000395,1,0,1,1963,1,69,0,28,4742,0,STEADY,655,3.61553,4.73155,0.14487,0.0335878,0.148092,0,0,15,9,0,3,1,110,32,0,0,56,e617ab48,0
396,36,36,3,1,2150000396,0,1,0,718,1,0,57,12,2233,0,STEADY,240,4.24261,2.22271,0.246525,0.3,0.254167,70,19,2,10,0,0,0,36,93,0,0,71,e617ab48,0
396,36,36,3,1,2150000396,1,1,0,650,1,0,33,11,2061,0,STEADY,217,3.96299,2.16949,0.267963,0.253456,0.331797,121,54,2,9,0,0,0,60,93,0,0,82,e617ab48,0
397,37,37,4,1,2150000397,0,2,1,1746,1,68,0,30,5352,0,STEADY,582,4.05818,5.14782,0.166634,0.146048,0.175258,0,0,27,1,2,0,0,150,82,0,0,0,e617ab48,0
397,37,37,4,1,2150000397,1,2,0,1283,1,0,81,24,4290,0,STEADY,428,3.13148,1.33597,0.169544,0.172897,0.380841,58,21,21,0,2,1,0,69,150,0,0,353,e617ab48,0
398,38,38,5,1,2150000398,0,3,0,727,1,0,104,14,2533,0,STEADY,243,6.2466,2.90995,0.425531,0.539095,0.148148,19,0,7,5,0,1,1,0,104,0,0,116,e617ab48,0
398,38,38,5,1,2150000398,1,3,1,565,1,4,0,11,2051,0,STEADY,189,6.21176,4.58318,0.443873,0.412698,0.126984,49,14,6,3,0,1,1,104,100,0,0,21,e617ab48,0
399,39,39,0,1,2150000399,0,0,1,1981,1,54,0,21,4286,0,STEADY,661,2.69729,3.19578,0.15056,0.0832073,0.242057,0,0,8,2,1,7,3,114,60,0,0,212,e617ab48,0
399,39,39,0,1,2150000399,1,0,1,2110,1,99,0,27,5520,0,STEADY,704,2.87002,3.02222,0.17925,0.167614,0.201705,0,0,8,4,2,11,2,114,15,0,0,119,e617ab48,0
400,0,7,2,1,2150000400,0,2,0,1603,1,0,26,17,3229,0,STEADY,535,2.65617,4.99657,0.165536,0.0803738,0.459813,402,177,5,7,1,1,3,74,113,0,0,0,e617ab48,0
400,0,7,2,1,2150000400,1,2,0,979,1,0,79,13,2126,0,STEADY,327,2.79525,5.04267,0.164899,0.030581,0.577982,155,77,7,3,0,0,3,21,113,0,0,0,e617ab48,0
401,1,8,3,1,2150000401,0,3,0,640,1,0,26,13,2005,0,STEADY,214,4.4539,3.04909,0.32714,0.453271,0.0700935,59,8,6,4,0,1,2,90,136,0,22,0,e617ab48,0
401,1,8,3,1,2150000401,1,3,1,796,1,30,0,14,2305,0,STEADY,266,3.63531,2.33514,0.249538,0.421053,0.0451128,80,5,7,4,1,2,0,116,109,3,104,0,e617ab48,0
402,2,9,4,1,2150000402,0,0,1,1340,1,76,0,24,4320,0,STEADY,447,4.20446,2.78275,0.15087,0.536913,0.185682,0,0,3,20,0,0,1,161,18,0,0,187,e617ab48,0
402,2,9,4,1,2150000402,1,0,1,1081,1,94,0,15,2933,0,STEADY,361,4.38408,6.73979,0.165152,0.32964,0.570637,0,0,3,11,0,0,1,149,0,0,0,0,e617ab48,0
403,3,10,5,1,2150000403,0,1,0,931,2,106,124,11,1870,0,STEADY,311,12.6249,12.1554,0.766087,0.62701,0.324759,0,0,11,0,0,0,0,0,0,0,0,0,e617ab48,0
403,3,10,5,1,2150000403,1,1,0,1324,1,0,113,23,4052,0,STEADY,442,4.29466,5.87516,0.20962,0.348416,0.081448,241,4,20,1,0,1,1,11,106,0,15,0,e617ab48,0
404,4,11,0,1,2150000404,0,2,0,1907,1,0,112,25,4583,0,STEADY,636,3.37577,2.91178,0.16955,0.176101,0.330189,72,34,4,18,1,0,2,42,123,0,0,141,e617ab48,0
404,4,11,0,1,2150000404,1,2,0,2152,1,0,87,26,4718,0,STEADY,718,3.06074,4.26634,0.19257,0.182451,0.144847,120,33,6,17,0,0,3,78,123,0,0,96,e617ab48,0
405,5,12,1,1,2150000405,0,3,0,1105,1,0,83,17,2680,0,STEADY,369,2.57943,1.96887,0.141117,0.403794,0.0406504,112,7,11,1,1,3,1,28,141,0,65,30,e617ab48,0
405,5,12,1,1,2150000405,1,3,0,901,1,0,72,9,1737,0,STEADY,301,2.3558,2.38394,0.174983,0.232558,0.0265781,128,3,5,1,1,2,0,39,141,0,43,0,e617ab48,0
406,6,13,2,1,2150000406,0,0,1,651,1,62,0,10,2046,0,STEADY,217,4.58788,8.24156,0.217295,0.0138249,0.133641,0,0,8,1,1,0,0,104,69,0,0,11,e617ab48,0
406,6,13,2,1,2150000406,1,0,1,1589,1,42,0,24,4394,0,STEADY,530,5.06359,6.98872,0.120538,0.0169811,0.167925,54,20,21,1,1,0,1,104,89,0,0,54,e617ab48,0
407,7,14,3,1,2150000407,0,1,0,468,1,0,93,7,1476,0,STEADY,156,3.07437,4.1812,0.225609,0.115385,0.025641,23,0,1,3,0,1,2,20,100,0,0,0,e617ab48,0
407,7,14,3,1,2150000407,1,1,0,498,1,0,64,7,1430,0,STEADY,166,2.72312,3.58563,0.231392,0.144578,0.0301205,51,3,2,3,1,1,0,49,100,0,0,0,e617ab48,0
408,8,15,4,1,2150000408,0,2,1,670,1,44,0,13,2056,0,STEADY,224,3.50187,2.53777,0.224621,0.1875,0.1875,1,0,5,1,6,1,0,118,72,0,0,86,e617ab48,0
408,8,15,4,1,2150000408,1,2,1,769,1,68,0,16,2519,0,STEADY,257,3.75648,1.82748,0.211623,0.276265,0.249027,0,0,7,1,7,1,0,136,48,0,0,254,e617ab48,0
409,9,16,5,1,2150000409,0,3,1,532,1,78,0,10,1808,0,STEADY,178,3.4612,2.63682,0.356264,0.0842697,0.247191,0,0,3,5,1,0,1,115,71,0,0,70,e617ab48,0
409,9,16,5,1,2150000409,1,3,1,847,1,26,0,15,2483,0,STEADY,283,3.66208,5.53789,0.230131,0.04947,0.0706714,111,10,3,9,1,0,2,115,131,8,0,38,e617ab48,0
410,10,17,0,1,2150000410,0,0,0,643,1,0,60,9,1814,0,STEADY,215,3.19478,4.06091,0.211298,0.0697674,0.348837,42,12,6,1,1,0,1,36,124,0,0,52,e617ab48,0
410,10,17,0,1,2150000410,1,0,1,1322,1,76,0,17,3150,0,STEADY,441,2.82597,7.1529,0.145503,0.0589569,0.512472,0,0,14,2,1,0,0,136,48,0,0,41,e617ab48,0
411,11,18,1,1,2150000411,0,1,1,1975,1,89,0,24,4521,0,STEADY,659,2.6855,7.83192,0.133094,0.101669,0.0804249,0,0,10,4,0,6,4,129,90,62,16,30,e617ab48,0
411,11,18,1,1,2150000411,1,1,1,1804,1,53,0,22,4542,0,STEADY,602,2.60563,6.74278,0.226786,0.174419,0.0465116,85,0,7,8,0,6,1,129,136,72,18,21,e617ab48,0
412,12,19,2,1,2150000412,0,2,1,902,1,49,0,13,2686,0,STEADY,301,3.86781,3.76704,0.225159,0.289037,0.179402,0,0,3,2,5,2,1,132,62,0,0,90,e617ab48,0
412,12,19,2,1,2150000412,1,2,1,1798,1,49,0,20,3341,0,STEADY,600,2.56115,3.52941,0.116568,0.0583333,0.201667,0,0,13,1,4,0,2,132,62,0,0,129,e617ab48,0
413,13,20,3,1,2150000413,0,3,1,1987,1,33,0,32,5643,0,STEADY,663,6.11862,5.53863,0.125006,0.414781,0.337858,37,15,29,1,2,0,0,82,71,0,0,0,e617ab48,0
413,13,20,3,1,2150000413,1,3,1,988,1,15,0,19,3370,0,STEADY,330,4.73217,2.5293,0.171482,0.421212,0.124242,192,41,16,1,2,0,0,98,89,0,0,0,e617ab48,0
414,14,21,4,1,2150000414,0,0,0,982,1,0,36,13,2210,0,STEADY,328,2.37513,5.99347,0.201128,0.0213415,0.0304878,169,5,0,8,1,2,2,88,113,0,34,56,e617ab48,0
414,14,21,4,1,2150000414,1,0,1,1080,1,13,0,17,2754,0,STEADY,360,2.56164,7.1353,0.280475,0.0361111,0.0527778,162,16,0,10,2,2,3,124,100,0,17,0,e617ab48,0
415,15,22,5,1,2150000415,0,1,0,1435,1,0,111,24,3900,0,STEADY,479,7.14652,5.02755,0.485967,0.352818,0.354906,102,22,6,14,0,3,1,64,118,0,0,18,e617ab48,0
415,15,22,5,1,2150000415,1,1,0,609,1,0,127,13,1915,0,STEADY,203,4.08678,4.17446,0.300246,0.463054,0.0738916,84,6,8,3,0,1,1,48,118,0,0,15,e617ab48,0
416,16,23,0,1,2150000416,0,2,1,1062,1,65,0,17,3157,0,STEADY,354,2.92352,6.60193,0.149989,0.0338983,0.257062,0,0,14,1,1,0,1,113,50,0,0,0,e617ab48,0
416,16,23,0,1,2150000416,1,2,0,1143,1,0,77,12,2524,0,STEADY,381,2.81605,6.62331,0.164005,0.0262467,0.167979,170,35,9,2,0,0,1,44,115,0,0,0,e617ab48,0
417,17,24,1,1,2150000417,0,3,1,421,1,24,0,10,1541,0,STEADY,141,3.03634,2.17571,0.47283,0.255319,0.304965,27,13,5,2,0,3,0,125,82,18,0,56,e617ab48,0
417,17,24,1,1,2150000417,1,3,1,980,1,44,0,12,2198,0,STEADY,327,2.45449,2.03907,0.226963,0.125382,0.131498,118,0,5,2,0,4,1,125,68,24,0,56,e617ab48,0
418,18,25,2,1,2150000418,0,0,1,1173,1,68,0,21,3054,0,STEADY,391,3.19973,3.09454,0.174685,0.14578,0.480818,0,0,18,2,0,0,1,104,61,0,0,184,e617ab48,0
418,18,25,2,1,2150000418,1,0,1,659,1,68,0,14,2300,0,STEADY,220,3.53326,2.4303,0.2949,0.177273,0.413636,0,0,10,4,0,0,0,104,61,0,0,80,e617ab48,0
419,19,26,3,1,2150000419,0,1,0,1174,1,0,93,22,3870,0,STEADY,392,3.95952,2.50296,0.18138,0.581633,0.15051,58,2,19,1,0,1,1,15,132,0,0,258,e617ab48,0
419,19,26,3,1,2150000419,1,1,0,1696,1,0,78,30,5230,0,STEADY,566,3.82263,2.77987,0.146417,0.431095,0.19258,197,30,27,1,0,1,1,30,132,0,16,267,e617ab48,0
420,20,27,4,1,2150000420,0,2,0,849,1,0,70,14,2746,0,STEADY,283,5.17602,2.47979,0.228809,0.420495,0.371025,97,81,10,1,1,1,1,75,102,0,22,359,e617ab48,0
420,20,27,4,1,2150000420,1,2,0,2192,1,0,17,27,5458,0,STEADY,731,4.44657,4.013,0.192598,0.216142,0.175103,69,17,17,2,0,4,4,128,102,0,3,350,e617ab48,0
421,21,28,5,1,2150000421,0,3,1,574,1,113,0,13,1991,0,STEADY,192,2.96767,4.60924,0.276193,0.015625,0.114583,0,0,3,7,1,0,2,111,11,0,0,0,e617ab48,0
421,21,28,5,1,2150000421,1,3,1,514,1,117,0,12,1790,0,STEADY,172,2.9277,4.64513,0.302,0.0174419,0.0174419,0,0,3,7,1,0,1,111,7,0,0,0,e617ab48,0
422,22,29,0,1,2150000422,0,0,0,2395,1,0,51,33,7405,0,STEADY,799,2.5877,1.90333,0.139512,0.156446,0.423029,181,93,10,6,9,0,8,51,175,0,26,189,e617ab48,0
422,22,29,0,1,2150000422,1,0,0,2700,3,100,23,34,8214,0,STEADY,900,2.90641,3.57611,0.164564,0.178889,0.182222,0,0,8,12,12,0,2,79,75,0,21,80,e617ab48,0
423,23,30,1,1,2150000423,0,1,1,1612,1,69,0,19,3256,0,STEADY,538,2.82613,6.31552,0.144617,0.10223,0,0,0,6,11,0,0,2,125,55,19,0,19,e617ab48,0
423,23,30,1,1,2150000423,1,1,1,1636,1,71,0,21,3507,0,STEADY,546,2.70253,3.65272,0.141971,0.0915751,0,0,0,8,10,0,0,3,125,55,21,0,10,e617ab48,0
424,24,31,2,1,2150000424,0,2,0,528,1,0,72,11,1740,0,STEADY,176,3.32275,1.48749,0.249949,0.323864,0.375,65,34,7,1,1,1,1,69,125,0,20,153,e617ab48,0
424,24,31,2,1,2150000424,1,2,0,1290,1,0,64,23,3524,0,STEADY,430,3.24697,1.8183,0.148021,0.318605,0.167442,159,37,16,3,1,2,1,77,125,0,40,260,e617ab48,0
425,25,32,3,1,2150000425,0,3,0,692,1,0,107,10,1882,0,STEADY,231,3.33533,1.80171,0.315766,0.251082,0.0822511,85,16,1,6,1,0,2,14,104,0,0,80,e617ab48,0
425,25,32,3,1,2150000425,1,3,0,688,1,0,65,13,2333,0,STEADY,230,4.09422,2.25047,0.300717,0.465217,0.0956522,45,20,0,10,2,0,1,56,104,0,28,83,e617ab48,0
426,26,33,4,1,2150000426,0,0,0,1054,1,0,93,19,2994,0,STEADY,352,2.96015,3.3958,0.146898,0.184659,0.173295,39,3,7,10,0,0,2,59,108,0,0,136,e617ab48,0
426,26,33,4,1,2150000426,1,0,1,1309,1,69,0,27,3900,0,STEADY,437,2.81503,4.39215,0.132087,0.162471,0.180778,0,0,15,10,0,0,2,152,39,0,0,2,e617ab48,0
427,27,34,5,1,2150000427,0,1,0,1500,1,0,89,27,4720,0,STEADY,500,6.96114,4.18562,0.286242,0.506,0.352,103,43,24,1,0,0,2,51,145,0,0,64,e617ab48,0
427,27,34,5,1,2150000427,1,1,0,1114,1,0,140,20,3400,0,STEADY,372,6.72205,2.69958,0.588409,0.508065,0.22043,133,39,20,0,0,0,0,0,145,0,0,252,e617ab48,0
428,28,35,0,1,2150000428,0,2,1,931,1,25,0,16,2964,0,STEADY,311,3.89822,2.01525,0.197592,0.385852,0.344051,144,66,3,12,0,0,1,119,86,0,0,241,e617ab48,0
428,28,35,0,1,2150000428,1,2,1,1218,1,41,0,22,3990,0,STEADY,406,4.73672,2.55642,0.159323,0.448276,0.17734,13,6,3,18,0,0,1,110,70,0,0,247,e617ab48,0
429,29,36,1,1,2150000429,0,3,0,644,1,0,49,13,2040,0,STEADY,215,3.62138,2.56397,0.255656,0.311628,0.260465,101,26,8,1,2,0,2,44,102,0,25,39,e617ab48,0
429,29,36,1,1,2150000429,1,3,0,669,1,0,37,13,2281,0,STEADY,223,3.83961,1.83188,0.2527,0.38565,0.269058,82,26,6,3,3,1,0,56,102,0,56,0,e617ab48,0
430,30,37,2,1,2150000430,0,0,1,1881,1,26,0,43,4621,0,STEADY,627,2.73442,1.85941,0.125598,0.0526316,0.282297,202,28,40,3,0,0,0,150,99,0,0,216,e617ab48,0
430,30,37,2,1,2150000430,1,0,1,1884,1,18,0,41,4392,0,STEADY,628,3.47815,3.36777,0.109854,0.0509554,0.313694,118,23,37,2,0,1,1,150,107,0,0,231,e617ab48,0
431,31,38,3,1,2150000431,0,1,0,740,1,0,47,12,2094,0,STEADY,247,4.40968,3.12589,0.373291,0.307692,0.121457,73,6,4,4,0,1,3,57,132,0,12,174,e617ab48,0
431,31,38,3,1,2150000431,1,1,0,1291,1,0,70,27,3702,0,STEADY,431,3.86469,1.99266,0.227499,0.50348,0.162413,44,0,19,6,0,0,2,34,132,0,0,203,e617ab48,0
432,32,39,4,1,2150000432,0,2,1,1000,1,88,0,18,3280,0,STEADY,334,3.10111,5.02391,0.125024,0.0658683,0.293413,0,0,15,0,1,1,1,114,33,0,0,18,e617ab48,0
432,32,39,4,1,2150000432,1,2,0,1433,1,0,12,22,4005,0,STEADY,478,1.83307,1.85629,0.119487,0.0334728,0.125523,262,33,19,0,1,1,1,102,121,0,0,93,e617ab48,0
433,33,0,5,1,2150000433,0,3,1,755,2,76,99,16,2410,0,STEADY,252,4.62343,1.59477,0.238508,0.218254,0.349206,0,0,5,2,9,0,0,14,76,0,0,600,e617ab48,0
433,33,0,5,1,2150000433,1,3,0,690,1,0,49,13,2106,0,STEADY,230,4.1931,2.21794,0.288048,0.121739,0.304348,42,13,6,2,5,0,0,64,152,0,0,390,e617ab48,0
434,34,1,0,1,2150000434,0,0,0,625,1,0,33,13,1988,0,STEADY,209,3.21395,2.47418,0.264818,0.315789,0.301435,51,23,7,4,0,1,1,103,140,0,0,138,e617ab48,0
434,34,1,0,1,2150000434,1,0,0,730,1,0,35,15,2282,0,STEADY,244,3.67478,2.20374,0.319213,0.418033,0.315574,78,35,8,6,0,1,0,101,140,0,0,121,e617ab48,0
435,35,2,1,1,2150000435,0,1,0,1081,1,0,22,16,2872,0,STEADY,361,3.96974,8.83383,0.213188,0.0747922,0.144044,237,32,10,2,0,2,2,72,119,18,7,24,e617ab48,0
435,35,2,1,1,2150000435,1,1,0,2057,1,0,66,33,5696,0,STEADY,686,4.22684,7.96423,0.143468,0.0845481,0.131195,181,68,25,3,0,3,2,28,128,27,18,37,e617ab48,0
436,36,3,2,1,2150000436,0,2,1,762,1,12,0,14,2520,0,STEADY,254,3.79118,2.56837,0.192756,0.173228,0.30315,88,16,2,12,0,0,0,106,81,0,0,106,e617ab48,0
436,36,3,2,1,2150000436,1,2,0,941,1,0,18,16,2937,0,STEADY,314,3.07163,2.14753,0.148898,0.210191,0.27707,112,28,2,13,0,0,1,88,93,0,0,99,e617ab48,0
437,37,4,3,1,2150000437,0,3,0,746,1,0,123,16,2820,0,STEADY,249,5.95322,1.78056,0.376518,0.522088,0.168675,84,19,14,0,1,0,1,0,150,0,0,509,e617ab48,0
437,37,4,3,1,2150000437,1,3,1,713,2,11,123,15,2690,0,STEADY,238,5.73846,1.20097,0.284735,0.693277,0.0672269,68,0,13,0,2,0,0,0,139,0,0,600,e617ab48,0
438,38,5,4,1,2150000438,0,0,1,1093,1,4,0,13,2600,0,STEADY,365,3.33083,4.08225,0.225099,0.331507,0.205479,152,17,6,5,1,0,1,141,100,0,0,158,e617ab48,0
438,38,5,4,1,2150000438,1,0,1,826,1,55,0,15,2687,0,STEADY,276,3.93598,3.26919,0.277551,0.51087,0.289855,0,0,7,5,1,0,2,141,49,0,0,12,e617ab48,0
439,39,6,5,1,2150000439,0,1,1,1255,1,4,0,22,3745,0,STEADY,419,3.30076,2.15063,0.270444,0.350835,0.307876,182,92,11,3,1,4,3,131,110,0,49,247,e617ab48,0
439,39,6,5,1,2150000439,1,1,1,859,1,12,0,16,2685,0,STEADY,287,3.21123,2.59513,0.260355,0.324042,0.233449,55,9,9,2,1,3,1,131,102,0,35,132,e617ab48,0
440,0,14,1,1,2150000440,0,3,1,706,1,14,0,14,2169,0,STEADY,236,2.63104,2.65495,0.204483,0.144068,0.224576,47,0,8,4,0,1,1,113,99,0,0,0,e617ab48,0
440,0,14,1,1,2150000440,1,3,0,516,1,0,67,10,1632,0,STEADY,172,2.92291,2.1025,0.23318,0.139535,0.313953,29,1,5,3,0,1,1,46,113,0,0,0,e617ab48,0
441,1,15,2,1,2150000441,0,0,1,1033,1,54,0,18,2594,0,STEADY,345,2.6141,1.45861,0.15753,0.333333,0.150725,15,0,13,3,0,1,1,118,82,0,56,98,e617ab48,0
441,1,15,2,1,2150000441,1,0,1,787,1,80,0,16,2374,0,STEADY,263,3.14097,3.33324,0.207034,0.387833,0,0,0,9,5,0,1,1,129,56,0,11,0,e617ab48,0
442,2,16,3,1,2150000442,0,1,1,838,1,11,0,14,2694,0,STEADY,280,5.38295,3.61039,0.278243,0.464286,0.153571,64,10,4,9,0,0,1,115,83,0,0,199,e617ab48,0
442,2,16,3,1,2150000442,1,1,1,845,1,41,0,15,2833,0,STEADY,282,5.43335,3.91932,0.225996,0.475177,0.241135,0,0,3,11,0,0,1,115,53,0,0,131,e617ab48,0
443,3,17,4,1,2150000443,0,2,0,492,1,0,58,11,1973,0,STEADY,164,3.57227,4.15569,0.293622,0.353659,0.231707,80,12,9,1,0,1,0,44,106,0,15,0,e617ab48,0
443,3,17,4,1,2150000443,1,2,0,799,1,0,71,12,2192,0,STEADY,267,2.86621,4.18451,0.192745,0.23221,0.104869,166,4,10,1,0,1,0,33,106,0,15,0,e617ab48,0
444,4,18,5,1,2150000444,0,3,0,557,1,0,53,13,2170,0,STEADY,186,5.8186,3.56263,0.480129,0.586022,0.112903,39,1,4,6,1,1,1,76,123,0,0,19,e617ab48,0
444,4,18,5,1,2150000444,1,3,0,792,1,0,72,17,2609,0,STEADY,264,4.12841,3.18006,0.289186,0.465909,0.0492424,116,11,10,4,1,1,1,57,123,0,0,267,e617ab48,0
445,5,19,0,1,2150000445,0,0,1,1321,1,110,0,24,3396,0,STEADY,441,2.66138,2.04235,0.158626,0.376417,0.1678,0,0,20,1,1,2,0,132,31,0,24,147,e617ab48,0
445,5,19,0,1,2150000445,1,0,1,2599,1,103,0,28,5471,0,STEADY,867,2.8844,5.62604,0.173962,0.161476,0.0576701,0,0,12,4,1,9,2,132,38,0,31,111,e617ab48,0
446,6,20,1,1,2150000446,0,1,1,1284,1,82,0,22,3887,0,STEADY,428,2.7294,2.66043,0.146229,0.0140187,0.11215,0,0,20,0,1,0,1,102,49,0,0,132,e617ab48,0
446,6,20,1,1,2150000446,1,1,1,828,1,88,0,14,2613,0,STEADY,276,2.01088,6.06397,0.1915,0.0144928,0,0,0,12,1,1,0,0,86,43,0,0,32,e617ab48,0
447,7,21,2,1,2150000447,0,2,1,1540,1,58,0,22,3926,0,STEADY,514,3.54279,5.1686,0.139704,0.184825,0.0175097,0,0,1,19,1,1,0,124,42,0,0,0,e617ab48,0
447,7,21,2,1,2150000447,1,2,1,1960,1,79,0,25,4133,0,STEADY,654,3.03835,5.91065,0.101303,0.088685,0.0168196,0,0,9,13,0,1,2,124,21,0,0,29,e617ab48,0
448,8,22,3,1,2150000448,0,3,1,706,1,42,0,15,2179,0,STEADY,236,3.88696,2.98567,0.303492,0.190678,0.228814,17,10,4,1,9,0,1,175,74,0,0,0,e617ab48,0
448,8,22,3,1,2150000448,1,3,0,940,1,0,23,20,2872,0,STEADY,314,3.21662,3.38185,0.178761,0.191083,0.369427,82,29,3,1,14,1,1,152,116,0,10,0,e617ab48,0
449,9,23,4,1,2150000449,0,0,0,958,1,0,31,15,2411,0,STEADY,320,2.85767,3.83722,0.167306,0.021875,0.071875,85,0,2,10,1,0,2,98,153,4,0,72,e617ab48,0
449,9,23,4,1,2150000449,1,0,0,666,1,0,37,12,2035,0,STEADY,222,3.28697,3.60415,0.232955,0.045045,0.225225,62,15,3,7,1,0,1,93,155,6,0,120,e617ab48,0
450,10,24,5,1,2150000450,0,1,1,1452,1,45,0,21,3706,0,STEADY,484,3.09325,8.68605,0.149661,0.0826446,0.13843,127,9,19,2,0,0,0,125,79,0,0,24,e617ab48,0
450,10,24,5,1,2150000450,1,1,0,1474,1,0,13,26,4460,0,STEADY,492,2.19194,3.08365,0.134384,0.0345528,0.107724,175,12,24,2,0,0,0,112,124,0,0,147,e617ab48,0
451,11,25,0,1,2150000451,0,2,0,851,1,0,5,15,2435,0,STEADY,284,3.22997,2.50054,0.210993,0.105634,0.390845,111,44,10,3,1,1,0,99,117,0,10,102,e617ab48,0
451,11,25,0,1,2150000451,1,2,1,934,1,38,0,15,2687,0,STEADY,312,3.00551,2.26202,0.191984,0.198718,0.205128,13,10,8,4,1,2,0,104,103,24,10,213,e617ab48,0
452,12,26,1,1,2150000452,0,3,0,637,1,0,108,6,1462,0,STEADY,213,2.87449,2.48753,0.168291,0.0375587,0.0328638,82,0,1,1,1,1,2,0,111,0,0,19,e617ab48,0
452,12,26,1,1,2150000452,1,3,0,967,1,0,108,10,1807,0,STEADY,323,2.74362,2.36072,0.113728,0.0557276,0.126935,55,0,6,1,1,0,2,0,111,0,0,0,e617ab48,0
453,13,27,2,1,2150000453,0,0,1,1239,1,2,0,22,3950,0,STEADY,413,5.1924,4.67356,0.153225,0.440678,0.210654,133,59,18,1,3,0,0,145,102,0,0,45,e617ab48,0
453,13,27,2,1,2150000453,1,0,0,306,1,0,117,8,1500,0,STEADY,102,6.94474,5.00643,0.393667,0.401961,0.22549,29,9,5,1,2,0,0,28,104,0,0,0,e617ab48,0
454,14,28,3,1,2150000454,0,1,1,799,1,60,0,15,2313,0,STEADY,267,2.99551,4.64068,0.332738,0.0599251,0.0224719,0,0,4,6,2,2,1,107,53,0,15,69,e617ab48,0
454,14,28,3,1,2150000454,1,1,1,835,1,64,0,14,2170,0,STEADY,279,1.95978,4.99588,0.192043,0.0179211,0.00358423,0,0,1,9,1,1,2,111,49,0,5,2,e617ab48,0
455,15,29,4,1,2150000455,0,2,0,1462,1,0,40,15,2659,0,STEADY,488,2.86749,2.21232,0.164367,0.241803,0.0737705,109,0,6,6,1,1,1,62,134,16,9,189,e617ab48,0
455,15,29,4,1,2150000455,1,2,0,892,1,0,10,19,2760,0,STEADY,298,3.18563,1.32675,0.229131,0.644295,0.0536913,68,5,10,8,0,1,0,92,118,0,24,91,e617ab48,0
456,16,30,5,1,2150000456,0,3,1,2700,3,102,12,44,7701,0,STEADY,900,1.8667,2.45688,0.104937,0.0533333,0.125556,0,0,41,3,0,0,0,113,13,0,0,72,e617ab48,0
456,16,30,5,1,2150000456,1,3,1,933,1,47,0,17,3085,0,STEADY,311,3.14577,3.70987,0.192386,0.0675241,0.186495,0,0,14,2,0,0,1,125,68,0,0,0,e617ab48,0
457,17,31,0,1,2150000457,0,0,1,326,1,56,0,7,1322,0,STEADY,109,3.66688,4.19678,0.618339,0.275229,0.0550459,0,0,2,2,0,3,0,141,62,18,0,9,e617ab48,0
457,17,31,0,1,2150000457,1,0,1,991,1,57,0,12,2339,0,STEADY,331,2.68356,5.17785,0.311876,0.135952,0.129909,0,0,4,2,0,4,2,132,53,18,0,11,e617ab48,0
458,18,32,1,1,2150000458,0,1,0,435,1,0,7,10,1795,0,STEADY,145,4.88169,2.57876,0.482097,0.186207,0.2,58,29,6,4,0,0,0,114,129,0,0,120,e617ab48,0
458,18,32,1,1,2150000458,1,1,0,811,1,0,97,15,2391,0,STEADY,271,3.98159,2.22697,0.242535,0.121771,0.369004,89,48,11,3,0,0,1,24,129,0,0,168,e617ab48,0
459,19,33,2,1,2150000459,0,2,0,1224,1,0,92,22,3910,0,STEADY,408,3.80918,2.46684,0.131061,0.428922,0.436275,59,30,19,2,0,1,0,60,132,0,22,162,e617ab48,0
459,19,33,2,1,2150000459,1,2,0,1725,1,0,2,30,5160,0,STEADY,575,3.31421,3.0517,0.108031,0.358261,0.252174,81,31,28,0,0,1,1,150,132,0,8,232,e617ab48,0
460,20,34,3,1,2150000460,0,3,0,997,2,7,129,15,3006,0,STEADY,333,5.68541,4.93995,0.25815,0.327327,0.414414,43,23,10,2,0,1,2,11,95,0,8,81,e617ab48,0
460,20,34,3,1,2150000460,1,3,0,671,1,0,93,10,2078,0,STEADY,224,6.06943,3.60291,0.484554,0.415179,0.21875,73,29,7,2,0,1,0,47,102,0,12,59,e617ab48,0
461,21,35,4,1,2150000461,0,0,1,1846,1,20,0,25,4065,0,STEADY,616,3.36071,6.02366,0.129193,0.00811688,0.0600649,60,16,15,9,0,0,1,101,104,0,0,38,e617ab48,0
461,21,35,4,1,2150000461,1,0,1,1663,1,92,0,21,3608,0,STEADY,555,3.60537,6.50232,0.137047,0.0108108,0.0666667,0,0,13,6,1,0,1,101,32,0,0,44,e617ab48,0
462,22,36,5,1,2150000462,0,1,0,886,2,175,93,10,2540,0,STEADY,296,10.223,7.60845,0.706294,0.435811,0.361486,0,0,0,6,2,0,2,0,0,0,0,0,e617ab48,0
462,22,36,5,1,2150000462,1,1,0,1895,1,0,45,29,6420,0,STEADY,632,3.11179,1.62769,0.173043,0.436709,0.139241,129,13,8,5,8,0,8,48,175,0,47,364,e617ab48,0
463,23,37,0,1,2150000463,0,2,0,2700,3,54,19,41,6654,0,STEADY,900,2.77155,5.7558,0.229097,0.162222,0.0344444,115,9,11,28,1,0,1,131,68,17,0,77,e617ab48,0
463,23,37,0,1,2150000463,1,2,1,2428,1,53,0,37,6151,0,STEADY,810,2.85016,6.35051,0.233764,0.140741,0.054321,0,0,9,25,1,0,2,150,70,18,0,32,e617ab48,0
464,24,38,1,1,2150000464,0,3,0,456,1,0,70,6,1313,0,STEADY,152,3.49799,2.56855,0.281079,0.184211,0.0263158,52,0,1,2,1,1,1,34,125,0,20,5,e617ab48,0
464,24,38,1,1,2150000464,1,3,0,389,1,0,74,7,1389,0,STEADY,130,4.2316,3.06952,0.369538,0.276923,0.153846,32,10,2,2,0,1,2,30,125,0,0,0,e617ab48,0
465,25,39,2,1,2150000465,0,0,1,1525,1,23,0,21,3543,0,STEADY,509,2.6763,2.1184,0.142662,0.29666,0.222004,306,75,9,8,2,1,1,114,81,0,0,102,e617ab48,0
465,25,39,2,1,2150000465,1,0,0,1814,1,0,64,15,3278,0,STEADY,605,2.60816,4.45561,0.164387,0.142149,0.0429752,52,18,2,6,4,0,3,50,104,0,0,0,e617ab48,0
466,26,0,3,1,2150000466,0,1,0,1822,1,0,56,27,4612,0,STEADY,608,3.06458,4.40265,0.206051,0.192434,0.210526,18,9,6,19,1,0,1,57,108,0,0,128,e617ab48,0
466,26,0,3,1,2150000466,1,1,0,607,1,0,52,8,1597,0,STEADY,203,3.41351,4.88628,0.285488,0.137931,0.0837438,84,9,2,4,1,1,0,61,108,0,0,28,e617ab48,0
467,27,1,4,1,2150000467,0,2,0,1471,1,0,18,23,4140,0,STEADY,491,3.79585,2.80009,0.175004,0.413442,0.293279,49,11,21,1,0,0,1,118,145,0,0,264,e617ab48,0
467,27,1,4,1,2150000467,1,2,1,1881,1,40,0,31,5390,0,STEADY,627,3.74478,2.2984,0.138472,0.411483,0.349282,1,0,29,1,0,0,1,136,105,0,0,307,e617ab48,0
468,28,2,5,1,2150000468,0,3,0,1327,1,0,94,22,4250,0,STEADY,443,8.29704,7.83077,0.185887,0.498871,0.318284,33,0,5,14,1,0,2,0,111,0,0,0,e617ab48,0
468,28,2,5,1,2150000468,1,3,0,421,1,0,75,8,1608,0,STEADY,141,6.47835,4.65496,0.416142,0.340426,0.0212766,20,0,3,4,0,0,1,19,111,0,0,0,e617ab48,0
469,29,3,0,1,2150000469,0,0,0,1618,1,0,15,21,3784,0,STEADY,540,2.89637,4.12246,0.15988,0.188889,0.161111,122,14,10,4,4,0,3,85,102,0,17,144,e617ab48,0
469,29,3,0,1,2150000469,1,0,0,1295,1,0,32,20,3541,0,STEADY,432,2.76292,3.89244,0.161405,0.233796,0.189815,52,15,10,2,6,0,2,71,102,0,36,90,e617ab48,0
470,30,4,1,1,2150000470,0,1,1,675,1,61,0,18,2214,0,STEADY,225,3.03107,2.53949,0.238973,0.04,0.0666667,0,0,15,2,0,0,1,136,64,0,0,102,e617ab48,0
470,30,4,1,1,2150000470,1,1,1,657,1,14,0,17,2251,0,STEADY,219,3.42506,2.19403,0.247594,0.164384,0.0136986,99,1,14,3,0,0,0,136,111,0,0,69,e617ab48,0
471,31,5,2,1,2150000471,0,2,0,1780,1,0,72,29,4292,0,STEADY,594,2.99743,1.75998,0.127072,0.262626,0.372054,137,55,18,9,1,0,1,69,141,9,0,184,e617ab48,0
471,31,5,2,1,2150000471,1,2,1,1876,1,5,0,27,4382,0,STEADY,626,2.92313,2.95111,0.14476,0.241214,0.313099,177,25,10,13,0,1,3,141,127,0,12,75,e617ab48,0
472,32,6,3,1,2150000472,0,3,0,794,1,0,29,16,2981,0,STEADY,265,3.34668,1.74871,0.149951,0.196226,0.2,125,31,13,0,2,1,0,102,121,0,0,6,e617ab48,0
472,32,6,3,1,2150000472,1,3,0,606,1,0,57,12,2330,0,STEADY,202,3.69779,1.84892,0.175257,0.227723,0.118812,71,1,9,1,1,1,0,74,121,0,0,48,e617ab48,0
473,33,7,4,1,2150000473,0,0,1,565,1,20,0,11,1857,0,STEADY,189,2.72801,4.23059,0.242894,0.100529,0.412698,36,18,4,2,4,0,1,100,132,0,0,5,e617ab48,0
473,33,7,4,1,2150000473,1,0,1,307,1,100,0,8,1400,0,STEADY,103,3.72094,1.87191,0.415553,0.203883,0.456311,0,0,4,2,2,0,0,100,52,0,0,101,e617ab48,0
474,34,8,5,1,2150000474,0,1,1,1148,2,20,116,23,3509,0,STEADY,383,5.86048,1.97578,0.245883,0.723238,0.0287206,129,0,9,14,0,0,0,0,120,0,0,600,e617ab48,0
474,34,8,5,1,2150000474,1,1,0,1084,1,0,59,20,2948,0,STEADY,362,3.81507,4.7562,0.190215,0.356354,0.0414365,121,4,13,5,0,1,1,57,140,0,0,13,e617ab48,0
475,35,9,0,1,2150000475,0,2,0,2114,1,0,92,25,4456,0,STEADY,705,3.37358,5.07922,0.121708,0.0312057,0.17305,36,15,17,5,1,1,1,77,101,0,10,41,e617ab48,0
475,35,9,0,1,2150000475,1,2,0,1732,1,0,113,24,4105,0,STEADY,578,3.7284,5.42663,0.192654,0.00519031,0.34083,14,0,20,2,0,1,1,44,101,0,10,2,e617ab48,0
476,36,10,1,1,2150000476,0,3,0,699,1,0,64,12,2184,0,STEADY,233,3.34569,2.24856,0.207506,0.180258,0.253219,90,30,1,10,0,0,1,60,93,0,0,0,e617ab48,0
476,36,10,1,1,2150000476,1,3,0,294,1,0,79,7,1330,0,STEADY,98,4.73919,2.67603,0.362214,0.22449,0.214286,28,10,2,5,0,0,0,45,93,0,0,0,e617ab48,0
477,37,11,2,1,2150000477,0,0,0,760,1,0,84,15,2791,0,STEADY,254,3.05886,1.9888,0.20063,0.129921,0.299213,53,19,12,1,2,0,0,57,150,0,0,140,e617ab48,0
477,37,11,2,1,2150000477,1,0,0,1531,1,0,83,27,4842,0,STEADY,511,2.50319,1.73123,0.129689,0.0919765,0.209393,208,45,24,1,2,0,0,70,150,0,0,91,e617ab48,0
478,38,12,3,1,2150000478,0,1,0,325,1,0,111,8,1432,0,STEADY,109,6.06857,5.90282,0.589055,0.66055,0.0733945,22,0,4,2,0,0,2,0,104,0,0,0,e617ab48,0
478,38,12,3,1,2150000478,1,1,0,707,1,0,30,14,2500,0,STEADY,236,4.13371,5.3977,0.30353,0.597458,0.224576,79,16,6,5,0,0,3,81,104,0,0,0,e617ab48,0
479,39,13,4,1,2150000479,0,2,0,1256,1,0,51,19,3600,0,STEADY,419,3.38492,5.46888,0.221265,0.164678,0.238663,63,47,6,3,2,3,5,53,114,0,31,122,e617ab48,0
479,39,13,4,1,2150000479,1,2,0,1543,1,0,71,21,4271,0,STEADY,515,4.2224,6.02058,0.210464,0.184466,0.153398,154,69,4,5,1,5,6,33,114,0,39,148,e617ab48,0
480,0,21,0,2,2150000480,0,0,0,1684,1,0,42,13,2865,0,STEADY,562,3.18221,6.93285,0.108238,0.0266904,0.069395,348,18,5,5,0,1,2,82,113,0,0,0,e617ab48,0
480,0,21,0,2,2150000480,1,0,0,1861,1,0,66,17,3275,0,STEADY,621,3.23825,6.72285,0.0994219,0.0547504,0.0901771,345,37,6,9,0,0,2,58,113,0,0,0,e617ab48,0
481,1,22,1,2,2150000481,0,1,1,967,1,40,0,20,2763,0,STEADY,323,2.67934,1.75316,0.171774,0.386997,0.120743,5,3,15,3,0,1,1,175,96,0,0,91,e617ab48,0
481,1,22,1,2,2150000481,1,1,1,1333,1,62,0,24,3313,0,STEADY,445,2.46784,5.26392,0.15211,0.370787,0.0202247,0,0,19,3,0,1,1,175,74,0,0,34,e617ab48,0
482,2,23,2,2,2150000482,0,2,1,1516,1,27,0,23,4287,0,STEADY,506,3.54979,2.96373,0.13714,0.411067,0.5,11,4,3,19,0,0,1,116,67,0,0,192,e617ab48,0
482,2,23,2,2,2150000482,1,2,1,1247,1,22,0,20,3688,0,STEADY,416,3.47908,4.70815,0.151627,0.478365,0.387019,186,67,3,16,0,0,1,113,72,0,0,97,e617ab48,0
483,3,24,3,2,2150000483,0,3,0,845,1,0,101,11,2189,0,STEADY,282,4.07712,3.10325,0.330805,0.216312,0.0390071,42,5,9,1,0,1,0,24,106,0,15,31,e617ab48,0
483,3,24,3,2,2150000483,1,3,0,790,1,0,101,14,2531,0,STEADY,264,3.339,2.26682,0.23372,0.310606,0.0719697,49,5,12,1,0,1,0,24,106,0,0,199,e617ab48,0
484,4,25,4,2,2150000484,0,0,0,632,1,0,1,15,2334,0,STEADY,211,4.27512,1.81921,0.331687,0.63981,0.00473934,64,0,7,6,1,1,0,103,123,0,0,131,e617ab48,0
484,4,25,4,2,2150000484,1,0,1,559,1,26,0,14,2093,0,STEADY,187,3.56516,2.17647,0.328155,0.502674,0.101604,30,8,7,5,0,1,1,104,97,0,0,107,e617ab48,0
485,5,26,5,2,2150000485,0,1,0,1759,1,0,72,20,3331,0,STEADY,587,3.38717,5.22353,0.19063,0.177172,0.0919932,195,2,14,1,1,3,1,36,141,0,24,20,e617ab48,0
485,5,26,5,2,2150000485,1,1,0,1822,1,0,108,19,3274,0,STEADY,608,2.99982,4.50644,0.144191,0.162829,0.0213816,127,13,14,1,1,3,0,0,141,0,36,26,e617ab48,0
486,6,27,0,2,2150000486,0,2,1,2359,1,46,0,35,6357,0,STEADY,787,2.73739,5.22608,0.114346,0.0368488,0.094028,104,3,33,0,1,0,1,145,85,0,0,86,e617ab48,0
486,6,27,0,2,2150000486,1,2,1,2615,1,26,0,40,7147,0,STEADY,872,3.62776,5.92286,0.102882,0.0447248,0.173165,177,39,38,1,1,0,0,145,105,0,0,38,e617ab48,0
487,7,28,1,2,2150000487,0,3,1,913,1,26,0,15,2376,0,STEADY,305,1.84342,3.084,0.174856,0.0688525,0.00327869,252,1,10,3,1,1,0,111,74,0,0,45,e617ab48,0
487,7,28,1,2,2150000487,1,3,0,514,1,0,101,7,1500,0,STEADY,172,2.3888,3.17648,0.225157,0.0930233,0.0116279,72,0,2,2,1,1,1,10,100,0,0,37,e617ab48,0
488,8,29,2,2,2150000488,0,0,1,999,1,67,0,17,2737,0,STEADY,333,3.61176,3.19187,0.172198,0.186186,0.237237,0,0,7,1,7,1,1,102,49,0,0,146,e617ab48,0
488,8,29,2,2,2150000488,1,0,1,1585,1,85,0,29,4526,0,STEADY,529,3.41694,2.61362,0.14773,0.224953,0.268431,0,0,10,1,15,3,0,102,31,0,10,143,e617ab48,0
489,9,30,3,2,2150000489,0,1,0,2700,3,70,15,33,5652,0,STEADY,900,2.99587,3.3679,0.123224,0.0444444,0.153333,62,3,6,22,1,0,4,110,198,119,0,168,e617ab48,0
489,9,30,3,2,2150000489,1,1,0,2700,3,100,32,27,5402,0,STEADY,900,2.93434,5.14464,0.100929,0.0533333,0.0788889,0,0,7,12,1,0,7,90,198,149,0,58,e617ab48,0
490,10,31,4,2,2150000490,0,2,1,759,1,14,0,14,2520,0,STEADY,253,3.09594,1.59522,0.193115,0.134387,0.27668,30,1,11,2,1,0,0,141,110,0,0,218,e617ab48,0
490,10,31,4,2,2150000490,1,2,0,1156,1,0,42,21,3650,0,STEADY,386,3.30116,5.87378,0.157013,0.111399,0.217617,187,43,18,3,0,0,0,99,124,0,0,33,e617ab48,0
491,11,32,5,2,2150000491,0,3,0,812,2,105,121,13,2789,0,STEADY,271,7.12143,5.24009,0.338638,0.287823,0.501845,0,0,0,4,0,4,5,0,36,24,20,0,e617ab48,0
491,11,32,5,2,2150000491,1,3,0,1379,1,0,19,22,3634,0,STEADY,460,3.22684,3.13507,0.159711,0.0869565,0.132609,156,19,13,3,1,2,3,102,117,0,6,53,e617ab48,0
492,12,33,0,2,2150000492,0,0,0,697,1,0,107,7,1365,0,STEADY,233,2.81855,5.29267,0.166983,0.0772532,0.0214592,142,0,3,1,1,1,1,45,111,0,0,0,e617ab48,0
492,12,33,0,2,2150000492,1,0,0,778,1,0,125,9,1690,0,STEADY,260,2.8093,3.61631,0.148796,0.0807692,0.161538,39,1,5,1,1,0,2,27,111,0,0,91,e617ab48,0
493,13,34,1,2,2150000493,0,1,1,703,1,36,0,14,2538,0,STEADY,235,4.8149,2.89788,0.246098,0.514894,0.314894,16,1,11,1,2,0,0,140,68,0,0,135,e617ab48,0
493,13,34,1,2,2150000493,1,1,0,560,1,0,65,12,2210,0,STEADY,187,5.08962,3.75979,0.214053,0.508021,0.358289,88,58,9,0,2,0,1,75,104,0,0,138,e617ab48,0
494,14,35,2,2,2150000494,0,2,1,2004,1,35,0,27,4666,0,STEADY,668,3.02652,7.27221,0.449582,0.0628743,0,34,0,1,14,2,6,4,101,78,0,0,16,e617ab48,0
494,14,35,2,2,2150000494,1,2,1,2082,1,97,0,29,4784,0,STEADY,694,3.00568,6.16162,0.333951,0.0216138,0.0100865,0,0,3,14,1,7,4,101,16,0,0,8,e617ab48,0
495,15,36,3,2,2150000495,0,3,0,692,1,0,29,14,2137,0,STEADY,231,3.57645,1.92768,0.332022,0.441558,0.103896,65,12,8,3,0,1,2,64,118,0,0,167,e617ab48,0
495,15,36,3,2,2150000495,1,3,1,850,1,50,0,17,2432,0,STEADY,284,3.2206,2.24827,0.249581,0.376761,0.0774648,0,0,12,3,0,1,1,93,68,0,24,56,e617ab48,0
496,16,37,4,2,2150000496,0,0,1,2700,3,62,55,37,6831,0,STEADY,900,2.72425,4.85894,0.108284,0.0333333,0.116667,0,0,33,3,0,0,1,95,53,0,0,111,e617ab48,0
496,16,37,4,2,2150000496,1,0,1,2511,1,62,0,34,6208,0,STEADY,837,3.04537,6.2218,0.105292,0.037037,0.200717,0,0,30,2,0,0,2,150,53,0,0,84,e617ab48,0
497,17,38,5,2,2150000497,0,1,1,658,1,41,0,9,1787,0,STEADY,220,4.84782,7.37055,0.502514,0.327273,0.113636,17,10,2,3,0,3,1,104,71,18,0,0,e617ab48,0
497,17,38,5,2,2150000497,1,1,1,556,1,12,0,9,1713,0,STEADY,186,4.11202,3.04652,0.500258,0.182796,0.166667,58,17,3,3,0,3,0,104,90,12,0,160,e617ab48,0
498,18,39,0,2,2150000498,0,2,1,1456,1,129,0,18,2954,0,STEADY,486,3.81155,7.11063,0.167556,0.0432099,0.477366,0,0,13,4,0,0,1,114,0,0,0,46,e617ab48,0
498,18,39,0,2,2150000498,1,2,1,1233,1,111,0,20,3154,0,STEADY,411,3.80943,5.0898,0.183516,0.0827251,0.406326,0,0,15,4,0,0,1,114,18,0,0,0,e617ab48,0
499,19,0,1,2,2150000499,0,3,0,1069,1,0,34,18,3153,0,STEADY,357,4.27102,2.13039,0.209162,0.341737,0.288515,51,10,16,0,0,1,1,75,132,0,0,126,e617ab48,0
499,19,0,1,2,2150000499,1,3,0,1049,1,0,94,19,3336,0,STEADY,350,4.32148,1.85145,0.213649,0.388571,0.331429,105,43,17,1,0,1,0,15,132,0,22,172,e617ab48,0
500,20,1,2,2,2150000500,0,0,0,1632,1,0,81,18,3649,0,STEADY,544,3.79635,4.46914,0.174219,0.284926,0.617647,227,148,14,1,1,1,1,55,102,0,0,62,e617ab48,0
500,20,1,2,2,2150000500,1,0,0,1211,1,0,42,19,3693,0,STEADY,404,4.09088,3.6428,0.250733,0.487624,0.277228,78,19,15,2,0,1,1,94,102,0,0,33,e617ab48,0
501,21,2,3,2,2150000501,0,1,0,1502,1,0,7,27,4350,0,STEADY,501,3.43888,9.1493,0.163479,0.0838323,0.0838323,134,16,21,6,0,0,0,87,124,0,0,0,e617ab48,0
501,21,2,3,2,2150000501,1,1,1,877,1,63,0,18,2580,0,STEADY,293,3.2505,2.83754,0.207543,0.0443686,0.204778,0,0,6,11,1,0,0,94,61,0,0,124,e617ab48,0
502,22,3,4,2,2150000502,0,2,0,1141,1,0,103,18,4022,0,STEADY,381,2.93171,1.66612,0.169942,0.212598,0.296588,95,56,3,4,5,0,6,0,175,0,26,80,e617ab48,0
502,22,3,4,2,2150000502,1,2,0,1918,1,0,34,23,5241,0,STEADY,640,3.1372,4.84461,0.154869,0.123438,0.23125,220,30,6,5,6,0,6,72,175,0,0,38,e617ab48,0
503,23,4,5,2,2150000503,0,3,0,703,1,0,73,12,1959,0,STEADY,235,3.5975,2.73811,0.380077,0.187234,0.0510638,75,7,4,7,1,0,0,50,113,8,0,162,e617ab48,0
503,23,4,5,2,2150000503,1,3,0,532,1,0,92,10,1742,0,STEADY,178,4.45986,2.92876,0.472444,0.235955,0.0898876,37,9,1,7,0,0,2,31,110,5,0,171,e617ab48,0
504,24,5,0,2,2150000504,0,0,0,1687,1,0,45,19,3680,0,STEADY,563,2.68115,8.86472,0.171428,0.166963,0.239787,56,3,8,3,0,4,4,96,125,0,10,27,e617ab48,0
504,24,5,0,2,2150000504,1,0,0,1603,1,0,42,15,3324,0,STEADY,535,2.82497,4.61653,0.168058,0.173832,0.233645,263,81,5,4,2,2,2,99,125,0,18,0,e617ab48,0
505,25,6,1,2,2150000505,0,1,0,732,1,0,131,7,1475,0,STEADY,244,4.07662,3.47281,0.19548,0.159836,0.0327869,102,1,0,4,1,0,2,0,104,0,4,132,e617ab48,0
505,25,6,1,2,2150000505,1,1,0,1693,1,0,131,13,3156,0,STEADY,565,4.26552,5.28442,0.198035,0.169912,0.079646,166,26,0,4,7,0,2,0,104,0,8,12,e617ab48,0
506,26,7,2,2,2150000506,0,2,1,562,1,24,0,13,2030,0,STEADY,188,3.10424,2.16162,0.285138,0.223404,0.521277,18,6,5,7,1,0,0,100,84,0,0,62,e617ab48,0
506,26,7,2,2,2150000506,1,2,1,1165,1,48,0,20,3150,0,STEADY,389,2.81773,1.96629,0.175085,0.107969,0.395887,0,0,8,8,0,0,4,100,60,0,0,82,e617ab48,0
507,27,8,3,2,2150000507,0,3,0,784,1,0,93,15,2734,0,STEADY,262,5.01027,3.23944,0.258561,0.522901,0.0763359,62,1,13,1,1,0,0,23,145,0,0,0,e617ab48,0
507,27,8,3,2,2150000507,1,3,0,922,1,0,65,18,3160,0,STEADY,308,4.73592,2.72388,0.200344,0.49026,0.237013,116,50,16,1,0,0,1,51,145,0,0,15,e617ab48,0
508,28,9,4,2,2150000508,0,0,0,619,1,0,74,13,2450,0,STEADY,207,3.91329,1.49145,0.26457,0.714976,0.0338164,37,0,3,9,0,0,1,119,111,0,0,171,e617ab48,0
508,28,9,4,2,2150000508,1,0,1,1473,2,20,121,27,4791,0,STEADY,491,3.76746,1.37748,0.139495,0.621181,0.154786,404,63,2,23,0,0,2,128,91,0,0,600,e617ab48,0
509,29,10,5,2,2150000509,0,1,0,858,2,102,124,8,1740,0,STEADY,286,10.2862,7.91892,0.681594,0.325175,0.513986,0,0,0,3,3,0,2,0,0,0,0,0,e617ab48,0
509,29,10,5,2,2150000509,1,1,0,481,1,0,124,10,1816,0,STEADY,161,5.85468,2.21408,0.410441,0.503106,0.0931677,58,15,4,2,2,1,1,0,102,0,25,316,e617ab48,0
510,30,11,0,2,2150000510,0,2,0,760,1,0,63,19,2430,0,STEADY,254,3.42157,1.76432,0.218205,0.0748031,0.413386,59,32,16,3,0,0,0,90,125,0,0,91,e617ab48,0
510,30,11,0,2,2150000510,1,2,1,2143,1,23,0,44,4696,0,STEADY,715,3.3481,5.00378,0.133983,0.0517483,0.285315,88,7,41,3,0,0,0,177,102,0,0,47,e617ab48,0
511,31,12,1,2,2150000511,0,3,0,643,1,0,58,14,2134,0,STEADY,215,3.36179,3.47787,0.210684,0.432558,0.32093,134,61,7,4,0,0,3,53,132,0,0,0,e617ab48,0
511,31,12,1,2,2150000511,1,3,0,883,1,0,43,16,2766,0,STEADY,295,2.76201,2.21312,0.191631,0.338983,0.20678,70,23,3,8,0,0,5,68,132,0,0,0,e617ab48,0
512,32,13,2,2,2150000512,0,0,1,771,1,8,0,13,2562,0,STEADY,257,4.25363,8.43156,0.157358,0.167315,0.0544747,31,0,9,0,1,1,2,104,113,0,0,58,e617ab48,0
512,32,13,2,2,2150000512,1,0,1,1083,1,22,0,17,3234,0,STEADY,361,2.84682,7.09754,0.146925,0.0554017,0,157,0,14,0,1,1,1,104,99,0,0,44,e617ab48,0
513,33,14,3,2,2150000513,0,1,1,550,1,53,0,13,2010,0,STEADY,184,3.8184,2.19483,0.320549,0.0815217,0.233696,14,0,5,1,6,0,1,113,99,0,0,26,e617ab48,0
513,33,14,3,2,2150000513,1,1,1,457,1,58,0,11,1770,0,STEADY,153,3.73394,1.59392,0.345673,0.0849673,0.281046,15,8,5,1,4,0,1,113,94,0,0,104,e617ab48,0
514,34,15,4,2,2150000514,0,2,1,655,1,70,0,14,2147,0,STEADY,219,3.19349,1.96836,0.268785,0.378995,0.0365297,0,0,8,4,1,0,1,118,70,0,0,136,e617ab48,0
514,34,15,4,2,2150000514,1,2,1,742,1,68,0,14,2130,0,STEADY,248,3.29587,4.70676,0.208065,0.33871,0.0201613,0,0,8,4,0,0,2,118,72,0,0,0,e617ab48,0
515,35,16,5,2,2150000515,0,3,1,1018,1,96,0,22,2951,0,STEADY,340,2.04478,2.29617,0.15735,0.0676471,0.1,0,0,3,17,0,1,1,115,5,0,10,46,e617ab48,0
515,35,16,5,2,2150000515,1,3,1,1045,1,48,0,23,3070,0,STEADY,349,2.22739,3.11286,0.148126,0.00859599,0.0859599,0,0,3,18,0,1,1,115,53,0,0,7,e617ab48,0
516,36,17,0,2,2150000516,0,0,0,640,1,0,58,10,1925,0,STEADY,214,3.89299,2.97714,0.282299,0.205607,0.299065,50,17,2,8,0,0,0,46,93,0,0,165,e617ab48,0
516,36,17,0,2,2150000516,1,0,0,418,1,0,60,7,1393,0,STEADY,140,3.51791,4.18516,0.260857,0.15,0.328571,44,10,2,5,0,0,0,52,93,0,0,0,e617ab48,0
517,37,18,1,2,2150000517,0,1,1,891,1,74,0,14,2628,0,STEADY,297,3.01001,6.13954,0.208276,0.03367,0.040404,0,0,11,0,1,0,2,129,76,0,0,68,e617ab48,0
517,37,18,1,2,2150000517,1,1,0,1087,1,0,93,19,3445,0,STEADY,363,2.65989,1.27863,0.174394,0.0578512,0.264463,86,41,16,0,2,0,1,36,150,0,0,66,e617ab48,0
518,38,19,2,2,2150000518,0,2,1,688,1,27,0,14,2500,0,STEADY,230,5.34379,2.81967,0.255487,0.752174,0.0913043,39,10,7,6,0,1,0,132,77,0,0,139,e617ab48,0
518,38,19,2,2,2150000518,1,2,0,480,1,0,24,10,1863,0,STEADY,160,6.21485,3.1434,0.300831,0.53125,0.125,89,20,5,3,0,1,1,108,104,0,0,129,e617ab48,0
519,39,20,3,2,2150000519,0,3,1,898,1,102,0,18,2880,0,STEADY,300,3.48627,1.71999,0.25044,0.22,0.113333,0,0,11,2,1,3,1,90,12,0,4,71,e617ab48,0
519,39,20,3,2,2150000519,1,3,1,1066,1,73,0,20,3257,0,STEADY,356,3.55148,1.50434,0.27459,0.210674,0.255618,0,0,12,3,1,4,0,98,41,0,33,233,e617ab48,0
520,0,28,5,2,2150000520,0,1,1,589,1,91,0,14,2110,0,STEADY,197,4.50213,5.32104,0.38332,0.218274,0.00507614,0,0,6,7,0,0,1,111,22,0,0,0,e617ab48,0
520,0,28,5,2,2150000520,1,1,1,847,1,74,0,17,2573,0,STEADY,283,3.56214,5.61632,0.248053,0.151943,0,0,0,9,7,0,1,0,111,39,0,0,0,e617ab48,0
521,1,29,0,2,2150000521,0,2,1,1192,1,84,0,20,3179,0,STEADY,398,2.82106,8.63264,0.277837,0.344221,0.0477387,0,0,9,9,0,1,1,102,52,0,18,36,e617ab48,0
521,1,29,0,2,2150000521,1,2,1,910,1,96,0,17,2663,0,STEADY,304,3.31819,7.65197,0.198312,0.381579,0.0493421,0,0,8,7,0,1,1,102,40,0,18,47,e617ab48,0
522,2,30,1,2,2150000522,0,3,0,524,1,0,31,7,1573,0,STEADY,175,4.86218,3.75256,0.272869,0.291429,0,52,0,3,3,0,0,1,94,94,0,0,0,e617ab48,0
522,2,30,1,2,2150000522,1,3,0,284,1,0,59,6,1291,0,STEADY,95,7.08333,5.59349,0.476937,0.515789,0,39,0,3,2,0,0,1,66,94,0,0,0,e617ab48,0
523,3,31,2,2,2150000523,0,0,0,508,1,0,74,11,1970,0,STEADY,170,3.82037,2.44555,0.337029,0.358824,0.0647059,48,6,9,1,0,1,0,67,106,0,10,84,e617ab48,0
523,3,31,2,2,2150000523,1,0,0,775,1,0,117,7,1658,0,STEADY,259,2.46797,2.11302,0.222429,0.0926641,0.030888,63,2,4,1,0,1,1,24,106,0,15,83,e617ab48,0
524,4,32,3,2,2150000524,0,1,0,662,1,0,121,13,2220,0,STEADY,221,6.40028,6.16676,0.364597,0.447964,0.298643,38,0,3,7,1,1,1,0,123,0,0,0,e617ab48,0
524,4,32,3,2,2150000524,1,1,0,1053,1,0,35,21,3480,0,STEADY,351,4.64262,2.70355,0.267447,0.393162,0.148148,100,2,7,8,1,1,4,86,123,0,0,244,e617ab48,0
525,5,33,4,2,2150000525,0,2,0,1005,1,0,113,17,2508,0,STEADY,335,3.24571,8.09341,0.154054,0.41194,0.038806,80,6,13,2,0,1,1,39,141,0,24,15,e617ab48,0
525,5,33,4,2,2150000525,1,2,0,1567,1,0,74,13,2607,0,STEADY,523,2.6797,6.2252,0.115564,0.0860421,0.0210325,353,7,4,2,0,5,2,78,141,0,50,12,e617ab48,0
526,6,34,5,2,2150000526,0,3,0,969,1,0,110,18,3160,0,STEADY,323,5.37027,2.62136,0.221251,0.0495356,0.4613,130,68,17,0,1,0,0,30,131,0,0,333,e617ab48,0
526,6,34,5,2,2150000526,1,3,0,1060,1,0,98,15,2905,0,STEADY,354,3.29217,3.85557,0.230161,0.039548,0.146893,150,0,13,0,2,0,0,42,131,0,0,77,e617ab48,0
527,7,35,0,2,2150000527,0,0,1,1231,1,68,0,18,2796,0,STEADY,411,1.90395,1.96232,0.121803,0.0462287,0.0316302,0,0,13,3,1,1,0,101,32,0,0,70,e617ab48,0
527,7,35,0,2,2150000527,1,0,1,1786,1,56,0,22,3965,0,STEADY,596,3.11048,7.45721,0.128617,0.107383,0.0167785,0,0,6,14,1,1,0,101,44,0,0,10,e617ab48,0
528,8,36,1,2,2150000528,0,1,0,623,1,0,48,14,2040,0,STEADY,208,3.41793,3.0917,0.229904,0.149038,0.245192,69,38,2,1,9,0,2,45,116,0,10,63,e617ab48,0
528,8,36,1,2,2150000528,1,1,0,695,1,0,60,12,1930,0,STEADY,232,3.79838,4.22606,0.225151,0.107759,0.12069,80,24,3,1,6,0,2,33,116,0,10,50,e617ab48,0
529,9,37,2,2,2150000529,0,2,1,1721,1,124,0,24,4384,0,STEADY,574,3.61615,5.25899,0.146864,0.0191638,0.158537,0,0,7,13,1,1,2,150,104,79,0,136,e617ab48,0
529,9,37,2,2,2150000529,1,2,1,2011,1,149,0,26,4964,0,STEADY,671,3.37206,5.43091,0.158528,0.023845,0.0596125,0,0,9,12,1,1,3,150,53,53,0,74,e617ab48,0
530,10,38,3,2,2150000530,0,3,0,1051,1,0,24,18,3130,0,STEADY,351,3.1584,1.81043,0.185308,0.0683761,0.105413,220,25,15,2,0,0,1,80,124,0,0,54,e617ab48,0
530,10,38,3,2,2150000530,1,3,0,1282,1,0,88,23,4050,0,STEADY,428,3.48934,1.71348,0.155794,0.0794393,0.406542,40,26,20,2,1,0,0,16,124,0,0,208,e617ab48,0
531,11,39,4,2,2150000531,0,0,1,1330,1,102,0,21,3745,0,STEADY,444,2.99612,7.19445,0.170608,0.18018,0.027027,0,0,10,6,0,4,1,114,35,20,10,62,e617ab48,0
531,11,39,4,2,2150000531,1,0,1,628,1,94,0,14,2210,0,STEADY,210,3.20036,5.17162,0.239562,0.147619,0.0142857,0,0,9,3,0,1,1,114,23,0,10,45,e617ab48,0
532,12,0,5,2,2150000532,0,1,1,736,1,25,0,10,2004,0,STEADY,246,4.43843,5.53337,0.365077,0.199187,0.113821,9,0,4,2,2,1,1,109,86,0,0,4,e617ab48,0
532,12,0,5,2,2150000532,1,1,0,565,1,0,89,6,1213,0,STEADY,189,3.76602,4.98252,0.253492,0.116402,0.042328,96,0,2,1,1,1,1,24,111,0,0,55,e617ab48,0
533,13,1,0,2,2150000533,0,2,1,2109,1,21,0,35,6133,0,STEADY,703,4.52656,3.47871,0.130242,0.411095,0.341394,28,1,33,0,2,0,0,136,83,0,0,338,e617ab48,0
533,13,1,0,2,2150000533,1,2,0,602,1,0,69,12,2186,0,STEADY,201,4.02574,3.92032,0.217338,0.462687,0.263682,73,25,9,1,2,0,0,67,104,0,0,145,e617ab48,0
534,14,2,1,2,2150000534,0,3,1,1080,1,80,0,17,2575,0,STEADY,360,1.82866,2.10129,0.165689,0.025,0.0361111,0,0,2,11,1,1,2,94,33,0,0,17,e617ab48,0
534,14,2,1,2,2150000534,1,3,1,1099,1,50,0,18,2638,0,STEADY,367,1.86074,1.9603,0.159368,0.0190736,0.0435967,0,0,2,12,1,1,2,94,63,0,0,23,e617ab48,0
535,15,3,2,2,2150000535,0,0,0,1877,1,0,30,22,3903,0,STEADY,626,2.59877,3.9581,0.156875,0.175719,0.0782748,95,12,10,6,0,1,5,76,118,0,6,143,e617ab48,0
535,15,3,2,2,2150000535,1,0,0,872,1,0,81,15,2474,0,STEADY,291,3.27306,5.75942,0.181196,0.364261,0.120275,79,14,6,7,0,1,1,25,118,0,24,16,e617ab48,0
536,16,4,3,2,2150000536,0,1,0,630,1,0,110,12,2334,0,STEADY,210,5.37893,2.54408,0.236143,0.4,0.271429,62,40,8,4,0,0,0,26,115,0,0,379,e617ab48,0
536,16,4,3,2,2150000536,1,1,0,928,1,0,56,13,2582,0,STEADY,310,2.99821,4.60413,0.189516,0.0903226,0.0322581,167,7,10,3,0,0,0,80,115,0,0,51,e617ab48,0
537,17,5,4,2,2150000537,0,2,0,787,1,0,81,8,1545,0,STEADY,263,2.64578,4.33066,0.23016,0.0874525,0.114068,80,6,3,1,0,2,2,60,108,6,0,79,e617ab48,0
537,17,5,4,2,2150000537,1,2,0,697,1,0,72,9,1509,0,STEADY,233,2.70333,2.488,0.253717,0.0901288,0.103004,64,3,5,1,0,2,1,69,100,6,0,71,e617ab48,0
538,18,6,5,2,2150000538,0,3,0,893,2,95,131,13,1729,0,STEADY,298,8.93487,6.7231,0.231473,0.0805369,0.694631,0,0,13,0,0,0,0,0,34,0,0,0,e617ab48,0
538,18,6,5,2,2150000538,1,3,1,1450,2,69,117,25,3680,0,STEADY,484,4.75398,1.90345,0.176645,0.219008,0.353306,0,0,21,3,0,0,1,14,60,0,0,600,e617ab48,0
539,19,7,0,2,2150000539,0,0,0,1079,1,0,10,17,3045,0,STEADY,360,2.57183,3.72875,0.140947,0.230556,0.563889,133,76,15,1,0,1,0,90,132,0,22,39,e617ab48,0
539,19,7,0,2,2150000539,1,0,0,943,1,0,40,14,2516,0,STEADY,315,2.78141,5.6447,0.151587,0.228571,0.657143,130,96,11,0,0,1,2,60,132,0,22,0,e617ab48,0
540,20,8,1,2,2150000540,0,1,0,602,1,0,38,9,1876,0,STEADY,201,4.27651,2.53791,0.216483,0.258706,0.109453,36,14,6,1,0,1,1,78,102,0,10,99,e617ab48,0
540,20,8,1,2,2150000540,1,1,0,738,1,0,58,14,2670,0,STEADY,246,5.03249,3.47136,0.189167,0.471545,0.121951,95,14,11,1,1,1,0,58,102,0,6,0,e617ab48,0
541,21,9,2,2,2150000541,0,2,1,1765,1,92,0,22,3936,0,STEADY,589,3.27024,5.34639,0.119277,0.0135823,0.0696095,0,0,14,6,1,0,1,259,32,0,0,9,e617ab48,0
541,21,9,2,2,2150000541,1,2,0,2176,1,0,99,30,4724,0,STEADY,726,3.14555,5.25145,0.129008,0.00137741,0.12259,80,19,14,14,0,0,2,129,124,0,0,11,e617ab48,0
542,22,10,3,2,2150000542,0,3,0,937,1,0,50,16,3690,0,STEADY,313,3.3355,1.76451,0.20507,0.376997,0.0990415,87,1,2,5,5,0,4,74,175,0,59,91,e617ab48,0
542,22,10,3,2,2150000542,1,3,0,632,1,0,124,10,2450,0,STEADY,211,4.19568,2.15678,0.240815,0.36019,0.056872,103,8,0,5,2,0,3,0,175,0,42,77,e617ab48,0
543,23,11,4,2,2150000543,0,0,1,832,1,48,0,17,2605,0,STEADY,278,2.55585,7.04852,0.251054,0.147482,0.118705,52,0,8,6,0,0,3,129,79,22,0,54,e617ab48,0
543,23,11,4,2,2150000543,1,0,1,505,1,38,0,13,1841,0,STEADY,169,2.91735,4.37362,0.319852,0.118343,0.0591716,0,0,8,4,0,0,1,117,86,19,0,56,e617ab48,0
544,24,12,5,2,2150000544,0,1,0,865,1,0,9,16,2569,0,STEADY,289,3.81831,6.1364,0.255398,0.484429,0.0899654,92,0,10,3,0,2,1,102,125,0,20,0,e617ab48,0
544,24,12,5,2,2150000544,1,1,0,389,1,0,47,8,1440,0,STEADY,130,4.71219,3.57609,0.404638,0.276923,0.0846154,30,1,4,2,1,1,0,64,125,0,0,21,e617ab48,0
545,25,13,0,2,2150000545,0,2,1,1524,1,32,0,24,4263,0,STEADY,508,4.31606,9.95625,0.28153,0.312992,0.0570866,107,0,3,17,2,0,2,104,72,0,24,45,e617ab48,0
545,25,13,0,2,2150000545,1,2,0,1756,1,0,13,19,3973,0,STEADY,586,4.05377,8.01345,0.205256,0.177474,0.0375427,91,5,0,11,4,0,4,91,104,0,35,37,e617ab48,0
546,26,14,1,2,2150000546,0,3,0,882,1,0,4,20,2680,0,STEADY,294,2.50468,2.36791,0.179558,0.0884354,0.418367,105,42,15,4,0,0,1,109,108,0,0,46,e617ab48,0
546,26,14,1,2,2150000546,1,3,0,550,1,0,56,13,1894,0,STEADY,184,3.00622,2.46291,0.276951,0.125,0.461957,51,29,8,4,1,0,0,57,108,0,0,2,e617ab48,0
547,27,15,2,2,2150000547,0,0,1,1564,1,33,0,24,4315,0,STEADY,522,3.30934,2.28086,0.166056,0.323755,0.415709,35,11,21,2,0,0,1,118,112,0,0,240,e617ab48,0
547,27,15,2,2,2150000547,1,0,1,630,1,109,0,12,2250,0,STEADY,210,4.03298,2.67158,0.291581,0.42381,0.361905,0,0,9,3,0,0,0,118,36,0,0,130,e617ab48,0
548,28,16,3,2,2150000548,0,1,0,662,1,0,71,12,2351,0,STEADY,221,5.33227,2.16063,0.34905,0.466063,0.0633484,19,0,4,7,0,0,1,44,111,0,0,73,e617ab48,0
548,28,16,3,2,2150000548,1,1,1,810,1,25,0,15,2814,0,STEADY,270,5.33903,2.53846,0.262978,0.474074,0.0851852,121,16,3,11,0,0,1,115,86,0,0,242,e617ab48,0
549,29,17,4,2,2150000549,0,2,0,436,1,0,25,10,1612,0,STEADY,146,3.54243,2.23497,0.337103,0.40411,0.0410959,24,0,6,1,2,0,1,79,102,0,24,49,e617ab48,0
549,29,17,4,2,2150000549,1,2,0,352,1,0,52,9,1485,0,STEADY,118,3.93871,2.40532,0.390508,0.550847,0.101695,23,5,5,1,2,0,1,52,102,0,0,75,e617ab48,0
550,30,18,5,2,2150000550,0,3,1,1942,1,83,0,41,4404,0,STEADY,648,1.71399,3.02019,0.134608,0.029321,0.126543,0,0,37,2,0,0,2,129,42,0,0,17,e617ab48,0
550,30,18,5,2,2150000550,1,3,1,2700,3,63,22,59,6060,0,STEADY,900,1.64679,3.02752,0.111682,0.0311111,0.146667,0,0,56,3,0,0,0,107,62,0,0,9,e617ab48,0
551,31,19,0,2,2150000551,0,0,1,2371,1,25,0,38,6368,0,STEADY,791,3.06773,5.362,0.255865,0.25158,0.05689,417,35,9,23,0,1,5,132,107,0,0,35,e617ab48,0
551,31,19,0,2,2150000551,1,0,1,1963,1,17,0,30,5257,0,STEADY,655,3.24072,7.39193,0.222727,0.210687,0.0656489,58,16,6,18,1,0,5,132,124,9,0,94,e617ab48,0
552,32,20,1,2,2150000552,0,1,1,549,1,75,0,12,2290,0,STEADY,183,3.9844,4.52033,0.203022,0.142077,0.114754,0,0,8,0,1,1,2,98,46,0,0,55,e617ab48,0
552,32,20,1,2,2150000552,1,1,1,771,1,76,0,15,2810,0,STEADY,257,3.42787,1.87381,0.166825,0.0972763,0.0700389,0,0,12,0,2,1,0,94,45,0,0,98,e617ab48,0
553,33,21,2,2,2150000553,0,2,1,1509,1,122,0,21,3652,0,STEADY,503,3.75166,6.37496,0.136082,0.055666,0,0,0,12,3,6,0,0,124,30,0,0,37,e617ab48,0
553,33,21,2,2,2150000553,1,2,1,1915,1,95,0,26,4571,0,STEADY,639,3.22569,5.1399,0.128153,0.0438185,0,0,0,17,3,6,0,0,124,57,0,0,20,e617ab48,0
554,34,22,3,2,2150000554,0,3,1,1006,1,49,0,19,2816,0,STEADY,336,3.79223,2.4038,0.238158,0.383929,0.0952381,58,5,11,7,0,0,1,175,91,0,0,37,e617ab48,0
554,34,22,3,2,2150000554,1,3,0,841,1,0,36,17,2535,0,STEADY,281,3.87501,2.5461,0.295868,0.572954,0.0462633,75,6,9,7,0,1,0,139,140,0,0,168,e617ab48,0
555,35,23,4,2,2150000555,0,0,1,1504,1,27,0,24,3917,0,STEADY,502,2.68724,4.34664,0.123028,0.0258964,0.0996016,237,18,15,7,1,1,0,117,74,0,10,31,e617ab48,0
555,35,23,4,2,2150000555,1,0,0,958,1,0,45,17,2651,0,STEADY,320,2.53973,3.59445,0.129544,0.009375,0.04375,134,1,7,8,0,1,1,72,101,0,10,18,e617ab48,0
556,36,24,5,2,2150000556,0,1,0,1288,1,0,47,17,3182,0,STEADY,430,2.91254,2.76347,0.161616,0.202326,0.0883721,231,30,2,15,0,0,0,78,93,0,0,241,e617ab48,0
556,36,24,5,2,2150000556,1,1,0,658,1,0,83,13,2350,0,STEADY,220,4.15246,2.25363,0.246664,0.3,0.172727,73,24,2,11,0,0,0,42,93,0,0,263,e617ab48,0
557,37,25,0,2,2150000557,0,2,1,953,1,94,0,16,2856,0,STEADY,318,2.85887,3.65511,0.177767,0.0440252,0.345912,0,0,14,0,1,0,1,104,56,0,0,91,e617ab48,0
557,37,25,0,2,2150000557,1,2,1,906,1,68,0,17,3060,0,STEADY,302,3.39766,2.02067,0.181652,0.0695364,0.503311,0,0,14,0,2,0,1,104,82,0,0,207,e617ab48,0
558,38,26,1,2,2150000558,0,3,0,788,1,0,55,15,2690,0,STEADY,263,3.96283,2.82884,0.21265,0.60076,0.155894,58,0,7,5,0,0,3,53,104,0,0,0,e617ab48,0
558,38,26,1,2,2150000558,1,3,0,800,1,0,37,16,2781,0,STEADY,267,4.02446,2.91394,0.249824,0.655431,0.11236,61,2,7,7,0,0,2,71,104,0,0,0,e617ab48,0
559,39,27,2,2,2150000559,0,0,1,1210,1,46,0,21,3600,0,STEADY,404,3.13501,3.84168,0.168196,0.220297,0.128713,0,0,12,1,1,6,1,145,68,0,10,120,e617ab48,0
559,39,27,2,2,2150000559,1,0,1,1234,1,97,0,26,3640,0,STEADY,412,2.56847,1.73755,0.140206,0.0898058,0.281553,0,0,21,1,1,2,1,145,17,0,17,151,e617ab48,0
560,0,35,4,2,2150000560,0,2,1,1021,1,49,0,20,2784,0,STEADY,341,2.75054,1.4986,0.168499,0.155425,0.102639,0,0,15,4,0,1,0,101,64,0,0,169,e617ab48,0
560,0,35,4,2,2150000560,1,2,1,1885,1,81,0,24,4338,0,STEADY,629,4.12269,6.83006,0.158641,0.136725,0.0254372,0,0,6,15,0,1,2,104,32,0,0,58,e617ab48,0
561,1,36,5,2,2150000561,0,3,0,947,2,136,93,1,200,0,STEADY,316,13.5726,11.2134,0.990278,0.496835,0.443038,0,0,0,0,0,1,0,0,0,0,0,0,e617ab48,0
561,1,36,5,2,2150000561,1,3,0,1280,1,0,57,13,2284,0,STEADY,427,4.31598,3.94313,0.283347,0.213115,0.217799,79,18,5,4,0,3,1,36,136,0,19,23,e617ab48,0
562,2,37,0,2,2150000562,0,0,1,971,1,46,0,17,3074,0,STEADY,324,4.7699,3.76273,0.168951,0.407407,0.209877,0,0,2,14,0,0,1,150,48,0,0,188,e617ab48,0
562,2,37,0,2,2150000562,1,0,1,950,1,8,0,18,3260,0,STEADY,317,4.69018,2.81328,0.167968,0.479495,0.290221,36,2,2,14,0,0,2,150,86,0,0,413,e617ab48,0
563,3,38,1,2,2150000563,0,1,0,964,1,0,92,12,2373,0,STEADY,322,2.80535,6.65221,0.178894,0.214286,0.0186335,234,6,10,0,0,1,1,12,106,0,0,0,e617ab48,0
563,3,38,1,2,2150000563,1,1,0,480,1,0,92,9,1635,0,STEADY,160,3.86434,3.17018,0.299281,0.25625,0,40,0,7,0,0,1,1,12,106,0,0,59,e617ab48,0
564,4,39,2,2,2150000564,0,2,1,1378,1,105,0,26,3945,0,STEADY,460,3.45019,1.86382,0.183678,0.328261,0.308696,0,0,11,14,0,0,1,114,18,0,0,135,e617ab48,0
564,4,39,2,2,2150000564,1,2,1,1924,1,100,0,35,5700,0,STEADY,642,3.51503,2.86312,0.232994,0.443925,0.172897,0,0,12,20,2,1,0,114,36,13,0,252,e617ab48,0
565,5,0,3,2,2150000565,0,3,0,799,1,0,109,6,1419,0,STEADY,267,4.44327,3.0904,0.391404,0.277154,0.108614,65,0,1,2,0,2,1,0,141,0,27,0,e617ab48,0
565,5,0,3,2,2150000565,1,3,0,805,1,0,22,11,2122,0,STEADY,269,3.19468,3.71589,0.251918,0.29368,0.0371747,69,0,5,2,1,2,1,91,141,0,5,20,e617ab48,0
566,6,1,4,2,2150000566,0,0,0,1014,1,0,14,19,3400,0,STEADY,338,3.01095,3.54463,0.177669,0.0118343,0.35503,153,92,17,1,1,0,0,122,131,0,0,184,e617ab48,0
566,6,1,4,2,2150000566,1,0,0,661,1,0,98,13,2390,0,STEADY,221,2.58317,3.19721,0.187213,0.0588235,0.19457,74,32,10,0,1,1,1,52,131,0,0,49,e617ab48,0
567,7,2,5,2,2150000567,0,1,1,700,1,56,0,11,1966,0,STEADY,234,2.67696,5.85061,0.261094,0.106838,0.0042735,0,0,5,4,1,1,0,94,44,0,0,0,e617ab48,0
567,7,2,5,2,2150000567,1,1,1,1267,1,70,0,15,2615,0,STEADY,423,2.11699,6.5355,0.148714,0.0543735,0,0,0,9,4,0,1,1,94,30,0,0,0,e617ab48,0
568,8,3,0,2,2150000568,0,2,1,568,1,84,0,11,1811,0,STEADY,190,3.3382,2.21323,0.297989,0.189474,0.110526,0,0,3,1,5,1,1,100,32,0,10,139,e617ab48,0
568,8,3,0,2,2150000568,1,2,0,867,1,0,9,15,2444,0,STEADY,289,3.93712,2.20374,0.245682,0.145329,0.197232,52,10,5,1,7,1,1,94,116,0,10,310,e617ab48,0
569,9,4,1,2,2150000569,0,3,1,475,1,112,0,10,1663,0,STEADY,159,3.00659,2.69307,0.31027,0.0314465,0.245283,0,0,2,6,0,1,1,123,61,24,0,31,e617ab48,0
569,9,4,1,2,2150000569,1,3,0,1225,1,0,27,12,2495,0,STEADY,409,2.58971,2.78175,0.154971,0.0268949,0.0586797,131,3,3,6,1,0,2,96,223,74,0,7,e617ab48,0
570,10,5,2,2,2150000570,0,0,0,1585,1,0,33,24,4263,0,STEADY,529,2.55518,2.32739,0.123076,0.0434783,0.228733,88,2,21,2,1,0,0,108,124,0,0,154,e617ab48,0
570,10,5,2,2,2150000570,1,0,1,1737,1,57,0,27,4829,0,STEADY,579,2.34683,6.90949,0.116149,0.0552677,0.208981,0,0,24,2,1,0,0,141,67,0,0,76,e617ab48,0
571,11,6,3,2,2150000571,0,1,0,849,1,0,113,17,2681,0,STEADY,283,3.81708,2.17163,0.225565,0.367491,0.127208,102,21,11,3,1,1,1,18,117,0,10,157,e617ab48,0
571,11,6,3,2,2150000571,1,1,0,583,1,0,131,9,1645,0,STEADY,195,4.01302,3.52728,0.240174,0.2,0.0153846,53,1,5,2,0,1,1,0,117,0,10,0,e617ab48,0
572,12,7,4,2,2150000572,0,2,0,478,1,0,40,9,1641,0,STEADY,160,3.0028,3.07488,0.2724,0.11875,0.09375,43,5,4,1,1,1,2,60,111,0,0,6,e617ab48,0
572,12,7,4,2,2150000572,1,2,0,409,1,0,19,9,1553,0,STEADY,137,2.89914,2.14652,0.289511,0.124088,0.153285,36,3,5,1,1,1,1,81,111,0,0,0,e617ab48,0
573,13,8,5,2,2150000573,0,3,0,960,2,71,116,17,3010,0,STEADY,320,8.2927,6.28848,0.1332,0.4625,0.48125,0,0,14,2,0,1,0,0,33,0,0,0,e617ab48,0
573,13,8,5,2,2150000573,1,3,0,520,1,0,82,10,1890,0,STEADY,174,5.709,4.50405,0.194937,0.356322,0.252874,41,11,7,1,1,1,0,34,104,0,0,0,e617ab48,0
574,14,9,0,2,2150000574,0,0,0,1963,1,0,83,25,4330,0,STEADY,655,1.97143,6.90076,0.384887,0.0229008,0.0320611,90,2,0,15,3,1,6,170,113,0,17,27,e617ab48,0
574,14,9,0,2,2150000574,1,0,0,2032,1,0,22,23,4097,0,STEADY,678,1.84467,7.46902,0.518186,0.039823,0.0294985,49,0,4,7,3,7,2,161,113,0,27,0,e617ab48,0
575,15,10,1,2,2150000575,0,1,0,910,1,0,124,15,2747,0,STEADY,304,4.10116,3.98955,0.238947,0.207237,0.197368,101,23,2,6,0,1,6,0,118,0,9,95,e617ab48,0
575,15,10,1,2,2150000575,1,1,0,444,1,0,112,10,1513,0,STEADY,148,3.97708,2.36411,0.303608,0.405405,0.0945946,49,14,5,3,0,1,1,12,118,0,9,138,e617ab48,0
576,16,11,2,2,2150000576,0,2,1,1092,1,86,0,20,3719,0,STEADY,364,3.4849,7.45218,0.126547,0.101648,0.346154,0,0,18,1,0,1,0,153,29,0,0,0,e617ab48,0
576,16,11,2,2,2150000576,1,2,1,1122,1,79,0,20,3691,0,STEADY,374,3.45038,6.74192,0.168051,0.0828877,0.259358,0,0,16,3,1,0,0,141,36,0,0,70,e617ab48,0
577,17,12,3,2,2150000577,0,3,0,439,1,0,3,8,1404,0,STEADY,147,3.89699,2.54969,0.451224,0.29932,0.115646,50,9,3,2,0,2,1,108,102,6,0,36,e617ab48,0
577,17,12,3,2,2150000577,1,3,0,448,1,0,26,7,1346,0,STEADY,150,3.41528,2.42346,0.330207,0.173333,0.0866667,37,2,2,1,0,1,3,85,106,0,0,0,e617ab48,0
578,18,13,4,2,2150000578,0,0,0,841,1,0,38,16,2632,0,STEADY,281,4.13268,2.27448,0.279181,0.220641,0.270463,63,25,11,4,0,0,1,66,129,0,0,234,e617ab48,0
578,18,13,4,2,2150000578,1,0,0,1074,1,0,48,17,2669,0,STEADY,358,4.27962,3.76655,0.220525,0.0977654,0.153631,150,10,13,3,0,0,1,56,129,0,0,170,e617ab48,0
579,19,14,5,2,2150000579,0,1,0,849,1,0,53,17,2950,0,STEADY,283,5.64398,5.21627,0.234898,0.438163,0.286219,57,0,15,0,0,2,0,60,132,0,0,0,e617ab48,0
579,19,14,5,2,2150000579,1,1,0,1066,2,132,113,10,1890,0,STEADY,356,9.62216,6.7462,0.628149,0.297753,0.41573,0,0,5,1,0,4,0,0,0,0,0,0,e617ab48,0
580,20,15,0,2,2150000580,0,2,0,2221,1,0,37,32,6000,0,STEADY,741,4.06125,9.59058,0.131435,0.373819,0.407557,329,75,28,2,0,1,1,81,102,0,0,50,e617ab48,0
580,20,15,0,2,2150000580,1,2,0,1627,1,0,10,27,4887,0,STEADY,543,3.90668,4.33031,0.134203,0.445672,0.410681,176,65,24,1,1,1,0,108,102,0,0,119,e617ab48,0
581,21,16,1,2,2150000581,0,3,1,652,1,28,0,12,1817,0,STEADY,218,2.73932,3.11278,0.264927,0.0137615,0.192661,110,10,3,7,1,0,1,115,96,0,0,14,e617ab48,0
581,21,16,1,2,2150000581,1,3,1,547,1,81,0,12,1766,0,STEADY,183,3.07339,2.19023,0.25394,0.0218579,0.191257,0,0,3,7,0,0,2,115,43,0,0,0,e617ab48,0
582,22,17,2,2,2150000582,0,0,0,493,1,0,20,6,1522,0,STEADY,165,3.29618,6.36227,0.242418,0.115152,0.436364,46,6,0,3,1,0,2,78,175,0,15,0,e617ab48,0
582,22,17,2,2,2150000582,1,0,0,746,1,0,70,11,2606,0,STEADY,249,2.90154,5.4582,0.209839,0.148594,0.433735,120,60,2,3,4,0,2,24,175,0,66,19,e617ab48,0
583,23,18,3,2,2150000583,0,1,0,464,1,0,29,11,1690,0,STEADY,155,3.43611,2.18182,0.398677,0.167742,0.122581,61,6,5,5,1,0,0,100,121,16,0,66,e617ab48,0
583,23,18,3,2,2150000583,1,1,1,1396,1,33,0,24,3723,0,STEADY,466,2.68836,8.24668,0.284914,0.128755,0.0193133,12,1,12,9,1,0,2,129,90,18,0,45,e617ab48,0
584,24,19,4,2,2150000584,0,2,0,1871,1,0,55,22,4434,0,STEADY,624,3.86711,6.74628,0.184365,0.253205,0.254808,101,29,6,6,0,5,5,77,125,0,36,59,e617ab48,0
584,24,19,4,2,2150000584,1,2,1,2700,3,107,55,37,6753,0,STEADY,900,3.11238,3.84531,0.144163,0.3,0.146667,0,0,19,11,2,3,2,77,18,0,3,339,e617ab48,0
585,25,20,5,2,2150000585,0,3,0,474,1,0,98,8,1481,0,STEADY,158,6.05965,3.65533,0.483006,0.335443,0.0443038,17,0,0,5,2,0,1,0,104,0,16,144,e617ab48,0
585,25,20,5,2,2150000585,1,3,0,1051,1,0,98,15,2810,0,STEADY,351,4.84146,2.96496,0.311225,0.42735,0.017094,170,6,2,7,5,0,1,0,104,0,28,172,e617ab48,0
586,26,21,0,2,2150000586,0,0,1,868,1,56,0,13,2130,0,STEADY,290,3.03316,5.28632,0.142517,0.0758621,0.0517241,0,0,6,5,0,0,2,124,52,0,0,0,e617ab48,0
586,26,21,0,2,2150000586,1,0,1,1729,1,12,0,19,3660,0,STEADY,577,3.18922,6.85841,0.116546,0.114385,0.0866551,23,10,5,11,1,0,2,124,96,0,0,0,e617ab48,0
587,27,22,1,2,2150000587,0,1,0,1540,1,0,88,17,3338,0,STEADY,514,3.37261,7.93958,0.156885,0.210117,0.706226,117,96,15,1,0,0,1,87,145,0,0,55,e617ab48,0
587,27,22,1,2,2150000587,1,1,0,1621,1,0,38,23,4151,0,STEADY,541,3.3164,3.09385,0.162002,0.308688,0.543438,254,154,20,2,0,0,1,137,145,0,0,135,e617ab48,0
588,28,23,2,2,2150000588,0,2,1,1284,1,42,0,23,4110,0,STEADY,428,3.42158,2.96916,0.139411,0.481308,0.397196,37,19,2,19,0,0,2,116,69,0,0,141,e617ab48,0
588,28,23,2,2,2150000588,1,2,1,566,1,75,0,11,2070,0,STEADY,189,3.91375,3.28346,0.250836,0.449735,0.417989,0,0,2,7,0,0,2,111,36,0,0,22,e617ab48,0
589,29,24,3,2,2150000589,0,3,0,790,1,0,60,15,2405,0,STEADY,264,3.87662,2.57946,0.321678,0.393939,0.102273,32,0,9,2,3,0,1,65,102,0,13,69,e617ab48,0
589,29,24,3,2,2150000589,1,3,0,599,1,0,65,13,2212,0,STEADY,200,4.39299,1.76034,0.3535,0.5,0.235,33,12,7,2,3,1,0,60,102,0,0,305,e617ab48,0
590,30,25,4,2,2150000590,0,0,1,781,1,32,0,19,2430,0,STEADY,261,2.56427,1.99281,0.219533,0.103448,0.114943,26,0,16,3,0,0,0,104,93,0,0,162,e617ab48,0
590,30,25,4,2,2150000590,1,0,1,638,1,62,0,16,2160,0,STEADY,213,3.10823,1.87487,0.259094,0.140845,0.0610329,0,0,13,3,0,0,0,104,63,0,0,125,e617ab48,0
591,31,26,5,2,2150000591,0,1,0,1462,1,0,59,24,3563,0,STEADY,488,4.31128,4.71354,0.187863,0.307377,0.079918,193,0,13,10,0,0,1,49,132,0,0,26,e617ab48,0
591,31,26,5,2,2150000591,1,1,1,1576,2,25,105,27,3909,0,STEADY,526,4.6273,2.35777,0.187966,0.629278,0.0684411,99,1,19,5,1,0,2,3,107,0,0,600,e617ab48,0
592,32,27,0,2,2150000592,0,2,1,2367,1,38,0,41,7173,0,STEADY,789,2.14263,1.5136,0.0965463,0.0380228,0.187579,19,4,39,0,1,1,0,145,83,0,0,264,e617ab48,0
592,32,27,0,2,2150000592,1,2,1,1984,1,87,0,32,5728,0,STEADY,662,3.58816,6.11942,0.111192,0.0377644,0.167674,0,0,29,0,0,1,2,145,34,0,0,94,e617ab48,0
593,33,28,1,2,2150000593,0,3,1,307,1,31,0,8,1400,0,STEADY,103,4.05011,3.05041,0.53299,0.174757,0,24,0,4,2,2,0,0,111,121,0,0,30,e617ab48,0
593,33,28,1,2,2150000593,1,3,0,354,1,0,39,8,1501,0,STEADY,118,4.07211,3.25871,0.448915,0.152542,0.161017,49,19,4,2,1,0,1,56,152,0,0,78,e617ab48,0
594,34,29,2,2,2150000594,0,0,1,697,1,93,0,13,2178,0,STEADY,233,3.67769,2.37785,0.25382,0.330472,0.0600858,0,0,4,7,0,1,1,102,47,0,0,133,e617ab48,0
594,34,29,2,2,2150000594,1,0,1,2242,1,54,0,41,5756,0,STEADY,748,3.12067,6.33615,0.119616,0.453209,0.0187166,60,2,29,10,0,1,1,102,86,0,0,22,e617ab48,0
595,35,30,3,2,2150000595,0,1,0,1276,1,0,111,17,3060,0,STEADY,426,3.09097,3.85343,0.143948,0.0258216,0.105634,110,29,11,4,0,1,1,14,101,0,0,79,e617ab48,0
595,35,30,3,2,2150000595,1,1,0,1303,1,0,111,16,3102,0,STEADY,435,3.09258,3.64106,0.135614,0.0574713,0.105747,68,5,13,0,0,1,2,14,101,0,0,91,e617ab48,0
596,36,31,4,2,2150000596,0,2,0,529,1,0,51,11,2010,0,STEADY,177,4.10663,1.57903,0.263299,0.412429,0.0960452,33,9,2,9,0,0,0,90,93,0,0,165,e617ab48,0
596,36,31,4,2,2150000596,1,2,0,505,1,0,80,11,2010,0,STEADY,169,3.93,2.20922,0.281473,0.307692,0.183432,31,5,2,9,0,0,0,52,93,0,0,268,e617ab48,0
597,37,32,5,2,2150000597,0,3,0,1515,2,106,115,21,3810,0,STEADY,505,7.19718,5.97525,0.258853,0.261386,0.310891,0,0,18,1,2,0,0,6,44,0,0,3,e617ab48,0
597,37,32,5,2,2150000597,1,3,1,1149,1,47,0,21,3770,0,STEADY,383,2.61282,3.34051,0.176444,0.0548303,0.0652742,63,1,18,1,1,0,1,121,103,0,0,15,e617ab48,0
598,38,33,0,2,2150000598,0,0,1,877,1,29,0,15,2802,0,STEADY,293,3.7213,2.8783,0.158078,0.474403,0.341297,3,0,5,7,0,1,2,152,75,0,0,239,e617ab48,0
598,38,33,0,2,2150000598,1,0,0,721,1,0,100,13,2287,0,STEADY,241,3.78287,9.77731,0.21649,0.510373,0.443983,47,27,6,5,0,0,2,52,104,0,0,0,e617ab48,0
599,39,34,1,2,2150000599,0,1,0,1004,1,0,51,17,2924,0,STEADY,335,3.18492,2.10595,0.197621,0.2,0.546269,75,66,9,1,1,5,1,89,114,0,25,98,e617ab48,0
599,39,34,1,2,2150000599,1,1,0,763,1,0,21,14,2560,0,STEADY,255,3.55067,2.75044,0.291965,0.247059,0.396078,141,73,6,1,2,4,1,119,114,0,29,197,e617ab48,0
600,0,2,3,2,2150000600,0,3,0,610,1,0,27,13,2060,0,STEADY,204,4.73833,4.23472,0.38949,0.29902,0.127451,80,23,5,7,0,1,0,67,113,0,0,21,e617ab48,0
600,0,2,3,2,2150000600,1,3,0,1099,1,0,25,19,2909,0,STEADY,367,3.22275,2.94886,0.180346,0.0980926,0.215259,61,22,11,5,1,1,1,69,113,0,0,110,e617ab48,0
601,1,3,4,2,2150000601,0,0,0,1118,1,0,27,22,3162,0,STEADY,373,3.00518,6.55533,0.128271,0.418231,0,85,0,14,5,0,1,2,76,136,0,36,0,e617ab48,0
601,1,3,4,2,2150000601,1,0,0,1895,1,0,70,32,4621,0,STEADY,632,3.4625,8.46016,0.109153,0.411392,0.0253165,286,6,23,4,0,1,4,36,136,0,90,9,e617ab48,0
602,2,4,5,2,2150000602,0,1,1,1140,1,3,0,21,3850,0,STEADY,380,6.36078,5.31382,0.177866,0.544737,0.131579,120,8,4,17,0,0,0,123,91,0,0,22,e617ab48,0
602,2,4,5,2,2150000602,1,1,1,1012,1,15,0,17,3308,0,STEADY,338,6.58916,4.93151,0.241166,0.571006,0.204142,39,20,5,12,0,0,0,136,79,0,0,0,e617ab48,0
603,3,5,0,2,2150000603,0,2,0,727,1,0,107,8,1736,0,STEADY,243,2.65348,2.27673,0.208872,0.127572,0.144033,45,7,6,1,0,1,0,34,106,0,15,121,e617ab48,0
603,3,5,0,2,2150000603,1,2,0,799,1,0,132,10,2033,0,STEADY,267,2.82138,5.65493,0.203502,0.172285,0.0411985,30,2,8,1,0,1,0,9,106,0,15,50,e617ab48,0
604,4,6,1,2,2150000604,0,3,0,526,1,0,117,12,1903,0,STEADY,176,3.63689,2.53661,0.27317,0.477273,0.119318,61,15,5,4,0,1,2,14,136,13,0,0,e617ab48,0
604,4,6,1,2,2150000604,1,3,0,459,1,0,101,11,1830,0,STEADY,153,4.43805,4.00592,0.309634,0.594771,0.117647,73,18,4,4,1,1,1,30,136,13,0,0,e617ab48,0
605,5,7,2,2,2150000605,0,0,0,1012,1,0,100,9,2133,0,STEADY,338,2.76906,4.64077,0.177571,0.115385,0.452663,108,36,2,2,1,2,2,0,141,0,48,16,e617ab48,0
605,5,7,2,2,2150000605,1,0,0,1578,1,0,90,13,2992,0,STEADY,526,2.61915,3.55901,0.153335,0.142586,0.269962,170,31,3,3,1,5,1,10,141,0,112,53,e617ab48,0
606,6,8,3,2,2150000606,0,1,0,1775,1,0,4,30,5230,0,STEADY,592,3.64391,1.92478,0.126953,0.0219595,0.496622,149,68,28,0,1,0,1,112,131,0,0,429,e617ab48,0
606,6,8,3,2,2150000606,1,1,0,1224,1,0,114,22,3922,0,STEADY,408,3.05513,2.1178,0.153498,0.0220588,0.220588,110,37,20,1,1,0,0,2,131,0,0,102,e617ab48,0
607,7,9,4,2,2150000607,0,2,1,1525,1,25,0,21,3487,0,STEADY,509,2.31528,7.93121,0.106369,0.0667976,0.0255403,323,7,13,6,0,1,1,239,75,0,0,28,e617ab48,0
607,7,9,4,2,2150000607,1,2,0,1723,1,0,129,24,4336,0,STEADY,575,2.84415,5.53019,0.134499,0.172174,0.0208696,470,10,4,18,0,1,1,60,100,0,0,20,e617ab48,0
608,8,10,5,2,2150000608,0,3,0,966,1,0,29,19,2620,0,STEADY,322,3.50601,3.3766,0.255901,0.136646,0.357143,65,30,2,1,14,0,2,95,116,0,10,54,e617ab48,0
608,8,10,5,2,2150000608,1,3,0,1085,2,33,80,12,1997,0,STEADY,362,8.35253,8.96365,0.475975,0.342541,0.234807,173,47,6,2,3,0,1,44,83,0,0,0,e617ab48,0
609,9,11,0,2,2150000609,0,0,1,1960,1,73,0,23,4309,0,STEADY,654,2.77349,6.36802,0.129183,0.0688073,0.16055,0,0,5,14,1,1,2,156,191,115,0,92,e617ab48,0
609,9,11,0,2,2150000609,1,0,1,367,1,71,0,9,1601,0,STEADY,123,3.23474,4.01271,0.367228,0.138211,0.130081,0,0,2,5,1,1,0,120,96,18,0,64,e617ab48,0
610,10,12,1,2,2150000610,0,1,1,750,1,1,0,13,2408,0,STEADY,250,2.41024,2.77443,0.167148,0.108,0.088,111,6,10,2,1,0,0,111,123,0,0,81,e617ab48,0
610,10,12,1,2,2150000610,1,1,0,364,1,0,9,9,1620,0,STEADY,122,3.54473,2.97274,0.35377,0.213115,0.0901639,24,3,6,2,0,1,0,102,124,0,0,53,e617ab48,0
611,11,13,2,2,2150000611,0,2,1,1213,1,40,0,20,3285,0,STEADY,405,3.81868,7.48496,0.160805,0.111111,0.0592593,73,14,12,3,0,3,2,104,113,36,0,96,e617ab48,0
611,11,13,2,2,2150000611,1,2,1,2041,1,103,0,21,4330,0,STEADY,681,2.70664,5.17222,0.137189,0.0837004,0.0396476,0,0,6,4,1,6,4,104,25,11,40,54,e617ab48,0
612,12,14,3,2,2150000612,0,3,0,718,1,0,25,13,2402,0,STEADY,240,3.29061,3.3771,0.296171,0.195833,0.158333,30,17,6,2,2,2,1,88,111,0,0,59,e617ab48,0
612,12,14,3,2,2150000612,1,3,1,694,1,12,0,14,2162,0,STEADY,232,3.246,2.9452,0.230082,0.258621,0.206897,34,12,10,1,2,1,0,113,99,0,0,60,e617ab48,0
613,13,15,4,2,2150000613,0,0,1,747,1,88,0,15,2737,0,STEADY,249,3.8503,5.00454,0.228743,0.429719,0.0281124,0,0,12,0,2,0,1,118,16,0,0,0,e617ab48,0
613,13,15,4,2,2150000613,1,0,0.5,805,1,0,0,13,2487,0,STEADY,269,3.01056,2.98945,0.146695,0.275093,0,91,0,10,1,1,1,0,118,104,0,0,0,e617ab48,0
614,14,16,5,2,2150000614,0,1,1,582,1,69,0,13,1920,0,STEADY,194,3.32394,7.77732,0.392253,0.056701,0.0515464,0,0,2,7,1,1,2,115,44,0,15,9,e617ab48,0
614,14,16,5,2,2150000614,1,1,1,1548,1,33,0,27,4324,0,STEADY,516,2.73117,7.93921,0.233167,0.0387597,0.0135659,117,0,1,15,3,3,5,115,80,0,34,0,e617ab48,0
615,15,17,0,2,2150000615,0,2,0,331,1,0,60,7,1202,0,STEADY,111,3.31541,2.4281,0.37227,0.234234,0.18018,25,0,2,3,0,1,1,44,118,0,24,39,e617ab48,0
615,15,17,0,2,2150000615,1,2,0,442,1,0,74,8,1385,0,STEADY,148,3.24417,3.48042,0.302358,0.277027,0.195946,33,2,2,4,0,1,1,24,118,0,24,6,e617ab48,0
616,16,18,1,2,2150000616,0,3,1,1152,1,53,0,21,3750,0,STEADY,384,1.97262,1.92313,0.134352,0.0546875,0.0442708,0,0,18,2,0,0,1,129,62,0,0,22,e617ab48,0
616,16,18,1,2,2150000616,1,3,1,1314,1,29,0,23,4187,0,STEADY,438,2.15451,1.93419,0.139071,0.0616438,0.0479452,333,17,20,3,0,0,0,129,86,0,0,35,e617ab48,0
617,17,19,2,2,2150000617,0,0,1,1130,1,85,0,14,2818,0,STEADY,377,3.25008,6.64238,0.393581,0.225464,0,0,0,3,3,0,7,1,132,47,42,0,25,e617ab48,0
617,17,19,2,2,2150000617,1,0,0,2144,1,0,52,17,3752,0,STEADY,715,2.0819,7.81934,0.194554,0.197203,0.0223776,366,9,3,1,0,5,8,80,132,30,0,0,e617ab48,0
618,18,20,3,2,2150000618,0,1,1,2527,1,74,0,37,5290,0,STEADY,843,3.49867,2.81006,0.117234,0.102017,0.326216,0,0,33,4,0,0,0,98,55,0,0,292,e617ab48,0
618,18,20,3,2,2150000618,1,1,0,2215,1,0,4,31,4594,0,STEADY,739,3.15056,2.43703,0.141124,0.0635995,0.292287,587,178,26,4,0,0,1,98,129,0,0,354,e617ab48,0
619,19,21,4,2,2150000619,0,2,0,691,1,0,34,14,2542,0,STEADY,231,3.58105,2.22576,0.219186,0.536797,0.004329,53,0,11,1,0,1,1,90,132,0,0,77,e617ab48,0
619,19,21,4,2,2150000619,1,2,0,1009,1,0,64,14,2647,0,STEADY,337,3.36811,2.61311,0.169282,0.240356,0.0445104,42,7,12,0,0,1,1,60,132,0,0,163,e617ab48,0
620,20,22,5,2,2150000620,0,3,0,1045,1,0,153,15,3238,0,STEADY,349,6.55151,3.86878,0.338573,0.429799,0.137536,44,17,9,3,0,3,0,22,102,0,0,39,e617ab48,0
620,20,22,5,2,2150000620,1,3,0,691,1,0,175,13,2634,0,STEADY,231,6.66488,2.80206,0.369398,0.580087,0.0606061,60,14,9,2,0,2,0,0,102,0,0,360,e617ab48,0
621,21,23,0,2,2150000621,0,0,0,1908,1,0,12,19,3657,0,STEADY,636,2.63929,6.09253,0.160778,0.0110063,0.284591,38,21,11,5,1,0,2,108,124,0,0,15,e617ab48,0
621,21,23,0,2,2150000621,1,0,0,1825,1,0,59,19,3556,0,STEADY,609,2.66417,5.33642,0.136695,0.00164204,0.246305,35,19,12,5,0,0,2,57,124,0,0,27,e617ab48,0
622,22,24,1,2,2150000622,0,1,1,1723,1,98,0,25,5695,0,STEADY,575,2.66144,5.46126,0.150544,0.189565,0.0973913,0,0,12,5,6,0,2,125,77,0,33,0,e617ab48,0
622,22,24,1,2,2150000622,1,1,1,1714,1,92,0,26,5864,0,STEADY,572,2.70943,4.83169,0.157217,0.153846,0.215035,0,0,13,4,8,0,1,125,83,0,54,13,e617ab48,0
623,23,25,2,2,2150000623,0,2,1,781,1,64,0,12,1945,0,STEADY,261,2.34543,7.18148,0.205693,0.0766284,0.0651341,0,0,6,4,0,0,2,104,56,15,0,22,e617ab48,0
623,23,25,2,2,2150000623,1,2,1,1099,1,105,0,18,2645,0,STEADY,367,2.19631,3.29785,0.146463,0.0544959,0.0408719,0,0,12,4,0,0,2,104,14,14,0,38,e617ab48,0
624,24,26,3,2,2150000624,0,3,0,906,1,0,42,18,2672,0,STEADY,302,3.48283,1.95997,0.20651,0.39404,0.115894,39,0,13,1,1,1,2,66,125,0,17,23,e617ab48,0
624,24,26,3,2,2150000624,1,3,0,730,1,0,2,14,2279,0,STEADY,244,3.19747,2.43037,0.220332,0.360656,0.118852,49,14,9,2,1,1,1,106,125,0,16,0,e617ab48,0
625,25,27,4,2,2150000625,0,0,0,845,1,0,65,15,2439,0,STEADY,282,3.80346,2.19925,0.310011,0.319149,0.177305,74,3,7,3,3,0,2,80,104,0,12,131,e617ab48,0
625,25,27,4,2,2150000625,1,0,0,1717,1,0,91,23,4289,0,STEADY,573,3.98506,5.13643,0.21089,0.186736,0.113438,379,8,2,15,4,1,1,54,104,0,30,84,e617ab48,0
626,26,28,5,2,2150000626,0,1,1,817,1,54,0,14,2262,0,STEADY,273,3.27213,5.69478,0.26589,0.106227,0.032967,0,0,7,5,1,0,1,111,54,0,0,36,e617ab48,0
626,26,28,5,2,2150000626,1,1,1,829,1,108,0,16,2308,0,STEADY,277,2.62793,5.78962,0.225004,0.0722022,0,0,0,10,4,0,0,2,111,0,0,0,0,e617ab48,0
627,27,29,0,2,2150000627,0,2,1,1548,1,114,0,22,4033,0,STEADY,516,5.00105,3.85478,0.15664,0.329457,0.323643,0,0,20,1,1,0,0,102,31,0,0,299,e617ab48,0
627,27,29,0,2,2150000627,1,2,0,1867,1,0,68,27,4913,0,STEADY,623,4.29971,2.72002,0.139088,0.300161,0.484751,136,59,25,2,0,0,0,34,145,0,0,496,e617ab48,0
628,28,30,1,2,2150000628,0,3,0,302,1,0,37,6,1185,0,STEADY,101,5.28912,3.49919,0.459059,0.336634,0.049505,22,1,1,3,0,0,2,88,111,0,0,0,e617ab48,0
628,28,30,1,2,2150000628,1,3,0,307,1,0,90,7,1430,0,STEADY,103,7.62636,3.72948,0.551883,0.466019,0.0776699,51,8,3,3,0,0,1,35,111,0,0,0,e617ab48,0
629,29,31,2,2,2150000629,0,0,0,712,1,0,79,14,2354,0,STEADY,238,3.35438,2.44569,0.216105,0.369748,0.189076,59,11,7,2,2,0,3,62,102,0,35,227,e617ab48,0
629,29,31,2,2,2150000629,1,0,0,1021,1,0,7,19,3403,0,STEADY,341,3.15368,3.66931,0.187724,0.431085,0.167155,238,41,8,1,6,0,4,134,102,0,6,104,e617ab48,0
630,30,32,3,2,2150000630,0,1,1,1116,1,51,0,28,3190,0,STEADY,372,3.19843,2.20363,0.189476,0.077957,0.0564516,0,0,24,2,0,1,1,121,74,0,0,148,e617ab48,0
630,30,32,3,2,2150000630,1,1,1,1717,1,85,0,42,4450,0,STEADY,573,2.29234,1.74002,0.134058,0.0418848,0.0383944,0,0,38,2,0,1,1,121,40,0,6,127,e617ab48,0
631,31,33,4,2,2150000631,0,2,0,568,1,0,66,11,1783,0,STEADY,190,3.17536,2.51248,0.301005,0.336842,0.0684211,38,3,5,4,1,0,1,86,141,9,0,111,e617ab48,0
631,31,33,4,2,2150000631,1,2,0,495,1,0,80,11,1701,0,STEADY,165,3.89731,3.11118,0.28463,0.4,0.0727273,45,10,5,4,0,0,2,72,132,0,0,96,e617ab48,0
632,32,34,5,2,2150000632,0,3,0,987,2,121,140,11,2180,0,STEADY,329,11.9772,9.64327,0.445255,0.43769,0.547112,0,0,8,0,1,2,0,0,0,0,0,0,e617ab48,0
632,32,34,5,2,2150000632,1,3,0,1099,1,0,123,20,3940,0,STEADY,367,5.90873,2.61815,0.261346,0.332425,0.332425,191,79,13,0,6,1,0,17,121,0,0,304,e617ab48,0
633,33,35,0,2,2150000633,0,0,1,2254,1,32,0,28,4925,0,STEADY,752,3.07773,5.62057,0.122028,0.0212766,0.0478723,48,26,15,2,9,0,2,101,120,0,0,38,e617ab48,0
633,33,35,0,2,2150000633,1,0,1,1045,1,110,0,14,2681,0,STEADY,349,3.89195,6.26381,0.18465,0.0286533,0.00573066,0,0,11,2,0,0,1,101,42,0,0,0,e617ab48,0
634,34,36,1,2,2150000634,0,1,1,1438,1,14,0,22,3567,0,STEADY,480,3.33826,5.52202,0.13961,0.26875,0.00833333,251,1,9,11,0,1,1,93,126,0,0,71,e617ab48,0
634,34,36,1,2,2150000634,1,1,1,616,1,16,0,12,1889,0,STEADY,206,3.29144,2.28822,0.250743,0.281553,0.150485,91,26,6,4,0,0,2,93,124,0,0,168,e617ab48,0
635,35,37,2,2,2150000635,0,2,1,2467,1,58,0,41,6098,0,STEADY,823,2.95543,4.25628,0.0921069,0.0376671,0.147023,0,0,13,25,1,1,1,150,43,0,10,129,e617ab48,0
635,35,37,2,2,2150000635,1,2,1,2083,1,84,0,35,5444,0,STEADY,695,3.24205,3.95861,0.0985568,0.0158273,0.166906,0,0,16,16,0,2,1,150,26,9,10,170,e617ab48,0
636,36,38,3,2,2150000636,0,3,0,549,1,0,86,11,2000,0,STEADY,183,5.28917,3.33859,0.364738,0.273224,0.15847,70,14,1,8,0,1,1,18,93,0,13,63,e617ab48,0
636,36,38,3,2,2150000636,1,3,0,938,1,0,32,17,3050,0,STEADY,313,3.81108,1.92043,0.18938,0.4377,0.124601,44,10,2,15,0,0,0,72,93,0,0,65,e617ab48,0
637,37,39,4,2,2150000637,0,0,1,968,1,84,0,17,3111,0,STEADY,323,3.21842,1.86921,0.190517,0.139319,0.331269,0,0,14,0,2,0,1,114,66,0,0,319,e617ab48,0
637,37,39,4,2,2150000637,1,0,1,730,1,49,0,14,2590,0,STEADY,244,2.97967,2.00264,0.249102,0.147541,0.27459,51,8,11,0,3,0,0,114,101,0,0,161,e617ab48,0
638,38,0,5,2,2150000638,0,1,0,919,2,47,109,13,2460,0,STEADY,307,6.68117,4.44703,0.255818,0.465798,0.335505,0,0,6,5,0,1,1,0,57,0,0,0,e617ab48,0
638,38,0,5,2,2150000638,1,1,0,799,1,0,113,15,2729,0,STEADY,267,5.36098,2.54253,0.282547,0.666667,0.108614,63,12,8,5,0,1,1,0,104,0,0,160,e617ab48,0
639,39,1,0,2,2150000639,0,2,0,826,1,0,90,14,2528,0,STEADY,276,3.27037,2.3538,0.284036,0.184783,0.318841,66,36,7,0,1,4,2,60,114,0,8,287,e617ab48,0
639,39,1,0,2,2150000639,1,2,0,1597,1,0,66,23,4460,0,STEADY,533,3.23166,2.50422,0.190484,0.236398,0.429644,99,42,8,1,2,8,4,84,114,0,12,274,e617ab48,0
640,0,9,2,2,2150000640,0,0,0,2700,3,36,102,45,7071,0,STEADY,900,3.59899,4.95026,0.132617,0.177778,0.187778,843,155,17,25,1,1,1,221,77,0,0,118,e617ab48,0
640,0,9,2,2,2150000640,1,0,0,2395,1,0,149,28,4793,0,STEADY,799,3.05576,6.52453,0.125522,0.0901126,0.18398,286,84,15,12,1,0,0,113,113,0,0,31,e617ab48,0
641,1,10,3,2,2150000641,0,1,0,1809,1,0,124,21,4325,0,STEADY,603,4.39231,5.73109,0.332595,0.109453,0.354892,141,25,0,4,0,2,15,0,136,0,30,21,e617ab48,0
641,1,10,3,2,2150000641,1,1,0,1614,1,0,69,23,4173,0,STEADY,538,4.05864,5.94689,0.27587,0.291822,0.172862,204,66,5,9,1,1,7,55,144,8,44,94,e617ab48,0
642,2,11,4,2,2150000642,0,2,0,544,1,0,17,10,1993,0,STEADY,182,4.12473,4.39474,0.273956,0.401099,0.010989,11,2,3,6,0,0,1,112,94,0,0,0,e617ab48,0
642,2,11,4,2,2150000642,1,2,1,1518,1,47,0,24,4387,0,STEADY,506,4.02813,5.3956,0.144004,0.426877,0.116601,0,0,3,20,0,0,1,129,47,0,0,112,e617ab48,0
643,3,12,5,2,2150000643,0,3,0,712,1,0,99,12,2124,0,STEADY,238,7.3551,7.77763,0.342613,0.273109,0.310924,23,4,10,0,0,2,0,12,106,0,0,0,e617ab48,0
643,3,12,5,2,2150000643,1,3,0,499,1,0,79,10,1816,0,STEADY,167,4.0675,3.41612,0.310329,0.281437,0.0359281,38,5,8,1,0,1,0,32,106,0,0,21,e617ab48,0
644,4,13,0,2,2150000644,0,0,1,628,1,2,0,11,1953,0,STEADY,210,4.0568,2.05902,0.32019,0.285714,0.0190476,68,4,4,5,1,1,0,104,134,13,0,204,e617ab48,0
644,4,13,0,2,2150000644,1,0,0,667,1,0,60,11,1960,0,STEADY,223,5.39235,3.65388,0.318036,0.2287,0.0896861,155,20,2,7,0,1,1,44,136,13,0,121,e617ab48,0
645,5,14,1,2,2150000645,0,1,1,577,1,30,0,13,1962,0,STEADY,193,2.99774,3.60448,0.220684,0.658031,0.0569948,31,0,9,2,0,1,1,113,111,0,0,0,e617ab48,0
645,5,14,1,2,2150000645,1,1,0,657,1,0,113,12,1919,0,STEADY,219,2.75952,6.01507,0.21847,0.315068,0.100457,59,0,8,2,0,1,1,0,141,0,22,0,e617ab48,0
646,6,15,2,2,2150000646,0,2,1,1194,1,103,0,18,3332,0,STEADY,398,2.09717,3.94891,0.151309,0,0.0527638,0,0,16,0,1,0,1,118,28,0,0,29,e617ab48,0
646,6,15,2,2,2150000646,1,2,1,1509,1,87,0,25,4435,0,STEADY,503,2.25022,6.4162,0.125575,0.0139165,0.163022,0,0,23,0,1,0,1,118,44,0,0,39,e617ab48,0
647,7,16,3,2,2150000647,0,3,1,1042,1,7,0,18,2799,0,STEADY,348,1.95638,1.81458,0.166615,0.0603448,0.0201149,33,0,11,4,0,1,2,115,93,0,0,60,e617ab48,0
647,7,16,3,2,2150000647,1,3,1,592,1,83,0,13,1960,0,STEADY,198,2.79729,2.46003,0.244086,0.0858586,0.0707071,0,0,8,3,0,1,1,115,17,0,0,0,e617ab48,0
648,8,17,4,2,2150000648,0,0,0,737,1,0,83,16,2350,0,STEADY,246,3.38337,1.83733,0.224512,0.211382,0.304878,81,36,4,0,10,1,1,37,116,0,0,272,e617ab48,0
648,8,17,4,2,2150000648,1,0,0,397,1,0,38,10,1630,0,STEADY,133,3.79812,2.43897,0.377812,0.466165,0.255639,35,18,4,0,4,1,1,71,116,0,0,30,e617ab48,0
649,9,18,5,2,2150000649,0,1,1,1729,1,149,0,22,3632,0,STEADY,577,2.86352,8.26038,0.158541,0.00693241,0.0710572,0,0,4,16,0,0,2,129,94,94,0,0,e617ab48,0
649,9,18,5,2,2150000649,1,1,0,2700,3,133,10,24,4428,0,STEADY,900,2.27511,5.88632,0.102484,0.02,0.0477778,0,0,4,17,1,1,1,119,170,154,0,0,e617ab48,0
650,10,19,0,2,2150000650,0,2,1,1528,1,49,0,23,4159,0,STEADY,510,2.53174,1.94351,0.139376,0.0490196,0.172549,43,4,20,2,1,0,0,132,75,0,0,280,e617ab48,0
650,10,19,0,2,2150000650,1,2,0,1625,1,0,76,23,4241,0,STEADY,542,2.32761,1.7212,0.126897,0.0553506,0.136531,71,16,20,2,1,0,0,56,124,0,0,214,e617ab48,0
651,11,20,1,2,2150000651,0,3,1,760,1,91,0,15,2376,0,STEADY,254,3.17658,2.23981,0.246063,0.125984,0.0984252,0,0,10,3,0,1,1,94,26,0,10,134,e617ab48,0
651,11,20,1,2,2150000651,1,3,1,1057,1,38,0,20,2993,0,STEADY,353,2.35383,2.16084,0.159581,0.0934844,0.0849858,261,28,15,3,0,1,1,94,79,0,10,33,e617ab48,0
652,12,21,2,2,2150000652,0,0,0,1894,1,0,37,17,3353,0,STEADY,632,3.48066,5.56179,0.0926646,0.0870253,0.126582,34,0,7,1,7,1,1,87,111,0,0,38,e617ab48,0
652,12,21,2,2,2150000652,1,0,0,1708,1,0,28,14,2903,0,STEADY,570,3.49634,6.24493,0.103132,0.0964912,0.0473684,463,23,5,1,5,1,2,96,111,0,0,31,e617ab48,0
653,13,22,3,2,2150000653,0,1,1,1289,1,30,0,24,4242,0,STEADY,430,4.12922,5.03237,0.151442,0.451163,0.072093,64,0,21,1,2,0,0,175,74,0,0,78,e617ab48,0
653,13,22,3,2,2150000653,1,1,0,895,1,0,141,17,3030,0,STEADY,299,5.49374,2.82394,0.196896,0.538462,0.117057,78,14,14,1,2,0,0,34,104,0,0,305,e617ab48,0
654,14,23,4,2,2150000654,0,2,1,1605,1,18,0,24,3690,0,STEADY,535,2.19394,6.0819,0.213372,0.0205607,0.0261682,115,6,0,17,2,2,3,120,95,0,17,35,e617ab48,0
654,14,23,4,2,2150000654,1,2,0,973,1,0,35,12,2018,0,STEADY,325,2.21416,5.82744,0.207597,0.0184615,0.0276923,196,7,1,7,1,1,2,83,113,0,17,0,e617ab48,0
655,15,24,5,2,2150000655,0,3,1,1508,2,74,113,29,4321,0,STEADY,503,5.80651,2.63737,0.230686,0.713718,0.143141,0,0,15,10,0,3,1,12,44,0,17,600,e617ab48,0
655,15,24,5,2,2150000655,1,3,0,814,1,0,77,14,2285,0,STEADY,272,4.04297,3.62379,0.27514,0.3125,0.150735,92,16,7,3,1,2,1,48,118,0,0,205,e617ab48,0
656,16,25,0,2,2150000656,0,0,1,552,1,115,0,11,2118,0,STEADY,184,2.65253,3.18936,0.260788,0.108696,0.0652174,0,0,8,2,1,0,0,104,0,0,0,77,e617ab48,0
656,16,25,0,2,2150000656,1,0,1,616,1,71,0,13,2420,0,STEADY,206,2.84553,5.302,0.218534,0.0970874,0.199029,0,0,10,2,1,0,0,104,44,0,0,15,e617ab48,0
657,17,26,1,2,2150000657,0,1,0,814,1,0,10,10,1621,0,STEADY,272,2.90254,2.70576,0.265276,0.0882353,0.0551471,127,0,5,2,0,3,0,98,106,18,0,99,e617ab48,0
657,17,26,1,2,2150000657,1,1,0,602,1,0,4,9,1338,0,STEADY,201,3.00129,5.09812,0.237945,0.0547264,0.0845771,126,0,5,2,0,1,1,104,94,6,0,11,e617ab48,0
658,18,27,2,2,2150000658,0,2,0,1218,1,0,47,21,3040,0,STEADY,406,3.15182,1.70484,0.177271,0.0492611,0.258621,253,27,18,2,0,0,1,98,129,0,0,227,e617ab48,0
658,18,27,2,2,2150000658,1,2,1,2700,3,61,13,40,5720,0,STEADY,900,2.58561,1.65336,0.0973144,0.0588889,0.151111,0,0,35,3,0,1,1,132,68,0,10,269,e617ab48,0
659,19,28,3,2,2150000659,0,3,0,619,1,0,64,12,2210,0,STEADY,207,5.32506,2.06702,0.282541,0.47343,0.149758,79,22,9,2,0,1,0,47,132,0,5,287,e617ab48,0
659,19,28,3,2,2150000659,1,3,0,523,1,0,111,11,2008,0,STEADY,175,6.01657,1.79929,0.349983,0.388571,0.171429,44,29,8,1,0,2,0,0,132,0,15,402,e617ab48,0
660,20,29,4,2,2150000660,0,0,1,1203,1,42,0,21,4086,0,STEADY,401,3.97092,1.93968,0.175229,0.551122,0.147132,0,0,16,2,1,1,1,102,60,0,0,430,e617ab48,0
660,20,29,4,2,2150000660,1,0,0,1443,1,0,79,25,4470,0,STEADY,481,5.37285,3.7739,0.170247,0.455301,0.318087,74,22,22,1,0,1,1,23,102,0,16,569,e617ab48,0
661,21,30,5,2,2150000661,0,1,1,1930,1,111,0,21,3610,0,STEADY,644,2.86406,7.41715,0.141837,0.0015528,0.0279503,0,0,9,10,0,0,2,125,13,0,0,0,e617ab48,0
661,21,30,5,2,2150000661,1,1,1,1990,1,82,0,26,4090,0,STEADY,664,2.67401,5.82808,0.132744,0.00451807,0.0346386,0,0,9,15,0,0,2,125,42,0,0,0,e617ab48,0
662,22,31,0,2,2150000662,0,2,1,1013,1,96,0,12,3019,0,STEADY,338,2.74264,5.87848,0.198686,0.127219,0.0325444,0,0,3,4,3,0,2,141,79,0,42,54,e617ab48,0
662,22,31,0,2,2150000662,1,2,0,2362,1,0,8,32,7199,0,STEADY,788,2.89832,4.34344,0.141094,0.129442,0.189086,173,57,7,7,10,0,8,124,175,0,78,88,e617ab48,0
663,23,32,1,2,2150000663,0,3,1,721,1,45,0,15,2133,0,STEADY,241,2.20094,1.92933,0.234506,0.0622407,0.0622407,133,11,10,4,1,0,0,121,80,20,0,0,e617ab48,0
663,23,32,1,2,2150000663,1,3,1,826,1,68,0,17,2469,0,STEADY,276,2.18828,2.00299,0.191098,0.0724638,0.0471014,0,0,11,4,1,0,1,121,57,20,0,0,e617ab48,0
664,24,33,2,2,2150000664,0,0,0,874,1,0,135,13,2396,0,STEADY,292,3.17257,1.40629,0.179925,0.25,0.205479,46,28,6,2,0,3,2,17,125,0,34,89,e617ab48,0
664,24,33,2,2,2150000664,1,0,0,1948,1,0,25,17,3791,0,STEADY,650,2.61197,6.10619,0.112745,0.193846,0.0784615,35,8,5,5,1,5,1,127,125,0,22,65,e617ab48,0
665,25,34,3,2,2150000665,0,1,0,766,1,0,78,14,2379,0,STEADY,256,4.43131,2.20751,0.432992,0.5,0,34,0,3,7,3,0,1,62,104,0,32,376,e617ab48,0
665,25,34,3,2,2150000665,1,1,0,565,1,0,96,7,1368,0,STEADY,189,4.06269,4.73098,0.367275,0.153439,0.031746,38,1,2,3,1,0,1,44,104,0,8,50,e617ab48,0
666,26,35,4,2,2150000666,0,2,1,1294,1,108,0,21,3657,0,STEADY,432,4.04738,6.99199,0.215757,0.189815,0.0138889,0,0,3,15,1,0,2,101,0,0,0,53,e617ab48,0
666,26,35,4,2,2150000666,1,2,1,1527,1,94,0,24,4363,0,STEADY,509,4.51946,6.07682,0.272411,0.165029,0.0157171,0,0,0,19,0,0,5,101,14,0,0,58,e617ab48,0
667,27,36,5,2,2150000667,0,3,0,896,1,0,21,17,3008,0,STEADY,299,4.7897,2.53318,0.324876,0.578595,0.16388,82,16,15,1,0,0,1,72,145,0,0,0,e617ab48,0
667,27,36,5,2,2150000667,1,3,0,809,1,0,76,12,2269,0,STEADY,270,4.01514,4.03974,0.2846,0.27037,0.237037,28,12,10,1,0,0,1,17,145,0,0,56,e617ab48,0
668,28,37,0,2,2150000668,0,0,0,799,1,0,39,15,2732,0,STEADY,267,4.69271,2.71951,0.21264,0.561798,0.277154,137,42,2,12,0,0,1,111,111,0,0,186,e617ab48,0
668,28,37,0,2,2150000668,1,0,0,470,1,0,25,10,1971,0,STEADY,157,4.39186,2.4789,0.290917,0.566879,0.292994,61,27,2,6,1,0,1,125,111,0,0,118,e617ab48,0
669,29,38,1,2,2150000669,0,1,0,535,1,0,104,10,1960,0,STEADY,179,4.50933,3.56902,0.341799,0.268156,0.0837989,48,11,2,3,3,0,2,0,102,0,42,45,e617ab48,0
669,29,38,1,2,2150000669,1,1,0,368,1,0,55,8,1560,0,STEADY,123,4.50865,3.67001,0.420496,0.333333,0.0406504,24,1,2,1,2,1,2,49,102,0,24,42,e617ab48,0
670,30,39,2,2,2150000670,0,2,1,867,1,68,0,22,2700,0,STEADY,289,3.13101,1.89432,0.200453,0.100346,0.342561,0,0,19,3,0,0,0,114,57,0,0,94,e617ab48,0
670,30,39,2,2,2150000670,1,2,1,1126,1,104,0,25,2928,0,STEADY,376,3.76028,3.67777,0.14183,0.0638298,0.356383,0,0,21,2,0,1,1,114,21,0,0,88,e617ab48,0
671,31,0,3,2,2150000671,0,3,0,640,1,0,56,13,2053,0,STEADY,214,4.17667,2.24617,0.35879,0.443925,0.046729,55,1,5,6,0,0,2,57,132,0,0,60,e617ab48,0
671,31,0,3,2,2150000671,1,3,0,535,1,0,46,10,1742,0,STEADY,179,4.71394,2.50606,0.362704,0.385475,0.0726257,42,13,3,6,1,0,0,63,141,9,0,0,e617ab48,0
672,32,1,4,2,2150000672,0,0,0,781,1,0,6,14,2722,0,STEADY,261,2.80134,1.84636,0.203716,0.183908,0.164751,92,4,10,0,3,1,0,130,121,0,0,185,e617ab48,0
672,32,1,4,2,2150000672,1,0,0,523,1,0,63,11,2130,0,STEADY,175,3.19074,1.61864,0.249057,0.222857,0.165714,36,5,8,0,2,1,0,73,121,0,0,118,e617ab48,0
673,33,2,5,2,2150000673,0,1,1,1324,1,92,0,23,3327,0,STEADY,442,2.47254,2.72855,0.158434,0.0701357,0.0565611,0,0,5,2,16,0,0,94,60,0,0,234,e617ab48,0
673,33,2,5,2,2150000673,1,1,1,697,1,138,0,14,2225,0,STEADY,233,3.19645,2.56728,0.24715,0.0858369,0.0515021,0,0,4,2,7,0,1,94,14,0,0,189,e617ab48,0
674,34,3,0,2,2150000674,0,2,1,973,1,33,0,12,2096,0,STEADY,325,2.8384,2.62423,0.170803,0.184615,0.101538,19,1,6,4,0,0,2,97,107,0,0,149,e617ab48,0
674,34,3,0,2,2150000674,1,2,1,667,1,60,0,12,2054,0,STEADY,223,3.35116,3.71508,0.260919,0.286996,0.107623,0,0,4,6,0,2,0,106,80,0,0,1,e617ab48,0
675,35,4,1,2,2150000675,0,3,1,967,1,45,0,21,2885,0,STEADY,323,2.22369,2.27856,0.130248,0.0247678,0.105263,0,0,4,15,0,1,1,136,56,0,0,20,e617ab48,0
675,35,4,1,2,2150000675,1,3,0,751,1,0,26,16,2297,0,STEADY,251,2.79973,1.72524,0.168602,0.0677291,0.10757,51,9,4,10,0,1,1,110,101,0,6,72,e617ab48,0
676,36,5,2,2,2150000676,0,0,0,1072,1,0,53,18,3192,0,STEADY,358,2.96981,1.8831,0.16552,0.226257,0.310056,38,8,1,16,0,0,1,88,93,0,0,189,e617ab48,0
676,36,5,2,2,2150000676,1,0,0,1687,1,0,32,23,4162,0,STEADY,563,2.71259,1.94496,0.115229,0.222025,0.28952,116,2,2,21,0,0,0,109,93,0,0,187,e617ab48,0
677,37,6,3,2,2150000677,0,1,1,2185,1,2,0,30,5464,0,STEADY,729,3.87397,5.19738,0.162145,0.0589849,0.255144,123,61,28,0,1,0,1,131,148,0,0,13,e617ab48,0
677,37,6,3,2,2150000677,1,1,0,1723,1,0,46,27,4813,0,STEADY,575,3.70485,2.6946,0.150962,0.0921739,0.332174,188,113,25,0,1,0,1,85,150,0,0,502,e617ab48,0
678,38,7,4,2,2150000678,0,2,1,570,1,4,0,12,2108,0,STEADY,190,3.73329,2.68597,0.326274,0.642105,0.263158,18,3,5,5,0,0,2,100,100,0,0,101,e617ab48,0
678,38,7,4,2,2150000678,1,2,0,577,1,0,77,11,2080,0,STEADY,193,3.42437,2.8915,0.243378,0.502591,0.165803,20,4,5,3,0,1,2,23,104,0,0,34,e617ab48,0
679,39,8,5,2,2150000679,0,3,1,770,2,83,116,16,2562,0,STEADY,257,5.40503,1.27853,0.293521,0.750973,0.0155642,0,0,10,2,1,3,0,0,31,0,29,600,e617ab48,0
679,39,8,5,2,2150000679,1,3,0,943,1,0,98,17,3177,0,STEADY,315,4.60898,1.27545,0.281695,0.765079,0.0349206,99,6,6,4,1,5,1,18,114,0,46,555,e617ab48,0
680,0,16,1,2,2150000680,0,1,0,728,1,0,110,11,2144,0,STEADY,243,3.9961,5.5371,0.262276,0.205761,0.0617284,160,13,1,6,0,1,3,5,113,0,0,22,e617ab48,0
680,0,16,1,2,2150000680,1,1,1,978,1,36,0,13,2304,0,STEADY,326,3.55289,6.72803,0.166028,0.107362,0.0644172,4,0,6,5,0,1,1,115,77,0,0,58,e617ab48,0
681,1,17,2,2,2150000681,0,2,0,421,1,0,21,9,1388,0,STEADY,141,3.01553,2.10745,0.250099,0.333333,0.148936,53,4,5,2,0,1,1,54,136,0,31,88,e617ab48,0
681,1,17,2,2,2150000681,1,2,0,406,1,0,24,11,1582,0,STEADY,136,2.62275,2.17804,0.249971,0.433824,0.242647,27,7,7,2,0,1,1,72,136,0,67,104,e617ab48,0
682,2,18,3,2,2150000682,0,3,0,554,1,0,69,10,1967,0,STEADY,185,5.20452,3.26017,0.299638,0.47027,0.0432432,62,3,3,6,0,0,1,60,94,0,0,0,e617ab48,0
682,2,18,3,2,2150000682,1,3,0,556,1,0,117,12,2280,0,STEADY,186,5.64769,2.98098,0.30343,0.55914,0.0430108,32,8,3,8,0,0,1,12,94,0,0,49,e617ab48,0
683,3,19,4,2,2150000683,0,0,0,1458,1,0,132,24,4310,0,STEADY,486,3.46801,7.9769,0.138352,0.312757,0.0246914,57,5,21,1,0,1,1,0,106,0,8,52,e617ab48,0
683,3,19,4,2,2150000683,1,0,1,2293,1,31,0,38,6619,0,STEADY,765,2.42254,7.41554,0.104603,0.339869,0.0457516,184,16,35,0,1,1,1,132,75,0,0,46,e617ab48,0
684,4,20,5,2,2150000684,0,1,0,1052,2,123,102,9,1580,0,STEADY,351,12.7888,10.0836,0.739835,0.441595,0.401709,0,0,0,8,0,1,0,0,0,0,0,0,e617ab48,0
684,4,20,5,2,2150000684,1,1,1,750,1,61,0,15,2374,0,STEADY,250,3.86085,4.07653,0.294072,0.368,0.136,0,0,8,4,1,1,1,94,62,0,0,88,e617ab48,0
685,5,21,0,2,2150000685,0,2,0,1738,1,0,88,12,2887,0,STEADY,580,3.44947,6.4478,0.150747,0.0534483,0.0931034,203,24,3,2,1,6,0,36,141,0,7,38,e617ab48,0
685,5,21,0,2,2150000685,1,2,0,1948,1,0,88,14,2785,0,STEADY,650,3.42627,5.84621,0.0833492,0.0738462,0.110769,83,26,5,1,1,6,1,36,141,0,55,0,e617ab48,0
686,6,22,1,2,2150000686,0,3,1,1722,1,35,0,29,5175,0,STEADY,574,2.11464,2.53388,0.120516,0.0087108,0.123693,74,4,27,1,1,0,0,175,96,0,0,32,e617ab48,0
686,6,22,1,2,2150000686,1,3,1,1380,1,83,0,23,4130,0,STEADY,460,1.83855,2.23543,0.134517,0.00869565,0.158696,0,0,20,1,1,0,1,175,48,0,0,49,e617ab48,0
687,7,23,2,2,2150000687,0,0,1,589,1,81,0,9,1719,0,STEADY,197,2.70556,4.97716,0.178107,0.111675,0.00507614,0,0,4,3,1,1,0,108,19,0,0,37,e617ab48,0
687,7,23,2,2,2150000687,1,0,1,649,1,81,0,11,1883,0,STEADY,217,2.2421,6.24643,0.162876,0.0645161,0.0230415,0,0,6,2,0,1,2,105,19,0,0,0,e617ab48,0
688,8,24,3,2,2150000688,0,1,1,1219,1,27,0,23,3384,0,STEADY,407,4.45832,4.01939,0.289241,0.149877,0.353808,101,63,7,1,14,1,0,125,89,0,0,228,e617ab48,0
688,8,24,3,2,2150000688,1,1,1,1174,1,31,0,24,3520,0,STEADY,392,3.80157,1.89567,0.182696,0.19898,0.34949,123,66,8,1,14,1,0,125,85,0,0,282,e617ab48,0
689,9,25,4,2,2150000689,0,2,1,1669,1,149,0,25,3924,0,STEADY,557,2.85959,5.34578,0.133549,0.0359066,0.179533,0,0,2,18,1,1,3,104,66,66,0,137,e617ab48,0
689,9,25,4,2,2150000689,1,2,1,1219,1,105,0,16,2732,0,STEADY,407,2.75282,4.08205,0.145929,0.02457,0.108108,0,0,2,11,1,1,1,104,106,62,0,106,e617ab48,0
690,10,26,5,2,2150000690,0,3,0,1357,1,0,60,24,4159,0,STEADY,453,1.90579,2.40157,0.145227,0.0375276,0.116998,72,14,21,2,0,0,1,48,124,0,0,34,e617ab48,0
690,10,26,5,2,2150000690,1,3,0,1408,1,0,44,25,4308,0,STEADY,470,2.15684,2.96856,0.144623,0.0446809,0.114894,288,35,23,2,0,0,0,64,124,0,0,0,e617ab48,0
691,11,27,0,2,2150000691,0,0,1,2512,1,78,0,37,5968,0,STEADY,838,2.97676,5.00854,0.120936,0.0894988,0.122912,0,0,26,6,0,3,2,145,75,36,10,101,e617ab48,0
691,11,27,0,2,2150000691,1,0,1,2110,1,66,0,32,5415,0,STEADY,704,3.24705,6.13961,0.129857,0.129261,0.0440341,0,0,19,6,1,4,2,145,68,17,0,9,e617ab48,0
692,12,28,1,2,2150000692,0,1,0,289,1,0,48,7,1366,0,STEADY,97,4.01791,4.02127,0.474866,0.247423,0.0206186,18,0,2,1,2,1,1,51,111,0,0,54,e617ab48,0
692,12,28,1,2,2150000692,1,1,0,331,1,0,7,7,1302,0,STEADY,111,3.61467,5.09229,0.411568,0.153153,0.036036,49,3,3,1,1,1,1,84,111,0,0,37,e617ab48,0
693,13,29,2,2,2150000693,0,2,0,866,1,0,32,16,2890,0,STEADY,289,3.96431,2.37292,0.185765,0.422145,0.269896,95,18,12,1,2,0,1,70,104,0,0,147,e617ab48,0
693,13,29,2,2,2150000693,1,2,0,2233,1,0,61,39,6770,0,STEADY,745,3.4011,2.33061,0.106632,0.538255,0.222819,408,52,36,1,2,0,0,41,104,0,0,189,e617ab48,0
694,14,30,3,2,2150000694,0,3,0,1449,1,0,2,19,2832,0,STEADY,483,1.90824,1.48541,0.167375,0.010352,0.0207039,205,4,2,14,1,1,1,123,113,0,17,34,e617ab48,0
694,14,30,3,2,2150000694,1,3,1,1173,1,48,0,18,2701,0,STEADY,391,1.9769,1.49947,0.163575,0.0179028,0.0332481,0,0,2,12,1,1,2,125,65,0,0,40,e617ab48,0
695,15,31,4,2,2150000695,0,0,0,946,1,0,93,10,1874,0,STEADY,316,2.84211,3.02781,0.17187,0.218354,0.0506329,90,5,2,6,0,1,1,48,118,0,6,79,e617ab48,0
695,15,31,4,2,2150000695,1,0,0,1264,1,0,21,24,3611,0,STEADY,422,3.52079,2.00715,0.180602,0.526066,0.0971564,51,3,12,9,0,2,1,120,118,0,30,397,e617ab48,0
696,16,32,5,2,2150000696,0,1,1,2367,1,48,0,38,6846,0,STEADY,789,2.32252,2.46777,0.118283,0.0481622,0.107731,0,0,35,2,0,1,0,121,67,0,0,243,e617ab48,0
696,16,32,5,2,2150000696,1,1,1,1341,1,86,0,24,4250,0,STEADY,447,2.53517,2.90502,0.150553,0.0536913,0.0604027,0,0,21,2,0,0,1,121,29,0,0,124,e617ab48,0
697,17,33,0,2,2150000697,0,2,0,724,1,0,56,10,1875,0,STEADY,242,3.04351,5.25169,0.249165,0.107438,0.0619835,161,0,4,2,0,3,1,96,110,18,0,17,e617ab48,0
697,17,33,0,2,2150000697,1,2,0,1567,1,0,131,11,2511,0,STEADY,523,2.51383,6.71001,0.123145,0.0592734,0.0478011,84,14,2,1,1,3,4,21,118,17,0,6,e617ab48,0
698,18,34,1,2,2150000698,0,3,0,664,1,0,36,13,2050,0,STEADY,222,3.90765,2.77734,0.282514,0.0855856,0.5,118,79,10,3,0,0,0,104,129,0,0,64,e617ab48,0
698,18,34,1,2,2150000698,1,3,0,563,1,0,26,13,2290,0,STEADY,188,4.58077,3.03139,0.372814,0.319149,0.31383,95,50,8,5,0,0,0,114,129,0,0,0,e617ab48,0
699,19,35,2,2,2150000699,0,0,0,1649,1,0,5,25,4536,0,STEADY,550,3.44077,2.25905,0.142416,0.365455,0.178182,70,5,22,1,0,2,0,105,132,0,8,162,e617ab48,0
699,19,35,2,2,2150000699,1,0,0,1522,1,0,82,25,4503,0,STEADY,508,3.46509,1.9556,0.16837,0.498031,0.165354,101,0,21,2,0,2,0,19,132,0,0,192,e617ab48,0
700,20,36,3,2,2150000700,0,1,0,1141,1,0,40,17,3422,0,STEADY,381,4.97092,3.84136,0.267105,0.55643,0.249344,84,10,12,2,1,2,0,53,102,0,16,172,e617ab48,0
700,20,36,3,2,2150000700,1,1,0,881,1,0,52,15,2843,0,STEADY,294,4.37741,5.06448,0.251486,0.42517,0.22449,76,14,11,1,0,2,1,41,102,0,29,40,e617ab48,0
701,21,37,4,2,2150000701,0,2,1,1927,1,88,0,32,5231,0,STEADY,643,3.2395,7.16766,0.155605,0.0124417,0.0342146,0,0,21,8,1,0,2,150,36,0,0,13,e617ab48,0
701,21,37,4,2,2150000701,1,2,1,1996,1,90,0,30,4888,0,STEADY,666,3.24567,6.18114,0.120559,0.012012,0.0585586,0,0,18,9,1,0,2,150,34,0,0,84,e617ab48,0
702,22,38,5,2,2150000702,0,3,1,1990,1,50,0,25,5915,0,STEADY,664,5.0707,4.10086,0.251604,0.158133,0.239458,78,3,8,8,6,0,3,104,125,0,0,0,e617ab48,0
702,22,38,5,2,2150000702,1,3,0,1454,1,0,80,21,4657,0,STEADY,485,3.37057,3.28519,0.177623,0.218557,0.226804,156,69,4,4,6,0,7,24,175,0,52,57,e617ab48,0
703,23,39,0,2,2150000703,0,0,1,1432,1,61,0,18,3205,0,STEADY,478,1.81645,6.72064,0.143513,0.106695,0.0334728,0,0,5,11,0,0,2,114,60,16,0,20,e617ab48,0
703,23,39,0,2,2150000703,1,0,1,745,1,81,0,12,1956,0,STEADY,249,2.54115,5.92776,0.245811,0.13253,0.0281124,0,0,5,6,1,0,0,114,41,17,0,47,e617ab48,0
704,24,0,1,2,2150000704,0,1,0,1142,1,0,52,9,1932,0,STEADY,381,3.24301,6.00056,0.194357,0.11811,0.146982,121,3,4,1,1,1,2,57,125,0,17,75,e617ab48,0
704,24,0,1,2,2150000704,1,1,0,628,1,0,100,8,1589,0,STEADY,210,3.73649,2.66251,0.322771,0.195238,0.104762,77,8,3,2,1,2,0,13,125,0,20,123,e617ab48,0
705,25,1,2,2,2150000705,0,2,0,590,1,0,106,12,1958,0,STEADY,197,3.44996,2.66848,0.265807,0.543147,0.0558376,51,8,4,6,1,0,1,30,104,0,0,76,e617ab48,0
705,25,1,2,2,2150000705,1,2,0,727,1,0,44,16,2433,0,STEADY,243,3.49548,1.21013,0.221531,0.617284,0.0987654,36,0,7,7,1,0,1,92,104,0,11,125,e617ab48,0
706,26,2,3,2,2150000706,0,3,1,817,1,21,0,17,2440,0,STEADY,273,3.13428,2.17826,0.246586,0.0952381,0.241758,159,43,11,4,1,0,1,94,87,0,0,131,e617ab48,0
706,26,2,3,2,2150000706,1,3,1,652,1,108,0,15,2211,0,STEADY,218,3.36415,3.0049,0.249679,0.114679,0.0733945,0,0,8,5,0,0,2,94,0,0,0,26,e617ab48,0
707,27,3,4,2,2150000707,0,0,0,1313,1,0,2,22,3849,0,STEADY,438,3.70263,3.56555,0.16387,0.372146,0.369863,72,27,20,0,0,0,2,104,145,0,0,138,e617ab48,0
707,27,3,4,2,2150000707,1,0,1,953,1,9,0,18,3192,0,STEADY,318,3.58205,3.96752,0.200167,0.41195,0.185535,110,9,15,1,0,0,2,106,136,0,0,0,e617ab48,0
708,28,4,5,2,2150000708,0,1,0,930,1,0,55,17,3170,0,STEADY,310,6.14845,5.09641,0.213477,0.648387,0.0419355,83,0,4,13,0,0,0,68,111,0,0,0,e617ab48,0
708,28,4,5,2,2150000708,1,1,1,524,1,81,0,10,1983,0,STEADY,175,7.08296,4.31942,0.365937,0.457143,0.0114286,0,0,4,6,0,0,0,136,30,0,0,0,e617ab48,0
709,29,5,0,2,2150000709,0,2,0,1210,1,0,99,16,3099,0,STEADY,404,2.9472,4.78965,0.187559,0.207921,0.153465,75,19,7,1,5,1,2,42,102,0,0,31,e617ab48,0
709,29,5,0,2,2150000709,1,2,0,943,1,0,84,17,2791,0,STEADY,315,3.01439,2.67586,0.191279,0.330159,0.190476,116,42,11,1,4,1,0,57,102,0,0,90,e617ab48,0
710,30,6,1,2,2150000710,0,3,0,1154,1,0,14,24,2900,0,STEADY,385,2.34971,2.18957,0.161969,0.0753247,0.0285714,154,1,21,3,0,0,0,117,125,0,0,0,e617ab48,0
710,30,6,1,2,2150000710,1,3,0,862,1,0,21,19,2428,0,STEADY,288,2.29078,2.06227,0.152868,0.138889,0.09375,108,8,15,2,0,1,1,110,125,0,4,22,e617ab48,0
711,31,7,2,2,2150000711,0,0,0,460,1,0,15,10,1603,0,STEADY,154,3.00446,1.97888,0.351604,0.376623,0.376623,53,36,4,4,0,1,1,85,132,0,12,76,e617ab48,0
711,31,7,2,2,2150000711,1,0,0,547,1,0,66,12,1841,0,STEADY,183,3.09659,2.72557,0.285361,0.382514,0.404372,63,32,6,4,0,1,1,34,132,0,10,72,e617ab48,0
712,32,8,3,2,2150000712,0,1,0,742,1,0,65,14,2640,0,STEADY,248,3.74356,6.82914,0.154242,0.169355,0.0806452,45,1,11,0,2,1,0,51,121,0,0,0,e617ab48,0
712,32,8,3,2,2150000712,1,1,1,683,1,7,0,14,2600,0,STEADY,228,3.48917,4.8491,0.16893,0.0921053,0.131579,79,0,11,0,1,1,1,116,114,0,0,0,e617ab48,0
713,33,9,4,2,2150000713,0,2,1,484,1,14,0,12,1810,0,STEADY,162,2.99159,1.64217,0.311759,0.0925926,0.308642,50,27,5,1,6,0,0,169,138,0,0,63,e617ab48,0
713,33,9,4,2,2150000713,1,2,0,1822,1,0,34,26,4158,0,STEADY,608,3.03072,5.86766,0.12662,0.0246711,0.0904605,56,25,13,1,11,0,1,233,152,0,0,59,e617ab48,0
714,34,10,5,2,2150000714,0,3,0,672,1,0,107,13,2031,0,STEADY,224,6.13319,2.88433,0.364388,0.571429,0.147321,86,0,5,6,0,0,2,17,140,0,0,210,e617ab48,0
714,34,10,5,2,2150000714,1,3,0,636,1,0,124,12,1971,0,STEADY,212,5.29384,1.7841,0.31009,0.575472,0.193396,39,21,3,8,0,0,1,0,140,0,0,320,e617ab48,0
715,35,11,0,2,2150000715,0,0,1,900,1,33,0,15,2494,0,STEADY,300,2.47432,6.18066,0.15394,0.00666667,0.143333,53,0,8,5,0,1,1,117,68,0,10,32,e617ab48,0
715,35,11,0,2,2150000715,1,0,1,1999,1,16,0,33,5427,0,STEADY,667,2.65527,5.77148,0.139595,0.011994,0.131934,30,0,20,9,0,3,1,141,102,17,10,64,e617ab48,0
716,36,12,1,2,2150000716,0,1,0,317,1,0,30,8,1500,0,STEADY,106,3.97332,3.21698,0.388519,0.367925,0.301887,46,23,2,6,0,0,0,81,93,0,0,0,e617ab48,0
716,36,12,1,2,2150000716,1,1,0,458,1,0,66,11,2040,0,STEADY,153,3.29334,3.26154,0.214719,0.405229,0.222222,46,17,2,8,0,1,0,45,93,0,13,148,e617ab48,0
717,37,13,2,2,2150000717,0,2,1,1311,1,68,0,21,3829,0,STEADY,437,5.49867,7.78505,0.21576,0.0846682,0.0892449,0,0,18,0,2,0,1,104,82,0,0,21,e617ab48,0
717,37,13,2,2,2150000717,1,2,1,1478,1,39,0,24,4348,0,STEADY,493,4.69092,7.11174,0.177945,0.0649087,0.245436,117,34,19,0,1,0,4,104,111,0,0,72,e617ab48,0
718,38,14,3,2,2150000718,0,3,1,727,1,66,0,14,2579,0,STEADY,243,4.41202,2.25844,0.284634,0.617284,0.176955,0,0,7,4,0,1,2,113,38,0,0,78,e617ab48,0
718,38,14,3,2,2150000718,1,3,1,747,1,16,0,15,2637,0,STEADY,249,4.32822,2.46479,0.334727,0.634538,0.168675,19,0,7,6,0,0,2,113,88,0,0,43,e617ab48,0
719,39,15,4,2,2150000719,0,0,1,652,1,74,0,14,2200,0,STEADY,218,2.87025,1.81023,0.256312,0.12844,0.146789,0,0,9,1,1,2,1,118,40,0,8,90,e617ab48,0
719,39,15,4,2,2150000719,1,0,1,1291,1,26,0,25,3904,0,STEADY,431,2.94395,5.27361,0.170299,0.204176,0.299304,161,45,17,1,1,5,1,118,88,0,12,13,e617ab48,0
