case,species,opponent,arena,weather,seed,seat,style,score,ticks,reason,own_hp,enemy_hp,casts,energy_spent,overflow,personality,decisions,distance,objective_distance,mean_energy,stationary_fraction,retreat_fraction,low_hp_decisions,low_hp_retreats,casts_1,casts_2,casts_3,casts_4,casts_5,damage,damage_taken,healed,shielded,control,model_checksum,opponent_checksum
0,0,17,0,0,2160000000,0,0,0,1928,1,0,7,28,4096,0,STEADY,643,2.831,6.18006,0.12335,0.0839813,0.538103,201,103,18,8,0,1,1,121,113,0,0,67,e617ab48,0
0,0,17,0,0,2160000000,1,0,0,493,1,0,68,10,1562,0,STEADY,165,3.26903,3.69375,0.279964,0.0606061,0.527273,37,15,5,3,0,0,2,42,113,0,0,24,e617ab48,0
1,1,18,1,0,2160000001,0,1,0,424,1,0,129,6,1139,0,STEADY,142,3.66614,2.70152,0.316169,0.147887,0.0211268,44,0,2,1,0,1,2,0,136,0,0,81,e617ab48,0
1,1,18,1,0,2160000001,1,1,0,1245,1,0,71,14,2331,0,STEADY,415,2.52323,2.05911,0.129422,0.146988,0.0939759,209,24,8,3,0,1,2,58,136,0,22,132,e617ab48,0
2,2,19,2,0,2160000002,0,2,0,563,1,0,54,9,1779,0,STEADY,188,6.08961,3.01559,0.241277,0.345745,0.271277,105,49,2,6,0,0,1,78,94,0,0,144,e617ab48,0
2,2,19,2,0,2160000002,1,2,0.5,669,1,0,0,11,2090,0,STEADY,223,5.40625,2.99098,0.201843,0.32287,0.156951,48,13,2,8,0,0,1,132,94,0,0,204,e617ab48,0
3,3,20,3,0,2160000003,0,3,1,2305,1,44,0,36,6335,0,STEADY,769,1.9779,1.63961,0.125429,0.223667,0.120936,0,0,34,1,0,1,0,102,62,0,15,215,e617ab48,0
3,3,20,3,0,2160000003,1,3,0,991,1,0,38,15,2742,0,STEADY,331,2.57994,2.05378,0.19145,0.208459,0.0694864,60,2,13,1,0,1,0,44,106,0,0,95,e617ab48,0
4,4,21,4,0,2160000004,0,0,0,565,1,0,42,11,1695,0,STEADY,189,3.07491,1.5894,0.244307,0.343915,0.042328,43,0,5,5,0,0,1,82,123,0,0,132,e617ab48,0
4,4,21,4,0,2160000004,1,0,0,796,1,0,119,11,2102,0,STEADY,266,3.77427,5.63478,0.192936,0.184211,0.109023,55,18,2,6,1,0,2,5,123,0,0,0,e617ab48,0
5,5,22,5,0,2160000005,0,1,0,2491,1,0,175,14,2800,0,STEADY,831,14.2792,12.1101,0.946844,0.683514,0.275572,90,0,0,0,0,14,0,0,141,0,0,0,e617ab48,0
5,5,22,5,0,2160000005,1,1,1,2149,1,83,0,24,4072,0,STEADY,717,2.45453,6.57118,0.13531,0.160391,0.145049,0,0,15,1,1,5,2,175,58,0,38,20,e617ab48,0
6,6,23,0,0,2160000006,0,2,1,1692,1,33,0,29,5073,0,STEADY,564,3.12603,3.02395,0.124387,0.00531915,0.60461,61,43,27,0,1,0,1,121,98,0,0,271,e617ab48,0
6,6,23,0,0,2160000006,1,2,1,1927,1,35,0,31,5500,0,STEADY,643,2.90292,1.769,0.109226,0.0311042,0.423017,122,23,28,1,1,1,0,119,96,0,0,135,e617ab48,0
7,7,24,1,0,2160000007,0,3,1,1003,1,70,0,16,2468,0,STEADY,335,1.74304,2.28912,0.135057,0.0298507,0.0507463,0,0,11,3,0,1,1,125,30,0,0,49,e617ab48,0
7,7,24,1,0,2160000007,1,3,1,901,1,72,0,14,2296,0,STEADY,301,2.00254,1.74801,0.141299,0.0664452,0.0398671,0,0,9,3,1,1,0,125,28,0,0,36,e617ab48,0
8,8,25,2,0,2160000008,0,0,0,802,1,0,83,15,2322,0,STEADY,268,3.65974,3.05992,0.228735,0.115672,0.451493,151,81,4,1,8,1,1,21,116,0,0,154,e617ab48,0
8,8,25,2,0,2160000008,1,0,1,1139,1,74,0,18,2965,0,STEADY,380,3.47731,4.346,0.169587,0.165789,0.402632,0,0,11,1,5,0,1,104,42,0,0,12,e617ab48,0
9,9,26,3,0,2160000009,0,1,0,1264,1,0,33,22,3340,0,STEADY,422,2.82989,3.30322,0.17104,0.049763,0.106635,89,11,3,17,1,1,0,75,155,6,0,108,e617ab48,0
9,9,26,3,0,2160000009,1,1,1,2299,1,23,0,30,4617,0,STEADY,767,3.12159,6.53546,0.132266,0.0482399,0.357236,81,4,2,24,1,1,2,108,126,0,0,57,e617ab48,0
10,10,27,4,0,2160000010,0,2,1,1212,1,73,0,18,3360,0,STEADY,404,3.44442,6.35936,0.150559,0.0990099,0.0767327,0,0,14,3,1,0,0,145,51,0,0,147,e617ab48,0
10,10,27,4,0,2160000010,1,2,1,1222,1,81,0,20,3622,0,STEADY,408,2.2225,2.63546,0.137733,0.0514706,0.14951,0,0,17,2,1,0,0,145,43,0,0,89,e617ab48,0
11,11,28,5,0,2160000011,0,3,1,1183,1,57,0,22,3354,0,STEADY,395,2.74803,4.52082,0.22158,0.0810127,0.0556962,0,0,16,3,1,1,1,111,72,12,10,0,e617ab48,0
11,11,28,5,0,2160000011,1,3,1,1438,1,98,0,25,3694,0,STEADY,480,2.00722,4.00198,0.143048,0.0520833,0.0416667,0,0,19,2,1,1,2,111,19,0,10,17,e617ab48,0
12,12,29,0,0,2160000012,0,0,1,1448,1,45,0,17,3518,0,STEADY,483,3.05449,5.37836,0.157033,0.188406,0.146998,0,0,4,1,7,4,1,102,66,0,0,57,e617ab48,0
12,12,29,0,0,2160000012,1,0,1,1251,1,95,0,19,3408,0,STEADY,417,3.18719,6.29846,0.180974,0.230216,0.244604,0,0,7,1,7,3,1,102,16,0,0,50,e617ab48,0
13,13,30,1,0,2160000013,0,1,0,396,1,0,101,9,1682,0,STEADY,132,5.24615,3.57581,0.367955,0.378788,0,77,0,6,0,1,0,2,24,104,0,0,0,e617ab48,0
13,13,30,1,0,2160000013,1,1,0,682,1,0,65,12,2333,0,STEADY,228,4.43013,2.91765,0.200636,0.307018,0.157895,125,34,9,0,1,1,1,51,104,0,0,58,e617ab48,0
14,14,31,2,0,2160000014,0,2,1,1164,1,79,0,13,2382,0,STEADY,388,1.63663,7.02393,0.189482,0.0180412,0.0103093,0,0,0,8,1,2,2,141,34,0,0,9,e617ab48,0
14,14,31,2,0,2160000014,1,2,1,1287,1,92,0,14,2457,0,STEADY,429,1.66684,7.26569,0.260284,0.037296,0.00699301,0,0,1,8,2,2,1,141,21,0,29,9,e617ab48,0
15,15,32,3,0,2160000015,0,3,0,544,1,0,89,11,1830,0,STEADY,182,4.70379,3.47323,0.310209,0.423077,0.032967,43,0,3,5,0,1,2,32,118,0,0,0,e617ab48,0
15,15,32,3,0,2160000015,1,3,0,597,1,0,81,12,1842,0,STEADY,199,4.0228,2.59157,0.296543,0.467337,0,96,0,6,4,0,1,1,40,118,0,24,0,e617ab48,0
16,16,33,4,0,2160000016,0,0,1,927,1,87,0,15,2814,0,STEADY,309,2.67622,6.19736,0.160123,0.0485437,0.0194175,0,0,12,1,1,0,1,152,28,0,0,19,e617ab48,0
16,16,33,4,0,2160000016,1,0,1,919,1,90,0,13,2551,0,STEADY,307,2.42841,7.27139,0.17801,0.0749186,0.0977199,0,0,10,2,1,0,0,152,25,0,0,0,e617ab48,0
17,17,34,5,0,2160000017,0,1,0,703,1,0,8,10,1446,0,STEADY,235,6.70399,4.28164,0.662089,0.229787,0.459574,30,10,5,0,1,2,2,132,98,3,0,111,e617ab48,0
17,17,34,5,0,2160000017,1,1,0,616,1,0,18,9,1517,0,STEADY,206,3.19847,4.77946,0.362563,0.223301,0.0291262,98,0,4,1,1,2,1,122,96,3,0,0,e617ab48,0
18,18,35,0,0,2160000018,0,2,1,1350,1,101,0,19,3145,0,STEADY,450,4.06452,3.75737,0.192722,0.0711111,0.197778,0,0,14,5,0,0,0,110,28,0,0,107,e617ab48,0
18,18,35,0,0,2160000018,1,2,0,1634,1,0,1,20,3305,0,STEADY,545,3.76939,3.13213,0.155284,0.0385321,0.174312,127,20,15,4,0,0,1,100,129,0,0,210,e617ab48,0
19,19,36,1,0,2160000019,0,3,1,936,1,34,0,16,2855,0,STEADY,312,3.86296,2.42529,0.190224,0.272436,0.365385,144,81,13,1,0,1,1,93,98,0,22,25,e617ab48,0
19,19,36,1,0,2160000019,1,3,0,977,1,0,33,18,3150,0,STEADY,326,3.83461,2.26066,0.170374,0.383436,0.245399,152,31,15,0,0,1,2,60,132,0,22,0,e617ab48,0
20,20,37,2,0,2160000020,0,0,0,543,1,0,111,10,1942,0,STEADY,181,4.52752,2.65236,0.251867,0.309392,0.480663,39,22,7,1,0,1,1,39,102,0,0,134,e617ab48,0
20,20,37,2,0,2160000020,1,0,0,645,1,0,81,9,1846,0,STEADY,215,4.25824,3.70732,0.230665,0.288372,0.651163,80,65,7,1,0,1,0,69,102,0,0,102,e617ab48,0
21,21,38,3,0,2160000021,0,1,1,884,1,86,0,12,2099,0,STEADY,295,3.27625,6.28562,0.241681,0.0101695,0.0677966,0,0,5,4,1,0,2,104,38,0,0,9,e617ab48,0
21,21,38,3,0,2160000021,1,1,1,1061,1,96,0,15,2592,0,STEADY,354,3.71899,6.62898,0.178274,0.00847458,0.110169,0,0,9,3,1,0,2,104,28,0,0,44,e617ab48,0
22,22,39,4,0,2160000022,0,2,1,2008,1,34,0,25,5736,0,STEADY,670,2.66976,3.16494,0.149637,0.128358,0.129851,247,27,8,5,7,0,5,114,141,0,9,99,e617ab48,0
22,22,39,4,0,2160000022,1,2,1,1576,1,160,0,22,5195,0,STEADY,526,3.05085,4.1776,0.160302,0.153992,0.0361217,0,0,2,8,7,0,5,114,15,0,10,22,e617ab48,0
23,23,0,5,0,2160000023,0,3,0,517,1,0,36,12,1740,0,STEADY,173,3.76204,2.7824,0.485561,0.202312,0.0982659,43,13,6,6,0,0,0,69,116,11,0,109,e617ab48,0
23,23,0,5,0,2160000023,1,3,0,550,1,0,25,12,1844,0,STEADY,184,2.92453,2.53575,0.307049,0.125,0.179348,37,14,6,4,1,0,1,88,119,14,0,103,e617ab48,0
24,24,1,0,0,2160000024,0,0,0,1234,1,0,68,18,2833,0,STEADY,412,2.98309,2.5187,0.156816,0.223301,0.381068,101,42,13,2,1,1,1,68,125,0,11,270,e617ab48,0
24,24,1,0,0,2160000024,1,0,0,949,1,0,50,17,2726,0,STEADY,317,3.29217,2.14126,0.2253,0.438486,0.290221,121,40,11,3,1,1,1,86,125,0,17,98,e617ab48,0
25,25,2,1,0,2160000025,0,1,0,231,1,0,33,5,930,0,STEADY,77,5.11989,2.29532,0.678805,0.207792,0.0779221,15,6,0,3,1,1,0,61,104,0,24,121,e617ab48,0
25,25,2,1,0,2160000025,1,1,0,910,1,0,66,18,2882,0,STEADY,304,3.32534,1.62702,0.208059,0.361842,0.263158,204,67,5,11,1,0,1,28,104,0,24,109,e617ab48,0
26,26,3,2,0,2160000026,0,2,1,889,1,54,0,18,2722,0,STEADY,297,3.13836,3.88417,0.250185,0.141414,0.175084,0,0,8,9,0,0,1,106,54,0,0,65,e617ab48,0
26,26,3,2,0,2160000026,1,2,1,800,1,67,0,14,2256,0,STEADY,267,2.58292,5.54289,0.279569,0.142322,0.0898876,0,0,4,8,0,0,2,106,41,0,0,50,e617ab48,0
27,27,4,3,0,2160000027,0,3,0,1048,1,0,51,17,3107,0,STEADY,350,4.84408,2.99913,0.244497,0.38,0.234286,125,62,15,1,0,0,1,85,145,0,0,95,e617ab48,0
27,27,4,3,0,2160000027,1,3,0,1113,1,0,72,21,3680,0,STEADY,371,4.99328,2.25414,0.240415,0.509434,0.250674,191,72,19,1,0,0,1,51,145,0,0,309,e617ab48,0
28,28,5,4,0,2160000028,0,0,0,745,1,0,27,15,2790,0,STEADY,249,3.50189,2.29316,0.236594,0.686747,0.0682731,80,11,3,11,0,0,1,114,111,0,0,113,e617ab48,0
28,28,5,4,0,2160000028,1,0,1,645,1,65,0,13,2524,0,STEADY,215,4.53977,2.57265,0.260419,0.64186,0.0511628,0,0,3,9,1,0,0,141,46,0,0,410,e617ab48,0
29,29,6,5,0,2160000029,0,1,0,1346,1,0,82,22,3928,0,STEADY,449,4.27413,4.52651,0.245385,0.329621,0.0957684,206,0,9,6,5,1,1,49,102,0,23,244,e617ab48,0
29,29,6,5,0,2160000029,1,1,0,1475,1,0,86,21,4141,0,STEADY,492,3.96694,7.13432,0.174581,0.276423,0.134146,38,12,6,4,7,1,3,45,102,0,27,10,e617ab48,0
30,30,7,0,0,2160000030,0,2,0,529,1,0,36,11,1730,0,STEADY,177,3.04495,2.48435,0.251819,0.0621469,0.338983,65,4,8,3,0,0,0,64,125,0,0,6,e617ab48,0
30,30,7,0,0,2160000030,1,2,1,531,1,1,0,11,1733,0,STEADY,177,2.99107,2.61269,0.273746,0.0508475,0.299435,78,9,8,3,0,0,0,100,124,0,0,39,e617ab48,0
31,31,8,1,0,2160000031,0,3,0,793,1,0,81,12,2229,0,STEADY,265,3.09706,2.61075,0.245649,0.207547,0.173585,47,8,3,4,0,1,4,35,132,0,12,9,e617ab48,0
31,31,8,1,0,2160000031,1,3,1,883,1,3,0,14,2416,0,STEADY,295,2.73636,2.31149,0.211224,0.176271,0.118644,102,23,5,5,0,0,4,116,129,0,0,0,e617ab48,0
32,32,9,2,0,2160000032,0,0,1,1274,1,57,0,23,4130,0,STEADY,425,3.14852,6.26755,0.11928,0.0423529,0.251765,0,0,20,0,1,1,1,155,64,0,0,77,e617ab48,0
32,32,9,2,0,2160000032,1,0,1,1379,1,20,0,24,4369,0,STEADY,460,2.73132,7.57651,0.132535,0.0413043,0.154348,141,31,21,1,1,0,1,149,101,0,0,19,e617ab48,0
33,33,10,3,0,2160000033,0,1,1,1642,1,34,0,26,4685,0,STEADY,548,3.62273,7.02679,0.252265,0.0711679,0.040146,454,12,20,3,1,0,2,124,118,0,0,50,e617ab48,0
33,33,10,3,0,2160000033,1,1,1,1633,1,31,0,27,4677,0,STEADY,545,3.49112,7.6877,0.167437,0.0293578,0.053211,29,19,21,0,2,0,4,124,121,0,0,15,e617ab48,0
34,34,11,4,0,2160000034,0,2,0,2192,1,0,117,41,6201,0,STEADY,731,4.38699,8.0421,0.115502,0.554036,0.146375,222,59,20,16,0,1,4,60,140,0,0,0,e617ab48,0
34,34,11,4,0,2160000034,1,2,0,775,1,0,6,12,1931,0,STEADY,259,2.74138,2.35804,0.196475,0.19305,0.123552,104,18,6,4,0,1,1,123,140,0,0,146,e617ab48,0
35,35,12,5,0,2160000035,0,3,0,348,1,0,79,9,1390,0,STEADY,116,4.42002,4.42307,0.323431,0.0344828,0.112069,1,0,3,4,0,1,1,32,101,0,0,0,e617ab48,0
35,35,12,5,0,2160000035,1,3,1,1279,1,32,0,22,3051,0,STEADY,427,2.22417,2.68925,0.125482,0.0562061,0.0749415,212,25,4,16,1,1,0,111,69,0,0,8,e617ab48,0
36,36,13,0,0,2160000036,0,0,0,1096,1,0,29,16,3044,0,STEADY,366,3.83079,6.68494,0.196727,0.188525,0.0382514,37,5,2,12,0,0,2,75,93,0,0,76,e617ab48,0
36,36,13,0,0,2160000036,1,0,0,1295,1,0,29,18,3467,0,STEADY,432,4.19498,6.02334,0.18753,0.145833,0.0231481,266,5,1,12,0,1,4,75,93,0,13,63,e617ab48,0
37,37,14,1,0,2160000037,0,1,1,713,1,1,0,13,2381,0,STEADY,238,2.60367,2.31373,0.220067,0.0798319,0.57563,69,24,10,0,2,0,1,113,149,0,0,63,e617ab48,0
37,37,14,1,0,2160000037,1,1,0,513,1,0,26,10,1811,0,STEADY,171,2.92004,2.17,0.277591,0.0526316,0.666667,43,39,8,0,1,0,1,87,150,0,0,40,e617ab48,0
38,38,15,2,0,2160000038,0,2,1,441,1,56,0,10,1850,0,STEADY,147,5.36172,3.08496,0.323864,0.639456,0.204082,0,0,4,4,0,1,1,118,48,0,0,74,e617ab48,0
38,38,15,2,0,2160000038,1,2,1,445,1,68,0,10,1870,0,STEADY,149,5.18216,3.28018,0.364443,0.704698,0.100671,0,0,5,3,1,1,0,118,36,0,0,37,e617ab48,0
39,39,16,3,0,2160000039,0,3,1,712,1,35,0,13,2362,0,STEADY,238,3.6524,1.91299,0.386176,0.264706,0.172269,11,0,6,1,2,4,0,115,79,0,18,167,e617ab48,0
39,39,16,3,0,2160000039,1,3,0,665,1,0,10,12,1960,0,STEADY,222,3.01528,2.52839,0.253437,0.0675676,0.103604,79,6,7,1,1,1,2,105,114,0,25,30,e617ab48,0
40,0,24,5,0,2160000040,0,1,1,1771,1,100,0,30,4339,0,STEADY,591,3.48415,4.98537,0.183785,0.172589,0.164129,0,0,17,12,0,0,1,125,13,0,0,0,e617ab48,0
40,0,24,5,0,2160000040,1,1,0,641,1,0,37,14,2200,0,STEADY,214,4.47073,3.52699,0.291257,0.219626,0.313084,37,33,7,5,1,1,0,88,113,0,0,229,e617ab48,0
41,1,25,0,0,2160000041,0,2,1,997,1,66,0,19,2839,0,STEADY,333,2.7301,1.86186,0.153291,0.453453,0.135135,0,0,12,4,0,1,2,104,70,0,32,122,e617ab48,0
41,1,25,0,0,2160000041,1,2,1,598,1,85,0,11,1776,0,STEADY,200,3.025,2.46696,0.225715,0.295,0.055,0,0,6,2,0,1,2,104,51,0,0,85,e617ab48,0
42,2,26,1,0,2160000042,0,3,0,607,1,0,15,10,2014,0,STEADY,203,4.61943,4.01902,0.273281,0.541872,0.152709,88,28,3,6,0,0,1,93,94,0,0,0,e617ab48,0
42,2,26,1,0,2160000042,1,3,1,1024,1,39,0,19,3419,0,STEADY,342,3.54536,2.49368,0.166635,0.350877,0.321637,0,0,2,16,0,0,1,108,55,0,0,0,e617ab48,0
43,3,27,2,0,2160000043,0,0,0,1716,1,0,90,26,4631,0,STEADY,572,3.65698,4.84838,0.14699,0.229021,0.0699301,100,16,24,1,0,1,0,55,106,0,15,97,e617ab48,0
43,3,27,2,0,2160000043,1,0,0,2700,3,40,100,38,6858,0,STEADY,900,2.90875,4.60592,0.105754,0.213333,0.0377778,165,4,36,1,0,1,0,45,66,0,15,94,e617ab48,0
44,4,28,3,0,2160000044,0,1,0,688,1,0,51,11,2192,0,STEADY,230,5.57652,2.91173,0.39177,0.373913,0.13913,15,0,0,7,1,1,2,60,136,13,0,170,e617ab48,0
44,4,28,3,0,2160000044,1,1,0,504,1,0,91,12,2017,0,STEADY,168,5.09316,2.60238,0.398363,0.458333,0,30,0,4,5,1,1,1,20,136,13,0,98,e617ab48,0
45,5,29,4,0,2160000045,0,2,1,1297,1,77,0,20,3068,0,STEADY,433,2.39384,1.87098,0.161367,0.30485,0.117783,0,0,15,2,0,2,1,102,64,0,9,87,e617ab48,0
45,5,29,4,0,2160000045,1,2,1,1114,1,74,0,15,2700,0,STEADY,372,2.89554,8.58321,0.182669,0.303763,0.182796,0,0,8,2,1,2,2,102,67,0,7,24,e617ab48,0
46,6,30,5,0,2160000046,0,3,0,1103,1,0,93,16,2947,0,STEADY,368,1.86342,2.52683,0.174209,0,0.100543,58,6,14,0,1,0,1,32,131,0,0,30,e617ab48,0
46,6,30,5,0,2160000046,1,3,1,2700,3,63,45,36,6369,0,STEADY,900,1.27647,2.37105,0.113367,0.0188889,0.105556,0,0,34,1,1,0,0,80,68,0,0,0,e617ab48,0
47,7,31,0,0,2160000047,0,0,1,928,1,4,0,13,2213,0,STEADY,310,1.90471,1.88879,0.157981,0.0645161,0.016129,202,1,8,3,1,1,0,141,96,0,0,71,e617ab48,0
47,7,31,0,0,2160000047,1,0,1,448,1,63,0,11,1760,0,STEADY,150,2.66407,5.61296,0.248273,0.08,0.04,0,0,6,3,1,1,0,141,37,0,0,34,e617ab48,0
48,8,32,1,0,2160000048,0,1,0,765,1,0,63,12,2336,0,STEADY,255,4.09665,4.81716,0.268835,0.203922,0.0745098,95,19,5,1,2,2,2,58,116,0,0,22,e617ab48,0
48,8,32,1,0,2160000048,1,1,1,1134,1,39,0,18,3292,0,STEADY,378,4.38837,4.6568,0.196246,0.227513,0,16,0,14,1,0,1,2,121,77,0,10,55,e617ab48,0
49,9,33,2,0,2160000049,0,2,1,1579,1,16,0,19,3621,0,STEADY,527,2.66878,5.24846,0.131131,0.0208729,0.0759013,319,17,4,9,1,0,5,152,145,12,0,0,e617ab48,0
49,9,33,2,0,2160000049,1,2,0,757,1,0,99,10,1980,0,STEADY,253,3.45225,4.28256,0.187692,0.0434783,0.134387,79,8,3,4,1,0,2,53,153,4,0,7,e617ab48,0
50,10,34,3,0,2160000050,0,3,0,1621,1,0,9,27,4654,0,STEADY,541,3.61056,2.117,0.136401,0.0406654,0.495379,163,71,24,3,0,0,0,131,124,0,0,326,e617ab48,0
50,10,34,3,0,2160000050,1,3,0,715,1,0,48,14,2530,0,STEADY,239,4.06371,3.70402,0.215477,0.154812,0.32636,89,44,11,2,1,0,0,92,124,0,0,148,e617ab48,0
51,11,35,4,0,2160000051,0,0,1,2224,1,101,0,34,6204,0,STEADY,742,3.21486,4.41063,0.133283,0.136119,0.0458221,0,0,14,9,0,6,5,110,16,0,0,110,e617ab48,0
51,11,35,4,0,2160000051,1,0,1,2020,1,85,0,25,4972,0,STEADY,674,3.03413,5.42419,0.123427,0.115727,0.0237389,0,0,8,7,0,5,5,110,53,21,18,10,e617ab48,0
52,12,36,5,0,2160000052,0,1,0,1046,1,0,51,14,2456,0,STEADY,349,4.90794,7.3766,0.371779,0.217765,0.157593,84,7,8,2,2,1,1,42,111,0,0,0,e617ab48,0
52,12,36,5,0,2160000052,1,1,0,1514,1,0,22,13,2783,0,STEADY,505,2.97971,6.78635,0.138846,0.118812,0,333,0,6,1,4,2,0,71,111,0,0,39,e617ab48,0
53,13,37,0,0,2160000053,0,2,0,950,1,0,133,18,3160,0,STEADY,317,5.57324,3.59263,0.169293,0.347003,0.353312,106,41,16,0,1,0,1,17,104,0,0,431,e617ab48,0
53,13,37,0,0,2160000053,1,2,0,1608,1,0,31,27,4764,0,STEADY,536,4.48794,3.07797,0.12403,0.333955,0.223881,78,31,24,0,1,0,2,119,104,0,0,260,e617ab48,0
54,14,38,1,0,2160000054,0,3,1,939,1,113,0,18,2497,0,STEADY,313,1.73624,1.8661,0.160911,0.028754,0.0830671,0,0,5,10,1,1,1,104,0,0,0,19,e617ab48,0
54,14,38,1,0,2160000054,1,3,1,729,1,113,0,13,1920,0,STEADY,243,1.97476,2.01753,0.192535,0.00823045,0.0823045,0,0,2,8,1,1,1,104,0,0,0,1,e617ab48,0
55,15,39,2,0,2160000055,0,0,0,2474,1,0,74,23,4101,0,STEADY,825,2.54965,3.98656,0.117722,0.167273,0.0654545,343,10,9,12,0,1,1,40,118,0,0,98,e617ab48,0
55,15,39,2,0,2160000055,1,0,0,2638,1,0,30,21,4286,0,STEADY,880,2.29861,4.1599,0.102017,0.127273,0.0284091,116,0,6,10,0,3,2,84,118,0,0,33,e617ab48,0
56,16,0,3,0,2160000056,0,1,0,505,1,0,42,9,1789,0,STEADY,169,3.85461,2.31165,0.270302,0.106509,0.0828402,65,4,6,2,0,0,1,71,115,0,0,79,e617ab48,0
56,16,0,3,0,2160000056,1,1,1,669,1,28,0,11,2182,0,STEADY,223,3.31045,6.24377,0.214238,0.0762332,0.0403587,10,0,8,2,0,0,1,113,87,0,0,0,e617ab48,0
57,17,1,4,0,2160000057,0,2,1,445,1,18,0,10,1520,0,STEADY,149,3.6778,1.89923,0.481893,0.288591,0.14094,27,7,5,2,0,2,1,136,76,6,0,116,e617ab48,0
57,17,1,4,0,2160000057,1,2,1,584,1,10,0,12,2013,0,STEADY,195,3.05341,2.18016,0.3538,0.338462,0.338462,46,37,5,3,0,4,0,136,90,18,0,121,e617ab48,0
58,18,2,5,0,2160000058,0,3,1,964,1,94,0,18,2580,0,STEADY,322,3.37976,3.04569,0.203186,0.0962733,0.158385,0,0,16,2,0,0,0,94,35,0,0,0,e617ab48,0
58,18,2,5,0,2160000058,1,3,1,1662,1,91,0,27,4014,0,STEADY,554,1.99485,2.90092,0.146572,0.0685921,0.140794,0,0,22,3,0,0,2,94,38,0,0,6,e617ab48,0
59,19,3,0,0,2160000059,0,0,1,1563,1,33,0,25,4450,0,STEADY,521,3.64709,3.06807,0.15291,0.289827,0.241843,140,25,22,1,0,1,1,100,99,0,0,108,e617ab48,0
59,19,3,0,0,2160000059,1,0,1,1474,1,12,0,18,3376,0,STEADY,492,3.21557,3.15678,0.14762,0.191057,0.170732,149,26,16,0,0,1,1,97,120,0,6,106,e617ab48,0
60,20,4,1,0,2160000060,0,1,0,1290,1,0,4,19,3549,0,STEADY,430,3.96373,2.55518,0.177028,0.327907,0.4,63,23,15,1,0,1,2,119,102,0,4,257,e617ab48,0
60,20,4,1,0,2160000060,1,1,0,783,1,0,88,12,2508,0,STEADY,261,4.76068,2.69679,0.244069,0.291188,0.295019,61,29,7,1,1,2,1,48,102,0,18,148,e617ab48,0
61,21,5,2,0,2160000061,0,2,1,1432,1,70,0,19,2804,0,STEADY,478,2.83824,3.74576,0.138797,0.00627615,0.246862,0,0,4,13,1,0,1,141,54,0,0,150,e617ab48,0
61,21,5,2,0,2160000061,1,2,1,1111,1,96,0,19,2801,0,STEADY,371,2.63228,3.23279,0.135547,0.0161725,0.183288,0,0,3,13,2,0,1,141,28,0,0,59,e617ab48,0
62,22,6,3,0,2160000062,0,3,0,947,1,0,131,12,2808,0,STEADY,316,3.15899,2.26991,0.190652,0.167722,0.056962,132,10,1,4,2,0,5,0,175,0,26,0,e617ab48,0
62,22,6,3,0,2160000062,1,3,0,1200,1,0,83,17,3886,0,STEADY,400,2.75703,1.99884,0.175895,0.2075,0.0625,160,20,4,4,5,0,4,48,175,0,34,0,e617ab48,0
63,23,7,4,0,2160000063,0,0,1,313,1,9,0,9,1330,0,STEADY,105,2.98338,1.78698,0.486438,0.257143,0.32381,45,21,4,5,0,0,0,100,112,16,0,101,e617ab48,0
63,23,7,4,0,2160000063,1,0,0,292,1,0,45,7,1156,0,STEADY,98,3.11854,2.35692,0.472724,0.204082,0.0714286,15,0,2,4,0,0,1,55,112,7,0,24,e617ab48,0
64,24,8,5,0,2160000064,0,1,0,898,1,0,61,9,1826,0,STEADY,300,4.41653,5.81808,0.340413,0.136667,0.0733333,113,0,3,2,1,1,2,55,125,0,9,0,e617ab48,0
64,24,8,5,0,2160000064,1,1,0,757,1,0,99,13,2398,0,STEADY,253,4.19792,5.26967,0.267739,0.351779,0.134387,114,25,5,3,0,3,2,17,125,0,38,0,e617ab48,0
65,25,9,0,0,2160000065,0,2,0,1018,1,0,138,7,1560,0,STEADY,340,2.92677,6.19993,0.129735,0.0911765,0.0588235,95,0,1,4,1,0,1,21,104,0,14,16,e617ab48,0
65,25,9,0,0,2160000065,1,2,0,718,1,0,149,7,1389,0,STEADY,240,3.30539,5.37419,0.166867,0.1125,0.0541667,17,0,1,4,1,0,1,0,104,0,14,0,e617ab48,0
66,26,10,1,0,2160000066,0,3,0,779,1,0,7,15,2266,0,STEADY,260,2.46828,1.98092,0.214058,0.107692,0.107692,38,6,8,5,0,0,2,117,108,0,0,0,e617ab48,0
66,26,10,1,0,2160000066,1,3,1,637,1,73,0,14,2110,0,STEADY,213,2.38079,1.84952,0.22016,0.0516432,0.173709,0,0,8,3,1,0,2,124,35,0,0,0,e617ab48,0
67,27,11,2,0,2160000067,0,0,1,1454,1,31,0,24,4319,0,STEADY,485,3.51412,2.66595,0.138551,0.352577,0.325773,255,73,21,2,0,0,1,165,114,0,0,216,e617ab48,0
67,27,11,2,0,2160000067,1,0,1,1956,1,40,0,32,5702,0,STEADY,652,3.36793,2.37714,0.119081,0.315951,0.415644,214,88,29,2,1,0,0,189,105,0,0,256,e617ab48,0
68,28,12,3,0,2160000068,0,1,1,537,1,36,0,11,2110,0,STEADY,179,6.1569,4.61011,0.335603,0.642458,0.0893855,32,7,3,7,0,0,1,111,75,0,0,0,e617ab48,0
68,28,12,3,0,2160000068,1,1,0,496,1,0,96,9,1827,0,STEADY,166,5.67786,3.20918,0.329867,0.481928,0,30,0,3,5,0,1,0,15,111,0,0,0,e617ab48,0
69,29,13,4,0,2160000069,0,2,0,533,1,0,41,10,1825,0,STEADY,178,4.22,2.13103,0.34573,0.398876,0.134831,70,19,4,2,3,0,1,63,102,0,25,256,e617ab48,0
69,29,13,4,0,2160000069,1,2,0,990,1,0,92,13,2706,0,STEADY,330,4.23163,8.2089,0.22523,0.193939,0.0757576,131,21,3,4,3,0,3,12,102,0,25,21,e617ab48,0
70,30,14,5,0,2160000070,0,3,0,1258,1,0,48,30,3420,0,STEADY,420,2.95485,2.96826,0.186812,0.133333,0.12381,61,10,27,3,0,0,0,65,125,0,0,4,e617ab48,0
70,30,14,5,0,2160000070,1,3,1,666,1,125,0,17,2250,0,STEADY,222,3.61539,2.54223,0.271383,0.166667,0.0900901,0,0,14,3,0,0,0,113,0,0,0,111,e617ab48,0
71,31,15,0,0,2160000071,0,0,1,574,1,56,0,13,1989,0,STEADY,192,3.40811,2.02101,0.267292,0.395833,0.229167,0,0,7,4,0,1,1,118,76,0,12,95,e617ab48,0
71,31,15,0,0,2160000071,1,0,1,667,1,97,0,13,2042,0,STEADY,223,3.38318,1.9114,0.264363,0.304933,0.32287,0,0,8,3,1,1,0,118,44,9,12,206,e617ab48,0
72,32,16,1,0,2160000072,0,1,1,872,1,33,0,15,2898,0,STEADY,291,3.71021,5.04748,0.228454,0.0996564,0.0137457,0,0,11,0,2,1,1,115,88,0,0,89,e617ab48,0
72,32,16,1,0,2160000072,1,1,1,1281,1,24,0,24,4302,0,STEADY,427,2.27235,1.45965,0.131927,0.0421546,0.217799,95,17,21,0,1,1,1,115,97,0,0,73,e617ab48,0
73,33,17,2,0,2160000073,0,2,1,670,1,37,0,11,1873,0,STEADY,224,2.76057,2.42004,0.244571,0.0535714,0.21875,30,1,4,1,5,1,0,94,115,0,0,118,e617ab48,0
73,33,17,2,0,2160000073,1,2,1,971,1,46,0,11,2138,0,STEADY,324,2.35584,4.73384,0.178096,0.0524691,0.108025,42,0,5,2,3,0,1,108,106,0,0,13,e617ab48,0
74,34,18,3,0,2160000074,0,3,0,997,1,0,49,15,2427,0,STEADY,333,3.71231,2.95293,0.224703,0.243243,0.0870871,114,22,7,6,0,1,1,80,140,0,0,148,e617ab48,0
74,34,18,3,0,2160000074,1,3,1,802,1,20,0,15,2306,0,STEADY,268,3.25306,2.589,0.210668,0.291045,0.0746269,78,17,9,5,0,1,0,129,120,0,0,66,e617ab48,0
75,35,19,4,0,2160000075,0,0,1,1801,1,83,0,32,4686,0,STEADY,601,2.21324,3.00887,0.127775,0.014975,0.0865225,0,0,12,18,0,1,1,132,18,0,5,116,e617ab48,0
75,35,19,4,0,2160000075,1,0,1,1414,1,81,0,27,3628,0,STEADY,472,1.75553,1.61708,0.106049,0.029661,0.0974576,0,0,4,21,1,1,0,132,20,0,5,111,e617ab48,0
76,36,20,5,0,2160000076,0,1,0,541,1,0,62,11,2014,0,STEADY,181,5.38421,2.58725,0.29789,0.303867,0.104972,24,2,2,9,0,0,0,36,93,0,0,241,e617ab48,0
76,36,20,5,0,2160000076,1,1,1,724,1,23,0,14,2570,0,STEADY,242,3.90955,6.60053,0.204021,0.247934,0,161,0,2,11,0,1,0,102,70,0,0,0,e617ab48,0
77,37,21,0,0,2160000077,0,2,0,1693,1,0,22,21,3843,0,STEADY,565,3.18656,6.01886,0.137588,0,0.0371681,48,4,19,0,1,0,1,102,150,0,0,35,e617ab48,0
77,37,21,0,0,2160000077,1,2,1,1457,1,120,0,18,3412,0,STEADY,486,3.53986,5.51011,0.126802,0.0185185,0.00617284,0,0,16,0,1,0,1,124,30,0,0,33,e617ab48,0
78,38,22,1,0,2160000078,0,3,0,467,1,0,153,8,1572,0,STEADY,156,5.01268,3.00616,0.462006,0.198718,0.365385,100,57,4,2,0,1,1,22,104,0,0,15,e617ab48,0
78,38,22,1,0,2160000078,1,3,1,717,1,26,0,13,2403,0,STEADY,239,4.40659,2.6859,0.309975,0.60251,0.213389,88,21,7,4,1,1,0,175,78,0,0,11,e617ab48,0
79,39,23,2,0,2160000079,0,0,0,1210,1,0,91,20,3512,0,STEADY,404,2.72422,2.80905,0.159983,0.141089,0.128713,167,3,9,3,0,5,3,33,114,0,17,49,e617ab48,0
79,39,23,2,0,2160000079,1,0,0,688,1,0,73,10,1845,0,STEADY,230,2.95271,2.28264,0.20153,0.108696,0.0434783,46,3,5,1,1,2,1,51,114,0,25,34,e617ab48,0
80,0,31,4,0,2160000080,0,2,0,532,1,0,6,12,1750,0,STEADY,178,3.24561,2.20398,0.234871,0.11236,0.252809,67,23,7,3,0,0,2,126,113,0,0,124,e617ab48,0
80,0,31,4,0,2160000080,1,2,0,658,1,0,18,15,2230,0,STEADY,220,3.75525,2.47731,0.239909,0.177273,0.336364,50,19,9,4,0,1,1,123,113,0,0,155,e617ab48,0
81,1,32,5,0,2160000081,0,3,0,812,2,136,121,5,910,0,STEADY,271,12.859,11.0252,0.782568,0.568266,0.376384,0,0,0,3,0,2,0,0,0,0,0,0,e617ab48,0
81,1,32,5,0,2160000081,1,3,0,812,2,74,121,14,2561,0,STEADY,271,7.79587,6.85132,0.310015,0.372694,0.512915,0,0,0,8,0,5,1,0,62,0,55,0,e617ab48,0
82,2,33,0,0,2160000082,0,0,0,292,1,0,33,6,1248,0,STEADY,98,5.07525,5.85299,0.387469,0.285714,0.244898,0,0,2,2,0,0,2,119,94,0,0,0,e617ab48,0
82,2,33,0,0,2160000082,1,0,1,445,1,20,0,9,1700,0,STEADY,149,4.22743,5.31659,0.291302,0.369128,0.315436,95,30,2,6,0,0,1,152,74,0,0,0,e617ab48,0
83,3,34,1,0,2160000083,0,1,0,321,1,0,118,7,1328,0,STEADY,107,4.92673,2.64333,0.438065,0.224299,0.242991,40,25,5,1,0,1,0,22,106,0,15,0,e617ab48,0
83,3,34,1,0,2160000083,1,1,0,661,1,0,107,11,2027,0,STEADY,221,3.72919,2.77972,0.26538,0.180995,0.248869,118,30,9,1,0,1,0,33,106,0,15,111,e617ab48,0
84,4,35,2,0,2160000084,0,2,1,2220,1,42,0,32,5337,0,STEADY,740,3.84331,3.50415,0.201785,0.27973,0.072973,21,0,12,19,0,1,0,128,94,13,0,41,e617ab48,0
84,4,35,2,0,2160000084,1,2,1,2700,3,46,77,40,6378,0,STEADY,900,3.40378,3.29475,0.160216,0.166667,0.135556,59,23,22,13,0,1,4,78,90,13,0,118,e617ab48,0
85,5,36,3,0,2160000085,0,3,1,1054,1,63,0,16,2562,0,STEADY,352,3.33148,1.9004,0.246679,0.309659,0.0568182,0,0,10,1,2,2,1,93,78,0,17,80,e617ab48,0
85,5,36,3,0,2160000085,1,3,0,1123,1,0,21,11,2161,0,STEADY,375,2.47193,1.82535,0.197784,0.162667,0.064,141,1,6,1,0,2,2,72,141,0,17,49,e617ab48,0
86,6,37,4,0,2160000086,0,0,1,2700,3,97,54,47,8190,0,STEADY,900,1.55597,1.78691,0.0948911,0.0277778,0.09,0,0,44,1,1,0,1,96,34,0,0,132,e617ab48,0
86,6,37,4,0,2160000086,1,0,1,2700,3,112,18,40,7014,0,STEADY,900,2.39222,5.66734,0.0971056,0.00777778,0.108889,0,0,37,0,1,0,2,132,19,0,0,1,e617ab48,0
87,7,38,5,0,2160000087,0,1,1,721,1,63,0,15,2345,0,STEADY,241,2.43933,2.76635,0.196635,0.116183,0.0539419,0,0,9,4,0,2,0,104,37,0,0,105,e617ab48,0
87,7,38,5,0,2160000087,1,1,1,1102,1,72,0,14,2443,0,STEADY,368,2.51302,5.76805,0.167508,0.0896739,0.00271739,0,0,7,6,0,1,0,104,28,0,0,30,e617ab48,0
88,8,39,0,0,2160000088,0,2,1,1718,1,85,0,22,3729,0,STEADY,573,3.15224,2.2455,0.146539,0.0890052,0.228621,0,0,11,1,9,1,0,114,31,0,10,351,e617ab48,0
88,8,39,0,0,2160000088,1,2,1,927,1,70,0,12,2348,0,STEADY,309,3.49942,4.19746,0.229964,0.187702,0.161812,0,0,7,1,2,2,0,114,46,0,10,1,e617ab48,0
89,9,0,1,0,2160000089,0,3,0,628,1,0,64,8,1675,0,STEADY,210,3.63864,3.04511,0.319476,0.0714286,0.190476,73,5,2,3,1,1,1,41,151,2,0,26,e617ab48,0
89,9,0,1,0,2160000089,1,3,0,910,1,0,27,8,1867,0,STEADY,304,2.66144,2.48799,0.197891,0.0230263,0.0460526,134,0,2,3,0,1,2,82,153,4,0,19,e617ab48,0
90,10,1,2,0,2160000090,0,0,1,1263,1,48,0,23,4050,0,STEADY,421,2.95191,2.22007,0.150888,0.0736342,0.432304,6,2,20,2,1,0,0,142,76,0,0,169,e617ab48,0
90,10,1,2,0,2160000090,1,0,0,1117,1,0,26,21,3610,0,STEADY,373,2.78996,1.7086,0.160182,0.0536193,0.380697,45,24,19,2,0,0,0,110,124,0,0,174,e617ab48,0
91,11,2,3,0,2160000091,0,1,1,706,1,66,0,14,2245,0,STEADY,236,3.34658,2.49544,0.32611,0.228814,0.144068,0,0,9,3,0,1,1,94,51,0,0,121,e617ab48,0
91,11,2,3,0,2160000091,1,1,0,922,1,0,43,15,2620,0,STEADY,308,3.10397,2.52908,0.222802,0.149351,0.0844156,58,1,8,3,1,2,1,51,129,12,10,84,e617ab48,0
92,12,3,4,0,2160000092,0,2,1,538,1,89,0,12,2030,0,STEADY,180,3.0519,2.01133,0.255417,0.272222,0.277778,0,0,6,1,2,1,2,106,22,0,0,119,e617ab48,0
92,12,3,4,0,2160000092,1,2,1,710,1,89,0,10,1901,0,STEADY,237,3.14425,3.3598,0.162527,0.109705,0.0464135,0,0,4,1,2,1,2,106,22,0,0,37,e617ab48,0
93,13,4,5,0,2160000093,0,3,0,1441,1,0,17,22,3956,0,STEADY,481,4.64885,3.88089,0.169233,0.320166,0.137214,128,23,19,2,1,0,0,119,104,0,0,10,e617ab48,0
93,13,4,5,0,2160000093,1,3,0,720,1,0,85,12,2269,0,STEADY,240,6.64808,5.27342,0.265796,0.308333,0.104167,44,6,10,0,2,0,0,51,104,0,0,0,e617ab48,0
94,14,5,0,0,2160000094,0,0,1,1245,1,67,0,16,2664,0,STEADY,415,2.02792,5.30465,0.232867,0.0192771,0.118072,0,0,2,9,2,1,2,141,46,0,17,33,e617ab48,0
94,14,5,0,0,2160000094,1,0,1,1185,1,84,0,15,2328,0,STEADY,395,1.88687,5.32748,0.404744,0.0177215,0.0607595,0,0,2,9,1,2,1,141,29,0,17,49,e617ab48,0
95,15,6,1,0,2160000095,0,1,0,1844,1,0,75,17,3271,0,STEADY,615,3.79958,4.77934,0.134826,0.18374,0.0861789,235,31,4,9,0,2,2,56,118,0,6,168,e617ab48,0
95,15,6,1,0,2160000095,1,1,0,1292,1,0,131,12,2562,0,STEADY,431,4.14856,5.30203,0.177162,0.218097,0.037123,207,9,2,7,0,2,1,0,118,0,20,67,e617ab48,0
96,16,7,2,0,2160000096,0,2,1,677,1,75,0,12,2366,0,STEADY,226,2.98523,3.22106,0.256903,0.168142,0.318584,0,0,8,4,0,0,0,100,40,0,0,44,e617ab48,0
96,16,7,2,0,2160000096,1,2,1,757,1,65,0,13,2458,0,STEADY,253,2.73412,3.32112,0.201486,0.0869565,0.217391,0,0,9,2,0,0,2,100,50,0,0,14,e617ab48,0
97,17,8,3,0,2160000097,0,3,0,562,1,0,12,8,1566,0,STEADY,188,3.74283,2.54383,0.492287,0.196809,0.0957447,43,6,2,3,0,3,0,104,109,15,0,86,e617ab48,0
97,17,8,3,0,2160000097,1,3,0,481,1,0,13,11,1622,0,STEADY,161,3.66728,3.60414,0.370876,0.161491,0.142857,26,5,6,1,0,2,2,103,102,12,0,0,e617ab48,0
98,18,9,4,0,2160000098,0,0,0,2059,1,0,51,32,4592,0,STEADY,687,3.25196,2.65224,0.127114,0.0800582,0.365357,55,5,28,3,0,0,1,98,129,0,0,286,e617ab48,0
98,18,9,4,0,2160000098,1,0,0,1751,1,0,11,28,4074,0,STEADY,584,3.51395,2.8526,0.14337,0.135274,0.505137,73,26,24,3,0,0,1,140,129,0,0,125,e617ab48,0
99,19,10,5,0,2160000099,0,1,0,594,1,0,94,12,2170,0,STEADY,198,6.94323,5.2903,0.292066,0.590909,0.252525,55,13,9,1,0,2,0,30,132,0,22,0,e617ab48,0
99,19,10,5,0,2160000099,1,1,0,834,1,0,79,15,2653,0,STEADY,278,4.94971,4.30709,0.23505,0.388489,0.100719,130,4,12,0,0,2,1,45,132,0,22,0,e617ab48,0
100,20,11,0,0,2160000100,0,2,0,1442,1,0,106,23,4431,0,STEADY,481,4.82245,3.2267,0.168667,0.411642,0.324324,130,29,19,2,1,1,0,47,102,0,18,287,e617ab48,0
100,20,11,0,0,2160000100,1,2,1,1867,2,45,84,30,5332,0,STEADY,623,4.35944,2.39093,0.157801,0.375602,0.386838,0,0,28,1,0,1,0,116,57,0,0,600,e617ab48,0
101,21,12,1,0,2160000101,0,3,1,214,1,70,0,7,1149,0,STEADY,72,3.71914,2.40255,0.4975,0.0416667,0.222222,0,0,2,3,1,0,1,111,54,0,0,0,e617ab48,0
101,21,12,1,0,2160000101,1,3,1,298,1,37,0,9,1360,0,STEADY,100,2.91233,2.39405,0.3249,0.07,0.09,16,4,2,5,0,1,1,111,87,0,0,0,e617ab48,0
102,22,13,2,0,2160000102,0,0,0,1375,1,0,52,21,4694,0,STEADY,459,4.43907,7.52773,0.172468,0.206972,0.228758,133,61,1,5,6,0,9,52,175,0,64,124,e617ab48,0
102,22,13,2,0,2160000102,1,0,0,1963,1,0,26,22,5190,0,STEADY,655,3.64262,7.11882,0.139137,0.145038,0.158779,239,58,0,7,6,0,9,78,175,0,64,97,e617ab48,0
103,23,14,3,0,2160000103,0,1,1,622,1,32,0,14,2070,0,STEADY,208,3.46521,1.88441,0.329837,0.144231,0.158654,19,7,7,6,0,0,1,113,88,15,0,72,e617ab48,0
103,23,14,3,0,2160000103,1,1,0,1605,1,0,46,15,2933,0,STEADY,535,2.35516,5.16101,0.169176,0.102804,0.0766355,182,6,4,10,1,0,0,67,116,11,0,29,e617ab48,0
104,24,15,4,0,2160000104,0,2,1,2398,1,13,0,23,4425,0,STEADY,800,2.05666,4.88935,0.125281,0.16,0.08875,204,31,13,2,1,4,3,118,112,0,18,99,e617ab48,0
104,24,15,4,0,2160000104,1,2,1,1831,1,75,0,22,4044,0,STEADY,611,2.55579,5.1504,0.148334,0.202946,0.0572831,0,0,10,4,0,6,2,135,50,0,7,73,e617ab48,0
105,25,16,5,0,2160000105,0,3,0,806,1,0,67,14,2196,0,STEADY,269,3.76351,2.2279,0.340108,0.342007,0.0557621,83,7,7,4,2,0,1,48,104,0,24,94,e617ab48,0
105,25,16,5,0,2160000105,1,3,0,1384,1,0,85,24,4177,0,STEADY,462,4.54827,1.72646,0.194405,0.504329,0.164502,196,45,1,20,2,0,1,30,104,0,17,517,e617ab48,0
106,26,17,0,0,2160000106,0,0,0,685,1,0,2,12,2015,0,STEADY,229,2.65835,4.33207,0.233406,0.10917,0.235808,54,7,3,6,0,0,3,98,108,0,0,8,e617ab48,0
106,26,17,0,0,2160000106,1,0,0,775,1,0,13,15,2356,0,STEADY,259,3.19263,4.93378,0.200375,0.119691,0.332046,28,17,7,6,1,0,1,91,108,0,0,0,e617ab48,0
107,27,18,1,0,2160000107,0,1,1,1029,1,31,0,17,3052,0,STEADY,343,3.87587,2.47182,0.184647,0.279883,0.317784,75,5,14,1,0,0,2,129,114,0,0,111,e617ab48,0
107,27,18,1,0,2160000107,1,1,0,812,1,0,78,14,2563,0,STEADY,271,4.29323,2.36249,0.212292,0.206642,0.346863,94,48,11,1,0,0,2,51,145,0,0,104,e617ab48,0
108,28,19,2,0,2160000108,0,2,0,355,1,0,53,6,1277,0,STEADY,119,7.03564,3.24838,0.423345,0.327731,0.0420168,59,5,3,2,0,0,1,79,111,0,0,44,e617ab48,0
108,28,19,2,0,2160000108,1,2,0,334,1,0,84,6,1260,0,STEADY,112,7.31551,3.39439,0.430554,0.348214,0.1875,52,21,3,2,0,0,1,48,111,0,0,35,e617ab48,0
109,29,20,3,0,2160000109,0,3,1,1258,1,40,0,24,3785,0,STEADY,420,3.17305,1.71052,0.218317,0.35,0.128571,149,22,15,3,3,1,2,90,62,0,0,89,e617ab48,0
109,29,20,3,0,2160000109,1,3,1,969,1,14,0,20,3213,0,STEADY,323,3.49301,1.62652,0.227495,0.455108,0.139319,62,18,12,3,4,0,1,94,88,0,46,156,e617ab48,0
110,30,21,4,0,2160000110,0,0,0,685,1,0,111,11,1688,0,STEADY,229,2.52908,2.01695,0.226367,0.0960699,0.00873362,47,0,8,2,0,0,1,13,125,0,0,78,e617ab48,0
110,30,21,4,0,2160000110,1,0,1,644,1,68,0,17,2120,0,STEADY,215,3.19511,5.93065,0.239251,0.0930233,0,0,0,14,2,0,0,1,124,57,0,0,48,e617ab48,0
111,31,22,5,0,2160000111,0,1,1,1879,1,82,0,23,3619,0,STEADY,627,4.73801,7.73067,0.303018,0.218501,0.360447,0,0,11,10,0,1,1,175,50,0,0,0,e617ab48,0
111,31,22,5,0,2160000111,1,1,0,872,1,0,20,17,2596,0,STEADY,291,3.73954,5.14827,0.26645,0.457045,0.116838,87,20,10,5,1,0,1,155,132,0,0,91,e617ab48,0
112,32,23,0,0,2160000112,0,2,0,763,1,0,68,12,2356,0,STEADY,255,3.3947,5.54038,0.141043,0.0509804,0.462745,101,98,9,0,1,1,1,57,121,0,0,0,e617ab48,0
112,32,23,0,0,2160000112,1,2,1,1089,1,18,0,14,2835,0,STEADY,363,2.61151,4.37872,0.158576,0.0495868,0.046832,238,0,10,0,2,0,2,122,103,0,0,16,e617ab48,0
113,33,24,1,0,2160000113,0,3,1,415,1,93,0,11,1720,0,STEADY,139,3.34278,2.39415,0.367763,0.0431655,0.165468,0,0,4,1,5,0,1,125,59,0,0,85,e617ab48,0
113,33,24,1,0,2160000113,1,3,1,580,1,97,0,10,1732,0,STEADY,194,2.86612,2.14741,0.248222,0.0515464,0.0927835,0,0,4,1,4,0,1,125,55,0,0,18,e617ab48,0
114,34,25,2,0,2160000114,0,0,1,823,1,43,0,17,2587,0,STEADY,275,3.20636,3.72354,0.229735,0.429091,0.145455,32,0,10,5,1,1,0,104,97,0,0,13,e617ab48,0
114,34,25,2,0,2160000114,1,0,1,418,1,89,0,8,1482,0,STEADY,140,3.45558,4.10493,0.380843,0.285714,0,0,0,2,4,0,2,0,104,51,0,0,16,e617ab48,0
115,35,26,3,0,2160000115,0,1,0,884,1,0,32,18,2540,0,STEADY,295,3.53604,2.61442,0.192166,0.0508475,0.132203,115,15,5,12,0,1,0,76,101,0,0,81,e617ab48,0
115,35,26,3,0,2160000115,1,1,0,749,1,0,76,16,2333,0,STEADY,250,3.36442,2.98543,0.166332,0.064,0.132,50,10,3,10,1,1,1,32,101,0,0,141,e617ab48,0
116,36,27,4,0,2160000116,0,2,0,627,1,0,91,13,2310,0,STEADY,209,4.81007,2.12212,0.276263,0.277512,0.320574,38,10,1,11,0,1,0,54,93,0,6,75,e617ab48,0
116,36,27,4,0,2160000116,1,2,0,1045,1,0,70,19,3393,0,STEADY,349,3.22285,1.66397,0.163739,0.289398,0.272206,111,27,2,17,0,0,0,75,93,0,0,255,e617ab48,0
117,37,28,5,0,2160000117,0,3,1,849,1,50,0,16,2970,0,STEADY,283,3.27956,3.289,0.239912,0.0989399,0.00353357,173,1,13,1,2,0,0,103,100,0,0,0,e617ab48,0
117,37,28,5,0,2160000117,1,3,1,1806,1,101,0,31,5440,0,STEADY,602,1.94555,3.06228,0.136478,0.0431894,0.0199336,0,0,29,1,1,0,0,111,49,0,0,160,e617ab48,0
118,38,29,0,0,2160000118,0,0,1,754,1,77,0,12,2247,0,STEADY,252,4.31212,2.82395,0.194381,0.43254,0.416667,0,0,6,4,0,1,1,102,27,0,0,196,e617ab48,0
118,38,29,0,0,2160000118,1,0,1,1054,1,38,0,16,2938,0,STEADY,352,3.52422,2.69912,0.205526,0.394886,0.332386,93,34,8,7,0,0,1,102,66,0,0,216,e617ab48,0
119,39,30,1,0,2160000119,0,1,0,639,1,0,81,11,2280,0,STEADY,213,3.64359,1.71623,0.303512,0.122066,0.295775,72,35,2,2,1,5,1,44,114,0,34,123,e617ab48,0
119,39,30,1,0,2160000119,1,1,0,395,1,0,81,6,1328,0,STEADY,132,4.26268,2.91216,0.381795,0.151515,0.00757576,32,0,0,1,0,2,3,44,114,0,17,17,e617ab48,0
120,0,38,3,0,2160000120,0,3,0,553,1,0,34,11,1758,0,STEADY,185,4.22042,4.20188,0.364497,0.156757,0.189189,55,16,5,4,0,1,1,70,113,0,0,93,e617ab48,0
120,0,38,3,0,2160000120,1,3,1,436,1,36,0,11,1686,0,STEADY,146,4.07192,4.59833,0.349651,0.109589,0.164384,61,8,5,4,0,0,2,104,77,0,0,9,e617ab48,0
121,1,39,4,0,2160000121,0,0,1,1120,1,31,0,20,2820,0,STEADY,374,2.44106,1.90715,0.187072,0.283422,0.18984,84,28,14,3,0,1,2,114,105,0,0,103,e617ab48,0
121,1,39,4,0,2160000121,1,0,1,739,1,71,0,15,2192,0,STEADY,247,2.7794,1.71759,0.228251,0.364372,0.129555,0,0,10,3,0,1,1,114,65,0,28,79,e617ab48,0
122,2,0,5,0,2160000122,0,1,1,1239,1,34,0,18,3412,0,STEADY,413,4.04394,4.98665,0.24615,0.365617,0.0605327,13,0,2,14,1,0,1,113,60,0,0,0,e617ab48,0
122,2,0,5,0,2160000122,1,1,1,1121,1,26,0,15,2989,0,STEADY,374,4.03735,5.98431,0.122684,0.259358,0.0828877,240,0,2,11,1,0,1,113,68,0,0,0,e617ab48,0
123,3,1,0,0,2160000123,0,2,0,998,1,0,125,16,2885,0,STEADY,333,3.42651,3.47968,0.180021,0.285285,0.225225,61,15,13,1,0,1,1,11,106,0,6,98,e617ab48,0
123,3,1,0,0,2160000123,1,2,0,1117,1,0,134,18,3207,0,STEADY,373,3.16602,2.28596,0.162054,0.260054,0.313673,91,18,16,1,0,1,0,4,106,0,6,168,e617ab48,0
124,4,2,1,0,2160000124,0,3,0,715,1,0,80,15,2460,0,STEADY,239,4.46523,2.82404,0.307669,0.276151,0.246862,32,13,3,10,0,1,1,14,136,13,0,91,e617ab48,0
124,4,2,1,0,2160000124,1,3,0,525,1,0,80,10,1864,0,STEADY,175,5.60665,2.73888,0.419691,0.325714,0.08,125,13,0,7,0,1,2,14,136,13,0,111,e617ab48,0
125,5,3,2,0,2160000125,0,0,0,1904,1,0,88,16,3131,0,STEADY,635,2.66824,5.41336,0.117324,0.184252,0.11811,192,2,10,1,1,2,2,18,141,0,32,78,e617ab48,0
125,5,3,2,0,2160000125,1,0,1,1339,1,51,0,13,2549,0,STEADY,447,2.46007,2.5575,0.12749,0.187919,0.0917226,14,7,7,1,1,3,1,103,90,0,36,79,e617ab48,0
126,6,4,3,0,2160000126,0,1,0,895,1,0,63,15,2783,0,STEADY,299,3.13814,3.06944,0.222458,0.083612,0.110368,159,13,13,0,1,0,1,60,131,0,0,158,e617ab48,0
126,6,4,3,0,2160000126,1,1,0,540,1,0,91,11,2000,0,STEADY,180,3.35488,2.10572,0.258872,0.172222,0.144444,60,3,9,0,1,0,1,34,131,0,0,211,e617ab48,0
127,7,5,4,0,2160000127,0,2,1,598,1,64,0,13,2064,0,STEADY,200,2.23719,4.30372,0.16958,0.08,0.01,0,0,8,2,1,1,1,141,36,0,0,53,e617ab48,0
127,7,5,4,0,2160000127,1,2,1,1000,1,25,0,14,2351,0,STEADY,334,1.94401,3.76584,0.116701,0.0449102,0.0269461,40,0,9,3,1,1,0,141,75,0,0,25,e617ab48,0
128,8,6,5,0,2160000128,0,3,0,1201,1,0,109,22,3347,0,STEADY,401,5.07416,2.55186,0.27901,0.389027,0.234414,72,28,9,1,11,1,0,22,116,0,2,219,e617ab48,0
128,8,6,5,0,2160000128,1,3,0,1567,1,0,107,30,4737,0,STEADY,523,4.02356,1.62596,0.162333,0.435946,0.248566,216,77,16,1,11,1,1,24,116,0,6,295,e617ab48,0
129,9,7,0,0,2160000129,0,0,1,688,1,83,0,8,1590,0,STEADY,230,2.56213,3.20997,0.247352,0,0.256522,0,0,2,4,0,0,2,100,72,6,0,2,e617ab48,0
129,9,7,0,0,2160000129,1,0,1,851,1,89,0,11,2050,0,STEADY,284,2.60402,3.19639,0.181007,0.0211268,0.40493,0,0,2,6,0,2,1,100,70,10,0,71,e617ab48,0
130,10,8,1,0,2160000130,0,1,1,807,1,34,0,16,2874,0,STEADY,269,2.9918,6.8933,0.170755,0.0855019,0.167286,2,0,13,1,1,0,1,116,90,0,0,0,e617ab48,0
130,10,8,1,0,2160000130,1,1,0,649,1,0,68,10,1875,0,STEADY,217,2.78197,4.39685,0.216968,0.0230415,0.0230415,37,0,8,1,0,0,1,48,124,0,0,19,e617ab48,0
131,11,9,2,0,2160000131,0,2,1,2023,1,25,0,25,5032,0,STEADY,675,3.20237,4.77235,0.183034,0.164444,0.106667,23,2,8,10,0,5,2,151,110,18,0,30,e617ab48,0
131,11,9,2,0,2160000131,1,2,0,2183,1,0,14,26,5247,0,STEADY,728,3.30249,5.8786,0.190114,0.129121,0.105769,60,31,8,8,0,5,5,139,135,18,0,41,e617ab48,0
132,12,10,3,0,2160000132,0,3,0,861,1,0,55,15,2796,0,STEADY,287,3.64143,3.04745,0.230436,0.348432,0.327526,150,70,5,2,5,1,2,69,111,0,0,133,e617ab48,0
132,12,10,3,0,2160000132,1,3,0,267,1,0,52,7,1470,0,STEADY,89,5.37207,2.17123,0.550225,0.52809,0.0224719,24,2,1,1,2,2,1,72,111,0,0,152,e617ab48,0
133,13,11,4,0,2160000133,0,0,0,1103,1,0,44,15,2801,0,STEADY,368,3.26082,3.1744,0.142166,0.274457,0.00815217,90,1,12,1,1,0,1,85,104,0,0,188,e617ab48,0
133,13,11,4,0,2160000133,1,0,0,950,1,0,100,17,3049,0,STEADY,317,4.83697,5.58355,0.162801,0.422713,0.0820189,129,4,14,1,2,0,0,41,104,0,0,0,e617ab48,0
134,14,12,5,0,2160000134,0,1,1,516,1,44,0,11,1680,0,STEADY,172,4.30113,4.84778,0.505012,0.127907,0.110465,38,0,3,4,1,1,2,111,69,0,0,9,e617ab48,0
134,14,12,5,0,2160000134,1,1,1,535,1,26,0,12,1825,0,STEADY,179,2.75266,4.51827,0.300101,0.0502793,0.0111732,54,0,2,6,1,1,2,111,87,0,0,0,e617ab48,0
135,15,13,0,0,2160000135,0,2,1,2215,1,29,0,30,5508,0,STEADY,739,4.27413,7.58591,0.367311,0.219215,0.0135318,47,3,5,20,0,4,1,104,89,0,38,45,e617ab48,0
135,15,13,0,0,2160000135,1,2,0,718,1,0,60,15,2322,0,STEADY,240,4.17785,1.72123,0.2617,0.4,0.166667,101,6,6,8,0,1,0,44,118,0,24,128,e617ab48,0
136,16,14,1,0,2160000136,0,3,1,555,1,33,0,12,2210,0,STEADY,185,2.61083,2.49664,0.216503,0.0918919,0.162162,29,5,9,2,0,0,1,113,82,0,0,0,e617ab48,0
136,16,14,1,0,2160000136,1,3,0,510,1,0,77,10,1854,0,STEADY,170,2.90538,2.30784,0.243212,0.147059,0.117647,47,9,8,2,0,0,0,36,115,0,0,4,e617ab48,0
137,17,15,2,0,2160000137,0,0,1,1888,1,28,0,14,2987,0,STEADY,630,1.93642,5.14314,0.154457,0.0380952,0.0984127,5,2,5,2,0,2,5,118,72,12,0,26,e617ab48,0
137,17,15,2,0,2160000137,1,0,1,1068,1,66,0,12,2324,0,STEADY,356,2.33269,3.84152,0.284761,0.115169,0.0280899,0,0,4,3,0,3,2,118,32,12,0,48,e617ab48,0
138,18,16,3,0,2160000138,0,1,0,860,1,0,21,17,2640,0,STEADY,287,3.83997,1.64225,0.264509,0.097561,0.310105,132,51,13,3,0,0,1,94,129,0,0,84,e617ab48,0
138,18,16,3,0,2160000138,1,1,1,516,1,36,0,12,2040,0,STEADY,172,4.83976,1.90749,0.401634,0.215116,0.215116,21,11,8,4,0,0,0,115,93,0,0,99,e617ab48,0
139,19,17,4,0,2160000139,0,2,0,562,1,0,63,12,2170,0,STEADY,188,4.02228,2.42213,0.253069,0.382979,0.409574,54,25,9,1,0,1,1,45,132,0,0,114,e617ab48,0
139,19,17,4,0,2160000139,1,2,0,562,1,0,29,12,2170,0,STEADY,188,3.65023,3.74207,0.260287,0.43617,0.234043,71,25,9,1,0,1,1,75,132,0,20,0,e617ab48,0
140,20,18,5,0,2160000140,0,3,0,1161,1,0,48,16,3505,0,STEADY,387,5.57199,3.64136,0.30914,0.516796,0.149871,63,11,8,3,1,4,0,81,102,0,0,0,e617ab48,0
140,20,18,5,0,2160000140,1,3,0,479,1,0,82,6,1568,0,STEADY,160,6.75554,4.93497,0.410875,0.23125,0.08125,26,0,3,2,0,1,0,47,102,0,22,0,e617ab48,0
141,21,19,0,0,2160000141,0,0,1,1088,1,109,0,13,2422,0,STEADY,363,2.76953,8.60697,0.182752,0,0.0247934,0,0,11,1,0,0,1,132,15,0,0,7,e617ab48,0
141,21,19,0,0,2160000141,1,0,1,1117,1,109,0,14,2504,0,STEADY,373,2.18095,5.87343,0.179223,0.0187668,0.0670241,0,0,7,4,1,0,2,132,15,0,0,2,e617ab48,0
142,22,20,1,0,2160000142,0,1,1,1303,1,118,0,18,4138,0,STEADY,435,2.68941,1.6769,0.178814,0.131034,0.117241,0,0,8,4,5,0,1,86,57,0,14,88,e617ab48,0
142,22,20,1,0,2160000142,1,1,1,970,1,115,0,14,3358,0,STEADY,324,3.22382,1.87636,0.234247,0.135802,0.141975,0,0,6,4,4,0,0,94,60,0,18,102,e617ab48,0
143,23,21,2,0,2160000143,0,2,1,1714,1,89,0,23,3966,0,STEADY,572,3.39802,6.87997,0.166832,0.136364,0,0,0,4,16,1,0,2,124,36,20,0,54,e617ab48,0
143,23,21,2,0,2160000143,1,2,1,1341,1,105,0,19,3240,0,STEADY,447,3.78644,5.58044,0.151013,0.145414,0,0,0,1,16,0,0,2,124,0,0,0,16,e617ab48,0
144,24,22,3,0,2160000144,0,3,0,850,1,0,87,16,2720,0,STEADY,284,3.63392,1.56878,0.282165,0.429577,0.246479,90,18,8,3,1,2,2,88,125,0,20,111,e617ab48,0
144,24,22,3,0,2160000144,1,3,0,1123,1,0,71,22,3428,0,STEADY,375,3.24082,1.92036,0.170163,0.506667,0.0773333,153,10,14,3,0,3,2,104,125,0,0,74,e617ab48,0
145,25,23,4,0,2160000145,0,0,0,574,1,0,98,9,1704,0,STEADY,192,3.44018,3.07672,0.252057,0.192708,0.0260417,24,0,1,5,1,0,2,14,104,0,0,52,e617ab48,0
145,25,23,4,0,2160000145,1,0,0,616,1,0,100,8,1538,0,STEADY,206,3.01427,2.80445,0.227078,0.184466,0.0825243,31,0,2,3,1,0,2,21,104,0,0,72,e617ab48,0
146,26,24,5,0,2160000146,0,1,1,856,1,53,0,19,2780,0,STEADY,286,3.8845,4.16378,0.30249,0.188811,0.0769231,0,0,11,6,1,0,1,125,55,0,0,59,e617ab48,0
146,26,24,5,0,2160000146,1,1,1,1069,1,78,0,23,3230,0,STEADY,357,2.96716,3.68235,0.182947,0.140056,0.123249,0,0,16,5,1,1,0,125,30,0,0,246,e617ab48,0
147,27,25,0,0,2160000147,0,2,1,842,1,77,0,13,2427,0,STEADY,281,4.61422,5.46603,0.209488,0.281139,0.188612,0,0,11,1,1,0,0,104,68,0,0,52,e617ab48,0
147,27,25,0,0,2160000147,1,2,1,1286,1,54,0,18,3284,0,STEADY,429,3.51496,2.74981,0.155385,0.179487,0.508159,59,43,16,1,0,0,1,104,91,0,0,304,e617ab48,0
148,28,26,1,0,2160000148,0,3,1,419,1,78,0,9,1770,0,STEADY,140,4.6198,2.6392,0.373814,0.464286,0.257143,0,0,3,5,0,0,1,108,33,0,0,0,e617ab48,0
148,28,26,1,0,2160000148,1,3,1,630,1,58,0,11,2072,0,STEADY,210,4.19883,3.04165,0.217724,0.319048,0.419048,0,0,1,7,0,1,2,108,53,0,0,0,e617ab48,0
149,29,27,2,0,2160000149,0,0,0,1641,1,0,110,25,5019,0,STEADY,547,4.12356,6.98898,0.198572,0.232176,0.235832,329,98,5,3,9,0,8,35,102,0,9,104,e617ab48,0
149,29,27,2,0,2160000149,1,0,0,1775,1,0,94,23,4805,0,STEADY,592,3.65846,6.85667,0.232255,0.217905,0.162162,321,77,4,5,9,0,5,51,102,0,3,21,e617ab48,0
150,30,28,3,0,2160000150,0,1,1,576,1,82,0,15,2070,0,STEADY,192,3.83162,4.89574,0.286792,0.114583,0.03125,0,0,12,3,0,0,0,111,43,0,0,0,e617ab48,0
150,30,28,3,0,2160000150,1,1,1,594,1,64,0,14,1990,0,STEADY,198,3.17703,3.87652,0.271369,0.136364,0,0,0,11,3,0,0,0,111,61,0,0,0,e617ab48,0
151,31,29,4,0,2160000151,0,2,1,1234,1,103,0,19,3387,0,STEADY,412,4.04853,6.83717,0.3284,0.308252,0.026699,0,0,1,15,1,0,2,102,38,9,0,0,e617ab48,0
151,31,29,4,0,2160000151,1,2,1,1895,1,85,0,32,5464,0,STEADY,632,4.22863,4.61785,0.177082,0.393987,0.131329,0,0,5,24,1,0,2,102,56,9,0,0,e617ab48,0
152,32,30,5,0,2160000152,0,3,0,437,1,0,85,8,1627,0,STEADY,146,6.29458,5.01482,0.221253,0.171233,0.212329,49,11,5,0,2,1,0,40,121,0,0,0,e617ab48,0
152,32,30,5,0,2160000152,1,3,1,2388,1,66,0,34,6156,0,STEADY,796,1.82247,2.39339,0.124062,0.0477387,0.138191,0,0,30,0,3,1,0,125,55,0,0,51,e617ab48,0
153,33,31,0,0,2160000153,0,0,1,421,1,54,0,9,1563,0,STEADY,141,3.42299,2.03712,0.36578,0.148936,0.0921986,28,0,3,2,3,0,1,141,98,0,0,138,e617ab48,0
153,33,31,0,0,2160000153,1,0,1,394,1,99,0,9,1506,0,STEADY,132,2.86739,3.52426,0.328023,0.0681818,0.143939,0,0,4,1,3,0,1,132,53,0,0,15,e617ab48,0
154,34,32,1,0,2160000154,0,1,0,1372,1,0,83,19,3571,0,STEADY,458,4.47437,6.46784,0.211843,0.248908,0.104803,112,46,0,17,1,1,0,38,140,0,0,14,e617ab48,0
154,34,32,1,0,2160000154,1,1,0,1046,1,0,85,16,2574,0,STEADY,349,2.6266,1.96299,0.154375,0.12894,0.249284,95,52,8,6,0,0,2,36,140,0,0,96,e617ab48,0
155,35,33,2,0,2160000155,0,2,0,970,1,0,58,18,2787,0,STEADY,324,2.8469,2.08983,0.138003,0.0308642,0.240741,53,0,8,8,1,1,0,94,101,0,10,167,e617ab48,0
155,35,33,2,0,2160000155,1,2,1,1525,1,37,0,25,3916,0,STEADY,509,2.60727,6.69543,0.132065,0.0255403,0.0844794,56,0,13,10,1,1,0,152,64,0,8,45,e617ab48,0
156,36,34,3,0,2160000156,0,3,0,1560,1,0,128,29,4930,0,STEADY,520,8.64494,3.3478,0.2611,0.640385,0.163462,30,12,0,29,0,0,0,12,93,0,0,529,e617ab48,0
156,36,34,3,0,2160000156,1,3,0,679,1,0,140,14,2528,0,STEADY,227,5.61466,1.26508,0.253991,0.53304,0.136564,82,12,2,12,0,0,0,0,93,0,0,574,e617ab48,0
157,37,35,4,0,2160000157,0,0,1,1713,1,134,0,26,4644,0,STEADY,571,3.596,6.38796,0.137291,0.0245184,0.00875657,0,0,23,0,1,1,1,101,16,0,0,45,e617ab48,0
157,37,35,4,0,2160000157,1,0,1,1460,1,136,0,23,4085,0,STEADY,487,3.8183,5.46505,0.164421,0.026694,0.0821355,0,0,21,0,1,0,1,128,14,0,0,29,e617ab48,0
158,38,36,5,0,2160000158,0,1,0,1132,1,0,19,21,3694,0,STEADY,378,5.07362,1.9297,0.287246,0.645503,0.0449735,73,0,11,9,0,1,0,74,104,0,0,380,e617ab48,0
158,38,36,5,0,2160000158,1,1,1,1533,1,16,0,26,4621,0,STEADY,511,4.63363,2.5112,0.191117,0.639922,0.131115,77,0,14,11,0,1,0,93,88,0,0,318,e617ab48,0
159,39,37,0,0,2160000159,0,2,1,1441,1,74,0,27,3827,0,STEADY,481,2.59882,1.5165,0.13932,0.112266,0.316008,0,0,22,1,1,2,1,150,40,0,13,104,e617ab48,0
159,39,37,0,0,2160000159,1,2,0,1792,1,0,48,21,4533,0,STEADY,598,3.47885,6.13221,0.252458,0.143813,0.125418,240,58,4,2,1,8,6,102,114,0,0,75,e617ab48,0
160,0,5,2,0,2160000160,0,0,1,1290,1,66,0,17,2905,0,STEADY,430,3.3438,3.59743,0.234319,0.151163,0.706977,0,0,4,11,1,1,0,141,47,0,0,112,e617ab48,0
160,0,5,2,0,2160000160,1,0,0,2700,3,95,32,44,6592,0,STEADY,900,3.195,3.86556,0.138422,0.146667,0.558889,0,0,21,21,0,1,1,109,18,0,0,136,e617ab48,0
161,1,6,3,0,2160000161,0,1,0,1838,1,0,37,23,3956,0,STEADY,613,3.76068,5.2044,0.163393,0.238173,0.0587276,176,2,10,6,0,2,5,94,136,0,19,160,e617ab48,0
161,1,6,3,0,2160000161,1,1,0,1269,1,0,120,15,2659,0,STEADY,423,3.94523,2.84628,0.166366,0.231678,0.0236407,171,9,6,6,0,2,1,11,136,0,18,215,e617ab48,0
162,2,7,4,0,2160000162,0,2,0,490,1,0,56,8,1686,0,STEADY,164,4.01258,4.09561,0.302043,0.420732,0.25,17,7,3,4,0,0,1,44,94,0,0,0,e617ab48,0
162,2,7,4,0,2160000162,1,2,0,493,1,0,5,10,1905,0,STEADY,165,4.08157,5.71288,0.296842,0.418182,0.357576,58,23,2,6,0,0,2,95,94,0,0,0,e617ab48,0
163,3,8,5,0,2160000163,0,3,0,1236,2,106,116,8,1360,0,STEADY,412,13.5369,12.4139,0.913813,0.742718,0.208738,0,0,8,0,0,0,0,0,0,0,0,0,e617ab48,0
163,3,8,5,0,2160000163,1,3,0,586,1,0,105,10,1869,0,STEADY,196,5.6497,4.67939,0.373699,0.234694,0.0816327,20,1,8,1,0,1,0,11,106,0,3,0,e617ab48,0
164,4,9,0,0,2160000164,0,0,0,2168,1,0,62,33,5531,0,STEADY,723,3.48976,3.15455,0.166921,0.229599,0.385892,78,21,8,23,0,1,1,113,123,0,0,208,e617ab48,0
164,4,9,0,0,2160000164,1,0,0,2158,1,0,97,28,5116,0,STEADY,720,3.48318,7.10475,0.244336,0.215278,0.390278,49,5,6,20,1,1,0,68,136,13,0,14,e617ab48,0
165,5,10,1,0,2160000165,0,1,0,1044,1,0,88,16,2686,0,STEADY,348,3.04407,1.94355,0.18131,0.310345,0.135057,114,19,9,1,1,3,2,36,141,0,28,118,e617ab48,0
165,5,10,1,0,2160000165,1,1,0,1459,1,0,124,17,3421,0,STEADY,487,3.61956,7.36583,0.223567,0.180698,0.0965092,358,46,4,0,2,6,5,0,141,0,72,103,e617ab48,0
166,6,11,2,0,2160000166,0,2,1,1449,1,62,0,22,4038,0,STEADY,483,2.23162,7.23844,0.138772,0.0165631,0.0621118,0,0,19,1,1,0,1,141,69,0,0,68,e617ab48,0
166,6,11,2,0,2160000166,1,2,1,1278,1,45,0,20,3665,0,STEADY,426,1.80043,5.68618,0.136991,0.0187793,0.028169,71,2,17,1,1,0,1,141,86,0,0,48,e617ab48,0
167,7,12,3,0,2160000167,0,3,0,448,1,0,31,11,1930,0,STEADY,150,3.53309,2.65554,0.23144,0.213333,0.0133333,24,0,5,3,1,2,0,80,100,0,0,104,e617ab48,0
167,7,12,3,0,2160000167,1,3,0,283,1,0,41,8,1330,0,STEADY,95,4.39058,3.18472,0.401474,0.263158,0.105263,23,5,3,4,0,1,0,70,100,0,0,0,e617ab48,0
168,8,13,4,0,2160000168,0,0,1,466,1,44,0,10,1636,0,STEADY,156,4.1522,2.14006,0.394064,0.269231,0.0833333,24,7,4,1,4,1,0,104,72,0,10,160,e617ab48,0
168,8,13,4,0,2160000168,1,0,0,1144,1,0,8,19,3223,0,STEADY,382,3.76791,5.21219,0.229099,0.149215,0.193717,187,37,6,2,7,1,3,96,116,0,10,143,e617ab48,0
169,9,14,5,0,2160000169,0,1,1,805,1,17,0,16,2514,0,STEADY,269,3.53922,1.72692,0.29758,0.159851,0.215613,29,11,3,11,1,0,1,113,132,0,0,155,e617ab48,0
169,9,14,5,0,2160000169,1,1,0,603,1,0,38,9,1637,0,STEADY,201,2.91892,5.5168,0.262985,0.00995025,0.20398,103,2,2,5,0,0,2,75,158,9,0,0,e617ab48,0
170,10,15,0,0,2160000170,0,2,1,672,1,112,0,13,2352,0,STEADY,224,3.03087,5.42721,0.235616,0.111607,0.133929,0,0,10,2,1,0,0,118,12,0,0,58,e617ab48,0
170,10,15,0,0,2160000170,1,2,1,1541,1,20,0,26,4598,0,STEADY,514,3.31965,1.76552,0.131586,0.0719844,0.350195,40,26,23,2,1,0,0,118,104,0,0,344,e617ab48,0
171,11,16,1,0,2160000171,0,3,0,567,1,0,46,11,1810,0,STEADY,189,3.26118,1.81662,0.287873,0.0634921,0.15873,51,5,6,2,0,1,2,69,129,12,10,29,e617ab48,0
171,11,16,1,0,2160000171,1,3,1,589,1,50,0,13,2080,0,STEADY,197,3.66105,1.77322,0.260731,0.121827,0.22335,0,0,8,2,1,1,1,115,79,12,5,0,e617ab48,0
172,12,17,2,0,2160000172,0,0,0,1163,1,0,95,11,2284,0,STEADY,388,2.46772,4.05122,0.154523,0.128866,0.177835,271,42,4,1,5,1,0,27,111,0,0,1,e617ab48,0
172,12,17,2,0,2160000172,1,0,0,316,1,0,31,7,1302,0,STEADY,106,3.25572,2.30485,0.309245,0.179245,0.367925,28,18,3,1,1,1,1,69,111,0,0,7,e617ab48,0
173,13,18,3,0,2160000173,0,1,0,1153,1,0,10,19,3421,0,STEADY,385,3.52938,6.55184,0.177003,0.324675,0.025974,205,8,16,1,1,0,1,119,104,0,0,0,e617ab48,0
173,13,18,3,0,2160000173,1,1,0,904,1,0,44,16,2926,0,STEADY,302,3.36518,2.41999,0.185417,0.327815,0.0960265,110,6,12,1,2,0,1,85,104,0,0,104,e617ab48,0
174,14,19,4,0,2160000174,0,2,1,1233,1,97,0,18,3150,0,STEADY,411,2.50386,8.21622,0.466662,0.0389294,0.0218978,0,0,1,8,3,3,3,132,16,0,9,23,e617ab48,0
174,14,19,4,0,2160000174,1,2,1,768,1,98,0,14,2146,0,STEADY,256,2.51089,8.52399,0.363352,0.0507812,0.0117188,0,0,2,8,2,1,1,132,15,0,6,57,e617ab48,0
175,15,20,5,0,2160000175,0,3,0,1182,2,73,102,13,2572,0,STEADY,394,9.97357,6.9284,0.333845,0.269036,0.634518,0,0,0,8,0,4,1,0,45,0,0,0,e617ab48,0
175,15,20,5,0,2160000175,1,3,0,2281,1,0,26,31,4837,0,STEADY,761,2.8769,2.82278,0.133113,0.34954,0.086728,470,28,21,6,1,2,1,68,127,9,16,484,e617ab48,0
176,16,21,0,0,2160000176,0,0,1,1062,1,100,0,15,2884,0,STEADY,354,2.65078,4.72912,0.144056,0.0225989,0.059322,0,0,11,2,0,0,2,124,15,0,0,18,e617ab48,0
176,16,21,0,0,2160000176,1,0,1,1431,1,58,0,17,3393,0,STEADY,477,2.89738,6.46298,0.145082,0.0377358,0,0,0,14,3,0,0,0,124,57,0,0,34,e617ab48,0
177,17,22,1,0,2160000177,0,1,0,634,1,0,98,9,1548,0,STEADY,212,2.82906,3.31652,0.288198,0.117925,0.127358,48,3,4,2,0,2,1,77,104,12,0,87,e617ab48,0
177,17,22,1,0,2160000177,1,1,1,584,1,78,0,10,2063,0,STEADY,195,3.01694,1.61648,0.338995,0.333333,0.0615385,0,0,1,2,0,5,2,175,56,30,0,57,e617ab48,0
178,18,23,2,0,2160000178,0,2,0,1309,1,0,58,20,2957,0,STEADY,437,3.00253,2.10596,0.156499,0.0640732,0.437071,94,27,17,2,0,0,1,66,129,0,0,206,e617ab48,0
178,18,23,2,0,2160000178,1,2,0,1447,1,0,57,20,3175,0,STEADY,483,2.87216,2.65748,0.157184,0.0621118,0.320911,90,37,15,3,0,0,2,66,129,0,0,154,e617ab48,0
179,19,24,3,0,2160000179,0,3,1,1476,1,15,0,27,4709,0,STEADY,492,3.97823,2.1193,0.176396,0.489837,0.182927,117,27,25,1,0,1,0,125,117,0,0,0,e617ab48,0
179,19,24,3,0,2160000179,1,3,1,1383,1,22,0,26,4520,0,STEADY,461,4.35558,1.71453,0.166208,0.457701,0.264642,75,33,24,1,0,1,0,125,110,0,10,320,e617ab48,0
180,20,25,4,0,2160000180,0,0,0,1562,1,0,89,23,4258,0,STEADY,521,4.77806,4.57166,0.151852,0.330134,0.46833,200,102,19,1,1,2,0,15,102,0,36,412,e617ab48,0
180,20,25,4,0,2160000180,1,0,0,761,1,0,83,14,2667,0,STEADY,254,4.42013,4.49255,0.20015,0.480315,0.173228,50,4,11,1,0,1,1,21,102,0,0,0,e617ab48,0
181,21,26,5,0,2160000181,0,1,1,856,1,85,0,19,2630,0,STEADY,286,2.93719,2.23392,0.212531,0.0594406,0.297203,0,0,3,14,1,0,1,108,39,0,0,159,e617ab48,0
181,21,26,5,0,2160000181,1,1,1,1945,1,38,0,31,4467,0,STEADY,649,2.98283,5.89257,0.124678,0.00924499,0.198767,46,10,9,20,1,0,1,108,86,0,0,10,e617ab48,0
182,22,27,0,0,2160000182,0,2,1,1771,1,56,0,22,5479,0,STEADY,591,3.69078,6.81376,0.180296,0.123519,0.035533,18,0,1,10,8,0,3,145,119,0,27,67,e617ab48,0
182,22,27,0,0,2160000182,1,2,1,1912,1,118,0,23,5868,0,STEADY,638,3.77965,6.59629,0.175542,0.117555,0.0407524,0,0,1,12,8,0,2,145,57,0,17,40,e617ab48,0
183,23,28,1,0,2160000183,0,3,0,177,1,0,103,4,750,0,STEADY,59,5.99948,2.52426,0.836814,0.237288,0,13,0,0,3,1,0,0,0,105,0,0,76,e617ab48,0
183,23,28,1,0,2160000183,1,3,1,898,1,34,0,17,2458,0,STEADY,300,2.16977,3.05939,0.213903,0.0766667,0.01,207,2,11,4,1,0,1,103,88,17,0,41,e617ab48,0
184,24,29,2,0,2160000184,0,0,1,1341,1,75,0,23,3885,0,STEADY,447,3.27332,2.13104,0.150114,0.317673,0.317673,0,0,13,5,2,2,1,102,50,0,0,99,e617ab48,0
184,24,29,2,0,2160000184,1,0,1,1741,1,61,0,34,4702,0,STEADY,581,2.90055,2.12675,0.118036,0.401033,0.287435,0,0,28,2,1,2,1,102,64,0,0,147,e617ab48,0
185,25,30,3,0,2160000185,0,1,0,880,1,0,111,9,1825,0,STEADY,294,4.09863,4.19339,0.234908,0.193878,0.00680272,171,0,0,6,1,0,2,14,104,0,0,18,e617ab48,0
185,25,30,3,0,2160000185,1,1,0,416,1,0,97,6,1265,0,STEADY,139,4.34525,2.62413,0.411683,0.201439,0.0647482,35,0,0,3,1,0,2,28,104,0,0,107,e617ab48,0
186,26,31,4,0,2160000186,0,2,1,766,1,35,0,17,2470,0,STEADY,256,2.60768,1.54447,0.240059,0.28125,0.0859375,104,11,9,7,0,0,1,141,73,0,0,127,e617ab48,0
186,26,31,4,0,2160000186,1,2,1,532,1,52,0,13,1930,0,STEADY,178,2.50038,5.84157,0.323,0.174157,0.0561798,0,0,7,5,1,0,0,141,56,0,0,34,e617ab48,0
187,27,32,5,0,2160000187,0,3,0,1243,1,0,84,20,3617,0,STEADY,415,3.82256,3.24004,0.215586,0.359036,0.255422,168,66,17,1,1,0,1,37,145,0,0,39,e617ab48,0
187,27,32,5,0,2160000187,1,3,0,1298,1,0,121,22,3905,0,STEADY,433,5.62797,3.49555,0.182995,0.43418,0.353349,56,44,20,2,0,0,0,0,145,0,0,320,e617ab48,0
188,28,33,0,0,2160000188,0,0,0,587,1,0,8,11,2189,0,STEADY,196,4.14146,3.20951,0.240219,0.397959,0.387755,113,62,2,6,1,0,2,144,111,0,0,0,e617ab48,0
188,28,33,0,0,2160000188,1,0,1,593,1,8,0,11,2176,0,STEADY,198,4.01473,2.42993,0.243354,0.363636,0.5,107,64,2,6,1,0,2,152,103,0,0,119,e617ab48,0
189,29,34,1,0,2160000189,0,1,0,1387,1,0,69,24,3836,0,STEADY,463,3.92002,2.51409,0.191078,0.349892,0.444924,324,153,15,3,5,0,1,71,102,0,25,435,e617ab48,0
189,29,34,1,0,2160000189,1,1,0,1094,1,0,73,20,3005,0,STEADY,365,3.44599,2.30251,0.199627,0.287671,0.50411,64,38,14,2,3,0,1,67,102,0,45,152,e617ab48,0
190,30,35,2,0,2160000190,0,2,1,1662,1,72,0,29,3295,0,STEADY,554,4.35435,5.00582,0.126881,0.032491,0.00361011,0,0,26,2,0,0,1,101,53,0,0,49,e617ab48,0
190,30,35,2,0,2160000190,1,2,1,1681,1,99,0,31,3533,0,STEADY,561,4.25334,4.93184,0.116756,0.0356506,0.00356506,0,0,27,2,0,1,1,101,26,0,0,83,e617ab48,0
191,31,36,3,0,2160000191,0,3,0,680,1,0,25,13,1948,0,STEADY,227,3.76231,2.13952,0.292348,0.427313,0.0484581,47,0,7,4,0,0,2,68,132,0,0,52,e617ab48,0
191,31,36,3,0,2160000191,1,3,1,600,1,42,0,14,2061,0,STEADY,200,4.01288,1.81167,0.26928,0.515,0.11,14,7,8,4,0,0,2,93,90,0,0,20,e617ab48,0
192,32,37,4,0,2160000192,0,0,0,2700,3,98,31,40,7081,0,STEADY,900,2.56206,5.67044,0.0902456,0.0311111,0.102222,0,0,37,0,1,1,1,119,23,0,0,0,e617ab48,0
192,32,37,4,0,2160000192,1,0,0,2700,3,49,25,38,6758,0,STEADY,900,2.80281,6.2304,0.0902389,0.0166667,0.224444,0,0,35,0,1,1,1,125,72,0,0,25,e617ab48,0
193,33,38,5,0,2160000193,0,1,1,775,1,115,0,16,2442,0,STEADY,259,3.13241,2.74882,0.248772,0.0810811,0.119691,0,0,4,2,9,0,1,104,37,0,0,155,e617ab48,0
193,33,38,5,0,2160000193,1,1,1,759,2,122,104,16,2396,0,STEADY,253,4.89833,1.67565,0.23666,0.193676,0.328063,0,0,3,2,10,0,1,0,30,0,0,600,e617ab48,0
194,34,39,0,0,2160000194,0,2,1,1233,1,117,0,15,2721,0,STEADY,411,2.85883,7.77382,0.318311,0.167883,0.0291971,0,0,2,11,0,1,1,114,23,0,0,0,e617ab48,0
194,34,39,0,0,2160000194,1,2,1,1978,1,51,0,23,4161,0,STEADY,660,2.75322,5.18035,0.128682,0.189394,0.133333,138,18,5,14,0,0,4,114,89,0,0,24,e617ab48,0
195,35,0,1,0,2160000195,0,3,0,766,1,0,33,10,1811,0,STEADY,256,2.61607,2.08537,0.208121,0.0078125,0.0664062,112,0,4,4,0,1,1,76,110,9,3,75,e617ab48,0
195,35,0,1,0,2160000195,1,3,1,724,1,40,0,12,2000,0,STEADY,242,2.53705,2.21887,0.199347,0.0371901,0.0495868,12,0,3,6,1,1,1,109,61,0,10,73,e617ab48,0
196,36,1,2,0,2160000196,0,0,0,898,1,0,32,17,3039,0,STEADY,300,3.65361,1.9992,0.19012,0.383333,0.276667,53,4,2,15,0,0,0,104,93,0,0,118,e617ab48,0
196,36,1,2,0,2160000196,1,0,0,568,1,0,87,12,2180,0,STEADY,190,4.10855,2.29223,0.217074,0.268421,0.378947,54,18,2,10,0,0,0,49,93,0,0,88,e617ab48,0
197,37,2,3,0,2160000197,0,1,0,590,1,0,58,11,2115,0,STEADY,197,5.03114,2.77786,0.338218,0.233503,0.294416,51,14,8,0,2,0,1,36,150,0,0,214,e617ab48,0
197,37,2,3,0,2160000197,1,1,1,918,1,120,0,18,3204,0,STEADY,306,2.55554,2.17585,0.215464,0.150327,0.133987,0,0,16,0,1,1,0,94,30,0,0,96,e617ab48,0
198,38,3,4,0,2160000198,0,2,0,534,1,0,14,9,1701,0,STEADY,178,3.68969,2.77448,0.363522,0.44382,0.129213,57,13,3,4,0,0,2,92,104,0,0,103,e617ab48,0
198,38,3,4,0,2160000198,1,2,1,461,1,82,0,10,1907,0,STEADY,154,4.91284,3.05573,0.355916,0.532468,0.220779,0,0,4,3,0,1,2,106,22,0,0,156,e617ab48,0
199,39,4,5,0,2160000199,0,3,0,712,1,0,72,12,2418,0,STEADY,238,3.61413,4.73952,0.314567,0.172269,0.012605,59,0,2,2,0,4,4,51,114,0,17,0,e617ab48,0
199,39,4,5,0,2160000199,1,3,1,1048,1,27,0,19,3034,0,STEADY,350,2.70773,4.02852,0.208454,0.1,0.0685714,120,13,12,2,0,3,2,123,87,0,25,2,e617ab48,0
200,0,12,1,0,2160000200,0,1,1,397,1,17,0,10,1703,0,STEADY,133,2.99455,2.85461,0.321767,0.240602,0.150376,61,10,4,3,1,1,1,111,96,0,0,0,e617ab48,0
200,0,12,1,0,2160000200,1,1,0,379,1,0,51,8,1443,0,STEADY,127,3.75664,2.18353,0.359717,0.228346,0.102362,41,4,3,3,1,1,0,60,113,0,0,44,e617ab48,0
201,1,13,2,0,2160000201,0,2,0,1497,1,0,71,23,3887,0,STEADY,499,3.92773,6.85254,0.177387,0.306613,0.11022,101,36,6,13,0,2,2,33,136,0,91,131,e617ab48,0
201,1,13,2,0,2160000201,1,2,0,1933,1,0,82,23,4630,0,STEADY,645,4.68056,9.19282,0.198862,0.179845,0.184496,43,4,1,7,0,5,10,22,136,0,50,0,e617ab48,0
202,2,14,3,0,2160000202,0,3,0,825,1,0,30,14,2668,0,STEADY,275,3.49316,2.91299,0.225404,0.48,0.185455,97,30,3,10,0,0,1,83,94,0,0,20,e617ab48,0
202,2,14,3,0,2160000202,1,3,0,445,1,0,113,8,1689,0,STEADY,149,5.25085,4.61113,0.353215,0.456376,0.0536913,11,4,4,4,0,0,0,0,94,0,0,0,e617ab48,0
203,3,15,4,0,2160000203,0,0,0,1307,1,0,22,18,3371,0,STEADY,436,2.3859,3.71199,0.1715,0.213303,0.0756881,84,11,16,1,0,1,0,96,106,0,12,74,e617ab48,0
203,3,15,4,0,2160000203,1,0,0,1831,1,0,33,20,3922,0,STEADY,611,2.02895,4.60859,0.132838,0.181669,0.0327332,330,11,18,1,0,1,0,85,106,0,2,49,e617ab48,0
204,4,16,5,0,2160000204,0,1,0,1568,1,0,87,21,3852,0,STEADY,523,4.54687,5.35504,0.228524,0.237094,0.107075,208,2,2,17,0,1,1,28,123,0,0,0,e617ab48,0
204,4,16,5,0,2160000204,1,1,0,1373,1,0,53,16,2987,0,STEADY,458,4.18189,5.4791,0.197007,0.196507,0.0305677,139,2,4,10,0,1,1,62,123,0,0,0,e617ab48,0
205,5,17,0,0,2160000205,0,2,0,631,1,0,78,6,1343,0,STEADY,211,2.83036,2.57611,0.201218,0.113744,0.14218,83,0,2,2,1,1,0,18,141,0,16,21,e617ab48,0
205,5,17,0,0,2160000205,1,2,0,607,1,0,88,5,1290,0,STEADY,203,2.75487,4.52334,0.198906,0.0738916,0.17734,93,6,1,2,0,1,1,0,141,0,16,0,e617ab48,0
206,6,18,1,0,2160000206,0,3,1,1065,1,45,0,17,3113,0,STEADY,355,2.04417,2.65206,0.155687,0,0.115493,237,11,14,0,1,0,2,129,86,0,0,54,e617ab48,0
206,6,18,1,0,2160000206,1,3,1,1314,1,93,0,20,3697,0,STEADY,438,1.69746,1.92253,0.14276,0.0114155,0.0410959,0,0,18,1,1,0,0,129,38,0,0,11,e617ab48,0
207,7,19,2,0,2160000207,0,0,1,892,1,68,0,11,2080,0,STEADY,298,1.66252,7.30828,0.12745,0.0436242,0,0,0,6,2,0,1,2,132,32,0,0,27,e617ab48,0
207,7,19,2,0,2160000207,1,0,1,796,1,83,0,12,2014,0,STEADY,266,1.92352,5.68676,0.14491,0.0676692,0,0,0,7,3,0,1,1,132,17,0,0,25,e617ab48,0
208,8,20,3,0,2160000208,0,1,0,533,1,0,102,12,2000,0,STEADY,178,5.73924,1.63516,0.414736,0.41573,0.0898876,27,12,8,2,2,0,0,0,116,0,20,409,e617ab48,0
208,8,20,3,0,2160000208,1,1,1,1246,1,20,0,21,3358,0,STEADY,416,3.64449,2.73319,0.194522,0.185096,0.189904,219,45,10,1,9,1,0,98,96,0,8,356,e617ab48,0
209,9,21,4,0,2160000209,0,2,1,1630,1,74,0,21,4615,0,STEADY,544,3.69638,6.23883,0.212039,0.0238971,0.0441176,0,0,10,4,1,1,5,124,87,12,0,66,e617ab48,0
209,9,21,4,0,2160000209,1,2,1,1823,1,31,0,28,5154,0,STEADY,608,3.37566,5.22287,0.179048,0.0394737,0.141447,45,28,10,13,1,0,4,124,126,8,0,36,e617ab48,0
210,10,22,5,0,2160000210,0,3,1,2094,1,4,0,31,5421,0,STEADY,698,2.49254,2.9074,0.125311,0.0673352,0.167622,341,47,29,2,0,0,0,175,120,0,0,67,e617ab48,0
210,10,22,5,0,2160000210,1,3,0,1075,1,0,79,16,2866,0,STEADY,359,2.35709,2.82067,0.170292,0.0584958,0.214485,122,20,14,2,0,0,0,96,124,0,0,34,e617ab48,0
211,11,23,0,0,2160000211,0,0,0,1345,1,0,105,9,2159,0,STEADY,449,2.30941,4.40751,0.135256,0.0289532,0.0935412,181,5,4,2,0,2,1,18,141,24,10,0,e617ab48,0
211,11,23,0,0,2160000211,1,0,0,598,1,0,90,6,1408,0,STEADY,200,2.97154,4.68149,0.176295,0.055,0.16,79,0,1,2,0,1,2,36,129,12,10,0,e617ab48,0
212,12,24,1,0,2160000212,0,1,1,1312,1,30,0,19,3124,0,STEADY,438,2.9919,6.2654,0.139233,0.0936073,0.19863,110,0,13,1,2,1,2,125,81,0,0,37,e617ab48,0
212,12,24,1,0,2160000212,1,1,0,421,1,0,4,11,1760,0,STEADY,141,2.96333,3.20247,0.290397,0.411348,0.22695,69,30,7,1,1,1,1,121,111,0,0,102,e617ab48,0
213,13,25,2,0,2160000213,0,2,1,501,1,48,0,11,2010,0,STEADY,167,5.23666,3.8988,0.27797,0.419162,0.359281,0,0,8,1,2,0,0,104,56,0,0,101,e617ab48,0
213,13,25,2,0,2160000213,1,2,1,783,1,43,0,13,2434,0,STEADY,261,3.85744,3.0993,0.207839,0.321839,0.195402,0,0,10,1,2,0,0,104,61,0,0,141,e617ab48,0
214,14,26,3,0,2160000214,0,3,0,1048,1,0,10,17,2488,0,STEADY,350,2.30404,1.73282,0.221069,0.0342857,0.02,52,0,2,12,2,1,0,98,113,0,0,57,e617ab48,0
214,14,26,3,0,2160000214,1,3,1,525,1,15,0,11,1664,0,STEADY,175,2.64766,2.93042,0.287829,0.0457143,0.0628571,50,1,2,6,2,1,0,108,98,0,0,0,e617ab48,0
215,15,27,4,0,2160000215,0,0,0,2201,1,0,49,29,4303,0,STEADY,734,2.02285,1.61086,0.109128,0.226158,0.110354,58,11,22,5,0,1,1,96,118,0,17,164,e617ab48,0
215,15,27,4,0,2160000215,1,0,0,1528,1,0,81,28,4251,0,STEADY,510,4.05351,1.65313,0.150578,0.42549,0.182353,250,8,15,7,0,4,2,64,118,0,43,468,e617ab48,0
216,16,28,5,0,2160000216,0,1,1,2091,1,46,0,24,4796,0,STEADY,697,2.12475,8.43588,0.122473,0.0401722,0.0473458,0,0,21,3,0,0,0,111,69,0,0,0,e617ab48,0
216,16,28,5,0,2160000216,1,1,1,1908,1,86,0,20,4099,0,STEADY,636,1.75481,8.02098,0.132621,0.0361635,0.0204403,0,0,17,2,1,0,0,111,29,0,0,0,e617ab48,0
217,17,29,0,0,2160000217,0,2,1,1880,1,89,0,18,4354,0,STEADY,627,3.06781,7.02251,0.269652,0.140351,0.106858,0,0,2,5,0,8,3,102,41,48,0,71,e617ab48,0
217,17,29,0,0,2160000217,1,2,1,2098,1,17,0,20,4543,0,STEADY,700,2.57581,6.62211,0.26382,0.131429,0.0671429,22,18,3,3,0,8,6,102,121,48,0,14,e617ab48,0
218,18,30,1,0,2160000218,0,3,0,1283,1,0,32,23,3490,0,STEADY,428,3.21869,1.9431,0.199811,0.0771028,0.439252,321,162,18,3,0,0,2,90,129,0,0,3,e617ab48,0
218,18,30,1,0,2160000218,1,3,0,784,1,0,94,12,2031,0,STEADY,262,3.39871,2.31036,0.261496,0.0496183,0.0954198,101,6,8,2,0,0,2,28,129,0,0,15,e617ab48,0
219,19,31,2,0,2160000219,0,0,1,1173,1,62,0,21,3707,0,STEADY,391,3.90877,2.44135,0.15709,0.368286,0.370844,0,0,18,1,0,1,1,141,70,0,18,171,e617ab48,0
219,19,31,2,0,2160000219,1,0,0,920,1,0,6,17,3027,0,STEADY,307,4.17236,2.11733,0.189834,0.394137,0.423453,82,52,14,1,0,1,1,135,132,0,18,109,e617ab48,0
220,20,32,3,0,2160000220,0,1,0,604,1,0,67,11,2356,0,STEADY,202,5.81676,1.935,0.367876,0.470297,0.123762,49,19,6,2,1,2,0,54,102,0,4,446,e617ab48,0
220,20,32,3,0,2160000220,1,1,0,811,1,0,64,13,2880,0,STEADY,271,5.61329,3.57538,0.291856,0.409594,0.110701,80,13,7,3,1,2,0,57,102,0,44,114,e617ab48,0
221,21,33,4,0,2160000221,0,2,1,1157,1,43,0,16,2828,0,STEADY,386,2.69777,5.88514,0.146811,0.00777202,0.0906736,239,9,9,4,1,0,2,152,81,0,0,15,e617ab48,0
221,21,33,4,0,2160000221,1,2,1,1573,1,41,0,22,3509,0,STEADY,525,2.63059,6.29725,0.136282,0.00571429,0.0685714,17,0,12,8,1,0,1,152,83,0,0,13,e617ab48,0
222,22,34,5,0,2160000222,0,3,0,1750,1,0,116,19,4762,0,STEADY,584,6.08246,3.51532,0.378493,0.273973,0.303082,83,23,2,9,5,1,2,24,175,0,42,379,e617ab48,0
222,22,34,5,0,2160000222,1,3,0,1324,1,0,68,18,4173,0,STEADY,442,3.49554,2.62739,0.20036,0.205882,0.205882,126,48,3,5,5,1,4,72,175,0,73,120,e617ab48,0
223,23,35,0,0,2160000223,0,0,1,1648,1,80,0,24,4186,0,STEADY,550,3.51853,7.14994,0.288747,0.147273,0.0654545,0,0,3,17,2,0,2,101,42,17,0,0,e617ab48,0
223,23,35,0,0,2160000223,1,0,1,1249,1,105,0,17,3132,0,STEADY,417,3.36197,7.2825,0.225616,0.170264,0.0143885,0,0,1,13,2,0,1,110,0,0,0,38,e617ab48,0
224,24,36,1,0,2160000224,0,1,0,908,1,0,59,18,2680,0,STEADY,303,3.31846,1.6572,0.205538,0.184818,0.30033,89,42,13,2,1,1,1,34,125,0,15,86,e617ab48,0
224,24,36,1,0,2160000224,1,1,1,448,1,81,0,7,1453,0,STEADY,150,3.84092,2.76972,0.316053,0.146667,0.173333,0,0,2,2,2,1,0,93,44,0,20,66,e617ab48,0
225,25,37,2,0,2160000225,0,2,0,571,1,0,90,13,1920,0,STEADY,191,3.32428,1.19722,0.237497,0.492147,0.0994764,94,16,7,4,1,0,1,60,104,0,0,90,e617ab48,0
225,25,37,2,0,2160000225,1,2,0,2700,3,34,55,27,5087,0,STEADY,900,3.18265,4.65665,0.197373,0.138889,0.0433333,273,13,8,10,5,0,4,95,70,0,17,36,e617ab48,0
226,26,38,3,0,2160000226,0,3,0,887,1,0,46,15,2326,0,STEADY,296,3.93906,3.87817,0.248902,0.108108,0.351351,26,8,7,6,0,0,2,58,108,0,0,81,e617ab48,0
226,26,38,3,0,2160000226,1,3,1,634,1,108,0,15,2211,0,STEADY,212,2.91443,4.08365,0.237486,0.146226,0.165094,0,0,8,5,0,0,2,104,0,0,0,10,e617ab48,0
227,27,39,4,0,2160000227,0,0,1,1855,1,84,0,27,4785,0,STEADY,619,3.38762,2.88699,0.136662,0.290792,0.253635,0,0,24,1,0,0,2,114,61,0,0,216,e617ab48,0
227,27,39,4,0,2160000227,1,0,1,2321,1,101,0,38,6624,0,STEADY,774,3.95549,2.61539,0.121211,0.462532,0.268734,0,0,35,1,0,0,2,114,44,0,0,575,e617ab48,0
228,28,0,5,0,2160000228,0,1,1,1063,1,10,0,19,3510,0,STEADY,355,6.24248,4.68588,0.220842,0.552113,0.149296,68,0,4,15,0,0,0,113,101,0,0,18,e617ab48,0
228,28,0,5,0,2160000228,1,1,0,679,1,0,35,11,2153,0,STEADY,227,4.95174,4.17651,0.30593,0.295154,0.0572687,107,13,3,7,0,0,1,78,111,0,0,0,e617ab48,0
229,29,1,0,0,2160000229,0,2,0,1522,1,0,89,24,4050,0,STEADY,508,3.67985,2.90715,0.205325,0.370079,0.393701,38,2,14,3,7,0,0,59,102,0,17,466,e617ab48,0
229,29,1,0,0,2160000229,1,2,0,868,1,0,81,15,2717,0,STEADY,290,3.74745,2.53902,0.252655,0.331034,0.310345,24,10,7,1,6,0,1,55,102,0,17,37,e617ab48,0
230,30,2,1,0,2160000230,0,3,0,465,1,0,39,11,1697,0,STEADY,155,4.04328,2.40677,0.350316,0.129032,0.103226,114,16,7,2,0,0,2,55,125,0,0,72,e617ab48,0
230,30,2,1,0,2160000230,1,3,1,627,1,33,0,13,1889,0,STEADY,209,4.4636,2.72612,0.285722,0.062201,0.191388,168,40,9,2,0,1,1,94,92,0,0,123,e617ab48,0
231,31,3,2,0,2160000231,0,0,0,1181,1,0,39,18,2887,0,STEADY,394,2.89081,1.95518,0.156327,0.304569,0.154822,106,20,8,8,0,0,2,64,132,0,0,132,e617ab48,0
231,31,3,2,0,2160000231,1,0,1,2008,1,35,0,29,5176,0,STEADY,670,2.5789,5.38682,0.27911,0.21791,0.1,88,8,6,14,0,1,8,106,97,0,0,36,e617ab48,0
232,32,4,3,0,2160000232,0,1,0,1054,1,0,72,17,3296,0,STEADY,352,3.86548,2.44068,0.151227,0.232955,0.0482955,182,5,13,0,2,1,1,51,121,0,0,227,e617ab48,0
232,32,4,3,0,2160000232,1,1,0,614,1,0,123,13,2474,0,STEADY,205,5.58753,1.7483,0.17882,0.619512,0.102439,60,21,10,0,2,1,0,0,121,0,0,520,e617ab48,0
233,33,5,4,0,2160000233,0,2,0,886,1,0,53,16,2463,0,STEADY,296,2.95353,3.94429,0.185868,0.148649,0.246622,55,27,3,2,10,0,1,88,152,0,0,127,e617ab48,0
233,33,5,4,0,2160000233,1,2,1,1021,1,41,0,19,2693,0,STEADY,341,2.71811,2.334,0.152223,0.0762463,0.334311,59,31,3,2,14,0,0,141,111,0,0,162,e617ab48,0
234,34,6,5,0,2160000234,0,3,0,1713,2,34,127,27,4727,0,STEADY,571,5.46204,3.29279,0.236671,0.598949,0.201401,118,21,0,25,1,0,1,4,106,0,0,0,e617ab48,0
234,34,6,5,0,2160000234,1,3,0,1565,1,0,110,29,4642,0,STEADY,522,4.48383,1.79098,0.174148,0.770115,0.0383142,140,1,9,19,1,0,0,21,140,0,0,509,e617ab48,0
235,35,7,0,0,2160000235,0,0,0,703,1,0,68,14,2264,0,STEADY,235,2.7234,2.241,0.162821,0.0595745,0.523404,44,19,8,4,0,1,1,32,101,0,0,120,e617ab48,0
235,35,7,0,0,2160000235,1,0,0,1057,1,0,70,17,2849,0,STEADY,353,2.42744,3.65963,0.143252,0.0113314,0.419263,62,12,12,3,0,1,1,30,101,0,0,22,e617ab48,0
236,36,8,1,0,2160000236,0,1,0,902,1,0,36,14,2587,0,STEADY,301,3.26532,3.77519,0.177352,0.225914,0.0332226,70,5,1,12,0,0,1,80,93,0,0,52,e617ab48,0
236,36,8,1,0,2160000236,1,1,0,337,1,0,68,8,1500,0,STEADY,113,4.49835,2.61269,0.275239,0.292035,0.0619469,26,4,2,6,0,0,0,48,93,0,0,81,e617ab48,0
237,37,9,2,0,2160000237,0,2,1,1694,1,86,0,25,4589,0,STEADY,565,3.64045,5.02781,0.134248,0.040708,0.325664,0,0,22,0,2,0,1,157,64,0,0,22,e617ab48,0
237,37,9,2,0,2160000237,1,2,0,1312,1,0,30,22,3941,0,STEADY,438,3.25186,2.33239,0.152185,0.0593607,0.454338,53,25,19,0,2,0,1,121,150,0,0,82,e617ab48,0
238,38,10,3,0,2160000238,0,3,0,968,1,0,25,18,3240,0,STEADY,323,4.18766,2.52836,0.223427,0.634675,0.182663,219,56,8,7,0,1,2,99,104,0,0,0,e617ab48,0
238,38,10,3,0,2160000238,1,3,0,550,1,0,124,11,2074,0,STEADY,184,5.18133,3.28574,0.373837,0.61413,0.152174,59,9,5,3,0,1,2,0,104,0,0,29,e617ab48,0
239,39,11,4,0,2160000239,0,0,0,833,1,0,51,9,1951,0,STEADY,278,2.28403,1.85034,0.195529,0.104317,0.0539568,88,4,3,1,1,2,2,78,114,0,8,67,e617ab48,0
239,39,11,4,0,2160000239,1,0,1,1331,1,79,0,18,3822,0,STEADY,444,3.17575,5.9239,0.206408,0.211712,0.0472973,0,0,3,4,0,8,3,129,35,0,17,52,e617ab48,0
240,0,19,0,1,2160000240,0,2,1,1961,1,34,0,30,5198,0,STEADY,654,3.7863,7.24388,0.312378,0.197248,0.0779817,198,29,5,21,0,1,3,132,79,0,0,28,e617ab48,0
240,0,19,0,1,2160000240,1,2,0,2700,3,34,44,46,6828,0,STEADY,900,3.3268,3.73222,0.16401,0.136667,0.313333,76,30,26,17,1,1,1,88,79,0,0,172,e617ab48,0
241,1,20,1,1,2160000241,0,3,1,1000,1,90,0,17,2610,0,STEADY,334,3.20123,2.22921,0.194605,0.230539,0.101796,0,0,10,3,0,1,3,90,46,0,7,107,e617ab48,0
241,1,20,1,1,2160000241,1,3,0,1591,1,0,61,25,4016,0,STEADY,531,2.77722,1.98248,0.203642,0.412429,0.0847458,445,45,10,13,1,1,0,29,150,14,55,35,e617ab48,0
242,2,21,2,1,2160000242,0,0,1,881,1,49,0,15,2797,0,STEADY,294,4.30737,3.38204,0.183694,0.438776,0.323129,0,0,3,11,0,0,1,124,45,0,0,101,e617ab48,0
242,2,21,2,1,2160000242,1,0,1,1188,1,52,0,17,3241,0,STEADY,396,3.67316,5.05834,0.138727,0.255051,0.378788,0,0,2,13,0,0,2,124,42,0,0,82,e617ab48,0
243,3,22,3,1,2160000243,0,1,0,642,1,0,131,13,2289,0,STEADY,214,3.91024,3.69835,0.283607,0.233645,0.336449,62,37,11,0,0,1,1,44,106,0,15,137,e617ab48,0
243,3,22,3,1,2160000243,1,1,0,511,1,0,164,11,2009,0,STEADY,171,4.09728,4.14507,0.298427,0.175439,0.292398,27,5,8,1,0,1,1,11,106,0,0,49,e617ab48,0
244,4,23,4,1,2160000244,0,2,0,837,1,0,80,18,2940,0,STEADY,279,3.32602,1.4867,0.204792,0.573477,0.261649,122,22,5,11,1,0,1,43,123,0,0,137,e617ab48,0
244,4,23,4,1,2160000244,1,2,0,1274,1,0,96,27,3820,0,STEADY,425,3.40026,2.29819,0.166758,0.470588,0.171765,55,34,18,7,1,1,0,28,135,12,0,352,e617ab48,0
245,5,24,5,1,2160000245,0,3,0,1266,2,141,125,2,400,0,STEADY,422,13.685,10.7261,0.979898,0.334123,0.620853,0,0,0,0,0,2,0,0,0,0,0,0,e617ab48,0
245,5,24,5,1,2160000245,1,3,1,1375,1,79,0,19,3026,0,STEADY,459,2.42173,3.90756,0.176651,0.224401,0.0544662,0,0,14,1,1,2,1,125,62,0,0,68,e617ab48,0
246,6,25,0,1,2160000246,0,0,0,2700,3,122,12,39,6948,0,STEADY,900,3.86643,6.37778,0.110812,0.0488889,0.547778,0,0,37,1,1,0,0,92,9,0,0,29,e617ab48,0
246,6,25,0,1,2160000246,1,0,1,1024,1,77,0,16,3037,0,STEADY,342,2.57548,4.53955,0.159576,0.0116959,0.239766,0,0,14,1,1,0,0,104,54,0,0,22,e617ab48,0
247,7,26,1,1,2160000247,0,1,1,1525,1,30,0,19,3129,0,STEADY,509,2.39007,5.29133,0.095055,0.0314342,0.00589391,52,0,13,3,1,1,1,108,70,0,0,36,e617ab48,0
247,7,26,1,1,2160000247,1,1,0,1453,1,0,68,16,3008,0,STEADY,485,2.51696,7.32186,0.108177,0.0865979,0.00206186,208,0,6,7,0,1,2,40,100,0,0,0,e617ab48,0
248,8,27,2,1,2160000248,0,2,0,1527,1,0,84,26,3927,0,STEADY,509,3.55634,1.75433,0.16346,0.139489,0.442043,168,84,8,1,15,2,0,61,116,0,7,341,e617ab48,0
248,8,27,2,1,2160000248,1,2,0,2189,1,0,69,32,5490,0,STEADY,730,3.9286,4.16147,0.179736,0.19726,0.160274,29,15,14,3,11,2,2,76,116,0,0,200,e617ab48,0
249,9,28,3,1,2160000249,0,3,0,663,1,0,53,9,1766,0,STEADY,221,2.71859,3.02736,0.256932,0.0497738,0.117647,109,16,2,4,1,1,1,58,153,4,0,8,e617ab48,0
249,9,28,3,1,2160000249,1,3,0,667,1,0,21,9,1794,0,STEADY,223,3.14331,4.06844,0.25083,0.0493274,0.107623,114,21,2,4,1,1,1,86,151,2,0,67,e617ab48,0
250,10,29,4,1,2160000250,0,0,1,780,1,69,0,13,2444,0,STEADY,260,3.20338,1.82771,0.203031,0.119231,0.280769,0,0,9,2,1,0,1,102,55,0,0,195,e617ab48,0
250,10,29,4,1,2160000250,1,0,0,1471,1,0,54,28,4800,0,STEADY,491,2.65418,1.16477,0.141668,0.13442,0.407332,174,78,26,2,0,0,0,48,124,0,0,138,e617ab48,0
251,11,30,5,1,2160000251,0,1,1,2152,1,55,0,22,4179,0,STEADY,718,2.69094,5.60156,0.161185,0.0543175,0.107242,0,0,10,3,0,5,4,125,110,48,10,58,e617ab48,0
251,11,30,5,1,2160000251,1,1,1,2700,3,78,6,34,5705,0,STEADY,900,2.35173,5.03689,0.114489,0.0766667,0.0755556,0,0,21,5,1,4,3,119,39,0,0,113,e617ab48,0
252,12,31,0,1,2160000252,0,2,1,917,1,111,0,15,2775,0,STEADY,306,3.44031,6.03803,0.196392,0.24183,0.271242,0,0,5,1,6,3,0,141,0,0,0,3,e617ab48,0
252,12,31,0,1,2160000252,1,2,0,1273,1,0,39,19,3004,0,STEADY,425,3.04958,2.78156,0.145014,0.0847059,0.294118,61,30,13,1,3,1,1,93,111,0,0,232,e617ab48,0
253,13,32,1,1,2160000253,0,3,0,423,1,0,69,8,1549,0,STEADY,141,5.22403,3.57659,0.418284,0.375887,0.0212766,84,3,5,1,2,0,0,52,104,0,0,0,e617ab48,0
253,13,32,1,1,2160000253,1,3,0,461,1,0,97,10,1870,0,STEADY,154,4.3622,3.721,0.24374,0.467532,0.11039,66,16,7,0,2,0,1,24,104,0,0,9,e617ab48,0
254,14,33,2,1,2160000254,0,0,1,813,1,99,0,12,1997,0,STEADY,271,1.96454,5.67528,0.161469,0.0184502,0.0258303,0,0,1,7,1,1,2,152,14,0,0,14,e617ab48,0
254,14,33,2,1,2160000254,1,0,1,1390,1,57,0,19,3271,0,STEADY,464,1.69353,6.20351,0.278405,0.0344828,0.0107759,0,0,1,10,2,3,3,152,56,0,0,0,e617ab48,0
255,15,34,3,1,2160000255,0,1,1,710,2,60,128,14,2362,0,STEADY,237,5.72259,1.15825,0.396844,0.649789,0,0,0,2,10,0,2,0,12,58,0,28,600,e617ab48,0
255,15,34,3,1,2160000255,1,1,0,796,1,0,92,12,2092,0,STEADY,266,4.59045,3.17887,0.369688,0.327068,0.0526316,38,12,3,7,0,2,0,48,118,0,37,0,e617ab48,0
256,16,35,4,1,2160000256,0,2,1,1605,1,69,0,26,4623,0,STEADY,535,3.22085,4.41704,0.11997,0.0560748,0.0897196,0,0,23,2,0,0,1,101,46,0,0,134,e617ab48,0
256,16,35,4,1,2160000256,1,2,1,1719,1,115,0,24,4576,0,STEADY,573,4.26103,6.81451,0.135075,0.04363,0.0942408,0,0,19,4,0,0,1,101,0,0,0,0,e617ab48,0
257,17,36,5,1,2160000257,0,3,1,634,1,25,0,11,1622,0,STEADY,212,4.52213,3.45216,0.498736,0.150943,0.349057,78,33,6,2,0,2,1,93,71,12,0,52,e617ab48,0
257,17,36,5,1,2160000257,1,3,1,571,1,12,0,10,1726,0,STEADY,191,3.35754,3.31301,0.421513,0.172775,0.225131,69,33,4,2,1,2,1,93,81,6,0,94,e617ab48,0
258,18,37,0,1,2160000258,0,0,0,2156,1,0,56,25,3862,0,STEADY,719,4.03202,3.95282,0.120355,0.0347705,0.488178,160,70,20,3,0,1,1,94,129,0,18,131,e617ab48,0
258,18,37,0,1,2160000258,1,0,0,1820,1,0,8,25,3725,0,STEADY,607,3.97043,3.9935,0.140451,0.0576606,0.397035,173,32,21,3,0,0,1,142,129,0,0,167,e617ab48,0
259,19,38,1,1,2160000259,0,1,0,875,1,0,29,14,2501,0,STEADY,292,5.49938,4.32335,0.249291,0.325342,0.157534,31,10,11,0,0,2,1,75,132,0,41,38,e617ab48,0
259,19,38,1,1,2160000259,1,1,0,770,1,0,74,15,2670,0,STEADY,257,4.87452,2.60001,0.246588,0.249027,0.237354,102,18,11,0,0,2,2,30,132,0,41,222,e617ab48,0
260,20,39,2,1,2160000260,0,2,0,1196,1,0,19,17,3191,0,STEADY,399,4.85459,3.93911,0.174845,0.338346,0.446115,208,114,15,1,0,1,0,95,102,0,0,382,e617ab48,0
260,20,39,2,1,2160000260,1,2,0,2700,3,72,13,39,6920,0,STEADY,900,3.96078,4.87627,0.106579,0.438889,0.443333,0,0,36,1,0,1,1,101,30,0,0,17,e617ab48,0
261,21,0,3,1,2160000261,0,3,0,810,1,0,47,14,2192,0,STEADY,270,3.34096,2.13918,0.215622,0.0296296,0.337037,77,28,5,7,1,0,1,66,124,0,0,157,e617ab48,0
261,21,0,3,1,2160000261,1,3,0,898,1,0,29,14,2196,0,STEADY,300,2.72203,2.46758,0.181633,0.0266667,0.156667,120,13,3,8,1,0,2,84,124,0,0,33,e617ab48,0
262,22,1,4,1,2160000262,0,0,0,2017,1,0,44,30,6696,0,STEADY,673,2.94132,2.03199,0.152247,0.263001,0.402675,227,127,9,5,9,1,6,92,175,0,122,249,e617ab48,0
262,22,1,4,1,2160000262,1,0,0,2167,1,0,2,33,7330,0,STEADY,723,2.66024,1.3019,0.144055,0.253112,0.300138,199,37,14,5,10,0,4,134,175,0,122,261,e617ab48,0
263,23,2,5,1,2160000263,0,1,1,1480,1,105,0,21,3275,0,STEADY,494,2.66687,9.43991,0.19431,0.159919,0.00202429,0,0,12,8,0,0,1,94,13,13,0,54,e617ab48,0
263,23,2,5,1,2160000263,1,1,1,1306,1,105,0,17,2820,0,STEADY,436,2.41582,6.87022,0.189516,0.0642202,0.0137615,0,0,9,5,1,0,2,94,10,10,0,35,e617ab48,0
264,24,3,0,1,2160000264,0,2,0,1242,1,0,19,15,3008,0,STEADY,414,3.08384,3.38672,0.17451,0.292271,0.0990338,54,6,7,4,1,2,1,72,125,0,6,234,e617ab48,0
264,24,3,0,1,2160000264,1,2,1,1405,1,75,0,17,3771,0,STEADY,469,2.99518,7.95682,0.257623,0.176972,0.140725,0,0,2,6,2,3,4,106,50,0,11,7,e617ab48,0
265,25,4,1,1,2160000265,0,3,0,1125,1,0,53,15,2472,0,STEADY,375,2.61544,2.09865,0.141275,0.224,0.114667,60,18,8,4,1,0,2,83,104,0,0,61,e617ab48,0
265,25,4,1,1,2160000265,1,3,0,700,1,0,123,9,1641,0,STEADY,234,3.38735,2.6977,0.228346,0.192308,0.042735,45,3,1,6,1,0,1,0,104,0,9,26,e617ab48,0
266,26,5,2,1,2160000266,0,0,1,1006,1,62,0,19,2839,0,STEADY,336,2.91471,3.03083,0.183307,0.113095,0.306548,0,0,10,7,1,0,1,141,46,0,0,97,e617ab48,0
266,26,5,2,1,2160000266,1,0,1,1480,1,26,0,21,3609,0,STEADY,494,2.3225,4.84948,0.227765,0.0850202,0.234818,15,0,7,8,1,0,5,141,82,0,0,1,e617ab48,0
267,27,6,3,1,2160000267,0,1,0,1305,1,0,80,23,3971,0,STEADY,435,4.55305,2.13184,0.154069,0.395402,0.342529,184,66,21,0,0,0,2,51,145,0,0,309,e617ab48,0
267,27,6,3,1,2160000267,1,1,0,1755,1,0,114,30,5248,0,STEADY,585,4.42292,2.48032,0.141986,0.405128,0.333333,285,112,27,1,0,0,2,17,145,0,0,447,e617ab48,0
268,28,7,4,1,2160000268,0,2,1,364,1,79,0,8,1560,0,STEADY,122,3.74645,2.37336,0.378484,0.418033,0.368852,0,0,2,4,0,0,2,100,32,0,0,35,e617ab48,0
268,28,7,4,1,2160000268,1,2,1,688,1,61,0,12,2310,0,STEADY,230,3.30626,4.60475,0.239261,0.43913,0.452174,0,0,2,8,1,0,1,100,50,0,0,0,e617ab48,0
269,29,8,5,1,2160000269,0,3,1,948,2,36,116,20,3005,0,STEADY,316,5.5123,1.64543,0.226627,0.731013,0.0189873,15,0,14,2,3,0,1,0,66,0,6,600,e617ab48,0
269,29,8,5,1,2160000269,1,3,0,583,1,0,41,12,2041,0,STEADY,195,4.25147,1.36524,0.344395,0.589744,0.0820513,36,0,6,2,2,1,1,75,102,0,25,222,e617ab48,0
270,30,9,0,1,2160000270,0,0,0,2371,1,0,25,47,5013,0,STEADY,791,3.60557,6.23315,0.123582,0.0467762,0.519595,36,15,44,3,0,0,0,130,125,0,0,0,e617ab48,0
270,30,9,0,1,2160000270,1,0,0,2700,3,61,91,55,5540,0,STEADY,900,3.57423,6.23547,0.111948,0.0333333,0.563333,0,0,53,2,0,0,0,74,64,0,0,17,e617ab48,0
271,31,10,1,1,2160000271,0,1,0,711,1,0,75,12,2050,0,STEADY,237,3.4726,2.49176,0.227447,0.308017,0.14346,48,20,3,7,0,0,2,49,132,0,0,175,e617ab48,0
271,31,10,1,1,2160000271,1,1,0,898,1,0,109,14,2468,0,STEADY,300,3.55831,2.36562,0.22345,0.266667,0.176667,140,31,2,9,0,0,3,15,132,0,0,135,e617ab48,0
272,32,11,2,1,2160000272,0,2,0,340,1,0,69,7,1480,0,STEADY,114,4.05463,2.31584,0.244693,0.27193,0.342105,50,28,4,1,1,1,0,60,121,0,0,21,e617ab48,0
272,32,11,2,1,2160000272,1,2,0,919,1,0,4,17,3130,0,STEADY,307,2.77019,1.7114,0.170215,0.13355,0.175896,76,11,14,1,2,0,0,149,121,0,0,74,e617ab48,0
273,33,12,3,1,2160000273,0,3,0,991,1,0,36,20,3069,0,STEADY,331,3.79742,1.64258,0.196474,0.344411,0.145015,50,0,6,3,11,0,0,75,152,0,0,393,e617ab48,0
273,33,12,3,1,2160000273,1,3,1,568,1,29,0,12,1958,0,STEADY,190,3.30427,2.13989,0.289132,0.142105,0.157895,28,5,5,2,5,0,0,111,123,0,0,163,e617ab48,0
274,34,13,4,1,2160000274,0,0,0,786,1,0,30,13,2200,0,STEADY,262,3.84191,2.84259,0.27384,0.29771,0.0229008,88,0,4,7,0,0,2,74,140,0,0,168,e617ab48,0
274,34,13,4,1,2160000274,1,0,0,688,1,0,104,14,2430,0,STEADY,230,4.66883,1.66334,0.293509,0.730435,0.0391304,57,0,0,13,0,0,1,0,140,0,0,225,e617ab48,0
275,35,14,5,1,2160000275,0,1,0,948,1,0,1,19,2779,0,STEADY,316,2.75889,2.37595,0.182161,0.0474684,0.268987,88,31,6,11,1,1,0,112,101,0,0,143,e617ab48,0
275,35,14,5,1,2160000275,1,1,1,1471,1,19,0,22,3255,0,STEADY,491,2.80262,8.10241,0.125458,0.0509165,0.678208,24,3,6,14,1,1,0,113,82,0,0,40,e617ab48,0
276,36,15,0,1,2160000276,0,2,1,883,1,29,0,16,2868,0,STEADY,295,2.99456,2.22808,0.214214,0.176271,0.210169,1,0,1,14,0,0,1,118,64,0,0,73,e617ab48,0
276,36,15,0,1,2160000276,1,2,1,698,1,5,0,14,2530,0,STEADY,233,3.00022,1.8596,0.180043,0.197425,0.227468,105,29,2,12,0,0,0,133,88,0,0,99,e617ab48,0
277,37,16,1,1,2160000277,0,3,0,827,1,0,81,15,2707,0,STEADY,276,2.81899,1.60871,0.217946,0.0398551,0.264493,99,45,13,0,1,0,1,34,150,0,0,34,e617ab48,0
277,37,16,1,1,2160000277,1,3,0,809,1,0,41,16,2960,0,STEADY,270,3.00843,1.47785,0.234293,0.0333333,0.374074,151,50,13,1,2,0,0,74,150,0,0,31,e617ab48,0
278,38,17,2,1,2160000278,0,0,0,788,1,0,87,10,1879,0,STEADY,263,3.75283,4.28117,0.217833,0.288973,0.634981,66,41,4,4,0,0,2,53,104,0,0,43,e617ab48,0
278,38,17,2,1,2160000278,1,0,0,551,1,0,43,9,1799,0,STEADY,184,3.68953,5.9274,0.321022,0.434783,0.5,113,73,4,3,0,1,1,85,104,0,0,0,e617ab48,0
279,39,18,3,1,2160000279,0,1,1,832,1,42,0,14,2402,0,STEADY,278,3.07113,3.11975,0.233446,0.219424,0.104317,29,0,8,2,1,2,1,129,72,0,30,107,e617ab48,0
279,39,18,3,1,2160000279,1,1,0,1672,1,0,88,17,3916,0,STEADY,558,2.83159,7.66244,0.238604,0.130824,0.150538,444,84,1,3,1,6,6,41,114,0,25,0,e617ab48,0
280,0,26,5,1,2160000280,0,3,1,1153,1,11,0,25,3380,0,STEADY,385,3.62866,2.20063,0.190192,0.132468,0.285714,32,8,18,6,0,0,1,108,102,0,0,199,e617ab48,0
280,0,26,5,1,2160000280,1,3,1,1207,1,6,0,26,3480,0,STEADY,403,3.103,1.87953,0.168551,0.0967742,0.260546,60,11,20,4,0,0,2,108,107,0,0,287,e617ab48,0
281,1,27,0,1,2160000281,0,0,1,2398,1,68,0,29,4988,0,STEADY,800,3.2167,5.83794,0.213534,0.215,0.02375,0,0,15,7,0,6,1,145,68,0,0,107,e617ab48,0
281,1,27,0,1,2160000281,1,0,0,2129,2,93,112,24,4873,0,STEADY,710,4.35074,7.40591,0.260596,0.13662,0.164789,0,0,0,13,0,7,4,33,43,0,48,35,e617ab48,0
282,2,28,1,1,2160000282,0,1,0,531,1,0,12,7,1665,0,STEADY,177,6.69593,4.42975,0.364989,0.316384,0.158192,89,28,4,2,0,0,1,83,94,0,0,41,e617ab48,0
282,2,28,1,1,2160000282,1,1,0,534,1,0,40,10,1996,0,STEADY,178,6.99307,5.27736,0.297264,0.376404,0.235955,120,42,4,6,0,0,0,55,94,0,0,0,e617ab48,0
283,3,29,2,1,2160000283,0,2,0,1918,1,0,58,31,5566,0,STEADY,640,3.00825,5.2024,0.124088,0.2625,0.0875,60,15,28,1,0,1,1,44,106,0,0,0,e617ab48,0
283,3,29,2,1,2160000283,1,2,0,1118,1,0,42,20,3576,0,STEADY,373,2.42612,1.46244,0.159276,0.324397,0.206434,158,30,17,1,1,1,0,60,106,0,15,93,e617ab48,0
284,4,30,3,1,2160000284,0,3,0,476,1,0,60,9,1559,0,STEADY,159,4.99327,2.41971,0.493384,0.327044,0.0440252,71,3,2,5,0,0,2,65,123,0,0,79,e617ab48,0
284,4,30,3,1,2160000284,1,3,0,896,1,0,63,19,2893,0,STEADY,299,3.72669,2.18947,0.252525,0.364548,0.107023,85,21,10,7,1,0,1,62,123,0,0,59,e617ab48,0
285,5,31,4,1,2160000285,0,0,0,1807,1,0,18,16,3178,0,STEADY,603,2.54561,5.35894,0.120303,0.144279,0.0945274,128,12,6,2,0,4,4,114,141,0,27,41,e617ab48,0
285,5,31,4,1,2160000285,1,0,1,778,1,57,0,13,2146,0,STEADY,260,3.05393,3.70392,0.243281,0.396154,0.0961538,0,0,8,2,1,2,0,141,84,0,18,251,e617ab48,0
286,6,32,5,1,2160000286,0,1,1,1269,1,80,0,23,4104,0,STEADY,423,3.26085,7.20002,0.183106,0.0614657,0.0425532,0,0,21,1,1,0,0,121,51,0,0,0,e617ab48,0
286,6,32,5,1,2160000286,1,1,1,1407,1,127,0,21,3756,0,STEADY,469,1.9731,6.15326,0.145431,0,0.0127932,0,0,19,0,1,0,1,121,4,0,0,5,e617ab48,0
287,7,33,0,1,2160000287,0,2,0,1378,1,0,42,20,3592,0,STEADY,460,2.00868,7.83993,0.126161,0.169565,0.00217391,169,1,4,14,0,1,1,110,100,0,0,0,e617ab48,0
287,7,33,0,1,2160000287,1,2,1,1531,1,25,0,18,3336,0,STEADY,511,2.01108,6.89387,0.107427,0.0958904,0.0410959,57,2,5,10,0,1,2,152,75,0,0,0,e617ab48,0
288,8,34,1,1,2160000288,0,3,1,1117,1,10,0,20,2985,0,STEADY,373,3.64528,2.70671,0.197424,0.16622,0.420912,198,112,7,1,11,1,0,140,106,0,10,339,e617ab48,0
288,8,34,1,1,2160000288,1,3,0,582,1,0,59,11,2100,0,STEADY,194,4.33896,2.45829,0.407732,0.396907,0.340206,28,18,8,0,0,2,1,81,116,0,0,109,e617ab48,0
289,9,35,2,1,2160000289,0,0,1,1924,1,145,0,24,4673,0,STEADY,642,3.45447,3.97012,0.169813,0.00934579,0.0327103,0,0,9,10,0,2,3,110,14,10,0,143,e617ab48,0
289,9,35,2,1,2160000289,1,0,1,1834,1,121,0,20,4134,0,STEADY,612,3.58253,5.45661,0.165348,0.0179739,0.0539216,0,0,6,8,1,1,4,113,32,4,0,71,e617ab48,0
290,10,36,3,1,2160000290,0,1,0,1013,1,0,45,17,3033,0,STEADY,338,3.60699,2.08447,0.183882,0.0946746,0.292899,101,34,14,2,0,0,1,48,124,0,0,216,e617ab48,0
290,10,36,3,1,2160000290,1,1,1,1024,1,60,0,15,2838,0,STEADY,342,3.43524,5.49597,0.170623,0.0555556,0.0730994,0,0,12,2,1,0,0,93,64,0,0,0,e617ab48,0
291,11,37,4,1,2160000291,0,2,1,1996,1,68,0,32,5418,0,STEADY,666,3.1946,4.8666,0.177857,0.15015,0.195195,0,0,18,8,0,3,3,150,85,36,20,139,e617ab48,0
291,11,37,4,1,2160000291,1,2,1,2440,1,66,0,36,6378,0,STEADY,814,3.31175,5.04694,0.170458,0.151106,0.111794,0,0,18,9,0,6,3,150,69,18,10,47,e617ab48,0
292,12,38,5,1,2160000292,0,3,0,452,1,0,80,9,1656,0,STEADY,151,4.8159,3.59097,0.428099,0.271523,0.231788,40,16,4,2,2,0,1,24,111,0,0,48,e617ab48,0
292,12,38,5,1,2160000292,1,3,0,1349,1,0,56,20,3787,0,STEADY,450,6.14502,5.06892,0.352058,0.213333,0.48,50,35,7,3,6,2,2,48,111,0,0,105,e617ab48,0
293,13,39,0,1,2160000293,0,0,1,913,1,60,0,16,2896,0,STEADY,305,4.04364,3.0059,0.171026,0.298361,0.272131,0,0,13,1,2,0,0,114,44,0,0,160,e617ab48,0
293,13,39,0,1,2160000293,1,0,1,762,1,38,0,15,2690,0,STEADY,254,3.97251,4.83764,0.181634,0.34252,0.42126,160,61,12,1,2,0,0,114,66,0,0,0,e617ab48,0
294,14,0,1,1,2160000294,0,1,0,1385,1,0,49,12,2624,0,STEADY,462,1.8817,8.81836,0.342446,0.034632,0.0238095,372,11,0,3,1,4,4,60,113,0,17,19,e617ab48,0
294,14,0,1,1,2160000294,1,1,1,982,1,45,0,13,2430,0,STEADY,328,2.26446,9.2007,0.364503,0.0396341,0.0670732,238,22,1,4,2,3,3,109,68,0,17,16,e617ab48,0
295,15,1,2,1,2160000295,0,2,0,1615,1,0,58,25,3742,0,STEADY,539,3.1755,1.85373,0.133837,0.313544,0.335807,182,59,14,9,0,1,1,78,118,0,0,208,e617ab48,0
295,15,1,2,1,2160000295,1,2,0,1115,1,0,92,19,2912,0,STEADY,372,3.29121,1.78683,0.182304,0.379032,0.333333,130,40,8,10,0,1,0,56,118,0,6,186,e617ab48,0
296,16,2,3,1,2160000296,0,3,1,912,1,36,0,17,3140,0,STEADY,304,3.04278,2.69527,0.17525,0.118421,0.319079,74,15,13,3,0,0,1,94,79,0,0,98,e617ab48,0
296,16,2,3,1,2160000296,1,3,0,827,1,0,22,14,2611,0,STEADY,276,3.82331,2.16521,0.207815,0.0905797,0.347826,52,24,11,2,0,0,1,72,115,0,0,200,e617ab48,0
297,17,3,4,1,2160000297,0,0,1,1000,1,26,0,16,2192,0,STEADY,334,2.88371,2.38516,0.192922,0.122754,0.167665,54,23,11,2,0,2,1,106,44,6,0,156,e617ab48,0
297,17,3,4,1,2160000297,1,0,1,1140,1,68,0,12,2549,0,STEADY,380,2.57791,6.49364,0.336282,0.0921053,0.0684211,0,0,2,2,0,3,5,106,44,12,0,99,e617ab48,0
298,18,4,5,1,2160000298,0,1,1,1273,1,15,0,20,2891,0,STEADY,425,3.82097,5.89987,0.169499,0.155294,0.0447059,265,7,18,2,0,0,0,136,114,0,0,5,e617ab48,0
298,18,4,5,1,2160000298,1,1,0,676,1,0,95,13,2139,0,STEADY,226,4.65164,2.9428,0.302704,0.20354,0.079646,42,2,9,3,0,0,1,28,129,0,0,161,e617ab48,0
299,19,5,0,1,2160000299,0,2,1,2537,1,96,0,36,6359,0,STEADY,846,3.54988,3.01407,0.115254,0.224586,0.477541,0,0,34,1,0,1,0,141,36,0,10,370,e617ab48,0
299,19,5,0,1,2160000299,1,2,0,1172,1,0,57,19,3401,0,STEADY,391,3.12787,2.20399,0.140714,0.232737,0.44757,159,68,16,1,0,1,1,84,132,0,10,200,e617ab48,0
300,20,6,1,1,2160000300,0,3,0,1153,1,0,32,19,3547,0,STEADY,385,4.77923,3.4641,0.172031,0.446753,0.264935,143,19,16,1,0,1,1,99,102,0,7,19,e617ab48,0
300,20,6,1,1,2160000300,1,3,0,864,1,0,51,15,2764,0,STEADY,288,3.99162,3.43395,0.200615,0.479167,0.274306,139,56,13,1,0,1,0,80,102,0,6,13,e617ab48,0
301,21,7,2,1,2160000301,0,0,1,1633,1,24,0,22,3580,0,STEADY,545,2.40745,3.68873,0.126719,0.00917431,0.555963,59,23,10,10,1,0,1,100,100,0,0,1,e617ab48,0
301,21,7,2,1,2160000301,1,0,1,1108,1,22,0,17,2632,0,STEADY,370,2.4455,3.2612,0.139549,0.0108108,0.459459,50,16,4,10,1,0,2,100,102,0,0,48,e617ab48,0
302,22,8,3,1,2160000302,0,1,0,814,1,0,116,5,1655,0,STEADY,272,4.14736,6.36602,0.211338,0.102941,0.0220588,133,5,0,4,0,0,1,0,175,0,0,39,e617ab48,0
302,22,8,3,1,2160000302,1,1,0,1447,1,0,38,16,3872,0,STEADY,483,3.11921,6.1635,0.152182,0.122153,0.0559006,266,20,3,6,4,0,3,78,175,0,45,46,e617ab48,0
303,23,9,4,1,2160000303,0,2,1,1594,1,83,0,25,4287,0,STEADY,532,3.20126,6.829,0.311111,0.197368,0.0507519,0,0,3,21,1,0,0,149,41,19,0,18,e617ab48,0
303,23,9,4,1,2160000303,1,2,1,1930,1,43,0,29,4980,0,STEADY,644,2.848,5.36577,0.289919,0.158385,0.0388199,0,0,5,21,1,0,2,149,81,19,0,53,e617ab48,0
304,24,10,5,1,2160000304,0,3,1,724,1,93,0,14,2230,0,STEADY,242,3.88554,2.20046,0.33593,0.421488,0.239669,0,0,9,2,1,1,1,124,32,0,0,174,e617ab48,0
304,24,10,5,1,2160000304,1,3,0,1014,1,0,69,18,2975,0,STEADY,338,3.68891,2.05421,0.230873,0.600592,0.207101,40,32,10,2,1,3,2,55,125,0,33,304,e617ab48,0
305,25,11,0,1,2160000305,0,0,0,625,1,0,99,6,1212,0,STEADY,209,2.99754,4.37849,0.207665,0.129187,0.0526316,77,0,1,3,1,0,1,30,104,0,0,3,e617ab48,0
305,25,11,0,1,2160000305,1,0,0,1769,1,0,72,13,3044,0,STEADY,590,2.87164,7.29615,0.154176,0.108475,0.0542373,124,0,0,9,3,0,1,81,104,0,41,46,e617ab48,0
306,26,12,1,1,2160000306,0,1,1,388,1,24,0,10,1557,0,STEADY,130,3.08674,2.60427,0.374946,0.184615,0.0692308,66,3,5,3,1,0,1,111,84,0,0,23,e617ab48,0
306,26,12,1,1,2160000306,1,1,1,409,1,3,0,11,1680,0,STEADY,137,2.48053,3.21338,0.281759,0.131387,0,26,0,6,2,0,1,2,111,105,0,0,3,e617ab48,0
307,27,13,2,1,2160000307,0,2,0,1704,1,0,19,26,4662,0,STEADY,568,4.79936,2.46865,0.149467,0.286972,0.320423,449,154,24,1,0,0,1,85,145,0,0,368,e617ab48,0
307,27,13,2,1,2160000307,1,2,0,1161,1,0,70,17,3208,0,STEADY,387,6.036,6.8337,0.180292,0.258398,0.0645995,177,1,14,1,0,0,2,34,145,0,0,64,e617ab48,0
308,28,14,3,1,2160000308,0,3,1,385,1,67,0,8,1602,0,STEADY,129,5.25266,3.33701,0.495775,0.612403,0.0852713,0,0,3,4,0,0,1,113,44,0,0,41,e617ab48,0
308,28,14,3,1,2160000308,1,3,1,1008,1,7,0,18,3348,0,STEADY,336,3.47974,3.18991,0.212387,0.535714,0.193452,24,0,3,14,0,1,0,113,104,0,0,17,e617ab48,0
309,29,15,4,1,2160000309,0,0,1,1393,1,34,0,23,4001,0,STEADY,465,2.45136,5.20095,0.156295,0.296774,0.105376,29,0,12,2,5,1,3,118,68,0,0,47,e617ab48,0
309,29,15,4,1,2160000309,1,0,1,982,1,20,0,21,3170,0,STEADY,328,2.95275,1.47788,0.171814,0.481707,0.170732,63,14,15,1,3,1,1,118,82,0,0,156,e617ab48,0
310,30,16,5,1,2160000310,0,1,1,2091,1,21,0,50,5230,0,STEADY,697,1.78202,2.64782,0.142832,0.0559541,0.156385,482,88,47,3,0,0,0,115,104,0,0,165,e617ab48,0
310,30,16,5,1,2160000310,1,1,0,1442,1,0,102,34,3780,0,STEADY,481,4.31071,6.42213,0.164615,0.108108,0.284823,159,67,31,3,0,0,0,13,125,0,0,196,e617ab48,0
311,31,17,0,1,2160000311,0,2,0,512,1,0,54,8,1463,0,STEADY,171,3.05775,3.9717,0.293766,0.204678,0.298246,33,19,3,3,0,2,0,60,132,0,24,14,e617ab48,0
311,31,17,0,1,2160000311,1,2,0,466,1,0,49,9,1487,0,STEADY,156,3.26186,2.88735,0.300744,0.282051,0.217949,70,14,4,3,0,1,1,51,132,0,12,105,e617ab48,0
312,32,18,1,1,2160000312,0,3,0,850,1,0,61,16,2996,0,STEADY,284,2.3864,1.69248,0.161585,0.0669014,0.25,147,61,12,0,1,1,2,68,121,0,0,55,e617ab48,0
312,32,18,1,1,2160000312,1,3,0,718,1,0,15,11,2292,0,STEADY,240,2.67572,2.09377,0.165629,0.0791667,0.0791667,161,19,8,1,1,1,0,114,121,0,0,23,e617ab48,0
313,33,19,2,1,2160000313,0,0,1,1786,1,137,0,30,4698,0,STEADY,596,3.51235,5.04834,0.167498,0.0419463,0.166107,0,0,16,1,12,0,1,132,15,0,0,103,e617ab48,0
313,33,19,2,1,2160000313,1,0,1,664,1,111,0,11,1849,0,STEADY,222,2.88446,2.77028,0.217532,0.0495495,0.112613,0,0,4,1,5,0,1,132,41,0,0,93,e617ab48,0
314,34,20,3,1,2160000314,0,1,1,1468,1,87,0,25,3689,0,STEADY,490,3.86543,2.18943,0.185037,0.316327,0.0979592,0,0,14,9,0,0,2,102,53,0,0,328,e617ab48,0
314,34,20,3,1,2160000314,1,1,1,1229,1,49,0,19,3244,0,STEADY,410,3.20782,3.73512,0.189866,0.339024,0.0487805,17,2,5,12,0,1,1,98,91,0,0,116,e617ab48,0
315,35,21,4,1,2160000315,0,2,1,1837,1,14,0,25,4448,0,STEADY,613,3.36447,4.3035,0.14425,0.0146819,0.0440457,35,6,16,5,0,3,1,124,105,18,0,61,e617ab48,0
315,35,21,4,1,2160000315,1,2,1,1540,1,17,0,21,3647,0,STEADY,514,3.52562,5.1109,0.122074,0.0252918,0.00583658,85,3,13,5,0,2,1,124,93,9,0,63,e617ab48,0
316,36,22,5,1,2160000316,0,3,0,982,1,0,132,18,3133,0,STEADY,328,4.36239,3.59205,0.191726,0.246951,0.140244,77,23,1,17,0,0,0,43,93,0,0,26,e617ab48,0
316,36,22,5,1,2160000316,1,3,0,1093,1,0,70,19,3410,0,STEADY,365,2.67794,3.32209,0.178041,0.210959,0.194521,41,8,2,17,0,0,0,105,93,0,0,15,e617ab48,0
317,37,23,0,1,2160000317,0,0,0,1645,1,0,90,26,4631,0,STEADY,549,2.7565,2.16649,0.122091,0.0510018,0.568306,83,35,23,0,2,0,1,36,150,0,0,143,e617ab48,0
317,37,23,0,1,2160000317,1,0,0,1714,1,0,39,27,4793,0,STEADY,572,2.71302,2.46198,0.119383,0.0332168,0.606643,87,39,24,0,2,0,1,87,150,0,0,162,e617ab48,0
318,38,24,1,1,2160000318,0,1,1,925,1,87,0,17,2945,0,STEADY,309,5.41756,3.33819,0.331809,0.556634,0.158576,0,0,9,8,0,0,0,125,17,0,0,315,e617ab48,0
318,38,24,1,1,2160000318,1,1,0,1301,1,0,108,23,4065,0,STEADY,434,5.52,3.81738,0.185601,0.62212,0.239631,162,52,11,11,0,1,0,17,104,0,0,93,e617ab48,0
319,39,25,2,1,2160000319,0,2,1,778,1,38,0,14,2336,0,STEADY,260,2.63899,1.84415,0.213992,0.134615,0.188462,13,2,8,1,2,2,1,104,76,0,12,70,e617ab48,0
319,39,25,2,1,2160000319,1,2,1,1297,1,44,0,24,3933,0,STEADY,433,3.16274,3.72405,0.158298,0.240185,0.270208,22,0,15,1,2,5,1,104,70,0,12,63,e617ab48,0
320,0,33,4,1,2160000320,0,0,0,1744,1,0,132,29,4096,0,STEADY,582,3.35702,4.25839,0.126215,0.0910653,0.515464,164,82,20,7,0,0,2,20,113,0,0,31,e617ab48,0
320,0,33,4,1,2160000320,1,0,0,1738,1,0,56,23,3799,0,STEADY,580,2.95435,4.88777,0.151907,0.122414,0.187931,27,3,9,12,0,0,2,96,113,0,0,37,e617ab48,0
321,1,34,5,1,2160000321,0,1,0,2192,2,55,140,20,3580,0,STEADY,731,11.9599,11.6575,0.898138,0.71409,0.19015,0,0,0,14,0,6,0,0,81,0,0,0,e617ab48,0
321,1,34,5,1,2160000321,1,1,1,1189,1,1,0,18,2677,0,STEADY,397,5.10966,3.96854,0.459824,0.322418,0.214106,96,17,10,5,0,2,1,140,135,0,66,78,e617ab48,0
322,2,35,0,1,2160000322,0,2,0,1703,1,0,9,22,4314,0,STEADY,568,4.65466,4.15149,0.137665,0.308099,0.327465,62,14,4,17,0,0,1,101,94,0,0,199,e617ab48,0
322,2,35,0,1,2160000322,1,2,0,2091,1,0,46,28,5316,0,STEADY,697,4.53306,6.16393,0.140928,0.373027,0.440459,39,14,6,21,0,0,1,55,94,0,0,0,e617ab48,0
323,3,36,1,1,2160000323,0,3,0,1154,1,0,46,15,2910,0,STEADY,385,2.21482,1.9086,0.171294,0.132468,0.0467532,104,16,13,1,0,1,0,47,106,0,5,5,e617ab48,0
323,3,36,1,1,2160000323,1,3,0,554,1,0,71,10,1851,0,STEADY,185,3.34782,2.02444,0.255681,0.140541,0.162162,76,3,8,1,0,1,0,22,106,0,15,0,e617ab48,0
324,4,37,2,1,2160000324,0,0,0,2003,1,0,13,27,4709,0,STEADY,668,3.59593,3.01557,0.176882,0.241018,0.251497,187,26,8,16,1,1,1,137,136,13,0,263,e617ab48,0
324,4,37,2,1,2160000324,1,0,0,1281,1,0,76,22,3769,0,STEADY,427,3.96542,2.01174,0.1873,0.297424,0.372365,145,56,3,16,0,1,2,74,136,13,0,248,e617ab48,0
325,5,38,3,1,2160000325,0,1,0,1190,1,0,14,20,3114,0,STEADY,397,3.23146,2.1369,0.230738,0.357683,0.133501,71,14,13,1,2,2,2,90,141,0,18,210,e617ab48,0
325,5,38,3,1,2160000325,1,1,0,537,1,0,104,5,1192,0,STEADY,179,4.81716,4.74104,0.345883,0.0893855,0.0670391,32,0,0,1,1,2,1,0,141,0,24,9,e617ab48,0
326,6,39,4,1,2160000326,0,2,1,2127,1,78,0,29,5154,0,STEADY,709,3.23812,5.50307,0.114819,0.0126939,0.54866,0,0,26,0,1,1,1,114,53,0,0,20,e617ab48,0
326,6,39,4,1,2160000326,1,2,1,1322,1,101,0,20,3644,0,STEADY,441,3.02902,3.987,0.133952,0,0.190476,0,0,17,0,1,0,2,114,30,0,0,46,e617ab48,0
327,7,0,5,1,2160000327,0,3,0,424,1,0,93,7,1427,0,STEADY,142,4.08235,2.50734,0.338845,0.232394,0.105634,42,8,1,4,1,1,0,20,100,0,0,149,e617ab48,0
327,7,0,5,1,2160000327,1,3,0,448,1,0,93,7,1421,0,STEADY,150,3.50901,4.43662,0.323033,0.186667,0.0333333,49,2,0,5,0,1,1,20,100,0,0,0,e617ab48,0
328,8,1,0,1,2160000328,0,0,0,1432,1,0,33,26,3897,0,STEADY,478,3.36677,3.53837,0.169169,0.213389,0.439331,25,18,12,1,12,0,1,103,116,0,0,174,e617ab48,0
328,8,1,0,1,2160000328,1,0,0,892,1,0,22,16,2549,0,STEADY,298,3.39102,2.52499,0.186789,0.228188,0.432886,20,11,7,1,7,1,0,126,116,0,10,183,e617ab48,0
329,9,2,1,1,2160000329,0,1,0,850,1,0,39,14,2880,0,STEADY,284,4.67268,7.66915,0.256521,0.144366,0.260563,56,31,4,2,0,2,6,55,151,2,0,10,e617ab48,0
329,9,2,1,1,2160000329,1,1,1,2548,1,43,0,34,6937,0,STEADY,850,3.55682,5.91231,0.182076,0.0588235,0.216471,497,155,16,10,0,2,6,94,126,20,0,145,e617ab48,0
330,10,3,2,1,2160000330,0,2,1,1123,1,57,0,18,3259,0,STEADY,375,2.45995,2.15956,0.145229,0.0586667,0.237333,0,0,15,2,0,0,1,100,67,0,0,81,e617ab48,0
330,10,3,2,1,2160000330,1,2,1,843,1,98,0,16,2868,0,STEADY,281,2.86149,4.65093,0.173765,0.0640569,0.0676157,0,0,13,2,1,0,0,106,26,0,0,32,e617ab48,0
331,11,4,3,1,2160000331,0,3,1,823,1,20,0,15,2503,0,STEADY,275,3.09257,2.66519,0.241415,0.149091,0.167273,31,13,9,3,0,1,2,136,97,0,4,39,e617ab48,0
331,11,4,3,1,2160000331,1,3,0,780,1,0,37,11,2057,0,STEADY,260,3.31054,2.92969,0.260527,0.0807692,0.0653846,44,9,6,3,0,1,1,86,117,0,4,50,e617ab48,0
332,12,5,4,1,2160000332,0,0,0,1822,1,0,26,29,4101,0,STEADY,608,2.84858,2.92498,0.103546,0.139803,0.355263,71,37,23,1,3,1,1,115,111,0,0,255,e617ab48,0
332,12,5,4,1,2160000332,1,0,0,1339,1,0,66,20,3092,0,STEADY,447,3.08697,3.91748,0.124016,0.100671,0.360179,37,20,15,1,3,1,0,75,111,0,0,349,e617ab48,0
333,13,6,5,1,2160000333,0,1,0,1476,1,0,46,26,4631,0,STEADY,492,4.01746,2.70123,0.127575,0.567073,0.160569,117,25,23,1,1,1,0,85,104,0,0,235,e617ab48,0
333,13,6,5,1,2160000333,1,1,0,1473,1,0,131,26,4778,0,STEADY,491,5.04198,3.91203,0.113489,0.503055,0.183299,126,32,21,1,3,1,0,0,104,0,0,118,e617ab48,0
334,14,7,0,1,2160000334,0,2,1,285,1,61,0,7,1165,0,STEADY,95,3.00359,3.08242,0.546516,0.0842105,0.115789,0,0,1,3,2,1,0,100,52,0,10,0,e617ab48,0
334,14,7,0,1,2160000334,1,2,0,838,1,0,62,7,1661,0,STEADY,280,2.00382,4.95334,0.240693,0.0357143,0.0464286,138,6,0,2,1,2,2,38,113,0,17,0,e617ab48,0
335,15,8,1,1,2160000335,0,3,0,640,1,0,92,8,1562,0,STEADY,214,3.48758,2.5375,0.227248,0.168224,0,48,0,1,4,0,1,2,24,118,0,19,0,e617ab48,0
335,15,8,1,1,2160000335,1,3,0,637,1,0,72,14,2090,0,STEADY,213,3.64924,2.09988,0.207394,0.478873,0.0985915,87,13,7,5,0,1,1,44,118,0,7,1,e617ab48,0
336,16,9,2,1,2160000336,0,0,0,1900,1,0,45,25,4739,0,STEADY,634,3.33447,7.4416,0.115304,0.0520505,0.485804,46,10,21,3,0,0,1,108,115,0,0,0,e617ab48,0
336,16,9,2,1,2160000336,1,0,1,1843,1,28,0,25,4609,0,STEADY,615,3.44634,7.76955,0.120852,0.0308943,0.505691,6,5,21,2,0,0,2,149,87,0,0,0,e617ab48,0
337,17,10,3,1,2160000337,0,1,1,890,1,49,0,8,2019,0,STEADY,297,3.72708,7.27937,0.458162,0.20202,0.043771,20,6,0,2,0,4,2,124,83,24,0,13,e617ab48,0
337,17,10,3,1,2160000337,1,1,0,1273,1,0,37,13,3083,0,STEADY,425,3.26857,8.47408,0.419075,0.16,0.08,90,29,0,2,1,4,6,87,127,24,0,0,e617ab48,0
338,18,11,4,1,2160000338,0,2,1,541,1,129,0,13,2120,0,STEADY,181,4.03402,1.6483,0.334901,0.303867,0.18232,0,0,9,3,0,0,1,129,0,0,0,72,e617ab48,0
338,18,11,4,1,2160000338,1,2,0,968,1,0,1,18,2770,0,STEADY,323,3.05954,1.74247,0.214991,0.157895,0.232198,95,17,14,3,0,0,1,128,129,0,0,151,e617ab48,0
339,19,12,5,1,2160000339,0,3,0,1018,1,0,111,19,3350,0,STEADY,340,6.29449,3.94042,0.229847,0.476471,0.205882,62,0,15,0,0,3,1,0,132,0,22,0,e617ab48,0
339,19,12,5,1,2160000339,1,3,0,700,1,0,51,14,2510,0,STEADY,234,4.77162,3.92899,0.25703,0.440171,0.0811966,56,12,11,1,0,2,0,60,132,0,22,0,e617ab48,0
340,20,13,0,1,2160000340,0,0,0,811,1,0,22,15,2960,0,STEADY,271,4.78013,2.9622,0.255838,0.498155,0.232472,61,7,10,2,0,2,1,82,102,0,22,122,e617ab48,0
340,20,13,0,1,2160000340,1,0,0,1625,1,0,58,23,5039,0,STEADY,542,6.11889,6.78677,0.282987,0.261993,0.0830258,145,2,10,5,0,6,2,46,102,0,44,45,e617ab48,0
341,21,14,1,1,2160000341,0,1,1,595,1,69,0,13,1890,0,STEADY,199,2.63584,3.34052,0.239704,0.0201005,0.633166,0,0,4,8,1,0,0,113,55,0,0,16,e617ab48,0
341,21,14,1,1,2160000341,1,1,0,774,1,0,28,15,2186,0,STEADY,258,2.59804,6.62109,0.223419,0.0116279,0.670543,69,49,5,9,1,0,0,85,124,0,0,0,e617ab48,0
342,22,15,2,1,2160000342,0,2,1,889,1,175,0,15,3460,0,STEADY,297,3.32322,4.56397,0.191956,0.127946,0.154882,0,0,5,4,4,0,2,118,0,0,16,39,e617ab48,0
342,22,15,2,1,2160000342,1,2,1,1972,1,131,0,26,5787,0,STEADY,658,2.13739,4.20788,0.152903,0.0911854,0.0395137,0,0,4,4,8,0,10,118,44,0,41,46,e617ab48,0
343,23,16,3,1,2160000343,0,3,1,583,1,105,0,12,1808,0,STEADY,195,3.04384,2.69499,0.319703,0.102564,0.0923077,0,0,6,4,0,0,2,115,17,17,0,40,e617ab48,0
343,23,16,3,1,2160000343,1,3,1,979,1,55,0,18,2608,0,STEADY,327,2.50339,1.94758,0.216462,0.0397554,0.0642202,0,0,12,3,1,0,2,115,69,19,0,23,e617ab48,0
344,24,17,4,1,2160000344,0,0,0,523,1,0,84,9,1604,0,STEADY,175,3.19747,3.88636,0.245891,0.302857,0.285714,44,7,4,2,0,1,2,30,125,0,20,14,e617ab48,0
344,24,17,4,1,2160000344,1,0,0,391,1,0,91,7,1371,0,STEADY,131,3.7099,3.99669,0.323183,0.259542,0.312977,33,10,2,2,0,1,2,17,125,0,0,15,e617ab48,0
345,25,18,5,1,2160000345,0,1,0,592,1,0,126,7,1318,0,STEADY,198,5.55714,4.98028,0.4185,0.217172,0.131313,31,0,0,4,2,0,1,3,104,0,0,0,e617ab48,0
345,25,18,5,1,2160000345,1,1,0,681,1,0,81,14,2256,0,STEADY,227,4.15066,1.41471,0.325207,0.634361,0.0484581,70,5,6,4,2,1,1,48,104,0,24,225,e617ab48,0
346,26,19,0,1,2160000346,0,2,1,1663,1,61,0,27,4596,0,STEADY,555,4.2825,7.09463,0.509923,0.190991,0.0486486,0,0,3,22,0,0,2,132,47,0,0,30,e617ab48,0
346,26,19,0,1,2160000346,1,2,1,1082,1,93,0,15,2689,0,STEADY,361,3.55756,8.70273,0.316864,0.132964,0.0443213,0,0,2,10,1,0,2,132,15,0,0,17,e617ab48,0
347,27,20,1,1,2160000347,0,3,1,1535,1,77,0,25,4403,0,STEADY,512,4.0856,2.20907,0.178736,0.339844,0.357422,0,0,22,1,0,0,2,94,68,0,0,72,e617ab48,0
347,27,20,1,1,2160000347,1,3,0,541,1,0,77,11,1981,0,STEADY,181,5.95009,3.10634,0.391033,0.464088,0.20442,86,21,9,1,0,0,1,17,145,0,0,14,e617ab48,0
348,28,21,2,1,2160000348,0,0,1,1006,1,3,0,17,3115,0,STEADY,336,3.70083,2.21375,0.15839,0.39881,0.223214,128,19,2,13,0,0,2,124,108,0,0,189,e617ab48,0
348,28,21,2,1,2160000348,1,0,1,678,1,80,0,13,2410,0,STEADY,226,4.22922,2.67723,0.197252,0.380531,0.30531,0,0,2,9,0,0,2,124,31,0,0,118,e617ab48,0
349,29,22,3,1,2160000349,0,1,0,1091,1,0,64,20,3014,0,STEADY,364,4.04598,2.36083,0.310758,0.480769,0.184066,105,35,14,2,2,1,1,111,102,0,25,164,e617ab48,0
349,29,22,3,1,2160000349,1,1,0,1348,1,0,10,27,3955,0,STEADY,450,2.71449,2.05025,0.172858,0.437778,0.14,201,30,20,2,3,0,2,165,102,0,9,293,e617ab48,0
350,30,23,4,1,2160000350,0,2,0,1534,1,0,29,32,3541,0,STEADY,512,2.62286,5.95164,0.137906,0.0371094,0.0683594,188,23,29,2,0,0,1,91,125,0,0,7,e617ab48,0
350,30,23,4,1,2160000350,1,2,1,1294,1,21,0,31,3400,0,STEADY,432,2.46921,6.61082,0.151176,0.0416667,0.0532407,167,12,28,2,0,0,1,118,104,0,0,4,e617ab48,0
351,31,24,5,1,2160000351,0,3,1,1315,1,24,0,23,3270,0,STEADY,439,5.74751,4.95154,0.455435,0.43508,0.343964,31,6,14,7,0,0,2,125,108,0,0,0,e617ab48,0
351,31,24,5,1,2160000351,1,3,1,1120,1,84,0,22,3140,0,STEADY,374,3.60042,3.79944,0.210856,0.336898,0.187166,0,0,15,5,1,0,1,125,57,9,0,90,e617ab48,0
352,32,25,0,1,2160000352,0,0,1,567,1,58,0,10,2028,0,STEADY,189,3.72096,3.43913,0.197963,0.116402,0.275132,0,0,7,0,2,1,0,104,63,0,0,136,e617ab48,0
352,32,25,0,1,2160000352,1,0,1,572,1,89,0,11,2074,0,STEADY,191,3.29389,3.00329,0.220812,0.0209424,0.267016,0,0,9,0,1,1,0,104,32,0,0,5,e617ab48,0
353,33,26,1,1,2160000353,0,1,0,2248,1,0,44,46,5990,0,STEADY,750,2.58748,1.38249,0.0974427,0.052,0.362667,267,99,3,2,40,0,1,64,152,0,0,99,e617ab48,0
353,33,26,1,1,2160000353,1,1,1,1855,1,33,0,23,3788,0,STEADY,619,2.64634,5.20166,0.115735,0.0468498,0.0581583,374,26,5,2,15,1,0,108,119,0,0,14,e617ab48,0
354,34,27,2,1,2160000354,0,2,1,2044,1,89,0,25,4408,0,STEADY,682,3.56068,6.46649,0.117154,0.167155,0.0322581,0,0,7,15,0,0,3,145,51,0,0,43,e617ab48,0
354,34,27,2,1,2160000354,1,2,1,2059,1,23,0,30,4969,0,STEADY,687,3.6987,5.34979,0.166102,0.232897,0.163028,439,40,11,18,0,1,0,145,117,0,0,98,e617ab48,0
355,35,28,3,1,2160000355,0,3,1,790,1,7,0,18,2523,0,STEADY,264,2.28329,2.91586,0.16436,0.030303,0.0795455,13,3,4,12,0,1,1,111,94,0,0,0,e617ab48,0
355,35,28,3,1,2160000355,1,3,1,853,1,2,0,19,2660,0,STEADY,285,2.31325,2.09878,0.155246,0.0421053,0.0631579,13,0,4,13,1,1,0,111,99,0,10,5,e617ab48,0
356,36,29,4,1,2160000356,0,0,1,1265,1,49,0,24,4220,0,STEADY,422,3.55449,1.4978,0.167152,0.523697,0.220379,0,0,2,22,0,0,0,102,44,0,0,107,e617ab48,0
356,36,29,4,1,2160000356,1,0,1,1125,1,66,0,21,3740,0,STEADY,375,3.57126,1.79341,0.153637,0.357333,0.298667,0,0,2,18,0,0,1,102,27,0,0,128,e617ab48,0
357,37,30,5,1,2160000357,0,1,0,2294,1,0,14,37,6493,0,STEADY,765,2.35137,2.7456,0.137369,0.115033,0.271895,144,61,34,0,2,0,1,111,150,0,0,161,e617ab48,0
357,37,30,5,1,2160000357,1,1,1,1387,1,82,0,25,4450,0,STEADY,463,2.01609,2.13901,0.171436,0.0734341,0.237581,0,0,22,1,1,0,1,125,68,0,0,146,e617ab48,0
358,38,31,0,1,2160000358,0,2,0,773,2,74,49,13,2432,0,STEADY,258,5.08836,3.95901,0.233221,0.577519,0.205426,0,0,7,5,0,1,0,92,30,0,0,0,e617ab48,0
358,38,31,0,1,2160000358,1,2,1,967,1,10,0,16,2922,0,STEADY,323,4.17057,2.55061,0.195957,0.513932,0.318885,66,28,7,7,0,1,1,141,94,0,0,280,e617ab48,0
359,39,32,1,1,2160000359,0,3,1,919,1,11,0,19,2920,0,STEADY,307,2.50055,1.47398,0.216322,0.14658,0.29316,45,17,13,1,2,2,1,121,103,0,4,1,e617ab48,0
359,39,32,1,1,2160000359,1,3,1,901,1,4,0,19,2809,0,STEADY,301,2.51984,1.58529,0.184654,0.0963455,0.249169,95,51,14,1,1,2,1,121,110,0,17,0,e617ab48,0
360,0,0,3,1,2160000360,0,1,0,1560,1,0,34,19,3302,0,STEADY,520,3.2887,5.58307,0.20621,0.119231,0.0826923,190,12,7,9,0,1,2,79,113,0,0,106,e617ab48,0
360,0,0,3,1,2160000360,1,1,0,484,1,0,80,10,1692,0,STEADY,162,5.06446,1.89494,0.391765,0.277778,0.166667,35,3,3,6,0,1,0,33,113,0,0,234,e617ab48,0
361,1,1,4,1,2160000361,0,2,1,739,1,82,0,16,2315,0,STEADY,247,3.48909,1.9076,0.221045,0.417004,0.105263,0,0,10,3,0,1,2,136,54,0,72,122,e617ab48,0
361,1,1,4,1,2160000361,1,2,0,1405,1,0,10,27,3790,0,STEADY,469,2.65916,5.38268,0.130522,0.50533,0.0426439,128,13,20,4,0,1,2,126,136,0,198,8,e617ab48,0
362,2,2,5,1,2160000362,0,3,0,757,1,0,74,13,2586,0,STEADY,253,7.90103,4.96272,0.307352,0.588933,0.209486,91,26,5,8,0,0,0,20,94,0,0,0,e617ab48,0
362,2,2,5,1,2160000362,1,3,0,922,1,0,34,14,2768,0,STEADY,308,5.91607,3.38268,0.263886,0.418831,0.0584416,21,7,4,10,0,0,0,60,94,0,0,67,e617ab48,0
363,3,3,0,1,2160000363,0,0,1,1468,1,10,0,18,3485,0,STEADY,490,3.01032,5.06344,0.163114,0.14898,0.0877551,43,14,16,1,0,1,0,103,96,0,6,113,e617ab48,0
363,3,3,0,1,2160000363,1,0,0,656,1,0,59,11,2062,0,STEADY,219,3.37387,1.71013,0.225219,0.123288,0.242009,84,18,8,1,0,1,1,44,106,0,15,97,e617ab48,0
364,4,4,1,1,2160000364,0,1,0,1718,1,0,49,27,4498,0,STEADY,573,3.76899,3.73879,0.197518,0.251309,0.272251,50,14,8,17,0,1,1,74,127,4,0,68,e617ab48,0
364,4,4,1,1,2160000364,1,1,0,856,1,0,43,17,2693,0,STEADY,286,3.81479,2.45546,0.221692,0.293706,0.276224,106,42,7,7,0,1,2,90,123,0,0,229,e617ab48,0
365,5,5,2,1,2160000365,0,2,0,2254,1,0,67,22,3907,0,STEADY,752,2.42581,2.72483,0.0980758,0.203457,0.125,94,13,14,2,1,4,1,74,141,0,32,129,e617ab48,0
365,5,5,2,1,2160000365,1,2,0,1669,1,0,91,19,3220,0,STEADY,557,2.78164,1.92343,0.123856,0.208259,0.156194,141,9,14,2,1,2,0,50,141,0,20,194,e617ab48,0
366,6,6,3,1,2160000366,0,3,0,932,1,0,65,16,2962,0,STEADY,311,3.48541,2.47147,0.185006,0.0707395,0.327974,90,38,14,1,1,0,0,66,131,0,0,92,e617ab48,0
366,6,6,3,1,2160000366,1,3,0,1456,1,0,3,23,4067,0,STEADY,486,2.06597,2.2988,0.129364,0.0185185,0.0843621,131,6,21,0,1,0,1,128,131,0,0,0,e617ab48,0
367,7,7,4,1,2160000367,0,0,0,1060,1,0,10,13,2415,0,STEADY,354,1.88975,4.37634,0.116949,0.107345,0,178,0,4,7,0,1,1,90,100,0,0,24,e617ab48,0
367,7,7,4,1,2160000367,1,0,0,229,1,0,70,6,1143,0,STEADY,77,3.64953,2.29529,0.454442,0.233766,0.0909091,16,0,1,3,0,1,1,30,100,0,0,0,e617ab48,0
368,8,8,5,1,2160000368,0,1,0,907,2,107,116,12,2167,0,STEADY,303,9.87361,7.18872,0.499944,0.240924,0.673267,0,0,9,3,0,0,0,0,9,0,9,0,e617ab48,0
368,8,8,5,1,2160000368,1,1,0,1546,1,0,55,29,4118,0,STEADY,516,3.5774,5.49546,0.179519,0.139535,0.222868,259,54,8,0,19,1,1,61,116,0,0,16,e617ab48,0
369,9,9,0,1,2160000369,0,2,0,1975,1,0,27,23,4908,0,STEADY,659,3.12766,4.8883,0.225983,0.0227618,0.279211,115,38,11,8,1,2,1,140,169,20,0,118,e617ab48,0
369,9,9,0,1,2160000369,1,2,0,2293,1,0,98,25,5682,0,STEADY,765,3.19258,5.36183,0.240507,0.0300654,0.253595,143,80,14,5,1,3,2,59,167,18,0,41,e617ab48,0
370,10,10,1,1,2160000370,0,3,0,868,1,0,12,16,2866,0,STEADY,290,2.14522,1.93567,0.177121,0.062069,0.203448,87,12,13,2,1,0,0,112,124,0,0,50,e617ab48,0
370,10,10,1,1,2160000370,1,3,0,1614,1,0,28,28,4904,0,STEADY,538,2.1254,1.69597,0.121151,0.0762082,0.193309,278,55,25,2,1,0,0,96,124,0,0,0,e617ab48,0
371,11,11,2,1,2160000371,0,0,0,1582,1,0,15,27,4136,0,STEADY,528,2.99062,4.82602,0.138032,0.100379,0.204545,115,47,19,4,0,2,2,138,141,24,0,85,e617ab48,0
371,11,11,2,1,2160000371,1,0,1,1255,1,27,0,17,3368,0,STEADY,419,2.96732,8.73327,0.183811,0.24105,0.136038,97,17,6,5,1,3,2,129,126,36,10,0,e617ab48,0
372,12,12,3,1,2160000372,0,1,1,427,1,21,0,10,1630,0,STEADY,143,4.0459,3.59217,0.40286,0.454545,0.0769231,60,6,6,1,2,1,0,111,90,0,0,55,e617ab48,0
372,12,12,3,1,2160000372,1,1,0,331,1,0,42,7,1292,0,STEADY,111,4.57925,3.82411,0.419099,0.315315,0.144144,24,14,3,1,1,1,1,69,111,0,0,93,e617ab48,0
373,13,13,4,1,2160000373,0,2,0,521,1,0,18,11,2133,0,STEADY,174,5.55439,1.81081,0.226437,0.557471,0.137931,63,14,7,1,2,1,0,86,104,0,0,148,e617ab48,0
373,13,13,4,1,2160000373,1,2,0,1329,1,0,39,21,3881,0,STEADY,443,6.28138,6.76591,0.163465,0.494357,0.0993228,204,38,18,0,2,0,1,65,104,0,0,0,e617ab48,0
374,14,14,5,1,2160000374,0,3,1,543,1,80,0,11,1692,0,STEADY,181,3.27473,2.79194,0.418652,0.0331492,0.149171,0,0,2,5,1,1,2,113,33,0,0,49,e617ab48,0
374,14,14,5,1,2160000374,1,3,0,633,1,0,46,13,1942,0,STEADY,211,2.7258,2.51374,0.337161,0.0616114,0.137441,48,12,3,6,1,2,1,67,113,0,17,85,e617ab48,0
375,15,15,0,1,2160000375,0,0,0,2005,1,0,42,19,3748,0,STEADY,669,2.11396,6.20884,0.120401,0.206278,0.115097,149,4,4,10,0,1,4,76,118,0,0,94,e617ab48,0
375,15,15,0,1,2160000375,1,0,1,1543,1,14,0,21,3596,0,STEADY,515,2.46749,4.94167,0.130658,0.24466,0.0194175,239,0,5,14,0,1,1,118,104,0,11,27,e617ab48,0
376,16,16,1,1,2160000376,0,1,1,1008,1,28,0,14,2852,0,STEADY,336,3.67838,7.29597,0.180446,0.0625,0.107143,184,14,11,2,0,1,0,115,87,0,0,28,e617ab48,0
376,16,16,1,1,2160000376,1,1,1,664,1,29,0,11,2309,0,STEADY,222,4.20422,5.00985,0.211288,0.135135,0.0855856,17,0,8,2,0,1,0,115,86,0,0,54,e617ab48,0
377,17,17,2,1,2160000377,0,2,0,379,1,0,36,7,1301,0,STEADY,127,2.86847,1.84037,0.399307,0.19685,0.291339,44,18,2,1,1,2,1,68,107,6,0,67,e617ab48,0
377,17,17,2,1,2160000377,1,2,0,313,1,0,47,7,1261,0,STEADY,105,3.11493,2.073,0.4046,0.2,0.161905,24,8,2,1,0,2,2,73,118,12,0,15,e617ab48,0
378,18,18,3,1,2160000378,0,3,0,1024,1,0,59,18,2554,0,STEADY,342,3.35081,2.49654,0.185711,0.111111,0.251462,174,50,16,1,0,0,1,70,129,0,0,130,e617ab48,0
378,18,18,3,1,2160000378,1,3,0,904,1,0,101,17,2570,0,STEADY,302,3.73481,2.3118,0.216149,0.175497,0.122517,96,12,14,3,0,0,0,28,129,0,0,2,e617ab48,0
379,19,19,4,1,2160000379,0,0,0,1535,1,0,72,23,4103,0,STEADY,512,4.15095,3.41456,0.198791,0.349609,0.0585938,245,0,20,0,0,2,1,60,132,0,10,155,e617ab48,0
379,19,19,4,1,2160000379,1,0,0,825,1,0,102,15,2650,0,STEADY,275,3.8401,1.68931,0.209276,0.570909,0.0836364,65,0,13,0,0,1,1,30,132,0,0,83,e617ab48,0
380,20,20,5,1,2160000380,0,1,0,1591,1,0,68,27,4996,0,STEADY,531,5.8247,3.70337,0.20949,0.527307,0.120527,250,37,23,2,0,2,0,22,102,0,0,0,e617ab48,0
380,20,20,5,1,2160000380,1,1,0,1846,1,0,91,24,4727,0,STEADY,616,4.32133,4.07807,0.196747,0.275974,0.181818,344,45,17,2,0,3,2,11,102,0,0,350,e617ab48,0
381,21,21,0,1,2160000381,0,2,1,2053,1,13,0,22,3891,0,STEADY,685,3.28383,5.08974,0.112508,0.00437956,0.0934307,69,26,12,8,1,0,1,124,111,0,0,33,e617ab48,0
381,21,21,0,1,2160000381,1,2,1,2203,1,24,0,22,3951,0,STEADY,735,3.03403,4.12421,0.110701,0,0.0272109,146,7,13,7,0,0,2,124,100,0,0,64,e617ab48,0
382,22,22,1,1,2160000382,0,3,1,1552,1,77,0,24,5369,0,STEADY,518,2.63488,1.75566,0.156934,0.11583,0.30695,0,0,10,4,7,0,3,175,98,0,52,110,e617ab48,0
382,22,22,1,1,2160000382,1,3,0,1501,1,0,175,22,4974,0,STEADY,501,2.94472,2.01803,0.158623,0.171657,0.313373,136,16,5,4,6,2,5,0,175,0,40,0,e617ab48,0
383,23,23,2,1,2160000383,0,0,1,1363,1,40,0,17,2813,0,STEADY,455,2.44892,3.31739,0.138484,0.0505495,0.0395604,6,0,10,5,1,0,1,117,76,11,0,60,e617ab48,0
383,23,23,2,1,2160000383,1,0,1,1525,1,50,0,17,2852,0,STEADY,509,2.34158,4.33024,0.119136,0.0314342,0.0333988,0,0,11,3,1,0,2,114,72,17,0,0,e617ab48,0
384,24,24,3,1,2160000384,0,1,1,1807,1,36,0,26,4601,0,STEADY,603,3.08663,4.98704,0.189562,0.331675,0.306799,17,12,13,8,1,3,1,125,89,0,17,82,e617ab48,0
384,24,24,3,1,2160000384,1,1,1,1252,1,4,0,25,3699,0,STEADY,418,3.13428,2.32301,0.179658,0.423445,0.205742,47,13,19,2,2,1,1,125,121,0,0,402,e617ab48,0
385,25,25,4,1,2160000385,0,2,0,755,1,0,21,15,2223,0,STEADY,252,3.35901,1.50384,0.220147,0.555556,0.0674603,83,0,8,6,1,0,0,83,104,0,0,139,e617ab48,0
385,25,25,4,1,2160000385,1,2,1,560,1,5,0,13,1935,0,STEADY,187,3.68981,2.16335,0.281444,0.497326,0.144385,47,8,7,4,1,0,1,104,99,0,14,86,e617ab48,0
386,26,26,5,1,2160000386,0,3,1,1240,1,60,0,26,3670,0,STEADY,414,3.04786,2.53935,0.198638,0.0990338,0.144928,0,0,17,7,1,0,1,108,48,0,0,56,e617ab48,0
386,26,26,5,1,2160000386,1,3,1,1060,1,108,0,23,3280,0,STEADY,354,2.62051,2.65197,0.22526,0.135593,0.107345,0,0,15,6,1,1,0,108,0,0,0,22,e617ab48,0
387,27,27,0,1,2160000387,0,0,1,1734,1,26,0,23,4160,0,STEADY,578,4.5558,4.60651,0.16187,0.231834,0.223183,430,91,21,2,0,0,0,145,119,0,0,85,e617ab48,0
387,27,27,0,1,2160000387,1,0,0,995,1,0,108,17,3086,0,STEADY,332,5.58716,2.84113,0.192889,0.213855,0.421687,210,109,15,1,1,0,0,37,145,0,0,229,e617ab48,0
388,28,28,1,1,2160000388,0,1,1,280,1,58,0,6,1260,0,STEADY,94,6.70213,2.49608,0.63333,0.43617,0.106383,0,0,3,2,0,0,1,107,53,0,0,126,e617ab48,0
388,28,28,1,1,2160000388,1,1,0,217,1,0,48,5,1060,0,STEADY,73,8.78013,3.90658,0.708411,0.383562,0.0684932,28,5,3,2,0,0,0,47,111,0,0,0,e617ab48,0
389,29,29,2,1,2160000389,0,2,0,2251,1,0,10,43,6159,0,STEADY,751,3.11001,2.29724,0.104025,0.359521,0.356858,494,187,34,1,6,0,2,92,102,0,0,269,e617ab48,0
389,29,29,2,1,2160000389,1,2,1,2700,3,59,70,53,7410,0,STEADY,900,3.17857,1.85443,0.0986144,0.452222,0.32,0,0,43,2,6,0,2,32,43,0,0,257,e617ab48,0
390,30,30,3,1,2160000390,0,3,1,1416,1,5,0,32,3732,0,STEADY,472,2.46259,1.8418,0.151521,0.110169,0.0783898,213,24,28,3,0,0,1,125,120,0,0,0,e617ab48,0
390,30,30,3,1,2160000390,1,3,0,945,1,0,47,20,2518,0,STEADY,315,3.01821,2.58733,0.183902,0.0857143,0.0825397,45,0,16,2,0,1,1,78,125,0,20,0,e617ab48,0
391,31,31,4,1,2160000391,0,0,0,955,1,0,6,18,2649,0,STEADY,319,3.38794,2.59913,0.216959,0.394984,0.147335,95,21,11,5,0,0,2,144,132,0,0,206,e617ab48,0
391,31,31,4,1,2160000391,1,0,0,913,1,0,53,16,2505,0,STEADY,305,3.27982,2.43719,0.220151,0.390164,0.157377,38,20,9,5,1,0,1,79,141,9,0,195,e617ab48,0
392,32,32,5,1,2160000392,0,1,1,951,1,37,0,17,3132,0,STEADY,317,3.78552,6.04505,0.137839,0.0694006,0.0315457,146,0,14,0,1,1,1,121,84,0,0,0,e617ab48,0
392,32,32,5,1,2160000392,1,1,1,1237,1,24,0,21,3807,0,STEADY,413,3.36519,6.573,0.125828,0.0774818,0.031477,68,0,18,0,1,1,1,121,97,0,0,0,e617ab48,0
393,33,33,0,1,2160000393,0,2,0,846,1,0,75,12,2098,0,STEADY,282,3.06296,3.94505,0.199816,0.0638298,0.0851064,130,8,6,2,4,0,0,77,152,0,0,28,e617ab48,0
393,33,33,0,1,2160000393,1,2,0,1348,1,0,91,14,2888,0,STEADY,450,2.13569,7.64152,0.129173,0,0.0222222,144,0,10,1,1,0,2,61,152,0,0,6,e617ab48,0
394,34,34,1,1,2160000394,0,3,1,493,1,8,0,12,1761,0,STEADY,165,3.22991,3.10151,0.346794,0.642424,0.030303,33,0,7,4,0,1,0,140,132,0,0,65,e617ab48,0
394,34,34,1,1,2160000394,1,3,0,451,1,0,100,10,1620,0,STEADY,151,4.06061,2.58624,0.499768,0.450331,0.0397351,47,2,3,6,0,1,0,40,140,0,0,0,e617ab48,0
395,35,35,2,1,2160000395,0,0,1,1663,1,80,0,22,3819,0,STEADY,555,3.82097,3.71499,0.128928,0.00900901,0.0846847,0,0,17,3,0,2,0,101,30,9,0,132,e617ab48,0
395,35,35,2,1,2160000395,1,0,1,1708,1,57,0,24,4077,0,STEADY,570,3.6873,3.47721,0.129063,0.022807,0.201754,0,0,14,7,1,2,0,101,62,18,10,171,e617ab48,0
396,36,36,3,1,2160000396,0,1,0,949,1,0,58,15,2688,0,STEADY,317,4.30634,2.71525,0.239246,0.258675,0.192429,101,26,1,13,0,1,0,35,93,0,0,76,e617ab48,0
396,36,36,3,1,2160000396,1,1,0,1126,1,0,15,17,3178,0,STEADY,376,3.74511,2.6578,0.176074,0.287234,0.191489,235,63,2,15,0,0,0,78,93,0,0,105,e617ab48,0
397,37,37,4,1,2160000397,0,2,1,1363,1,78,0,23,4134,0,STEADY,455,3.95136,5.29347,0.159387,0.0813187,0.142857,0,0,20,1,1,0,1,150,72,0,0,5,e617ab48,0
397,37,37,4,1,2160000397,1,2,1,1068,1,30,0,20,3573,0,STEADY,356,3.08666,1.64459,0.162935,0.0983146,0.264045,97,33,17,0,2,0,1,150,120,0,0,268,e617ab48,0
398,38,38,5,1,2160000398,0,3,0,925,1,0,81,16,2893,0,STEADY,309,5.63132,2.67283,0.348398,0.504854,0.174757,20,10,8,6,0,1,1,23,104,0,0,200,e617ab48,0
398,38,38,5,1,2160000398,1,3,0,1310,1,0,104,24,4228,0,STEADY,437,6.47052,2.83634,0.242519,0.647597,0.183066,62,13,13,10,0,1,0,0,104,0,0,582,e617ab48,0
399,39,39,0,1,2160000399,0,0,1,1828,1,62,0,25,4498,0,STEADY,610,2.76156,1.99474,0.148518,0.118033,0.278689,0,0,12,3,2,6,2,114,52,0,8,181,e617ab48,0
399,39,39,0,1,2160000399,1,0,1,1690,1,69,0,19,3922,0,STEADY,564,2.83016,3.26057,0.147544,0.124113,0.166667,0,0,7,3,1,7,1,114,45,0,0,149,e617ab48,0
400,0,7,2,1,2160000400,0,2,0,1018,1,0,4,13,2345,0,STEADY,340,2.88845,6.13677,0.183218,0.147059,0.620588,159,122,3,8,1,1,0,96,113,0,0,0,e617ab48,0
400,0,7,2,1,2160000400,1,2,0,1518,1,0,79,22,3469,0,STEADY,506,2.68222,3.5782,0.166779,0.055336,0.596838,312,172,11,7,0,0,4,21,113,0,0,107,e617ab48,0
401,1,8,3,1,2160000401,0,3,0,816,2,124,116,12,2320,0,STEADY,272,6.90618,6.83731,0.346423,0.485294,0.419118,0,0,0,5,1,3,3,0,12,0,56,0,e617ab48,0
401,1,8,3,1,2160000401,1,3,1,922,1,7,0,17,2821,0,STEADY,308,4.0376,2.51693,0.264351,0.38961,0.0519481,41,8,7,5,1,2,2,116,141,12,69,0,e617ab48,0
402,2,9,4,1,2160000402,0,0,1,971,1,94,0,16,3023,0,STEADY,324,4.16818,3.50023,0.169762,0.503086,0.333333,0,0,2,12,0,0,2,149,0,0,0,193,e617ab48,0
402,2,9,4,1,2160000402,1,0,1,1726,1,2,0,28,5058,0,STEADY,576,3.81203,2.87053,0.133366,0.446181,0.274306,48,18,3,24,0,0,1,157,92,0,0,436,e617ab48,0
403,3,10,5,1,2160000403,0,1,0,765,1,0,91,13,2325,0,STEADY,255,5.44632,7.81448,0.292957,0.258824,0.196078,119,0,11,0,0,1,1,33,106,0,0,0,e617ab48,0
403,3,10,5,1,2160000403,1,1,0,780,1,0,113,13,2373,0,STEADY,260,4.31736,6.87981,0.270362,0.273077,0.0230769,144,0,11,1,0,1,0,11,106,0,15,0,e617ab48,0
404,4,11,0,1,2160000404,0,2,0,2299,1,0,13,39,6237,0,STEADY,767,3.29644,2.01664,0.140529,0.252934,0.375489,55,14,11,25,0,1,2,197,123,0,0,214,e617ab48,0
404,4,11,0,1,2160000404,1,2,1,2700,3,55,43,39,6505,0,STEADY,900,3.09856,3.42552,0.172077,0.194444,0.252222,0,0,13,24,0,0,2,157,68,0,0,202,e617ab48,0
405,5,12,1,1,2160000405,0,3,0,784,1,0,34,13,2254,0,STEADY,262,2.74523,2.01988,0.194844,0.274809,0.137405,74,21,7,1,2,3,0,77,141,0,52,0,e617ab48,0
405,5,12,1,1,2160000405,1,3,0,682,1,0,1,15,2321,0,STEADY,228,2.52424,1.76175,0.215482,0.552632,0.171053,76,24,10,1,2,2,0,110,141,0,46,0,e617ab48,0
406,6,13,2,1,2160000406,0,0,1,1769,1,56,0,24,4511,0,STEADY,590,3.54486,9.07382,0.136888,0.0474576,0.0627119,0,0,21,1,1,0,1,104,75,0,0,10,e617ab48,0
406,6,13,2,1,2160000406,1,0,1,972,1,107,0,15,2849,0,STEADY,324,2.2978,5.85151,0.163855,0.00925926,0.0308642,0,0,12,1,1,0,1,104,24,0,0,17,e617ab48,0
407,7,14,3,1,2160000407,0,1,0,534,1,0,68,9,1655,0,STEADY,178,2.78837,2.15479,0.223989,0.117978,0.0393258,23,0,3,3,1,1,1,45,100,0,0,41,e617ab48,0
407,7,14,3,1,2160000407,1,1,0,244,1,0,70,7,1230,0,STEADY,82,4.55321,3.03234,0.384659,0.195122,0.219512,10,9,3,2,1,1,0,43,100,0,0,35,e617ab48,0
408,8,15,4,1,2160000408,0,2,1,934,1,100,0,19,2728,0,STEADY,312,3.11251,2.05116,0.174808,0.121795,0.323718,0,0,4,1,13,1,0,118,16,0,0,150,e617ab48,0
408,8,15,4,1,2160000408,1,2,1,1120,1,76,0,20,3031,0,STEADY,374,3.38531,2.90378,0.158329,0.184492,0.243316,0,0,9,1,9,0,1,118,40,0,0,236,e617ab48,0
409,9,16,5,1,2160000409,0,3,1,1024,1,84,0,17,2984,0,STEADY,342,3.50885,4.02827,0.258763,0.0906433,0.254386,0,0,4,10,2,1,0,115,69,4,0,249,e617ab48,0
409,9,16,5,1,2160000409,1,3,1,667,1,70,0,13,2243,0,STEADY,223,4.11023,5.15489,0.277188,0.044843,0.206278,0,0,3,7,1,0,2,115,83,4,0,69,e617ab48,0
410,10,17,0,1,2160000410,0,0,0,511,1,0,16,9,1725,0,STEADY,171,2.60655,3.39228,0.234491,0.0643275,0.233918,28,4,7,1,1,0,0,83,124,0,0,0,e617ab48,0
410,10,17,0,1,2160000410,1,0,0,586,1,0,72,8,1653,0,STEADY,196,2.93971,3.38614,0.226546,0.0612245,0.168367,31,10,5,2,1,0,0,32,124,0,0,0,e617ab48,0
411,11,18,1,1,2160000411,0,1,1,1235,1,49,0,17,3409,0,STEADY,412,2.72564,8.2752,0.222505,0.245146,0.0752427,0,0,5,6,0,4,2,129,116,48,18,10,e617ab48,0
411,11,18,1,1,2160000411,1,1,1,1441,1,45,0,19,3750,0,STEADY,481,3.00495,4.9069,0.157493,0.174636,0.0644491,290,27,8,7,0,3,1,129,108,36,18,115,e617ab48,0
412,12,19,2,1,2160000412,0,2,1,1234,1,51,0,16,3094,0,STEADY,412,3.63592,8.01602,0.172971,0.201456,0.0970874,0,0,6,2,6,1,1,132,60,0,0,0,e617ab48,0
412,12,19,2,1,2160000412,1,2,0,2204,1,0,18,24,4270,0,STEADY,735,2.63228,4.15277,0.101872,0.115646,0.136054,179,22,14,2,5,1,2,114,111,0,0,103,e617ab48,0
413,13,20,3,1,2160000413,0,3,0,636,1,0,64,12,2193,0,STEADY,212,6.01286,4.28684,0.24058,0.466981,0.108491,39,2,9,1,2,0,0,34,104,0,0,26,e617ab48,0
413,13,20,3,1,2160000413,1,3,0,1036,1,0,34,19,3330,0,STEADY,346,4.15414,2.6363,0.165032,0.439306,0.147399,96,31,16,2,1,0,0,68,104,0,0,0,e617ab48,0
414,14,21,4,1,2160000414,0,0,0,790,1,0,80,10,1711,0,STEADY,264,2.35526,2.82068,0.219667,0.0189394,0.0265152,41,0,0,7,1,1,1,44,113,0,17,62,e617ab48,0
414,14,21,4,1,2160000414,1,0,1,1801,1,28,0,28,4636,0,STEADY,601,2.76975,7.23893,0.285859,0.0415973,0.0266223,13,6,3,12,3,5,5,124,85,0,17,10,e617ab48,0
415,15,22,5,1,2160000415,0,1,0,1060,1,0,55,20,3050,0,STEADY,354,5.12969,4.18881,0.338706,0.446328,0.149718,77,0,10,6,0,3,1,120,118,0,24,0,e617ab48,0
415,15,22,5,1,2160000415,1,1,0,1039,1,0,127,17,2821,0,STEADY,347,3.97872,3.71982,0.234274,0.319885,0.244957,124,73,7,5,1,3,1,48,118,0,24,172,e617ab48,0
416,16,23,0,1,2160000416,0,2,1,1234,1,62,0,16,3094,0,STEADY,412,2.55897,6.1265,0.140772,0.0218447,0.0703883,0,0,13,2,0,0,1,114,53,0,0,0,e617ab48,0
416,16,23,0,1,2160000416,1,2,1,1286,1,27,0,17,3262,0,STEADY,429,3.03584,6.16088,0.138128,0.041958,0.331002,85,0,13,2,1,0,1,119,88,0,0,57,e617ab48,0
417,17,24,1,1,2160000417,0,3,1,445,1,76,0,9,1452,0,STEADY,149,2.94478,3.74996,0.403188,0.161074,0.288591,0,0,4,1,0,2,2,125,34,12,0,47,e617ab48,0
417,17,24,1,1,2160000417,1,3,1,526,1,37,0,12,1711,0,STEADY,176,2.91999,1.48978,0.384648,0.147727,0.3125,31,13,7,2,0,3,0,125,61,18,0,30,e617ab48,0
418,18,25,2,1,2160000418,0,0,1,734,1,68,0,14,2131,0,STEADY,245,3.6401,2.56787,0.244996,0.0857143,0.473469,0,0,11,2,0,0,1,104,61,0,0,113,e617ab48,0
418,18,25,2,1,2160000418,1,0,1,747,1,61,0,15,2380,0,STEADY,249,3.68291,3.66957,0.263297,0.0803213,0.618474,0,0,11,3,0,0,1,104,68,0,0,99,e617ab48,0
419,19,26,3,1,2160000419,0,1,0,1819,1,0,45,31,5504,0,STEADY,607,3.63342,1.99879,0.136519,0.517298,0.301483,205,72,28,1,1,1,0,63,132,0,0,416,e617ab48,0
419,19,26,3,1,2160000419,1,1,1,1107,1,22,0,20,3530,0,STEADY,369,4.0328,2.53134,0.172439,0.387534,0.371274,39,4,17,1,0,1,1,108,110,0,0,117,e617ab48,0
420,20,27,4,1,2160000420,0,2,1,1099,2,17,96,18,3417,0,STEADY,367,5.41648,2.0556,0.192087,0.468665,0.253406,70,6,14,1,1,2,0,49,85,0,31,600,e617ab48,0
420,20,27,4,1,2160000420,1,2,0,863,1,0,125,15,2888,0,STEADY,288,4.78216,2.08835,0.225042,0.402778,0.270833,49,29,11,1,1,1,1,20,102,0,6,290,e617ab48,0
421,21,28,5,1,2160000421,0,3,1,835,1,113,0,18,2560,0,STEADY,279,2.41276,4.51492,0.191667,0.0107527,0.114695,0,0,4,12,1,0,1,111,11,0,0,0,e617ab48,0
421,21,28,5,1,2160000421,1,3,1,859,1,99,0,18,2510,0,STEADY,287,2.2421,3.68985,0.196798,0.0174216,0.0557491,0,0,3,13,1,0,1,111,25,0,0,8,e617ab48,0
422,22,29,0,1,2160000422,0,0,1,1999,1,120,0,23,5714,0,STEADY,667,2.88769,4.07537,0.16293,0.14093,0.107946,0,0,2,11,7,0,3,102,55,0,21,111,e617ab48,0
422,22,29,0,1,2160000422,1,0,1,2041,1,124,0,28,6337,0,STEADY,681,2.76604,1.93145,0.154618,0.14978,0.305433,0,0,13,4,9,0,2,102,51,0,57,220,e617ab48,0
423,23,30,1,1,2160000423,0,1,1,2368,1,24,0,25,4361,0,STEADY,790,2.4137,5.34681,0.125034,0.0949367,0.00126582,730,1,8,15,0,0,2,125,100,19,0,43,e617ab48,0
423,23,30,1,1,2160000423,1,1,1,1843,1,13,0,23,3813,0,STEADY,615,2.70519,5.66202,0.131197,0.0813008,0.0113821,133,0,10,10,0,0,3,125,113,21,0,9,e617ab48,0
424,24,31,2,1,2160000424,0,2,0,739,1,0,85,11,1946,0,STEADY,247,3.41352,2.1131,0.217239,0.267206,0.323887,150,51,6,2,0,2,1,56,125,0,29,129,e617ab48,0
424,24,31,2,1,2160000424,1,2,0,1326,1,0,56,20,3289,0,STEADY,442,3.2873,2.41715,0.143609,0.278281,0.264706,96,25,13,3,2,1,1,85,125,0,20,178,e617ab48,0
425,25,32,3,1,2160000425,0,3,0,670,1,0,107,8,1607,0,STEADY,224,3.98762,2.37559,0.369536,0.183036,0.0178571,48,0,0,5,2,0,1,14,104,0,4,174,e617ab48,0
425,25,32,3,1,2160000425,1,3,0,723,1,0,45,12,2062,0,STEADY,241,3.61829,1.73957,0.330286,0.356846,0.0165975,49,3,4,5,2,0,1,76,104,0,21,117,e617ab48,0
426,26,33,4,1,2160000426,0,0,1,1552,1,69,0,23,3634,0,STEADY,518,2.99178,6.11461,0.140656,0.111969,0.258687,0,0,10,11,0,0,2,152,39,0,0,15,e617ab48,0
426,26,33,4,1,2160000426,1,0,1,697,1,10,0,16,2233,0,STEADY,233,2.33729,5.62945,0.192176,0.0729614,0.0472103,132,2,11,3,0,0,2,152,98,0,0,14,e617ab48,0
427,27,34,5,1,2160000427,0,1,0,2104,1,0,89,36,6192,0,STEADY,702,6.10467,4.22337,0.226258,0.5,0.324786,114,20,35,1,0,0,0,51,145,0,0,0,e617ab48,0
427,27,34,5,1,2160000427,1,1,0,801,1,0,140,15,2635,0,STEADY,267,5.8714,4.27866,0.425442,0.441948,0.172285,100,29,14,1,0,0,0,0,145,0,0,106,e617ab48,0
428,28,35,0,1,2160000428,0,2,1,1449,1,83,0,24,4262,0,STEADY,483,4.63312,4.0348,0.151764,0.358178,0.225673,0,0,2,21,0,0,1,128,28,0,0,163,e617ab48,0
428,28,35,0,1,2160000428,1,2,0,1219,1,0,10,21,3818,0,STEADY,407,4.37471,2.72632,0.165391,0.427518,0.292383,64,29,3,17,0,0,1,100,111,0,0,314,e617ab48,0
429,29,36,1,1,2160000429,0,3,0,566,1,0,49,12,1920,0,STEADY,189,3.74807,2.71831,0.283296,0.322751,0.243386,74,17,7,1,2,0,2,44,102,0,25,38,e617ab48,0
429,29,36,1,1,2160000429,1,3,0,410,1,0,50,9,1480,0,STEADY,137,3.96124,2.61987,0.354672,0.350365,0.20438,47,12,5,1,2,0,1,43,102,0,25,2,e617ab48,0
430,30,37,2,1,2160000430,0,0,1,1072,1,97,0,24,2880,0,STEADY,358,4.08149,3.18651,0.17062,0.0530726,0.318436,0,0,21,3,0,0,0,150,28,0,0,205,e617ab48,0
430,30,37,2,1,2160000430,1,0,1,1295,1,70,0,31,3381,0,STEADY,432,3.05462,1.93612,0.148977,0.0555556,0.300926,0,0,28,2,0,1,0,150,55,0,0,170,e617ab48,0
431,31,38,3,1,2160000431,0,1,0,1330,1,0,4,26,3902,0,STEADY,444,3.51329,1.49088,0.201387,0.619369,0.13964,89,15,14,9,1,0,2,100,132,0,0,244,e617ab48,0
431,31,38,3,1,2160000431,1,1,0,611,1,0,85,9,1647,0,STEADY,204,4.97004,2.87645,0.425618,0.22549,0.0441176,30,2,1,6,0,0,2,19,132,0,0,99,e617ab48,0
432,32,39,4,1,2160000432,0,2,1,829,1,106,0,16,2949,0,STEADY,277,3.28481,4.26781,0.139614,0.0830325,0.129964,0,0,13,0,1,1,1,114,15,0,0,21,e617ab48,0
432,32,39,4,1,2160000432,1,2,1,769,1,91,0,14,2646,0,STEADY,257,2.52293,3.83541,0.155833,0.0466926,0.120623,0,0,11,0,1,1,1,114,30,0,0,86,e617ab48,0
433,33,0,5,1,2160000433,0,3,0,487,1,0,63,10,1703,0,STEADY,163,4.24869,2.31941,0.356209,0.122699,0.0797546,37,10,5,2,3,0,0,50,152,0,0,217,e617ab48,0
433,33,0,5,1,2160000433,1,3,0,433,1,0,7,10,1640,0,STEADY,145,3.96258,1.91164,0.398924,0.227586,0.103448,28,8,4,2,4,0,0,106,152,0,0,127,e617ab48,0
434,34,1,0,1,2160000434,0,0,0,1011,1,0,44,21,3038,0,STEADY,337,3.07559,2.23509,0.185516,0.448071,0.293769,147,43,13,6,0,1,1,92,140,0,0,170,e617ab48,0
434,34,1,0,1,2160000434,1,0,0,874,1,0,27,16,2434,0,STEADY,292,3.16974,2.57686,0.201479,0.315068,0.273973,55,8,9,5,0,1,1,109,140,0,0,144,e617ab48,0
435,35,2,1,1,2160000435,0,1,0,649,1,0,34,10,1770,0,STEADY,217,3.77037,5.42505,0.226069,0.0506912,0.230415,111,39,5,3,0,1,1,60,110,9,10,13,e617ab48,0
435,35,2,1,1,2160000435,1,1,0,197,1,0,94,6,1030,0,STEADY,66,6.37493,3.27597,0.511727,0.030303,0.0151515,10,1,3,1,0,1,1,0,110,9,4,31,e617ab48,0
436,36,3,2,1,2160000436,0,2,1,1004,1,19,0,18,3283,0,STEADY,335,2.96308,6.36563,0.180737,0.328358,0.167164,210,20,1,13,0,0,4,103,74,0,0,58,e617ab48,0
436,36,3,2,1,2160000436,1,2,1,823,1,18,0,15,2696,0,STEADY,275,3.13819,2.01163,0.162236,0.243636,0.254545,105,19,2,13,0,0,0,106,75,0,0,82,e617ab48,0
437,37,4,3,1,2160000437,0,3,0,910,1,0,55,17,3045,0,STEADY,304,3.4239,1.96948,0.235526,0.197368,0.0986842,74,16,15,0,1,0,1,68,150,0,0,91,e617ab48,0
437,37,4,3,1,2160000437,1,3,0,724,1,0,66,15,2720,0,STEADY,242,4.24548,2.11564,0.268661,0.334711,0.132231,76,29,12,0,2,0,1,70,150,0,0,140,e617ab48,0
438,38,5,4,1,2160000438,0,0,1,872,1,84,0,15,2724,0,STEADY,291,4.20587,3.92892,0.260811,0.515464,0.292096,0,0,7,6,1,0,1,141,20,0,0,164,e617ab48,0
438,38,5,4,1,2160000438,1,0,1,684,1,94,0,14,2430,0,STEADY,228,4.94175,2.75719,0.320719,0.627193,0.0877193,0,0,7,6,0,0,1,141,10,0,0,195,e617ab48,0
439,39,6,5,1,2160000439,0,1,0,1305,1,0,108,20,3756,0,STEADY,435,3.97668,7.05166,0.231108,0.291954,0.11954,221,28,7,4,1,6,2,23,114,0,51,125,e617ab48,0
439,39,6,5,1,2160000439,1,1,0,1734,1,0,43,25,5245,0,STEADY,578,4.23596,3.95587,0.191969,0.408304,0.0363322,31,1,4,5,1,11,4,88,114,0,40,108,e617ab48,0
440,0,14,1,1,2160000440,0,3,0,891,1,0,31,16,2283,0,STEADY,297,2.77256,1.81781,0.16971,0.0673401,0.461279,110,58,11,4,0,0,1,82,113,0,0,0,e617ab48,0
440,0,14,1,1,2160000440,1,3,0,873,1,0,51,18,2560,0,STEADY,291,2.72148,2.20052,0.173656,0.0790378,0.443299,88,47,12,4,1,0,1,62,113,0,0,0,e617ab48,0
441,1,15,2,1,2160000441,0,0,1,1066,1,64,0,17,2670,0,STEADY,356,2.80003,1.80444,0.153792,0.376404,0.0786517,0,0,10,4,1,1,1,121,82,10,40,174,e617ab48,0
441,1,15,2,1,2160000441,1,0,1,811,1,118,0,16,2403,0,STEADY,271,2.98215,4.78379,0.191517,0.383764,0.143911,0,0,8,6,0,1,1,118,18,0,90,3,e617ab48,0
442,2,16,3,1,2160000442,0,1,0,827,1,0,40,15,2823,0,STEADY,276,5.27649,2.92924,0.271101,0.48913,0.202899,101,13,3,10,0,0,2,75,94,0,0,228,e617ab48,0
442,2,16,3,1,2160000442,1,1,0,1696,1,0,28,28,5045,0,STEADY,566,4.83884,3.11471,0.140795,0.478799,0.305654,192,59,3,24,0,0,1,87,94,0,0,357,e617ab48,0
443,3,17,4,1,2160000443,0,2,0,361,1,0,40,7,1342,0,STEADY,121,4.07701,2.62922,0.429182,0.247934,0.107438,21,0,5,1,0,0,1,68,106,0,0,61,e617ab48,0
443,3,17,4,1,2160000443,1,2,0,376,1,0,92,7,1337,0,STEADY,126,3.93412,3.26658,0.33477,0.214286,0.198413,36,0,5,1,0,1,0,12,106,0,15,30,e617ab48,0
444,4,18,5,1,2160000444,0,3,0,1084,2,123,129,6,1020,0,STEADY,362,13.1284,10.5061,0.915312,0.48895,0.331492,0,0,0,6,0,0,0,0,0,0,0,0,e617ab48,0
444,4,18,5,1,2160000444,1,3,0,637,1,0,64,12,1989,0,STEADY,213,4.38695,3.78618,0.311117,0.333333,0.0469484,69,6,5,5,1,1,0,65,123,0,0,127,e617ab48,0
445,5,19,0,1,2160000445,0,0,1,994,1,92,0,18,2693,0,STEADY,332,2.7356,2.02209,0.191886,0.406627,0.150602,0,0,14,1,1,2,0,132,49,0,12,116,e617ab48,0
445,5,19,0,1,2160000445,1,0,1,2290,1,105,0,28,4703,0,STEADY,764,2.93101,5.66712,0.148219,0.209424,0.106021,0,0,15,2,0,7,4,132,36,0,7,10,e617ab48,0
446,6,20,1,1,2160000446,0,1,1,1080,1,113,0,20,3547,0,STEADY,360,2.52106,2.21267,0.152003,0.00555556,0.197222,0,0,18,0,1,0,1,98,18,0,0,129,e617ab48,0
446,6,20,1,1,2160000446,1,1,1,1009,1,51,0,17,3072,0,STEADY,337,2.07056,2.79177,0.168991,0.0148368,0.0801187,241,14,15,1,1,0,0,98,80,0,0,79,e617ab48,0
447,7,21,2,1,2160000447,0,2,1,1705,1,28,0,25,4339,0,STEADY,569,3.39227,4.81187,0.11546,0.16696,0,24,0,3,20,1,1,0,124,72,0,0,46,e617ab48,0
447,7,21,2,1,2160000447,1,2,1,1924,1,64,0,26,4407,0,STEADY,642,3.04074,6.21682,0.108076,0.110592,0.00311526,0,0,9,13,1,1,2,124,36,0,0,23,e617ab48,0
448,8,22,3,1,2160000448,0,3,1,1183,1,40,0,22,3226,0,STEADY,395,3.53768,4.14064,0.212653,0.24557,0.220253,23,12,7,1,13,0,1,175,76,0,0,41,e617ab48,0
448,8,22,3,1,2160000448,1,3,1,1015,1,66,0,20,2967,0,STEADY,339,3.78445,3.72121,0.189578,0.147493,0.20354,0,0,8,1,10,0,1,175,50,0,0,0,e617ab48,0
449,9,23,4,1,2160000449,0,0,0,832,1,0,28,18,2713,0,STEADY,278,2.97799,2.95698,0.181327,0.0899281,0.226619,95,11,2,13,1,0,2,101,151,2,0,85,e617ab48,0
449,9,23,4,1,2160000449,1,0,0,1771,1,0,37,30,4746,0,STEADY,591,2.77788,3.01936,0.144868,0.0507614,0.328257,80,17,4,19,1,0,6,93,153,4,0,143,e617ab48,0
450,10,24,5,1,2160000450,0,1,1,1251,1,58,0,21,3618,0,STEADY,417,3.30284,6.87459,0.159261,0.0383693,0.256595,0,0,19,2,0,0,0,125,66,0,0,0,e617ab48,0
450,10,24,5,1,2160000450,1,1,1,786,1,52,0,15,2604,0,STEADY,262,3.35807,5.21398,0.199634,0.0381679,0.0534351,0,0,13,2,0,0,0,125,72,0,0,21,e617ab48,0
451,11,25,0,1,2160000451,0,2,1,1121,1,90,0,17,3034,0,STEADY,374,2.83558,3.83549,0.17827,0.171123,0.256684,0,0,8,4,1,3,1,104,51,24,10,153,e617ab48,0
451,11,25,0,1,2160000451,1,2,1,904,1,42,0,14,2441,0,STEADY,302,2.7851,3.66944,0.186305,0.102649,0.175497,15,0,8,3,1,2,0,104,99,24,10,95,e617ab48,0
452,12,26,1,1,2160000452,0,3,0,706,1,0,108,5,1327,0,STEADY,236,2.5098,2.23546,0.15886,0.0338983,0.029661,61,0,0,1,1,1,2,0,111,0,0,17,e617ab48,0
452,12,26,1,1,2160000452,1,3,0,982,1,0,108,10,1800,0,STEADY,328,2.69921,2.34039,0.109137,0.0579268,0.109756,56,0,6,1,1,0,2,0,111,0,0,0,e617ab48,0
453,13,27,2,1,2160000453,0,0,1,1041,1,53,0,18,3254,0,STEADY,347,5.27414,4.61575,0.155153,0.334294,0.0288184,0,0,15,1,2,0,0,145,51,0,0,0,e617ab48,0
453,13,27,2,1,2160000453,1,0,0,445,1,0,104,10,1842,0,STEADY,149,5.94456,4.98161,0.284329,0.52349,0.174497,63,18,7,1,2,0,0,41,104,0,0,0,e617ab48,0
454,14,28,3,1,2160000454,0,1,1,711,1,99,0,11,1810,0,STEADY,237,2.91763,5.61662,0.387266,0.0421941,0.0379747,0,0,2,5,2,1,1,111,14,0,13,52,e617ab48,0
454,14,28,3,1,2160000454,1,1,1,642,1,35,0,9,1665,0,STEADY,214,2.37351,4.64549,0.31986,0.0373832,0.0046729,58,0,2,3,2,1,1,111,78,0,10,25,e617ab48,0
455,15,29,4,1,2160000455,0,2,0,1442,1,0,66,19,2884,0,STEADY,481,2.74041,1.93066,0.14359,0.305613,0.178794,98,8,12,4,1,2,0,36,133,15,9,367,e617ab48,0
455,15,29,4,1,2160000455,1,2,1,1015,1,44,0,21,3056,0,STEADY,339,3.0538,1.13727,0.187142,0.522124,0.129794,108,12,12,7,0,1,1,102,74,0,16,73,e617ab48,0
456,16,30,5,1,2160000456,0,3,1,1170,1,47,0,20,3593,0,STEADY,390,2.39553,2.80595,0.157351,0.0461538,0.0974359,0,0,17,2,0,0,1,125,68,0,0,17,e617ab48,0
456,16,30,5,1,2160000456,1,3,1,2517,1,47,0,37,6529,0,STEADY,839,1.61451,2.38615,0.120728,0.0214541,0.146603,0,0,34,2,0,0,1,125,68,0,0,71,e617ab48,0
457,17,31,0,1,2160000457,0,0,0,767,1,0,22,14,1929,0,STEADY,256,2.91801,2.47522,0.300375,0.144531,0.273438,82,36,9,1,0,3,1,110,96,18,0,175,e617ab48,0
457,17,31,0,1,2160000457,1,0,1,428,1,63,0,9,1735,0,STEADY,143,3.31791,2.96328,0.35549,0.321678,0.125874,0,0,2,2,0,3,2,141,49,12,0,8,e617ab48,0
458,18,32,1,1,2160000458,0,1,0,552,1,0,45,12,2060,0,STEADY,184,4.58665,2.96128,0.35819,0.152174,0.13587,105,25,7,3,0,0,2,76,129,0,0,53,e617ab48,0
458,18,32,1,1,2160000458,1,1,0,683,1,0,69,13,2141,0,STEADY,228,4.24059,2.2416,0.264789,0.131579,0.364035,91,50,9,3,0,0,1,52,129,0,0,179,e617ab48,0
459,19,33,2,1,2160000459,0,2,0,1312,1,0,32,21,3728,0,STEADY,438,3.55494,2.39187,0.134041,0.287671,0.497717,78,30,18,1,0,1,1,120,132,0,19,277,e617ab48,0
459,19,33,2,1,2160000459,1,2,0,1498,1,0,47,25,4369,0,STEADY,500,3.45251,2.7426,0.118638,0.268,0.36,291,55,22,0,0,1,2,105,132,0,14,254,e617ab48,0
460,20,34,3,1,2160000460,0,3,0,1458,1,0,87,22,4055,0,STEADY,486,5.17218,3.06532,0.187249,0.349794,0.211934,134,53,19,1,0,1,1,53,102,0,8,466,e617ab48,0
460,20,34,3,1,2160000460,1,3,0,823,1,0,93,12,2437,0,STEADY,275,6.05322,4.19631,0.402742,0.407273,0.28,124,70,8,2,0,2,0,47,102,0,28,55,e617ab48,0
461,21,35,4,1,2160000461,0,0,1,1927,1,96,0,27,4525,0,STEADY,643,3.17668,5.99256,0.132661,0.0124417,0.0730949,0,0,18,7,1,0,1,101,28,0,0,53,e617ab48,0
461,21,35,4,1,2160000461,1,0,1,1858,1,110,0,26,4495,0,STEADY,620,3.3977,6.11115,0.16826,0.0258065,0.0403226,0,0,16,6,2,0,2,101,14,0,0,47,e617ab48,0
462,22,36,5,1,2160000462,0,1,0,2012,1,0,4,27,6005,0,STEADY,671,2.83455,2.95603,0.175468,0.19076,0.244411,199,45,7,4,8,1,7,89,175,0,22,314,e617ab48,0
462,22,36,5,1,2160000462,1,1,1,1609,1,135,0,19,4673,0,STEADY,537,3.42627,5.29648,0.188177,0.106145,0.0260708,0,0,3,8,6,0,2,93,40,0,56,5,e617ab48,0
463,23,37,0,1,2160000463,0,2,1,2700,3,37,45,40,6510,0,STEADY,900,2.62691,5.28841,0.18726,0.134444,0.0744444,138,39,11,27,0,0,2,105,85,17,0,82,e617ab48,0
463,23,37,0,1,2160000463,1,2,1,2700,3,72,16,41,6582,0,STEADY,900,2.64365,4.95603,0.240761,0.131111,0.0644444,0,0,13,26,1,0,1,134,53,20,0,51,e617ab48,0
464,24,38,1,1,2160000464,0,3,0,344,1,0,70,6,1323,0,STEADY,115,4.06254,2.84686,0.371191,0.243478,0.0434783,14,1,1,2,1,1,1,34,125,0,20,0,e617ab48,0
464,24,38,1,1,2160000464,1,3,0,402,1,0,74,7,1389,0,STEADY,134,4.13052,3.14678,0.358627,0.246269,0.141791,36,7,2,2,0,1,2,30,125,0,0,0,e617ab48,0
465,25,39,2,1,2160000465,0,0,0,1508,1,0,8,18,3194,0,STEADY,503,2.83151,1.9958,0.129215,0.2167,0.180915,153,34,6,10,1,0,1,106,104,0,0,235,e617ab48,0
465,25,39,2,1,2160000465,1,0,0,1672,1,0,96,12,2712,0,STEADY,558,2.65557,3.88639,0.121231,0.112903,0.0555556,250,18,0,9,2,0,1,18,104,0,0,77,e617ab48,0
466,26,0,3,1,2160000466,0,1,0,390,1,0,75,10,1530,0,STEADY,130,4.73505,3.54143,0.461108,0.315385,0.0615385,39,6,4,5,0,0,1,38,108,0,0,4,e617ab48,0
466,26,0,3,1,2160000466,1,1,1,1552,1,37,0,19,3398,0,STEADY,518,3.24699,5.85149,0.1825,0.127413,0.320463,2,2,4,12,1,0,2,113,71,0,0,73,e617ab48,0
467,27,1,4,1,2160000467,0,2,0,2149,1,0,34,33,5865,0,STEADY,717,3.71478,2.48891,0.135609,0.456067,0.337517,150,36,30,2,0,0,1,102,145,0,0,365,e617ab48,0
467,27,1,4,1,2160000467,1,2,0,1347,1,0,102,24,4156,0,STEADY,449,3.52479,2.34478,0.171341,0.485523,0.242762,98,32,22,0,0,0,2,34,145,0,0,117,e617ab48,0
468,28,2,5,1,2160000468,0,3,0,736,1,0,52,12,2299,0,STEADY,246,5.54915,4.13224,0.279959,0.504065,0.154472,90,25,3,8,0,0,1,42,111,0,0,0,e617ab48,0
468,28,2,5,1,2160000468,1,3,1,742,1,18,0,12,2328,0,STEADY,248,5.22238,4.05373,0.285274,0.298387,0.0564516,2,2,3,8,0,0,1,94,93,0,0,0,e617ab48,0
469,29,3,0,1,2160000469,0,0,0,956,1,0,59,12,2311,0,STEADY,319,3.29673,3.60811,0.21506,0.153605,0.257053,63,23,5,2,4,0,1,44,102,0,0,136,e617ab48,0
469,29,3,0,1,2160000469,1,0,1,1346,1,6,0,20,3678,0,STEADY,449,2.83404,3.96057,0.18251,0.242762,0.126949,169,2,9,2,6,0,3,106,96,0,12,79,e617ab48,0
470,30,4,1,1,2160000470,0,1,0,784,1,0,68,19,2445,0,STEADY,262,4.51522,2.59192,0.214916,0.10687,0.28626,79,13,16,3,0,0,0,55,125,0,0,261,e617ab48,0
470,30,4,1,1,2160000470,1,1,1,909,1,14,0,22,2787,0,STEADY,303,2.82637,1.90511,0.182271,0.122112,0.118812,123,0,18,3,0,1,0,136,111,0,14,74,e617ab48,0
471,31,5,2,1,2160000471,0,2,0,1137,1,0,69,20,3222,0,STEADY,379,3.13021,2.07248,0.171269,0.343008,0.3219,125,52,10,7,1,1,1,72,141,9,12,221,e617ab48,0
471,31,5,2,1,2160000471,1,2,0,1933,1,0,24,31,4834,0,STEADY,645,2.8879,2.54773,0.177977,0.324031,0.179845,82,4,15,13,1,0,2,117,141,9,0,249,e617ab48,0
472,32,6,3,1,2160000472,0,3,0,984,1,0,12,19,3531,0,STEADY,328,3.20858,1.76397,0.14378,0.237805,0.198171,71,15,15,0,2,1,1,119,121,0,0,81,e617ab48,0
472,32,6,3,1,2160000472,1,3,0,935,1,0,112,18,3350,0,STEADY,312,4.07357,1.63759,0.142378,0.198718,0.266026,165,62,15,1,1,1,0,19,121,0,0,264,e617ab48,0
473,33,7,4,1,2160000473,0,0,1,334,1,80,0,8,1451,0,STEADY,112,3.40629,2.08998,0.399902,0.178571,0.303571,0,0,3,2,2,0,1,100,72,0,0,72,e617ab48,0
473,33,7,4,1,2160000473,1,0,1,469,1,20,0,10,1647,0,STEADY,157,2.84628,2.8247,0.277662,0.11465,0.210191,36,10,2,2,5,0,1,100,132,0,0,24,e617ab48,0
474,34,8,5,1,2160000474,0,1,1,932,2,89,116,19,2797,0,STEADY,311,5.86399,1.76185,0.257688,0.73955,0.0192926,0,0,10,8,0,0,1,0,51,0,0,600,e617ab48,0
474,34,8,5,1,2160000474,1,1,1,1056,2,47,108,21,3155,0,STEADY,352,5.27792,1.9498,0.189537,0.65625,0.125,23,0,11,9,1,0,0,8,93,0,0,600,e617ab48,0
475,35,9,0,1,2160000475,0,2,0,2272,1,0,81,28,4858,0,STEADY,758,3.33172,5.67433,0.126896,0.0118734,0.332454,36,10,21,6,0,1,0,92,101,0,10,49,e617ab48,0
475,35,9,0,1,2160000475,1,2,0,1966,1,0,87,28,4666,0,STEADY,656,3.23682,3.70956,0.127811,0.0106707,0.320122,22,7,20,6,0,1,1,78,101,0,10,137,e617ab48,0
476,36,10,1,1,2160000476,0,3,0,621,1,0,64,12,2177,0,STEADY,207,3.28912,1.87989,0.22101,0.222222,0.140097,30,2,1,10,0,0,1,60,93,0,0,0,e617ab48,0
476,36,10,1,1,2160000476,1,3,0,353,1,0,79,8,1530,0,STEADY,118,4.20022,2.87876,0.312602,0.254237,0.169492,41,7,2,5,0,0,1,45,93,0,0,0,e617ab48,0
477,37,11,2,1,2160000477,0,0,1,1533,1,13,0,28,4930,0,STEADY,511,2.57413,1.87311,0.129824,0.0861057,0.2818,83,17,25,0,2,0,1,153,137,0,0,149,e617ab48,0
477,37,11,2,1,2160000477,1,0,1,1095,1,29,0,20,3640,0,STEADY,365,2.6986,1.50223,0.158751,0.10137,0.375342,56,13,17,1,2,0,0,141,121,0,0,124,e617ab48,0
478,38,12,3,1,2160000478,0,1,0,782,1,0,39,16,2780,0,STEADY,261,4.0491,2.57105,0.268586,0.793103,0.0727969,95,3,7,7,0,0,2,72,104,0,0,134,e617ab48,0
478,38,12,3,1,2160000478,1,1,0,610,1,0,39,13,2334,0,STEADY,204,4.41631,2.827,0.32075,0.730392,0.0392157,28,0,6,4,1,0,2,72,104,0,0,256,e617ab48,0
479,39,13,4,1,2160000479,0,2,0,673,1,0,29,13,2080,0,STEADY,225,3.42637,1.66096,0.349547,0.324444,0.275556,50,21,8,1,1,2,1,75,114,0,25,207,e617ab48,0
479,39,13,4,1,2160000479,1,2,0,1137,1,0,59,19,3400,0,STEADY,379,3.9784,3.314,0.240607,0.263852,0.263852,189,54,7,2,0,4,6,45,114,0,34,205,e617ab48,0
480,0,21,0,2,2160000480,0,0,0,1622,1,0,23,18,3191,0,STEADY,541,3.12738,5.44713,0.111573,0.0683919,0.0573013,380,14,7,9,0,0,2,101,113,0,0,44,e617ab48,0
480,0,21,0,2,2160000480,1,0,0,1822,1,0,13,20,3376,0,STEADY,608,3.15162,5.06908,0.110192,0.0723684,0.0444079,25,8,9,10,0,0,1,111,113,0,0,27,e617ab48,0
481,1,22,1,2,2160000481,0,1,0,1855,1,0,103,33,4473,0,STEADY,619,3.09941,3.90943,0.122407,0.449111,0.109855,210,0,27,3,0,2,1,72,136,0,94,78,e617ab48,0
481,1,22,1,2,2160000481,1,1,1,1357,1,82,0,26,3512,0,STEADY,453,2.40909,2.34113,0.143305,0.322296,0.0949227,0,0,21,3,0,1,1,175,54,0,18,125,e617ab48,0
482,2,23,2,2,2160000482,0,2,0,1443,1,0,39,22,4035,0,STEADY,481,3.49495,2.89216,0.145335,0.388773,0.334719,38,18,2,19,0,0,1,78,94,0,0,265,e617ab48,0
482,2,23,2,2,2160000482,1,2,0,1300,1,0,11,21,3832,0,STEADY,434,3.32576,4.19289,0.146118,0.370968,0.251152,265,57,3,17,0,0,1,108,94,0,0,0,e617ab48,0
483,3,24,3,2,2160000483,0,3,0,718,1,0,113,11,2036,0,STEADY,240,4.36583,2.67794,0.3422,0.2125,0.0833333,71,0,9,1,0,1,0,12,106,0,15,88,e617ab48,0
483,3,24,3,2,2160000483,1,3,0,988,1,0,101,15,2759,0,STEADY,330,2.88472,2.10091,0.207858,0.218182,0.0939394,92,17,13,1,0,1,0,24,106,0,0,108,e617ab48,0
484,4,25,4,2,2160000484,0,0,1,604,1,36,0,14,2214,0,STEADY,202,4.32657,3.87293,0.337079,0.589109,0.108911,10,0,6,6,1,1,0,104,87,0,0,0,e617ab48,0
484,4,25,4,2,2160000484,1,0,1,640,1,77,0,15,2336,0,STEADY,214,3.93946,2.29217,0.346042,0.439252,0.130841,0,0,7,6,1,1,0,104,46,0,0,208,e617ab48,0
485,5,26,5,2,2160000485,0,1,0,807,2,141,108,5,1044,0,STEADY,269,10.8783,9.48292,0.868045,0.427509,0.33829,0,0,0,0,1,3,1,0,0,0,0,0,e617ab48,0
485,5,26,5,2,2160000485,1,1,0,2542,1,0,90,23,4090,0,STEADY,848,3.25151,4.27564,0.112593,0.262972,0.0341981,304,25,17,3,0,2,1,18,141,0,14,310,e617ab48,0
486,6,27,0,2,2160000486,0,2,1,1644,1,114,0,23,4225,0,STEADY,548,4.38296,6.35178,0.150752,0.0291971,0.184307,0,0,21,0,1,0,1,145,17,0,0,99,e617ab48,0
486,6,27,0,2,2160000486,1,2,0,2700,3,63,89,40,7062,0,STEADY,900,4.16762,5.16816,0.101758,0.0366667,0.288889,0,0,37,0,1,0,2,56,68,0,0,93,e617ab48,0
487,7,28,1,2,2160000487,0,3,1,919,1,26,0,14,2315,0,STEADY,307,1.85367,2.49864,0.175107,0.0684039,0.00651466,254,2,9,3,1,1,0,111,74,0,0,44,e617ab48,0
487,7,28,1,2,2160000487,1,3,1,1105,1,31,0,14,2475,0,STEADY,369,1.60685,2.41094,0.125986,0.0433604,0.00542005,156,1,9,2,1,1,1,103,69,0,0,33,e617ab48,0
488,8,29,2,2,2160000488,0,0,1,1603,1,54,0,31,4325,0,STEADY,535,3.41732,2.29549,0.124026,0.140187,0.375701,0,0,7,1,22,1,0,102,62,0,10,302,e617ab48,0
488,8,29,2,2,2160000488,1,0,0,1633,1,0,11,26,4327,0,STEADY,545,3.36601,3.63235,0.168154,0.20367,0.198165,266,29,12,1,10,2,1,91,116,0,0,226,e617ab48,0
489,9,30,3,2,2160000489,0,1,1,2611,1,116,0,26,4757,0,STEADY,871,2.77936,4.28973,0.108289,0.010333,0.0884041,0,0,4,17,1,0,4,125,162,129,0,28,e617ab48,0
489,9,30,3,2,2160000489,1,1,1,2667,1,96,0,33,5425,0,STEADY,889,2.69631,4.9987,0.120195,0.0247469,0.0899888,101,0,3,23,1,0,6,119,223,170,0,0,e617ab48,0
490,10,31,4,2,2160000490,0,2,1,1237,1,52,0,20,3586,0,STEADY,413,2.95128,5.98443,0.154283,0.0823245,0.169492,0,0,17,2,1,0,0,141,72,0,0,55,e617ab48,0
490,10,31,4,2,2160000490,1,2,0,655,1,0,14,12,2189,0,STEADY,219,3.23216,1.67685,0.198365,0.146119,0.123288,75,10,9,2,1,0,0,127,124,0,0,253,e617ab48,0
491,11,32,5,2,2160000491,0,3,0,1245,1,0,36,22,3514,0,STEADY,415,3.40555,3.39102,0.226677,0.171084,0.137349,160,19,14,4,0,2,2,85,117,0,2,8,e617ab48,0
491,11,32,5,2,2160000491,1,3,1,772,1,14,0,16,2467,0,STEADY,258,3.34005,3.93703,0.244058,0.158915,0.0930233,124,14,11,3,0,1,1,121,103,0,0,0,e617ab48,0
492,12,33,0,2,2160000492,0,0,0,954,1,0,107,10,1969,0,STEADY,318,2.81575,6.24585,0.145085,0.132075,0.103774,90,26,5,1,2,1,1,45,111,0,0,0,e617ab48,0
492,12,33,0,2,2160000492,1,0,0,1726,1,0,41,19,3710,0,STEADY,576,2.90218,6.10277,0.132835,0.145833,0.177083,233,52,7,1,7,1,3,111,111,0,0,2,e617ab48,0
493,13,34,1,2,2160000493,0,1,1,655,1,50,0,13,2351,0,STEADY,219,4.84508,2.8737,0.267694,0.520548,0.328767,0,0,10,1,2,0,0,140,54,0,0,0,e617ab48,0
493,13,34,1,2,2160000493,1,1,0,840,1,0,65,17,2990,0,STEADY,280,4.4473,3.99097,0.158182,0.471429,0.389286,52,37,14,1,1,0,1,75,104,0,0,18,e617ab48,0
494,14,35,2,2,2160000494,0,2,1,1984,1,51,0,26,4408,0,STEADY,662,3.20013,7.01585,0.391968,0.0574018,0.00151057,0,0,3,12,1,8,2,101,62,0,0,18,e617ab48,0
494,14,35,2,2,2160000494,1,2,1,1845,1,67,0,25,4239,0,STEADY,615,3.42961,7.71985,0.346785,0.0357724,0.00325203,0,0,1,13,2,6,3,101,46,0,0,20,e617ab48,0
495,15,36,3,2,2160000495,0,3,1,637,1,29,0,12,1824,0,STEADY,213,3.67747,2.27415,0.362427,0.41784,0.0798122,18,0,6,5,0,1,0,93,89,0,24,50,e617ab48,0
495,15,36,3,2,2160000495,1,3,1,799,1,11,0,15,2262,0,STEADY,267,3.27551,1.69256,0.264363,0.314607,0.0636704,50,6,9,3,0,1,2,93,107,0,9,63,e617ab48,0
496,16,37,4,2,2160000496,0,0,1,1881,1,58,0,25,4581,0,STEADY,627,3.35329,7.01025,0.110871,0.0143541,0.185008,0,0,23,1,0,0,1,150,57,0,0,50,e617ab48,0
496,16,37,4,2,2160000496,1,0,0,2700,3,79,52,37,6893,0,STEADY,900,2.85085,4.93027,0.114307,0.05,0.121111,0,0,32,4,0,0,1,98,36,0,0,29,e617ab48,0
497,17,38,5,2,2160000497,0,1,1,890,1,15,0,8,1454,0,STEADY,297,3.96156,6.46194,0.401936,0.191919,0.0572391,141,0,3,1,1,2,1,104,94,12,0,0,e617ab48,0
497,17,38,5,2,2160000497,1,1,1,1209,1,62,0,11,2785,0,STEADY,403,2.658,7.27509,0.251203,0.153846,0.00496278,0,0,0,3,0,6,2,104,64,24,0,59,e617ab48,0
498,18,39,0,2,2160000498,0,2,1,2552,1,81,0,33,4879,0,STEADY,851,3.36174,2.11138,0.122734,0.0575793,0.431257,0,0,29,4,0,0,0,114,48,0,0,410,e617ab48,0
498,18,39,0,2,2160000498,1,2,1,2044,1,91,0,27,4002,0,STEADY,682,3.36104,4.09548,0.126859,0.0381232,0.329912,0,0,23,3,0,0,1,114,38,0,0,168,e617ab48,0
499,19,0,1,2,2160000499,0,3,0,776,1,0,60,12,2270,0,STEADY,259,4.77226,3.14983,0.271637,0.305019,0.223938,64,16,10,1,0,1,0,45,132,0,9,116,e617ab48,0
499,19,0,1,2,2160000499,1,3,0,1014,1,0,113,19,3367,0,STEADY,338,4.00421,1.99666,0.219456,0.529586,0.136095,83,8,16,1,0,1,1,0,132,0,22,105,e617ab48,0
500,20,1,2,2,2160000500,0,0,0,1990,1,0,17,31,5581,0,STEADY,664,4.75965,4.0536,0.152533,0.525602,0.296687,97,0,28,1,0,2,0,123,102,0,0,262,e617ab48,0
500,20,1,2,2,2160000500,1,0,0,2362,1,0,40,38,7130,0,STEADY,788,4.61308,5.63597,0.173135,0.484772,0.299492,287,56,31,3,0,3,1,96,102,0,22,26,e617ab48,0
501,21,2,3,2,2160000501,0,1,0,990,1,0,43,17,2818,0,STEADY,330,3.66039,7.72597,0.225888,0.148485,0.124242,93,8,12,4,1,0,0,51,124,0,0,17,e617ab48,0
501,21,2,3,2,2160000501,1,1,1,892,1,39,0,17,2510,0,STEADY,298,3.03318,4.3473,0.198148,0.0469799,0.104027,27,13,5,10,1,0,1,94,85,0,0,105,e617ab48,0
502,22,3,4,2,2160000502,0,2,0,1038,1,0,8,16,3533,0,STEADY,346,2.57682,1.88003,0.179621,0.193642,0.236994,105,46,3,3,4,0,6,98,175,0,49,80,e617ab48,0
502,22,3,4,2,2160000502,1,2,1,1732,1,137,0,24,5475,0,STEADY,578,2.99383,4.93939,0.14928,0.121107,0.0795848,0,0,6,6,7,0,5,106,38,0,37,6,e617ab48,0
503,23,4,5,2,2160000503,0,3,1,1381,1,46,0,25,3468,0,STEADY,461,2.17226,2.92875,0.190839,0.0759219,0.032538,129,0,18,6,1,0,0,135,80,21,0,83,e617ab48,0
503,23,4,5,2,2160000503,1,3,0,721,1,0,104,13,2056,0,STEADY,241,3.55177,2.60863,0.372353,0.240664,0.0539419,93,10,5,7,0,0,1,31,110,5,0,197,e617ab48,0
504,24,5,0,2,2160000504,0,0,0,1843,1,0,42,16,3547,0,STEADY,615,2.67476,8.40049,0.157459,0.178862,0.295935,176,46,6,5,1,3,1,99,125,0,30,28,e617ab48,0
504,24,5,0,2,2160000504,1,0,0,2011,1,0,10,22,4488,0,STEADY,671,2.76616,6.21204,0.173806,0.254844,0.259314,57,6,8,7,2,2,3,131,125,0,0,12,e617ab48,0
505,25,6,1,2,2160000505,0,1,0,874,1,0,101,12,2038,0,STEADY,292,3.53019,2.15515,0.187223,0.318493,0.0924658,88,12,6,3,1,0,2,30,104,0,6,173,e617ab48,0
505,25,6,1,2,2160000505,1,1,0,1482,1,0,89,12,2711,0,STEADY,494,4.10517,5.76337,0.145178,0.168016,0.0748988,128,2,0,7,3,0,2,42,104,0,6,75,e617ab48,0
506,26,7,2,2,2160000506,0,2,0,1028,1,0,9,18,2824,0,STEADY,343,2.78546,2.08799,0.196606,0.157434,0.437318,127,38,7,9,1,0,1,91,108,0,0,106,e617ab48,0
506,26,7,2,2,2160000506,1,2,0,692,1,0,78,13,2071,0,STEADY,231,3.04691,2.75023,0.180766,0.17316,0.597403,60,37,4,7,0,0,2,22,108,0,0,84,e617ab48,0
507,27,8,3,2,2160000507,0,3,0,1042,1,0,25,19,3400,0,STEADY,348,4.83283,3.58189,0.207997,0.468391,0.152299,48,7,17,1,1,0,0,91,145,0,0,0,e617ab48,0
507,27,8,3,2,2160000507,1,3,0,816,1,0,92,16,2820,0,STEADY,272,4.58024,2.7466,0.221665,0.658088,0.0882353,59,20,14,1,0,0,1,24,145,0,0,0,e617ab48,0
508,28,9,4,2,2160000508,0,0,1,780,1,111,0,15,2860,0,STEADY,260,4.23224,3.09424,0.231073,0.707692,0.0615385,0,0,3,11,1,0,0,184,0,0,0,0,e617ab48,0
508,28,9,4,2,2160000508,1,0,1,1097,1,79,0,19,3471,0,STEADY,366,3.86136,4.73338,0.16765,0.472678,0.256831,0,0,2,15,0,0,2,217,32,0,0,75,e617ab48,0
509,29,10,5,2,2160000509,0,1,0,1245,1,0,124,21,3615,0,STEADY,415,4.8475,5.69321,0.267236,0.373494,0.219277,17,0,10,4,4,1,2,0,102,0,41,0,e617ab48,0
509,29,10,5,2,2160000509,1,1,0,1650,1,0,83,24,4209,0,STEADY,550,3.93799,7.04612,0.165855,0.272727,0.338182,224,118,12,3,4,1,4,41,102,0,16,0,e617ab48,0
510,30,11,0,2,2160000510,0,2,0,706,1,0,57,18,2340,0,STEADY,236,3.42012,1.87545,0.228513,0.0974576,0.411017,47,21,15,3,0,0,0,84,125,0,0,81,e617ab48,0
510,30,11,0,2,2160000510,1,2,1,1611,1,48,0,32,3849,0,STEADY,537,3.88894,6.30204,0.145318,0.0558659,0.351955,9,0,28,4,0,0,0,165,77,0,0,7,e617ab48,0
511,31,12,1,2,2160000511,0,3,0,568,1,0,77,14,1915,0,STEADY,190,3.16115,2.68498,0.213042,0.589474,0.1,90,11,10,3,0,0,1,34,132,0,0,28,e617ab48,0
511,31,12,1,2,2160000511,1,3,0,538,1,0,77,12,1828,0,STEADY,180,2.96345,2.36644,0.222539,0.377778,0.266667,59,21,6,4,0,0,2,34,132,0,0,0,e617ab48,0
512,32,13,2,2,2160000512,0,0,1,915,1,25,0,15,2926,0,STEADY,305,4.06581,8.7962,0.142728,0.095082,0.0459016,82,0,11,0,1,1,2,104,96,0,0,58,e617ab48,0
512,32,13,2,2,2160000512,1,0,1,1191,1,15,0,18,3467,0,STEADY,397,3.00126,6.9142,0.127071,0.0503778,0.0277078,332,11,15,0,1,1,1,104,106,0,0,43,e617ab48,0
513,33,14,3,2,2160000513,0,1,1,1150,1,4,0,15,2685,0,STEADY,384,2.65548,5.22289,0.195143,0.0963542,0.270833,194,28,5,2,7,0,1,113,148,0,0,19,e617ab48,0
513,33,14,3,2,2160000513,1,1,1,571,1,53,0,13,2120,0,STEADY,191,3.55028,1.57174,0.304764,0.151832,0.356021,15,10,4,3,6,0,0,113,99,0,0,154,e617ab48,0
514,34,15,4,2,2160000514,0,2,1,883,1,38,0,18,2576,0,STEADY,295,3.1954,5.96376,0.197342,0.349153,0.0101695,164,0,12,4,0,0,2,139,102,0,0,0,e617ab48,0
514,34,15,4,2,2160000514,1,2,1,748,1,64,0,15,2241,0,STEADY,250,3.52593,4.60719,0.231072,0.38,0.064,0,0,8,6,0,0,1,118,76,0,0,21,e617ab48,0
515,35,16,5,2,2160000515,0,3,1,1234,1,52,0,26,3480,0,STEADY,412,2.20295,2.5661,0.150427,0.0169903,0.0970874,0,0,4,20,0,1,1,115,49,0,10,64,e617ab48,0
515,35,16,5,2,2160000515,1,3,0,1084,2,85,115,17,2981,0,STEADY,362,7.53641,5.54081,0.187873,0.140884,0.472376,0,0,10,2,1,3,1,0,34,18,0,156,e617ab48,0
516,36,17,0,2,2160000516,0,0,0,734,1,0,51,11,2095,0,STEADY,245,3.70079,2.43122,0.259151,0.163265,0.318367,45,25,2,9,0,0,0,54,93,0,0,176,e617ab48,0
516,36,17,0,2,2160000516,1,0,0,599,1,0,29,9,1805,0,STEADY,200,3.26231,5.57696,0.197955,0.18,0.41,55,35,2,6,1,0,0,77,93,0,0,0,e617ab48,0
517,37,18,1,2,2160000517,0,1,1,1044,1,84,0,17,3104,0,STEADY,348,3.21467,6.43601,0.179417,0.00287356,0.066092,0,0,14,0,1,0,2,129,66,0,0,61,e617ab48,0
517,37,18,1,2,2160000517,1,1,1,1074,1,88,0,18,3339,0,STEADY,358,2.68332,6.734,0.181291,0.0893855,0.0530726,0,0,14,0,2,0,2,129,62,0,0,68,e617ab48,0
518,38,19,2,2,2160000518,0,2,1,907,1,33,0,12,2397,0,STEADY,303,4.99895,2.72161,0.224327,0.422442,0.145215,72,0,7,3,0,1,1,132,71,0,0,214,e617ab48,0
518,38,19,2,2,2160000518,1,2,1,527,1,31,0,11,2034,0,STEADY,176,6.16083,3.07097,0.303438,0.534091,0.1875,83,20,5,4,0,1,1,132,73,0,0,135,e617ab48,0
519,39,20,3,2,2160000519,0,3,1,1177,1,49,0,19,3098,0,STEADY,393,3.4886,2.88775,0.230201,0.173028,0.0458015,0,0,12,2,0,4,1,102,65,0,17,67,e617ab48,0
519,39,20,3,2,2160000519,1,3,1,1186,1,51,0,20,3466,0,STEADY,396,2.95157,2.04025,0.205838,0.265152,0.0429293,0,0,11,2,2,5,0,102,63,0,44,52,e617ab48,0
520,0,28,5,2,2160000520,0,1,1,538,1,91,0,13,1990,0,STEADY,180,4.8907,4.70153,0.416756,0.25,0.00555556,0,0,5,7,0,0,1,111,22,0,0,0,e617ab48,0
520,0,28,5,2,2160000520,1,1,1,817,1,28,0,17,2553,0,STEADY,273,3.71316,5.19145,0.263015,0.157509,0,118,0,9,7,0,1,0,111,85,0,0,0,e617ab48,0
521,1,29,0,2,2160000521,0,2,1,2293,1,58,0,35,5585,0,STEADY,765,2.94443,7.05992,0.193469,0.273203,0.328105,0,0,16,9,0,3,7,102,78,0,50,55,e617ab48,0
521,1,29,0,2,2160000521,1,2,1,1048,1,85,0,20,3055,0,STEADY,350,3.27628,8.43586,0.222094,0.437143,0,0,0,10,8,0,1,1,102,51,0,36,13,e617ab48,0
522,2,30,1,2,2160000522,0,3,0,524,1,0,60,7,1588,0,STEADY,175,5.14042,3.91778,0.315491,0.291429,0,38,0,3,3,0,0,1,65,94,0,0,0,e617ab48,0
522,2,30,1,2,2160000522,1,3,0,563,1,0,92,7,1542,0,STEADY,188,4.34771,3.70407,0.229766,0.25,0,41,0,2,3,0,0,2,33,94,0,0,0,e617ab48,0
523,3,31,2,2,2160000523,0,0,0,760,1,0,83,14,2529,0,STEADY,254,3.05212,2.19076,0.238358,0.200787,0.122047,115,11,11,1,0,1,1,58,106,0,7,85,e617ab48,0
523,3,31,2,2,2160000523,1,0,0,760,1,0,105,12,2300,0,STEADY,254,2.98071,4.69056,0.223673,0.326772,0.0748031,76,8,9,1,1,1,0,27,106,0,9,46,e617ab48,0
524,4,32,3,2,2160000524,0,1,0,1338,1,0,91,23,4076,0,STEADY,446,4.36887,4.23592,0.204794,0.412556,0.0784753,113,23,3,15,1,1,3,30,123,0,0,155,e617ab48,0
524,4,32,3,2,2160000524,1,1,0,1079,1,0,77,21,3576,0,STEADY,360,4.75937,4.39576,0.240908,0.441667,0.0361111,80,0,4,13,1,1,2,44,123,0,0,248,e617ab48,0
525,5,33,4,2,2160000525,0,2,0,1492,1,0,134,17,3084,0,STEADY,498,3.0027,7.68105,0.125819,0.182731,0.0763052,216,5,8,2,1,3,3,18,141,0,6,34,e617ab48,0
525,5,33,4,2,2160000525,1,2,0,1099,1,0,113,8,1847,0,STEADY,367,3.02711,4.33946,0.156706,0.125341,0.0245232,196,9,3,1,1,3,0,39,141,0,50,21,e617ab48,0
526,6,34,5,2,2160000526,0,3,0,961,1,0,52,14,2577,0,STEADY,321,4.31067,4.81472,0.300165,0.00623053,0.292835,51,0,13,0,1,0,0,88,131,0,0,0,e617ab48,0
526,6,34,5,2,2160000526,1,3,0,919,1,0,102,16,2932,0,STEADY,307,3.69798,2.47457,0.221453,0.19544,0.241042,69,3,14,1,1,0,0,38,131,0,0,289,e617ab48,0
527,7,35,0,2,2160000527,0,0,1,1441,1,40,0,19,3308,0,STEADY,481,3.10285,7.16754,0.110721,0.0977131,0.012474,0,0,7,9,1,1,1,101,60,0,0,1,e617ab48,0
527,7,35,0,2,2160000527,1,0,1,2062,1,68,0,24,4173,0,STEADY,688,2.51643,5.59006,0.107858,0.0813953,0.0290698,0,0,10,12,1,1,0,101,32,0,0,39,e617ab48,0
528,8,36,1,2,2160000528,0,1,0,671,1,0,57,12,1898,0,STEADY,224,3.7105,4.06599,0.226692,0.111607,0.102679,83,15,3,1,6,0,2,36,116,0,10,47,e617ab48,0
528,8,36,1,2,2160000528,1,1,0,599,1,0,42,10,1685,0,STEADY,200,3.91231,4.87963,0.25186,0.14,0.105,83,15,4,1,4,0,1,51,116,0,10,11,e617ab48,0
529,9,37,2,2,2160000529,0,2,1,2329,1,142,0,33,5732,0,STEADY,777,3.2696,3.73544,0.124846,0.028314,0.187902,0,0,9,20,1,1,2,150,70,63,0,162,e617ab48,0
529,9,37,2,2,2160000529,1,2,1,2320,1,142,0,33,5900,0,STEADY,774,3.3739,4.43042,0.119133,0.0361757,0.102067,0,0,10,18,1,1,3,150,17,10,0,140,e617ab48,0
530,10,38,3,2,2160000530,0,3,0,1504,1,0,8,25,4323,0,STEADY,502,2.98567,2.28592,0.159129,0.0796813,0.302789,37,20,22,3,0,0,0,96,124,0,0,147,e617ab48,0
530,10,38,3,2,2160000530,1,3,1,578,1,71,0,12,2180,0,STEADY,193,3.87187,3.6567,0.277259,0.103627,0.0880829,0,0,9,2,1,0,0,104,53,0,0,0,e617ab48,0
531,11,39,4,2,2160000531,0,0,1,1849,1,99,0,30,4744,0,STEADY,617,2.69103,5.60242,0.129554,0.115073,0.0680713,0,0,19,4,0,5,2,114,61,43,19,60,e617ab48,0
531,11,39,4,2,2160000531,1,0,1,1639,1,72,0,24,4179,0,STEADY,547,2.53639,7.9206,0.20198,0.122486,0.0658135,0,0,12,4,0,5,3,114,68,23,19,50,e617ab48,0
532,12,0,5,2,2160000532,0,1,0,1063,1,0,71,10,2262,0,STEADY,355,4.28541,6.90319,0.277225,0.166197,0.0957746,116,5,3,2,3,1,1,42,111,0,0,0,e617ab48,0
532,12,0,5,2,2160000532,1,1,0,1180,1,0,44,15,2704,0,STEADY,394,3.32854,5.633,0.181657,0.109137,0.071066,251,16,7,1,4,1,2,69,111,0,0,1,e617ab48,0
533,13,1,0,2,2160000533,0,2,1,764,1,71,0,13,2481,0,STEADY,255,5.06756,3.17377,0.226537,0.356863,0.376471,0,0,10,0,3,0,0,136,33,0,0,151,e617ab48,0
533,13,1,0,2,2160000533,1,2,0,805,1,0,51,15,2690,0,STEADY,269,3.89317,3.85024,0.176952,0.360595,0.360595,51,14,12,1,2,0,0,85,104,0,0,69,e617ab48,0
534,14,2,1,2,2160000534,0,3,1,1341,1,80,0,21,3102,0,STEADY,447,1.75179,2.55318,0.153998,0.0134228,0.0559284,0,0,4,12,1,1,3,94,33,0,14,20,e617ab48,0
534,14,2,1,2,2160000534,1,3,1,864,1,113,0,14,2161,0,STEADY,288,2.1473,2.12194,0.196014,0.0243056,0.0381944,0,0,1,9,1,1,2,94,0,0,0,18,e617ab48,0
535,15,3,2,2,2160000535,0,0,0,1187,1,0,54,13,2446,0,STEADY,396,2.67798,5.75639,0.148384,0.19697,0.121212,42,19,3,8,0,1,1,52,118,0,24,70,e617ab48,0
535,15,3,2,2,2160000535,1,0,0,1100,1,0,57,15,2760,0,STEADY,367,2.8565,6.99975,0.172951,0.231608,0.13079,42,22,3,9,0,1,2,49,118,0,24,38,e617ab48,0
536,16,4,3,2,2160000536,0,1,1,1632,1,25,0,26,4698,0,STEADY,544,3.23751,2.65948,0.133088,0.0772059,0.167279,170,11,22,3,0,0,1,123,90,0,0,336,e617ab48,0
536,16,4,3,2,2160000536,1,1,1,1335,1,29,0,21,3840,0,STEADY,445,2.27926,2.8815,0.154589,0.058427,0.0494382,255,13,18,2,0,0,1,136,86,0,0,86,e617ab48,0
537,17,5,4,2,2160000537,0,2,0,553,1,0,20,12,1842,0,STEADY,185,3.65389,1.70459,0.352411,0.248649,0.113514,35,6,6,2,0,3,1,121,96,12,0,188,e617ab48,0
537,17,5,4,2,2160000537,1,2,0,964,1,0,108,7,1451,0,STEADY,322,2.16274,4.39393,0.142922,0.0838509,0.0714286,140,3,2,1,0,2,2,33,112,6,0,0,e617ab48,0
538,18,6,5,2,2160000538,0,3,0,1964,1,0,89,31,4150,0,STEADY,655,2.78226,2.8836,0.122376,0.160305,0.271756,271,85,30,1,0,0,0,42,129,0,0,0,e617ab48,0
538,18,6,5,2,2160000538,1,3,0,1165,1,0,131,20,2960,0,STEADY,389,4.92811,2.03324,0.20672,0.290488,0.298201,109,59,17,3,0,0,0,0,129,0,0,423,e617ab48,0
539,19,7,0,2,2160000539,0,0,1,864,1,2,0,12,2266,0,STEADY,288,2.87841,3.31548,0.164851,0.21875,0.600694,132,87,10,1,0,1,0,100,130,0,22,97,e617ab48,0
539,19,7,0,2,2160000539,1,0,0,1075,1,0,55,15,2828,0,STEADY,359,2.73487,4.29461,0.146833,0.214485,0.668524,127,78,12,1,0,1,1,45,132,0,22,91,e617ab48,0
540,20,8,1,2,2160000540,0,1,0,623,1,0,28,10,1991,0,STEADY,208,4.51981,2.64376,0.227144,0.331731,0.0913462,29,17,7,1,0,1,1,88,102,0,7,133,e617ab48,0
540,20,8,1,2,2160000540,1,1,0,509,1,0,85,10,1990,0,STEADY,170,5.09683,3.32459,0.234576,0.458824,0.158824,35,15,7,1,1,1,0,31,102,0,6,97,e617ab48,0
541,21,9,2,2,2160000541,0,2,1,1804,1,32,0,26,4349,0,STEADY,602,3.38572,3.94212,0.145571,0.013289,0.167774,6,2,16,7,1,0,2,226,92,0,0,56,e617ab48,0
541,21,9,2,2,2160000541,1,2,0,2104,1,0,62,29,4701,0,STEADY,702,3.2715,5.17519,0.137771,0.00712251,0.169516,67,29,15,12,0,0,2,165,124,0,0,13,e617ab48,0
542,22,10,3,2,2160000542,0,3,0,837,1,0,124,13,3101,0,STEADY,279,3.71421,1.91942,0.224136,0.250896,0.0430108,90,1,1,5,3,0,4,0,175,0,37,26,e617ab48,0
542,22,10,3,2,2160000542,1,3,0,593,1,0,98,8,1960,0,STEADY,198,4.33817,2.31513,0.251995,0.207071,0.0757576,52,4,0,4,1,0,3,26,175,0,0,81,e617ab48,0
543,23,11,4,2,2160000543,0,0,1,472,1,55,0,12,1770,0,STEADY,158,3.31811,5.00113,0.334892,0.158228,0.00632911,0,0,6,5,0,0,1,117,69,19,0,51,e617ab48,0
543,23,11,4,2,2160000543,1,0,1,535,1,55,0,13,1858,0,STEADY,179,2.83747,3.48828,0.307106,0.111732,0.0167598,0,0,8,4,0,0,1,117,69,19,0,58,e617ab48,0
544,24,12,5,2,2160000544,0,1,1,799,1,31,0,17,2642,0,STEADY,267,3.99956,6.57176,0.256172,0.490637,0.116105,83,5,11,3,0,2,1,111,94,0,20,0,e617ab48,0
544,24,12,5,2,2160000544,1,1,0,377,1,0,47,8,1437,0,STEADY,126,4.62146,3.49448,0.389135,0.373016,0.047619,30,0,4,2,1,1,0,64,125,0,0,52,e617ab48,0
545,25,13,0,2,2160000545,0,2,1,590,1,63,0,9,1750,0,STEADY,197,5.06801,6.54307,0.35032,0.253807,0,0,0,0,7,2,0,0,104,41,0,24,45,e617ab48,0
545,25,13,0,2,2160000545,1,2,0,1939,1,0,7,22,4280,0,STEADY,647,3.09137,7.82963,0.301813,0.200927,0.0370943,227,10,3,13,4,0,2,97,104,0,35,43,e617ab48,0
546,26,14,1,2,2160000546,0,3,1,850,1,20,0,19,2680,0,STEADY,284,2.75886,2.31611,0.188363,0.102113,0.450704,42,17,13,4,1,0,1,113,88,0,0,3,e617ab48,0
546,26,14,1,2,2160000546,1,3,0,792,1,0,34,17,2490,0,STEADY,264,2.77376,2.58295,0.201655,0.109848,0.42803,68,38,10,5,1,0,1,79,108,0,0,26,e617ab48,0
547,27,15,2,2,2160000547,0,0,0,1813,1,0,30,31,5484,0,STEADY,605,3.21653,2.22618,0.152711,0.466116,0.352066,97,35,28,3,0,0,0,88,145,0,0,274,e617ab48,0
547,27,15,2,2,2160000547,1,0,1,1057,1,65,0,19,3403,0,STEADY,353,3.18157,2.3347,0.171059,0.388102,0.294618,0,0,16,2,0,0,1,130,80,0,0,295,e617ab48,0
548,28,16,3,2,2160000548,0,1,0,500,1,0,52,10,1976,0,STEADY,167,5.29495,2.18134,0.418766,0.51497,0.101796,46,1,2,6,1,0,1,63,111,0,0,109,e617ab48,0
548,28,16,3,2,2160000548,1,1,0,814,1,0,7,15,2762,0,STEADY,272,4.73418,3.97787,0.246011,0.444853,0.113971,110,15,2,11,0,0,2,108,111,0,0,0,e617ab48,0
549,29,17,4,2,2160000549,0,2,0,290,1,0,76,8,1440,0,STEADY,97,3.93632,3.63887,0.388454,0.371134,0.350515,13,9,3,1,2,0,2,40,102,0,0,9,e617ab48,0
549,29,17,4,2,2160000549,1,2,0,287,1,0,88,8,1440,0,STEADY,96,4.09755,3.56316,0.392833,0.364583,0.354167,13,9,3,1,2,0,2,28,102,0,0,26,e617ab48,0
550,30,18,5,2,2160000550,0,3,1,1965,1,39,0,45,4643,0,STEADY,655,1.90416,2.49358,0.134708,0.0274809,0.129771,476,75,42,2,0,0,1,129,86,0,0,87,e617ab48,0
550,30,18,5,2,2160000550,1,3,1,2514,1,73,0,56,5636,0,STEADY,838,1.66543,2.66404,0.117047,0.022673,0.121718,0,0,53,2,0,0,1,129,52,0,0,100,e617ab48,0
551,31,19,0,2,2160000551,0,0,1,2308,1,55,0,27,4915,0,STEADY,770,3.06107,6.12235,0.155223,0.190909,0.0571429,0,0,8,13,0,1,5,132,77,0,0,25,e617ab48,0
551,31,19,0,2,2160000551,1,0,1,1501,1,55,0,28,3964,0,STEADY,501,2.6526,1.79828,0.154006,0.265469,0.225549,0,0,18,9,0,0,1,132,77,0,0,122,e617ab48,0
552,32,20,1,2,2160000552,0,1,1,606,1,45,0,13,2460,0,STEADY,202,4.03461,5.402,0.188025,0.0643564,0.217822,1,1,9,0,1,1,2,98,76,0,0,55,e617ab48,0
552,32,20,1,2,2160000552,1,1,1,937,1,78,0,18,3280,0,STEADY,313,2.55354,2.34342,0.142422,0.0511182,0.0926518,0,0,15,0,1,1,1,102,43,0,0,70,e617ab48,0
553,33,21,2,2,2160000553,0,2,1,1041,1,137,0,14,2691,0,STEADY,347,3.87684,5.85094,0.177565,0.0806916,0,0,0,9,3,2,0,0,124,15,0,0,9,e617ab48,0
553,33,21,2,2,2160000553,1,2,1,1786,1,89,0,22,4066,0,STEADY,596,3.52929,5.79654,0.138861,0.0318792,0.0033557,0,0,15,2,4,0,1,124,63,0,0,47,e617ab48,0
554,34,22,3,2,2160000554,0,3,0,718,1,0,75,15,2316,0,STEADY,240,5.39704,3.23738,0.343696,0.529167,0.108333,78,0,7,6,0,1,1,100,140,0,0,0,e617ab48,0
554,34,22,3,2,2160000554,1,3,0.5,886,1,0,0,18,2668,0,STEADY,296,3.63049,2.49364,0.269699,0.527027,0.0304054,75,0,11,5,0,1,1,175,140,0,0,159,e617ab48,0
555,35,23,4,2,2160000555,0,0,0,1081,1,0,91,22,3220,0,STEADY,361,2.76732,3.79567,0.130917,0.0498615,0.146814,199,33,8,12,1,1,0,31,101,0,10,113,e617ab48,0
555,35,23,4,2,2160000555,1,0,0,925,1,0,88,19,2748,0,STEADY,309,2.63493,3.21837,0.137961,0.012945,0.0744337,80,4,6,11,0,1,1,30,101,0,10,50,e617ab48,0
556,36,24,5,2,2160000556,0,1,1,803,2,76,113,16,2860,0,STEADY,268,5.51226,1.52034,0.199791,0.522388,0.182836,0,0,2,14,0,0,0,12,17,0,0,600,e617ab48,0
556,36,24,5,2,2160000556,1,1,1,2145,1,25,0,31,5599,0,STEADY,715,2.45025,3.18796,0.125639,0.227972,0.104895,55,6,2,29,0,0,0,125,68,0,0,352,e617ab48,0
557,37,25,0,2,2160000557,0,2,1,598,1,57,0,12,2182,0,STEADY,200,2.86605,3.631,0.253345,0.07,0.225,20,0,10,0,1,1,0,104,93,0,0,106,e617ab48,0
557,37,25,0,2,2160000557,1,2,1,1125,1,103,0,20,3570,0,STEADY,375,3.27775,2.91944,0.156077,0.072,0.336,0,0,17,0,2,0,1,104,47,0,0,178,e617ab48,0
558,38,26,1,2,2160000558,0,3,1,761,1,36,0,14,2536,0,STEADY,254,4.0069,2.91348,0.215575,0.547244,0.177165,34,0,7,4,0,0,3,108,68,0,0,0,e617ab48,0
558,38,26,1,2,2160000558,1,3,0,638,1,0,85,14,2440,0,STEADY,213,4.14164,2.97449,0.289183,0.638498,0.140845,77,14,6,6,0,0,2,23,104,0,0,1,e617ab48,0
559,39,27,2,2,2160000559,0,0,1,1243,1,77,0,24,3395,0,STEADY,415,2.38811,1.51573,0.142643,0.125301,0.214458,0,0,19,1,0,2,2,145,37,0,6,194,e617ab48,0
559,39,27,2,2,2160000559,1,0,1,1369,1,63,0,27,3831,0,STEADY,457,2.47622,1.58229,0.133825,0.100656,0.16849,0,0,21,2,0,2,2,145,51,0,34,101,e617ab48,0
560,0,35,4,2,2160000560,0,2,1,1213,1,49,0,23,3168,0,STEADY,405,2.62811,1.66766,0.122506,0.0839506,0.091358,0,0,17,4,0,0,2,101,64,0,0,160,e617ab48,0
560,0,35,4,2,2160000560,1,2,1,2170,1,53,0,31,5004,0,STEADY,724,3.63521,6.12413,0.139485,0.132597,0.0814917,0,0,14,16,0,0,1,101,60,0,0,52,e617ab48,0
561,1,36,5,2,2160000561,0,3,0,1127,1,0,82,7,1552,0,STEADY,376,4.37856,3.85042,0.30792,0.12234,0.257979,60,13,0,4,0,2,1,11,136,0,12,5,e617ab48,0
561,1,36,5,2,2160000561,1,3,0,905,2,136,93,1,200,0,STEADY,302,13.4066,11.3246,0.983993,0.410596,0.529801,0,0,0,0,0,1,0,0,0,0,0,0,e617ab48,0
562,2,37,0,2,2160000562,0,0,1,926,1,24,0,16,2962,0,STEADY,309,4.39933,3.25857,0.170162,0.368932,0.391586,19,0,2,12,0,0,2,150,70,0,0,252,e617ab48,0
562,2,37,0,2,2160000562,1,0,0,1321,1,0,81,23,4139,0,STEADY,441,4.90986,2.95757,0.14405,0.471655,0.287982,51,26,2,19,0,0,2,69,94,0,0,544,e617ab48,0
563,3,38,1,2,2160000563,0,1,0,1764,1,0,68,21,4065,0,STEADY,588,2.32241,5.48268,0.126515,0.190476,0.0255102,397,15,19,0,0,1,1,36,106,0,0,0,e617ab48,0
563,3,38,1,2,2160000563,1,1,0,404,1,0,82,8,1511,0,STEADY,135,4.32785,3.83162,0.357407,0.162963,0.0962963,28,0,5,1,0,1,1,22,106,0,15,48,e617ab48,0
564,4,39,2,2,2160000564,0,2,1,690,1,90,0,15,2380,0,STEADY,230,3.8479,2.04511,0.303035,0.378261,0.286957,0,0,4,10,0,0,1,114,33,0,0,73,e617ab48,0
564,4,39,2,2,2160000564,1,2,1,1260,1,100,0,22,3983,0,STEADY,420,3.83174,3.13895,0.334174,0.464286,0.130952,0,0,1,18,2,1,0,114,36,13,0,63,e617ab48,0
565,5,0,3,2,2160000565,0,3,0,844,1,0,109,6,1369,0,STEADY,282,4.02819,2.84862,0.331631,0.202128,0.12766,72,0,1,2,0,2,1,0,141,0,27,0,e617ab48,0
565,5,0,3,2,2160000565,1,3,0,829,1,0,113,4,1083,0,STEADY,277,3.41417,2.56101,0.197224,0.0397112,0.0397112,96,1,0,1,0,2,1,0,141,0,19,51,e617ab48,0
566,6,1,4,2,2160000566,0,0,0,1672,1,0,96,26,4660,0,STEADY,558,2.55501,7.27143,0.133737,0.016129,0.22043,147,1,24,1,1,0,0,44,131,0,0,11,e617ab48,0
566,6,1,4,2,2160000566,1,0,1,1786,1,5,0,29,5130,0,STEADY,596,1.6268,1.76734,0.108352,0.0134228,0.0587248,310,6,26,1,1,0,1,136,126,0,0,139,e617ab48,0
567,7,2,5,2,2160000567,0,1,1,1180,1,58,0,13,2518,0,STEADY,394,1.90635,8.59234,0.151317,0.0939086,0,0,0,6,5,1,1,0,94,42,0,0,0,e617ab48,0
567,7,2,5,2,2160000567,1,1,1,1354,1,48,0,15,2661,0,STEADY,452,2.20373,6.70554,0.149199,0.0619469,0,0,0,9,5,0,1,0,94,52,0,0,11,e617ab48,0
568,8,3,0,2,2160000568,0,2,1,811,1,15,0,15,2289,0,STEADY,271,2.936,2.08931,0.205074,0.114391,0.177122,43,8,5,1,8,0,1,106,101,0,0,133,e617ab48,0
568,8,3,0,2,2160000568,1,2,1,583,1,88,0,11,1835,0,STEADY,195,3.3172,3.17687,0.261205,0.112821,0.14359,0,0,1,2,6,1,1,103,28,0,20,84,e617ab48,0
569,9,4,1,2,2160000569,0,3,0,1200,1,0,13,13,2550,0,STEADY,400,2.48648,2.8982,0.148807,0.02,0.1525,77,5,3,7,1,0,2,110,225,76,0,11,e617ab48,0
569,9,4,1,2,2160000569,1,3,1,1207,1,48,0,20,3034,0,STEADY,403,2.51389,2.01572,0.135419,0.0223325,0.225806,33,7,2,15,0,1,2,136,175,74,0,12,e617ab48,0
570,10,5,2,2,2160000570,0,0,0,1402,1,0,33,23,4098,0,STEADY,468,2.7667,2.28032,0.126889,0.042735,0.282051,49,2,20,2,1,0,0,108,124,0,0,177,e617ab48,0
570,10,5,2,2,2160000570,1,0,1,1432,1,57,0,22,3938,0,STEADY,478,3.04843,2.5278,0.128324,0.0460251,0.464435,0,0,19,2,1,0,0,141,67,0,0,247,e617ab48,0
571,11,6,3,2,2160000571,0,1,0,1988,1,0,45,25,4372,0,STEADY,663,3.43587,4.43443,0.133329,0.12368,0.0558069,136,25,16,4,1,3,1,86,141,24,10,92,e617ab48,0
571,11,6,3,2,2160000571,1,1,0,996,1,0,114,18,2999,0,STEADY,332,3.76352,2.6118,0.189807,0.322289,0.0361446,128,8,11,4,0,1,2,17,117,0,4,140,e617ab48,0
572,12,7,4,2,2160000572,0,2,0,574,1,0,37,13,1962,0,STEADY,192,2.77435,1.92883,0.24063,0.229167,0.411458,35,20,9,1,1,0,2,63,111,0,0,164,e617ab48,0
572,12,7,4,2,2160000572,1,2,0,274,1,0,100,6,1194,0,STEADY,92,3.29152,2.13371,0.354293,0.173913,0.152174,37,0,2,1,1,1,1,0,111,0,0,0,e617ab48,0
573,13,8,5,2,2160000573,0,3,0,946,1,0,99,18,3253,0,STEADY,316,5.0286,4.05759,0.124434,0.405063,0.158228,42,0,15,1,1,1,0,17,104,0,0,51,e617ab48,0
573,13,8,5,2,2160000573,1,3,0,538,1,0,82,11,2060,0,STEADY,180,6.38584,5.07027,0.171411,0.361111,0.194444,29,0,8,1,1,1,0,34,104,0,0,0,e617ab48,0
574,14,9,0,2,2160000574,0,0,0,673,1,0,30,14,2258,0,STEADY,225,2.35031,9.11729,0.407089,0.186667,0.115556,32,6,2,6,2,1,3,134,113,0,17,28,e617ab48,0
574,14,9,0,2,2160000574,1,0,0,1432,1,0,81,21,3125,0,STEADY,478,2.28851,9.37871,0.544103,0.0627615,0.0439331,329,6,1,16,2,1,1,148,113,0,17,42,e617ab48,0
575,15,10,1,2,2160000575,0,1,0,663,1,0,100,12,2082,0,STEADY,221,4.32622,2.50687,0.275643,0.298643,0.230769,16,0,2,6,0,1,3,24,118,0,9,118,e617ab48,0
575,15,10,1,2,2160000575,1,1,0,567,1,0,112,13,1873,0,STEADY,189,3.74173,2.13592,0.236079,0.460317,0.0899471,23,1,8,3,0,1,1,12,118,0,9,123,e617ab48,0
576,16,11,2,2,2160000576,0,2,1,651,1,26,0,13,2420,0,STEADY,217,3.10885,1.90526,0.229848,0.129032,0.235023,91,8,10,3,0,0,0,141,89,0,0,163,e617ab48,0
576,16,11,2,2,2160000576,1,2,1,538,1,62,0,11,2240,0,STEADY,180,2.99461,1.8917,0.221883,0.155556,0.0444444,0,0,8,2,0,1,0,129,53,0,0,97,e617ab48,0
577,17,12,3,2,2160000577,0,3,0,379,1,0,28,7,1331,0,STEADY,127,4.55818,4.05455,0.570189,0.228346,0.19685,17,12,2,2,0,2,1,83,106,6,0,0,e617ab48,0
577,17,12,3,2,2160000577,1,3,1,568,1,20,0,9,1574,0,STEADY,190,3.15971,2.81244,0.335079,0.115789,0.0736842,45,11,4,1,0,2,2,111,78,0,0,0,e617ab48,0
578,18,13,4,2,2160000578,0,0,0,644,1,0,66,14,2372,0,STEADY,215,4.38949,2.46008,0.348698,0.260465,0.213953,43,32,9,4,0,0,1,38,129,0,0,228,e617ab48,0
578,18,13,4,2,2160000578,1,0,0,1283,1,0,38,22,3360,0,STEADY,428,4.01977,3.50299,0.184189,0.205607,0.203271,108,12,17,3,0,0,2,66,129,0,0,108,e617ab48,0
579,19,14,5,2,2160000579,0,1,0,633,1,0,98,13,2340,0,STEADY,211,5.28219,5.04208,0.278374,0.554502,0.298578,40,0,10,1,0,2,0,15,132,0,22,0,e617ab48,0
579,19,14,5,2,2160000579,1,1,0,885,2,132,113,8,1633,0,STEADY,295,11.2964,9.03745,0.689946,0.345763,0.555932,0,0,4,2,0,2,0,0,0,0,0,0,e617ab48,0
580,20,15,0,2,2160000580,0,2,0,1822,1,0,37,30,5424,0,STEADY,608,4.69428,3.67863,0.132304,0.5,0.241776,77,10,27,1,0,1,1,107,102,0,4,272,e617ab48,0
580,20,15,0,2,2160000580,1,2,0,1771,1,0,43,28,5082,0,STEADY,591,3.94157,3.73339,0.129528,0.468697,0.291032,40,10,26,1,0,1,0,87,102,0,0,159,e617ab48,0
581,21,16,1,2,2160000581,0,3,1,814,1,90,0,17,2392,0,STEADY,272,2.64776,2.43629,0.222452,0.0183824,0.172794,0,0,3,12,1,0,1,115,34,0,0,13,e617ab48,0
581,21,16,1,2,2160000581,1,3,1,535,1,34,0,11,1693,0,STEADY,179,3.65279,2.32053,0.337022,0.00558659,0.150838,30,2,4,6,1,0,0,115,90,0,0,49,e617ab48,0
582,22,17,2,2,2160000582,0,0,0,634,1,0,80,6,1624,0,STEADY,212,3.10926,3.25638,0.213236,0.0943396,0.283019,63,5,0,3,2,0,1,26,175,0,24,33,e617ab48,0
582,22,17,2,2,2160000582,1,0,0,772,1,0,6,9,2231,0,STEADY,258,2.57914,4.33223,0.214004,0.0697674,0.193798,126,6,3,2,3,0,1,72,175,0,78,14,e617ab48,0
583,23,18,3,2,2160000583,0,1,1,1426,1,72,0,24,3424,0,STEADY,476,2.22756,2.16288,0.161225,0.0777311,0.039916,0,0,17,5,1,1,0,129,54,21,0,68,e617ab48,0
583,23,18,3,2,2160000583,1,1,0,467,1,0,79,8,1448,0,STEADY,156,3.61571,4.46555,0.383391,0.147436,0.0448718,46,4,2,4,1,0,1,50,113,8,0,35,e617ab48,0
584,24,19,4,2,2160000584,0,2,0,1441,1,0,115,18,3650,0,STEADY,481,3.40235,6.42379,0.179534,0.232848,0.031185,322,8,6,8,1,1,2,17,125,0,7,59,e617ab48,0
584,24,19,4,2,2160000584,1,2,1,2311,1,43,0,30,5940,0,STEADY,771,3.06698,5.61585,0.140652,0.264591,0.130999,172,25,10,11,1,4,4,132,82,0,23,82,e617ab48,0
585,25,20,5,2,2160000585,0,3,1,923,1,38,0,16,2438,0,STEADY,308,3.63655,3.54761,0.252961,0.337662,0.0714286,12,4,10,3,2,0,1,94,66,0,16,51,e617ab48,0
585,25,20,5,2,2160000585,1,3,0,1054,1,0,30,13,2239,0,STEADY,352,3.40278,3.57891,0.243614,0.201705,0.127841,163,35,7,4,2,0,0,64,104,0,22,29,e617ab48,0
586,26,21,0,2,2160000586,0,0,1,1186,1,33,0,15,2701,0,STEADY,396,3.21243,4.17593,0.131242,0.0606061,0.0757576,6,0,6,6,1,0,2,124,75,0,0,71,e617ab48,0
586,26,21,0,2,2160000586,1,0,0,1891,1,0,18,22,4127,0,STEADY,631,3.10865,5.44089,0.133306,0.0760697,0.10935,36,14,6,10,1,0,5,106,108,0,0,17,e617ab48,0
587,27,22,1,2,2160000587,0,1,0,1726,1,0,36,28,4910,0,STEADY,576,3.51274,2.96537,0.149708,0.302083,0.550347,115,62,25,1,0,0,2,139,145,0,0,152,e617ab48,0
587,27,22,1,2,2160000587,1,1,1,1421,1,41,0,24,4235,0,STEADY,474,3.24918,4.36817,0.161483,0.350211,0.49789,58,32,21,1,0,1,1,175,104,0,0,69,e617ab48,0
588,28,23,2,2,2160000588,0,2,1,577,1,66,0,11,2084,0,STEADY,193,3.93809,2.89891,0.232943,0.388601,0.419689,0,0,2,7,0,0,2,112,45,0,0,82,e617ab48,0
588,28,23,2,2,2160000588,1,2,1,902,1,63,0,16,2920,0,STEADY,301,3.72837,2.71504,0.18201,0.495017,0.38206,0,0,2,12,0,0,2,113,48,0,0,138,e617ab48,0
589,29,24,3,2,2160000589,0,3,0,1258,1,0,26,25,3720,0,STEADY,420,3.54267,2.23549,0.186876,0.492857,0.119048,34,5,18,1,4,0,2,99,102,0,17,304,e617ab48,0
589,29,24,3,2,2160000589,1,3,0,682,1,0,50,14,2304,0,STEADY,228,4.04006,1.56251,0.309061,0.460526,0.0263158,34,0,8,2,3,0,1,75,102,0,17,206,e617ab48,0
590,30,25,4,2,2160000590,0,0,1,591,1,87,0,16,2110,0,STEADY,197,2.68066,3.67972,0.249269,0.162437,0.0253807,0,0,12,2,0,1,1,104,38,0,0,79,e617ab48,0
590,30,25,4,2,2160000590,1,0,1,532,1,76,0,14,1980,0,STEADY,178,3.47173,2.42824,0.293978,0.151685,0.11236,0,0,11,3,0,0,0,104,49,0,0,108,e617ab48,0
591,31,26,5,2,2160000591,0,1,0,1342,1,0,70,27,3667,0,STEADY,448,4.42779,2.73081,0.170413,0.555804,0.107143,162,5,20,5,0,0,2,38,132,0,0,398,e617ab48,0
591,31,26,5,2,2160000591,1,1,0,1188,1,0,83,22,3207,0,STEADY,396,4.20421,3.68594,0.17826,0.449495,0.0378788,162,10,15,5,1,0,1,25,141,9,0,23,e617ab48,0
592,32,27,0,2,2160000592,0,2,1,1852,1,84,0,29,5275,0,STEADY,618,4.40157,6.13432,0.126506,0.0372168,0.192557,0,0,26,0,1,1,1,145,37,0,0,63,e617ab48,0
592,32,27,0,2,2160000592,1,2,0,1648,1,0,71,27,4909,0,STEADY,550,3.75182,8.14325,0.117822,0.0672727,0.316364,203,109,23,0,1,1,2,74,121,0,0,17,e617ab48,0
593,33,28,1,2,2160000593,0,3,1,757,1,21,0,12,1975,0,STEADY,253,2.29906,2.58699,0.226545,0.0316206,0.114625,73,0,4,1,6,0,1,107,131,0,0,54,e617ab48,0
593,33,28,1,2,2160000593,1,3,1,802,1,35,0,14,2255,0,STEADY,268,2.58637,2.56627,0.218153,0.0671642,0.16791,93,12,4,2,7,0,1,95,117,0,0,75,e617ab48,0
594,34,29,2,2,2160000594,0,0,1,1111,1,69,0,19,3030,0,STEADY,371,3.37868,2.63698,0.181534,0.363881,0.142857,0,0,9,8,0,1,1,102,71,0,0,136,e617ab48,0
594,34,29,2,2,2160000594,1,0,1,2002,1,97,0,35,4933,0,STEADY,668,2.95369,3.59956,0.119401,0.378743,0.128743,0,0,26,7,0,1,1,102,43,0,0,100,e617ab48,0
595,35,30,3,2,2160000595,0,1,0,1448,1,0,81,20,3419,0,STEADY,483,3.31812,4.00994,0.15011,0.0434783,0.111801,322,52,12,6,0,1,1,44,110,9,0,79,e617ab48,0
595,35,30,3,2,2160000595,1,1,1,2065,1,23,0,35,5074,0,STEADY,689,2.45065,2.26614,0.0941843,0.030479,0.0667634,136,19,11,22,0,1,1,125,78,0,0,90,e617ab48,0
596,36,31,4,2,2160000596,0,2,0,484,1,0,42,10,1840,0,STEADY,162,3.47706,1.34677,0.262815,0.438272,0.0617284,48,7,2,8,0,0,0,99,93,0,0,166,e617ab48,0
596,36,31,4,2,2160000596,1,2,0,529,1,0,75,10,1852,0,STEADY,177,3.28659,1.75332,0.277299,0.293785,0.0508475,91,8,2,8,0,0,0,66,93,0,0,148,e617ab48,0
597,37,32,5,2,2160000597,0,3,1,1540,1,60,0,26,4670,0,STEADY,514,3.09636,2.90894,0.1647,0.120623,0.108949,0,0,23,1,2,0,0,121,90,0,0,28,e617ab48,0
597,37,32,5,2,2160000597,1,3,0,2323,1,0,70,39,6772,0,STEADY,775,2.04449,3.01683,0.11896,0.0451613,0.113548,381,38,36,0,1,0,2,51,150,0,0,24,e617ab48,0
598,38,33,0,2,2160000598,0,0,1,668,1,38,0,12,2292,0,STEADY,223,3.79488,2.9024,0.195453,0.497758,0.309417,55,15,5,4,0,1,2,152,66,0,0,177,e617ab48,0
598,38,33,0,2,2160000598,1,0,0,382,1,0,83,9,1600,0,STEADY,128,4.64348,9.06525,0.344859,0.523438,0.40625,58,33,3,4,0,0,2,69,104,0,0,0,e617ab48,0
599,39,34,1,2,2160000599,0,1,0,934,1,0,36,16,2808,0,STEADY,312,3.21067,1.99243,0.206321,0.205128,0.487179,51,37,8,1,1,5,1,104,114,0,25,94,e617ab48,0
599,39,34,1,2,2160000599,1,1,0,982,1,0,36,15,3160,0,STEADY,328,3.43206,2.62962,0.256384,0.271341,0.47561,232,141,3,1,3,7,1,104,114,0,33,122,e617ab48,0
600,0,2,3,2,2160000600,0,3,1,823,1,87,0,17,2457,0,STEADY,275,3.16969,2.86905,0.249444,0.112727,0.112727,0,0,10,6,0,0,1,94,26,0,0,70,e617ab48,0
600,0,2,3,2,2160000600,1,3,1,997,1,18,0,19,2746,0,STEADY,333,2.89808,2.2335,0.200541,0.0990991,0.126126,96,5,12,5,0,0,2,94,95,0,0,74,e617ab48,0
601,1,3,4,2,2160000601,0,0,0,1271,1,0,88,20,3103,0,STEADY,424,2.90967,6.11719,0.134498,0.341981,0.0448113,92,0,12,4,0,1,3,18,136,0,42,0,e617ab48,0
601,1,3,4,2,2160000601,1,0,0,1187,1,0,23,20,3091,0,STEADY,396,2.82028,6.21678,0.142639,0.277778,0.00252525,144,0,11,6,0,1,2,83,136,0,11,55,e617ab48,0
602,2,4,5,2,2160000602,0,1,0,840,1,0,41,16,3010,0,STEADY,280,5.26586,5.1682,0.154693,0.521429,0.132143,58,5,2,12,1,0,1,82,94,0,0,0,e617ab48,0
602,2,4,5,2,2160000602,1,1,1,1049,1,8,0,18,3389,0,STEADY,350,5.71778,5.86561,0.211509,0.594286,0.102857,150,8,4,14,0,0,0,123,86,0,0,0,e617ab48,0
603,3,5,0,2,2160000603,0,2,0,2260,1,0,35,27,5049,0,STEADY,754,2.752,6.68914,0.121321,0.187003,0.213528,116,28,25,1,0,1,0,106,106,0,15,79,e617ab48,0
603,3,5,0,2,2160000603,1,2,0,859,1,0,123,11,2218,0,STEADY,287,2.78045,5.73988,0.180314,0.195122,0.0209059,49,2,9,1,0,1,0,18,106,0,15,57,e617ab48,0
604,4,6,1,2,2160000604,0,3,0,685,1,0,85,15,2412,0,STEADY,229,3.34245,2.04618,0.229712,0.480349,0.174672,114,34,5,7,0,1,2,46,136,13,0,0,e617ab48,0
604,4,6,1,2,2160000604,1,3,0,856,1,0,118,16,2494,0,STEADY,286,3.37958,2.65356,0.216605,0.363636,0.0839161,117,8,8,5,0,1,2,13,136,13,0,10,e617ab48,0
605,5,7,2,2,2160000605,0,0,0,787,1,0,100,16,2338,0,STEADY,263,2.71065,4.30325,0.172947,0.326996,0.471483,93,39,12,1,1,1,1,0,141,0,24,0,e617ab48,0
605,5,7,2,2,2160000605,1,0,0,1113,1,0,69,9,2085,0,STEADY,371,2.69746,3.76862,0.158011,0.150943,0.477089,113,76,3,2,1,2,1,31,141,0,33,6,e617ab48,0
606,6,8,3,2,2160000606,0,1,1,1675,1,40,0,18,3610,0,STEADY,559,2.59825,8.93217,0.154683,0.00357782,0.0608229,165,4,16,0,1,0,1,116,91,0,0,0,e617ab48,0
606,6,8,3,2,2160000606,1,1,0,724,1,0,12,14,2550,0,STEADY,242,2.91582,2.76532,0.209215,0.053719,0.128099,58,0,12,1,1,0,0,104,131,0,0,92,e617ab48,0
607,7,9,4,2,2160000607,0,2,0,1645,1,0,137,26,4144,0,STEADY,549,2.36007,7.54861,0.0942259,0.116576,0.0182149,305,4,13,11,0,1,1,110,100,0,0,27,e617ab48,0
607,7,9,4,2,2160000607,1,2,0,745,1,0,137,10,1832,0,STEADY,249,2.12977,1.8511,0.192265,0.0763052,0.0522088,41,0,4,4,0,1,1,50,100,0,0,75,e617ab48,0
608,8,10,5,2,2160000608,0,3,0,1127,1,0,115,20,3310,0,STEADY,376,5.65524,3.77374,0.319729,0.329787,0.273936,167,52,12,1,5,1,1,9,116,0,0,108,e617ab48,0
608,8,10,5,2,2160000608,1,3,0,564,1,0,58,12,1871,0,STEADY,188,3.97557,3.21078,0.30967,0.361702,0.148936,47,22,2,2,7,1,0,66,116,0,18,0,e617ab48,0
609,9,11,0,2,2160000609,0,0,1,439,1,86,0,9,1727,0,STEADY,147,3.09456,4.61887,0.312367,0.0816327,0.217687,0,0,3,4,1,1,0,120,87,24,0,76,e617ab48,0
609,9,11,0,2,2160000609,1,0,1,1267,1,64,0,14,2770,0,STEADY,423,2.53274,3.896,0.140719,0.0401891,0.0827423,113,1,3,8,1,1,1,132,165,80,0,65,e617ab48,0
610,10,12,1,2,2160000610,0,1,1,606,1,25,0,13,2357,0,STEADY,202,2.57701,2.47692,0.1885,0.0940594,0.0891089,67,7,10,2,1,0,0,111,99,0,0,98,e617ab48,0
610,10,12,1,2,2160000610,1,1,0,364,1,0,9,9,1620,0,STEADY,122,3.49946,2.90993,0.354279,0.196721,0.0983607,27,4,6,2,0,1,0,102,124,0,0,54,e617ab48,0
611,11,13,2,2,2160000611,0,2,1,2188,1,60,0,29,5206,0,STEADY,730,2.66245,5.77447,0.121533,0.0767123,0.0589041,0,0,14,4,0,5,6,104,117,60,20,59,e617ab48,0
611,11,13,2,2,2160000611,1,2,1,2578,1,72,0,37,6700,0,STEADY,860,3.59192,6.18089,0.14744,0.155814,0.0546512,0,0,18,11,0,6,2,104,117,72,30,60,e617ab48,0
612,12,14,3,2,2160000612,0,3,0,463,1,0,8,10,1830,0,STEADY,155,3.51477,2.69632,0.404426,0.309677,0.109677,31,10,4,1,2,2,1,105,111,0,0,57,e617ab48,0
612,12,14,3,2,2160000612,1,3,0,531,1,0,17,11,1813,0,STEADY,177,3.42733,2.89082,0.273983,0.186441,0.282486,30,11,7,1,1,1,1,96,111,0,0,39,e617ab48,0
613,13,15,4,2,2160000613,0,0,1,818,1,44,0,15,2810,0,STEADY,273,3.23911,5.67399,0.152542,0.311355,0.003663,0,0,12,0,1,1,1,142,60,0,0,0,e617ab48,0
613,13,15,4,2,2160000613,1,0,1,787,1,56,0,13,2574,0,STEADY,263,3.09925,3.81199,0.174684,0.319392,0.0152091,0,0,9,0,2,1,1,118,48,0,0,1,e617ab48,0
614,14,16,5,2,2160000614,0,1,1,766,1,96,0,14,2295,0,STEADY,256,3.15286,8.1512,0.347836,0.140625,0.0429688,0,0,2,6,2,2,2,115,17,0,29,54,e617ab48,0
614,14,16,5,2,2160000614,1,1,1,1062,1,69,0,19,3121,0,STEADY,354,2.94437,8.98315,0.288675,0.112994,0.059322,0,0,1,9,2,3,4,115,44,0,15,0,e617ab48,0
615,15,17,0,2,2160000615,0,2,0,391,1,0,50,9,1420,0,STEADY,131,3.53751,1.82109,0.310496,0.290076,0.335878,24,2,4,3,0,1,1,60,118,0,24,71,e617ab48,0
615,15,17,0,2,2160000615,1,2,0,373,1,0,88,7,1262,0,STEADY,125,3.67135,2.94903,0.362048,0.256,0.056,24,0,2,3,0,1,1,16,118,0,0,56,e617ab48,0
616,16,18,1,2,2160000616,0,3,1,876,1,15,0,15,2772,0,STEADY,292,2.1857,2.04936,0.161373,0.0616438,0.0205479,170,2,12,2,0,0,1,129,100,0,0,21,e617ab48,0
616,16,18,1,2,2160000616,1,3,1,942,1,15,0,17,3092,0,STEADY,314,2.61661,2.14291,0.169656,0.0573248,0.111465,212,19,14,2,0,0,1,129,100,0,0,30,e617ab48,0
617,17,19,2,2,2160000617,0,0,1,2267,1,82,0,21,4518,0,STEADY,756,2.66977,5.51,0.196054,0.153439,0.0330688,0,0,5,4,0,11,1,132,60,66,0,40,e617ab48,0
617,17,19,2,2,2160000617,1,0,1,1469,1,65,0,14,3199,0,STEADY,490,2.57943,7.32891,0.222031,0.134694,0.0306122,71,1,2,4,0,6,2,132,59,36,0,0,e617ab48,0
618,18,20,3,2,2160000618,0,1,0,1141,1,0,30,21,3090,0,STEADY,381,4.75708,2.24155,0.175982,0.188976,0.459318,141,60,18,3,0,0,0,68,129,0,0,215,e617ab48,0
618,18,20,3,2,2160000618,1,1,0,424,1,0,102,11,1790,0,STEADY,142,6.27794,1.71511,0.450662,0.302817,0.211268,43,29,8,3,0,0,0,0,129,0,0,294,e617ab48,0
619,19,21,4,2,2160000619,0,2,0,1243,1,0,64,21,3733,0,STEADY,415,3.8001,3.41718,0.151665,0.349398,0.101205,37,18,18,1,0,1,1,60,132,0,15,197,e617ab48,0
619,19,21,4,2,2160000619,1,2,0,883,1,0,64,16,2825,0,STEADY,295,3.65671,2.6769,0.157847,0.250847,0.0677966,42,18,14,0,0,1,1,60,132,0,0,164,e617ab48,0
620,20,22,5,2,2160000620,0,3,0,1483,1,0,145,18,3730,0,STEADY,495,5.40625,4.52431,0.202832,0.313131,0.183838,130,16,13,2,0,3,0,30,102,0,22,0,e617ab48,0
620,20,22,5,2,2160000620,1,3,0,667,1,0,157,8,1963,0,STEADY,223,5.81973,4.68044,0.326619,0.215247,0.0538117,82,9,5,2,0,1,0,18,102,0,0,0,e617ab48,0
621,21,23,0,2,2160000621,0,0,0,1675,1,0,68,16,3109,0,STEADY,559,2.67231,6.01534,0.139451,0.00357782,0.171735,151,15,10,4,0,0,2,51,124,0,0,0,e617ab48,0
621,21,23,0,2,2160000621,1,0,0,1968,1,0,27,22,3993,0,STEADY,656,2.69039,6.18544,0.117311,0.0121951,0.3125,180,57,15,5,1,0,1,93,124,0,0,0,e617ab48,0
622,22,24,1,2,2160000622,0,1,1,625,1,121,0,12,2840,0,STEADY,209,3.2266,3.68698,0.237258,0.167464,0.129187,0,0,4,4,3,0,1,125,54,0,51,9,e617ab48,0
622,22,24,1,2,2160000622,1,1,1,1048,1,156,0,18,4035,0,STEADY,350,2.58768,2.1531,0.175,0.128571,0.151429,0,0,8,3,5,0,2,125,19,0,33,123,e617ab48,0
623,23,25,2,2,2160000623,0,2,1,688,1,105,0,15,2201,0,STEADY,230,2.21331,1.86423,0.2098,0.0782609,0.0869565,0,0,9,4,1,0,1,104,14,14,0,87,e617ab48,0
623,23,25,2,2,2160000623,1,2,1,451,1,89,0,10,1641,0,STEADY,151,2.90938,2.93073,0.298695,0.172185,0.0596026,0,0,4,4,1,0,1,104,33,17,0,32,e617ab48,0
624,24,26,3,2,2160000624,0,3,1,820,1,29,0,17,2595,0,STEADY,274,3.39543,1.46203,0.228562,0.456204,0.116788,45,8,12,2,1,1,1,108,96,0,17,103,e617ab48,0
624,24,26,3,2,2160000624,1,3,1,625,1,22,0,12,2020,0,STEADY,209,3.67306,1.47264,0.268722,0.430622,0.0526316,31,0,7,2,1,1,1,108,103,0,18,60,e617ab48,0
625,25,27,4,2,2160000625,0,0,1,2252,1,30,0,32,5511,0,STEADY,751,3.8249,5.89099,0.1987,0.302264,0.0266312,45,4,10,16,5,0,1,145,74,0,26,173,e617ab48,0
625,25,27,4,2,2160000625,1,0,0,1858,1,0,41,26,4585,0,STEADY,620,3.52903,4.68834,0.239169,0.314516,0.0693548,504,13,4,19,3,0,0,104,104,0,3,221,e617ab48,0
626,26,28,5,2,2160000626,0,1,0,933,1,0,25,18,2731,0,STEADY,311,3.13632,4.00733,0.260328,0.138264,0.0707395,166,8,9,7,1,0,1,86,108,0,0,123,e617ab48,0
626,26,28,5,2,2160000626,1,1,1,1231,1,74,0,24,3407,0,STEADY,411,2.41574,2.66697,0.180088,0.0900243,0.026764,0,0,17,4,1,1,1,111,34,0,0,141,e617ab48,0
627,27,29,0,2,2160000627,0,2,1,1370,1,88,0,21,3849,0,STEADY,457,4.53149,2.54198,0.166575,0.350109,0.431072,0,0,18,1,1,1,0,102,57,0,0,446,e617ab48,0
627,27,29,0,2,2160000627,1,2,1,2123,1,114,0,30,5395,0,STEADY,708,4.02974,2.53912,0.133363,0.312147,0.40113,0,0,28,1,1,0,0,102,31,0,0,387,e617ab48,0
628,28,30,1,2,2160000628,0,3,0,272,1,0,35,6,1150,0,STEADY,91,5.24114,3.66462,0.489901,0.351648,0.043956,38,4,1,3,0,0,2,90,111,0,0,0,e617ab48,0
628,28,30,1,2,2160000628,1,3,0,231,1,0,121,5,1060,0,STEADY,77,8.88539,3.9746,0.665403,0.506494,0,31,0,3,2,0,0,0,4,111,0,0,0,e617ab48,0
629,29,31,2,2,2160000629,0,0,0,737,1,0,110,16,2406,0,STEADY,246,3.52209,1.52798,0.203955,0.406504,0.247967,81,28,11,2,2,0,1,31,102,0,25,77,e617ab48,0
629,29,31,2,2,2160000629,1,0,0,892,1,0,19,17,2960,0,STEADY,298,3.41853,3.51594,0.200315,0.385906,0.244966,195,57,8,1,5,0,3,122,102,0,6,74,e617ab48,0
630,30,32,3,2,2160000630,0,1,1,1395,1,28,0,35,3820,0,STEADY,465,2.59318,1.96153,0.157286,0.0688172,0.129032,144,12,31,2,0,1,1,121,97,0,0,104,e617ab48,0
630,30,32,3,2,2160000630,1,1,0,1366,1,0,69,33,3691,0,STEADY,456,4.04566,5.96229,0.156257,0.109649,0.210526,203,84,30,3,0,0,0,52,125,0,0,85,e617ab48,0
631,31,33,4,2,2160000631,0,2,0,535,1,0,58,11,1713,0,STEADY,179,3.4457,2.04202,0.321888,0.435754,0.00558659,44,0,6,4,1,0,0,94,141,9,0,174,e617ab48,0
631,31,33,4,2,2160000631,1,2,0,505,1,0,99,11,1712,0,STEADY,169,3.60945,2.64727,0.278385,0.278107,0.0769231,37,6,5,4,0,0,2,53,132,0,0,96,e617ab48,0
632,32,34,5,2,2160000632,0,3,0,1279,1,0,89,22,4210,0,STEADY,427,6.54418,3.87899,0.173333,0.154567,0.344262,82,9,17,0,3,2,0,51,121,0,0,15,e617ab48,0
632,32,34,5,2,2160000632,1,3,0,1529,1,0,140,28,5090,0,STEADY,510,6.21264,2.57929,0.145182,0.190196,0.380392,312,172,24,0,3,1,0,0,121,0,0,450,e617ab48,0
633,33,35,0,2,2160000633,0,0,1,2440,1,20,0,32,5317,0,STEADY,814,3.1039,5.86819,0.10283,0.012285,0.0761671,83,32,16,1,13,0,2,101,132,0,0,35,e617ab48,0
633,33,35,0,2,2160000633,1,0,1,1100,1,138,0,14,2726,0,STEADY,367,3.96319,5.63818,0.171016,0.027248,0,0,0,11,2,0,0,1,101,14,0,0,69,e617ab48,0
634,34,36,1,2,2160000634,0,1,0,767,1,0,36,14,2198,0,STEADY,256,3.72364,3.10304,0.219977,0.332031,0.191406,121,36,7,5,0,1,1,57,140,0,0,98,e617ab48,0
634,34,36,1,2,2160000634,1,1,0,1241,1,0,4,19,3034,0,STEADY,414,3.15424,5.1095,0.144442,0.301932,0.0676329,85,14,8,9,0,0,2,89,140,0,0,114,e617ab48,0
635,35,37,2,2,2160000635,0,2,1,2152,1,54,0,35,5709,0,STEADY,718,3.5891,3.99831,0.128529,0.0278552,0.154596,0,0,19,12,1,2,1,150,56,9,10,90,e617ab48,0
635,35,37,2,2,2160000635,1,2,1,2293,1,24,0,40,6018,0,STEADY,765,3.1081,3.4281,0.096234,0.0261438,0.175163,13,0,19,19,0,2,0,150,86,9,20,149,e617ab48,0
636,36,38,3,2,2160000636,0,3,0,407,1,0,98,9,1630,0,STEADY,136,6.36155,2.80068,0.572669,0.323529,0.132353,55,11,1,7,0,0,1,6,93,0,0,185,e617ab48,0
636,36,38,3,2,2160000636,1,3,0,661,1,0,46,13,2382,0,STEADY,221,3.66762,2.58095,0.251113,0.303167,0.294118,22,10,2,10,0,0,1,58,93,0,0,144,e617ab48,0
637,37,39,4,2,2160000637,0,0,1,1166,1,42,0,20,3616,0,STEADY,389,2.62731,2.0431,0.181023,0.11054,0.228792,49,0,17,0,2,1,0,114,108,0,0,220,e617ab48,0
637,37,39,4,2,2160000637,1,0,1,1225,1,90,0,22,3840,0,STEADY,409,2.93209,2.25335,0.152086,0.0391198,0.310513,0,0,20,0,1,0,1,114,60,0,0,243,e617ab48,0
638,38,0,5,2,2160000638,0,1,0,819,1,0,67,15,2727,0,STEADY,273,5.09417,4.16352,0.275718,0.582418,0.0512821,86,11,7,6,0,1,1,46,104,0,0,0,e617ab48,0
638,38,0,5,2,2160000638,1,1,1,725,1,12,0,14,2554,0,STEADY,242,4.99428,4.94417,0.353901,0.528926,0.0785124,38,0,6,6,0,1,1,113,92,0,0,0,e617ab48,0
639,39,1,0,2,2160000639,0,2,0,916,1,0,1,17,3040,0,STEADY,306,3.01607,2.2412,0.254804,0.228758,0.356209,76,34,8,0,2,5,2,135,114,0,8,123,e617ab48,0
639,39,1,0,2,2160000639,1,2,0,810,1,0,28,14,2493,0,STEADY,270,3.0651,2.35568,0.256178,0.0777778,0.392593,78,40,7,1,1,3,2,108,114,0,19,110,e617ab48,0
640,0,9,2,2,2160000640,0,0,0,2700,3,40,111,37,6025,0,STEADY,900,3.16088,4.66705,0.186371,0.108889,0.175556,32,25,18,16,1,1,1,146,73,0,0,90,e617ab48,0
640,0,9,2,2,2160000640,1,0,0,2432,1,0,149,36,5945,0,STEADY,811,3.28081,4.92359,0.194853,0.184957,0.152898,709,107,13,21,1,1,0,87,113,0,0,6,e617ab48,0
641,1,10,3,2,2160000641,0,1,0,1560,1,0,124,19,3709,0,STEADY,520,4.5262,7.70747,0.251725,0.246154,0.146154,174,20,2,8,0,3,6,0,136,0,22,85,e617ab48,0
641,1,10,3,2,2160000641,1,1,0,1149,1,0,41,23,3306,0,STEADY,383,3.43652,1.60689,0.234512,0.5953,0.0339426,63,7,15,5,0,2,1,83,136,0,70,204,e617ab48,0
642,2,11,4,2,2160000642,0,2,0,1018,1,0,4,16,3053,0,STEADY,340,3.71018,2.4217,0.183147,0.423529,0.0764706,44,6,3,12,0,0,1,125,94,0,0,254,e617ab48,0
642,2,11,4,2,2160000642,1,2,0,639,1,0,46,11,2134,0,STEADY,213,4.13079,5.7751,0.251845,0.347418,0.0234742,22,1,3,7,0,0,1,71,94,0,0,0,e617ab48,0
643,3,12,5,2,2160000643,0,3,0,628,1,0,111,12,2073,0,STEADY,210,7.3798,7.37507,0.27191,0.285714,0.37619,26,5,11,0,0,1,0,0,106,0,0,0,e617ab48,0
643,3,12,5,2,2160000643,1,3,0,386,1,0,67,8,1483,0,STEADY,129,4.85234,3.3885,0.386775,0.27907,0.0387597,29,3,6,1,0,1,0,44,106,0,0,11,e617ab48,0
644,4,13,0,2,2160000644,0,0,0,999,1,0,64,20,2956,0,STEADY,333,4.50189,3.29094,0.219171,0.432432,0.0930931,62,0,13,5,1,1,0,40,136,13,0,331,e617ab48,0
644,4,13,0,2,2160000644,1,0,1,690,1,23,0,16,2421,0,STEADY,230,4.27754,2.23439,0.331657,0.365217,0.252174,97,25,7,8,0,1,0,104,113,13,0,135,e617ab48,0
645,5,14,1,2,2160000645,0,1,0,586,1,0,23,12,1886,0,STEADY,196,2.39789,1.98538,0.199628,0.489796,0.112245,74,5,8,1,1,1,1,90,141,0,24,107,e617ab48,0
645,5,14,1,2,2160000645,1,1,0,547,1,0,41,11,1790,0,STEADY,183,2.45124,2.10032,0.228055,0.437158,0.125683,52,7,7,1,2,1,0,72,141,0,12,106,e617ab48,0
646,6,15,2,2,2160000646,0,2,1,1203,1,91,0,16,3154,0,STEADY,401,2.19016,7.11112,0.157481,0.0074813,0.074813,0,0,14,1,1,0,0,118,40,0,0,68,e617ab48,0
646,6,15,2,2,2160000646,1,2,1,1728,1,71,0,28,5029,0,STEADY,576,2.02907,6.0528,0.110589,0.0295139,0.184028,0,0,25,1,1,0,1,118,60,0,0,27,e617ab48,0
647,7,16,3,2,2160000647,0,3,0,1064,1,0,25,18,2900,0,STEADY,355,2.18198,1.71517,0.172251,0.0591549,0.0591549,187,7,11,3,0,2,2,90,100,0,0,53,e617ab48,0
647,7,16,3,2,2160000647,1,3,1,691,1,83,0,12,1917,0,STEADY,231,2.30533,2.47954,0.188437,0.0779221,0.0606061,0,0,7,3,0,1,1,115,17,0,0,16,e617ab48,0
648,8,17,4,2,2160000648,0,0,0,1460,1,0,73,27,3787,0,STEADY,487,2.95137,6.38075,0.132864,0.149897,0.638604,87,87,5,1,19,0,2,56,116,0,10,58,e617ab48,0
648,8,17,4,2,2160000648,1,0,0,421,1,0,53,10,1560,0,STEADY,141,3.71163,4.6036,0.313738,0.198582,0.432624,59,35,4,0,4,0,2,55,116,0,0,0,e617ab48,0
649,9,18,5,2,2160000649,0,1,1,2560,1,125,0,26,4707,0,STEADY,854,2.46429,6.32425,0.106362,0.0140515,0.0819672,0,0,4,18,1,0,3,129,176,152,0,55,e617ab48,0
649,9,18,5,2,2160000649,1,1,1,1414,1,89,0,18,3063,0,STEADY,472,2.68993,3.61991,0.146523,0.0275424,0.120763,0,0,2,13,1,1,1,129,132,72,0,115,e617ab48,0
650,10,19,0,2,2160000650,0,2,1,1578,1,92,0,23,4244,0,STEADY,526,3.96883,6.90204,0.178595,0.0380228,0.193916,0,0,19,3,1,0,0,132,32,0,0,16,e617ab48,0
650,10,19,0,2,2160000650,1,2,1,2329,1,45,0,35,6221,0,STEADY,777,2.954,5.4809,0.152206,0.033462,0.0579151,102,11,31,2,1,0,1,132,79,0,0,67,e617ab48,0
651,11,20,1,2,2160000651,0,3,1,805,1,117,0,15,2498,0,STEADY,269,3.2521,2.72229,0.272004,0.178439,0.0743494,0,0,9,3,1,2,0,98,11,11,7,143,e617ab48,0
651,11,20,1,2,2160000651,1,3,1,850,1,41,0,15,2452,0,STEADY,284,2.58802,2.1099,0.190472,0.105634,0.0739437,153,18,10,3,0,1,1,90,76,0,10,36,e617ab48,0
652,12,21,2,2,2160000652,0,0,1,1528,1,3,0,19,3567,0,STEADY,510,3.95666,4.8057,0.111835,0.111765,0.0901961,103,5,7,1,6,3,2,124,108,0,0,116,e617ab48,0
652,12,21,2,2,2160000652,1,0,0,1843,1,0,73,19,3242,0,STEADY,615,3.12185,5.53249,0.0821496,0.0878049,0.0829268,86,9,10,1,6,0,2,51,111,0,0,49,e617ab48,0
653,13,22,3,2,2160000653,0,1,1,1223,1,80,0,22,3956,0,STEADY,408,3.80083,5.45798,0.129667,0.377451,0.0735294,0,0,19,1,1,1,0,175,24,0,0,9,e617ab48,0
653,13,22,3,2,2160000653,1,1,0,607,1,0,147,10,1999,0,STEADY,203,6.20004,4.30271,0.268537,0.369458,0.0541872,90,11,6,1,3,0,0,28,104,0,0,80,e617ab48,0
654,14,23,4,2,2160000654,0,2,1,1270,1,70,0,20,3035,0,STEADY,424,2.4873,5.34469,0.252882,0.0283019,0,0,0,2,13,2,2,1,111,43,0,17,22,e617ab48,0
654,14,23,4,2,2160000654,1,2,0,1693,1,0,11,24,3883,0,STEADY,565,2.25001,5.83453,0.152234,0.0159292,0.0707965,32,17,3,13,1,2,5,110,113,0,28,24,e617ab48,0
655,15,24,5,2,2160000655,0,3,1,1750,2,72,113,32,4963,0,STEADY,584,6.19652,3.34741,0.174116,0.691781,0.118151,0,0,14,14,0,4,0,12,46,0,10,600,e617ab48,0
655,15,24,5,2,2160000655,1,3,0,1404,2,118,125,26,4110,0,STEADY,468,5.53923,3.05072,0.176932,0.66453,0.211538,0,0,10,13,1,2,0,0,0,0,0,593,e617ab48,0
656,16,25,0,2,2160000656,0,0,1,1070,1,115,0,19,3464,0,STEADY,357,3.57894,5.08213,0.169577,0.0840336,0.403361,0,0,16,2,1,0,0,104,0,0,0,65,e617ab48,0
656,16,25,0,2,2160000656,1,0,1,675,1,96,0,12,2307,0,STEADY,225,2.63862,4.20157,0.22248,0.0488889,0.0844444,0,0,9,2,1,0,0,104,19,0,0,26,e617ab48,0
657,17,26,1,2,2160000657,0,1,0,966,1,0,63,10,1693,0,STEADY,322,2.73092,5.09147,0.210528,0.0869565,0.0838509,133,16,4,2,0,3,1,45,110,18,0,53,e617ab48,0
657,17,26,1,2,2160000657,1,1,0,1663,1,0,85,10,1987,0,STEADY,555,2.77222,7.1906,0.103245,0.0234234,0.0342342,346,5,3,1,0,2,4,23,108,6,0,40,e617ab48,0
658,18,27,2,2,2160000658,0,2,0,1233,1,0,93,19,2732,0,STEADY,411,3.70186,2.16885,0.174482,0.0316302,0.43309,202,79,17,2,0,0,0,52,129,0,0,245,e617ab48,0
658,18,27,2,2,2160000658,1,2,1,2700,3,27,83,39,5608,0,STEADY,900,2.72909,1.67127,0.0974744,0.0655556,0.328889,408,128,34,3,0,1,1,62,102,0,10,215,e617ab48,0
659,19,28,3,2,2160000659,0,3,0,565,1,0,81,10,1806,0,STEADY,189,6.11906,4.56752,0.377624,0.280423,0.100529,69,19,8,0,0,2,0,30,132,0,22,0,e617ab48,0
659,19,28,3,2,2160000659,1,3,0,619,1,0,66,11,2069,0,STEADY,207,4.2914,4.55743,0.303928,0.289855,0.0289855,53,4,8,1,0,1,1,45,132,0,22,89,e617ab48,0
660,20,29,4,2,2160000660,0,0,0,2380,1,0,37,35,6665,0,STEADY,794,4.06215,3.11207,0.14749,0.411839,0.270781,32,17,27,2,1,1,4,65,102,0,0,486,e617ab48,0
660,20,29,4,2,2160000660,1,0,1,1019,2,34,43,18,3410,0,STEADY,340,4.99658,1.91377,0.3113,0.505882,0.194118,169,46,15,2,0,1,0,59,68,0,16,600,e617ab48,0
661,21,30,5,2,2160000661,0,1,1,1954,1,124,0,22,3707,0,STEADY,652,2.84716,7.02723,0.15559,0.00766871,0.0398773,0,0,9,11,1,0,1,125,0,0,0,0,e617ab48,0
661,21,30,5,2,2160000661,1,1,1,1636,1,98,0,21,3573,0,STEADY,546,3.10561,6.52961,0.148652,0.010989,0.029304,0,0,12,7,1,0,1,125,26,0,0,10,e617ab48,0
662,22,31,0,2,2160000662,0,2,1,2047,1,81,0,24,5872,0,STEADY,683,2.70907,5.73667,0.149013,0.139092,0.15959,0,0,4,8,7,1,4,141,94,0,54,101,e617ab48,0
662,22,31,0,2,2160000662,1,2,1,1624,1,59,0,21,5105,0,STEADY,542,3.14621,6.11542,0.162825,0.193727,0.095941,28,4,4,8,7,0,2,141,116,0,48,50,e617ab48,0
663,23,32,1,2,2160000663,0,3,1,544,1,45,0,13,1891,0,STEADY,182,2.37699,1.9884,0.296363,0.0989011,0.0659341,66,10,8,4,1,0,0,121,80,20,0,0,e617ab48,0
663,23,32,1,2,2160000663,1,3,1,907,1,61,0,18,2540,0,STEADY,303,2.12706,2.12362,0.176257,0.0528053,0.10231,0,0,12,4,0,0,2,121,63,19,0,6,e617ab48,0
664,24,33,2,2,2160000664,0,0,0,1750,1,0,97,21,4044,0,STEADY,584,2.87368,2.5128,0.137606,0.224315,0.0736301,167,0,9,5,0,5,2,55,125,0,67,80,e617ab48,0
664,24,33,2,2,2160000664,1,0,0,1714,1,0,84,21,3639,0,STEADY,572,2.75696,3.27351,0.109469,0.194056,0.0594406,140,0,13,2,0,4,2,68,125,0,42,54,e617ab48,0
665,25,34,3,2,2160000665,0,1,0,544,1,0,43,11,1747,0,STEADY,182,4.57613,2.28683,0.420115,0.417582,0.0164835,32,3,4,5,1,0,1,97,104,0,8,81,e617ab48,0
665,25,34,3,2,2160000665,1,1,0,610,1,0,80,10,1753,0,STEADY,204,3.64476,4.95943,0.301632,0.343137,0.166667,31,1,4,3,1,0,2,60,104,0,8,29,e617ab48,0
666,26,35,4,2,2160000666,0,2,1,1882,1,78,0,30,5078,0,STEADY,628,3.88811,5.63697,0.188355,0.178344,0.0700637,0,0,5,23,0,0,2,101,30,0,0,27,e617ab48,0
666,26,35,4,2,2160000666,1,2,1,1552,1,64,0,26,4165,0,STEADY,518,3.89342,5.04197,0.145185,0.156371,0.167954,0,0,9,15,0,0,2,101,44,0,0,211,e617ab48,0
667,27,36,5,2,2160000667,0,3,1,1931,2,75,93,35,5980,0,STEADY,644,7.0812,3.04056,0.219969,0.588509,0.195652,0,0,34,0,0,0,1,0,70,0,0,600,e617ab48,0
667,27,36,5,2,2160000667,1,3,1,1107,2,123,93,20,3540,0,STEADY,369,5.42613,2.34681,0.222724,0.528455,0.0650407,0,0,18,2,0,0,0,0,22,0,0,600,e617ab48,0
668,28,37,0,2,2160000668,0,0,0,745,1,0,55,15,2688,0,STEADY,249,4.28847,2.49984,0.208795,0.606426,0.200803,39,0,1,12,0,0,2,95,111,0,0,181,e617ab48,0
668,28,37,0,2,2160000668,1,0,1,513,1,27,0,11,2078,0,STEADY,171,4.52361,2.88182,0.278819,0.491228,0.309942,32,14,2,7,0,0,2,150,84,0,0,124,e617ab48,0
669,29,38,1,2,2160000669,0,1,0,331,1,0,39,8,1480,0,STEADY,111,4.62478,2.70678,0.475613,0.234234,0.225225,26,18,3,1,2,1,1,65,102,0,17,58,e617ab48,0
669,29,38,1,2,2160000669,1,1,0,865,1,0,79,15,2848,0,STEADY,289,4.10832,4.17107,0.229069,0.228374,0.190311,179,50,4,2,3,1,5,25,102,0,49,40,e617ab48,0
670,30,39,2,2,2160000670,0,2,1,610,1,77,0,16,2160,0,STEADY,204,3.42607,1.8847,0.259412,0.132353,0.352941,0,0,13,3,0,0,0,114,48,0,0,79,e617ab48,0
670,30,39,2,2,2160000670,1,2,1,943,1,86,0,19,2404,0,STEADY,315,3.97178,5.16988,0.158444,0.0666667,0.346032,0,0,15,2,0,1,1,114,39,0,0,29,e617ab48,0
671,31,0,3,2,2160000671,0,3,0,739,1,0,56,13,2068,0,STEADY,247,3.79858,2.14347,0.319109,0.319838,0.0607287,47,1,7,3,0,1,2,57,132,0,0,34,e617ab48,0
671,31,0,3,2,2160000671,1,3,0,567,1,0,113,10,1681,0,STEADY,189,4.28282,2.21101,0.394788,0.333333,0.0582011,70,1,3,5,0,0,2,0,132,0,0,134,e617ab48,0
672,32,1,4,2,2160000672,0,0,0,814,1,0,17,16,2980,0,STEADY,272,3.03631,4.72045,0.143625,0.1875,0.176471,67,20,13,0,2,1,0,119,121,0,0,0,e617ab48,0
672,32,1,4,2,2160000672,1,0,1,1152,1,13,0,18,3421,0,STEADY,384,2.11508,1.96241,0.127391,0.0598958,0.104167,92,7,15,1,1,1,0,136,108,0,0,275,e617ab48,0
673,33,2,5,2,2160000673,0,1,1,1000,1,111,0,19,2855,0,STEADY,334,2.58124,2.16553,0.188919,0.0658683,0.0778443,0,0,4,2,12,0,1,94,41,0,0,174,e617ab48,0
673,33,2,5,2,2160000673,1,1,1,832,1,79,0,17,2527,0,STEADY,278,2.76822,2.60422,0.204745,0.104317,0.115108,0,0,3,2,11,0,1,94,73,0,0,199,e617ab48,0
674,34,3,0,2,2160000674,0,2,1,670,1,21,0,12,1884,0,STEADY,224,3.54637,3.23094,0.231571,0.379464,0.0803571,30,0,7,3,0,1,1,100,119,0,0,77,e617ab48,0
674,34,3,0,2,2160000674,1,2,1,820,1,92,0,14,2225,0,STEADY,274,3.13632,2.21271,0.203215,0.273723,0.0364964,0,0,7,5,0,0,2,106,48,0,0,122,e617ab48,0
675,35,4,1,2,2160000675,0,3,1,1072,1,59,0,22,3121,0,STEADY,358,2.62053,2.41277,0.149777,0.0614525,0.139665,0,0,5,15,1,1,0,136,42,0,6,63,e617ab48,0
675,35,4,1,2,2160000675,1,3,1,940,1,62,0,20,2837,0,STEADY,314,2.2244,2.03641,0.146503,0.0191083,0.146497,0,0,5,13,0,1,1,136,39,0,0,41,e617ab48,0
676,36,5,2,2,2160000676,0,0,0,1429,1,0,32,23,4107,0,STEADY,477,2.68054,2.89993,0.121319,0.197065,0.278826,167,14,2,20,0,0,1,109,93,0,0,184,e617ab48,0
676,36,5,2,2,2160000676,1,0,0,1003,1,0,62,15,2775,0,STEADY,335,2.9001,1.97158,0.143143,0.191045,0.322388,110,24,2,13,0,0,0,79,93,0,0,135,e617ab48,0
677,37,6,3,2,2160000677,0,1,0,1250,1,0,95,23,4050,0,STEADY,417,3.99861,1.65714,0.192933,0.211031,0.395683,251,109,21,0,2,0,0,36,150,0,0,242,e617ab48,0
677,37,6,3,2,2160000677,1,1,1,1956,1,20,0,28,5103,0,STEADY,652,3.47258,5.57797,0.147652,0.0751534,0.125767,85,21,26,0,2,0,0,131,130,0,0,19,e617ab48,0
678,38,7,4,2,2160000678,0,2,1,536,1,44,0,12,2100,0,STEADY,179,3.89947,3.10959,0.328503,0.759777,0.0391061,0,0,5,5,0,0,2,100,60,0,0,0,e617ab48,0
678,38,7,4,2,2160000678,1,2,0,728,1,0,47,14,2572,0,STEADY,243,3.25084,3.45063,0.264465,0.530864,0.115226,77,2,7,4,0,1,2,53,104,0,0,0,e617ab48,0
679,39,8,5,2,2160000679,0,3,0,526,1,0,53,9,1626,0,STEADY,176,4.5023,3.46814,0.395989,0.164773,0.142045,32,10,4,1,1,2,1,63,114,0,11,42,e617ab48,0
679,39,8,5,2,2160000679,1,3,0,559,1,0,30,11,1907,0,STEADY,187,3.80316,4.06066,0.323845,0.165775,0.144385,35,13,5,2,0,2,2,86,114,0,23,0,e617ab48,0
680,0,16,1,2,2160000680,0,1,0,924,1,0,43,14,2500,0,STEADY,308,3.65676,4.54764,0.236545,0.181818,0.103896,141,1,3,9,1,1,0,72,113,0,0,114,e617ab48,0
680,0,16,1,2,2160000680,1,1,1,1300,1,11,0,18,3027,0,STEADY,434,3.34312,6.9625,0.152804,0.131336,0.0737327,161,17,8,8,0,1,1,115,102,0,0,68,e617ab48,0
681,1,17,2,2,2160000681,0,2,0,439,1,0,83,7,1254,0,STEADY,147,3.09758,3.45876,0.278687,0.210884,0.115646,52,1,2,3,0,1,1,11,136,0,22,7,e617ab48,0
681,1,17,2,2,2160000681,1,2,0,373,1,0,67,8,1352,0,STEADY,125,3.07855,4.2768,0.286608,0.248,0.304,26,0,3,2,0,1,2,29,136,0,31,0,e617ab48,0
682,2,18,3,2,2160000682,0,3,0,536,1,0,98,10,1957,0,STEADY,179,5.40589,3.49378,0.320207,0.502793,0,24,0,3,6,0,0,1,31,94,0,0,3,e617ab48,0
682,2,18,3,2,2160000682,1,3,0,873,1,0,44,16,2964,0,STEADY,291,4.06593,3.24951,0.20889,0.453608,0.0171821,109,3,3,12,0,0,1,85,94,0,0,88,e617ab48,0
683,3,19,4,2,2160000683,0,0,0,1359,1,0,97,22,3963,0,STEADY,453,3.15466,8.46043,0.142894,0.375276,0.0463576,82,19,20,1,0,1,0,35,106,0,0,57,e617ab48,0
683,3,19,4,2,2160000683,1,0,0,1182,1,0,84,15,2901,0,STEADY,394,2.38426,7.10699,0.140832,0.233503,0.0203046,38,0,12,1,0,1,1,48,106,0,3,23,e617ab48,0
684,4,20,5,2,2160000684,0,1,0,1081,1,0,90,21,3510,0,STEADY,361,7.08034,5.66687,0.2641,0.440443,0.221607,100,18,3,16,0,2,0,12,123,0,0,0,e617ab48,0
684,4,20,5,2,2160000684,1,1,0,691,1,0,102,15,2301,0,STEADY,231,5.57852,2.24477,0.296225,0.528139,0.0995671,73,11,8,5,1,1,0,0,136,13,0,396,e617ab48,0
685,5,21,0,2,2160000685,0,2,0,1395,1,0,106,10,2142,0,STEADY,465,3.75861,5.97446,0.100041,0.129032,0.0193548,258,6,1,1,1,4,3,18,141,0,37,50,e617ab48,0
685,5,21,0,2,2160000685,1,2,0,1861,1,0,106,12,2587,0,STEADY,621,3.55052,7.96182,0.123211,0.0724638,0.0933977,52,16,3,1,1,5,2,18,141,0,35,10,e617ab48,0
686,6,22,1,2,2160000686,0,3,1,1563,1,9,0,25,4515,0,STEADY,521,2.15013,2.43036,0.126631,0.0115163,0.101727,265,10,22,0,1,0,2,175,122,0,0,91,e617ab48,0
686,6,22,1,2,2160000686,1,3,1,1467,1,59,0,27,4760,0,STEADY,489,1.95744,1.89996,0.135264,0.0122699,0.163599,0,0,25,1,1,0,0,175,72,0,0,72,e617ab48,0
687,7,23,2,2,2160000687,0,0,1,688,1,81,0,10,1860,0,STEADY,230,2.50469,5.45866,0.154904,0.0695652,0.0173913,0,0,4,3,1,1,1,108,19,0,0,0,e617ab48,0
687,7,23,2,2,2160000687,1,0,1,664,1,81,0,11,1879,0,STEADY,222,2.31723,6.04385,0.160455,0.0585586,0.018018,0,0,6,2,0,1,2,105,19,0,0,0,e617ab48,0
688,8,24,3,2,2160000688,0,1,0,1597,1,0,13,30,4555,0,STEADY,533,4.21172,3.46983,0.214916,0.212008,0.339587,33,33,8,3,17,2,0,112,116,0,10,209,e617ab48,0
688,8,24,3,2,2160000688,1,1,1,1067,2,44,78,20,3078,0,STEADY,356,4.49982,2.03667,0.242298,0.241573,0.205056,115,62,6,0,12,2,0,47,72,0,0,600,e617ab48,0
689,9,25,4,2,2160000689,0,2,1,637,1,113,0,13,2174,0,STEADY,213,3.10661,2.90999,0.227244,0.206573,0.164319,0,0,2,8,1,1,1,104,54,18,0,137,e617ab48,0
689,9,25,4,2,2160000689,1,2,1,1531,1,85,0,24,3772,0,STEADY,511,3.07267,3.94759,0.152155,0.0841487,0.174168,0,0,4,17,1,1,1,104,150,86,0,154,e617ab48,0
690,10,26,5,2,2160000690,0,3,0,2164,1,0,60,36,6204,0,STEADY,722,1.8472,2.39569,0.116839,0.0221607,0.149584,210,15,33,2,0,0,1,48,124,0,0,39,e617ab48,0
690,10,26,5,2,2160000690,1,3,1,2118,1,28,0,35,6056,0,STEADY,706,1.89594,2.20132,0.122688,0.0354108,0.11898,1,0,32,2,0,0,1,108,96,0,0,98,e617ab48,0
691,11,27,0,2,2160000691,0,0,1,2554,1,73,0,42,6659,0,STEADY,852,3.03744,4.70954,0.123863,0.138498,0.140845,0,0,29,8,0,4,1,145,92,48,40,97,e617ab48,0
691,11,27,0,2,2160000691,1,0,1,2224,1,80,0,33,5530,0,STEADY,742,2.77659,5.80497,0.132553,0.12938,0.133423,0,0,21,6,0,4,2,145,85,48,10,64,e617ab48,0
692,12,28,1,2,2160000692,0,1,0,503,1,0,30,11,2110,0,STEADY,168,3.48967,8.38351,0.316845,0.416667,0.0238095,16,0,4,2,3,2,0,69,111,0,0,54,e617ab48,0
692,12,28,1,2,2160000692,1,1,0,322,1,0,15,6,1211,0,STEADY,108,3.48284,4.86372,0.430009,0.148148,0.0555556,45,5,2,1,1,1,1,84,111,0,0,10,e617ab48,0
693,13,29,2,2,2160000693,0,2,0,1147,1,0,7,22,3840,0,STEADY,383,3.75265,1.96453,0.142765,0.501305,0.261097,78,31,19,1,1,0,1,95,104,0,0,143,e617ab48,0
693,13,29,2,2,2160000693,1,2,1,794,1,61,0,16,2930,0,STEADY,265,5.06136,3.92921,0.181913,0.45283,0.211321,0,0,12,1,3,0,0,102,43,0,0,128,e617ab48,0
694,14,30,3,2,2160000694,0,3,1,1296,1,32,0,17,2661,0,STEADY,432,2.26877,1.92862,0.197778,0.0185185,0.037037,61,0,1,12,1,1,2,125,81,0,0,62,e617ab48,0
694,14,30,3,2,2160000694,1,3,1,1176,1,32,0,16,2610,0,STEADY,392,2.08743,1.66427,0.159913,0.0127551,0.0153061,185,0,1,10,1,1,3,125,81,0,0,30,e617ab48,0
695,15,31,4,2,2160000695,0,0,0,676,1,0,68,14,2148,0,STEADY,226,4.03894,1.92092,0.264133,0.544248,0.0575221,36,2,6,6,0,1,1,64,118,0,6,241,e617ab48,0
695,15,31,4,2,2160000695,1,0,0,667,1,0,40,15,2296,0,STEADY,223,3.7678,1.72682,0.244274,0.421525,0.0672646,51,7,7,5,0,2,1,92,118,0,31,134,e617ab48,0
696,16,32,5,2,2160000696,0,1,1,2700,3,32,40,41,7307,0,STEADY,900,2.40073,2.41084,0.106204,0.113333,0.0533333,49,1,37,3,1,0,0,81,83,0,0,430,e617ab48,0
696,16,32,5,2,2160000696,1,1,1,1306,1,54,0,19,3711,0,STEADY,436,3.26872,6.99949,0.161319,0.0779817,0,0,0,16,2,0,1,0,121,61,0,0,0,e617ab48,0
697,17,33,0,2,2160000697,0,2,0,757,1,0,52,8,1443,0,STEADY,253,2.55481,6.43369,0.193352,0.0632411,0.0158103,198,4,3,1,0,1,3,100,108,6,0,0,e617ab48,0
697,17,33,0,2,2160000697,1,2,0,397,1,0,80,8,1267,0,STEADY,133,2.89088,2.21581,0.244902,0.0451128,0.255639,12,8,4,1,1,0,2,72,93,0,0,85,e617ab48,0
698,18,34,1,2,2160000698,0,3,1,663,1,6,0,13,1937,0,STEADY,221,4.0671,3.36367,0.295167,0.0452489,0.371041,101,40,11,2,0,0,0,140,123,0,0,172,e617ab48,0
698,18,34,1,2,2160000698,1,3,0,668,1,0,40,14,2420,0,STEADY,223,4.56403,3.07561,0.326484,0.282511,0.408072,139,83,9,5,0,0,0,100,129,0,0,55,e617ab48,0
699,19,35,2,2,2160000699,0,0,0,1690,1,0,37,27,4784,0,STEADY,564,3.8774,3.74704,0.13533,0.356383,0.136525,217,25,24,1,0,1,1,64,132,0,0,117,e617ab48,0
699,19,35,2,2,2160000699,1,0,0,1950,1,0,52,29,5408,0,STEADY,650,3.9992,4.06807,0.167274,0.338462,0.106154,77,13,21,2,0,6,0,49,132,0,0,50,e617ab48,0
700,20,36,3,2,2160000700,0,1,0,935,1,0,10,13,2730,0,STEADY,312,5.56568,2.55627,0.371269,0.455128,0.208333,91,49,9,2,1,1,0,83,102,0,9,481,e617ab48,0
700,20,36,3,2,2160000700,1,1,0,731,1,0,46,12,2486,0,STEADY,244,4.75476,2.32182,0.344742,0.418033,0.172131,39,14,7,2,0,2,1,47,102,0,6,111,e617ab48,0
701,21,37,4,2,2160000701,0,2,1,2005,1,82,0,31,5116,0,STEADY,669,3.19288,6.97833,0.145997,0.0284006,0.0911809,0,0,23,7,1,0,0,150,42,0,0,52,e617ab48,0
701,21,37,4,2,2160000701,1,2,1,2362,1,20,0,42,6452,0,STEADY,788,2.85978,5.77334,0.100244,0.0215736,0.156091,389,82,22,17,1,0,2,150,104,0,0,52,e617ab48,0
702,22,38,5,2,2160000702,0,3,0,1289,2,137,104,16,4100,0,STEADY,430,8.31735,7.64407,0.241109,0.313953,0.467442,0,0,0,10,4,0,2,0,38,0,0,0,e617ab48,0
702,22,38,5,2,2160000702,1,3,1,1999,1,28,0,29,6362,0,STEADY,667,2.82567,3.42581,0.160384,0.121439,0.197901,236,55,10,3,9,1,6,104,147,0,91,0,e617ab48,0
703,23,39,0,2,2160000703,0,0,1,613,1,41,0,10,1546,0,STEADY,205,2.19272,3.96949,0.241976,0.0487805,0.0780488,114,2,6,3,0,0,1,114,78,14,0,22,e617ab48,0
703,23,39,0,2,2160000703,1,0,1,1240,1,37,0,16,2482,0,STEADY,414,1.96608,2.08706,0.1697,0.0338164,0.10628,115,7,11,4,1,0,0,114,86,18,0,86,e617ab48,0
704,24,0,1,2,2160000704,0,1,0,1438,1,0,43,13,2668,0,STEADY,480,2.83963,7.92579,0.15881,0.154167,0.191667,69,36,5,2,1,3,2,70,125,0,44,69,e617ab48,0
704,24,0,1,2,2160000704,1,1,0,870,1,0,81,8,1711,0,STEADY,290,3.53268,3.29754,0.247307,0.189655,0.0655172,120,0,3,2,1,2,0,28,125,0,39,107,e617ab48,0
705,25,1,2,2,2160000705,0,2,0,588,1,0,124,12,1942,0,STEADY,196,3.41562,2.61807,0.274235,0.520408,0.107143,53,15,4,6,1,0,1,12,104,0,0,79,e617ab48,0
705,25,1,2,2,2160000705,1,2,0,575,1,0,85,13,1990,0,STEADY,192,3.54783,2.14964,0.289714,0.609375,0.171875,56,19,6,5,1,1,0,61,104,0,11,161,e617ab48,0
706,26,2,3,2,2160000706,0,3,1,1093,1,43,0,20,2975,0,STEADY,365,2.98987,2.4326,0.222293,0.115068,0.180822,134,7,12,6,1,0,1,94,65,0,0,148,e617ab48,0
706,26,2,3,2,2160000706,1,3,0,611,1,0,47,12,1954,0,STEADY,204,4.28967,2.75795,0.321941,0.147059,0.196078,31,8,4,6,0,0,2,47,108,0,0,69,e617ab48,0
707,27,3,4,2,2160000707,0,0,1,1099,1,20,0,20,3600,0,STEADY,367,3.33259,2.12342,0.196741,0.455041,0.190736,36,1,17,1,1,0,1,103,125,0,0,214,e617ab48,0
707,27,3,4,2,2160000707,1,0,0,959,1,0,70,18,3168,0,STEADY,320,3.9433,1.85326,0.192428,0.5,0.140625,63,0,16,1,0,0,1,36,145,0,0,132,e617ab48,0
708,28,4,5,2,2160000708,0,1,1,1045,1,84,0,19,3580,0,STEADY,349,7.55298,5.12575,0.21416,0.707736,0.140401,0,0,5,14,0,0,0,136,27,0,0,0,e617ab48,0
708,28,4,5,2,2160000708,1,1,0,1135,1,0,123,19,3791,0,STEADY,379,7.29124,3.4278,0.215293,0.638522,0.055409,59,0,8,11,0,0,0,4,111,0,0,291,e617ab48,0
709,29,5,0,2,2160000709,0,2,0,1130,1,0,69,17,2883,0,STEADY,377,3.01546,5.28025,0.183215,0.307692,0.124668,101,5,10,2,4,1,0,72,102,0,18,144,e617ab48,0
709,29,5,0,2,2160000709,1,2,0,1402,1,0,81,18,3487,0,STEADY,468,2.83961,4.65196,0.205767,0.166667,0.205128,40,2,7,3,4,0,4,60,102,0,46,90,e617ab48,0
710,30,6,1,2,2160000710,0,3,0,771,1,0,14,17,2265,0,STEADY,257,2.97593,2.54539,0.213292,0.11284,0.0077821,135,1,14,3,0,0,0,117,125,0,0,0,e617ab48,0
710,30,6,1,2,2160000710,1,3,1,1219,1,4,0,22,2839,0,STEADY,407,2.62837,2.45693,0.134403,0.108108,0.00982801,213,1,18,3,0,1,0,131,121,0,20,0,e617ab48,0
711,31,7,2,2,2160000711,0,0,0,619,1,0,21,12,1994,0,STEADY,207,2.95203,1.95825,0.272082,0.405797,0.371981,90,32,3,7,0,0,2,79,132,0,0,79,e617ab48,0
711,31,7,2,2,2160000711,1,0,0,412,1,0,100,9,1569,0,STEADY,138,3.35723,3.98631,0.284891,0.26087,0.442029,76,46,1,6,0,0,2,0,132,0,0,0,e617ab48,0
712,32,8,3,2,2160000712,0,1,0,898,1,0,31,18,3320,0,STEADY,300,4.43843,1.66961,0.138653,0.163333,0.276667,46,3,15,0,2,1,0,85,121,0,0,357,e617ab48,0
712,32,8,3,2,2160000712,1,1,1,884,2,46,99,17,3150,0,STEADY,295,5.09459,1.45853,0.139369,0.145763,0.39322,10,9,14,0,2,1,0,17,75,0,0,600,e617ab48,0
713,33,9,4,2,2160000713,0,2,0,1150,1,0,110,23,3223,0,STEADY,384,3.24622,1.5611,0.138289,0.0755208,0.419271,107,54,5,1,16,0,1,89,152,0,0,296,e617ab48,0
713,33,9,4,2,2160000713,1,2,1,1780,1,14,0,28,4541,0,STEADY,594,2.96723,5.29453,0.13048,0.0572391,0.0892256,53,15,13,2,12,1,0,267,138,0,0,20,e617ab48,0
714,34,10,5,2,2160000714,0,3,0,869,2,132,120,10,1833,0,STEADY,290,10.0053,8.06185,0.588659,0.365517,0.582759,0,0,0,8,1,0,1,4,8,0,0,0,e617ab48,0
714,34,10,5,2,2160000714,1,3,0,588,1,0,116,12,2102,0,STEADY,196,5.98535,2.46208,0.380653,0.586735,0.0969388,28,1,2,8,1,0,1,8,140,0,0,311,e617ab48,0
715,35,11,0,2,2160000715,0,0,1,1044,1,67,0,17,2940,0,STEADY,348,2.48259,6.93334,0.150144,0.0143678,0.114943,0,0,13,2,0,1,1,117,34,0,10,50,e617ab48,0
715,35,11,0,2,2160000715,1,0,0,952,1,0,36,19,2990,0,STEADY,318,2.76895,1.70774,0.143635,0.0314465,0.342767,28,12,10,7,0,1,1,105,101,0,0,116,e617ab48,0
716,36,12,1,2,2160000716,0,1,0,317,1,0,30,8,1500,0,STEADY,106,4.07163,3.17657,0.390528,0.320755,0.330189,46,26,2,6,0,0,0,81,93,0,0,0,e617ab48,0
716,36,12,1,2,2160000716,1,1,0,461,1,0,42,10,1840,0,STEADY,154,3.52143,3.20367,0.224558,0.422078,0.324675,101,48,2,8,0,0,0,69,93,0,0,108,e617ab48,0
717,37,13,2,2,2160000717,0,2,0,1589,1,0,19,26,4655,0,STEADY,530,4.54339,6.87377,0.16213,0.0622642,0.192453,247,68,22,0,1,0,3,85,150,0,0,82,e617ab48,0
717,37,13,2,2,2160000717,1,2,1,860,1,44,0,16,2925,0,STEADY,287,5.51565,7.35869,0.209206,0.163763,0.118467,20,6,13,0,2,0,1,104,106,0,0,80,e617ab48,0
718,38,14,3,2,2160000718,0,3,0,601,1,0,113,12,2259,0,STEADY,201,4.66187,4.39148,0.347413,0.59204,0.0696517,56,0,6,3,0,1,2,0,104,0,0,0,e617ab48,0
718,38,14,3,2,2160000718,1,3,0,612,1,0,32,13,2384,0,STEADY,204,4.15568,3.38452,0.325294,0.686275,0.0882353,20,8,4,7,0,1,1,81,104,0,0,0,e617ab48,0
719,39,15,4,2,2160000719,0,0,1,835,1,66,0,16,2653,0,STEADY,279,2.6927,5.05031,0.228498,0.132616,0.0143369,0,0,9,2,0,3,2,136,48,0,2,82,e617ab48,0
719,39,15,4,2,2160000719,1,0,1,832,1,50,0,17,2646,0,STEADY,278,2.74563,2.53616,0.218928,0.154676,0.179856,0,0,11,2,1,2,1,118,64,0,7,240,e617ab48,0
