species_a,species_b,style_a,style_b,weather,arena,seed,seat,score_a
4,10,0,0,0,0,4000,0,1
4,10,0,0,0,0,4000,1,1
4,10,0,0,0,0,4001,0,0
4,10,0,0,0,0,4001,1,0
4,10,0,0,0,1,4000,0,0
4,10,0,0,0,1,4000,1,0
4,10,0,0,0,1,4001,0,0
4,10,0,0,0,1,4001,1,0
4,10,0,0,0,2,4000,0,0
4,10,0,0,0,2,4000,1,0
4,10,0,0,0,2,4001,0,0
4,10,0,0,0,2,4001,1,0
4,10,0,0,1,0,4000,0,0
4,10,0,0,1,0,4000,1,0
4,10,0,0,1,0,4001,0,0
4,10,0,0,1,0,4001,1,0
4,10,0,0,1,1,4000,0,0
4,10,0,0,1,1,4000,1,0
4,10,0,0,1,1,4001,0,0
4,10,0,0,1,1,4001,1,0
4,10,0,0,1,2,4000,0,0
4,10,0,0,1,2,4000,1,0
4,10,0,0,1,2,4001,0,0
4,10,0,0,1,2,4001,1,0
4,10,0,0,2,0,4000,0,0
4,10,0,0,2,0,4000,1,0
4,10,0,0,2,0,4001,0,0
4,10,0,0,2,0,4001,1,0
4,10,0,0,2,1,4000,0,0
4,10,0,0,2,1,4000,1,0
4,10,0,0,2,1,4001,0,0
4,10,0,0,2,1,4001,1,0
4,10,0,0,2,2,4000,0,0
4,10,0,0,2,2,4000,1,0
4,10,0,0,2,2,4001,0,0
4,10,0,0,2,2,4001,1,0
4,10,0,1,0,0,4000,0,0
4,10,0,1,0,0,4000,1,0
4,10,0,1,0,0,4001,0,0
4,10,0,1,0,0,4001,1,0
4,10,0,1,0,1,4000,0,0
4,10,0,1,0,1,4000,1,0
4,10,0,1,0,1,4001,0,0
4,10,0,1,0,1,4001,1,0
4,10,0,1,0,2,4000,0,0
4,10,0,1,0,2,4000,1,0
4,10,0,1,0,2,4001,0,0
4,10,0,1,0,2,4001,1,0
4,10,0,1,1,0,4000,0,0
4,10,0,1,1,0,4000,1,0
4,10,0,1,1,0,4001,0,0
4,10,0,1,1,0,4001,1,0
4,10,0,1,1,1,4000,0,0
4,10,0,1,1,1,4000,1,0
4,10,0,1,1,1,4001,0,0
4,10,0,1,1,1,4001,1,0
4,10,0,1,1,2,4000,0,0
4,10,0,1,1,2,4000,1,0
4,10,0,1,1,2,4001,0,0
4,10,0,1,1,2,4001,1,0
4,10,0,1,2,0,4000,0,0
4,10,0,1,2,0,4000,1,0
4,10,0,1,2,0,4001,0,0
4,10,0,1,2,0,4001,1,0
4,10,0,1,2,1,4000,0,0
4,10,0,1,2,1,4000,1,0
4,10,0,1,2,1,4001,0,0
4,10,0,1,2,1,4001,1,0
4,10,0,1,2,2,4000,0,0
4,10,0,1,2,2,4000,1,0
4,10,0,1,2,2,4001,0,0
4,10,0,1,2,2,4001,1,0
4,10,0,2,0,0,4000,0,0
4,10,0,2,0,0,4000,1,0
4,10,0,2,0,0,4001,0,0
4,10,0,2,0,0,4001,1,0
4,10,0,2,0,1,4000,0,0
4,10,0,2,0,1,4000,1,0
4,10,0,2,0,1,4001,0,0
4,10,0,2,0,1,4001,1,0
4,10,0,2,0,2,4000,0,0
4,10,0,2,0,2,4000,1,0
4,10,0,2,0,2,4001,0,0
4,10,0,2,0,2,4001,1,0
4,10,0,2,1,0,4000,0,0
4,10,0,2,1,0,4000,1,0
4,10,0,2,1,0,4001,0,0
4,10,0,2,1,0,4001,1,0
4,10,0,2,1,1,4000,0,0
4,10,0,2,1,1,4000,1,0
4,10,0,2,1,1,4001,0,0
4,10,0,2,1,1,4001,1,0
4,10,0,2,1,2,4000,0,0
4,10,0,2,1,2,4000,1,0
4,10,0,2,1,2,4001,0,0
4,10,0,2,1,2,4001,1,0
4,10,0,2,2,0,4000,0,0
4,10,0,2,2,0,4000,1,0
4,10,0,2,2,0,4001,0,0
4,10,0,2,2,0,4001,1,0
4,10,0,2,2,1,4000,0,0
4,10,0,2,2,1,4000,1,0
4,10,0,2,2,1,4001,0,0
4,10,0,2,2,1,4001,1,0
4,10,0,2,2,2,4000,0,0
4,10,0,2,2,2,4000,1,0
4,10,0,2,2,2,4001,0,0
4,10,0,2,2,2,4001,1,0
4,10,0,3,0,0,4000,0,0
4,10,0,3,0,0,4000,1,0
4,10,0,3,0,0,4001,0,0
4,10,0,3,0,0,4001,1,0
4,10,0,3,0,1,4000,0,0
4,10,0,3,0,1,4000,1,0
4,10,0,3,0,1,4001,0,0
4,10,0,3,0,1,4001,1,0
4,10,0,3,0,2,4000,0,0
4,10,0,3,0,2,4000,1,0
4,10,0,3,0,2,4001,0,0
4,10,0,3,0,2,4001,1,0
4,10,0,3,1,0,4000,0,0
4,10,0,3,1,0,4000,1,0
4,10,0,3,1,0,4001,0,0
4,10,0,3,1,0,4001,1,0
4,10,0,3,1,1,4000,0,0
4,10,0,3,1,1,4000,1,0
4,10,0,3,1,1,4001,0,0
4,10,0,3,1,1,4001,1,0
4,10,0,3,1,2,4000,0,0
4,10,0,3,1,2,4000,1,0
4,10,0,3,1,2,4001,0,0
4,10,0,3,1,2,4001,1,0
4,10,0,3,2,0,4000,0,0
4,10,0,3,2,0,4000,1,0
4,10,0,3,2,0,4001,0,0
4,10,0,3,2,0,4001,1,0
4,10,0,3,2,1,4000,0,0
4,10,0,3,2,1,4000,1,0
4,10,0,3,2,1,4001,0,0
4,10,0,3,2,1,4001,1,0
4,10,0,3,2,2,4000,0,0
4,10,0,3,2,2,4000,1,0
4,10,0,3,2,2,4001,0,0
4,10,0,3,2,2,4001,1,0
4,10,1,0,0,0,4000,0,0
4,10,1,0,0,0,4000,1,0
4,10,1,0,0,0,4001,0,0
4,10,1,0,0,0,4001,1,0
4,10,1,0,0,1,4000,0,0
4,10,1,0,0,1,4000,1,0
4,10,1,0,0,1,4001,0,0
4,10,1,0,0,1,4001,1,0
4,10,1,0,0,2,4000,0,0
4,10,1,0,0,2,4000,1,0
4,10,1,0,0,2,4001,0,0
4,10,1,0,0,2,4001,1,0
4,10,1,0,1,0,4000,0,0
4,10,1,0,1,0,4000,1,0
4,10,1,0,1,0,4001,0,0
4,10,1,0,1,0,4001,1,0
4,10,1,0,1,1,4000,0,0
4,10,1,0,1,1,4000,1,0
4,10,1,0,1,1,4001,0,0
4,10,1,0,1,1,4001,1,0
4,10,1,0,1,2,4000,0,0
4,10,1,0,1,2,4000,1,0
4,10,1,0,1,2,4001,0,0
4,10,1,0,1,2,4001,1,0
4,10,1,0,2,0,4000,0,0
4,10,1,0,2,0,4000,1,0
4,10,1,0,2,0,4001,0,0
4,10,1,0,2,0,4001,1,0
4,10,1,0,2,1,4000,0,0
4,10,1,0,2,1,4000,1,0
4,10,1,0,2,1,4001,0,0
4,10,1,0,2,1,4001,1,0
4,10,1,0,2,2,4000,0,0
4,10,1,0,2,2,4000,1,0
4,10,1,0,2,2,4001,0,0
4,10,1,0,2,2,4001,1,0
4,10,1,1,0,0,4000,0,0
4,10,1,1,0,0,4000,1,0
4,10,1,1,0,0,4001,0,0
4,10,1,1,0,0,4001,1,0
4,10,1,1,0,1,4000,0,0
4,10,1,1,0,1,4000,1,0
4,10,1,1,0,1,4001,0,0
4,10,1,1,0,1,4001,1,0
4,10,1,1,0,2,4000,0,0
4,10,1,1,0,2,4000,1,0
4,10,1,1,0,2,4001,0,0
4,10,1,1,0,2,4001,1,0
4,10,1,1,1,0,4000,0,0
4,10,1,1,1,0,4000,1,0
4,10,1,1,1,0,4001,0,0
4,10,1,1,1,0,4001,1,0
4,10,1,1,1,1,4000,0,0
4,10,1,1,1,1,4000,1,0
4,10,1,1,1,1,4001,0,0
4,10,1,1,1,1,4001,1,0
4,10,1,1,1,2,4000,0,0
4,10,1,1,1,2,4000,1,0
4,10,1,1,1,2,4001,0,0
4,10,1,1,1,2,4001,1,0
4,10,1,1,2,0,4000,0,0
4,10,1,1,2,0,4000,1,0
4,10,1,1,2,0,4001,0,0
4,10,1,1,2,0,4001,1,0
4,10,1,1,2,1,4000,0,0
4,10,1,1,2,1,4000,1,0
4,10,1,1,2,1,4001,0,0
4,10,1,1,2,1,4001,1,0
4,10,1,1,2,2,4000,0,0
4,10,1,1,2,2,4000,1,0
4,10,1,1,2,2,4001,0,0
4,10,1,1,2,2,4001,1,0
4,10,1,2,0,0,4000,0,0
4,10,1,2,0,0,4000,1,0
4,10,1,2,0,0,4001,0,0
4,10,1,2,0,0,4001,1,0
4,10,1,2,0,1,4000,0,0
4,10,1,2,0,1,4000,1,0
4,10,1,2,0,1,4001,0,0
4,10,1,2,0,1,4001,1,0
4,10,1,2,0,2,4000,0,0
4,10,1,2,0,2,4000,1,0
4,10,1,2,0,2,4001,0,0
4,10,1,2,0,2,4001,1,0
4,10,1,2,1,0,4000,0,0
4,10,1,2,1,0,4000,1,0
4,10,1,2,1,0,4001,0,0
4,10,1,2,1,0,4001,1,0
4,10,1,2,1,1,4000,0,0
4,10,1,2,1,1,4000,1,0
4,10,1,2,1,1,4001,0,0
4,10,1,2,1,1,4001,1,0
4,10,1,2,1,2,4000,0,0
4,10,1,2,1,2,4000,1,0
4,10,1,2,1,2,4001,0,0
4,10,1,2,1,2,4001,1,0
4,10,1,2,2,0,4000,0,0
4,10,1,2,2,0,4000,1,0
4,10,1,2,2,0,4001,0,0
4,10,1,2,2,0,4001,1,0
4,10,1,2,2,1,4000,0,0
4,10,1,2,2,1,4000,1,0
4,10,1,2,2,1,4001,0,0
4,10,1,2,2,1,4001,1,0
4,10,1,2,2,2,4000,0,0
4,10,1,2,2,2,4000,1,0
4,10,1,2,2,2,4001,0,0
4,10,1,2,2,2,4001,1,0
4,10,1,3,0,0,4000,0,0
4,10,1,3,0,0,4000,1,0
4,10,1,3,0,0,4001,0,0
4,10,1,3,0,0,4001,1,0
4,10,1,3,0,1,4000,0,0
4,10,1,3,0,1,4000,1,0
4,10,1,3,0,1,4001,0,0
4,10,1,3,0,1,4001,1,0
4,10,1,3,0,2,4000,0,0
4,10,1,3,0,2,4000,1,0
4,10,1,3,0,2,4001,0,0
4,10,1,3,0,2,4001,1,0
4,10,1,3,1,0,4000,0,0
4,10,1,3,1,0,4000,1,0
4,10,1,3,1,0,4001,0,0
4,10,1,3,1,0,4001,1,0
4,10,1,3,1,1,4000,0,0
4,10,1,3,1,1,4000,1,0
4,10,1,3,1,1,4001,0,0
4,10,1,3,1,1,4001,1,0
4,10,1,3,1,2,4000,0,0
4,10,1,3,1,2,4000,1,0
4,10,1,3,1,2,4001,0,0
4,10,1,3,1,2,4001,1,0
4,10,1,3,2,0,4000,0,0
4,10,1,3,2,0,4000,1,0
4,10,1,3,2,0,4001,0,0
4,10,1,3,2,0,4001,1,0
4,10,1,3,2,1,4000,0,0
4,10,1,3,2,1,4000,1,0
4,10,1,3,2,1,4001,0,0
4,10,1,3,2,1,4001,1,0
4,10,1,3,2,2,4000,0,0
4,10,1,3,2,2,4000,1,0
4,10,1,3,2,2,4001,0,0
4,10,1,3,2,2,4001,1,0
4,10,2,0,0,0,4000,0,0
4,10,2,0,0,0,4000,1,0
4,10,2,0,0,0,4001,0,0
4,10,2,0,0,0,4001,1,0
4,10,2,0,0,1,4000,0,0
4,10,2,0,0,1,4000,1,0
4,10,2,0,0,1,4001,0,0
4,10,2,0,0,1,4001,1,0
4,10,2,0,0,2,4000,0,0
4,10,2,0,0,2,4000,1,0
4,10,2,0,0,2,4001,0,0
4,10,2,0,0,2,4001,1,0
4,10,2,0,1,0,4000,0,0
4,10,2,0,1,0,4000,1,0
4,10,2,0,1,0,4001,0,0
4,10,2,0,1,0,4001,1,0
4,10,2,0,1,1,4000,0,0
4,10,2,0,1,1,4000,1,0
4,10,2,0,1,1,4001,0,0
4,10,2,0,1,1,4001,1,0
4,10,2,0,1,2,4000,0,0
4,10,2,0,1,2,4000,1,0
4,10,2,0,1,2,4001,0,0
4,10,2,0,1,2,4001,1,0
4,10,2,0,2,0,4000,0,0
4,10,2,0,2,0,4000,1,0
4,10,2,0,2,0,4001,0,0
4,10,2,0,2,0,4001,1,0
4,10,2,0,2,1,4000,0,0
4,10,2,0,2,1,4000,1,0
4,10,2,0,2,1,4001,0,0
4,10,2,0,2,1,4001,1,0
4,10,2,0,2,2,4000,0,0
4,10,2,0,2,2,4000,1,0
4,10,2,0,2,2,4001,0,0
4,10,2,0,2,2,4001,1,0
4,10,2,1,0,0,4000,0,0
4,10,2,1,0,0,4000,1,0
4,10,2,1,0,0,4001,0,0
4,10,2,1,0,0,4001,1,0
4,10,2,1,0,1,4000,0,0
4,10,2,1,0,1,4000,1,0
4,10,2,1,0,1,4001,0,0
4,10,2,1,0,1,4001,1,0
4,10,2,1,0,2,4000,0,0
4,10,2,1,0,2,4000,1,0
4,10,2,1,0,2,4001,0,0
4,10,2,1,0,2,4001,1,0
4,10,2,1,1,0,4000,0,0
4,10,2,1,1,0,4000,1,0
4,10,2,1,1,0,4001,0,0
4,10,2,1,1,0,4001,1,0
4,10,2,1,1,1,4000,0,0
4,10,2,1,1,1,4000,1,0
4,10,2,1,1,1,4001,0,0
4,10,2,1,1,1,4001,1,0
4,10,2,1,1,2,4000,0,0
4,10,2,1,1,2,4000,1,0
4,10,2,1,1,2,4001,0,0
4,10,2,1,1,2,4001,1,0
4,10,2,1,2,0,4000,0,0
4,10,2,1,2,0,4000,1,0
4,10,2,1,2,0,4001,0,0
4,10,2,1,2,0,4001,1,0
4,10,2,1,2,1,4000,0,0
4,10,2,1,2,1,4000,1,0
4,10,2,1,2,1,4001,0,0
4,10,2,1,2,1,4001,1,0
4,10,2,1,2,2,4000,0,0
4,10,2,1,2,2,4000,1,0
4,10,2,1,2,2,4001,0,0
4,10,2,1,2,2,4001,1,0
4,10,2,2,0,0,4000,0,0
4,10,2,2,0,0,4000,1,0
4,10,2,2,0,0,4001,0,0
4,10,2,2,0,0,4001,1,0
4,10,2,2,0,1,4000,0,0.5
4,10,2,2,0,1,4000,1,0.5
4,10,2,2,0,1,4001,0,0
4,10,2,2,0,1,4001,1,0
4,10,2,2,0,2,4000,0,0
4,10,2,2,0,2,4000,1,0
4,10,2,2,0,2,4001,0,0
4,10,2,2,0,2,4001,1,0
4,10,2,2,1,0,4000,0,0
4,10,2,2,1,0,4000,1,0
4,10,2,2,1,0,4001,0,0
4,10,2,2,1,0,4001,1,0
4,10,2,2,1,1,4000,0,0
4,10,2,2,1,1,4000,1,0
4,10,2,2,1,1,4001,0,0
4,10,2,2,1,1,4001,1,0
4,10,2,2,1,2,4000,0,0
4,10,2,2,1,2,4000,1,0
4,10,2,2,1,2,4001,0,0
4,10,2,2,1,2,4001,1,0
4,10,2,2,2,0,4000,0,0
4,10,2,2,2,0,4000,1,0
4,10,2,2,2,0,4001,0,0
4,10,2,2,2,0,4001,1,0
4,10,2,2,2,1,4000,0,0
4,10,2,2,2,1,4000,1,0
4,10,2,2,2,1,4001,0,0
4,10,2,2,2,1,4001,1,0
4,10,2,2,2,2,4000,0,0
4,10,2,2,2,2,4000,1,0
4,10,2,2,2,2,4001,0,0
4,10,2,2,2,2,4001,1,0
4,10,2,3,0,0,4000,0,0
4,10,2,3,0,0,4000,1,0
4,10,2,3,0,0,4001,0,0
4,10,2,3,0,0,4001,1,0
4,10,2,3,0,1,4000,0,0
4,10,2,3,0,1,4000,1,0
4,10,2,3,0,1,4001,0,0
4,10,2,3,0,1,4001,1,0
4,10,2,3,0,2,4000,0,0
4,10,2,3,0,2,4000,1,0
4,10,2,3,0,2,4001,0,0
4,10,2,3,0,2,4001,1,0
4,10,2,3,1,0,4000,0,0
4,10,2,3,1,0,4000,1,0
4,10,2,3,1,0,4001,0,0
4,10,2,3,1,0,4001,1,0
4,10,2,3,1,1,4000,0,0
4,10,2,3,1,1,4000,1,0
4,10,2,3,1,1,4001,0,0
4,10,2,3,1,1,4001,1,0
4,10,2,3,1,2,4000,0,0
4,10,2,3,1,2,4000,1,0
4,10,2,3,1,2,4001,0,0
4,10,2,3,1,2,4001,1,0
4,10,2,3,2,0,4000,0,0
4,10,2,3,2,0,4000,1,0
4,10,2,3,2,0,4001,0,0
4,10,2,3,2,0,4001,1,0
4,10,2,3,2,1,4000,0,0
4,10,2,3,2,1,4000,1,0
4,10,2,3,2,1,4001,0,0
4,10,2,3,2,1,4001,1,0
4,10,2,3,2,2,4000,0,0
4,10,2,3,2,2,4000,1,0
4,10,2,3,2,2,4001,0,0
4,10,2,3,2,2,4001,1,0
4,10,3,0,0,0,4000,0,0
4,10,3,0,0,0,4000,1,0
4,10,3,0,0,0,4001,0,0
4,10,3,0,0,0,4001,1,0
4,10,3,0,0,1,4000,0,0
4,10,3,0,0,1,4000,1,0
4,10,3,0,0,1,4001,0,0
4,10,3,0,0,1,4001,1,0
4,10,3,0,0,2,4000,0,0
4,10,3,0,0,2,4000,1,0
4,10,3,0,0,2,4001,0,0
4,10,3,0,0,2,4001,1,0
4,10,3,0,1,0,4000,0,0
4,10,3,0,1,0,4000,1,0
4,10,3,0,1,0,4001,0,0
4,10,3,0,1,0,4001,1,0
4,10,3,0,1,1,4000,0,0
4,10,3,0,1,1,4000,1,0
4,10,3,0,1,1,4001,0,0
4,10,3,0,1,1,4001,1,0
4,10,3,0,1,2,4000,0,0
4,10,3,0,1,2,4000,1,0
4,10,3,0,1,2,4001,0,0
4,10,3,0,1,2,4001,1,0
4,10,3,0,2,0,4000,0,0
4,10,3,0,2,0,4000,1,0
4,10,3,0,2,0,4001,0,0
4,10,3,0,2,0,4001,1,0
4,10,3,0,2,1,4000,0,0
4,10,3,0,2,1,4000,1,0
4,10,3,0,2,1,4001,0,1
4,10,3,0,2,1,4001,1,0
4,10,3,0,2,2,4000,0,0
4,10,3,0,2,2,4000,1,0
4,10,3,0,2,2,4001,0,0
4,10,3,0,2,2,4001,1,0
4,10,3,1,0,0,4000,0,0
4,10,3,1,0,0,4000,1,0
4,10,3,1,0,0,4001,0,0
4,10,3,1,0,0,4001,1,0
4,10,3,1,0,1,4000,0,0
4,10,3,1,0,1,4000,1,0
4,10,3,1,0,1,4001,0,0
4,10,3,1,0,1,4001,1,0
4,10,3,1,0,2,4000,0,0
4,10,3,1,0,2,4000,1,0
4,10,3,1,0,2,4001,0,0
4,10,3,1,0,2,4001,1,0
4,10,3,1,1,0,4000,0,0
4,10,3,1,1,0,4000,1,0
4,10,3,1,1,0,4001,0,0
4,10,3,1,1,0,4001,1,0
4,10,3,1,1,1,4000,0,0
4,10,3,1,1,1,4000,1,0
4,10,3,1,1,1,4001,0,0
4,10,3,1,1,1,4001,1,0
4,10,3,1,1,2,4000,0,0
4,10,3,1,1,2,4000,1,0
4,10,3,1,1,2,4001,0,0
4,10,3,1,1,2,4001,1,0
4,10,3,1,2,0,4000,0,0
4,10,3,1,2,0,4000,1,0
4,10,3,1,2,0,4001,0,0
4,10,3,1,2,0,4001,1,0
4,10,3,1,2,1,4000,0,0
4,10,3,1,2,1,4000,1,0
4,10,3,1,2,1,4001,0,0
4,10,3,1,2,1,4001,1,0
4,10,3,1,2,2,4000,0,0
4,10,3,1,2,2,4000,1,0
4,10,3,1,2,2,4001,0,0
4,10,3,1,2,2,4001,1,0
4,10,3,2,0,0,4000,0,0
4,10,3,2,0,0,4000,1,0
4,10,3,2,0,0,4001,0,0
4,10,3,2,0,0,4001,1,0
4,10,3,2,0,1,4000,0,0
4,10,3,2,0,1,4000,1,0
4,10,3,2,0,1,4001,0,0
4,10,3,2,0,1,4001,1,0
4,10,3,2,0,2,4000,0,0
4,10,3,2,0,2,4000,1,0
4,10,3,2,0,2,4001,0,0
4,10,3,2,0,2,4001,1,0
4,10,3,2,1,0,4000,0,0
4,10,3,2,1,0,4000,1,0
4,10,3,2,1,0,4001,0,0
4,10,3,2,1,0,4001,1,0
4,10,3,2,1,1,4000,0,0
4,10,3,2,1,1,4000,1,0
4,10,3,2,1,1,4001,0,0
4,10,3,2,1,1,4001,1,0
4,10,3,2,1,2,4000,0,0
4,10,3,2,1,2,4000,1,0
4,10,3,2,1,2,4001,0,0
4,10,3,2,1,2,4001,1,0
4,10,3,2,2,0,4000,0,0
4,10,3,2,2,0,4000,1,0
4,10,3,2,2,0,4001,0,0
4,10,3,2,2,0,4001,1,0
4,10,3,2,2,1,4000,0,0
4,10,3,2,2,1,4000,1,0
4,10,3,2,2,1,4001,0,0
4,10,3,2,2,1,4001,1,0
4,10,3,2,2,2,4000,0,0
4,10,3,2,2,2,4000,1,0
4,10,3,2,2,2,4001,0,0
4,10,3,2,2,2,4001,1,0
4,10,3,3,0,0,4000,0,0
4,10,3,3,0,0,4000,1,0
4,10,3,3,0,0,4001,0,0
4,10,3,3,0,0,4001,1,0
4,10,3,3,0,1,4000,0,0
4,10,3,3,0,1,4000,1,0
4,10,3,3,0,1,4001,0,0
4,10,3,3,0,1,4001,1,0
4,10,3,3,0,2,4000,0,0
4,10,3,3,0,2,4000,1,0
4,10,3,3,0,2,4001,0,0
4,10,3,3,0,2,4001,1,0
4,10,3,3,1,0,4000,0,0
4,10,3,3,1,0,4000,1,0
4,10,3,3,1,0,4001,0,0
4,10,3,3,1,0,4001,1,0
4,10,3,3,1,1,4000,0,0
4,10,3,3,1,1,4000,1,0
4,10,3,3,1,1,4001,0,0
4,10,3,3,1,1,4001,1,0
4,10,3,3,1,2,4000,0,0
4,10,3,3,1,2,4000,1,0
4,10,3,3,1,2,4001,0,0
4,10,3,3,1,2,4001,1,0
4,10,3,3,2,0,4000,0,0
4,10,3,3,2,0,4000,1,0
4,10,3,3,2,0,4001,0,0
4,10,3,3,2,0,4001,1,0
4,10,3,3,2,1,4000,0,0
4,10,3,3,2,1,4000,1,0
4,10,3,3,2,1,4001,0,0
4,10,3,3,2,1,4001,1,0
4,10,3,3,2,2,4000,0,0
4,10,3,3,2,2,4000,1,0
4,10,3,3,2,2,4001,0,0
4,10,3,3,2,2,4001,1,0
4,35,0,0,0,0,4000,0,0
4,35,0,0,0,0,4000,1,0
4,35,0,0,0,0,4001,0,0
4,35,0,0,0,0,4001,1,0
4,35,0,0,0,1,4000,0,0
4,35,0,0,0,1,4000,1,0
4,35,0,0,0,1,4001,0,0
4,35,0,0,0,1,4001,1,0
4,35,0,0,0,2,4000,0,0
4,35,0,0,0,2,4000,1,0
4,35,0,0,0,2,4001,0,0
4,35,0,0,0,2,4001,1,0
4,35,0,0,1,0,4000,0,0
4,35,0,0,1,0,4000,1,0
4,35,0,0,1,0,4001,0,0
4,35,0,0,1,0,4001,1,0
4,35,0,0,1,1,4000,0,0
4,35,0,0,1,1,4000,1,0
4,35,0,0,1,1,4001,0,0
4,35,0,0,1,1,4001,1,0
4,35,0,0,1,2,4000,0,0
4,35,0,0,1,2,4000,1,0
4,35,0,0,1,2,4001,0,0
4,35,0,0,1,2,4001,1,0
4,35,0,0,2,0,4000,0,0
4,35,0,0,2,0,4000,1,0
4,35,0,0,2,0,4001,0,0
4,35,0,0,2,0,4001,1,0
4,35,0,0,2,1,4000,0,0
4,35,0,0,2,1,4000,1,0
4,35,0,0,2,1,4001,0,0
4,35,0,0,2,1,4001,1,0
4,35,0,0,2,2,4000,0,0
4,35,0,0,2,2,4000,1,0
4,35,0,0,2,2,4001,0,0
4,35,0,0,2,2,4001,1,0
4,35,0,1,0,0,4000,0,0
4,35,0,1,0,0,4000,1,0
4,35,0,1,0,0,4001,0,0
4,35,0,1,0,0,4001,1,0
4,35,0,1,0,1,4000,0,0
4,35,0,1,0,1,4000,1,0
4,35,0,1,0,1,4001,0,0
4,35,0,1,0,1,4001,1,0
4,35,0,1,0,2,4000,0,0
4,35,0,1,0,2,4000,1,0
4,35,0,1,0,2,4001,0,0
4,35,0,1,0,2,4001,1,0
4,35,0,1,1,0,4000,0,0
4,35,0,1,1,0,4000,1,0
4,35,0,1,1,0,4001,0,0
4,35,0,1,1,0,4001,1,0.5
4,35,0,1,1,1,4000,0,0
4,35,0,1,1,1,4000,1,0
4,35,0,1,1,1,4001,0,0
4,35,0,1,1,1,4001,1,0
4,35,0,1,1,2,4000,0,0
4,35,0,1,1,2,4000,1,0
4,35,0,1,1,2,4001,0,0
4,35,0,1,1,2,4001,1,0
4,35,0,1,2,0,4000,0,0
4,35,0,1,2,0,4000,1,0
4,35,0,1,2,0,4001,0,0
4,35,0,1,2,0,4001,1,0
4,35,0,1,2,1,4000,0,0
4,35,0,1,2,1,4000,1,0
4,35,0,1,2,1,4001,0,0
4,35,0,1,2,1,4001,1,0
4,35,0,1,2,2,4000,0,0
4,35,0,1,2,2,4000,1,0
4,35,0,1,2,2,4001,0,0
4,35,0,1,2,2,4001,1,0
4,35,0,2,0,0,4000,0,0
4,35,0,2,0,0,4000,1,0
4,35,0,2,0,0,4001,0,0
4,35,0,2,0,0,4001,1,0
4,35,0,2,0,1,4000,0,0
4,35,0,2,0,1,4000,1,0
4,35,0,2,0,1,4001,0,0
4,35,0,2,0,1,4001,1,0
4,35,0,2,0,2,4000,0,0
4,35,0,2,0,2,4000,1,0
4,35,0,2,0,2,4001,0,0
4,35,0,2,0,2,4001,1,0
4,35,0,2,1,0,4000,0,0
4,35,0,2,1,0,4000,1,0
4,35,0,2,1,0,4001,0,0
4,35,0,2,1,0,4001,1,0
4,35,0,2,1,1,4000,0,0
4,35,0,2,1,1,4000,1,0
4,35,0,2,1,1,4001,0,0
4,35,0,2,1,1,4001,1,0
4,35,0,2,1,2,4000,0,0
4,35,0,2,1,2,4000,1,0
4,35,0,2,1,2,4001,0,0
4,35,0,2,1,2,4001,1,0
4,35,0,2,2,0,4000,0,0
4,35,0,2,2,0,4000,1,0
4,35,0,2,2,0,4001,0,0
4,35,0,2,2,0,4001,1,0
4,35,0,2,2,1,4000,0,0
4,35,0,2,2,1,4000,1,0
4,35,0,2,2,1,4001,0,0
4,35,0,2,2,1,4001,1,0
4,35,0,2,2,2,4000,0,0
4,35,0,2,2,2,4000,1,0
4,35,0,2,2,2,4001,0,0
4,35,0,2,2,2,4001,1,0
4,35,0,3,0,0,4000,0,0
4,35,0,3,0,0,4000,1,0
4,35,0,3,0,0,4001,0,0
4,35,0,3,0,0,4001,1,0
4,35,0,3,0,1,4000,0,0
4,35,0,3,0,1,4000,1,0
4,35,0,3,0,1,4001,0,0
4,35,0,3,0,1,4001,1,0
4,35,0,3,0,2,4000,0,0
4,35,0,3,0,2,4000,1,0
4,35,0,3,0,2,4001,0,0
4,35,0,3,0,2,4001,1,0
4,35,0,3,1,0,4000,0,0
4,35,0,3,1,0,4000,1,0
4,35,0,3,1,0,4001,0,0
4,35,0,3,1,0,4001,1,0
4,35,0,3,1,1,4000,0,0
4,35,0,3,1,1,4000,1,0
4,35,0,3,1,1,4001,0,0
4,35,0,3,1,1,4001,1,0
4,35,0,3,1,2,4000,0,0
4,35,0,3,1,2,4000,1,0
4,35,0,3,1,2,4001,0,0
4,35,0,3,1,2,4001,1,0
4,35,0,3,2,0,4000,0,0
4,35,0,3,2,0,4000,1,0
4,35,0,3,2,0,4001,0,0
4,35,0,3,2,0,4001,1,0
4,35,0,3,2,1,4000,0,0
4,35,0,3,2,1,4000,1,0
4,35,0,3,2,1,4001,0,0
4,35,0,3,2,1,4001,1,0
4,35,0,3,2,2,4000,0,0
4,35,0,3,2,2,4000,1,0
4,35,0,3,2,2,4001,0,0
4,35,0,3,2,2,4001,1,0
4,35,1,0,0,0,4000,0,0
4,35,1,0,0,0,4000,1,0
4,35,1,0,0,0,4001,0,0
4,35,1,0,0,0,4001,1,0
4,35,1,0,0,1,4000,0,0
4,35,1,0,0,1,4000,1,0
4,35,1,0,0,1,4001,0,0
4,35,1,0,0,1,4001,1,0
4,35,1,0,0,2,4000,0,0
4,35,1,0,0,2,4000,1,0
4,35,1,0,0,2,4001,0,0
4,35,1,0,0,2,4001,1,0
4,35,1,0,1,0,4000,0,0
4,35,1,0,1,0,4000,1,0
4,35,1,0,1,0,4001,0,0
4,35,1,0,1,0,4001,1,0
4,35,1,0,1,1,4000,0,0
4,35,1,0,1,1,4000,1,0
4,35,1,0,1,1,4001,0,0
4,35,1,0,1,1,4001,1,0
4,35,1,0,1,2,4000,0,0
4,35,1,0,1,2,4000,1,0
4,35,1,0,1,2,4001,0,0
4,35,1,0,1,2,4001,1,0
4,35,1,0,2,0,4000,0,0
4,35,1,0,2,0,4000,1,0
4,35,1,0,2,0,4001,0,0
4,35,1,0,2,0,4001,1,0
4,35,1,0,2,1,4000,0,0
4,35,1,0,2,1,4000,1,0
4,35,1,0,2,1,4001,0,0
4,35,1,0,2,1,4001,1,0
4,35,1,0,2,2,4000,0,0
4,35,1,0,2,2,4000,1,0
4,35,1,0,2,2,4001,0,0
4,35,1,0,2,2,4001,1,0
4,35,1,1,0,0,4000,0,0
4,35,1,1,0,0,4000,1,0
4,35,1,1,0,0,4001,0,0
4,35,1,1,0,0,4001,1,0
4,35,1,1,0,1,4000,0,0
4,35,1,1,0,1,4000,1,0
4,35,1,1,0,1,4001,0,0
4,35,1,1,0,1,4001,1,0
4,35,1,1,0,2,4000,0,0
4,35,1,1,0,2,4000,1,0
4,35,1,1,0,2,4001,0,0
4,35,1,1,0,2,4001,1,0
4,35,1,1,1,0,4000,0,0
4,35,1,1,1,0,4000,1,0
4,35,1,1,1,0,4001,0,0
4,35,1,1,1,0,4001,1,0
4,35,1,1,1,1,4000,0,0
4,35,1,1,1,1,4000,1,0
4,35,1,1,1,1,4001,0,0
4,35,1,1,1,1,4001,1,0
4,35,1,1,1,2,4000,0,0
4,35,1,1,1,2,4000,1,0
4,35,1,1,1,2,4001,0,0
4,35,1,1,1,2,4001,1,0
4,35,1,1,2,0,4000,0,0
4,35,1,1,2,0,4000,1,0
4,35,1,1,2,0,4001,0,0
4,35,1,1,2,0,4001,1,0
4,35,1,1,2,1,4000,0,0
4,35,1,1,2,1,4000,1,0
4,35,1,1,2,1,4001,0,0
4,35,1,1,2,1,4001,1,0
4,35,1,1,2,2,4000,0,0
4,35,1,1,2,2,4000,1,0
4,35,1,1,2,2,4001,0,0
4,35,1,1,2,2,4001,1,0
4,35,1,2,0,0,4000,0,0
4,35,1,2,0,0,4000,1,0
4,35,1,2,0,0,4001,0,0
4,35,1,2,0,0,4001,1,0
4,35,1,2,0,1,4000,0,0
4,35,1,2,0,1,4000,1,0
4,35,1,2,0,1,4001,0,0
4,35,1,2,0,1,4001,1,0
4,35,1,2,0,2,4000,0,0
4,35,1,2,0,2,4000,1,0
4,35,1,2,0,2,4001,0,0
4,35,1,2,0,2,4001,1,0
4,35,1,2,1,0,4000,0,0
4,35,1,2,1,0,4000,1,0
4,35,1,2,1,0,4001,0,0
4,35,1,2,1,0,4001,1,0
4,35,1,2,1,1,4000,0,0
4,35,1,2,1,1,4000,1,0
4,35,1,2,1,1,4001,0,0
4,35,1,2,1,1,4001,1,0
4,35,1,2,1,2,4000,0,0
4,35,1,2,1,2,4000,1,0
4,35,1,2,1,2,4001,0,0
4,35,1,2,1,2,4001,1,0
4,35,1,2,2,0,4000,0,0
4,35,1,2,2,0,4000,1,0
4,35,1,2,2,0,4001,0,0
4,35,1,2,2,0,4001,1,0
4,35,1,2,2,1,4000,0,0
4,35,1,2,2,1,4000,1,0
4,35,1,2,2,1,4001,0,0
4,35,1,2,2,1,4001,1,0
4,35,1,2,2,2,4000,0,0
4,35,1,2,2,2,4000,1,0
4,35,1,2,2,2,4001,0,0
4,35,1,2,2,2,4001,1,0
4,35,1,3,0,0,4000,0,0
4,35,1,3,0,0,4000,1,0
4,35,1,3,0,0,4001,0,0
4,35,1,3,0,0,4001,1,0
4,35,1,3,0,1,4000,0,0
4,35,1,3,0,1,4000,1,0
4,35,1,3,0,1,4001,0,0
4,35,1,3,0,1,4001,1,0
4,35,1,3,0,2,4000,0,0
4,35,1,3,0,2,4000,1,0
4,35,1,3,0,2,4001,0,0
4,35,1,3,0,2,4001,1,0
4,35,1,3,1,0,4000,0,0
4,35,1,3,1,0,4000,1,0
4,35,1,3,1,0,4001,0,0
4,35,1,3,1,0,4001,1,0
4,35,1,3,1,1,4000,0,0
4,35,1,3,1,1,4000,1,0
4,35,1,3,1,1,4001,0,0
4,35,1,3,1,1,4001,1,0
4,35,1,3,1,2,4000,0,0
4,35,1,3,1,2,4000,1,0
4,35,1,3,1,2,4001,0,0
4,35,1,3,1,2,4001,1,0
4,35,1,3,2,0,4000,0,0
4,35,1,3,2,0,4000,1,0
4,35,1,3,2,0,4001,0,0
4,35,1,3,2,0,4001,1,0
4,35,1,3,2,1,4000,0,0
4,35,1,3,2,1,4000,1,0
4,35,1,3,2,1,4001,0,0
4,35,1,3,2,1,4001,1,0
4,35,1,3,2,2,4000,0,0
4,35,1,3,2,2,4000,1,0
4,35,1,3,2,2,4001,0,0
4,35,1,3,2,2,4001,1,0
4,35,2,0,0,0,4000,0,0
4,35,2,0,0,0,4000,1,0
4,35,2,0,0,0,4001,0,0
4,35,2,0,0,0,4001,1,0
4,35,2,0,0,1,4000,0,0
4,35,2,0,0,1,4000,1,0
4,35,2,0,0,1,4001,0,0
4,35,2,0,0,1,4001,1,0
4,35,2,0,0,2,4000,0,0
4,35,2,0,0,2,4000,1,0
4,35,2,0,0,2,4001,0,0
4,35,2,0,0,2,4001,1,0
4,35,2,0,1,0,4000,0,0
4,35,2,0,1,0,4000,1,0
4,35,2,0,1,0,4001,0,0
4,35,2,0,1,0,4001,1,0
4,35,2,0,1,1,4000,0,0
4,35,2,0,1,1,4000,1,0
4,35,2,0,1,1,4001,0,0
4,35,2,0,1,1,4001,1,0
4,35,2,0,1,2,4000,0,0
4,35,2,0,1,2,4000,1,0
4,35,2,0,1,2,4001,0,0
4,35,2,0,1,2,4001,1,0
4,35,2,0,2,0,4000,0,0
4,35,2,0,2,0,4000,1,0
4,35,2,0,2,0,4001,0,0
4,35,2,0,2,0,4001,1,0
4,35,2,0,2,1,4000,0,0
4,35,2,0,2,1,4000,1,0
4,35,2,0,2,1,4001,0,0
4,35,2,0,2,1,4001,1,0
4,35,2,0,2,2,4000,0,0
4,35,2,0,2,2,4000,1,0
4,35,2,0,2,2,4001,0,0
4,35,2,0,2,2,4001,1,0
4,35,2,1,0,0,4000,0,0
4,35,2,1,0,0,4000,1,0
4,35,2,1,0,0,4001,0,0
4,35,2,1,0,0,4001,1,0
4,35,2,1,0,1,4000,0,0
4,35,2,1,0,1,4000,1,0
4,35,2,1,0,1,4001,0,0
4,35,2,1,0,1,4001,1,0
4,35,2,1,0,2,4000,0,0
4,35,2,1,0,2,4000,1,0
4,35,2,1,0,2,4001,0,0
4,35,2,1,0,2,4001,1,0
4,35,2,1,1,0,4000,0,0
4,35,2,1,1,0,4000,1,0
4,35,2,1,1,0,4001,0,0
4,35,2,1,1,0,4001,1,0
4,35,2,1,1,1,4000,0,0
4,35,2,1,1,1,4000,1,0
4,35,2,1,1,1,4001,0,0
4,35,2,1,1,1,4001,1,0
4,35,2,1,1,2,4000,0,0
4,35,2,1,1,2,4000,1,0
4,35,2,1,1,2,4001,0,0
4,35,2,1,1,2,4001,1,0
4,35,2,1,2,0,4000,0,0
4,35,2,1,2,0,4000,1,0
4,35,2,1,2,0,4001,0,0
4,35,2,1,2,0,4001,1,0
4,35,2,1,2,1,4000,0,0
4,35,2,1,2,1,4000,1,0
4,35,2,1,2,1,4001,0,0
4,35,2,1,2,1,4001,1,0
4,35,2,1,2,2,4000,0,0
4,35,2,1,2,2,4000,1,0
4,35,2,1,2,2,4001,0,0
4,35,2,1,2,2,4001,1,0
4,35,2,2,0,0,4000,0,0
4,35,2,2,0,0,4000,1,0
4,35,2,2,0,0,4001,0,0
4,35,2,2,0,0,4001,1,0
4,35,2,2,0,1,4000,0,0
4,35,2,2,0,1,4000,1,0
4,35,2,2,0,1,4001,0,0
4,35,2,2,0,1,4001,1,0
4,35,2,2,0,2,4000,0,0
4,35,2,2,0,2,4000,1,0
4,35,2,2,0,2,4001,0,0
4,35,2,2,0,2,4001,1,0
4,35,2,2,1,0,4000,0,0
4,35,2,2,1,0,4000,1,0
4,35,2,2,1,0,4001,0,0
4,35,2,2,1,0,4001,1,0
4,35,2,2,1,1,4000,0,0
4,35,2,2,1,1,4000,1,0
4,35,2,2,1,1,4001,0,0
4,35,2,2,1,1,4001,1,0
4,35,2,2,1,2,4000,0,0
4,35,2,2,1,2,4000,1,0
4,35,2,2,1,2,4001,0,0
4,35,2,2,1,2,4001,1,0
4,35,2,2,2,0,4000,0,0
4,35,2,2,2,0,4000,1,0
4,35,2,2,2,0,4001,0,0
4,35,2,2,2,0,4001,1,0
4,35,2,2,2,1,4000,0,0
4,35,2,2,2,1,4000,1,0
4,35,2,2,2,1,4001,0,0
4,35,2,2,2,1,4001,1,0
4,35,2,2,2,2,4000,0,0
4,35,2,2,2,2,4000,1,0
4,35,2,2,2,2,4001,0,0
4,35,2,2,2,2,4001,1,0
4,35,2,3,0,0,4000,0,0
4,35,2,3,0,0,4000,1,0
4,35,2,3,0,0,4001,0,0
4,35,2,3,0,0,4001,1,0
4,35,2,3,0,1,4000,0,0
4,35,2,3,0,1,4000,1,0
4,35,2,3,0,1,4001,0,0
4,35,2,3,0,1,4001,1,0
4,35,2,3,0,2,4000,0,0
4,35,2,3,0,2,4000,1,0
4,35,2,3,0,2,4001,0,0
4,35,2,3,0,2,4001,1,0
4,35,2,3,1,0,4000,0,0
4,35,2,3,1,0,4000,1,0
4,35,2,3,1,0,4001,0,0
4,35,2,3,1,0,4001,1,0
4,35,2,3,1,1,4000,0,0
4,35,2,3,1,1,4000,1,0
4,35,2,3,1,1,4001,0,0
4,35,2,3,1,1,4001,1,0
4,35,2,3,1,2,4000,0,0
4,35,2,3,1,2,4000,1,0
4,35,2,3,1,2,4001,0,0
4,35,2,3,1,2,4001,1,0
4,35,2,3,2,0,4000,0,0
4,35,2,3,2,0,4000,1,0
4,35,2,3,2,0,4001,0,0
4,35,2,3,2,0,4001,1,0
4,35,2,3,2,1,4000,0,0
4,35,2,3,2,1,4000,1,0
4,35,2,3,2,1,4001,0,0
4,35,2,3,2,1,4001,1,0
4,35,2,3,2,2,4000,0,0
4,35,2,3,2,2,4000,1,0
4,35,2,3,2,2,4001,0,0
4,35,2,3,2,2,4001,1,0
4,35,3,0,0,0,4000,0,0
4,35,3,0,0,0,4000,1,0
4,35,3,0,0,0,4001,0,0
4,35,3,0,0,0,4001,1,0
4,35,3,0,0,1,4000,0,0
4,35,3,0,0,1,4000,1,0
4,35,3,0,0,1,4001,0,0
4,35,3,0,0,1,4001,1,0
4,35,3,0,0,2,4000,0,0
4,35,3,0,0,2,4000,1,0
4,35,3,0,0,2,4001,0,0
4,35,3,0,0,2,4001,1,0
4,35,3,0,1,0,4000,0,0
4,35,3,0,1,0,4000,1,0
4,35,3,0,1,0,4001,0,0
4,35,3,0,1,0,4001,1,0
4,35,3,0,1,1,4000,0,0
4,35,3,0,1,1,4000,1,0
4,35,3,0,1,1,4001,0,0
4,35,3,0,1,1,4001,1,0
4,35,3,0,1,2,4000,0,0
4,35,3,0,1,2,4000,1,0
4,35,3,0,1,2,4001,0,0
4,35,3,0,1,2,4001,1,0
4,35,3,0,2,0,4000,0,0
4,35,3,0,2,0,4000,1,0
4,35,3,0,2,0,4001,0,0
4,35,3,0,2,0,4001,1,0
4,35,3,0,2,1,4000,0,0
4,35,3,0,2,1,4000,1,0
4,35,3,0,2,1,4001,0,0
4,35,3,0,2,1,4001,1,0
4,35,3,0,2,2,4000,0,0
4,35,3,0,2,2,4000,1,0
4,35,3,0,2,2,4001,0,0
4,35,3,0,2,2,4001,1,0
4,35,3,1,0,0,4000,0,0
4,35,3,1,0,0,4000,1,0
4,35,3,1,0,0,4001,0,0
4,35,3,1,0,0,4001,1,0
4,35,3,1,0,1,4000,0,0
4,35,3,1,0,1,4000,1,0
4,35,3,1,0,1,4001,0,0
4,35,3,1,0,1,4001,1,0
4,35,3,1,0,2,4000,0,0
4,35,3,1,0,2,4000,1,0
4,35,3,1,0,2,4001,0,0
4,35,3,1,0,2,4001,1,0
4,35,3,1,1,0,4000,0,0
4,35,3,1,1,0,4000,1,0
4,35,3,1,1,0,4001,0,0
4,35,3,1,1,0,4001,1,0
4,35,3,1,1,1,4000,0,0
4,35,3,1,1,1,4000,1,0
4,35,3,1,1,1,4001,0,0
4,35,3,1,1,1,4001,1,0
4,35,3,1,1,2,4000,0,0
4,35,3,1,1,2,4000,1,0
4,35,3,1,1,2,4001,0,0
4,35,3,1,1,2,4001,1,0
4,35,3,1,2,0,4000,0,1
4,35,3,1,2,0,4000,1,0
4,35,3,1,2,0,4001,0,0
4,35,3,1,2,0,4001,1,0
4,35,3,1,2,1,4000,0,0
4,35,3,1,2,1,4000,1,0
4,35,3,1,2,1,4001,0,0
4,35,3,1,2,1,4001,1,0
4,35,3,1,2,2,4000,0,0
4,35,3,1,2,2,4000,1,0
4,35,3,1,2,2,4001,0,0
4,35,3,1,2,2,4001,1,0
4,35,3,2,0,0,4000,0,0
4,35,3,2,0,0,4000,1,0
4,35,3,2,0,0,4001,0,0
4,35,3,2,0,0,4001,1,0
4,35,3,2,0,1,4000,0,0
4,35,3,2,0,1,4000,1,0
4,35,3,2,0,1,4001,0,0
4,35,3,2,0,1,4001,1,0
4,35,3,2,0,2,4000,0,0
4,35,3,2,0,2,4000,1,0
4,35,3,2,0,2,4001,0,0
4,35,3,2,0,2,4001,1,0
4,35,3,2,1,0,4000,0,0
4,35,3,2,1,0,4000,1,0
4,35,3,2,1,0,4001,0,0
4,35,3,2,1,0,4001,1,0
4,35,3,2,1,1,4000,0,0
4,35,3,2,1,1,4000,1,0
4,35,3,2,1,1,4001,0,0
4,35,3,2,1,1,4001,1,0
4,35,3,2,1,2,4000,0,0
4,35,3,2,1,2,4000,1,0
4,35,3,2,1,2,4001,0,0
4,35,3,2,1,2,4001,1,0
4,35,3,2,2,0,4000,0,0
4,35,3,2,2,0,4000,1,0
4,35,3,2,2,0,4001,0,0
4,35,3,2,2,0,4001,1,0
4,35,3,2,2,1,4000,0,0
4,35,3,2,2,1,4000,1,0
4,35,3,2,2,1,4001,0,0
4,35,3,2,2,1,4001,1,0
4,35,3,2,2,2,4000,0,0
4,35,3,2,2,2,4000,1,0
4,35,3,2,2,2,4001,0,0
4,35,3,2,2,2,4001,1,0
4,35,3,3,0,0,4000,0,0
4,35,3,3,0,0,4000,1,0
4,35,3,3,0,0,4001,0,0
4,35,3,3,0,0,4001,1,0
4,35,3,3,0,1,4000,0,0
4,35,3,3,0,1,4000,1,0
4,35,3,3,0,1,4001,0,0
4,35,3,3,0,1,4001,1,0
4,35,3,3,0,2,4000,0,0
4,35,3,3,0,2,4000,1,0
4,35,3,3,0,2,4001,0,0
4,35,3,3,0,2,4001,1,0
4,35,3,3,1,0,4000,0,0
4,35,3,3,1,0,4000,1,0
4,35,3,3,1,0,4001,0,0
4,35,3,3,1,0,4001,1,0
4,35,3,3,1,1,4000,0,0
4,35,3,3,1,1,4000,1,0
4,35,3,3,1,1,4001,0,0
4,35,3,3,1,1,4001,1,0
4,35,3,3,1,2,4000,0,0
4,35,3,3,1,2,4000,1,0
4,35,3,3,1,2,4001,0,0
4,35,3,3,1,2,4001,1,0
4,35,3,3,2,0,4000,0,0
4,35,3,3,2,0,4000,1,0
4,35,3,3,2,0,4001,0,0
4,35,3,3,2,0,4001,1,0
4,35,3,3,2,1,4000,0,0
4,35,3,3,2,1,4000,1,0
4,35,3,3,2,1,4001,0,0
4,35,3,3,2,1,4001,1,0
4,35,3,3,2,2,4000,0,0
4,35,3,3,2,2,4000,1,0
4,35,3,3,2,2,4001,0,0
4,35,3,3,2,2,4001,1,0
4,12,0,0,0,0,4000,0,0
4,12,0,0,0,0,4000,1,0
4,12,0,0,0,0,4001,0,0
4,12,0,0,0,0,4001,1,0
4,12,0,0,0,1,4000,0,0
4,12,0,0,0,1,4000,1,0
4,12,0,0,0,1,4001,0,0
4,12,0,0,0,1,4001,1,0
4,12,0,0,0,2,4000,0,0
4,12,0,0,0,2,4000,1,0
4,12,0,0,0,2,4001,0,0
4,12,0,0,0,2,4001,1,0
4,12,0,0,1,0,4000,0,0
4,12,0,0,1,0,4000,1,0
4,12,0,0,1,0,4001,0,0
4,12,0,0,1,0,4001,1,0
4,12,0,0,1,1,4000,0,0
4,12,0,0,1,1,4000,1,0
4,12,0,0,1,1,4001,0,0
4,12,0,0,1,1,4001,1,0
4,12,0,0,1,2,4000,0,0
4,12,0,0,1,2,4000,1,0
4,12,0,0,1,2,4001,0,0
4,12,0,0,1,2,4001,1,0
4,12,0,0,2,0,4000,0,0
4,12,0,0,2,0,4000,1,0
4,12,0,0,2,0,4001,0,0
4,12,0,0,2,0,4001,1,0
4,12,0,0,2,1,4000,0,0
4,12,0,0,2,1,4000,1,0
4,12,0,0,2,1,4001,0,0
4,12,0,0,2,1,4001,1,0
4,12,0,0,2,2,4000,0,0
4,12,0,0,2,2,4000,1,0
4,12,0,0,2,2,4001,0,0
4,12,0,0,2,2,4001,1,0
4,12,0,1,0,0,4000,0,0
4,12,0,1,0,0,4000,1,0
4,12,0,1,0,0,4001,0,0
4,12,0,1,0,0,4001,1,0
4,12,0,1,0,1,4000,0,0
4,12,0,1,0,1,4000,1,0
4,12,0,1,0,1,4001,0,0
4,12,0,1,0,1,4001,1,0
4,12,0,1,0,2,4000,0,0
4,12,0,1,0,2,4000,1,0
4,12,0,1,0,2,4001,0,0
4,12,0,1,0,2,4001,1,0
4,12,0,1,1,0,4000,0,0
4,12,0,1,1,0,4000,1,0
4,12,0,1,1,0,4001,0,0
4,12,0,1,1,0,4001,1,0
4,12,0,1,1,1,4000,0,0
4,12,0,1,1,1,4000,1,0
4,12,0,1,1,1,4001,0,0
4,12,0,1,1,1,4001,1,0
4,12,0,1,1,2,4000,0,0
4,12,0,1,1,2,4000,1,0
4,12,0,1,1,2,4001,0,0
4,12,0,1,1,2,4001,1,0
4,12,0,1,2,0,4000,0,0
4,12,0,1,2,0,4000,1,0
4,12,0,1,2,0,4001,0,0
4,12,0,1,2,0,4001,1,0
4,12,0,1,2,1,4000,0,0
4,12,0,1,2,1,4000,1,0
4,12,0,1,2,1,4001,0,0
4,12,0,1,2,1,4001,1,0
4,12,0,1,2,2,4000,0,0
4,12,0,1,2,2,4000,1,0
4,12,0,1,2,2,4001,0,0
4,12,0,1,2,2,4001,1,0
4,12,0,2,0,0,4000,0,0
4,12,0,2,0,0,4000,1,0
4,12,0,2,0,0,4001,0,0
4,12,0,2,0,0,4001,1,0
4,12,0,2,0,1,4000,0,0
4,12,0,2,0,1,4000,1,0
4,12,0,2,0,1,4001,0,0
4,12,0,2,0,1,4001,1,0
4,12,0,2,0,2,4000,0,0
4,12,0,2,0,2,4000,1,0
4,12,0,2,0,2,4001,0,0
4,12,0,2,0,2,4001,1,0
4,12,0,2,1,0,4000,0,0
4,12,0,2,1,0,4000,1,0
4,12,0,2,1,0,4001,0,0
4,12,0,2,1,0,4001,1,0
4,12,0,2,1,1,4000,0,0
4,12,0,2,1,1,4000,1,0
4,12,0,2,1,1,4001,0,0
4,12,0,2,1,1,4001,1,0
4,12,0,2,1,2,4000,0,0
4,12,0,2,1,2,4000,1,0
4,12,0,2,1,2,4001,0,0
4,12,0,2,1,2,4001,1,0
4,12,0,2,2,0,4000,0,0
4,12,0,2,2,0,4000,1,0
4,12,0,2,2,0,4001,0,0
4,12,0,2,2,0,4001,1,0
4,12,0,2,2,1,4000,0,0
4,12,0,2,2,1,4000,1,0
4,12,0,2,2,1,4001,0,0
4,12,0,2,2,1,4001,1,0
4,12,0,2,2,2,4000,0,0
4,12,0,2,2,2,4000,1,0
4,12,0,2,2,2,4001,0,0
4,12,0,2,2,2,4001,1,0
4,12,0,3,0,0,4000,0,0
4,12,0,3,0,0,4000,1,0
4,12,0,3,0,0,4001,0,1
4,12,0,3,0,0,4001,1,1
4,12,0,3,0,1,4000,0,0
4,12,0,3,0,1,4000,1,0
4,12,0,3,0,1,4001,0,0
4,12,0,3,0,1,4001,1,0
4,12,0,3,0,2,4000,0,0
4,12,0,3,0,2,4000,1,0
4,12,0,3,0,2,4001,0,0
4,12,0,3,0,2,4001,1,0
4,12,0,3,1,0,4000,0,0
4,12,0,3,1,0,4000,1,0
4,12,0,3,1,0,4001,0,0
4,12,0,3,1,0,4001,1,0
4,12,0,3,1,1,4000,0,0
4,12,0,3,1,1,4000,1,0
4,12,0,3,1,1,4001,0,0
4,12,0,3,1,1,4001,1,0
4,12,0,3,1,2,4000,0,0
4,12,0,3,1,2,4000,1,0
4,12,0,3,1,2,4001,0,0
4,12,0,3,1,2,4001,1,0
4,12,0,3,2,0,4000,0,0
4,12,0,3,2,0,4000,1,0
4,12,0,3,2,0,4001,0,0
4,12,0,3,2,0,4001,1,1
4,12,0,3,2,1,4000,0,0
4,12,0,3,2,1,4000,1,0
4,12,0,3,2,1,4001,0,0
4,12,0,3,2,1,4001,1,0
4,12,0,3,2,2,4000,0,1
4,12,0,3,2,2,4000,1,0
4,12,0,3,2,2,4001,0,0
4,12,0,3,2,2,4001,1,0
4,12,1,0,0,0,4000,0,0
4,12,1,0,0,0,4000,1,0
4,12,1,0,0,0,4001,0,0
4,12,1,0,0,0,4001,1,0
4,12,1,0,0,1,4000,0,0
4,12,1,0,0,1,4000,1,0
4,12,1,0,0,1,4001,0,0
4,12,1,0,0,1,4001,1,0
4,12,1,0,0,2,4000,0,0
4,12,1,0,0,2,4000,1,0
4,12,1,0,0,2,4001,0,0
4,12,1,0,0,2,4001,1,0
4,12,1,0,1,0,4000,0,0
4,12,1,0,1,0,4000,1,0
4,12,1,0,1,0,4001,0,0
4,12,1,0,1,0,4001,1,0
4,12,1,0,1,1,4000,0,0
4,12,1,0,1,1,4000,1,0
4,12,1,0,1,1,4001,0,0
4,12,1,0,1,1,4001,1,0
4,12,1,0,1,2,4000,0,0
4,12,1,0,1,2,4000,1,0
4,12,1,0,1,2,4001,0,0
4,12,1,0,1,2,4001,1,0
4,12,1,0,2,0,4000,0,0
4,12,1,0,2,0,4000,1,0
4,12,1,0,2,0,4001,0,0
4,12,1,0,2,0,4001,1,0
4,12,1,0,2,1,4000,0,0
4,12,1,0,2,1,4000,1,0
4,12,1,0,2,1,4001,0,0
4,12,1,0,2,1,4001,1,0
4,12,1,0,2,2,4000,0,0
4,12,1,0,2,2,4000,1,0
4,12,1,0,2,2,4001,0,0
4,12,1,0,2,2,4001,1,0
4,12,1,1,0,0,4000,0,0
4,12,1,1,0,0,4000,1,0
4,12,1,1,0,0,4001,0,0
4,12,1,1,0,0,4001,1,0
4,12,1,1,0,1,4000,0,0
4,12,1,1,0,1,4000,1,0
4,12,1,1,0,1,4001,0,0
4,12,1,1,0,1,4001,1,0
4,12,1,1,0,2,4000,0,0
4,12,1,1,0,2,4000,1,0
4,12,1,1,0,2,4001,0,0
4,12,1,1,0,2,4001,1,0
4,12,1,1,1,0,4000,0,0
4,12,1,1,1,0,4000,1,0
4,12,1,1,1,0,4001,0,0
4,12,1,1,1,0,4001,1,0
4,12,1,1,1,1,4000,0,0
4,12,1,1,1,1,4000,1,1
4,12,1,1,1,1,4001,0,0
4,12,1,1,1,1,4001,1,0
4,12,1,1,1,2,4000,0,0
4,12,1,1,1,2,4000,1,0
4,12,1,1,1,2,4001,0,0
4,12,1,1,1,2,4001,1,0
4,12,1,1,2,0,4000,0,0
4,12,1,1,2,0,4000,1,0
4,12,1,1,2,0,4001,0,0
4,12,1,1,2,0,4001,1,0
4,12,1,1,2,1,4000,0,0
4,12,1,1,2,1,4000,1,0
4,12,1,1,2,1,4001,0,0
4,12,1,1,2,1,4001,1,0
4,12,1,1,2,2,4000,0,0
4,12,1,1,2,2,4000,1,0
4,12,1,1,2,2,4001,0,0
4,12,1,1,2,2,4001,1,0
4,12,1,2,0,0,4000,0,0
4,12,1,2,0,0,4000,1,0
4,12,1,2,0,0,4001,0,0
4,12,1,2,0,0,4001,1,0
4,12,1,2,0,1,4000,0,0
4,12,1,2,0,1,4000,1,0
4,12,1,2,0,1,4001,0,0
4,12,1,2,0,1,4001,1,0
4,12,1,2,0,2,4000,0,0
4,12,1,2,0,2,4000,1,0
4,12,1,2,0,2,4001,0,0
4,12,1,2,0,2,4001,1,0
4,12,1,2,1,0,4000,0,0
4,12,1,2,1,0,4000,1,0
4,12,1,2,1,0,4001,0,0
4,12,1,2,1,0,4001,1,0
4,12,1,2,1,1,4000,0,0
4,12,1,2,1,1,4000,1,0
4,12,1,2,1,1,4001,0,0
4,12,1,2,1,1,4001,1,0
4,12,1,2,1,2,4000,0,0
4,12,1,2,1,2,4000,1,0
4,12,1,2,1,2,4001,0,0
4,12,1,2,1,2,4001,1,0
4,12,1,2,2,0,4000,0,0
4,12,1,2,2,0,4000,1,0
4,12,1,2,2,0,4001,0,0
4,12,1,2,2,0,4001,1,0
4,12,1,2,2,1,4000,0,0
4,12,1,2,2,1,4000,1,0
4,12,1,2,2,1,4001,0,0
4,12,1,2,2,1,4001,1,0
4,12,1,2,2,2,4000,0,0
4,12,1,2,2,2,4000,1,0
4,12,1,2,2,2,4001,0,0
4,12,1,2,2,2,4001,1,0
4,12,1,3,0,0,4000,0,0
4,12,1,3,0,0,4000,1,0
4,12,1,3,0,0,4001,0,0
4,12,1,3,0,0,4001,1,0
4,12,1,3,0,1,4000,0,0
4,12,1,3,0,1,4000,1,0
4,12,1,3,0,1,4001,0,0
4,12,1,3,0,1,4001,1,0
4,12,1,3,0,2,4000,0,0
4,12,1,3,0,2,4000,1,0
4,12,1,3,0,2,4001,0,0
4,12,1,3,0,2,4001,1,0
4,12,1,3,1,0,4000,0,0
4,12,1,3,1,0,4000,1,0
4,12,1,3,1,0,4001,0,0
4,12,1,3,1,0,4001,1,0
4,12,1,3,1,1,4000,0,0
4,12,1,3,1,1,4000,1,0
4,12,1,3,1,1,4001,0,0
4,12,1,3,1,1,4001,1,0
4,12,1,3,1,2,4000,0,0
4,12,1,3,1,2,4000,1,0
4,12,1,3,1,2,4001,0,0
4,12,1,3,1,2,4001,1,0
4,12,1,3,2,0,4000,0,0
4,12,1,3,2,0,4000,1,0
4,12,1,3,2,0,4001,0,0
4,12,1,3,2,0,4001,1,1
4,12,1,3,2,1,4000,0,0
4,12,1,3,2,1,4000,1,0
4,12,1,3,2,1,4001,0,0
4,12,1,3,2,1,4001,1,0
4,12,1,3,2,2,4000,0,0
4,12,1,3,2,2,4000,1,0
4,12,1,3,2,2,4001,0,0
4,12,1,3,2,2,4001,1,0
4,12,2,0,0,0,4000,0,0
4,12,2,0,0,0,4000,1,0
4,12,2,0,0,0,4001,0,0
4,12,2,0,0,0,4001,1,0
4,12,2,0,0,1,4000,0,0
4,12,2,0,0,1,4000,1,0
4,12,2,0,0,1,4001,0,0
4,12,2,0,0,1,4001,1,0
4,12,2,0,0,2,4000,0,0
4,12,2,0,0,2,4000,1,0
4,12,2,0,0,2,4001,0,0
4,12,2,0,0,2,4001,1,0
4,12,2,0,1,0,4000,0,0
4,12,2,0,1,0,4000,1,0
4,12,2,0,1,0,4001,0,0
4,12,2,0,1,0,4001,1,0
4,12,2,0,1,1,4000,0,0
4,12,2,0,1,1,4000,1,0
4,12,2,0,1,1,4001,0,0
4,12,2,0,1,1,4001,1,0
4,12,2,0,1,2,4000,0,0
4,12,2,0,1,2,4000,1,0
4,12,2,0,1,2,4001,0,0
4,12,2,0,1,2,4001,1,0
4,12,2,0,2,0,4000,0,0
4,12,2,0,2,0,4000,1,0
4,12,2,0,2,0,4001,0,0
4,12,2,0,2,0,4001,1,0
4,12,2,0,2,1,4000,0,0
4,12,2,0,2,1,4000,1,0
4,12,2,0,2,1,4001,0,0
4,12,2,0,2,1,4001,1,0
4,12,2,0,2,2,4000,0,0
4,12,2,0,2,2,4000,1,0
4,12,2,0,2,2,4001,0,0
4,12,2,0,2,2,4001,1,0
4,12,2,1,0,0,4000,0,0
4,12,2,1,0,0,4000,1,0
4,12,2,1,0,0,4001,0,0
4,12,2,1,0,0,4001,1,0
4,12,2,1,0,1,4000,0,0
4,12,2,1,0,1,4000,1,0
4,12,2,1,0,1,4001,0,0
4,12,2,1,0,1,4001,1,0
4,12,2,1,0,2,4000,0,0
4,12,2,1,0,2,4000,1,0
4,12,2,1,0,2,4001,0,0
4,12,2,1,0,2,4001,1,0
4,12,2,1,1,0,4000,0,0
4,12,2,1,1,0,4000,1,0
4,12,2,1,1,0,4001,0,0
4,12,2,1,1,0,4001,1,0
4,12,2,1,1,1,4000,0,0
4,12,2,1,1,1,4000,1,0
4,12,2,1,1,1,4001,0,1
4,12,2,1,1,1,4001,1,0
4,12,2,1,1,2,4000,0,0
4,12,2,1,1,2,4000,1,0
4,12,2,1,1,2,4001,0,0
4,12,2,1,1,2,4001,1,0
4,12,2,1,2,0,4000,0,0
4,12,2,1,2,0,4000,1,0
4,12,2,1,2,0,4001,0,0
4,12,2,1,2,0,4001,1,0
4,12,2,1,2,1,4000,0,0
4,12,2,1,2,1,4000,1,0
4,12,2,1,2,1,4001,0,0
4,12,2,1,2,1,4001,1,0
4,12,2,1,2,2,4000,0,0
4,12,2,1,2,2,4000,1,0
4,12,2,1,2,2,4001,0,0
4,12,2,1,2,2,4001,1,0
4,12,2,2,0,0,4000,0,0
4,12,2,2,0,0,4000,1,0
4,12,2,2,0,0,4001,0,0
4,12,2,2,0,0,4001,1,0
4,12,2,2,0,1,4000,0,0
4,12,2,2,0,1,4000,1,0
4,12,2,2,0,1,4001,0,0
4,12,2,2,0,1,4001,1,0
4,12,2,2,0,2,4000,0,0
4,12,2,2,0,2,4000,1,0
4,12,2,2,0,2,4001,0,0
4,12,2,2,0,2,4001,1,0
4,12,2,2,1,0,4000,0,0
4,12,2,2,1,0,4000,1,0
4,12,2,2,1,0,4001,0,0
4,12,2,2,1,0,4001,1,0
4,12,2,2,1,1,4000,0,0
4,12,2,2,1,1,4000,1,0
4,12,2,2,1,1,4001,0,0
4,12,2,2,1,1,4001,1,0
4,12,2,2,1,2,4000,0,0
4,12,2,2,1,2,4000,1,0
4,12,2,2,1,2,4001,0,0
4,12,2,2,1,2,4001,1,0
4,12,2,2,2,0,4000,0,0
4,12,2,2,2,0,4000,1,0
4,12,2,2,2,0,4001,0,0
4,12,2,2,2,0,4001,1,0
4,12,2,2,2,1,4000,0,0
4,12,2,2,2,1,4000,1,0
4,12,2,2,2,1,4001,0,0
4,12,2,2,2,1,4001,1,0
4,12,2,2,2,2,4000,0,0
4,12,2,2,2,2,4000,1,0
4,12,2,2,2,2,4001,0,0
4,12,2,2,2,2,4001,1,0
4,12,2,3,0,0,4000,0,0
4,12,2,3,0,0,4000,1,0
4,12,2,3,0,0,4001,0,0
4,12,2,3,0,0,4001,1,0
4,12,2,3,0,1,4000,0,0
4,12,2,3,0,1,4000,1,0
4,12,2,3,0,1,4001,0,0
4,12,2,3,0,1,4001,1,0
4,12,2,3,0,2,4000,0,0
4,12,2,3,0,2,4000,1,0
4,12,2,3,0,2,4001,0,0
4,12,2,3,0,2,4001,1,0
4,12,2,3,1,0,4000,0,0
4,12,2,3,1,0,4000,1,0
4,12,2,3,1,0,4001,0,0
4,12,2,3,1,0,4001,1,0
4,12,2,3,1,1,4000,0,0
4,12,2,3,1,1,4000,1,0
4,12,2,3,1,1,4001,0,0
4,12,2,3,1,1,4001,1,0
4,12,2,3,1,2,4000,0,0
4,12,2,3,1,2,4000,1,0
4,12,2,3,1,2,4001,0,0
4,12,2,3,1,2,4001,1,0
4,12,2,3,2,0,4000,0,0
4,12,2,3,2,0,4000,1,0
4,12,2,3,2,0,4001,0,0
4,12,2,3,2,0,4001,1,0
4,12,2,3,2,1,4000,0,0
4,12,2,3,2,1,4000,1,0
4,12,2,3,2,1,4001,0,0
4,12,2,3,2,1,4001,1,0
4,12,2,3,2,2,4000,0,0
4,12,2,3,2,2,4000,1,0
4,12,2,3,2,2,4001,0,0
4,12,2,3,2,2,4001,1,0
4,12,3,0,0,0,4000,0,0
4,12,3,0,0,0,4000,1,0
4,12,3,0,0,0,4001,0,0
4,12,3,0,0,0,4001,1,0
4,12,3,0,0,1,4000,0,0
4,12,3,0,0,1,4000,1,0
4,12,3,0,0,1,4001,0,0
4,12,3,0,0,1,4001,1,0
4,12,3,0,0,2,4000,0,0
4,12,3,0,0,2,4000,1,0
4,12,3,0,0,2,4001,0,0
4,12,3,0,0,2,4001,1,0
4,12,3,0,1,0,4000,0,0
4,12,3,0,1,0,4000,1,0
4,12,3,0,1,0,4001,0,0
4,12,3,0,1,0,4001,1,0
4,12,3,0,1,1,4000,0,0
4,12,3,0,1,1,4000,1,0
4,12,3,0,1,1,4001,0,0
4,12,3,0,1,1,4001,1,0
4,12,3,0,1,2,4000,0,0
4,12,3,0,1,2,4000,1,0
4,12,3,0,1,2,4001,0,0
4,12,3,0,1,2,4001,1,0
4,12,3,0,2,0,4000,0,0
4,12,3,0,2,0,4000,1,0
4,12,3,0,2,0,4001,0,0
4,12,3,0,2,0,4001,1,0
4,12,3,0,2,1,4000,0,0
4,12,3,0,2,1,4000,1,0
4,12,3,0,2,1,4001,0,0
4,12,3,0,2,1,4001,1,0
4,12,3,0,2,2,4000,0,0
4,12,3,0,2,2,4000,1,0
4,12,3,0,2,2,4001,0,0
4,12,3,0,2,2,4001,1,0
4,12,3,1,0,0,4000,0,0
4,12,3,1,0,0,4000,1,0
4,12,3,1,0,0,4001,0,0
4,12,3,1,0,0,4001,1,0
4,12,3,1,0,1,4000,0,0
4,12,3,1,0,1,4000,1,0
4,12,3,1,0,1,4001,0,0
4,12,3,1,0,1,4001,1,0
4,12,3,1,0,2,4000,0,0
4,12,3,1,0,2,4000,1,0
4,12,3,1,0,2,4001,0,0
4,12,3,1,0,2,4001,1,0
4,12,3,1,1,0,4000,0,0
4,12,3,1,1,0,4000,1,0
4,12,3,1,1,0,4001,0,0
4,12,3,1,1,0,4001,1,0
4,12,3,1,1,1,4000,0,0
4,12,3,1,1,1,4000,1,0
4,12,3,1,1,1,4001,0,0
4,12,3,1,1,1,4001,1,0
4,12,3,1,1,2,4000,0,0
4,12,3,1,1,2,4000,1,0
4,12,3,1,1,2,4001,0,0
4,12,3,1,1,2,4001,1,0
4,12,3,1,2,0,4000,0,0
4,12,3,1,2,0,4000,1,0
4,12,3,1,2,0,4001,0,0
4,12,3,1,2,0,4001,1,0
4,12,3,1,2,1,4000,0,0
4,12,3,1,2,1,4000,1,0
4,12,3,1,2,1,4001,0,0
4,12,3,1,2,1,4001,1,0
4,12,3,1,2,2,4000,0,0
4,12,3,1,2,2,4000,1,0
4,12,3,1,2,2,4001,0,0
4,12,3,1,2,2,4001,1,0
4,12,3,2,0,0,4000,0,0
4,12,3,2,0,0,4000,1,0
4,12,3,2,0,0,4001,0,0
4,12,3,2,0,0,4001,1,0
4,12,3,2,0,1,4000,0,0
4,12,3,2,0,1,4000,1,0
4,12,3,2,0,1,4001,0,0
4,12,3,2,0,1,4001,1,0
4,12,3,2,0,2,4000,0,0
4,12,3,2,0,2,4000,1,0
4,12,3,2,0,2,4001,0,0
4,12,3,2,0,2,4001,1,0
4,12,3,2,1,0,4000,0,0
4,12,3,2,1,0,4000,1,0
4,12,3,2,1,0,4001,0,0
4,12,3,2,1,0,4001,1,0
4,12,3,2,1,1,4000,0,0
4,12,3,2,1,1,4000,1,0
4,12,3,2,1,1,4001,0,0
4,12,3,2,1,1,4001,1,0
4,12,3,2,1,2,4000,0,0
4,12,3,2,1,2,4000,1,0
4,12,3,2,1,2,4001,0,0
4,12,3,2,1,2,4001,1,0
4,12,3,2,2,0,4000,0,0
4,12,3,2,2,0,4000,1,0
4,12,3,2,2,0,4001,0,0
4,12,3,2,2,0,4001,1,1
4,12,3,2,2,1,4000,0,0
4,12,3,2,2,1,4000,1,0
4,12,3,2,2,1,4001,0,0
4,12,3,2,2,1,4001,1,0
4,12,3,2,2,2,4000,0,0
4,12,3,2,2,2,4000,1,0
4,12,3,2,2,2,4001,0,0
4,12,3,2,2,2,4001,1,0
4,12,3,3,0,0,4000,0,0
4,12,3,3,0,0,4000,1,0
4,12,3,3,0,0,4001,0,0
4,12,3,3,0,0,4001,1,0
4,12,3,3,0,1,4000,0,0
4,12,3,3,0,1,4000,1,0
4,12,3,3,0,1,4001,0,0
4,12,3,3,0,1,4001,1,0
4,12,3,3,0,2,4000,0,0
4,12,3,3,0,2,4000,1,0
4,12,3,3,0,2,4001,0,0
4,12,3,3,0,2,4001,1,0
4,12,3,3,1,0,4000,0,0
4,12,3,3,1,0,4000,1,0
4,12,3,3,1,0,4001,0,0
4,12,3,3,1,0,4001,1,0
4,12,3,3,1,1,4000,0,0
4,12,3,3,1,1,4000,1,0
4,12,3,3,1,1,4001,0,0
4,12,3,3,1,1,4001,1,0
4,12,3,3,1,2,4000,0,0
4,12,3,3,1,2,4000,1,0
4,12,3,3,1,2,4001,0,0
4,12,3,3,1,2,4001,1,0
4,12,3,3,2,0,4000,0,0
4,12,3,3,2,0,4000,1,0
4,12,3,3,2,0,4001,0,0
4,12,3,3,2,0,4001,1,0
4,12,3,3,2,1,4000,0,0
4,12,3,3,2,1,4000,1,0
4,12,3,3,2,1,4001,0,0
4,12,3,3,2,1,4001,1,0
4,12,3,3,2,2,4000,0,0
4,12,3,3,2,2,4000,1,0
4,12,3,3,2,2,4001,0,0
4,12,3,3,2,2,4001,1,0
1,8,0,0,0,0,4000,0,0
1,8,0,0,0,0,4000,1,0
1,8,0,0,0,0,4001,0,0
1,8,0,0,0,0,4001,1,0
1,8,0,0,0,1,4000,0,0
1,8,0,0,0,1,4000,1,0
1,8,0,0,0,1,4001,0,0
1,8,0,0,0,1,4001,1,0
1,8,0,0,0,2,4000,0,0
1,8,0,0,0,2,4000,1,0
1,8,0,0,0,2,4001,0,0
1,8,0,0,0,2,4001,1,0
1,8,0,0,1,0,4000,0,0
1,8,0,0,1,0,4000,1,0
1,8,0,0,1,0,4001,0,0
1,8,0,0,1,0,4001,1,0
1,8,0,0,1,1,4000,0,0
1,8,0,0,1,1,4000,1,0
1,8,0,0,1,1,4001,0,0
1,8,0,0,1,1,4001,1,0
1,8,0,0,1,2,4000,0,0
1,8,0,0,1,2,4000,1,0
1,8,0,0,1,2,4001,0,0
1,8,0,0,1,2,4001,1,0
1,8,0,0,2,0,4000,0,0
1,8,0,0,2,0,4000,1,0
1,8,0,0,2,0,4001,0,0
1,8,0,0,2,0,4001,1,0
1,8,0,0,2,1,4000,0,0
1,8,0,0,2,1,4000,1,0
1,8,0,0,2,1,4001,0,0
1,8,0,0,2,1,4001,1,0
1,8,0,0,2,2,4000,0,0
1,8,0,0,2,2,4000,1,0
1,8,0,0,2,2,4001,0,0
1,8,0,0,2,2,4001,1,0
1,8,0,1,0,0,4000,0,0
1,8,0,1,0,0,4000,1,0
1,8,0,1,0,0,4001,0,0
1,8,0,1,0,0,4001,1,0
1,8,0,1,0,1,4000,0,0
1,8,0,1,0,1,4000,1,0
1,8,0,1,0,1,4001,0,0
1,8,0,1,0,1,4001,1,1
1,8,0,1,0,2,4000,0,0
1,8,0,1,0,2,4000,1,0
1,8,0,1,0,2,4001,0,0
1,8,0,1,0,2,4001,1,0
1,8,0,1,1,0,4000,0,0
1,8,0,1,1,0,4000,1,0
1,8,0,1,1,0,4001,0,1
1,8,0,1,1,0,4001,1,0
1,8,0,1,1,1,4000,0,0
1,8,0,1,1,1,4000,1,0
1,8,0,1,1,1,4001,0,0
1,8,0,1,1,1,4001,1,0
1,8,0,1,1,2,4000,0,0
1,8,0,1,1,2,4000,1,0
1,8,0,1,1,2,4001,0,0
1,8,0,1,1,2,4001,1,0
1,8,0,1,2,0,4000,0,1
1,8,0,1,2,0,4000,1,0
1,8,0,1,2,0,4001,0,0
1,8,0,1,2,0,4001,1,0
1,8,0,1,2,1,4000,0,0
1,8,0,1,2,1,4000,1,0
1,8,0,1,2,1,4001,0,0
1,8,0,1,2,1,4001,1,0
1,8,0,1,2,2,4000,0,0
1,8,0,1,2,2,4000,1,1
1,8,0,1,2,2,4001,0,0
1,8,0,1,2,2,4001,1,0
1,8,0,2,0,0,4000,0,0
1,8,0,2,0,0,4000,1,0
1,8,0,2,0,0,4001,0,0
1,8,0,2,0,0,4001,1,0
1,8,0,2,0,1,4000,0,0
1,8,0,2,0,1,4000,1,0
1,8,0,2,0,1,4001,0,0
1,8,0,2,0,1,4001,1,0
1,8,0,2,0,2,4000,0,0
1,8,0,2,0,2,4000,1,0
1,8,0,2,0,2,4001,0,0
1,8,0,2,0,2,4001,1,0
1,8,0,2,1,0,4000,0,0
1,8,0,2,1,0,4000,1,0
1,8,0,2,1,0,4001,0,0
1,8,0,2,1,0,4001,1,0
1,8,0,2,1,1,4000,0,0
1,8,0,2,1,1,4000,1,0
1,8,0,2,1,1,4001,0,0
1,8,0,2,1,1,4001,1,0
1,8,0,2,1,2,4000,0,0
1,8,0,2,1,2,4000,1,0
1,8,0,2,1,2,4001,0,0
1,8,0,2,1,2,4001,1,0
1,8,0,2,2,0,4000,0,0
1,8,0,2,2,0,4000,1,0
1,8,0,2,2,0,4001,0,0
1,8,0,2,2,0,4001,1,0
1,8,0,2,2,1,4000,0,0
1,8,0,2,2,1,4000,1,0
1,8,0,2,2,1,4001,0,0
1,8,0,2,2,1,4001,1,0
1,8,0,2,2,2,4000,0,0
1,8,0,2,2,2,4000,1,0
1,8,0,2,2,2,4001,0,0
1,8,0,2,2,2,4001,1,0
1,8,0,3,0,0,4000,0,0
1,8,0,3,0,0,4000,1,0
1,8,0,3,0,0,4001,0,0
1,8,0,3,0,0,4001,1,0
1,8,0,3,0,1,4000,0,0
1,8,0,3,0,1,4000,1,0
1,8,0,3,0,1,4001,0,0
1,8,0,3,0,1,4001,1,0
1,8,0,3,0,2,4000,0,0
1,8,0,3,0,2,4000,1,0
1,8,0,3,0,2,4001,0,0
1,8,0,3,0,2,4001,1,0
1,8,0,3,1,0,4000,0,1
1,8,0,3,1,0,4000,1,0
1,8,0,3,1,0,4001,0,0
1,8,0,3,1,0,4001,1,1
1,8,0,3,1,1,4000,0,0
1,8,0,3,1,1,4000,1,0
1,8,0,3,1,1,4001,0,0
1,8,0,3,1,1,4001,1,1
1,8,0,3,1,2,4000,0,0
1,8,0,3,1,2,4000,1,0
1,8,0,3,1,2,4001,0,0
1,8,0,3,1,2,4001,1,1
1,8,0,3,2,0,4000,0,1
1,8,0,3,2,0,4000,1,0
1,8,0,3,2,0,4001,0,0
1,8,0,3,2,0,4001,1,0
1,8,0,3,2,1,4000,0,0
1,8,0,3,2,1,4000,1,0
1,8,0,3,2,1,4001,0,0
1,8,0,3,2,1,4001,1,0
1,8,0,3,2,2,4000,0,0
1,8,0,3,2,2,4000,1,0
1,8,0,3,2,2,4001,0,0
1,8,0,3,2,2,4001,1,1
1,8,1,0,0,0,4000,0,0
1,8,1,0,0,0,4000,1,0
1,8,1,0,0,0,4001,0,0
1,8,1,0,0,0,4001,1,0
1,8,1,0,0,1,4000,0,0
1,8,1,0,0,1,4000,1,0
1,8,1,0,0,1,4001,0,0
1,8,1,0,0,1,4001,1,0
1,8,1,0,0,2,4000,0,0
1,8,1,0,0,2,4000,1,0
1,8,1,0,0,2,4001,0,0
1,8,1,0,0,2,4001,1,0
1,8,1,0,1,0,4000,0,0
1,8,1,0,1,0,4000,1,0
1,8,1,0,1,0,4001,0,0
1,8,1,0,1,0,4001,1,0
1,8,1,0,1,1,4000,0,0
1,8,1,0,1,1,4000,1,0
1,8,1,0,1,1,4001,0,0
1,8,1,0,1,1,4001,1,0
1,8,1,0,1,2,4000,0,0
1,8,1,0,1,2,4000,1,0
1,8,1,0,1,2,4001,0,0
1,8,1,0,1,2,4001,1,0
1,8,1,0,2,0,4000,0,0
1,8,1,0,2,0,4000,1,0
1,8,1,0,2,0,4001,0,0
1,8,1,0,2,0,4001,1,0
1,8,1,0,2,1,4000,0,0
1,8,1,0,2,1,4000,1,0
1,8,1,0,2,1,4001,0,0
1,8,1,0,2,1,4001,1,0
1,8,1,0,2,2,4000,0,0
1,8,1,0,2,2,4000,1,0
1,8,1,0,2,2,4001,0,0
1,8,1,0,2,2,4001,1,0
1,8,1,1,0,0,4000,0,0
1,8,1,1,0,0,4000,1,0
1,8,1,1,0,0,4001,0,0
1,8,1,1,0,0,4001,1,0
1,8,1,1,0,1,4000,0,0
1,8,1,1,0,1,4000,1,0
1,8,1,1,0,1,4001,0,0
1,8,1,1,0,1,4001,1,0
1,8,1,1,0,2,4000,0,0
1,8,1,1,0,2,4000,1,0
1,8,1,1,0,2,4001,0,0
1,8,1,1,0,2,4001,1,0
1,8,1,1,1,0,4000,0,0
1,8,1,1,1,0,4000,1,0
1,8,1,1,1,0,4001,0,0
1,8,1,1,1,0,4001,1,0
1,8,1,1,1,1,4000,0,0
1,8,1,1,1,1,4000,1,0
1,8,1,1,1,1,4001,0,0
1,8,1,1,1,1,4001,1,0
1,8,1,1,1,2,4000,0,0
1,8,1,1,1,2,4000,1,0
1,8,1,1,1,2,4001,0,0
1,8,1,1,1,2,4001,1,0
1,8,1,1,2,0,4000,0,0
1,8,1,1,2,0,4000,1,0
1,8,1,1,2,0,4001,0,0
1,8,1,1,2,0,4001,1,0
1,8,1,1,2,1,4000,0,0
1,8,1,1,2,1,4000,1,0
1,8,1,1,2,1,4001,0,0
1,8,1,1,2,1,4001,1,0
1,8,1,1,2,2,4000,0,0
1,8,1,1,2,2,4000,1,0
1,8,1,1,2,2,4001,0,0
1,8,1,1,2,2,4001,1,0
1,8,1,2,0,0,4000,0,0
1,8,1,2,0,0,4000,1,0
1,8,1,2,0,0,4001,0,0
1,8,1,2,0,0,4001,1,0
1,8,1,2,0,1,4000,0,0
1,8,1,2,0,1,4000,1,0
1,8,1,2,0,1,4001,0,0
1,8,1,2,0,1,4001,1,0
1,8,1,2,0,2,4000,0,0
1,8,1,2,0,2,4000,1,0
1,8,1,2,0,2,4001,0,0
1,8,1,2,0,2,4001,1,0
1,8,1,2,1,0,4000,0,0
1,8,1,2,1,0,4000,1,0
1,8,1,2,1,0,4001,0,0
1,8,1,2,1,0,4001,1,0
1,8,1,2,1,1,4000,0,0
1,8,1,2,1,1,4000,1,0
1,8,1,2,1,1,4001,0,0
1,8,1,2,1,1,4001,1,0
1,8,1,2,1,2,4000,0,0
1,8,1,2,1,2,4000,1,0
1,8,1,2,1,2,4001,0,0
1,8,1,2,1,2,4001,1,0
1,8,1,2,2,0,4000,0,0
1,8,1,2,2,0,4000,1,0
1,8,1,2,2,0,4001,0,0
1,8,1,2,2,0,4001,1,0
1,8,1,2,2,1,4000,0,0
1,8,1,2,2,1,4000,1,0
1,8,1,2,2,1,4001,0,0
1,8,1,2,2,1,4001,1,0
1,8,1,2,2,2,4000,0,0
1,8,1,2,2,2,4000,1,0
1,8,1,2,2,2,4001,0,0
1,8,1,2,2,2,4001,1,0
1,8,1,3,0,0,4000,0,0
1,8,1,3,0,0,4000,1,0
1,8,1,3,0,0,4001,0,0
1,8,1,3,0,0,4001,1,0
1,8,1,3,0,1,4000,0,0
1,8,1,3,0,1,4000,1,0
1,8,1,3,0,1,4001,0,0
1,8,1,3,0,1,4001,1,0
1,8,1,3,0,2,4000,0,1
1,8,1,3,0,2,4000,1,1
1,8,1,3,0,2,4001,0,1
1,8,1,3,0,2,4001,1,1
1,8,1,3,1,0,4000,0,0
1,8,1,3,1,0,4000,1,1
1,8,1,3,1,0,4001,0,0
1,8,1,3,1,0,4001,1,1
1,8,1,3,1,1,4000,0,1
1,8,1,3,1,1,4000,1,1
1,8,1,3,1,1,4001,0,0
1,8,1,3,1,1,4001,1,0
1,8,1,3,1,2,4000,0,0
1,8,1,3,1,2,4000,1,0
1,8,1,3,1,2,4001,0,0
1,8,1,3,1,2,4001,1,0
1,8,1,3,2,0,4000,0,0
1,8,1,3,2,0,4000,1,1
1,8,1,3,2,0,4001,0,0
1,8,1,3,2,0,4001,1,0
1,8,1,3,2,1,4000,0,1
1,8,1,3,2,1,4000,1,0
1,8,1,3,2,1,4001,0,0
1,8,1,3,2,1,4001,1,0
1,8,1,3,2,2,4000,0,0
1,8,1,3,2,2,4000,1,0
1,8,1,3,2,2,4001,0,0
1,8,1,3,2,2,4001,1,0.5
1,8,2,0,0,0,4000,0,0
1,8,2,0,0,0,4000,1,0
1,8,2,0,0,0,4001,0,0
1,8,2,0,0,0,4001,1,0
1,8,2,0,0,1,4000,0,0
1,8,2,0,0,1,4000,1,0
1,8,2,0,0,1,4001,0,0
1,8,2,0,0,1,4001,1,0
1,8,2,0,0,2,4000,0,0
1,8,2,0,0,2,4000,1,0
1,8,2,0,0,2,4001,0,0
1,8,2,0,0,2,4001,1,0
1,8,2,0,1,0,4000,0,0
1,8,2,0,1,0,4000,1,0
1,8,2,0,1,0,4001,0,1
1,8,2,0,1,0,4001,1,0
1,8,2,0,1,1,4000,0,1
1,8,2,0,1,1,4000,1,0
1,8,2,0,1,1,4001,0,1
1,8,2,0,1,1,4001,1,0
1,8,2,0,1,2,4000,0,0
1,8,2,0,1,2,4000,1,0
1,8,2,0,1,2,4001,0,0
1,8,2,0,1,2,4001,1,0
1,8,2,0,2,0,4000,0,0
1,8,2,0,2,0,4000,1,0
1,8,2,0,2,0,4001,0,0
1,8,2,0,2,0,4001,1,0
1,8,2,0,2,1,4000,0,0
1,8,2,0,2,1,4000,1,0
1,8,2,0,2,1,4001,0,0
1,8,2,0,2,1,4001,1,0
1,8,2,0,2,2,4000,0,0
1,8,2,0,2,2,4000,1,0
1,8,2,0,2,2,4001,0,0
1,8,2,0,2,2,4001,1,0
1,8,2,1,0,0,4000,0,0
1,8,2,1,0,0,4000,1,0
1,8,2,1,0,0,4001,0,0
1,8,2,1,0,0,4001,1,0
1,8,2,1,0,1,4000,0,0
1,8,2,1,0,1,4000,1,0
1,8,2,1,0,1,4001,0,1
1,8,2,1,0,1,4001,1,1
1,8,2,1,0,2,4000,0,0
1,8,2,1,0,2,4000,1,0
1,8,2,1,0,2,4001,0,1
1,8,2,1,0,2,4001,1,1
1,8,2,1,1,0,4000,0,0
1,8,2,1,1,0,4000,1,0
1,8,2,1,1,0,4001,0,0
1,8,2,1,1,0,4001,1,0
1,8,2,1,1,1,4000,0,0
1,8,2,1,1,1,4000,1,0
1,8,2,1,1,1,4001,0,0
1,8,2,1,1,1,4001,1,0
1,8,2,1,1,2,4000,0,0
1,8,2,1,1,2,4000,1,0
1,8,2,1,1,2,4001,0,0
1,8,2,1,1,2,4001,1,0
1,8,2,1,2,0,4000,0,0
1,8,2,1,2,0,4000,1,0
1,8,2,1,2,0,4001,0,0
1,8,2,1,2,0,4001,1,0
1,8,2,1,2,1,4000,0,0
1,8,2,1,2,1,4000,1,0
1,8,2,1,2,1,4001,0,1
1,8,2,1,2,1,4001,1,0
1,8,2,1,2,2,4000,0,1
1,8,2,1,2,2,4000,1,0
1,8,2,1,2,2,4001,0,0
1,8,2,1,2,2,4001,1,0
1,8,2,2,0,0,4000,0,0
1,8,2,2,0,0,4000,1,0
1,8,2,2,0,0,4001,0,0
1,8,2,2,0,0,4001,1,0
1,8,2,2,0,1,4000,0,0
1,8,2,2,0,1,4000,1,0
1,8,2,2,0,1,4001,0,0
1,8,2,2,0,1,4001,1,0
1,8,2,2,0,2,4000,0,0
1,8,2,2,0,2,4000,1,0
1,8,2,2,0,2,4001,0,0
1,8,2,2,0,2,4001,1,0
1,8,2,2,1,0,4000,0,0
1,8,2,2,1,0,4000,1,0.5
1,8,2,2,1,0,4001,0,0
1,8,2,2,1,0,4001,1,0
1,8,2,2,1,1,4000,0,0
1,8,2,2,1,1,4000,1,0
1,8,2,2,1,1,4001,0,0
1,8,2,2,1,1,4001,1,0
1,8,2,2,1,2,4000,0,0
1,8,2,2,1,2,4000,1,0
1,8,2,2,1,2,4001,0,0
1,8,2,2,1,2,4001,1,0
1,8,2,2,2,0,4000,0,0
1,8,2,2,2,0,4000,1,0
1,8,2,2,2,0,4001,0,0
1,8,2,2,2,0,4001,1,0
1,8,2,2,2,1,4000,0,0
1,8,2,2,2,1,4000,1,0
1,8,2,2,2,1,4001,0,0
1,8,2,2,2,1,4001,1,0
1,8,2,2,2,2,4000,0,0
1,8,2,2,2,2,4000,1,0
1,8,2,2,2,2,4001,0,0
1,8,2,2,2,2,4001,1,0
1,8,2,3,0,0,4000,0,0
1,8,2,3,0,0,4000,1,0
1,8,2,3,0,0,4001,0,0
1,8,2,3,0,0,4001,1,0
1,8,2,3,0,1,4000,0,0
1,8,2,3,0,1,4000,1,0
1,8,2,3,0,1,4001,0,0
1,8,2,3,0,1,4001,1,0
1,8,2,3,0,2,4000,0,0
1,8,2,3,0,2,4000,1,0
1,8,2,3,0,2,4001,0,0
1,8,2,3,0,2,4001,1,0
1,8,2,3,1,0,4000,0,0
1,8,2,3,1,0,4000,1,0
1,8,2,3,1,0,4001,0,0
1,8,2,3,1,0,4001,1,0
1,8,2,3,1,1,4000,0,0
1,8,2,3,1,1,4000,1,0
1,8,2,3,1,1,4001,0,0
1,8,2,3,1,1,4001,1,0
1,8,2,3,1,2,4000,0,0
1,8,2,3,1,2,4000,1,0
1,8,2,3,1,2,4001,0,0
1,8,2,3,1,2,4001,1,0
1,8,2,3,2,0,4000,0,0
1,8,2,3,2,0,4000,1,1
1,8,2,3,2,0,4001,0,0
1,8,2,3,2,0,4001,1,0
1,8,2,3,2,1,4000,0,0
1,8,2,3,2,1,4000,1,0
1,8,2,3,2,1,4001,0,0
1,8,2,3,2,1,4001,1,0
1,8,2,3,2,2,4000,0,0
1,8,2,3,2,2,4000,1,0
1,8,2,3,2,2,4001,0,0
1,8,2,3,2,2,4001,1,1
1,8,3,0,0,0,4000,0,0
1,8,3,0,0,0,4000,1,0
1,8,3,0,0,0,4001,0,0
1,8,3,0,0,0,4001,1,0
1,8,3,0,0,1,4000,0,0
1,8,3,0,0,1,4000,1,0
1,8,3,0,0,1,4001,0,0
1,8,3,0,0,1,4001,1,0
1,8,3,0,0,2,4000,0,0
1,8,3,0,0,2,4000,1,0
1,8,3,0,0,2,4001,0,0
1,8,3,0,0,2,4001,1,0
1,8,3,0,1,0,4000,0,0
1,8,3,0,1,0,4000,1,0
1,8,3,0,1,0,4001,0,0
1,8,3,0,1,0,4001,1,0
1,8,3,0,1,1,4000,0,0
1,8,3,0,1,1,4000,1,0
1,8,3,0,1,1,4001,0,0
1,8,3,0,1,1,4001,1,0
1,8,3,0,1,2,4000,0,0
1,8,3,0,1,2,4000,1,0
1,8,3,0,1,2,4001,0,0
1,8,3,0,1,2,4001,1,0
1,8,3,0,2,0,4000,0,0
1,8,3,0,2,0,4000,1,0
1,8,3,0,2,0,4001,0,0
1,8,3,0,2,0,4001,1,0
1,8,3,0,2,1,4000,0,0
1,8,3,0,2,1,4000,1,0
1,8,3,0,2,1,4001,0,0
1,8,3,0,2,1,4001,1,0
1,8,3,0,2,2,4000,0,0
1,8,3,0,2,2,4000,1,0
1,8,3,0,2,2,4001,0,0
1,8,3,0,2,2,4001,1,0
1,8,3,1,0,0,4000,0,0
1,8,3,1,0,0,4000,1,0
1,8,3,1,0,0,4001,0,1
1,8,3,1,0,0,4001,1,1
1,8,3,1,0,1,4000,0,0
1,8,3,1,0,1,4000,1,0
1,8,3,1,0,1,4001,0,0
1,8,3,1,0,1,4001,1,0
1,8,3,1,0,2,4000,0,0
1,8,3,1,0,2,4000,1,0
1,8,3,1,0,2,4001,0,0
1,8,3,1,0,2,4001,1,0
1,8,3,1,1,0,4000,0,0
1,8,3,1,1,0,4000,1,0
1,8,3,1,1,0,4001,0,1
1,8,3,1,1,0,4001,1,0
1,8,3,1,1,1,4000,0,0
1,8,3,1,1,1,4000,1,0
1,8,3,1,1,1,4001,0,1
1,8,3,1,1,1,4001,1,0
1,8,3,1,1,2,4000,0,1
1,8,3,1,1,2,4000,1,0
1,8,3,1,1,2,4001,0,0
1,8,3,1,1,2,4001,1,0
1,8,3,1,2,0,4000,0,0
1,8,3,1,2,0,4000,1,0
1,8,3,1,2,0,4001,0,0
1,8,3,1,2,0,4001,1,0
1,8,3,1,2,1,4000,0,0
1,8,3,1,2,1,4000,1,1
1,8,3,1,2,1,4001,0,0
1,8,3,1,2,1,4001,1,0
1,8,3,1,2,2,4000,0,0
1,8,3,1,2,2,4000,1,0
1,8,3,1,2,2,4001,0,1
1,8,3,1,2,2,4001,1,1
1,8,3,2,0,0,4000,0,0
1,8,3,2,0,0,4000,1,0
1,8,3,2,0,0,4001,0,0
1,8,3,2,0,0,4001,1,0
1,8,3,2,0,1,4000,0,0
1,8,3,2,0,1,4000,1,0
1,8,3,2,0,1,4001,0,0
1,8,3,2,0,1,4001,1,0
1,8,3,2,0,2,4000,0,0
1,8,3,2,0,2,4000,1,0
1,8,3,2,0,2,4001,0,0
1,8,3,2,0,2,4001,1,0
1,8,3,2,1,0,4000,0,0
1,8,3,2,1,0,4000,1,0
1,8,3,2,1,0,4001,0,1
1,8,3,2,1,0,4001,1,1
1,8,3,2,1,1,4000,0,0
1,8,3,2,1,1,4000,1,0
1,8,3,2,1,1,4001,0,0
1,8,3,2,1,1,4001,1,0
1,8,3,2,1,2,4000,0,1
1,8,3,2,1,2,4000,1,0
1,8,3,2,1,2,4001,0,0
1,8,3,2,1,2,4001,1,0
1,8,3,2,2,0,4000,0,0
1,8,3,2,2,0,4000,1,0
1,8,3,2,2,0,4001,0,1
1,8,3,2,2,0,4001,1,1
1,8,3,2,2,1,4000,0,0
1,8,3,2,2,1,4000,1,0
1,8,3,2,2,1,4001,0,0
1,8,3,2,2,1,4001,1,0
1,8,3,2,2,2,4000,0,0
1,8,3,2,2,2,4000,1,0
1,8,3,2,2,2,4001,0,0
1,8,3,2,2,2,4001,1,0
1,8,3,3,0,0,4000,0,1
1,8,3,3,0,0,4000,1,1
1,8,3,3,0,0,4001,0,0
1,8,3,3,0,0,4001,1,0
1,8,3,3,0,1,4000,0,1
1,8,3,3,0,1,4000,1,1
1,8,3,3,0,1,4001,0,0
1,8,3,3,0,1,4001,1,0
1,8,3,3,0,2,4000,0,0
1,8,3,3,0,2,4000,1,0
1,8,3,3,0,2,4001,0,0
1,8,3,3,0,2,4001,1,0
1,8,3,3,1,0,4000,0,1
1,8,3,3,1,0,4000,1,1
1,8,3,3,1,0,4001,0,0
1,8,3,3,1,0,4001,1,0
1,8,3,3,1,1,4000,0,1
1,8,3,3,1,1,4000,1,0
1,8,3,3,1,1,4001,0,0
1,8,3,3,1,1,4001,1,0
1,8,3,3,1,2,4000,0,0
1,8,3,3,1,2,4000,1,0.5
1,8,3,3,1,2,4001,0,0
1,8,3,3,1,2,4001,1,0
1,8,3,3,2,0,4000,0,0
1,8,3,3,2,0,4000,1,0
1,8,3,3,2,0,4001,0,0
1,8,3,3,2,0,4001,1,1
1,8,3,3,2,1,4000,0,1
1,8,3,3,2,1,4000,1,0
1,8,3,3,2,1,4001,0,0
1,8,3,3,2,1,4001,1,0
1,8,3,3,2,2,4000,0,0
1,8,3,3,2,2,4000,1,1
1,8,3,3,2,2,4001,0,0
1,8,3,3,2,2,4001,1,0
3,24,0,0,0,0,4000,0,1
3,24,0,0,0,0,4000,1,1
3,24,0,0,0,0,4001,0,1
3,24,0,0,0,0,4001,1,1
3,24,0,0,0,1,4000,0,1
3,24,0,0,0,1,4000,1,1
3,24,0,0,0,1,4001,0,1
3,24,0,0,0,1,4001,1,1
3,24,0,0,0,2,4000,0,0
3,24,0,0,0,2,4000,1,0
3,24,0,0,0,2,4001,0,1
3,24,0,0,0,2,4001,1,1
3,24,0,0,1,0,4000,0,1
3,24,0,0,1,0,4000,1,0
3,24,0,0,1,0,4001,0,1
3,24,0,0,1,0,4001,1,0
3,24,0,0,1,1,4000,0,1
3,24,0,0,1,1,4000,1,1
3,24,0,0,1,1,4001,0,1
3,24,0,0,1,1,4001,1,0
3,24,0,0,1,2,4000,0,0
3,24,0,0,1,2,4000,1,0
3,24,0,0,1,2,4001,0,1
3,24,0,0,1,2,4001,1,0
3,24,0,0,2,0,4000,0,0.5
3,24,0,0,2,0,4000,1,0
3,24,0,0,2,0,4001,0,1
3,24,0,0,2,0,4001,1,1
3,24,0,0,2,1,4000,0,0
3,24,0,0,2,1,4000,1,0
3,24,0,0,2,1,4001,0,1
3,24,0,0,2,1,4001,1,1
3,24,0,0,2,2,4000,0,0
3,24,0,0,2,2,4000,1,0
3,24,0,0,2,2,4001,0,1
3,24,0,0,2,2,4001,1,0
3,24,0,1,0,0,4000,0,1
3,24,0,1,0,0,4000,1,1
3,24,0,1,0,0,4001,0,1
3,24,0,1,0,0,4001,1,1
3,24,0,1,0,1,4000,0,1
3,24,0,1,0,1,4000,1,1
3,24,0,1,0,1,4001,0,1
3,24,0,1,0,1,4001,1,1
3,24,0,1,0,2,4000,0,0.5
3,24,0,1,0,2,4000,1,0.5
3,24,0,1,0,2,4001,0,1
3,24,0,1,0,2,4001,1,1
3,24,0,1,1,0,4000,0,1
3,24,0,1,1,0,4000,1,1
3,24,0,1,1,0,4001,0,1
3,24,0,1,1,0,4001,1,1
3,24,0,1,1,1,4000,0,1
3,24,0,1,1,1,4000,1,1
3,24,0,1,1,1,4001,0,1
3,24,0,1,1,1,4001,1,1
3,24,0,1,1,2,4000,0,0.5
3,24,0,1,1,2,4000,1,1
3,24,0,1,1,2,4001,0,1
3,24,0,1,1,2,4001,1,1
3,24,0,1,2,0,4000,0,1
3,24,0,1,2,0,4000,1,1
3,24,0,1,2,0,4001,0,1
3,24,0,1,2,0,4001,1,1
3,24,0,1,2,1,4000,0,0
3,24,0,1,2,1,4000,1,1
3,24,0,1,2,1,4001,0,1
3,24,0,1,2,1,4001,1,1
3,24,0,1,2,2,4000,0,1
3,24,0,1,2,2,4000,1,1
3,24,0,1,2,2,4001,0,1
3,24,0,1,2,2,4001,1,1
3,24,0,2,0,0,4000,0,1
3,24,0,2,0,0,4000,1,1
3,24,0,2,0,0,4001,0,1
3,24,0,2,0,0,4001,1,1
3,24,0,2,0,1,4000,0,0
3,24,0,2,0,1,4000,1,0
3,24,0,2,0,1,4001,0,1
3,24,0,2,0,1,4001,1,1
3,24,0,2,0,2,4000,0,1
3,24,0,2,0,2,4000,1,1
3,24,0,2,0,2,4001,0,1
3,24,0,2,0,2,4001,1,1
3,24,0,2,1,0,4000,0,0
3,24,0,2,1,0,4000,1,1
3,24,0,2,1,0,4001,0,1
3,24,0,2,1,0,4001,1,1
3,24,0,2,1,1,4000,0,0
3,24,0,2,1,1,4000,1,0
3,24,0,2,1,1,4001,0,1
3,24,0,2,1,1,4001,1,1
3,24,0,2,1,2,4000,0,1
3,24,0,2,1,2,4000,1,1
3,24,0,2,1,2,4001,0,1
3,24,0,2,1,2,4001,1,0
3,24,0,2,2,0,4000,0,0
3,24,0,2,2,0,4000,1,1
3,24,0,2,2,0,4001,0,0
3,24,0,2,2,0,4001,1,0
3,24,0,2,2,1,4000,0,1
3,24,0,2,2,1,4000,1,1
3,24,0,2,2,1,4001,0,1
3,24,0,2,2,1,4001,1,1
3,24,0,2,2,2,4000,0,0
3,24,0,2,2,2,4000,1,1
3,24,0,2,2,2,4001,0,1
3,24,0,2,2,2,4001,1,1
3,24,0,3,0,0,4000,0,1
3,24,0,3,0,0,4000,1,1
3,24,0,3,0,0,4001,0,1
3,24,0,3,0,0,4001,1,1
3,24,0,3,0,1,4000,0,0
3,24,0,3,0,1,4000,1,0
3,24,0,3,0,1,4001,0,0
3,24,0,3,0,1,4001,1,0
3,24,0,3,0,2,4000,0,0
3,24,0,3,0,2,4000,1,0
3,24,0,3,0,2,4001,0,0
3,24,0,3,0,2,4001,1,0
3,24,0,3,1,0,4000,0,1
3,24,0,3,1,0,4000,1,1
3,24,0,3,1,0,4001,0,1
3,24,0,3,1,0,4001,1,1
3,24,0,3,1,1,4000,0,0
3,24,0,3,1,1,4000,1,0
3,24,0,3,1,1,4001,0,0
3,24,0,3,1,1,4001,1,0
3,24,0,3,1,2,4000,0,0
3,24,0,3,1,2,4000,1,0
3,24,0,3,1,2,4001,0,0
3,24,0,3,1,2,4001,1,1
3,24,0,3,2,0,4000,0,1
3,24,0,3,2,0,4000,1,1
3,24,0,3,2,0,4001,0,0
3,24,0,3,2,0,4001,1,0
3,24,0,3,2,1,4000,0,0
3,24,0,3,2,1,4000,1,0
3,24,0,3,2,1,4001,0,0
3,24,0,3,2,1,4001,1,0
3,24,0,3,2,2,4000,0,0
3,24,0,3,2,2,4000,1,0
3,24,0,3,2,2,4001,0,1
3,24,0,3,2,2,4001,1,1
3,24,1,0,0,0,4000,0,0
3,24,1,0,0,0,4000,1,0
3,24,1,0,0,0,4001,0,1
3,24,1,0,0,0,4001,1,1
3,24,1,0,0,1,4000,0,1
3,24,1,0,0,1,4000,1,1
3,24,1,0,0,1,4001,0,1
3,24,1,0,0,1,4001,1,1
3,24,1,0,0,2,4000,0,0
3,24,1,0,0,2,4000,1,0
3,24,1,0,0,2,4001,0,0
3,24,1,0,0,2,4001,1,0
3,24,1,0,1,0,4000,0,0
3,24,1,0,1,0,4000,1,0
3,24,1,0,1,0,4001,0,1
3,24,1,0,1,0,4001,1,1
3,24,1,0,1,1,4000,0,0
3,24,1,0,1,1,4000,1,1
3,24,1,0,1,1,4001,0,1
3,24,1,0,1,1,4001,1,1
3,24,1,0,1,2,4000,0,0
3,24,1,0,1,2,4000,1,1
3,24,1,0,1,2,4001,0,0
3,24,1,0,1,2,4001,1,0
3,24,1,0,2,0,4000,0,1
3,24,1,0,2,0,4000,1,0
3,24,1,0,2,0,4001,0,0
3,24,1,0,2,0,4001,1,1
3,24,1,0,2,1,4000,0,0
3,24,1,0,2,1,4000,1,0
3,24,1,0,2,1,4001,0,1
3,24,1,0,2,1,4001,1,0
3,24,1,0,2,2,4000,0,0
3,24,1,0,2,2,4000,1,0
3,24,1,0,2,2,4001,0,0
3,24,1,0,2,2,4001,1,0
3,24,1,1,0,0,4000,0,1
3,24,1,1,0,0,4000,1,1
3,24,1,1,0,0,4001,0,1
3,24,1,1,0,0,4001,1,1
3,24,1,1,0,1,4000,0,1
3,24,1,1,0,1,4000,1,1
3,24,1,1,0,1,4001,0,0
3,24,1,1,0,1,4001,1,0
3,24,1,1,0,2,4000,0,1
3,24,1,1,0,2,4000,1,1
3,24,1,1,0,2,4001,0,0
3,24,1,1,0,2,4001,1,0
3,24,1,1,1,0,4000,0,1
3,24,1,1,1,0,4000,1,1
3,24,1,1,1,0,4001,0,1
3,24,1,1,1,0,4001,1,1
3,24,1,1,1,1,4000,0,1
3,24,1,1,1,1,4000,1,1
3,24,1,1,1,1,4001,0,0
3,24,1,1,1,1,4001,1,0
3,24,1,1,1,2,4000,0,1
3,24,1,1,1,2,4000,1,1
3,24,1,1,1,2,4001,0,1
3,24,1,1,1,2,4001,1,0
3,24,1,1,2,0,4000,0,1
3,24,1,1,2,0,4000,1,0
3,24,1,1,2,0,4001,0,1
3,24,1,1,2,0,4001,1,1
3,24,1,1,2,1,4000,0,1
3,24,1,1,2,1,4000,1,0
3,24,1,1,2,1,4001,0,1
3,24,1,1,2,1,4001,1,0
3,24,1,1,2,2,4000,0,1
3,24,1,1,2,2,4000,1,1
3,24,1,1,2,2,4001,0,1
3,24,1,1,2,2,4001,1,1
3,24,1,2,0,0,4000,0,1
3,24,1,2,0,0,4000,1,1
3,24,1,2,0,0,4001,0,0
3,24,1,2,0,0,4001,1,0
3,24,1,2,0,1,4000,0,0
3,24,1,2,0,1,4000,1,0
3,24,1,2,0,1,4001,0,0.5
3,24,1,2,0,1,4001,1,0.5
3,24,1,2,0,2,4000,0,1
3,24,1,2,0,2,4000,1,1
3,24,1,2,0,2,4001,0,1
3,24,1,2,0,2,4001,1,1
3,24,1,2,1,0,4000,0,1
3,24,1,2,1,0,4000,1,0
3,24,1,2,1,0,4001,0,1
3,24,1,2,1,0,4001,1,0
3,24,1,2,1,1,4000,0,0
3,24,1,2,1,1,4000,1,0
3,24,1,2,1,1,4001,0,0
3,24,1,2,1,1,4001,1,0
3,24,1,2,1,2,4000,0,1
3,24,1,2,1,2,4000,1,1
3,24,1,2,1,2,4001,0,1
3,24,1,2,1,2,4001,1,1
3,24,1,2,2,0,4000,0,0
3,24,1,2,2,0,4000,1,0
3,24,1,2,2,0,4001,0,1
3,24,1,2,2,0,4001,1,1
3,24,1,2,2,1,4000,0,0
3,24,1,2,2,1,4000,1,0
3,24,1,2,2,1,4001,0,0
3,24,1,2,2,1,4001,1,1
3,24,1,2,2,2,4000,0,0
3,24,1,2,2,2,4000,1,0
3,24,1,2,2,2,4001,0,1
3,24,1,2,2,2,4001,1,1
3,24,1,3,0,0,4000,0,1
3,24,1,3,0,0,4000,1,1
3,24,1,3,0,0,4001,0,1
3,24,1,3,0,0,4001,1,1
3,24,1,3,0,1,4000,0,1
3,24,1,3,0,1,4000,1,1
3,24,1,3,0,1,4001,0,1
3,24,1,3,0,1,4001,1,1
3,24,1,3,0,2,4000,0,1
3,24,1,3,0,2,4000,1,1
3,24,1,3,0,2,4001,0,1
3,24,1,3,0,2,4001,1,1
3,24,1,3,1,0,4000,0,1
3,24,1,3,1,0,4000,1,1
3,24,1,3,1,0,4001,0,1
3,24,1,3,1,0,4001,1,1
3,24,1,3,1,1,4000,0,1
3,24,1,3,1,1,4000,1,1
3,24,1,3,1,1,4001,0,1
3,24,1,3,1,1,4001,1,0
3,24,1,3,1,2,4000,0,1
3,24,1,3,1,2,4000,1,1
3,24,1,3,1,2,4001,0,1
3,24,1,3,1,2,4001,1,1
3,24,1,3,2,0,4000,0,1
3,24,1,3,2,0,4000,1,1
3,24,1,3,2,0,4001,0,1
3,24,1,3,2,0,4001,1,1
3,24,1,3,2,1,4000,0,1
3,24,1,3,2,1,4000,1,1
3,24,1,3,2,1,4001,0,1
3,24,1,3,2,1,4001,1,1
3,24,1,3,2,2,4000,0,1
3,24,1,3,2,2,4000,1,1
3,24,1,3,2,2,4001,0,1
3,24,1,3,2,2,4001,1,1
3,24,2,0,0,0,4000,0,1
3,24,2,0,0,0,4000,1,1
3,24,2,0,0,0,4001,0,1
3,24,2,0,0,0,4001,1,1
3,24,2,0,0,1,4000,0,1
3,24,2,0,0,1,4000,1,1
3,24,2,0,0,1,4001,0,1
3,24,2,0,0,1,4001,1,1
3,24,2,0,0,2,4000,0,1
3,24,2,0,0,2,4000,1,1
3,24,2,0,0,2,4001,0,1
3,24,2,0,0,2,4001,1,1
3,24,2,0,1,0,4000,0,1
3,24,2,0,1,0,4000,1,1
3,24,2,0,1,0,4001,0,1
3,24,2,0,1,0,4001,1,1
3,24,2,0,1,1,4000,0,1
3,24,2,0,1,1,4000,1,1
3,24,2,0,1,1,4001,0,1
3,24,2,0,1,1,4001,1,1
3,24,2,0,1,2,4000,0,1
3,24,2,0,1,2,4000,1,1
3,24,2,0,1,2,4001,0,1
3,24,2,0,1,2,4001,1,1
3,24,2,0,2,0,4000,0,1
3,24,2,0,2,0,4000,1,1
3,24,2,0,2,0,4001,0,1
3,24,2,0,2,0,4001,1,1
3,24,2,0,2,1,4000,0,1
3,24,2,0,2,1,4000,1,1
3,24,2,0,2,1,4001,0,1
3,24,2,0,2,1,4001,1,1
3,24,2,0,2,2,4000,0,1
3,24,2,0,2,2,4000,1,1
3,24,2,0,2,2,4001,0,1
3,24,2,0,2,2,4001,1,1
3,24,2,1,0,0,4000,0,1
3,24,2,1,0,0,4000,1,1
3,24,2,1,0,0,4001,0,1
3,24,2,1,0,0,4001,1,1
3,24,2,1,0,1,4000,0,1
3,24,2,1,0,1,4000,1,1
3,24,2,1,0,1,4001,0,1
3,24,2,1,0,1,4001,1,1
3,24,2,1,0,2,4000,0,1
3,24,2,1,0,2,4000,1,1
3,24,2,1,0,2,4001,0,1
3,24,2,1,0,2,4001,1,1
3,24,2,1,1,0,4000,0,1
3,24,2,1,1,0,4000,1,1
3,24,2,1,1,0,4001,0,1
3,24,2,1,1,0,4001,1,1
3,24,2,1,1,1,4000,0,1
3,24,2,1,1,1,4000,1,1
3,24,2,1,1,1,4001,0,1
3,24,2,1,1,1,4001,1,1
3,24,2,1,1,2,4000,0,1
3,24,2,1,1,2,4000,1,1
3,24,2,1,1,2,4001,0,1
3,24,2,1,1,2,4001,1,1
3,24,2,1,2,0,4000,0,1
3,24,2,1,2,0,4000,1,1
3,24,2,1,2,0,4001,0,1
3,24,2,1,2,0,4001,1,1
3,24,2,1,2,1,4000,0,1
3,24,2,1,2,1,4000,1,1
3,24,2,1,2,1,4001,0,1
3,24,2,1,2,1,4001,1,1
3,24,2,1,2,2,4000,0,1
3,24,2,1,2,2,4000,1,1
3,24,2,1,2,2,4001,0,1
3,24,2,1,2,2,4001,1,1
3,24,2,2,0,0,4000,0,1
3,24,2,2,0,0,4000,1,1
3,24,2,2,0,0,4001,0,1
3,24,2,2,0,0,4001,1,1
3,24,2,2,0,1,4000,0,0
3,24,2,2,0,1,4000,1,0
3,24,2,2,0,1,4001,0,1
3,24,2,2,0,1,4001,1,1
3,24,2,2,0,2,4000,0,0
3,24,2,2,0,2,4000,1,0
3,24,2,2,0,2,4001,0,0
3,24,2,2,0,2,4001,1,0
3,24,2,2,1,0,4000,0,0
3,24,2,2,1,0,4000,1,1
3,24,2,2,1,0,4001,0,1
3,24,2,2,1,0,4001,1,1
3,24,2,2,1,1,4000,0,0
3,24,2,2,1,1,4000,1,1
3,24,2,2,1,1,4001,0,1
3,24,2,2,1,1,4001,1,0
3,24,2,2,1,2,4000,0,0
3,24,2,2,1,2,4000,1,0
3,24,2,2,1,2,4001,0,0
3,24,2,2,1,2,4001,1,0
3,24,2,2,2,0,4000,0,1
3,24,2,2,2,0,4000,1,1
3,24,2,2,2,0,4001,0,1
3,24,2,2,2,0,4001,1,1
3,24,2,2,2,1,4000,0,1
3,24,2,2,2,1,4000,1,1
3,24,2,2,2,1,4001,0,1
3,24,2,2,2,1,4001,1,1
3,24,2,2,2,2,4000,0,0
3,24,2,2,2,2,4000,1,1
3,24,2,2,2,2,4001,0,0
3,24,2,2,2,2,4001,1,0
3,24,2,3,0,0,4000,0,1
3,24,2,3,0,0,4000,1,1
3,24,2,3,0,0,4001,0,1
3,24,2,3,0,0,4001,1,1
3,24,2,3,0,1,4000,0,1
3,24,2,3,0,1,4000,1,1
3,24,2,3,0,1,4001,0,1
3,24,2,3,0,1,4001,1,1
3,24,2,3,0,2,4000,0,1
3,24,2,3,0,2,4000,1,1
3,24,2,3,0,2,4001,0,1
3,24,2,3,0,2,4001,1,1
3,24,2,3,1,0,4000,0,1
3,24,2,3,1,0,4000,1,1
3,24,2,3,1,0,4001,0,1
3,24,2,3,1,0,4001,1,1
3,24,2,3,1,1,4000,0,1
3,24,2,3,1,1,4000,1,1
3,24,2,3,1,1,4001,0,1
3,24,2,3,1,1,4001,1,1
3,24,2,3,1,2,4000,0,1
3,24,2,3,1,2,4000,1,1
3,24,2,3,1,2,4001,0,1
3,24,2,3,1,2,4001,1,1
3,24,2,3,2,0,4000,0,1
3,24,2,3,2,0,4000,1,1
3,24,2,3,2,0,4001,0,1
3,24,2,3,2,0,4001,1,1
3,24,2,3,2,1,4000,0,1
3,24,2,3,2,1,4000,1,1
3,24,2,3,2,1,4001,0,1
3,24,2,3,2,1,4001,1,1
3,24,2,3,2,2,4000,0,1
3,24,2,3,2,2,4000,1,1
3,24,2,3,2,2,4001,0,1
3,24,2,3,2,2,4001,1,1
3,24,3,0,0,0,4000,0,1
3,24,3,0,0,0,4000,1,1
3,24,3,0,0,0,4001,0,1
3,24,3,0,0,0,4001,1,1
3,24,3,0,0,1,4000,0,1
3,24,3,0,0,1,4000,1,1
3,24,3,0,0,1,4001,0,1
3,24,3,0,0,1,4001,1,1
3,24,3,0,0,2,4000,0,1
3,24,3,0,0,2,4000,1,1
3,24,3,0,0,2,4001,0,1
3,24,3,0,0,2,4001,1,1
3,24,3,0,1,0,4000,0,1
3,24,3,0,1,0,4000,1,1
3,24,3,0,1,0,4001,0,1
3,24,3,0,1,0,4001,1,1
3,24,3,0,1,1,4000,0,1
3,24,3,0,1,1,4000,1,1
3,24,3,0,1,1,4001,0,1
3,24,3,0,1,1,4001,1,0
3,24,3,0,1,2,4000,0,1
3,24,3,0,1,2,4000,1,1
3,24,3,0,1,2,4001,0,1
3,24,3,0,1,2,4001,1,1
3,24,3,0,2,0,4000,0,0
3,24,3,0,2,0,4000,1,1
3,24,3,0,2,0,4001,0,1
3,24,3,0,2,0,4001,1,1
3,24,3,0,2,1,4000,0,1
3,24,3,0,2,1,4000,1,1
3,24,3,0,2,1,4001,0,1
3,24,3,0,2,1,4001,1,1
3,24,3,0,2,2,4000,0,1
3,24,3,0,2,2,4000,1,1
3,24,3,0,2,2,4001,0,1
3,24,3,0,2,2,4001,1,1
3,24,3,1,0,0,4000,0,1
3,24,3,1,0,0,4000,1,1
3,24,3,1,0,0,4001,0,0
3,24,3,1,0,0,4001,1,0
3,24,3,1,0,1,4000,0,0
3,24,3,1,0,1,4000,1,0
3,24,3,1,0,1,4001,0,0
3,24,3,1,0,1,4001,1,0
3,24,3,1,0,2,4000,0,1
3,24,3,1,0,2,4000,1,1
3,24,3,1,0,2,4001,0,0
3,24,3,1,0,2,4001,1,0
3,24,3,1,1,0,4000,0,1
3,24,3,1,1,0,4000,1,1
3,24,3,1,1,0,4001,0,0
3,24,3,1,1,0,4001,1,0
3,24,3,1,1,1,4000,0,0
3,24,3,1,1,1,4000,1,0
3,24,3,1,1,1,4001,0,0
3,24,3,1,1,1,4001,1,0
3,24,3,1,1,2,4000,0,1
3,24,3,1,1,2,4000,1,1
3,24,3,1,1,2,4001,0,1
3,24,3,1,1,2,4001,1,0
3,24,3,1,2,0,4000,0,1
3,24,3,1,2,0,4000,1,1
3,24,3,1,2,0,4001,0,0
3,24,3,1,2,0,4001,1,0
3,24,3,1,2,1,4000,0,1
3,24,3,1,2,1,4000,1,1
3,24,3,1,2,1,4001,0,1
3,24,3,1,2,1,4001,1,1
3,24,3,1,2,2,4000,0,1
3,24,3,1,2,2,4000,1,1
3,24,3,1,2,2,4001,0,1
3,24,3,1,2,2,4001,1,1
3,24,3,2,0,0,4000,0,1
3,24,3,2,0,0,4000,1,1
3,24,3,2,0,0,4001,0,1
3,24,3,2,0,0,4001,1,1
3,24,3,2,0,1,4000,0,1
3,24,3,2,0,1,4000,1,1
3,24,3,2,0,1,4001,0,1
3,24,3,2,0,1,4001,1,1
3,24,3,2,0,2,4000,0,1
3,24,3,2,0,2,4000,1,1
3,24,3,2,0,2,4001,0,1
3,24,3,2,0,2,4001,1,1
3,24,3,2,1,0,4000,0,1
3,24,3,2,1,0,4000,1,1
3,24,3,2,1,0,4001,0,1
3,24,3,2,1,0,4001,1,1
3,24,3,2,1,1,4000,0,1
3,24,3,2,1,1,4000,1,1
3,24,3,2,1,1,4001,0,1
3,24,3,2,1,1,4001,1,1
3,24,3,2,1,2,4000,0,1
3,24,3,2,1,2,4000,1,1
3,24,3,2,1,2,4001,0,1
3,24,3,2,1,2,4001,1,1
3,24,3,2,2,0,4000,0,1
3,24,3,2,2,0,4000,1,1
3,24,3,2,2,0,4001,0,1
3,24,3,2,2,0,4001,1,1
3,24,3,2,2,1,4000,0,1
3,24,3,2,2,1,4000,1,1
3,24,3,2,2,1,4001,0,1
3,24,3,2,2,1,4001,1,1
3,24,3,2,2,2,4000,0,1
3,24,3,2,2,2,4000,1,1
3,24,3,2,2,2,4001,0,1
3,24,3,2,2,2,4001,1,1
3,24,3,3,0,0,4000,0,0
3,24,3,3,0,0,4000,1,0
3,24,3,3,0,0,4001,0,0
3,24,3,3,0,0,4001,1,0
3,24,3,3,0,1,4000,0,1
3,24,3,3,0,1,4000,1,1
3,24,3,3,0,1,4001,0,0
3,24,3,3,0,1,4001,1,0
3,24,3,3,0,2,4000,0,1
3,24,3,3,0,2,4000,1,1
3,24,3,3,0,2,4001,0,0
3,24,3,3,0,2,4001,1,0
3,24,3,3,1,0,4000,0,1
3,24,3,3,1,0,4000,1,0
3,24,3,3,1,0,4001,0,0
3,24,3,3,1,0,4001,1,0
3,24,3,3,1,1,4000,0,1
3,24,3,3,1,1,4000,1,1
3,24,3,3,1,1,4001,0,0
3,24,3,3,1,1,4001,1,1
3,24,3,3,1,2,4000,0,1
3,24,3,3,1,2,4000,1,1
3,24,3,3,1,2,4001,0,0
3,24,3,3,1,2,4001,1,0
3,24,3,3,2,0,4000,0,1
3,24,3,3,2,0,4000,1,1
3,24,3,3,2,0,4001,0,1
3,24,3,3,2,0,4001,1,0
3,24,3,3,2,1,4000,0,1
3,24,3,3,2,1,4000,1,1
3,24,3,3,2,1,4001,0,0
3,24,3,3,2,1,4001,1,0
3,24,3,3,2,2,4000,0,1
3,24,3,3,2,2,4000,1,1
3,24,3,3,2,2,4001,0,0
3,24,3,3,2,2,4001,1,0
24,38,0,0,0,0,4000,0,1
24,38,0,0,0,0,4000,1,1
24,38,0,0,0,0,4001,0,1
24,38,0,0,0,0,4001,1,1
24,38,0,0,0,1,4000,0,1
24,38,0,0,0,1,4000,1,1
24,38,0,0,0,1,4001,0,1
24,38,0,0,0,1,4001,1,1
24,38,0,0,0,2,4000,0,1
24,38,0,0,0,2,4000,1,1
24,38,0,0,0,2,4001,0,1
24,38,0,0,0,2,4001,1,1
24,38,0,0,1,0,4000,0,1
24,38,0,0,1,0,4000,1,1
24,38,0,0,1,0,4001,0,1
24,38,0,0,1,0,4001,1,1
24,38,0,0,1,1,4000,0,1
24,38,0,0,1,1,4000,1,1
24,38,0,0,1,1,4001,0,1
24,38,0,0,1,1,4001,1,1
24,38,0,0,1,2,4000,0,1
24,38,0,0,1,2,4000,1,1
24,38,0,0,1,2,4001,0,1
24,38,0,0,1,2,4001,1,1
24,38,0,0,2,0,4000,0,0
24,38,0,0,2,0,4000,1,1
24,38,0,0,2,0,4001,0,0
24,38,0,0,2,0,4001,1,1
24,38,0,0,2,1,4000,0,0
24,38,0,0,2,1,4000,1,1
24,38,0,0,2,1,4001,0,0
24,38,0,0,2,1,4001,1,1
24,38,0,0,2,2,4000,0,0
24,38,0,0,2,2,4000,1,1
24,38,0,0,2,2,4001,0,0
24,38,0,0,2,2,4001,1,1
24,38,0,1,0,0,4000,0,1
24,38,0,1,0,0,4000,1,1
24,38,0,1,0,0,4001,0,1
24,38,0,1,0,0,4001,1,1
24,38,0,1,0,1,4000,0,1
24,38,0,1,0,1,4000,1,1
24,38,0,1,0,1,4001,0,1
24,38,0,1,0,1,4001,1,1
24,38,0,1,0,2,4000,0,1
24,38,0,1,0,2,4000,1,1
24,38,0,1,0,2,4001,0,1
24,38,0,1,0,2,4001,1,1
24,38,0,1,1,0,4000,0,1
24,38,0,1,1,0,4000,1,1
24,38,0,1,1,0,4001,0,1
24,38,0,1,1,0,4001,1,1
24,38,0,1,1,1,4000,0,1
24,38,0,1,1,1,4000,1,1
24,38,0,1,1,1,4001,0,1
24,38,0,1,1,1,4001,1,1
24,38,0,1,1,2,4000,0,1
24,38,0,1,1,2,4000,1,1
24,38,0,1,1,2,4001,0,1
24,38,0,1,1,2,4001,1,1
24,38,0,1,2,0,4000,0,1
24,38,0,1,2,0,4000,1,1
24,38,0,1,2,0,4001,0,1
24,38,0,1,2,0,4001,1,1
24,38,0,1,2,1,4000,0,1
24,38,0,1,2,1,4000,1,1
24,38,0,1,2,1,4001,0,1
24,38,0,1,2,1,4001,1,1
24,38,0,1,2,2,4000,0,1
24,38,0,1,2,2,4000,1,1
24,38,0,1,2,2,4001,0,1
24,38,0,1,2,2,4001,1,1
24,38,0,2,0,0,4000,0,1
24,38,0,2,0,0,4000,1,1
24,38,0,2,0,0,4001,0,1
24,38,0,2,0,0,4001,1,1
24,38,0,2,0,1,4000,0,1
24,38,0,2,0,1,4000,1,1
24,38,0,2,0,1,4001,0,1
24,38,0,2,0,1,4001,1,1
24,38,0,2,0,2,4000,0,1
24,38,0,2,0,2,4000,1,1
24,38,0,2,0,2,4001,0,1
24,38,0,2,0,2,4001,1,1
24,38,0,2,1,0,4000,0,1
24,38,0,2,1,0,4000,1,1
24,38,0,2,1,0,4001,0,1
24,38,0,2,1,0,4001,1,1
24,38,0,2,1,1,4000,0,1
24,38,0,2,1,1,4000,1,1
24,38,0,2,1,1,4001,0,1
24,38,0,2,1,1,4001,1,1
24,38,0,2,1,2,4000,0,1
24,38,0,2,1,2,4000,1,1
24,38,0,2,1,2,4001,0,1
24,38,0,2,1,2,4001,1,1
24,38,0,2,2,0,4000,0,0
24,38,0,2,2,0,4000,1,1
24,38,0,2,2,0,4001,0,0
24,38,0,2,2,0,4001,1,1
24,38,0,2,2,1,4000,0,0
24,38,0,2,2,1,4000,1,1
24,38,0,2,2,1,4001,0,0
24,38,0,2,2,1,4001,1,1
24,38,0,2,2,2,4000,0,0
24,38,0,2,2,2,4000,1,1
24,38,0,2,2,2,4001,0,0
24,38,0,2,2,2,4001,1,1
24,38,0,3,0,0,4000,0,1
24,38,0,3,0,0,4000,1,1
24,38,0,3,0,0,4001,0,1
24,38,0,3,0,0,4001,1,1
24,38,0,3,0,1,4000,0,1
24,38,0,3,0,1,4000,1,1
24,38,0,3,0,1,4001,0,1
24,38,0,3,0,1,4001,1,1
24,38,0,3,0,2,4000,0,1
24,38,0,3,0,2,4000,1,1
24,38,0,3,0,2,4001,0,1
24,38,0,3,0,2,4001,1,1
24,38,0,3,1,0,4000,0,1
24,38,0,3,1,0,4000,1,1
24,38,0,3,1,0,4001,0,1
24,38,0,3,1,0,4001,1,1
24,38,0,3,1,1,4000,0,1
24,38,0,3,1,1,4000,1,1
24,38,0,3,1,1,4001,0,1
24,38,0,3,1,1,4001,1,1
24,38,0,3,1,2,4000,0,1
24,38,0,3,1,2,4000,1,1
24,38,0,3,1,2,4001,0,1
24,38,0,3,1,2,4001,1,1
24,38,0,3,2,0,4000,0,1
24,38,0,3,2,0,4000,1,1
24,38,0,3,2,0,4001,0,1
24,38,0,3,2,0,4001,1,1
24,38,0,3,2,1,4000,0,1
24,38,0,3,2,1,4000,1,1
24,38,0,3,2,1,4001,0,1
24,38,0,3,2,1,4001,1,1
24,38,0,3,2,2,4000,0,0
24,38,0,3,2,2,4000,1,0
24,38,0,3,2,2,4001,0,1
24,38,0,3,2,2,4001,1,1
24,38,1,0,0,0,4000,0,1
24,38,1,0,0,0,4000,1,1
24,38,1,0,0,0,4001,0,1
24,38,1,0,0,0,4001,1,1
24,38,1,0,0,1,4000,0,1
24,38,1,0,0,1,4000,1,1
24,38,1,0,0,1,4001,0,1
24,38,1,0,0,1,4001,1,1
24,38,1,0,0,2,4000,0,1
24,38,1,0,0,2,4000,1,1
24,38,1,0,0,2,4001,0,0
24,38,1,0,0,2,4001,1,0
24,38,1,0,1,0,4000,0,1
24,38,1,0,1,0,4000,1,1
24,38,1,0,1,0,4001,0,1
24,38,1,0,1,0,4001,1,1
24,38,1,0,1,1,4000,0,1
24,38,1,0,1,1,4000,1,0
24,38,1,0,1,1,4001,0,1
24,38,1,0,1,1,4001,1,1
24,38,1,0,1,2,4000,0,1
24,38,1,0,1,2,4000,1,1
24,38,1,0,1,2,4001,0,1
24,38,1,0,1,2,4001,1,1
24,38,1,0,2,0,4000,0,0
24,38,1,0,2,0,4000,1,1
24,38,1,0,2,0,4001,0,1
24,38,1,0,2,0,4001,1,1
24,38,1,0,2,1,4000,0,0
24,38,1,0,2,1,4000,1,1
24,38,1,0,2,1,4001,0,1
24,38,1,0,2,1,4001,1,1
24,38,1,0,2,2,4000,0,0
24,38,1,0,2,2,4000,1,1
24,38,1,0,2,2,4001,0,0
24,38,1,0,2,2,4001,1,1
24,38,1,1,0,0,4000,0,1
24,38,1,1,0,0,4000,1,1
24,38,1,1,0,0,4001,0,1
24,38,1,1,0,0,4001,1,1
24,38,1,1,0,1,4000,0,1
24,38,1,1,0,1,4000,1,1
24,38,1,1,0,1,4001,0,1
24,38,1,1,0,1,4001,1,1
24,38,1,1,0,2,4000,0,1
24,38,1,1,0,2,4000,1,1
24,38,1,1,0,2,4001,0,1
24,38,1,1,0,2,4001,1,1
24,38,1,1,1,0,4000,0,1
24,38,1,1,1,0,4000,1,0.5
24,38,1,1,1,0,4001,0,0
24,38,1,1,1,0,4001,1,0
24,38,1,1,1,1,4000,0,1
24,38,1,1,1,1,4000,1,0.5
24,38,1,1,1,1,4001,0,1
24,38,1,1,1,1,4001,1,0
24,38,1,1,1,2,4000,0,1
24,38,1,1,1,2,4000,1,1
24,38,1,1,1,2,4001,0,1
24,38,1,1,1,2,4001,1,0
24,38,1,1,2,0,4000,0,1
24,38,1,1,2,0,4000,1,1
24,38,1,1,2,0,4001,0,1
24,38,1,1,2,0,4001,1,1
24,38,1,1,2,1,4000,0,1
24,38,1,1,2,1,4000,1,1
24,38,1,1,2,1,4001,0,1
24,38,1,1,2,1,4001,1,1
24,38,1,1,2,2,4000,0,1
24,38,1,1,2,2,4000,1,1
24,38,1,1,2,2,4001,0,1
24,38,1,1,2,2,4001,1,1
24,38,1,2,0,0,4000,0,1
24,38,1,2,0,0,4000,1,1
24,38,1,2,0,0,4001,0,1
24,38,1,2,0,0,4001,1,1
24,38,1,2,0,1,4000,0,1
24,38,1,2,0,1,4000,1,1
24,38,1,2,0,1,4001,0,1
24,38,1,2,0,1,4001,1,1
24,38,1,2,0,2,4000,0,1
24,38,1,2,0,2,4000,1,1
24,38,1,2,0,2,4001,0,0
24,38,1,2,0,2,4001,1,0
24,38,1,2,1,0,4000,0,1
24,38,1,2,1,0,4000,1,1
24,38,1,2,1,0,4001,0,1
24,38,1,2,1,0,4001,1,1
24,38,1,2,1,1,4000,0,1
24,38,1,2,1,1,4000,1,0
24,38,1,2,1,1,4001,0,1
24,38,1,2,1,1,4001,1,1
24,38,1,2,1,2,4000,0,1
24,38,1,2,1,2,4000,1,1
24,38,1,2,1,2,4001,0,1
24,38,1,2,1,2,4001,1,1
24,38,1,2,2,0,4000,0,0
24,38,1,2,2,0,4000,1,1
24,38,1,2,2,0,4001,0,1
24,38,1,2,2,0,4001,1,1
24,38,1,2,2,1,4000,0,0
24,38,1,2,2,1,4000,1,1
24,38,1,2,2,1,4001,0,1
24,38,1,2,2,1,4001,1,1
24,38,1,2,2,2,4000,0,0
24,38,1,2,2,2,4000,1,1
24,38,1,2,2,2,4001,0,0
24,38,1,2,2,2,4001,1,1
24,38,1,3,0,0,4000,0,1
24,38,1,3,0,0,4000,1,1
24,38,1,3,0,0,4001,0,1
24,38,1,3,0,0,4001,1,1
24,38,1,3,0,1,4000,0,1
24,38,1,3,0,1,4000,1,1
24,38,1,3,0,1,4001,0,1
24,38,1,3,0,1,4001,1,1
24,38,1,3,0,2,4000,0,1
24,38,1,3,0,2,4000,1,1
24,38,1,3,0,2,4001,0,1
24,38,1,3,0,2,4001,1,1
24,38,1,3,1,0,4000,0,1
24,38,1,3,1,0,4000,1,1
24,38,1,3,1,0,4001,0,1
24,38,1,3,1,0,4001,1,1
24,38,1,3,1,1,4000,0,1
24,38,1,3,1,1,4000,1,1
24,38,1,3,1,1,4001,0,1
24,38,1,3,1,1,4001,1,1
24,38,1,3,1,2,4000,0,1
24,38,1,3,1,2,4000,1,1
24,38,1,3,1,2,4001,0,1
24,38,1,3,1,2,4001,1,1
24,38,1,3,2,0,4000,0,1
24,38,1,3,2,0,4000,1,1
24,38,1,3,2,0,4001,0,1
24,38,1,3,2,0,4001,1,1
24,38,1,3,2,1,4000,0,1
24,38,1,3,2,1,4000,1,1
24,38,1,3,2,1,4001,0,1
24,38,1,3,2,1,4001,1,1
24,38,1,3,2,2,4000,0,0
24,38,1,3,2,2,4000,1,1
24,38,1,3,2,2,4001,0,1
24,38,1,3,2,2,4001,1,1
24,38,2,0,0,0,4000,0,1
24,38,2,0,0,0,4000,1,1
24,38,2,0,0,0,4001,0,1
24,38,2,0,0,0,4001,1,1
24,38,2,0,0,1,4000,0,1
24,38,2,0,0,1,4000,1,1
24,38,2,0,0,1,4001,0,1
24,38,2,0,0,1,4001,1,1
24,38,2,0,0,2,4000,0,1
24,38,2,0,0,2,4000,1,1
24,38,2,0,0,2,4001,0,1
24,38,2,0,0,2,4001,1,1
24,38,2,0,1,0,4000,0,1
24,38,2,0,1,0,4000,1,1
24,38,2,0,1,0,4001,0,1
24,38,2,0,1,0,4001,1,1
24,38,2,0,1,1,4000,0,1
24,38,2,0,1,1,4000,1,1
24,38,2,0,1,1,4001,0,1
24,38,2,0,1,1,4001,1,1
24,38,2,0,1,2,4000,0,1
24,38,2,0,1,2,4000,1,1
24,38,2,0,1,2,4001,0,1
24,38,2,0,1,2,4001,1,1
24,38,2,0,2,0,4000,0,0
24,38,2,0,2,0,4000,1,1
24,38,2,0,2,0,4001,0,1
24,38,2,0,2,0,4001,1,1
24,38,2,0,2,1,4000,0,0
24,38,2,0,2,1,4000,1,1
24,38,2,0,2,1,4001,0,0
24,38,2,0,2,1,4001,1,1
24,38,2,0,2,2,4000,0,0
24,38,2,0,2,2,4000,1,1
24,38,2,0,2,2,4001,0,0
24,38,2,0,2,2,4001,1,1
24,38,2,1,0,0,4000,0,1
24,38,2,1,0,0,4000,1,1
24,38,2,1,0,0,4001,0,1
24,38,2,1,0,0,4001,1,1
24,38,2,1,0,1,4000,0,1
24,38,2,1,0,1,4000,1,1
24,38,2,1,0,1,4001,0,1
24,38,2,1,0,1,4001,1,1
24,38,2,1,0,2,4000,0,1
24,38,2,1,0,2,4000,1,1
24,38,2,1,0,2,4001,0,1
24,38,2,1,0,2,4001,1,1
24,38,2,1,1,0,4000,0,1
24,38,2,1,1,0,4000,1,0
24,38,2,1,1,0,4001,0,0
24,38,2,1,1,0,4001,1,1
24,38,2,1,1,1,4000,0,1
24,38,2,1,1,1,4000,1,1
24,38,2,1,1,1,4001,0,1
24,38,2,1,1,1,4001,1,1
24,38,2,1,1,2,4000,0,0
24,38,2,1,1,2,4000,1,1
24,38,2,1,1,2,4001,0,0
24,38,2,1,1,2,4001,1,1
24,38,2,1,2,0,4000,0,1
24,38,2,1,2,0,4000,1,1
24,38,2,1,2,0,4001,0,1
24,38,2,1,2,0,4001,1,1
24,38,2,1,2,1,4000,0,1
24,38,2,1,2,1,4000,1,1
24,38,2,1,2,1,4001,0,1
24,38,2,1,2,1,4001,1,1
24,38,2,1,2,2,4000,0,0
24,38,2,1,2,2,4000,1,1
24,38,2,1,2,2,4001,0,1
24,38,2,1,2,2,4001,1,1
24,38,2,2,0,0,4000,0,1
24,38,2,2,0,0,4000,1,1
24,38,2,2,0,0,4001,0,1
24,38,2,2,0,0,4001,1,1
24,38,2,2,0,1,4000,0,1
24,38,2,2,0,1,4000,1,1
24,38,2,2,0,1,4001,0,1
24,38,2,2,0,1,4001,1,1
24,38,2,2,0,2,4000,0,1
24,38,2,2,0,2,4000,1,1
24,38,2,2,0,2,4001,0,1
24,38,2,2,0,2,4001,1,1
24,38,2,2,1,0,4000,0,1
24,38,2,2,1,0,4000,1,1
24,38,2,2,1,0,4001,0,1
24,38,2,2,1,0,4001,1,1
24,38,2,2,1,1,4000,0,1
24,38,2,2,1,1,4000,1,1
24,38,2,2,1,1,4001,0,1
24,38,2,2,1,1,4001,1,1
24,38,2,2,1,2,4000,0,1
24,38,2,2,1,2,4000,1,1
24,38,2,2,1,2,4001,0,1
24,38,2,2,1,2,4001,1,1
24,38,2,2,2,0,4000,0,0
24,38,2,2,2,0,4000,1,1
24,38,2,2,2,0,4001,0,1
24,38,2,2,2,0,4001,1,1
24,38,2,2,2,1,4000,0,0
24,38,2,2,2,1,4000,1,1
24,38,2,2,2,1,4001,0,0
24,38,2,2,2,1,4001,1,1
24,38,2,2,2,2,4000,0,0
24,38,2,2,2,2,4000,1,1
24,38,2,2,2,2,4001,0,0
24,38,2,2,2,2,4001,1,1
24,38,2,3,0,0,4000,0,0
24,38,2,3,0,0,4000,1,0
24,38,2,3,0,0,4001,0,1
24,38,2,3,0,0,4001,1,1
24,38,2,3,0,1,4000,0,1
24,38,2,3,0,1,4000,1,1
24,38,2,3,0,1,4001,0,1
24,38,2,3,0,1,4001,1,1
24,38,2,3,0,2,4000,0,1
24,38,2,3,0,2,4000,1,1
24,38,2,3,0,2,4001,0,1
24,38,2,3,0,2,4001,1,1
24,38,2,3,1,0,4000,0,1
24,38,2,3,1,0,4000,1,0
24,38,2,3,1,0,4001,0,1
24,38,2,3,1,0,4001,1,1
24,38,2,3,1,1,4000,0,1
24,38,2,3,1,1,4000,1,1
24,38,2,3,1,1,4001,0,1
24,38,2,3,1,1,4001,1,1
24,38,2,3,1,2,4000,0,1
24,38,2,3,1,2,4000,1,1
24,38,2,3,1,2,4001,0,1
24,38,2,3,1,2,4001,1,1
24,38,2,3,2,0,4000,0,1
24,38,2,3,2,0,4000,1,1
24,38,2,3,2,0,4001,0,1
24,38,2,3,2,0,4001,1,1
24,38,2,3,2,1,4000,0,1
24,38,2,3,2,1,4000,1,1
24,38,2,3,2,1,4001,0,1
24,38,2,3,2,1,4001,1,1
24,38,2,3,2,2,4000,0,1
24,38,2,3,2,2,4000,1,1
24,38,2,3,2,2,4001,0,1
24,38,2,3,2,2,4001,1,1
24,38,3,0,0,0,4000,0,1
24,38,3,0,0,0,4000,1,1
24,38,3,0,0,0,4001,0,1
24,38,3,0,0,0,4001,1,1
24,38,3,0,0,1,4000,0,1
24,38,3,0,0,1,4000,1,1
24,38,3,0,0,1,4001,0,1
24,38,3,0,0,1,4001,1,1
24,38,3,0,0,2,4000,0,1
24,38,3,0,0,2,4000,1,1
24,38,3,0,0,2,4001,0,1
24,38,3,0,0,2,4001,1,1
24,38,3,0,1,0,4000,0,1
24,38,3,0,1,0,4000,1,1
24,38,3,0,1,0,4001,0,1
24,38,3,0,1,0,4001,1,1
24,38,3,0,1,1,4000,0,1
24,38,3,0,1,1,4000,1,1
24,38,3,0,1,1,4001,0,1
24,38,3,0,1,1,4001,1,1
24,38,3,0,1,2,4000,0,1
24,38,3,0,1,2,4000,1,1
24,38,3,0,1,2,4001,0,1
24,38,3,0,1,2,4001,1,1
24,38,3,0,2,0,4000,0,1
24,38,3,0,2,0,4000,1,1
24,38,3,0,2,0,4001,0,1
24,38,3,0,2,0,4001,1,1
24,38,3,0,2,1,4000,0,0
24,38,3,0,2,1,4000,1,1
24,38,3,0,2,1,4001,0,1
24,38,3,0,2,1,4001,1,1
24,38,3,0,2,2,4000,0,1
24,38,3,0,2,2,4000,1,1
24,38,3,0,2,2,4001,0,1
24,38,3,0,2,2,4001,1,1
24,38,3,1,0,0,4000,0,1
24,38,3,1,0,0,4000,1,1
24,38,3,1,0,0,4001,0,0
24,38,3,1,0,0,4001,1,0
24,38,3,1,0,1,4000,0,1
24,38,3,1,0,1,4000,1,1
24,38,3,1,0,1,4001,0,0
24,38,3,1,0,1,4001,1,0
24,38,3,1,0,2,4000,0,1
24,38,3,1,0,2,4000,1,1
24,38,3,1,0,2,4001,0,1
24,38,3,1,0,2,4001,1,1
24,38,3,1,1,0,4000,0,0
24,38,3,1,1,0,4000,1,0
24,38,3,1,1,0,4001,0,0
24,38,3,1,1,0,4001,1,1
24,38,3,1,1,1,4000,0,1
24,38,3,1,1,1,4000,1,1
24,38,3,1,1,1,4001,0,1
24,38,3,1,1,1,4001,1,0
24,38,3,1,1,2,4000,0,0
24,38,3,1,1,2,4000,1,0
24,38,3,1,1,2,4001,0,1
24,38,3,1,1,2,4001,1,1
24,38,3,1,2,0,4000,0,1
24,38,3,1,2,0,4000,1,1
24,38,3,1,2,0,4001,0,1
24,38,3,1,2,0,4001,1,1
24,38,3,1,2,1,4000,0,1
24,38,3,1,2,1,4000,1,1
24,38,3,1,2,1,4001,0,1
24,38,3,1,2,1,4001,1,1
24,38,3,1,2,2,4000,0,0
24,38,3,1,2,2,4000,1,1
24,38,3,1,2,2,4001,0,1
24,38,3,1,2,2,4001,1,1
24,38,3,2,0,0,4000,0,1
24,38,3,2,0,0,4000,1,1
24,38,3,2,0,0,4001,0,1
24,38,3,2,0,0,4001,1,1
24,38,3,2,0,1,4000,0,1
24,38,3,2,0,1,4000,1,1
24,38,3,2,0,1,4001,0,1
24,38,3,2,0,1,4001,1,1
24,38,3,2,0,2,4000,0,1
24,38,3,2,0,2,4000,1,1
24,38,3,2,0,2,4001,0,1
24,38,3,2,0,2,4001,1,1
24,38,3,2,1,0,4000,0,1
24,38,3,2,1,0,4000,1,1
24,38,3,2,1,0,4001,0,1
24,38,3,2,1,0,4001,1,1
24,38,3,2,1,1,4000,0,1
24,38,3,2,1,1,4000,1,1
24,38,3,2,1,1,4001,0,1
24,38,3,2,1,1,4001,1,1
24,38,3,2,1,2,4000,0,1
24,38,3,2,1,2,4000,1,1
24,38,3,2,1,2,4001,0,1
24,38,3,2,1,2,4001,1,1
24,38,3,2,2,0,4000,0,1
24,38,3,2,2,0,4000,1,1
24,38,3,2,2,0,4001,0,1
24,38,3,2,2,0,4001,1,1
24,38,3,2,2,1,4000,0,0
24,38,3,2,2,1,4000,1,1
24,38,3,2,2,1,4001,0,1
24,38,3,2,2,1,4001,1,1
24,38,3,2,2,2,4000,0,1
24,38,3,2,2,2,4000,1,1
24,38,3,2,2,2,4001,0,1
24,38,3,2,2,2,4001,1,1
24,38,3,3,0,0,4000,0,1
24,38,3,3,0,0,4000,1,1
24,38,3,3,0,0,4001,0,1
24,38,3,3,0,0,4001,1,1
24,38,3,3,0,1,4000,0,1
24,38,3,3,0,1,4000,1,1
24,38,3,3,0,1,4001,0,1
24,38,3,3,0,1,4001,1,1
24,38,3,3,0,2,4000,0,1
24,38,3,3,0,2,4000,1,1
24,38,3,3,0,2,4001,0,1
24,38,3,3,0,2,4001,1,1
24,38,3,3,1,0,4000,0,1
24,38,3,3,1,0,4000,1,1
24,38,3,3,1,0,4001,0,1
24,38,3,3,1,0,4001,1,1
24,38,3,3,1,1,4000,0,1
24,38,3,3,1,1,4000,1,1
24,38,3,3,1,1,4001,0,1
24,38,3,3,1,1,4001,1,0.5
24,38,3,3,1,2,4000,0,1
24,38,3,3,1,2,4000,1,1
24,38,3,3,1,2,4001,0,1
24,38,3,3,1,2,4001,1,1
24,38,3,3,2,0,4000,0,1
24,38,3,3,2,0,4000,1,1
24,38,3,3,2,0,4001,0,1
24,38,3,3,2,0,4001,1,1
24,38,3,3,2,1,4000,0,1
24,38,3,3,2,1,4000,1,1
24,38,3,3,2,1,4001,0,1
24,38,3,3,2,1,4001,1,1
24,38,3,3,2,2,4000,0,1
24,38,3,3,2,2,4000,1,1
24,38,3,3,2,2,4001,0,0
24,38,3,3,2,2,4001,1,1
22,25,0,0,0,0,4000,0,0
22,25,0,0,0,0,4000,1,0
22,25,0,0,0,0,4001,0,0
22,25,0,0,0,0,4001,1,0
22,25,0,0,0,1,4000,0,1
22,25,0,0,0,1,4000,1,1
22,25,0,0,0,1,4001,0,0
22,25,0,0,0,1,4001,1,0
22,25,0,0,0,2,4000,0,0
22,25,0,0,0,2,4000,1,0
22,25,0,0,0,2,4001,0,1
22,25,0,0,0,2,4001,1,1
22,25,0,0,1,0,4000,0,0
22,25,0,0,1,0,4000,1,1
22,25,0,0,1,0,4001,0,0
22,25,0,0,1,0,4001,1,1
22,25,0,0,1,1,4000,0,1
22,25,0,0,1,1,4000,1,1
22,25,0,0,1,1,4001,0,0
22,25,0,0,1,1,4001,1,0
22,25,0,0,1,2,4000,0,0
22,25,0,0,1,2,4000,1,0
22,25,0,0,1,2,4001,0,1
22,25,0,0,1,2,4001,1,1
22,25,0,0,2,0,4000,0,1
22,25,0,0,2,0,4000,1,1
22,25,0,0,2,0,4001,0,1
22,25,0,0,2,0,4001,1,1
22,25,0,0,2,1,4000,0,1
22,25,0,0,2,1,4000,1,1
22,25,0,0,2,1,4001,0,1
22,25,0,0,2,1,4001,1,1
22,25,0,0,2,2,4000,0,1
22,25,0,0,2,2,4000,1,1
22,25,0,0,2,2,4001,0,1
22,25,0,0,2,2,4001,1,1
22,25,0,1,0,0,4000,0,1
22,25,0,1,0,0,4000,1,1
22,25,0,1,0,0,4001,0,1
22,25,0,1,0,0,4001,1,1
22,25,0,1,0,1,4000,0,1
22,25,0,1,0,1,4000,1,1
22,25,0,1,0,1,4001,0,1
22,25,0,1,0,1,4001,1,1
22,25,0,1,0,2,4000,0,1
22,25,0,1,0,2,4000,1,1
22,25,0,1,0,2,4001,0,1
22,25,0,1,0,2,4001,1,1
22,25,0,1,1,0,4000,0,1
22,25,0,1,1,0,4000,1,1
22,25,0,1,1,0,4001,0,1
22,25,0,1,1,0,4001,1,1
22,25,0,1,1,1,4000,0,1
22,25,0,1,1,1,4000,1,1
22,25,0,1,1,1,4001,0,1
22,25,0,1,1,1,4001,1,1
22,25,0,1,1,2,4000,0,1
22,25,0,1,1,2,4000,1,1
22,25,0,1,1,2,4001,0,1
22,25,0,1,1,2,4001,1,1
22,25,0,1,2,0,4000,0,1
22,25,0,1,2,0,4000,1,1
22,25,0,1,2,0,4001,0,1
22,25,0,1,2,0,4001,1,1
22,25,0,1,2,1,4000,0,1
22,25,0,1,2,1,4000,1,1
22,25,0,1,2,1,4001,0,1
22,25,0,1,2,1,4001,1,1
22,25,0,1,2,2,4000,0,1
22,25,0,1,2,2,4000,1,1
22,25,0,1,2,2,4001,0,1
22,25,0,1,2,2,4001,1,1
22,25,0,2,0,0,4000,0,1
22,25,0,2,0,0,4000,1,1
22,25,0,2,0,0,4001,0,1
22,25,0,2,0,0,4001,1,1
22,25,0,2,0,1,4000,0,1
22,25,0,2,0,1,4000,1,1
22,25,0,2,0,1,4001,0,1
22,25,0,2,0,1,4001,1,1
22,25,0,2,0,2,4000,0,1
22,25,0,2,0,2,4000,1,1
22,25,0,2,0,2,4001,0,1
22,25,0,2,0,2,4001,1,1
22,25,0,2,1,0,4000,0,1
22,25,0,2,1,0,4000,1,1
22,25,0,2,1,0,4001,0,1
22,25,0,2,1,0,4001,1,1
22,25,0,2,1,1,4000,0,1
22,25,0,2,1,1,4000,1,1
22,25,0,2,1,1,4001,0,1
22,25,0,2,1,1,4001,1,1
22,25,0,2,1,2,4000,0,1
22,25,0,2,1,2,4000,1,0
22,25,0,2,1,2,4001,0,1
22,25,0,2,1,2,4001,1,1
22,25,0,2,2,0,4000,0,1
22,25,0,2,2,0,4000,1,0
22,25,0,2,2,0,4001,0,1
22,25,0,2,2,0,4001,1,1
22,25,0,2,2,1,4000,0,1
22,25,0,2,2,1,4000,1,1
22,25,0,2,2,1,4001,0,1
22,25,0,2,2,1,4001,1,1
22,25,0,2,2,2,4000,0,1
22,25,0,2,2,2,4000,1,1
22,25,0,2,2,2,4001,0,1
22,25,0,2,2,2,4001,1,1
22,25,0,3,0,0,4000,0,1
22,25,0,3,0,0,4000,1,1
22,25,0,3,0,0,4001,0,0
22,25,0,3,0,0,4001,1,0
22,25,0,3,0,1,4000,0,1
22,25,0,3,0,1,4000,1,1
22,25,0,3,0,1,4001,0,1
22,25,0,3,0,1,4001,1,1
22,25,0,3,0,2,4000,0,1
22,25,0,3,0,2,4000,1,1
22,25,0,3,0,2,4001,0,1
22,25,0,3,0,2,4001,1,1
22,25,0,3,1,0,4000,0,1
22,25,0,3,1,0,4000,1,1
22,25,0,3,1,0,4001,0,1
22,25,0,3,1,0,4001,1,0
22,25,0,3,1,1,4000,0,0
22,25,0,3,1,1,4000,1,1
22,25,0,3,1,1,4001,0,0
22,25,0,3,1,1,4001,1,0
22,25,0,3,1,2,4000,0,1
22,25,0,3,1,2,4000,1,0
22,25,0,3,1,2,4001,0,1
22,25,0,3,1,2,4001,1,1
22,25,0,3,2,0,4000,0,1
22,25,0,3,2,0,4000,1,1
22,25,0,3,2,0,4001,0,1
22,25,0,3,2,0,4001,1,1
22,25,0,3,2,1,4000,0,0
22,25,0,3,2,1,4000,1,1
22,25,0,3,2,1,4001,0,1
22,25,0,3,2,1,4001,1,0
22,25,0,3,2,2,4000,0,0
22,25,0,3,2,2,4000,1,1
22,25,0,3,2,2,4001,0,1
22,25,0,3,2,2,4001,1,1
22,25,1,0,0,0,4000,0,1
22,25,1,0,0,0,4000,1,1
22,25,1,0,0,0,4001,0,1
22,25,1,0,0,0,4001,1,1
22,25,1,0,0,1,4000,0,1
22,25,1,0,0,1,4000,1,1
22,25,1,0,0,1,4001,0,0
22,25,1,0,0,1,4001,1,0
22,25,1,0,0,2,4000,0,1
22,25,1,0,0,2,4000,1,1
22,25,1,0,0,2,4001,0,1
22,25,1,0,0,2,4001,1,1
22,25,1,0,1,0,4000,0,1
22,25,1,0,1,0,4000,1,0
22,25,1,0,1,0,4001,0,1
22,25,1,0,1,0,4001,1,1
22,25,1,0,1,1,4000,0,1
22,25,1,0,1,1,4000,1,1
22,25,1,0,1,1,4001,0,0
22,25,1,0,1,1,4001,1,1
22,25,1,0,1,2,4000,0,1
22,25,1,0,1,2,4000,1,1
22,25,1,0,1,2,4001,0,1
22,25,1,0,1,2,4001,1,0
22,25,1,0,2,0,4000,0,1
22,25,1,0,2,0,4000,1,1
22,25,1,0,2,0,4001,0,1
22,25,1,0,2,0,4001,1,1
22,25,1,0,2,1,4000,0,1
22,25,1,0,2,1,4000,1,1
22,25,1,0,2,1,4001,0,0
22,25,1,0,2,1,4001,1,1
22,25,1,0,2,2,4000,0,1
22,25,1,0,2,2,4000,1,1
22,25,1,0,2,2,4001,0,1
22,25,1,0,2,2,4001,1,1
22,25,1,1,0,0,4000,0,1
22,25,1,1,0,0,4000,1,1
22,25,1,1,0,0,4001,0,0
22,25,1,1,0,0,4001,1,0
22,25,1,1,0,1,4000,0,1
22,25,1,1,0,1,4000,1,1
22,25,1,1,0,1,4001,0,1
22,25,1,1,0,1,4001,1,1
22,25,1,1,0,2,4000,0,0
22,25,1,1,0,2,4000,1,0
22,25,1,1,0,2,4001,0,1
22,25,1,1,0,2,4001,1,1
22,25,1,1,1,0,4000,0,1
22,25,1,1,1,0,4000,1,1
22,25,1,1,1,0,4001,0,1
22,25,1,1,1,0,4001,1,0
22,25,1,1,1,1,4000,0,1
22,25,1,1,1,1,4000,1,1
22,25,1,1,1,1,4001,0,1
22,25,1,1,1,1,4001,1,1
22,25,1,1,1,2,4000,0,1
22,25,1,1,1,2,4000,1,0
22,25,1,1,1,2,4001,0,1
22,25,1,1,1,2,4001,1,1
22,25,1,1,2,0,4000,0,1
22,25,1,1,2,0,4000,1,1
22,25,1,1,2,0,4001,0,1
22,25,1,1,2,0,4001,1,1
22,25,1,1,2,1,4000,0,0
22,25,1,1,2,1,4000,1,1
22,25,1,1,2,1,4001,0,1
22,25,1,1,2,1,4001,1,1
22,25,1,1,2,2,4000,0,1
22,25,1,1,2,2,4000,1,0
22,25,1,1,2,2,4001,0,1
22,25,1,1,2,2,4001,1,1
22,25,1,2,0,0,4000,0,1
22,25,1,2,0,0,4000,1,1
22,25,1,2,0,0,4001,0,1
22,25,1,2,0,0,4001,1,1
22,25,1,2,0,1,4000,0,0
22,25,1,2,0,1,4000,1,0
22,25,1,2,0,1,4001,0,1
22,25,1,2,0,1,4001,1,1
22,25,1,2,0,2,4000,0,0
22,25,1,2,0,2,4000,1,0
22,25,1,2,0,2,4001,0,1
22,25,1,2,0,2,4001,1,1
22,25,1,2,1,0,4000,0,0
22,25,1,2,1,0,4000,1,1
22,25,1,2,1,0,4001,0,1
22,25,1,2,1,0,4001,1,1
22,25,1,2,1,1,4000,0,0
22,25,1,2,1,1,4000,1,0
22,25,1,2,1,1,4001,0,1
22,25,1,2,1,1,4001,1,0
22,25,1,2,1,2,4000,0,1
22,25,1,2,1,2,4000,1,1
22,25,1,2,1,2,4001,0,1
22,25,1,2,1,2,4001,1,1
22,25,1,2,2,0,4000,0,1
22,25,1,2,2,0,4000,1,1
22,25,1,2,2,0,4001,0,1
22,25,1,2,2,0,4001,1,1
22,25,1,2,2,1,4000,0,1
22,25,1,2,2,1,4000,1,0
22,25,1,2,2,1,4001,0,1
22,25,1,2,2,1,4001,1,1
22,25,1,2,2,2,4000,0,1
22,25,1,2,2,2,4000,1,1
22,25,1,2,2,2,4001,0,1
22,25,1,2,2,2,4001,1,1
22,25,1,3,0,0,4000,0,1
22,25,1,3,0,0,4000,1,1
22,25,1,3,0,0,4001,0,0
22,25,1,3,0,0,4001,1,0
22,25,1,3,0,1,4000,0,0
22,25,1,3,0,1,4000,1,0
22,25,1,3,0,1,4001,0,0
22,25,1,3,0,1,4001,1,0
22,25,1,3,0,2,4000,0,0
22,25,1,3,0,2,4000,1,0
22,25,1,3,0,2,4001,0,0
22,25,1,3,0,2,4001,1,0
22,25,1,3,1,0,4000,0,1
22,25,1,3,1,0,4000,1,1
22,25,1,3,1,0,4001,0,0
22,25,1,3,1,0,4001,1,0
22,25,1,3,1,1,4000,0,0
22,25,1,3,1,1,4000,1,0
22,25,1,3,1,1,4001,0,0
22,25,1,3,1,1,4001,1,0
22,25,1,3,1,2,4000,0,0
22,25,1,3,1,2,4000,1,0
22,25,1,3,1,2,4001,0,0
22,25,1,3,1,2,4001,1,0
22,25,1,3,2,0,4000,0,1
22,25,1,3,2,0,4000,1,1
22,25,1,3,2,0,4001,0,1
22,25,1,3,2,0,4001,1,1
22,25,1,3,2,1,4000,0,1
22,25,1,3,2,1,4000,1,1
22,25,1,3,2,1,4001,0,1
22,25,1,3,2,1,4001,1,1
22,25,1,3,2,2,4000,0,0
22,25,1,3,2,2,4000,1,1
22,25,1,3,2,2,4001,0,1
22,25,1,3,2,2,4001,1,1
22,25,2,0,0,0,4000,0,1
22,25,2,0,0,0,4000,1,1
22,25,2,0,0,0,4001,0,1
22,25,2,0,0,0,4001,1,1
22,25,2,0,0,1,4000,0,1
22,25,2,0,0,1,4000,1,1
22,25,2,0,0,1,4001,0,1
22,25,2,0,0,1,4001,1,1
22,25,2,0,0,2,4000,0,1
22,25,2,0,0,2,4000,1,1
22,25,2,0,0,2,4001,0,1
22,25,2,0,0,2,4001,1,1
22,25,2,0,1,0,4000,0,1
22,25,2,0,1,0,4000,1,0
22,25,2,0,1,0,4001,0,1
22,25,2,0,1,0,4001,1,1
22,25,2,0,1,1,4000,0,1
22,25,2,0,1,1,4000,1,1
22,25,2,0,1,1,4001,0,1
22,25,2,0,1,1,4001,1,1
22,25,2,0,1,2,4000,0,1
22,25,2,0,1,2,4000,1,1
22,25,2,0,1,2,4001,0,1
22,25,2,0,1,2,4001,1,1
22,25,2,0,2,0,4000,0,1
22,25,2,0,2,0,4000,1,1
22,25,2,0,2,0,4001,0,1
22,25,2,0,2,0,4001,1,1
22,25,2,0,2,1,4000,0,1
22,25,2,0,2,1,4000,1,1
22,25,2,0,2,1,4001,0,1
22,25,2,0,2,1,4001,1,1
22,25,2,0,2,2,4000,0,1
22,25,2,0,2,2,4000,1,1
22,25,2,0,2,2,4001,0,1
22,25,2,0,2,2,4001,1,1
22,25,2,1,0,0,4000,0,1
22,25,2,1,0,0,4000,1,1
22,25,2,1,0,0,4001,0,1
22,25,2,1,0,0,4001,1,1
22,25,2,1,0,1,4000,0,1
22,25,2,1,0,1,4000,1,1
22,25,2,1,0,1,4001,0,1
22,25,2,1,0,1,4001,1,1
22,25,2,1,0,2,4000,0,1
22,25,2,1,0,2,4000,1,1
22,25,2,1,0,2,4001,0,1
22,25,2,1,0,2,4001,1,1
22,25,2,1,1,0,4000,0,1
22,25,2,1,1,0,4000,1,1
22,25,2,1,1,0,4001,0,1
22,25,2,1,1,0,4001,1,1
22,25,2,1,1,1,4000,0,1
22,25,2,1,1,1,4000,1,1
22,25,2,1,1,1,4001,0,1
22,25,2,1,1,1,4001,1,1
22,25,2,1,1,2,4000,0,1
22,25,2,1,1,2,4000,1,1
22,25,2,1,1,2,4001,0,1
22,25,2,1,1,2,4001,1,1
22,25,2,1,2,0,4000,0,1
22,25,2,1,2,0,4000,1,1
22,25,2,1,2,0,4001,0,1
22,25,2,1,2,0,4001,1,1
22,25,2,1,2,1,4000,0,1
22,25,2,1,2,1,4000,1,1
22,25,2,1,2,1,4001,0,1
22,25,2,1,2,1,4001,1,1
22,25,2,1,2,2,4000,0,1
22,25,2,1,2,2,4000,1,1
22,25,2,1,2,2,4001,0,1
22,25,2,1,2,2,4001,1,1
22,25,2,2,0,0,4000,0,0
22,25,2,2,0,0,4000,1,0
22,25,2,2,0,0,4001,0,0
22,25,2,2,0,0,4001,1,0
22,25,2,2,0,1,4000,0,0
22,25,2,2,0,1,4000,1,0
22,25,2,2,0,1,4001,0,1
22,25,2,2,0,1,4001,1,1
22,25,2,2,0,2,4000,0,1
22,25,2,2,0,2,4000,1,1
22,25,2,2,0,2,4001,0,1
22,25,2,2,0,2,4001,1,1
22,25,2,2,1,0,4000,0,1
22,25,2,2,1,0,4000,1,1
22,25,2,2,1,0,4001,0,1
22,25,2,2,1,0,4001,1,1
22,25,2,2,1,1,4000,0,1
22,25,2,2,1,1,4000,1,1
22,25,2,2,1,1,4001,0,1
22,25,2,2,1,1,4001,1,1
22,25,2,2,1,2,4000,0,1
22,25,2,2,1,2,4000,1,1
22,25,2,2,1,2,4001,0,1
22,25,2,2,1,2,4001,1,0
22,25,2,2,2,0,4000,0,1
22,25,2,2,2,0,4000,1,1
22,25,2,2,2,0,4001,0,1
22,25,2,2,2,0,4001,1,1
22,25,2,2,2,1,4000,0,1
22,25,2,2,2,1,4000,1,1
22,25,2,2,2,1,4001,0,1
22,25,2,2,2,1,4001,1,1
22,25,2,2,2,2,4000,0,1
22,25,2,2,2,2,4000,1,0
22,25,2,2,2,2,4001,0,0
22,25,2,2,2,2,4001,1,1
22,25,2,3,0,0,4000,0,1
22,25,2,3,0,0,4000,1,1
22,25,2,3,0,0,4001,0,1
22,25,2,3,0,0,4001,1,1
22,25,2,3,0,1,4000,0,1
22,25,2,3,0,1,4000,1,1
22,25,2,3,0,1,4001,0,1
22,25,2,3,0,1,4001,1,1
22,25,2,3,0,2,4000,0,1
22,25,2,3,0,2,4000,1,1
22,25,2,3,0,2,4001,0,1
22,25,2,3,0,2,4001,1,1
22,25,2,3,1,0,4000,0,1
22,25,2,3,1,0,4000,1,1
22,25,2,3,1,0,4001,0,1
22,25,2,3,1,0,4001,1,1
22,25,2,3,1,1,4000,0,1
22,25,2,3,1,1,4000,1,1
22,25,2,3,1,1,4001,0,1
22,25,2,3,1,1,4001,1,1
22,25,2,3,1,2,4000,0,1
22,25,2,3,1,2,4000,1,1
22,25,2,3,1,2,4001,0,1
22,25,2,3,1,2,4001,1,1
22,25,2,3,2,0,4000,0,1
22,25,2,3,2,0,4000,1,1
22,25,2,3,2,0,4001,0,1
22,25,2,3,2,0,4001,1,1
22,25,2,3,2,1,4000,0,1
22,25,2,3,2,1,4000,1,1
22,25,2,3,2,1,4001,0,1
22,25,2,3,2,1,4001,1,1
22,25,2,3,2,2,4000,0,1
22,25,2,3,2,2,4000,1,1
22,25,2,3,2,2,4001,0,1
22,25,2,3,2,2,4001,1,1
22,25,3,0,0,0,4000,0,1
22,25,3,0,0,0,4000,1,1
22,25,3,0,0,0,4001,0,1
22,25,3,0,0,0,4001,1,1
22,25,3,0,0,1,4000,0,1
22,25,3,0,0,1,4000,1,1
22,25,3,0,0,1,4001,0,1
22,25,3,0,0,1,4001,1,1
22,25,3,0,0,2,4000,0,1
22,25,3,0,0,2,4000,1,1
22,25,3,0,0,2,4001,0,1
22,25,3,0,0,2,4001,1,1
22,25,3,0,1,0,4000,0,1
22,25,3,0,1,0,4000,1,1
22,25,3,0,1,0,4001,0,1
22,25,3,0,1,0,4001,1,1
22,25,3,0,1,1,4000,0,1
22,25,3,0,1,1,4000,1,1
22,25,3,0,1,1,4001,0,1
22,25,3,0,1,1,4001,1,1
22,25,3,0,1,2,4000,0,1
22,25,3,0,1,2,4000,1,1
22,25,3,0,1,2,4001,0,1
22,25,3,0,1,2,4001,1,1
22,25,3,0,2,0,4000,0,1
22,25,3,0,2,0,4000,1,1
22,25,3,0,2,0,4001,0,0
22,25,3,0,2,0,4001,1,1
22,25,3,0,2,1,4000,0,1
22,25,3,0,2,1,4000,1,1
22,25,3,0,2,1,4001,0,1
22,25,3,0,2,1,4001,1,1
22,25,3,0,2,2,4000,0,1
22,25,3,0,2,2,4000,1,1
22,25,3,0,2,2,4001,0,1
22,25,3,0,2,2,4001,1,1
22,25,3,1,0,0,4000,0,1
22,25,3,1,0,0,4000,1,1
22,25,3,1,0,0,4001,0,1
22,25,3,1,0,0,4001,1,1
22,25,3,1,0,1,4000,0,1
22,25,3,1,0,1,4000,1,1
22,25,3,1,0,1,4001,0,1
22,25,3,1,0,1,4001,1,1
22,25,3,1,0,2,4000,0,1
22,25,3,1,0,2,4000,1,1
22,25,3,1,0,2,4001,0,1
22,25,3,1,0,2,4001,1,1
22,25,3,1,1,0,4000,0,1
22,25,3,1,1,0,4000,1,1
22,25,3,1,1,0,4001,0,1
22,25,3,1,1,0,4001,1,1
22,25,3,1,1,1,4000,0,1
22,25,3,1,1,1,4000,1,1
22,25,3,1,1,1,4001,0,1
22,25,3,1,1,1,4001,1,1
22,25,3,1,1,2,4000,0,1
22,25,3,1,1,2,4000,1,1
22,25,3,1,1,2,4001,0,1
22,25,3,1,1,2,4001,1,1
22,25,3,1,2,0,4000,0,1
22,25,3,1,2,0,4000,1,1
22,25,3,1,2,0,4001,0,1
22,25,3,1,2,0,4001,1,1
22,25,3,1,2,1,4000,0,1
22,25,3,1,2,1,4000,1,1
22,25,3,1,2,1,4001,0,1
22,25,3,1,2,1,4001,1,1
22,25,3,1,2,2,4000,0,1
22,25,3,1,2,2,4000,1,1
22,25,3,1,2,2,4001,0,1
22,25,3,1,2,2,4001,1,1
22,25,3,2,0,0,4000,0,1
22,25,3,2,0,0,4000,1,1
22,25,3,2,0,0,4001,0,1
22,25,3,2,0,0,4001,1,1
22,25,3,2,0,1,4000,0,1
22,25,3,2,0,1,4000,1,1
22,25,3,2,0,1,4001,0,1
22,25,3,2,0,1,4001,1,1
22,25,3,2,0,2,4000,0,1
22,25,3,2,0,2,4000,1,1
22,25,3,2,0,2,4001,0,1
22,25,3,2,0,2,4001,1,1
22,25,3,2,1,0,4000,0,1
22,25,3,2,1,0,4000,1,1
22,25,3,2,1,0,4001,0,1
22,25,3,2,1,0,4001,1,1
22,25,3,2,1,1,4000,0,1
22,25,3,2,1,1,4000,1,1
22,25,3,2,1,1,4001,0,1
22,25,3,2,1,1,4001,1,1
22,25,3,2,1,2,4000,0,1
22,25,3,2,1,2,4000,1,1
22,25,3,2,1,2,4001,0,1
22,25,3,2,1,2,4001,1,1
22,25,3,2,2,0,4000,0,1
22,25,3,2,2,0,4000,1,1
22,25,3,2,2,0,4001,0,1
22,25,3,2,2,0,4001,1,1
22,25,3,2,2,1,4000,0,1
22,25,3,2,2,1,4000,1,1
22,25,3,2,2,1,4001,0,1
22,25,3,2,2,1,4001,1,1
22,25,3,2,2,2,4000,0,1
22,25,3,2,2,2,4000,1,1
22,25,3,2,2,2,4001,0,1
22,25,3,2,2,2,4001,1,1
22,25,3,3,0,0,4000,0,1
22,25,3,3,0,0,4000,1,1
22,25,3,3,0,0,4001,0,1
22,25,3,3,0,0,4001,1,1
22,25,3,3,0,1,4000,0,1
22,25,3,3,0,1,4000,1,1
22,25,3,3,0,1,4001,0,1
22,25,3,3,0,1,4001,1,1
22,25,3,3,0,2,4000,0,1
22,25,3,3,0,2,4000,1,1
22,25,3,3,0,2,4001,0,1
22,25,3,3,0,2,4001,1,1
22,25,3,3,1,0,4000,0,1
22,25,3,3,1,0,4000,1,1
22,25,3,3,1,0,4001,0,1
22,25,3,3,1,0,4001,1,1
22,25,3,3,1,1,4000,0,1
22,25,3,3,1,1,4000,1,1
22,25,3,3,1,1,4001,0,1
22,25,3,3,1,1,4001,1,1
22,25,3,3,1,2,4000,0,1
22,25,3,3,1,2,4000,1,1
22,25,3,3,1,2,4001,0,1
22,25,3,3,1,2,4001,1,1
22,25,3,3,2,0,4000,0,1
22,25,3,3,2,0,4000,1,0
22,25,3,3,2,0,4001,0,1
22,25,3,3,2,0,4001,1,1
22,25,3,3,2,1,4000,0,1
22,25,3,3,2,1,4000,1,0
22,25,3,3,2,1,4001,0,1
22,25,3,3,2,1,4001,1,1
22,25,3,3,2,2,4000,0,1
22,25,3,3,2,2,4000,1,1
22,25,3,3,2,2,4001,0,1
22,25,3,3,2,2,4001,1,1
5,12,0,0,0,0,4000,0,0
5,12,0,0,0,0,4000,1,0
5,12,0,0,0,0,4001,0,0
5,12,0,0,0,0,4001,1,0
5,12,0,0,0,1,4000,0,0
5,12,0,0,0,1,4000,1,0
5,12,0,0,0,1,4001,0,0
5,12,0,0,0,1,4001,1,0
5,12,0,0,0,2,4000,0,0
5,12,0,0,0,2,4000,1,0
5,12,0,0,0,2,4001,0,0
5,12,0,0,0,2,4001,1,0
5,12,0,0,1,0,4000,0,0
5,12,0,0,1,0,4000,1,0
5,12,0,0,1,0,4001,0,0
5,12,0,0,1,0,4001,1,0
5,12,0,0,1,1,4000,0,0
5,12,0,0,1,1,4000,1,0
5,12,0,0,1,1,4001,0,0
5,12,0,0,1,1,4001,1,0
5,12,0,0,1,2,4000,0,0
5,12,0,0,1,2,4000,1,0
5,12,0,0,1,2,4001,0,0
5,12,0,0,1,2,4001,1,0
5,12,0,0,2,0,4000,0,0
5,12,0,0,2,0,4000,1,0
5,12,0,0,2,0,4001,0,0
5,12,0,0,2,0,4001,1,0
5,12,0,0,2,1,4000,0,0
5,12,0,0,2,1,4000,1,0
5,12,0,0,2,1,4001,0,0
5,12,0,0,2,1,4001,1,0
5,12,0,0,2,2,4000,0,0
5,12,0,0,2,2,4000,1,0
5,12,0,0,2,2,4001,0,0
5,12,0,0,2,2,4001,1,0
5,12,0,1,0,0,4000,0,0
5,12,0,1,0,0,4000,1,0
5,12,0,1,0,0,4001,0,0
5,12,0,1,0,0,4001,1,0
5,12,0,1,0,1,4000,0,0
5,12,0,1,0,1,4000,1,0
5,12,0,1,0,1,4001,0,0
5,12,0,1,0,1,4001,1,0
5,12,0,1,0,2,4000,0,0
5,12,0,1,0,2,4000,1,0
5,12,0,1,0,2,4001,0,0
5,12,0,1,0,2,4001,1,0
5,12,0,1,1,0,4000,0,0
5,12,0,1,1,0,4000,1,0
5,12,0,1,1,0,4001,0,0
5,12,0,1,1,0,4001,1,0
5,12,0,1,1,1,4000,0,0
5,12,0,1,1,1,4000,1,0
5,12,0,1,1,1,4001,0,0
5,12,0,1,1,1,4001,1,0
5,12,0,1,1,2,4000,0,0
5,12,0,1,1,2,4000,1,0
5,12,0,1,1,2,4001,0,0
5,12,0,1,1,2,4001,1,0
5,12,0,1,2,0,4000,0,0
5,12,0,1,2,0,4000,1,0
5,12,0,1,2,0,4001,0,0
5,12,0,1,2,0,4001,1,0
5,12,0,1,2,1,4000,0,0
5,12,0,1,2,1,4000,1,0
5,12,0,1,2,1,4001,0,0
5,12,0,1,2,1,4001,1,0
5,12,0,1,2,2,4000,0,1
5,12,0,1,2,2,4000,1,1
5,12,0,1,2,2,4001,0,0
5,12,0,1,2,2,4001,1,0
5,12,0,2,0,0,4000,0,0
5,12,0,2,0,0,4000,1,0
5,12,0,2,0,0,4001,0,0
5,12,0,2,0,0,4001,1,0
5,12,0,2,0,1,4000,0,0
5,12,0,2,0,1,4000,1,0
5,12,0,2,0,1,4001,0,0
5,12,0,2,0,1,4001,1,0
5,12,0,2,0,2,4000,0,1
5,12,0,2,0,2,4000,1,1
5,12,0,2,0,2,4001,0,0
5,12,0,2,0,2,4001,1,0
5,12,0,2,1,0,4000,0,0
5,12,0,2,1,0,4000,1,0
5,12,0,2,1,0,4001,0,0
5,12,0,2,1,0,4001,1,0
5,12,0,2,1,1,4000,0,0
5,12,0,2,1,1,4000,1,0
5,12,0,2,1,1,4001,0,0
5,12,0,2,1,1,4001,1,0
5,12,0,2,1,2,4000,0,1
5,12,0,2,1,2,4000,1,1
5,12,0,2,1,2,4001,0,0
5,12,0,2,1,2,4001,1,0
5,12,0,2,2,0,4000,0,0
5,12,0,2,2,0,4000,1,0
5,12,0,2,2,0,4001,0,0
5,12,0,2,2,0,4001,1,0
5,12,0,2,2,1,4000,0,0
5,12,0,2,2,1,4000,1,0
5,12,0,2,2,1,4001,0,0
5,12,0,2,2,1,4001,1,0
5,12,0,2,2,2,4000,0,0
5,12,0,2,2,2,4000,1,0
5,12,0,2,2,2,4001,0,0
5,12,0,2,2,2,4001,1,0
5,12,0,3,0,0,4000,0,1
5,12,0,3,0,0,4000,1,1
5,12,0,3,0,0,4001,0,0
5,12,0,3,0,0,4001,1,0
5,12,0,3,0,1,4000,0,1
5,12,0,3,0,1,4000,1,1
5,12,0,3,0,1,4001,0,0
5,12,0,3,0,1,4001,1,0
5,12,0,3,0,2,4000,0,0
5,12,0,3,0,2,4000,1,0
5,12,0,3,0,2,4001,0,0
5,12,0,3,0,2,4001,1,0
5,12,0,3,1,0,4000,0,1
5,12,0,3,1,0,4000,1,1
5,12,0,3,1,0,4001,0,0
5,12,0,3,1,0,4001,1,0
5,12,0,3,1,1,4000,0,1
5,12,0,3,1,1,4000,1,1
5,12,0,3,1,1,4001,0,0
5,12,0,3,1,1,4001,1,0
5,12,0,3,1,2,4000,0,0
5,12,0,3,1,2,4000,1,0
5,12,0,3,1,2,4001,0,0
5,12,0,3,1,2,4001,1,0
5,12,0,3,2,0,4000,0,0
5,12,0,3,2,0,4000,1,0
5,12,0,3,2,0,4001,0,0
5,12,0,3,2,0,4001,1,0
5,12,0,3,2,1,4000,0,0
5,12,0,3,2,1,4000,1,0
5,12,0,3,2,1,4001,0,0
5,12,0,3,2,1,4001,1,0
5,12,0,3,2,2,4000,0,0
5,12,0,3,2,2,4000,1,0
5,12,0,3,2,2,4001,0,0
5,12,0,3,2,2,4001,1,0
5,12,1,0,0,0,4000,0,0
5,12,1,0,0,0,4000,1,0
5,12,1,0,0,0,4001,0,0
5,12,1,0,0,0,4001,1,0
5,12,1,0,0,1,4000,0,0
5,12,1,0,0,1,4000,1,0
5,12,1,0,0,1,4001,0,0
5,12,1,0,0,1,4001,1,0
5,12,1,0,0,2,4000,0,0
5,12,1,0,0,2,4000,1,0
5,12,1,0,0,2,4001,0,0
5,12,1,0,0,2,4001,1,0
5,12,1,0,1,0,4000,0,0
5,12,1,0,1,0,4000,1,0
5,12,1,0,1,0,4001,0,0
5,12,1,0,1,0,4001,1,0
5,12,1,0,1,1,4000,0,0
5,12,1,0,1,1,4000,1,0
5,12,1,0,1,1,4001,0,0
5,12,1,0,1,1,4001,1,0
5,12,1,0,1,2,4000,0,0
5,12,1,0,1,2,4000,1,0
5,12,1,0,1,2,4001,0,0
5,12,1,0,1,2,4001,1,0
5,12,1,0,2,0,4000,0,0
5,12,1,0,2,0,4000,1,0
5,12,1,0,2,0,4001,0,0
5,12,1,0,2,0,4001,1,0
5,12,1,0,2,1,4000,0,0
5,12,1,0,2,1,4000,1,0
5,12,1,0,2,1,4001,0,0
5,12,1,0,2,1,4001,1,0
5,12,1,0,2,2,4000,0,0
5,12,1,0,2,2,4000,1,0
5,12,1,0,2,2,4001,0,0
5,12,1,0,2,2,4001,1,0
5,12,1,1,0,0,4000,0,0
5,12,1,1,0,0,4000,1,0
5,12,1,1,0,0,4001,0,0
5,12,1,1,0,0,4001,1,0
5,12,1,1,0,1,4000,0,0
5,12,1,1,0,1,4000,1,0
5,12,1,1,0,1,4001,0,0
5,12,1,1,0,1,4001,1,0
5,12,1,1,0,2,4000,0,0
5,12,1,1,0,2,4000,1,0
5,12,1,1,0,2,4001,0,0
5,12,1,1,0,2,4001,1,0
5,12,1,1,1,0,4000,0,0
5,12,1,1,1,0,4000,1,0
5,12,1,1,1,0,4001,0,0
5,12,1,1,1,0,4001,1,0
5,12,1,1,1,1,4000,0,0
5,12,1,1,1,1,4000,1,0
5,12,1,1,1,1,4001,0,0
5,12,1,1,1,1,4001,1,0
5,12,1,1,1,2,4000,0,0
5,12,1,1,1,2,4000,1,0
5,12,1,1,1,2,4001,0,0
5,12,1,1,1,2,4001,1,0
5,12,1,1,2,0,4000,0,0
5,12,1,1,2,0,4000,1,0
5,12,1,1,2,0,4001,0,0
5,12,1,1,2,0,4001,1,0
5,12,1,1,2,1,4000,0,0
5,12,1,1,2,1,4000,1,0
5,12,1,1,2,1,4001,0,0
5,12,1,1,2,1,4001,1,0
5,12,1,1,2,2,4000,0,0
5,12,1,1,2,2,4000,1,0
5,12,1,1,2,2,4001,0,0
5,12,1,1,2,2,4001,1,0
5,12,1,2,0,0,4000,0,0
5,12,1,2,0,0,4000,1,0
5,12,1,2,0,0,4001,0,0
5,12,1,2,0,0,4001,1,0
5,12,1,2,0,1,4000,0,0
5,12,1,2,0,1,4000,1,0
5,12,1,2,0,1,4001,0,0
5,12,1,2,0,1,4001,1,0
5,12,1,2,0,2,4000,0,0
5,12,1,2,0,2,4000,1,0
5,12,1,2,0,2,4001,0,0
5,12,1,2,0,2,4001,1,0
5,12,1,2,1,0,4000,0,0
5,12,1,2,1,0,4000,1,0
5,12,1,2,1,0,4001,0,0
5,12,1,2,1,0,4001,1,0
5,12,1,2,1,1,4000,0,0
5,12,1,2,1,1,4000,1,0
5,12,1,2,1,1,4001,0,0
5,12,1,2,1,1,4001,1,0
5,12,1,2,1,2,4000,0,0
5,12,1,2,1,2,4000,1,0
5,12,1,2,1,2,4001,0,0
5,12,1,2,1,2,4001,1,0
5,12,1,2,2,0,4000,0,0
5,12,1,2,2,0,4000,1,0
5,12,1,2,2,0,4001,0,0
5,12,1,2,2,0,4001,1,0
5,12,1,2,2,1,4000,0,0
5,12,1,2,2,1,4000,1,0
5,12,1,2,2,1,4001,0,0
5,12,1,2,2,1,4001,1,0
5,12,1,2,2,2,4000,0,0
5,12,1,2,2,2,4000,1,0
5,12,1,2,2,2,4001,0,0
5,12,1,2,2,2,4001,1,0
5,12,1,3,0,0,4000,0,0
5,12,1,3,0,0,4000,1,0
5,12,1,3,0,0,4001,0,0
5,12,1,3,0,0,4001,1,0
5,12,1,3,0,1,4000,0,0
5,12,1,3,0,1,4000,1,0
5,12,1,3,0,1,4001,0,0
5,12,1,3,0,1,4001,1,0
5,12,1,3,0,2,4000,0,0
5,12,1,3,0,2,4000,1,0
5,12,1,3,0,2,4001,0,0
5,12,1,3,0,2,4001,1,0
5,12,1,3,1,0,4000,0,0
5,12,1,3,1,0,4000,1,0
5,12,1,3,1,0,4001,0,0
5,12,1,3,1,0,4001,1,0
5,12,1,3,1,1,4000,0,0
5,12,1,3,1,1,4000,1,0
5,12,1,3,1,1,4001,0,0
5,12,1,3,1,1,4001,1,0
5,12,1,3,1,2,4000,0,0
5,12,1,3,1,2,4000,1,0
5,12,1,3,1,2,4001,0,0
5,12,1,3,1,2,4001,1,0
5,12,1,3,2,0,4000,0,0
5,12,1,3,2,0,4000,1,0
5,12,1,3,2,0,4001,0,0
5,12,1,3,2,0,4001,1,0
5,12,1,3,2,1,4000,0,0
5,12,1,3,2,1,4000,1,0
5,12,1,3,2,1,4001,0,0
5,12,1,3,2,1,4001,1,0
5,12,1,3,2,2,4000,0,0
5,12,1,3,2,2,4000,1,0
5,12,1,3,2,2,4001,0,0
5,12,1,3,2,2,4001,1,0
5,12,2,0,0,0,4000,0,0
5,12,2,0,0,0,4000,1,0
5,12,2,0,0,0,4001,0,0
5,12,2,0,0,0,4001,1,0
5,12,2,0,0,1,4000,0,0
5,12,2,0,0,1,4000,1,0
5,12,2,0,0,1,4001,0,0
5,12,2,0,0,1,4001,1,0
5,12,2,0,0,2,4000,0,0
5,12,2,0,0,2,4000,1,0
5,12,2,0,0,2,4001,0,0
5,12,2,0,0,2,4001,1,0
5,12,2,0,1,0,4000,0,0
5,12,2,0,1,0,4000,1,0
5,12,2,0,1,0,4001,0,0
5,12,2,0,1,0,4001,1,0
5,12,2,0,1,1,4000,0,0
5,12,2,0,1,1,4000,1,0
5,12,2,0,1,1,4001,0,0
5,12,2,0,1,1,4001,1,0
5,12,2,0,1,2,4000,0,0
5,12,2,0,1,2,4000,1,0
5,12,2,0,1,2,4001,0,0
5,12,2,0,1,2,4001,1,0
5,12,2,0,2,0,4000,0,0
5,12,2,0,2,0,4000,1,0
5,12,2,0,2,0,4001,0,0
5,12,2,0,2,0,4001,1,0
5,12,2,0,2,1,4000,0,0
5,12,2,0,2,1,4000,1,0
5,12,2,0,2,1,4001,0,0
5,12,2,0,2,1,4001,1,0
5,12,2,0,2,2,4000,0,0
5,12,2,0,2,2,4000,1,0
5,12,2,0,2,2,4001,0,0
5,12,2,0,2,2,4001,1,0
5,12,2,1,0,0,4000,0,0
5,12,2,1,0,0,4000,1,0
5,12,2,1,0,0,4001,0,0
5,12,2,1,0,0,4001,1,0
5,12,2,1,0,1,4000,0,0
5,12,2,1,0,1,4000,1,0
5,12,2,1,0,1,4001,0,0
5,12,2,1,0,1,4001,1,0
5,12,2,1,0,2,4000,0,0
5,12,2,1,0,2,4000,1,0
5,12,2,1,0,2,4001,0,0
5,12,2,1,0,2,4001,1,0
5,12,2,1,1,0,4000,0,0
5,12,2,1,1,0,4000,1,0
5,12,2,1,1,0,4001,0,0
5,12,2,1,1,0,4001,1,0
5,12,2,1,1,1,4000,0,0
5,12,2,1,1,1,4000,1,0
5,12,2,1,1,1,4001,0,0
5,12,2,1,1,1,4001,1,0
5,12,2,1,1,2,4000,0,0
5,12,2,1,1,2,4000,1,0
5,12,2,1,1,2,4001,0,0
5,12,2,1,1,2,4001,1,0
5,12,2,1,2,0,4000,0,0
5,12,2,1,2,0,4000,1,0
5,12,2,1,2,0,4001,0,0
5,12,2,1,2,0,4001,1,0
5,12,2,1,2,1,4000,0,0
5,12,2,1,2,1,4000,1,0
5,12,2,1,2,1,4001,0,0
5,12,2,1,2,1,4001,1,0
5,12,2,1,2,2,4000,0,1
5,12,2,1,2,2,4000,1,1
5,12,2,1,2,2,4001,0,0
5,12,2,1,2,2,4001,1,0
5,12,2,2,0,0,4000,0,0
5,12,2,2,0,0,4000,1,0
5,12,2,2,0,0,4001,0,0
5,12,2,2,0,0,4001,1,0
5,12,2,2,0,1,4000,0,0
5,12,2,2,0,1,4000,1,0
5,12,2,2,0,1,4001,0,0.5
5,12,2,2,0,1,4001,1,0.5
5,12,2,2,0,2,4000,0,0
5,12,2,2,0,2,4000,1,0
5,12,2,2,0,2,4001,0,0
5,12,2,2,0,2,4001,1,0
5,12,2,2,1,0,4000,0,0
5,12,2,2,1,0,4000,1,0
5,12,2,2,1,0,4001,0,0
5,12,2,2,1,0,4001,1,0
5,12,2,2,1,1,4000,0,0
5,12,2,2,1,1,4000,1,0
5,12,2,2,1,1,4001,0,0.5
5,12,2,2,1,1,4001,1,0.5
5,12,2,2,1,2,4000,0,0
5,12,2,2,1,2,4000,1,0
5,12,2,2,1,2,4001,0,0
5,12,2,2,1,2,4001,1,0
5,12,2,2,2,0,4000,0,0
5,12,2,2,2,0,4000,1,0
5,12,2,2,2,0,4001,0,0
5,12,2,2,2,0,4001,1,0
5,12,2,2,2,1,4000,0,0
5,12,2,2,2,1,4000,1,0
5,12,2,2,2,1,4001,0,1
5,12,2,2,2,1,4001,1,1
5,12,2,2,2,2,4000,0,0
5,12,2,2,2,2,4000,1,0
5,12,2,2,2,2,4001,0,0
5,12,2,2,2,2,4001,1,0
5,12,2,3,0,0,4000,0,0
5,12,2,3,0,0,4000,1,0
5,12,2,3,0,0,4001,0,0
5,12,2,3,0,0,4001,1,0
5,12,2,3,0,1,4000,0,0
5,12,2,3,0,1,4000,1,0
5,12,2,3,0,1,4001,0,0
5,12,2,3,0,1,4001,1,0
5,12,2,3,0,2,4000,0,0
5,12,2,3,0,2,4000,1,0
5,12,2,3,0,2,4001,0,0
5,12,2,3,0,2,4001,1,0
5,12,2,3,1,0,4000,0,0
5,12,2,3,1,0,4000,1,0
5,12,2,3,1,0,4001,0,0
5,12,2,3,1,0,4001,1,0
5,12,2,3,1,1,4000,0,0
5,12,2,3,1,1,4000,1,0
5,12,2,3,1,1,4001,0,0
5,12,2,3,1,1,4001,1,0
5,12,2,3,1,2,4000,0,0
5,12,2,3,1,2,4000,1,0
5,12,2,3,1,2,4001,0,0
5,12,2,3,1,2,4001,1,0
5,12,2,3,2,0,4000,0,0
5,12,2,3,2,0,4000,1,0
5,12,2,3,2,0,4001,0,0
5,12,2,3,2,0,4001,1,0
5,12,2,3,2,1,4000,0,0
5,12,2,3,2,1,4000,1,0
5,12,2,3,2,1,4001,0,0
5,12,2,3,2,1,4001,1,0
5,12,2,3,2,2,4000,0,0
5,12,2,3,2,2,4000,1,0
5,12,2,3,2,2,4001,0,0
5,12,2,3,2,2,4001,1,0
5,12,3,0,0,0,4000,0,0
5,12,3,0,0,0,4000,1,0
5,12,3,0,0,0,4001,0,0
5,12,3,0,0,0,4001,1,0
5,12,3,0,0,1,4000,0,0
5,12,3,0,0,1,4000,1,0
5,12,3,0,0,1,4001,0,0
5,12,3,0,0,1,4001,1,0
5,12,3,0,0,2,4000,0,0
5,12,3,0,0,2,4000,1,0
5,12,3,0,0,2,4001,0,0
5,12,3,0,0,2,4001,1,0
5,12,3,0,1,0,4000,0,0
5,12,3,0,1,0,4000,1,0
5,12,3,0,1,0,4001,0,0
5,12,3,0,1,0,4001,1,0
5,12,3,0,1,1,4000,0,0
5,12,3,0,1,1,4000,1,0
5,12,3,0,1,1,4001,0,0
5,12,3,0,1,1,4001,1,0
5,12,3,0,1,2,4000,0,0
5,12,3,0,1,2,4000,1,0
5,12,3,0,1,2,4001,0,0
5,12,3,0,1,2,4001,1,0
5,12,3,0,2,0,4000,0,0
5,12,3,0,2,0,4000,1,0
5,12,3,0,2,0,4001,0,1
5,12,3,0,2,0,4001,1,1
5,12,3,0,2,1,4000,0,0
5,12,3,0,2,1,4000,1,0
5,12,3,0,2,1,4001,0,0
5,12,3,0,2,1,4001,1,0
5,12,3,0,2,2,4000,0,0
5,12,3,0,2,2,4000,1,0
5,12,3,0,2,2,4001,0,0
5,12,3,0,2,2,4001,1,0
5,12,3,1,0,0,4000,0,0
5,12,3,1,0,0,4000,1,0
5,12,3,1,0,0,4001,0,0
5,12,3,1,0,0,4001,1,0
5,12,3,1,0,1,4000,0,0
5,12,3,1,0,1,4000,1,0
5,12,3,1,0,1,4001,0,0
5,12,3,1,0,1,4001,1,0
5,12,3,1,0,2,4000,0,0
5,12,3,1,0,2,4000,1,0
5,12,3,1,0,2,4001,0,0
5,12,3,1,0,2,4001,1,0
5,12,3,1,1,0,4000,0,0
5,12,3,1,1,0,4000,1,0
5,12,3,1,1,0,4001,0,0
5,12,3,1,1,0,4001,1,0
5,12,3,1,1,1,4000,0,0
5,12,3,1,1,1,4000,1,0
5,12,3,1,1,1,4001,0,0
5,12,3,1,1,1,4001,1,0
5,12,3,1,1,2,4000,0,0
5,12,3,1,1,2,4000,1,0
5,12,3,1,1,2,4001,0,0
5,12,3,1,1,2,4001,1,0
5,12,3,1,2,0,4000,0,0
5,12,3,1,2,0,4000,1,0
5,12,3,1,2,0,4001,0,0
5,12,3,1,2,0,4001,1,0
5,12,3,1,2,1,4000,0,0
5,12,3,1,2,1,4000,1,0
5,12,3,1,2,1,4001,0,0
5,12,3,1,2,1,4001,1,0
5,12,3,1,2,2,4000,0,1
5,12,3,1,2,2,4000,1,1
5,12,3,1,2,2,4001,0,0
5,12,3,1,2,2,4001,1,0
5,12,3,2,0,0,4000,0,0
5,12,3,2,0,0,4000,1,0
5,12,3,2,0,0,4001,0,0
5,12,3,2,0,0,4001,1,0
5,12,3,2,0,1,4000,0,0
5,12,3,2,0,1,4000,1,0
5,12,3,2,0,1,4001,0,0
5,12,3,2,0,1,4001,1,0
5,12,3,2,0,2,4000,0,0
5,12,3,2,0,2,4000,1,0
5,12,3,2,0,2,4001,0,0
5,12,3,2,0,2,4001,1,0
5,12,3,2,1,0,4000,0,0
5,12,3,2,1,0,4000,1,0
5,12,3,2,1,0,4001,0,0
5,12,3,2,1,0,4001,1,0
5,12,3,2,1,1,4000,0,0
5,12,3,2,1,1,4000,1,0
5,12,3,2,1,1,4001,0,0
5,12,3,2,1,1,4001,1,0
5,12,3,2,1,2,4000,0,0
5,12,3,2,1,2,4000,1,0
5,12,3,2,1,2,4001,0,0
5,12,3,2,1,2,4001,1,0
5,12,3,2,2,0,4000,0,0
5,12,3,2,2,0,4000,1,0
5,12,3,2,2,0,4001,0,0
5,12,3,2,2,0,4001,1,0
5,12,3,2,2,1,4000,0,0
5,12,3,2,2,1,4000,1,0
5,12,3,2,2,1,4001,0,0
5,12,3,2,2,1,4001,1,0
5,12,3,2,2,2,4000,0,0
5,12,3,2,2,2,4000,1,0
5,12,3,2,2,2,4001,0,0
5,12,3,2,2,2,4001,1,0
5,12,3,3,0,0,4000,0,0
5,12,3,3,0,0,4000,1,0
5,12,3,3,0,0,4001,0,0
5,12,3,3,0,0,4001,1,0
5,12,3,3,0,1,4000,0,0
5,12,3,3,0,1,4000,1,0
5,12,3,3,0,1,4001,0,0
5,12,3,3,0,1,4001,1,0
5,12,3,3,0,2,4000,0,0
5,12,3,3,0,2,4000,1,0
5,12,3,3,0,2,4001,0,0
5,12,3,3,0,2,4001,1,0
5,12,3,3,1,0,4000,0,0
5,12,3,3,1,0,4000,1,0
5,12,3,3,1,0,4001,0,0
5,12,3,3,1,0,4001,1,0
5,12,3,3,1,1,4000,0,0
5,12,3,3,1,1,4000,1,0
5,12,3,3,1,1,4001,0,0
5,12,3,3,1,1,4001,1,0
5,12,3,3,1,2,4000,0,0
5,12,3,3,1,2,4000,1,0
5,12,3,3,1,2,4001,0,0
5,12,3,3,1,2,4001,1,0
5,12,3,3,2,0,4000,0,0
5,12,3,3,2,0,4000,1,0
5,12,3,3,2,0,4001,0,0
5,12,3,3,2,0,4001,1,0
5,12,3,3,2,1,4000,0,0
5,12,3,3,2,1,4000,1,0
5,12,3,3,2,1,4001,0,1
5,12,3,3,2,1,4001,1,1
5,12,3,3,2,2,4000,0,0
5,12,3,3,2,2,4000,1,0
5,12,3,3,2,2,4001,0,0
5,12,3,3,2,2,4001,1,0
17,25,0,0,0,0,4000,0,1
17,25,0,0,0,0,4000,1,1
17,25,0,0,0,0,4001,0,1
17,25,0,0,0,0,4001,1,1
17,25,0,0,0,1,4000,0,1
17,25,0,0,0,1,4000,1,1
17,25,0,0,0,1,4001,0,1
17,25,0,0,0,1,4001,1,1
17,25,0,0,0,2,4000,0,1
17,25,0,0,0,2,4000,1,1
17,25,0,0,0,2,4001,0,1
17,25,0,0,0,2,4001,1,1
17,25,0,0,1,0,4000,0,1
17,25,0,0,1,0,4000,1,1
17,25,0,0,1,0,4001,0,1
17,25,0,0,1,0,4001,1,1
17,25,0,0,1,1,4000,0,1
17,25,0,0,1,1,4000,1,1
17,25,0,0,1,1,4001,0,1
17,25,0,0,1,1,4001,1,1
17,25,0,0,1,2,4000,0,1
17,25,0,0,1,2,4000,1,1
17,25,0,0,1,2,4001,0,1
17,25,0,0,1,2,4001,1,1
17,25,0,0,2,0,4000,0,1
17,25,0,0,2,0,4000,1,1
17,25,0,0,2,0,4001,0,1
17,25,0,0,2,0,4001,1,1
17,25,0,0,2,1,4000,0,1
17,25,0,0,2,1,4000,1,1
17,25,0,0,2,1,4001,0,0.5
17,25,0,0,2,1,4001,1,1
17,25,0,0,2,2,4000,0,1
17,25,0,0,2,2,4000,1,1
17,25,0,0,2,2,4001,0,1
17,25,0,0,2,2,4001,1,0
17,25,0,1,0,0,4000,0,1
17,25,0,1,0,0,4000,1,1
17,25,0,1,0,0,4001,0,1
17,25,0,1,0,0,4001,1,1
17,25,0,1,0,1,4000,0,1
17,25,0,1,0,1,4000,1,1
17,25,0,1,0,1,4001,0,1
17,25,0,1,0,1,4001,1,1
17,25,0,1,0,2,4000,0,1
17,25,0,1,0,2,4000,1,1
17,25,0,1,0,2,4001,0,1
17,25,0,1,0,2,4001,1,1
17,25,0,1,1,0,4000,0,1
17,25,0,1,1,0,4000,1,1
17,25,0,1,1,0,4001,0,1
17,25,0,1,1,0,4001,1,1
17,25,0,1,1,1,4000,0,1
17,25,0,1,1,1,4000,1,1
17,25,0,1,1,1,4001,0,1
17,25,0,1,1,1,4001,1,1
17,25,0,1,1,2,4000,0,1
17,25,0,1,1,2,4000,1,1
17,25,0,1,1,2,4001,0,1
17,25,0,1,1,2,4001,1,1
17,25,0,1,2,0,4000,0,1
17,25,0,1,2,0,4000,1,1
17,25,0,1,2,0,4001,0,1
17,25,0,1,2,0,4001,1,1
17,25,0,1,2,1,4000,0,1
17,25,0,1,2,1,4000,1,1
17,25,0,1,2,1,4001,0,1
17,25,0,1,2,1,4001,1,1
17,25,0,1,2,2,4000,0,1
17,25,0,1,2,2,4000,1,1
17,25,0,1,2,2,4001,0,1
17,25,0,1,2,2,4001,1,1
17,25,0,2,0,0,4000,0,1
17,25,0,2,0,0,4000,1,1
17,25,0,2,0,0,4001,0,1
17,25,0,2,0,0,4001,1,1
17,25,0,2,0,1,4000,0,1
17,25,0,2,0,1,4000,1,1
17,25,0,2,0,1,4001,0,1
17,25,0,2,0,1,4001,1,1
17,25,0,2,0,2,4000,0,1
17,25,0,2,0,2,4000,1,1
17,25,0,2,0,2,4001,0,1
17,25,0,2,0,2,4001,1,1
17,25,0,2,1,0,4000,0,1
17,25,0,2,1,0,4000,1,1
17,25,0,2,1,0,4001,0,1
17,25,0,2,1,0,4001,1,1
17,25,0,2,1,1,4000,0,1
17,25,0,2,1,1,4000,1,1
17,25,0,2,1,1,4001,0,1
17,25,0,2,1,1,4001,1,1
17,25,0,2,1,2,4000,0,1
17,25,0,2,1,2,4000,1,1
17,25,0,2,1,2,4001,0,1
17,25,0,2,1,2,4001,1,1
17,25,0,2,2,0,4000,0,0
17,25,0,2,2,0,4000,1,0.5
17,25,0,2,2,0,4001,0,0
17,25,0,2,2,0,4001,1,0
17,25,0,2,2,1,4000,0,1
17,25,0,2,2,1,4000,1,0
17,25,0,2,2,1,4001,0,1
17,25,0,2,2,1,4001,1,1
17,25,0,2,2,2,4000,0,0
17,25,0,2,2,2,4000,1,0
17,25,0,2,2,2,4001,0,1
17,25,0,2,2,2,4001,1,0
17,25,0,3,0,0,4000,0,1
17,25,0,3,0,0,4000,1,1
17,25,0,3,0,0,4001,0,1
17,25,0,3,0,0,4001,1,1
17,25,0,3,0,1,4000,0,1
17,25,0,3,0,1,4000,1,1
17,25,0,3,0,1,4001,0,1
17,25,0,3,0,1,4001,1,1
17,25,0,3,0,2,4000,0,1
17,25,0,3,0,2,4000,1,1
17,25,0,3,0,2,4001,0,1
17,25,0,3,0,2,4001,1,1
17,25,0,3,1,0,4000,0,1
17,25,0,3,1,0,4000,1,1
17,25,0,3,1,0,4001,0,1
17,25,0,3,1,0,4001,1,1
17,25,0,3,1,1,4000,0,1
17,25,0,3,1,1,4000,1,1
17,25,0,3,1,1,4001,0,1
17,25,0,3,1,1,4001,1,1
17,25,0,3,1,2,4000,0,0
17,25,0,3,1,2,4000,1,1
17,25,0,3,1,2,4001,0,1
17,25,0,3,1,2,4001,1,1
17,25,0,3,2,0,4000,0,0
17,25,0,3,2,0,4000,1,0
17,25,0,3,2,0,4001,0,1
17,25,0,3,2,0,4001,1,1
17,25,0,3,2,1,4000,0,1
17,25,0,3,2,1,4000,1,1
17,25,0,3,2,1,4001,0,1
17,25,0,3,2,1,4001,1,1
17,25,0,3,2,2,4000,0,0
17,25,0,3,2,2,4000,1,0
17,25,0,3,2,2,4001,0,0
17,25,0,3,2,2,4001,1,0
17,25,1,0,0,0,4000,0,1
17,25,1,0,0,0,4000,1,1
17,25,1,0,0,0,4001,0,1
17,25,1,0,0,0,4001,1,1
17,25,1,0,0,1,4000,0,1
17,25,1,0,0,1,4000,1,1
17,25,1,0,0,1,4001,0,1
17,25,1,0,0,1,4001,1,1
17,25,1,0,0,2,4000,0,1
17,25,1,0,0,2,4000,1,1
17,25,1,0,0,2,4001,0,1
17,25,1,0,0,2,4001,1,1
17,25,1,0,1,0,4000,0,1
17,25,1,0,1,0,4000,1,1
17,25,1,0,1,0,4001,0,1
17,25,1,0,1,0,4001,1,1
17,25,1,0,1,1,4000,0,1
17,25,1,0,1,1,4000,1,1
17,25,1,0,1,1,4001,0,1
17,25,1,0,1,1,4001,1,1
17,25,1,0,1,2,4000,0,1
17,25,1,0,1,2,4000,1,1
17,25,1,0,1,2,4001,0,1
17,25,1,0,1,2,4001,1,1
17,25,1,0,2,0,4000,0,1
17,25,1,0,2,0,4000,1,1
17,25,1,0,2,0,4001,0,1
17,25,1,0,2,0,4001,1,1
17,25,1,0,2,1,4000,0,1
17,25,1,0,2,1,4000,1,1
17,25,1,0,2,1,4001,0,1
17,25,1,0,2,1,4001,1,1
17,25,1,0,2,2,4000,0,0
17,25,1,0,2,2,4000,1,1
17,25,1,0,2,2,4001,0,0.5
17,25,1,0,2,2,4001,1,1
17,25,1,1,0,0,4000,0,1
17,25,1,1,0,0,4000,1,1
17,25,1,1,0,0,4001,0,1
17,25,1,1,0,0,4001,1,1
17,25,1,1,0,1,4000,0,1
17,25,1,1,0,1,4000,1,1
17,25,1,1,0,1,4001,0,1
17,25,1,1,0,1,4001,1,1
17,25,1,1,0,2,4000,0,1
17,25,1,1,0,2,4000,1,1
17,25,1,1,0,2,4001,0,1
17,25,1,1,0,2,4001,1,1
17,25,1,1,1,0,4000,0,1
17,25,1,1,1,0,4000,1,1
17,25,1,1,1,0,4001,0,1
17,25,1,1,1,0,4001,1,1
17,25,1,1,1,1,4000,0,1
17,25,1,1,1,1,4000,1,1
17,25,1,1,1,1,4001,0,1
17,25,1,1,1,1,4001,1,1
17,25,1,1,1,2,4000,0,1
17,25,1,1,1,2,4000,1,1
17,25,1,1,1,2,4001,0,1
17,25,1,1,1,2,4001,1,1
17,25,1,1,2,0,4000,0,1
17,25,1,1,2,0,4000,1,1
17,25,1,1,2,0,4001,0,1
17,25,1,1,2,0,4001,1,1
17,25,1,1,2,1,4000,0,1
17,25,1,1,2,1,4000,1,1
17,25,1,1,2,1,4001,0,0
17,25,1,1,2,1,4001,1,1
17,25,1,1,2,2,4000,0,1
17,25,1,1,2,2,4000,1,1
17,25,1,1,2,2,4001,0,1
17,25,1,1,2,2,4001,1,1
17,25,1,2,0,0,4000,0,1
17,25,1,2,0,0,4000,1,1
17,25,1,2,0,0,4001,0,1
17,25,1,2,0,0,4001,1,1
17,25,1,2,0,1,4000,0,1
17,25,1,2,0,1,4000,1,1
17,25,1,2,0,1,4001,0,1
17,25,1,2,0,1,4001,1,1
17,25,1,2,0,2,4000,0,1
17,25,1,2,0,2,4000,1,1
17,25,1,2,0,2,4001,0,1
17,25,1,2,0,2,4001,1,1
17,25,1,2,1,0,4000,0,1
17,25,1,2,1,0,4000,1,1
17,25,1,2,1,0,4001,0,1
17,25,1,2,1,0,4001,1,1
17,25,1,2,1,1,4000,0,1
17,25,1,2,1,1,4000,1,1
17,25,1,2,1,1,4001,0,1
17,25,1,2,1,1,4001,1,1
17,25,1,2,1,2,4000,0,1
17,25,1,2,1,2,4000,1,1
17,25,1,2,1,2,4001,0,1
17,25,1,2,1,2,4001,1,1
17,25,1,2,2,0,4000,0,1
17,25,1,2,2,0,4000,1,1
17,25,1,2,2,0,4001,0,1
17,25,1,2,2,0,4001,1,1
17,25,1,2,2,1,4000,0,1
17,25,1,2,2,1,4000,1,1
17,25,1,2,2,1,4001,0,1
17,25,1,2,2,1,4001,1,1
17,25,1,2,2,2,4000,0,0
17,25,1,2,2,2,4000,1,1
17,25,1,2,2,2,4001,0,1
17,25,1,2,2,2,4001,1,1
17,25,1,3,0,0,4000,0,1
17,25,1,3,0,0,4000,1,1
17,25,1,3,0,0,4001,0,1
17,25,1,3,0,0,4001,1,1
17,25,1,3,0,1,4000,0,1
17,25,1,3,0,1,4000,1,1
17,25,1,3,0,1,4001,0,1
17,25,1,3,0,1,4001,1,1
17,25,1,3,0,2,4000,0,1
17,25,1,3,0,2,4000,1,1
17,25,1,3,0,2,4001,0,1
17,25,1,3,0,2,4001,1,1
17,25,1,3,1,0,4000,0,1
17,25,1,3,1,0,4000,1,1
17,25,1,3,1,0,4001,0,1
17,25,1,3,1,0,4001,1,1
17,25,1,3,1,1,4000,0,1
17,25,1,3,1,1,4000,1,1
17,25,1,3,1,1,4001,0,1
17,25,1,3,1,1,4001,1,1
17,25,1,3,1,2,4000,0,1
17,25,1,3,1,2,4000,1,1
17,25,1,3,1,2,4001,0,1
17,25,1,3,1,2,4001,1,1
17,25,1,3,2,0,4000,0,0
17,25,1,3,2,0,4000,1,1
17,25,1,3,2,0,4001,0,1
17,25,1,3,2,0,4001,1,1
17,25,1,3,2,1,4000,0,1
17,25,1,3,2,1,4000,1,1
17,25,1,3,2,1,4001,0,1
17,25,1,3,2,1,4001,1,1
17,25,1,3,2,2,4000,0,1
17,25,1,3,2,2,4000,1,1
17,25,1,3,2,2,4001,0,1
17,25,1,3,2,2,4001,1,1
17,25,2,0,0,0,4000,0,1
17,25,2,0,0,0,4000,1,1
17,25,2,0,0,0,4001,0,1
17,25,2,0,0,0,4001,1,1
17,25,2,0,0,1,4000,0,1
17,25,2,0,0,1,4000,1,1
17,25,2,0,0,1,4001,0,0
17,25,2,0,0,1,4001,1,0
17,25,2,0,0,2,4000,0,1
17,25,2,0,0,2,4000,1,1
17,25,2,0,0,2,4001,0,1
17,25,2,0,0,2,4001,1,1
17,25,2,0,1,0,4000,0,1
17,25,2,0,1,0,4000,1,1
17,25,2,0,1,0,4001,0,1
17,25,2,0,1,0,4001,1,0
17,25,2,0,1,1,4000,0,1
17,25,2,0,1,1,4000,1,1
17,25,2,0,1,1,4001,0,0
17,25,2,0,1,1,4001,1,1
17,25,2,0,1,2,4000,0,1
17,25,2,0,1,2,4000,1,1
17,25,2,0,1,2,4001,0,1
17,25,2,0,1,2,4001,1,1
17,25,2,0,2,0,4000,0,1
17,25,2,0,2,0,4000,1,1
17,25,2,0,2,0,4001,0,1
17,25,2,0,2,0,4001,1,1
17,25,2,0,2,1,4000,0,1
17,25,2,0,2,1,4000,1,1
17,25,2,0,2,1,4001,0,1
17,25,2,0,2,1,4001,1,1
17,25,2,0,2,2,4000,0,1
17,25,2,0,2,2,4000,1,1
17,25,2,0,2,2,4001,0,1
17,25,2,0,2,2,4001,1,1
17,25,2,1,0,0,4000,0,1
17,25,2,1,0,0,4000,1,1
17,25,2,1,0,0,4001,0,1
17,25,2,1,0,0,4001,1,1
17,25,2,1,0,1,4000,0,1
17,25,2,1,0,1,4000,1,1
17,25,2,1,0,1,4001,0,1
17,25,2,1,0,1,4001,1,1
17,25,2,1,0,2,4000,0,1
17,25,2,1,0,2,4000,1,1
17,25,2,1,0,2,4001,0,1
17,25,2,1,0,2,4001,1,1
17,25,2,1,1,0,4000,0,1
17,25,2,1,1,0,4000,1,1
17,25,2,1,1,0,4001,0,1
17,25,2,1,1,0,4001,1,1
17,25,2,1,1,1,4000,0,1
17,25,2,1,1,1,4000,1,1
17,25,2,1,1,1,4001,0,1
17,25,2,1,1,1,4001,1,1
17,25,2,1,1,2,4000,0,1
17,25,2,1,1,2,4000,1,1
17,25,2,1,1,2,4001,0,1
17,25,2,1,1,2,4001,1,1
17,25,2,1,2,0,4000,0,1
17,25,2,1,2,0,4000,1,1
17,25,2,1,2,0,4001,0,1
17,25,2,1,2,0,4001,1,1
17,25,2,1,2,1,4000,0,1
17,25,2,1,2,1,4000,1,0
17,25,2,1,2,1,4001,0,1
17,25,2,1,2,1,4001,1,1
17,25,2,1,2,2,4000,0,1
17,25,2,1,2,2,4000,1,1
17,25,2,1,2,2,4001,0,1
17,25,2,1,2,2,4001,1,1
17,25,2,2,0,0,4000,0,1
17,25,2,2,0,0,4000,1,1
17,25,2,2,0,0,4001,0,1
17,25,2,2,0,0,4001,1,1
17,25,2,2,0,1,4000,0,1
17,25,2,2,0,1,4000,1,1
17,25,2,2,0,1,4001,0,0
17,25,2,2,0,1,4001,1,0
17,25,2,2,0,2,4000,0,1
17,25,2,2,0,2,4000,1,1
17,25,2,2,0,2,4001,0,0
17,25,2,2,0,2,4001,1,0
17,25,2,2,1,0,4000,0,1
17,25,2,2,1,0,4000,1,1
17,25,2,2,1,0,4001,0,1
17,25,2,2,1,0,4001,1,1
17,25,2,2,1,1,4000,0,1
17,25,2,2,1,1,4000,1,1
17,25,2,2,1,1,4001,0,0
17,25,2,2,1,1,4001,1,1
17,25,2,2,1,2,4000,0,1
17,25,2,2,1,2,4000,1,1
17,25,2,2,1,2,4001,0,0
17,25,2,2,1,2,4001,1,1
17,25,2,2,2,0,4000,0,0
17,25,2,2,2,0,4000,1,0
17,25,2,2,2,0,4001,0,1
17,25,2,2,2,0,4001,1,1
17,25,2,2,2,1,4000,0,0
17,25,2,2,2,1,4000,1,1
17,25,2,2,2,1,4001,0,1
17,25,2,2,2,1,4001,1,1
17,25,2,2,2,2,4000,0,1
17,25,2,2,2,2,4000,1,1
17,25,2,2,2,2,4001,0,1
17,25,2,2,2,2,4001,1,1
17,25,2,3,0,0,4000,0,1
17,25,2,3,0,0,4000,1,1
17,25,2,3,0,0,4001,0,1
17,25,2,3,0,0,4001,1,1
17,25,2,3,0,1,4000,0,1
17,25,2,3,0,1,4000,1,1
17,25,2,3,0,1,4001,0,1
17,25,2,3,0,1,4001,1,1
17,25,2,3,0,2,4000,0,1
17,25,2,3,0,2,4000,1,1
17,25,2,3,0,2,4001,0,1
17,25,2,3,0,2,4001,1,1
17,25,2,3,1,0,4000,0,1
17,25,2,3,1,0,4000,1,1
17,25,2,3,1,0,4001,0,1
17,25,2,3,1,0,4001,1,1
17,25,2,3,1,1,4000,0,1
17,25,2,3,1,1,4000,1,1
17,25,2,3,1,1,4001,0,1
17,25,2,3,1,1,4001,1,1
17,25,2,3,1,2,4000,0,1
17,25,2,3,1,2,4000,1,1
17,25,2,3,1,2,4001,0,1
17,25,2,3,1,2,4001,1,1
17,25,2,3,2,0,4000,0,1
17,25,2,3,2,0,4000,1,1
17,25,2,3,2,0,4001,0,1
17,25,2,3,2,0,4001,1,1
17,25,2,3,2,1,4000,0,1
17,25,2,3,2,1,4000,1,1
17,25,2,3,2,1,4001,0,0
17,25,2,3,2,1,4001,1,1
17,25,2,3,2,2,4000,0,1
17,25,2,3,2,2,4000,1,0
17,25,2,3,2,2,4001,0,1
17,25,2,3,2,2,4001,1,1
17,25,3,0,0,0,4000,0,1
17,25,3,0,0,0,4000,1,1
17,25,3,0,0,0,4001,0,1
17,25,3,0,0,0,4001,1,1
17,25,3,0,0,1,4000,0,1
17,25,3,0,0,1,4000,1,1
17,25,3,0,0,1,4001,0,1
17,25,3,0,0,1,4001,1,1
17,25,3,0,0,2,4000,0,0
17,25,3,0,0,2,4000,1,0
17,25,3,0,0,2,4001,0,1
17,25,3,0,0,2,4001,1,1
17,25,3,0,1,0,4000,0,1
17,25,3,0,1,0,4000,1,1
17,25,3,0,1,0,4001,0,1
17,25,3,0,1,0,4001,1,1
17,25,3,0,1,1,4000,0,1
17,25,3,0,1,1,4000,1,1
17,25,3,0,1,1,4001,0,1
17,25,3,0,1,1,4001,1,1
17,25,3,0,1,2,4000,0,0
17,25,3,0,1,2,4000,1,1
17,25,3,0,1,2,4001,0,1
17,25,3,0,1,2,4001,1,1
17,25,3,0,2,0,4000,0,0
17,25,3,0,2,0,4000,1,1
17,25,3,0,2,0,4001,0,1
17,25,3,0,2,0,4001,1,1
17,25,3,0,2,1,4000,0,1
17,25,3,0,2,1,4000,1,1
17,25,3,0,2,1,4001,0,1
17,25,3,0,2,1,4001,1,1
17,25,3,0,2,2,4000,0,1
17,25,3,0,2,2,4000,1,1
17,25,3,0,2,2,4001,0,1
17,25,3,0,2,2,4001,1,1
17,25,3,1,0,0,4000,0,1
17,25,3,1,0,0,4000,1,1
17,25,3,1,0,0,4001,0,1
17,25,3,1,0,0,4001,1,1
17,25,3,1,0,1,4000,0,1
17,25,3,1,0,1,4000,1,1
17,25,3,1,0,1,4001,0,1
17,25,3,1,0,1,4001,1,1
17,25,3,1,0,2,4000,0,1
17,25,3,1,0,2,4000,1,1
17,25,3,1,0,2,4001,0,1
17,25,3,1,0,2,4001,1,1
17,25,3,1,1,0,4000,0,1
17,25,3,1,1,0,4000,1,1
17,25,3,1,1,0,4001,0,1
17,25,3,1,1,0,4001,1,1
17,25,3,1,1,1,4000,0,1
17,25,3,1,1,1,4000,1,1
17,25,3,1,1,1,4001,0,1
17,25,3,1,1,1,4001,1,1
17,25,3,1,1,2,4000,0,1
17,25,3,1,1,2,4000,1,1
17,25,3,1,1,2,4001,0,1
17,25,3,1,1,2,4001,1,1
17,25,3,1,2,0,4000,0,0.5
17,25,3,1,2,0,4000,1,1
17,25,3,1,2,0,4001,0,1
17,25,3,1,2,0,4001,1,0
17,25,3,1,2,1,4000,0,1
17,25,3,1,2,1,4000,1,1
17,25,3,1,2,1,4001,0,1
17,25,3,1,2,1,4001,1,1
17,25,3,1,2,2,4000,0,1
17,25,3,1,2,2,4000,1,1
17,25,3,1,2,2,4001,0,0
17,25,3,1,2,2,4001,1,1
17,25,3,2,0,0,4000,0,1
17,25,3,2,0,0,4000,1,1
17,25,3,2,0,0,4001,0,1
17,25,3,2,0,0,4001,1,1
17,25,3,2,0,1,4000,0,1
17,25,3,2,0,1,4000,1,1
17,25,3,2,0,1,4001,0,1
17,25,3,2,0,1,4001,1,1
17,25,3,2,0,2,4000,0,1
17,25,3,2,0,2,4000,1,1
17,25,3,2,0,2,4001,0,1
17,25,3,2,0,2,4001,1,1
17,25,3,2,1,0,4000,0,1
17,25,3,2,1,0,4000,1,1
17,25,3,2,1,0,4001,0,1
17,25,3,2,1,0,4001,1,1
17,25,3,2,1,1,4000,0,1
17,25,3,2,1,1,4000,1,1
17,25,3,2,1,1,4001,0,1
17,25,3,2,1,1,4001,1,1
17,25,3,2,1,2,4000,0,1
17,25,3,2,1,2,4000,1,1
17,25,3,2,1,2,4001,0,1
17,25,3,2,1,2,4001,1,1
17,25,3,2,2,0,4000,0,1
17,25,3,2,2,0,4000,1,1
17,25,3,2,2,0,4001,0,1
17,25,3,2,2,0,4001,1,1
17,25,3,2,2,1,4000,0,1
17,25,3,2,2,1,4000,1,0
17,25,3,2,2,1,4001,0,1
17,25,3,2,2,1,4001,1,0
17,25,3,2,2,2,4000,0,0
17,25,3,2,2,2,4000,1,1
17,25,3,2,2,2,4001,0,1
17,25,3,2,2,2,4001,1,1
17,25,3,3,0,0,4000,0,1
17,25,3,3,0,0,4000,1,1
17,25,3,3,0,0,4001,0,1
17,25,3,3,0,0,4001,1,1
17,25,3,3,0,1,4000,0,1
17,25,3,3,0,1,4000,1,1
17,25,3,3,0,1,4001,0,1
17,25,3,3,0,1,4001,1,1
17,25,3,3,0,2,4000,0,1
17,25,3,3,0,2,4000,1,1
17,25,3,3,0,2,4001,0,1
17,25,3,3,0,2,4001,1,1
17,25,3,3,1,0,4000,0,1
17,25,3,3,1,0,4000,1,1
17,25,3,3,1,0,4001,0,1
17,25,3,3,1,0,4001,1,1
17,25,3,3,1,1,4000,0,1
17,25,3,3,1,1,4000,1,1
17,25,3,3,1,1,4001,0,1
17,25,3,3,1,1,4001,1,1
17,25,3,3,1,2,4000,0,1
17,25,3,3,1,2,4000,1,1
17,25,3,3,1,2,4001,0,1
17,25,3,3,1,2,4001,1,1
17,25,3,3,2,0,4000,0,1
17,25,3,3,2,0,4000,1,1
17,25,3,3,2,0,4001,0,1
17,25,3,3,2,0,4001,1,1
17,25,3,3,2,1,4000,0,1
17,25,3,3,2,1,4000,1,1
17,25,3,3,2,1,4001,0,1
17,25,3,3,2,1,4001,1,1
17,25,3,3,2,2,4000,0,1
17,25,3,3,2,2,4000,1,1
17,25,3,3,2,2,4001,0,1
17,25,3,3,2,2,4001,1,1
24,34,0,0,0,0,4000,0,0
24,34,0,0,0,0,4000,1,0
24,34,0,0,0,0,4001,0,0
24,34,0,0,0,0,4001,1,0
24,34,0,0,0,1,4000,0,0
24,34,0,0,0,1,4000,1,0
24,34,0,0,0,1,4001,0,1
24,34,0,0,0,1,4001,1,1
24,34,0,0,0,2,4000,0,0
24,34,0,0,0,2,4000,1,0
24,34,0,0,0,2,4001,0,1
24,34,0,0,0,2,4001,1,1
24,34,0,0,1,0,4000,0,0
24,34,0,0,1,0,4000,1,0
24,34,0,0,1,0,4001,0,0
24,34,0,0,1,0,4001,1,0
24,34,0,0,1,1,4000,0,0
24,34,0,0,1,1,4000,1,1
24,34,0,0,1,1,4001,0,1
24,34,0,0,1,1,4001,1,0
24,34,0,0,1,2,4000,0,0
24,34,0,0,1,2,4000,1,0
24,34,0,0,1,2,4001,0,0
24,34,0,0,1,2,4001,1,0
24,34,0,0,2,0,4000,0,0
24,34,0,0,2,0,4000,1,1
24,34,0,0,2,0,4001,0,1
24,34,0,0,2,0,4001,1,0
24,34,0,0,2,1,4000,0,1
24,34,0,0,2,1,4000,1,0
24,34,0,0,2,1,4001,0,1
24,34,0,0,2,1,4001,1,0
24,34,0,0,2,2,4000,0,0
24,34,0,0,2,2,4000,1,1
24,34,0,0,2,2,4001,0,0
24,34,0,0,2,2,4001,1,1
24,34,0,1,0,0,4000,0,1
24,34,0,1,0,0,4000,1,1
24,34,0,1,0,0,4001,0,0
24,34,0,1,0,0,4001,1,0
24,34,0,1,0,1,4000,0,0
24,34,0,1,0,1,4000,1,0
24,34,0,1,0,1,4001,0,0
24,34,0,1,0,1,4001,1,0
24,34,0,1,0,2,4000,0,0
24,34,0,1,0,2,4000,1,0
24,34,0,1,0,2,4001,0,0
24,34,0,1,0,2,4001,1,0
24,34,0,1,1,0,4000,0,0
24,34,0,1,1,0,4000,1,1
24,34,0,1,1,0,4001,0,0
24,34,0,1,1,0,4001,1,1
24,34,0,1,1,1,4000,0,0
24,34,0,1,1,1,4000,1,0
24,34,0,1,1,1,4001,0,0
24,34,0,1,1,1,4001,1,0
24,34,0,1,1,2,4000,0,0
24,34,0,1,1,2,4000,1,0
24,34,0,1,1,2,4001,0,0
24,34,0,1,1,2,4001,1,1
24,34,0,1,2,0,4000,0,1
24,34,0,1,2,0,4000,1,1
24,34,0,1,2,0,4001,0,0
24,34,0,1,2,0,4001,1,0
24,34,0,1,2,1,4000,0,0
24,34,0,1,2,1,4000,1,0
24,34,0,1,2,1,4001,0,0
24,34,0,1,2,1,4001,1,0
24,34,0,1,2,2,4000,0,0
24,34,0,1,2,2,4000,1,0
24,34,0,1,2,2,4001,0,1
24,34,0,1,2,2,4001,1,0
24,34,0,2,0,0,4000,0,0
24,34,0,2,0,0,4000,1,0
24,34,0,2,0,0,4001,0,1
24,34,0,2,0,0,4001,1,1
24,34,0,2,0,1,4000,0,1
24,34,0,2,0,1,4000,1,1
24,34,0,2,0,1,4001,0,1
24,34,0,2,0,1,4001,1,1
24,34,0,2,0,2,4000,0,0
24,34,0,2,0,2,4000,1,0
24,34,0,2,0,2,4001,0,0
24,34,0,2,0,2,4001,1,0
24,34,0,2,1,0,4000,0,1
24,34,0,2,1,0,4000,1,0
24,34,0,2,1,0,4001,0,0
24,34,0,2,1,0,4001,1,1
24,34,0,2,1,1,4000,0,1
24,34,0,2,1,1,4000,1,0
24,34,0,2,1,1,4001,0,1
24,34,0,2,1,1,4001,1,1
24,34,0,2,1,2,4000,0,0
24,34,0,2,1,2,4000,1,1
24,34,0,2,1,2,4001,0,0
24,34,0,2,1,2,4001,1,1
24,34,0,2,2,0,4000,0,0
24,34,0,2,2,0,4000,1,1
24,34,0,2,2,0,4001,0,1
24,34,0,2,2,0,4001,1,0
24,34,0,2,2,1,4000,0,1
24,34,0,2,2,1,4000,1,1
24,34,0,2,2,1,4001,0,1
24,34,0,2,2,1,4001,1,0
24,34,0,2,2,2,4000,0,0.5
24,34,0,2,2,2,4000,1,1
24,34,0,2,2,2,4001,0,0
24,34,0,2,2,2,4001,1,1
24,34,0,3,0,0,4000,0,1
24,34,0,3,0,0,4000,1,1
24,34,0,3,0,0,4001,0,0
24,34,0,3,0,0,4001,1,0
24,34,0,3,0,1,4000,0,0
24,34,0,3,0,1,4000,1,0
24,34,0,3,0,1,4001,0,1
24,34,0,3,0,1,4001,1,1
24,34,0,3,0,2,4000,0,0
24,34,0,3,0,2,4000,1,0
24,34,0,3,0,2,4001,0,0
24,34,0,3,0,2,4001,1,0
24,34,0,3,1,0,4000,0,1
24,34,0,3,1,0,4000,1,0
24,34,0,3,1,0,4001,0,1
24,34,0,3,1,0,4001,1,0
24,34,0,3,1,1,4000,0,0
24,34,0,3,1,1,4000,1,0
24,34,0,3,1,1,4001,0,1
24,34,0,3,1,1,4001,1,1
24,34,0,3,1,2,4000,0,0
24,34,0,3,1,2,4000,1,0
24,34,0,3,1,2,4001,0,0
24,34,0,3,1,2,4001,1,0
24,34,0,3,2,0,4000,0,0
24,34,0,3,2,0,4000,1,0
24,34,0,3,2,0,4001,0,0
24,34,0,3,2,0,4001,1,0
24,34,0,3,2,1,4000,0,0
24,34,0,3,2,1,4000,1,0
24,34,0,3,2,1,4001,0,1
24,34,0,3,2,1,4001,1,0.5
24,34,0,3,2,2,4000,0,0
24,34,0,3,2,2,4000,1,0
24,34,0,3,2,2,4001,0,1
24,34,0,3,2,2,4001,1,0
24,34,1,0,0,0,4000,0,0
24,34,1,0,0,0,4000,1,0
24,34,1,0,0,0,4001,0,0
24,34,1,0,0,0,4001,1,0
24,34,1,0,0,1,4000,0,1
24,34,1,0,0,1,4000,1,1
24,34,1,0,0,1,4001,0,1
24,34,1,0,0,1,4001,1,1
24,34,1,0,0,2,4000,0,0
24,34,1,0,0,2,4000,1,0
24,34,1,0,0,2,4001,0,0
24,34,1,0,0,2,4001,1,0
24,34,1,0,1,0,4000,0,0
24,34,1,0,1,0,4000,1,0
24,34,1,0,1,0,4001,0,0
24,34,1,0,1,0,4001,1,0
24,34,1,0,1,1,4000,0,0
24,34,1,0,1,1,4000,1,0
24,34,1,0,1,1,4001,0,0
24,34,1,0,1,1,4001,1,0
24,34,1,0,1,2,4000,0,0
24,34,1,0,1,2,4000,1,0
24,34,1,0,1,2,4001,0,0
24,34,1,0,1,2,4001,1,1
24,34,1,0,2,0,4000,0,0
24,34,1,0,2,0,4000,1,0
24,34,1,0,2,0,4001,0,0
24,34,1,0,2,0,4001,1,0
24,34,1,0,2,1,4000,0,0
24,34,1,0,2,1,4000,1,0
24,34,1,0,2,1,4001,0,0
24,34,1,0,2,1,4001,1,0
24,34,1,0,2,2,4000,0,0
24,34,1,0,2,2,4000,1,0
24,34,1,0,2,2,4001,0,0
24,34,1,0,2,2,4001,1,0
24,34,1,1,0,0,4000,0,0
24,34,1,1,0,0,4000,1,0
24,34,1,1,0,0,4001,0,0
24,34,1,1,0,0,4001,1,0
24,34,1,1,0,1,4000,0,1
24,34,1,1,0,1,4000,1,1
24,34,1,1,0,1,4001,0,1
24,34,1,1,0,1,4001,1,1
24,34,1,1,0,2,4000,0,0
24,34,1,1,0,2,4000,1,0
24,34,1,1,0,2,4001,0,0
24,34,1,1,0,2,4001,1,0
24,34,1,1,1,0,4000,0,0
24,34,1,1,1,0,4000,1,0
24,34,1,1,1,0,4001,0,0
24,34,1,1,1,0,4001,1,0
24,34,1,1,1,1,4000,0,1
24,34,1,1,1,1,4000,1,1
24,34,1,1,1,1,4001,0,1
24,34,1,1,1,1,4001,1,1
24,34,1,1,1,2,4000,0,0
24,34,1,1,1,2,4000,1,0
24,34,1,1,1,2,4001,0,0
24,34,1,1,1,2,4001,1,0
24,34,1,1,2,0,4000,0,1
24,34,1,1,2,0,4000,1,1
24,34,1,1,2,0,4001,0,0
24,34,1,1,2,0,4001,1,0
24,34,1,1,2,1,4000,0,0
24,34,1,1,2,1,4000,1,0
24,34,1,1,2,1,4001,0,0
24,34,1,1,2,1,4001,1,0
24,34,1,1,2,2,4000,0,0
24,34,1,1,2,2,4000,1,0
24,34,1,1,2,2,4001,0,0
24,34,1,1,2,2,4001,1,0
24,34,1,2,0,0,4000,0,0
24,34,1,2,0,0,4000,1,0
24,34,1,2,0,0,4001,0,1
24,34,1,2,0,0,4001,1,1
24,34,1,2,0,1,4000,0,0
24,34,1,2,0,1,4000,1,0
24,34,1,2,0,1,4001,0,0
24,34,1,2,0,1,4001,1,0
24,34,1,2,0,2,4000,0,0
24,34,1,2,0,2,4000,1,0
24,34,1,2,0,2,4001,0,0
24,34,1,2,0,2,4001,1,0
24,34,1,2,1,0,4000,0,0
24,34,1,2,1,0,4000,1,1
24,34,1,2,1,0,4001,0,1
24,34,1,2,1,0,4001,1,1
24,34,1,2,1,1,4000,0,0
24,34,1,2,1,1,4000,1,0
24,34,1,2,1,1,4001,0,0
24,34,1,2,1,1,4001,1,1
24,34,1,2,1,2,4000,0,0
24,34,1,2,1,2,4000,1,0
24,34,1,2,1,2,4001,0,0
24,34,1,2,1,2,4001,1,0
24,34,1,2,2,0,4000,0,1
24,34,1,2,2,0,4000,1,1
24,34,1,2,2,0,4001,0,1
24,34,1,2,2,0,4001,1,1
24,34,1,2,2,1,4000,0,0
24,34,1,2,2,1,4000,1,0
24,34,1,2,2,1,4001,0,0
24,34,1,2,2,1,4001,1,0
24,34,1,2,2,2,4000,0,0
24,34,1,2,2,2,4000,1,0
24,34,1,2,2,2,4001,0,0
24,34,1,2,2,2,4001,1,0
24,34,1,3,0,0,4000,0,0
24,34,1,3,0,0,4000,1,0
24,34,1,3,0,0,4001,0,0
24,34,1,3,0,0,4001,1,0
24,34,1,3,0,1,4000,0,0
24,34,1,3,0,1,4000,1,0
24,34,1,3,0,1,4001,0,0
24,34,1,3,0,1,4001,1,0
24,34,1,3,0,2,4000,0,0
24,34,1,3,0,2,4000,1,0
24,34,1,3,0,2,4001,0,0
24,34,1,3,0,2,4001,1,0
24,34,1,3,1,0,4000,0,0
24,34,1,3,1,0,4000,1,0
24,34,1,3,1,0,4001,0,0
24,34,1,3,1,0,4001,1,0
24,34,1,3,1,1,4000,0,0
24,34,1,3,1,1,4000,1,0
24,34,1,3,1,1,4001,0,0
24,34,1,3,1,1,4001,1,0
24,34,1,3,1,2,4000,0,0
24,34,1,3,1,2,4000,1,0
24,34,1,3,1,2,4001,0,0
24,34,1,3,1,2,4001,1,0
24,34,1,3,2,0,4000,0,0
24,34,1,3,2,0,4000,1,0
24,34,1,3,2,0,4001,0,0
24,34,1,3,2,0,4001,1,0
24,34,1,3,2,1,4000,0,0
24,34,1,3,2,1,4000,1,0
24,34,1,3,2,1,4001,0,0
24,34,1,3,2,1,4001,1,0
24,34,1,3,2,2,4000,0,0
24,34,1,3,2,2,4000,1,0
24,34,1,3,2,2,4001,0,0
24,34,1,3,2,2,4001,1,0
24,34,2,0,0,0,4000,0,1
24,34,2,0,0,0,4000,1,1
24,34,2,0,0,0,4001,0,0
24,34,2,0,0,0,4001,1,0
24,34,2,0,0,1,4000,0,0
24,34,2,0,0,1,4000,1,0
24,34,2,0,0,1,4001,0,0
24,34,2,0,0,1,4001,1,0
24,34,2,0,0,2,4000,0,0
24,34,2,0,0,2,4000,1,0
24,34,2,0,0,2,4001,0,1
24,34,2,0,0,2,4001,1,1
24,34,2,0,1,0,4000,0,1
24,34,2,0,1,0,4000,1,1
24,34,2,0,1,0,4001,0,0
24,34,2,0,1,0,4001,1,0
24,34,2,0,1,1,4000,0,1
24,34,2,0,1,1,4000,1,0
24,34,2,0,1,1,4001,0,0
24,34,2,0,1,1,4001,1,0
24,34,2,0,1,2,4000,0,0
24,34,2,0,1,2,4000,1,0
24,34,2,0,1,2,4001,0,1
24,34,2,0,1,2,4001,1,1
24,34,2,0,2,0,4000,0,0
24,34,2,0,2,0,4000,1,0
24,34,2,0,2,0,4001,0,1
24,34,2,0,2,0,4001,1,0
24,34,2,0,2,1,4000,0,1
24,34,2,0,2,1,4000,1,1
24,34,2,0,2,1,4001,0,0
24,34,2,0,2,1,4001,1,0
24,34,2,0,2,2,4000,0,0
24,34,2,0,2,2,4000,1,1
24,34,2,0,2,2,4001,0,0
24,34,2,0,2,2,4001,1,1
24,34,2,1,0,0,4000,0,0
24,34,2,1,0,0,4000,1,0
24,34,2,1,0,0,4001,0,0
24,34,2,1,0,0,4001,1,0
24,34,2,1,0,1,4000,0,0
24,34,2,1,0,1,4000,1,0
24,34,2,1,0,1,4001,0,0
24,34,2,1,0,1,4001,1,0
24,34,2,1,0,2,4000,0,1
24,34,2,1,0,2,4000,1,1
24,34,2,1,0,2,4001,0,0
24,34,2,1,0,2,4001,1,0
24,34,2,1,1,0,4000,0,0
24,34,2,1,1,0,4000,1,1
24,34,2,1,1,0,4001,0,0
24,34,2,1,1,0,4001,1,1
24,34,2,1,1,1,4000,0,0
24,34,2,1,1,1,4000,1,0
24,34,2,1,1,1,4001,0,0
24,34,2,1,1,1,4001,1,0
24,34,2,1,1,2,4000,0,0
24,34,2,1,1,2,4000,1,1
24,34,2,1,1,2,4001,0,1
24,34,2,1,1,2,4001,1,1
24,34,2,1,2,0,4000,0,0
24,34,2,1,2,0,4000,1,0
24,34,2,1,2,0,4001,0,1
24,34,2,1,2,0,4001,1,0
24,34,2,1,2,1,4000,0,1
24,34,2,1,2,1,4000,1,1
24,34,2,1,2,1,4001,0,0
24,34,2,1,2,1,4001,1,0
24,34,2,1,2,2,4000,0,1
24,34,2,1,2,2,4000,1,0
24,34,2,1,2,2,4001,0,1
24,34,2,1,2,2,4001,1,1
24,34,2,2,0,0,4000,0,1
24,34,2,2,0,0,4000,1,1
24,34,2,2,0,0,4001,0,0
24,34,2,2,0,0,4001,1,0
24,34,2,2,0,1,4000,0,0
24,34,2,2,0,1,4000,1,0
24,34,2,2,0,1,4001,0,1
24,34,2,2,0,1,4001,1,1
24,34,2,2,0,2,4000,0,0
24,34,2,2,0,2,4000,1,0
24,34,2,2,0,2,4001,0,1
24,34,2,2,0,2,4001,1,1
24,34,2,2,1,0,4000,0,1
24,34,2,2,1,0,4000,1,1
24,34,2,2,1,0,4001,0,1
24,34,2,2,1,0,4001,1,0
24,34,2,2,1,1,4000,0,1
24,34,2,2,1,1,4000,1,0
24,34,2,2,1,1,4001,0,0
24,34,2,2,1,1,4001,1,0
24,34,2,2,1,2,4000,0,0
24,34,2,2,1,2,4000,1,1
24,34,2,2,1,2,4001,0,1
24,34,2,2,1,2,4001,1,0
24,34,2,2,2,0,4000,0,1
24,34,2,2,2,0,4000,1,0
24,34,2,2,2,0,4001,0,0
24,34,2,2,2,0,4001,1,0
24,34,2,2,2,1,4000,0,0
24,34,2,2,2,1,4000,1,1
24,34,2,2,2,1,4001,0,0
24,34,2,2,2,1,4001,1,0
24,34,2,2,2,2,4000,0,0.5
24,34,2,2,2,2,4000,1,1
24,34,2,2,2,2,4001,0,1
24,34,2,2,2,2,4001,1,1
24,34,2,3,0,0,4000,0,0
24,34,2,3,0,0,4000,1,0
24,34,2,3,0,0,4001,0,0
24,34,2,3,0,0,4001,1,0
24,34,2,3,0,1,4000,0,0
24,34,2,3,0,1,4000,1,0
24,34,2,3,0,1,4001,0,1
24,34,2,3,0,1,4001,1,1
24,34,2,3,0,2,4000,0,0
24,34,2,3,0,2,4000,1,0
24,34,2,3,0,2,4001,0,0
24,34,2,3,0,2,4001,1,0
24,34,2,3,1,0,4000,0,0
24,34,2,3,1,0,4000,1,1
24,34,2,3,1,0,4001,0,0
24,34,2,3,1,0,4001,1,0
24,34,2,3,1,1,4000,0,0
24,34,2,3,1,1,4000,1,0
24,34,2,3,1,1,4001,0,0
24,34,2,3,1,1,4001,1,1
24,34,2,3,1,2,4000,0,0
24,34,2,3,1,2,4000,1,0
24,34,2,3,1,2,4001,0,0
24,34,2,3,1,2,4001,1,0
24,34,2,3,2,0,4000,0,0
24,34,2,3,2,0,4000,1,0
24,34,2,3,2,0,4001,0,0
24,34,2,3,2,0,4001,1,0
24,34,2,3,2,1,4000,0,0
24,34,2,3,2,1,4000,1,0
24,34,2,3,2,1,4001,0,0
24,34,2,3,2,1,4001,1,0
24,34,2,3,2,2,4000,0,0
24,34,2,3,2,2,4000,1,0
24,34,2,3,2,2,4001,0,0
24,34,2,3,2,2,4001,1,0
24,34,3,0,0,0,4000,0,0
24,34,3,0,0,0,4000,1,0
24,34,3,0,0,0,4001,0,0
24,34,3,0,0,0,4001,1,0
24,34,3,0,0,1,4000,0,0
24,34,3,0,0,1,4000,1,0
24,34,3,0,0,1,4001,0,0
24,34,3,0,0,1,4001,1,0
24,34,3,0,0,2,4000,0,0
24,34,3,0,0,2,4000,1,0
24,34,3,0,0,2,4001,0,0
24,34,3,0,0,2,4001,1,0
24,34,3,0,1,0,4000,0,0
24,34,3,0,1,0,4000,1,0
24,34,3,0,1,0,4001,0,0
24,34,3,0,1,0,4001,1,0
24,34,3,0,1,1,4000,0,0
24,34,3,0,1,1,4000,1,0
24,34,3,0,1,1,4001,0,1
24,34,3,0,1,1,4001,1,0
24,34,3,0,1,2,4000,0,0
24,34,3,0,1,2,4000,1,0
24,34,3,0,1,2,4001,0,0
24,34,3,0,1,2,4001,1,0
24,34,3,0,2,0,4000,0,0
24,34,3,0,2,0,4000,1,0
24,34,3,0,2,0,4001,0,0
24,34,3,0,2,0,4001,1,0
24,34,3,0,2,1,4000,0,0
24,34,3,0,2,1,4000,1,0
24,34,3,0,2,1,4001,0,1
24,34,3,0,2,1,4001,1,0
24,34,3,0,2,2,4000,0,0
24,34,3,0,2,2,4000,1,0
24,34,3,0,2,2,4001,0,0
24,34,3,0,2,2,4001,1,0
24,34,3,1,0,0,4000,0,0
24,34,3,1,0,0,4000,1,0
24,34,3,1,0,0,4001,0,0
24,34,3,1,0,0,4001,1,0
24,34,3,1,0,1,4000,0,0
24,34,3,1,0,1,4000,1,0
24,34,3,1,0,1,4001,0,0
24,34,3,1,0,1,4001,1,0
24,34,3,1,0,2,4000,0,0
24,34,3,1,0,2,4000,1,0
24,34,3,1,0,2,4001,0,0
24,34,3,1,0,2,4001,1,0
24,34,3,1,1,0,4000,0,0
24,34,3,1,1,0,4000,1,1
24,34,3,1,1,0,4001,0,0
24,34,3,1,1,0,4001,1,0
24,34,3,1,1,1,4000,0,0
24,34,3,1,1,1,4000,1,0
24,34,3,1,1,1,4001,0,0
24,34,3,1,1,1,4001,1,0
24,34,3,1,1,2,4000,0,0
24,34,3,1,1,2,4000,1,0
24,34,3,1,1,2,4001,0,0.5
24,34,3,1,1,2,4001,1,0
24,34,3,1,2,0,4000,0,0
24,34,3,1,2,0,4000,1,0
24,34,3,1,2,0,4001,0,0
24,34,3,1,2,0,4001,1,0
24,34,3,1,2,1,4000,0,0
24,34,3,1,2,1,4000,1,0
24,34,3,1,2,1,4001,0,1
24,34,3,1,2,1,4001,1,1
24,34,3,1,2,2,4000,0,1
24,34,3,1,2,2,4000,1,1
24,34,3,1,2,2,4001,0,0
24,34,3,1,2,2,4001,1,0
24,34,3,2,0,0,4000,0,0
24,34,3,2,0,0,4000,1,0
24,34,3,2,0,0,4001,0,0
24,34,3,2,0,0,4001,1,0
24,34,3,2,0,1,4000,0,0
24,34,3,2,0,1,4000,1,0
24,34,3,2,0,1,4001,0,0
24,34,3,2,0,1,4001,1,0
24,34,3,2,0,2,4000,0,0
24,34,3,2,0,2,4000,1,0
24,34,3,2,0,2,4001,0,0
24,34,3,2,0,2,4001,1,0
24,34,3,2,1,0,4000,0,1
24,34,3,2,1,0,4000,1,1
24,34,3,2,1,0,4001,0,0
24,34,3,2,1,0,4001,1,0
24,34,3,2,1,1,4000,0,0
24,34,3,2,1,1,4000,1,0
24,34,3,2,1,1,4001,0,0
24,34,3,2,1,1,4001,1,0
24,34,3,2,1,2,4000,0,0
24,34,3,2,1,2,4000,1,0
24,34,3,2,1,2,4001,0,0
24,34,3,2,1,2,4001,1,0
24,34,3,2,2,0,4000,0,0
24,34,3,2,2,0,4000,1,1
24,34,3,2,2,0,4001,0,0
24,34,3,2,2,0,4001,1,0
24,34,3,2,2,1,4000,0,0
24,34,3,2,2,1,4000,1,0
24,34,3,2,2,1,4001,0,0
24,34,3,2,2,1,4001,1,0
24,34,3,2,2,2,4000,0,0
24,34,3,2,2,2,4000,1,1
24,34,3,2,2,2,4001,0,0
24,34,3,2,2,2,4001,1,1
24,34,3,3,0,0,4000,0,0
24,34,3,3,0,0,4000,1,0
24,34,3,3,0,0,4001,0,0
24,34,3,3,0,0,4001,1,0
24,34,3,3,0,1,4000,0,0
24,34,3,3,0,1,4000,1,0
24,34,3,3,0,1,4001,0,0
24,34,3,3,0,1,4001,1,0
24,34,3,3,0,2,4000,0,0
24,34,3,3,0,2,4000,1,0
24,34,3,3,0,2,4001,0,0
24,34,3,3,0,2,4001,1,0
24,34,3,3,1,0,4000,0,0
24,34,3,3,1,0,4000,1,0
24,34,3,3,1,0,4001,0,0
24,34,3,3,1,0,4001,1,0
24,34,3,3,1,1,4000,0,0
24,34,3,3,1,1,4000,1,0
24,34,3,3,1,1,4001,0,0
24,34,3,3,1,1,4001,1,0
24,34,3,3,1,2,4000,0,0
24,34,3,3,1,2,4000,1,0
24,34,3,3,1,2,4001,0,0
24,34,3,3,1,2,4001,1,0
24,34,3,3,2,0,4000,0,0
24,34,3,3,2,0,4000,1,0
24,34,3,3,2,0,4001,0,0
24,34,3,3,2,0,4001,1,0
24,34,3,3,2,1,4000,0,0
24,34,3,3,2,1,4000,1,0
24,34,3,3,2,1,4001,0,0
24,34,3,3,2,1,4001,1,0
24,34,3,3,2,2,4000,0,0
24,34,3,3,2,2,4000,1,0
24,34,3,3,2,2,4001,0,0
24,34,3,3,2,2,4001,1,0
