case,species,opponent,arena,weather,seed,seat,style,score,ticks,reason,own_hp,enemy_hp,casts,energy_spent,overflow,personality,decisions,distance,objective_distance,mean_energy,stationary_fraction,retreat_fraction,low_hp_decisions,low_hp_retreats,casts_1,casts_2,casts_3,casts_4,casts_5,damage,damage_taken,healed,shielded,control,model_checksum,opponent_checksum
0,0,17,0,0,2100000000,0,0,0,1615,1,0,18,30,5510,0,STEADY,539,3.34744,5.14789,0.247542,0.103896,0.673469,35,7,3,12,1,1,13,124,113,0,0,5,0,0
0,0,17,0,0,2100000000,1,0,1,1475,1,36,0,27,4870,0,STEADY,492,3.16722,7.84339,0.259126,0.176829,0.668699,171,117,2,16,1,1,7,124,77,0,0,14,0,0
1,1,18,1,0,2100000001,0,1,1,1741,1,38,0,33,5770,0,STEADY,581,3.98401,4.92078,0.256962,0.375215,0.142857,208,47,4,17,0,3,9,129,98,0,44,142,0,0
1,1,18,1,0,2100000001,1,1,1,863,1,44,0,18,3030,0,STEADY,288,4.0015,2.47531,0.256146,0.597222,0.114583,0,0,3,11,0,1,3,129,92,0,78,156,0,0
2,2,19,2,0,2100000002,0,2,0,269,1,0,30,6,1230,0,STEADY,90,8.17992,5.5072,0.410444,0.544444,0.0111111,23,0,3,3,0,0,0,102,94,0,0,0,0,0
2,2,19,2,0,2100000002,1,2,0,269,1,0,30,6,1230,0,STEADY,90,8.17992,5.5072,0.410444,0.544444,0.0111111,23,0,3,3,0,0,0,102,94,0,0,0,0,0
3,3,20,3,0,2100000003,0,3,0,659,1,0,80,12,2190,0,STEADY,220,5.90786,3.56443,0.329386,0.186364,0.431818,109,61,7,0,0,1,4,22,106,0,15,91,0,0
3,3,20,3,0,2100000003,1,3,0,659,1,0,80,12,2190,0,STEADY,220,5.90786,3.56443,0.329386,0.186364,0.431818,109,61,7,0,0,1,4,22,106,0,15,91,0,0
4,4,21,4,0,2100000004,0,0,1,2700,3,38,41,50,9670,0,STEADY,900,4.05647,4.22224,0.287978,0.296667,0.454444,107,32,0,18,3,6,23,83,150,65,0,169,0,0
4,4,21,4,0,2100000004,1,0,1,2700,3,59,45,51,9440,0,STEADY,900,3.85537,3.53936,0.307862,0.291111,0.471111,0,0,0,30,2,2,17,79,90,26,0,209,0,0
5,5,22,5,0,2100000005,0,1,1,1885,1,64,0,28,4760,0,STEADY,629,4.18674,4.59638,0.479777,0.213037,0.446741,0,0,12,2,1,6,7,175,77,0,19,0,0,0
5,5,22,5,0,2100000005,1,1,1,1981,1,64,0,30,5000,0,STEADY,661,4.08346,4.41328,0.475809,0.213313,0.459909,0,0,14,2,1,6,7,175,77,0,12,37,0,0
6,6,23,0,0,2100000006,0,2,1,2056,1,45,0,37,6800,0,STEADY,686,3.66961,6.43955,0.200685,0.412536,0.469388,141,13,25,0,1,4,7,119,86,0,0,52,0,0
6,6,23,0,0,2100000006,1,2,1,1939,1,23,0,34,6580,0,STEADY,647,3.75917,3.90989,0.180495,0.326121,0.465224,334,184,13,0,1,5,15,123,108,0,0,101,0,0
7,7,24,1,0,2100000007,0,3,1,2335,1,70,0,49,6870,0,STEADY,779,2.41553,1.87401,0.0894929,0.0590501,0.277279,0,0,35,10,2,1,1,125,30,0,0,31,0,0
7,7,24,1,0,2100000007,1,3,1,1036,1,32,0,23,3450,0,STEADY,346,2.69773,2.13573,0.147384,0.0809249,0.404624,224,81,13,8,1,1,0,125,68,0,0,70,0,0
8,8,25,2,0,2100000008,0,0,1,1785,1,51,0,31,5820,0,STEADY,595,3.65982,5.12854,0.210983,0.154622,0.660504,0,0,7,8,3,1,12,104,65,0,0,131,0,0
8,8,25,2,0,2100000008,1,0,0,663,1,0,20,13,2340,0,STEADY,221,4.2229,5.33528,0.378484,0.235294,0.488688,56,40,11,0,0,1,1,84,116,0,0,84,0,0
9,9,26,3,0,2100000009,0,1,0,2123,1,0,108,34,6910,0,STEADY,708,3.40358,2.33757,0.194647,0.29661,0.29096,340,70,3,1,1,0,29,0,155,6,0,38,0,0
9,9,26,3,0,2100000009,1,1,0,2123,1,0,108,34,6910,0,STEADY,708,3.40358,2.33757,0.194647,0.29661,0.29096,340,70,3,1,1,0,29,0,155,6,0,38,0,0
10,10,27,4,0,2100000010,0,2,1,804,1,73,0,16,2990,0,STEADY,268,5.62413,3.1613,0.296474,0.179104,0.496269,0,0,7,7,1,0,1,145,51,0,0,293,0,0
10,10,27,4,0,2100000010,1,2,1,804,1,73,0,16,2990,0,STEADY,268,5.62413,3.1613,0.296474,0.179104,0.496269,0,0,7,7,1,0,1,145,51,0,0,293,0,0
11,11,28,5,0,2100000011,0,3,0,937,1,0,54,11,2400,0,STEADY,313,5.93299,3.2985,0.677045,0.242812,0.28754,57,15,1,6,1,3,0,53,146,29,15,174,0,0
11,11,28,5,0,2100000011,1,3,0,1308,2,25,57,13,2800,0,STEADY,436,6.14278,3.65569,0.803108,0.172018,0.380734,76,35,0,5,0,5,3,54,145,53,25,0,0,0
12,12,29,0,0,2100000012,0,0,1,1318,1,70,0,24,4560,0,STEADY,440,3.12918,5.55739,0.221239,0.177273,0.288636,0,0,4,1,9,2,8,102,41,0,0,110,0,0
12,12,29,0,0,2100000012,1,0,1,1826,1,43,0,32,6380,0,STEADY,609,3.46223,4.27376,0.286437,0.190476,0.275862,18,1,5,3,13,6,5,102,68,0,0,137,0,0
13,13,30,1,0,2100000013,0,1,0,241,1,0,12,7,1400,0,STEADY,81,7.93525,5.53618,0.466975,0.530864,0,25,0,3,1,3,0,0,110,104,0,0,0,0,0
13,13,30,1,0,2100000013,1,1,0,241,1,0,9,7,1330,0,STEADY,81,7.76049,5.54502,0.466728,0.54321,0,25,0,3,2,2,0,0,110,104,0,0,0,0,0
14,14,31,2,0,2100000014,0,2,0,1810,1,0,103,32,5960,0,STEADY,604,2.81707,5.68214,0.260232,0.0397351,0.195364,214,66,1,7,5,4,15,38,113,0,32,31,0,0
14,14,31,2,0,2100000014,1,2,0,1756,1,0,125,31,5760,0,STEADY,586,2.82029,5.77848,0.259471,0.0392491,0.191126,196,60,1,7,5,4,14,16,113,0,32,31,0,0
15,15,32,3,0,2100000015,0,3,0,2700,3,106,112,1,200,0,STEADY,900,10.7861,5.57594,0.996917,0.0344444,0.487778,0,0,0,0,0,1,0,0,12,0,0,0,0,0
15,15,32,3,0,2100000015,1,3,0,2700,3,106,112,1,200,0,STEADY,900,10.7861,5.57594,0.996917,0.0344444,0.487778,0,0,0,0,0,1,0,0,12,0,0,0,0,0
16,16,33,4,0,2100000016,0,0,1,1368,1,40,0,22,4860,0,STEADY,456,4.22759,6.00689,0.311349,0.171053,0.697368,5,5,6,6,0,2,8,152,75,0,0,230,0,0
16,16,33,4,0,2100000016,1,0,1,1242,1,54,0,20,4500,0,STEADY,414,4.30149,6.28076,0.335592,0.263285,0.591787,0,0,6,6,1,2,5,152,61,0,0,225,0,0
17,17,34,5,0,2100000017,0,1,0.5,2700,3,120,140,0,0,0,STEADY,900,9.81294,4.87577,1,0,0.68,0,0,0,0,0,0,0,0,0,0,0,0,0,0
17,17,34,5,0,2100000017,1,1,0.5,2700,3,120,140,0,0,0,STEADY,900,9.81294,4.87577,1,0,0.68,0,0,0,0,0,0,0,0,0,0,0,0,0,0
18,18,35,0,0,2100000018,0,2,1,1355,1,87,0,23,4520,0,STEADY,452,4.62233,5.23678,0.238653,0.181416,0.329646,0,0,9,11,0,0,3,110,42,0,0,173,0,0
18,18,35,0,0,2100000018,1,2,1,1523,1,59,0,25,4610,0,STEADY,508,4.71432,7.94564,0.221496,0.124016,0.295276,0,0,12,9,0,0,4,119,70,0,0,72,0,0
19,19,36,1,0,2100000019,0,3,1,722,1,7,0,15,2740,0,STEADY,241,4.85653,3.88291,0.307116,0.551867,0.165975,49,0,10,1,0,0,4,93,125,0,0,0,0,0
19,19,36,1,0,2100000019,1,3,0,879,1,0,33,17,3070,0,STEADY,293,4.78808,3.5333,0.2893,0.604096,0.156997,60,0,11,0,0,0,6,60,132,0,0,0,0,0
20,20,37,2,0,2100000020,0,0,0,2063,1,0,28,36,6760,0,STEADY,688,4.2592,2.83948,0.21149,0.329942,0.508721,52,8,19,1,0,1,15,122,102,0,0,166,0,0
20,20,37,2,0,2100000020,1,0,1,2011,1,17,0,35,6620,0,STEADY,671,4.25031,4.53033,0.214441,0.271237,0.566319,30,0,17,1,0,1,16,150,85,0,0,4,0,0
21,21,38,3,0,2100000021,0,1,0,1366,1,0,44,22,4010,0,STEADY,456,4.96834,3.36213,0.36023,0.0307018,0.491228,77,31,13,0,0,0,9,60,124,0,0,259,0,0
21,21,38,3,0,2100000021,1,1,0,1366,1,0,44,22,4010,0,STEADY,456,4.96834,3.36213,0.36023,0.0307018,0.491228,77,31,13,0,0,0,9,60,124,0,0,259,0,0
22,22,39,4,0,2100000022,0,2,1,2700,3,142,88,38,9330,0,STEADY,900,3.68958,1.82568,0.193446,0.33,0.326667,0,0,1,19,11,0,7,26,33,0,104,364,0,0
22,22,39,4,0,2100000022,1,2,1,2700,3,109,88,37,8990,0,STEADY,900,3.6264,1.81911,0.177489,0.318889,0.344444,0,0,1,17,10,1,8,26,66,0,58,346,0,0
23,23,0,5,0,2100000023,0,3,1,2128,2,29,84,33,5810,0,STEADY,710,4.43346,2.76075,0.484317,0.176056,0.414085,142,62,2,23,1,1,6,29,81,5,0,600,0,0
23,23,0,5,0,2100000023,1,3,1,2660,2,36,41,41,7320,0,STEADY,887,4.65631,2.62782,0.410355,0.131905,0.440812,619,285,3,22,0,1,15,72,81,12,0,600,0,0
24,24,1,0,0,2100000024,0,0,0,658,1,0,54,14,2280,0,STEADY,220,3.40476,2.59895,0.345182,0.381818,0.304545,48,19,8,3,0,1,2,94,125,0,15,0,0,0
24,24,1,0,0,2100000024,1,0,0,1090,1,0,52,20,3920,0,STEADY,364,3.1424,2.36945,0.258723,0.365385,0.285714,47,18,4,6,0,4,6,96,125,0,36,0,0,0
25,25,2,1,0,2100000025,0,1,0,600,1,0,26,12,2350,0,STEADY,200,4.55814,2.91931,0.319275,0.21,0.165,45,6,0,3,3,2,4,68,104,0,59,118,0,0
25,25,2,1,0,2100000025,1,1,0,359,1,0,26,8,1500,0,STEADY,120,5.84818,2.30015,0.515708,0.241667,0.266667,63,28,0,4,2,1,1,68,104,0,48,131,0,0
26,26,3,2,0,2100000026,0,2,1,1560,1,9,0,29,5190,0,STEADY,520,3.78483,3.55257,0.177788,0.182692,0.640385,359,243,1,19,1,0,8,103,99,0,0,158,0,0
26,26,3,2,0,2100000026,1,2,1,1109,1,45,0,21,3890,0,STEADY,370,3.90378,3.90244,0.22,0.12973,0.640541,0,0,1,9,1,0,10,103,63,0,0,61,0,0
27,27,4,3,0,2100000027,0,3,0,1246,1,0,28,21,4010,0,STEADY,416,5.15831,3.52321,0.295264,0.370192,0.221154,71,0,10,1,1,0,9,108,145,0,0,53,0,0
27,27,4,3,0,2100000027,1,3,0,1246,1,0,28,21,4010,0,STEADY,416,5.15831,3.52321,0.295264,0.370192,0.221154,71,0,10,1,1,0,9,108,145,0,0,53,0,0
28,28,5,4,0,2100000028,0,0,1,982,1,63,0,17,3650,0,STEADY,328,5.02136,2.64011,0.298796,0.518293,0.307927,0,0,8,7,2,0,0,141,48,0,0,315,0,0
28,28,5,4,0,2100000028,1,0,1,1196,1,61,0,20,4330,0,STEADY,399,5.1725,2.40255,0.271115,0.471178,0.320802,0,0,10,7,2,0,1,141,50,0,0,552,0,0
29,29,6,5,0,2100000029,0,1,0,2323,2,3,73,35,7080,0,STEADY,775,3.87766,4.36562,0.337471,0.0929032,0.301935,84,21,1,13,4,0,17,58,99,0,66,20,0,0
29,29,6,5,0,2100000029,1,1,0,2700,3,44,42,42,8360,0,STEADY,900,3.46494,4.84044,0.37735,0.133333,0.318889,0,0,4,14,7,0,17,89,58,0,127,30,0,0
30,30,7,0,0,2100000030,0,2,0,917,1,0,29,18,2940,0,STEADY,306,3.83662,7.32852,0.262788,0.101307,0.781046,86,84,9,3,0,2,4,71,125,0,20,6,0,0
30,30,7,0,0,2100000030,1,2,1,979,1,43,0,19,3130,0,STEADY,327,3.65991,6.58403,0.250061,0.11315,0.697248,28,14,10,3,1,1,4,100,82,0,0,46,0,0
31,31,8,1,0,2100000031,0,3,0,509,1,0,7,11,1950,0,STEADY,170,4.73835,2.9532,0.429176,0.376471,0.235294,39,7,1,8,1,0,1,109,141,9,0,16,0,0
31,31,8,1,0,2100000031,1,3,0,521,1,0,11,11,2000,0,STEADY,174,5.00998,2.74843,0.417644,0.333333,0.321839,38,21,0,9,1,0,1,105,141,9,0,42,0,0
32,32,9,2,0,2100000032,0,0,1,2700,3,13,102,42,9170,0,STEADY,900,3.59484,3.18943,0.175856,0.495556,0.486667,75,17,8,0,23,1,10,69,108,0,0,94,0,0
32,32,9,2,0,2100000032,1,0,1,2700,3,67,102,42,9260,0,STEADY,900,3.71599,4.44942,0.144761,0.425556,0.478889,0,0,1,0,20,1,20,69,54,0,0,68,0,0
33,33,10,3,0,2100000033,0,1,0,1638,1,0,105,29,5100,0,STEADY,546,4.21989,4.99353,0.229899,0.0622711,0.291209,255,70,22,1,1,0,5,19,152,0,0,150,0,0
33,33,10,3,0,2100000033,1,1,0,1638,1,0,105,29,5100,0,STEADY,546,4.21989,4.99353,0.229899,0.0622711,0.291209,255,70,22,1,1,0,5,19,152,0,0,150,0,0
34,34,11,4,0,2100000034,0,2,1,2034,2,50,86,36,6350,0,STEADY,678,4.15014,1.61607,0.334668,0.463127,0.253687,523,144,0,33,2,0,1,127,90,0,0,600,0,0
34,34,11,4,0,2100000034,1,2,0,1021,1,0,33,21,3500,0,STEADY,341,4.41136,3.4053,0.343988,0.398827,0.164223,47,8,4,15,1,0,1,120,140,0,0,84,0,0
35,35,12,5,0,2100000035,0,3,0,1142,1,0,81,18,3130,0,STEADY,381,5.06623,4.12419,0.476115,0.0367454,0.480315,149,63,5,4,0,2,7,30,119,18,10,56,0,0
35,35,12,5,0,2100000035,1,3,0,1156,1,0,51,19,3080,0,STEADY,386,4.74146,3.86241,0.508161,0.0259067,0.484456,30,13,8,6,0,1,4,60,101,0,0,87,0,0
36,36,13,0,0,2100000036,0,0,0,475,1,0,68,10,1860,0,STEADY,159,6.08143,5.24332,0.359497,0.27044,0.0943396,28,0,1,6,0,1,2,36,93,0,13,56,0,0
36,36,13,0,0,2100000036,1,0,0,469,1,0,74,10,1890,0,STEADY,157,6.0745,5.21757,0.351879,0.267516,0.0955414,28,0,1,5,0,1,3,30,93,0,13,59,0,0
37,37,14,1,0,2100000037,0,1,1,2700,3,45,79,45,8790,0,STEADY,900,2.5787,3.70026,0.264067,0.0866667,0.717778,46,29,11,0,3,0,31,34,105,0,0,36,0,0
37,37,14,1,0,2100000037,1,1,1,2700,3,29,62,44,8660,0,STEADY,900,2.56477,4.50795,0.18295,0.0777778,0.742222,65,39,10,0,4,0,30,51,121,0,0,34,0,0
38,38,15,2,0,2100000038,0,2,1,1316,1,44,0,24,4470,0,STEADY,439,3.95072,3.46611,0.226697,0.382688,0.52164,0,0,10,4,0,1,9,118,60,0,0,277,0,0
38,38,15,2,0,2100000038,1,2,1,1147,1,56,0,21,3960,0,STEADY,383,4.07139,5.50619,0.232794,0.347258,0.550914,0,0,8,3,0,1,9,118,48,0,0,118,0,0
39,39,16,3,0,2100000039,0,3,1,1880,1,80,0,29,5960,0,STEADY,627,4.04138,2.87254,0.399282,0.395534,0.221691,0,0,1,11,0,6,11,115,34,0,78,0,0,0
39,39,16,3,0,2100000039,1,3,1,1880,1,80,0,29,5960,0,STEADY,627,4.04138,2.87254,0.399282,0.395534,0.221691,0,0,1,11,0,6,11,115,34,0,78,0,0,0
40,0,24,5,0,2100000040,0,1,1,1752,2,54,15,25,5130,0,STEADY,584,5.29474,2.55502,0.57167,0.184932,0.443493,0,0,3,9,2,8,3,110,59,0,0,600,0,0
40,0,24,5,0,2100000040,1,1,1,1334,1,50,0,20,3750,0,STEADY,445,4.98221,3.60778,0.57418,0.193258,0.516854,0,0,3,11,1,4,1,125,63,0,0,84,0,0
41,1,25,0,0,2100000041,0,2,1,829,1,68,0,18,3010,0,STEADY,277,3.39004,2.11571,0.261354,0.33935,0.173285,0,0,6,6,1,1,4,104,72,4,56,105,0,0
41,1,25,0,0,2100000041,1,2,1,847,1,43,0,18,3040,0,STEADY,283,3.42982,2.79543,0.296767,0.431095,0.123675,26,4,6,5,1,1,5,104,97,4,58,145,0,0
42,2,26,1,0,2100000042,0,3,1,429,1,10,0,9,1740,0,STEADY,143,5.18202,4.77396,0.449755,0.566434,0.0839161,64,2,3,6,0,0,0,108,84,0,0,0,0,0
42,2,26,1,0,2100000042,1,3,1,436,1,38,0,9,1770,0,STEADY,146,5.35164,4.88691,0.518904,0.547945,0.130137,0,0,3,5,0,0,1,108,56,0,0,0,0,0
43,3,27,2,0,2100000043,0,0,0,1226,1,0,78,23,4350,0,STEADY,409,4.0543,6.2063,0.160428,0.212714,0.0733496,141,2,15,5,0,1,2,67,106,0,0,65,0,0
43,3,27,2,0,2100000043,1,0,0,1575,1,0,21,29,5400,0,STEADY,525,3.91046,4.39842,0.137105,0.209524,0.118095,161,18,20,5,0,1,3,124,106,0,0,137,0,0
44,4,28,3,0,2100000044,0,1,0,1648,1,0,19,16,3600,0,STEADY,550,7.74787,2.97915,0.902513,0.270909,0.410909,209,96,0,3,7,6,0,92,201,78,0,274,0,0
44,4,28,3,0,2100000044,1,1,0,1110,1,0,14,14,2930,0,STEADY,370,7.73273,3.06444,0.87227,0.275676,0.381081,60,19,0,5,4,4,1,97,175,52,0,183,0,0
45,5,29,4,0,2100000045,0,2,1,2188,1,45,0,37,6840,0,STEADY,730,3.54703,3.14522,0.351527,0.291781,0.267123,14,5,11,5,3,6,12,102,96,0,0,163,0,0
45,5,29,4,0,2100000045,1,2,0,1016,2,96,92,17,3400,0,STEADY,339,4.60185,3.69056,0.391991,0.20354,0.418879,0,0,2,2,2,3,8,10,45,0,0,9,0,0
46,6,30,5,0,2100000046,0,3,0,2700,3,31,60,42,8250,0,STEADY,900,4.78372,2.95937,0.337694,0.00666667,0.563333,672,391,14,1,3,1,23,65,100,0,0,164,0,0
46,6,30,5,0,2100000046,1,3,0,2700,3,18,56,42,7940,0,STEADY,900,4.75084,2.69864,0.334272,0.00888889,0.585556,431,255,23,0,3,1,15,66,113,0,0,209,0,0
47,7,31,0,0,2100000047,0,0,0,607,1,0,51,14,2280,0,STEADY,203,3.16574,1.58993,0.194015,0.123153,0.320197,89,31,7,3,1,1,2,90,100,0,0,63,0,0
47,7,31,0,0,2100000047,1,0,0,607,1,0,71,14,2280,0,STEADY,203,3.185,1.66849,0.194015,0.123153,0.251232,25,4,7,3,1,1,2,70,100,0,0,63,0,0
48,8,32,1,0,2100000048,0,1,0,695,1,0,100,13,2500,0,STEADY,232,5.32336,4.61847,0.383513,0.224138,0.142241,164,18,8,0,0,2,3,21,116,0,0,71,0,0
48,8,32,1,0,2100000048,1,1,0,1259,1,0,46,22,4240,0,STEADY,420,4.79602,5.46616,0.264298,0.147619,0.219048,352,77,10,0,0,2,10,75,116,0,0,100,0,0
49,9,33,2,0,2100000049,0,2,1,2700,3,29,83,46,8630,0,STEADY,900,3.23207,3.92026,0.16815,0.0966667,0.564444,177,76,2,9,1,0,34,69,138,18,0,41,0,0
49,9,33,2,0,2100000049,1,2,1,2700,3,53,115,44,8760,0,STEADY,900,3.30475,3.10351,0.164689,0.14,0.567778,11,0,3,3,0,2,36,37,98,2,0,94,0,0
50,10,34,3,0,2100000050,0,3,1,576,1,80,0,10,1920,0,STEADY,192,7.33181,2.86762,0.642708,0.125,0.447917,0,0,4,3,1,0,2,140,44,0,0,133,0,0
50,10,34,3,0,2100000050,1,3,1,576,1,80,0,10,1920,0,STEADY,192,7.33181,2.86762,0.642708,0.125,0.447917,0,0,4,3,1,0,2,140,44,0,0,133,0,0
51,11,35,4,0,2100000051,0,0,0,2700,3,49,14,44,8800,0,STEADY,900,3.76356,4.77173,0.183244,0.172222,0.275556,0,0,4,7,1,9,23,114,176,108,38,58,0,0
51,11,35,4,0,2100000051,1,0,0,2700,3,49,14,44,8800,0,STEADY,900,3.76356,4.77173,0.183244,0.172222,0.275556,0,0,4,7,1,9,23,114,176,108,38,58,0,0
52,12,36,5,0,2100000052,0,1,0,1085,1,0,34,18,3750,0,STEADY,362,4.58643,5.13823,0.414254,0.237569,0.325967,67,19,1,3,8,1,5,59,111,0,0,51,0,0
52,12,36,5,0,2100000052,1,1,1,590,1,65,0,10,2140,0,STEADY,197,5.58957,3.45105,0.664898,0.253807,0.431472,0,0,1,2,4,2,1,93,46,0,0,0,0,0
53,13,37,0,0,2100000053,0,2,0,884,1,0,74,16,3320,0,STEADY,295,5.17325,4.6702,0.216763,0.305085,0.555932,50,31,3,1,6,0,6,76,104,0,0,135,0,0
53,13,37,0,0,2100000053,1,2,0,773,1,0,26,15,3050,0,STEADY,258,5.17927,6.85521,0.215388,0.24031,0.48062,72,43,4,1,5,0,5,124,104,0,0,124,0,0
54,14,38,1,0,2100000054,0,3,1,1479,1,1,0,30,4560,0,STEADY,493,2.51031,1.76465,0.288377,0.0243408,0.283976,108,41,3,16,2,6,3,104,112,0,34,0,0,0
54,14,38,1,0,2100000054,1,3,0,464,1,0,77,10,1840,0,STEADY,155,3.14968,2.44273,0.354839,0.0516129,0.374194,48,22,1,2,2,1,4,27,113,0,0,0,0,0
55,15,39,2,0,2100000055,0,0,1,1953,1,59,0,37,6270,0,STEADY,651,2.99893,1.779,0.279124,0.308756,0.268817,0,0,6,24,1,2,4,114,86,27,10,169,0,0
55,15,39,2,0,2100000055,1,0,1,2403,1,21,0,44,7640,0,STEADY,801,2.99121,2.02033,0.279532,0.32834,0.254682,68,22,6,25,1,3,9,114,97,0,33,315,0,0
56,16,0,3,0,2100000056,0,1,1,1517,1,39,0,23,5060,0,STEADY,506,4.8874,6.41068,0.320405,0.252964,0.567194,314,218,6,6,0,2,9,109,76,0,0,244,0,0
56,16,0,3,0,2100000056,1,1,0,1348,1,0,43,20,4540,0,STEADY,450,5.31004,5.58788,0.3572,0.295556,0.553333,160,120,6,7,1,2,4,70,115,0,0,165,0,0
57,17,1,4,0,2100000057,0,2,0,616,1,0,41,12,2120,0,STEADY,206,3.38443,4.24568,0.416117,0.281553,0.271845,26,11,4,3,0,4,1,107,110,24,0,57,0,0
57,17,1,4,0,2100000057,1,2,0,616,1,0,41,12,2120,0,STEADY,206,3.38443,4.24568,0.416117,0.281553,0.271845,26,11,4,3,0,4,1,107,110,24,0,57,0,0
58,18,2,5,0,2100000058,0,3,1,656,1,40,0,8,1590,0,STEADY,219,7.34647,3.83773,0.786032,0.178082,0.410959,12,2,3,4,0,1,0,94,89,0,18,0,0,0
58,18,2,5,0,2100000058,1,3,1,656,1,40,0,8,1590,0,STEADY,219,7.34647,3.83773,0.786032,0.178082,0.410959,12,2,3,4,0,1,0,94,89,0,18,0,0,0
59,19,3,0,0,2100000059,0,0,1,2699,1,11,0,46,8920,0,STEADY,900,3.7071,4.19786,0.206439,0.213333,0.495556,228,68,14,0,2,2,28,91,121,0,0,160,0,0
59,19,3,0,0,2100000059,1,0,1,1804,1,52,0,32,6110,0,STEADY,602,4.10655,4.6539,0.179925,0.147841,0.689369,4,0,11,1,0,3,17,97,80,0,31,181,0,0
60,20,4,1,0,2100000060,0,1,0,1560,1,0,36,27,5240,0,STEADY,520,4.78047,7.82651,0.228202,0.248077,0.498077,67,16,12,1,1,2,11,111,102,0,4,75,0,0
60,20,4,1,0,2100000060,1,1,1,1219,1,98,0,23,4290,0,STEADY,407,4.94256,4.50714,0.268354,0.275184,0.46683,0,0,17,1,1,1,3,147,4,0,0,97,0,0
61,21,5,2,0,2100000061,0,2,1,2700,3,82,23,49,8170,0,STEADY,900,3.28315,2.69436,0.299278,0.346667,0.461111,0,0,37,7,0,2,3,118,42,0,0,218,0,0
61,21,5,2,0,2100000061,1,2,1,2476,1,82,0,46,7700,0,STEADY,826,3.30869,2.91361,0.303063,0.284504,0.514528,0,0,36,6,0,3,1,141,42,0,0,153,0,0
62,22,6,3,0,2100000062,0,3,0,1580,1,0,53,20,4740,0,STEADY,527,3.84622,2.70491,0.285393,0.544592,0.187856,104,6,1,8,4,0,7,78,175,0,47,0,0,0
62,22,6,3,0,2100000062,1,3,0,1580,1,0,53,20,4740,0,STEADY,527,3.84622,2.70491,0.285393,0.544592,0.187856,104,6,1,8,4,0,7,78,175,0,47,0,0,0
63,23,7,4,0,2100000063,0,0,0,1618,1,0,19,30,5310,0,STEADY,540,2.61273,5.00613,0.239167,0.105556,0.581481,31,4,5,11,1,0,13,81,116,11,0,38,0,0
63,23,7,4,0,2100000063,1,0,1,1654,1,40,0,31,5470,0,STEADY,552,2.60331,4.03796,0.239529,0.130435,0.615942,8,4,6,11,1,2,11,100,80,15,0,145,0,0
64,24,8,5,0,2100000064,0,1,0,1103,1,0,63,16,3280,0,STEADY,368,4.42151,5.22446,0.519266,0.17663,0.478261,166,91,2,4,2,4,4,53,125,0,6,12,0,0
64,24,8,5,0,2100000064,1,1,0,1647,1,0,101,25,5040,0,STEADY,549,4.10636,5.11087,0.336903,0.0619308,0.559199,214,123,1,2,1,3,18,15,125,0,24,0,0,0
65,25,9,0,0,2100000065,0,2,0,2095,1,0,57,35,6860,0,STEADY,699,3.29671,4.74225,0.175486,0.206009,0.150215,151,30,2,6,9,10,8,94,104,0,115,123,0,0
65,25,9,0,0,2100000065,1,2,0,2062,1,0,132,35,6850,0,STEADY,688,3.45164,4.26641,0.19774,0.299419,0.171512,160,21,3,5,7,12,8,35,104,0,78,103,0,0
66,26,10,1,0,2100000066,0,3,0,2700,3,25,90,47,8550,0,STEADY,900,2.95764,2.10986,0.1821,0.653333,0.114444,329,37,2,23,0,0,22,34,83,0,0,0,0,0
66,26,10,1,0,2100000066,1,3,0,2285,1,0,57,40,7310,0,STEADY,762,3.0579,2.03689,0.202664,0.656168,0.119423,135,4,0,23,0,0,17,67,108,0,0,0,0,0
67,27,11,2,0,2100000067,0,0,0,2700,3,97,73,47,8490,0,STEADY,900,3.53194,4.72345,0.2643,0.463333,0.461111,0,0,34,1,1,0,11,164,48,0,0,3,0,0
67,27,11,2,0,2100000067,1,0,0,2700,3,56,46,47,8610,0,STEADY,900,3.56078,4.38226,0.24525,0.392222,0.506667,300,44,30,1,1,0,15,167,89,0,0,3,0,0
68,28,12,3,0,2100000068,0,1,1,442,1,18,0,6,1430,0,STEADY,148,5.13179,4.67814,0.766081,0.405405,0.243243,40,6,3,1,2,0,0,111,93,0,0,0,0,0
68,28,12,3,0,2100000068,1,1,1,442,1,18,0,6,1430,0,STEADY,148,5.1318,4.67814,0.766081,0.405405,0.243243,40,6,3,1,2,0,0,111,93,0,0,0,0,0
69,29,13,4,0,2100000069,0,2,1,743,1,17,0,12,2600,0,STEADY,248,6.33149,3.30143,0.579516,0.306452,0.294355,55,12,0,5,5,0,2,104,85,0,63,195,0,0
69,29,13,4,0,2100000069,1,2,1,746,1,85,0,13,2760,0,STEADY,249,5.82934,3.52991,0.543936,0.236948,0.313253,0,0,0,5,4,0,4,104,17,0,62,195,0,0
70,30,14,5,0,2100000070,0,3,1,2700,3,70,113,40,6660,0,STEADY,900,3.56087,2.43331,0.381948,0.08,0.46,0,0,18,7,0,9,6,0,55,0,0,356,0,0
70,30,14,5,0,2100000070,1,3,0,2700,3,9,100,47,6720,0,STEADY,900,3.66857,2.47037,0.348231,0.0444444,0.447778,181,72,24,2,0,10,11,13,116,0,9,410,0,0
71,31,15,0,0,2100000071,0,0,1,2088,1,72,0,38,6850,0,STEADY,696,4.99904,3.86172,0.317751,0.28592,0.385057,0,0,7,18,5,0,8,175,90,30,0,386,0,0
71,31,15,0,0,2100000071,1,0,1,1216,1,40,0,24,4140,0,STEADY,406,5.05996,4.31031,0.265764,0.236453,0.391626,15,5,9,4,2,1,8,139,92,0,0,0,0,0
72,32,16,1,0,2100000072,0,1,1,796,1,44,0,15,3120,0,STEADY,266,5.5652,3.34391,0.200789,0.218045,0.507519,91,68,7,0,6,1,1,115,77,0,0,2,0,0
72,32,16,1,0,2100000072,1,1,0,1052,1,0,6,19,3940,0,STEADY,351,5.36204,5.26804,0.228134,0.207977,0.578348,200,155,9,0,8,1,1,109,121,0,0,0,0,0
73,33,17,2,0,2100000073,0,2,0,1646,1,0,30,31,5370,0,STEADY,549,3.0198,5.31887,0.152477,0.0400729,0.723133,425,326,25,2,2,0,2,112,152,0,0,96,0,0
73,33,17,2,0,2100000073,1,2,0,1022,1,0,70,20,3520,0,STEADY,341,3.07178,2.85834,0.203592,0.0469208,0.665689,198,140,16,2,1,0,1,70,152,0,0,108,0,0
74,34,18,3,0,2100000074,0,3,1,1217,1,36,0,19,3500,0,STEADY,406,4.18451,3.86115,0.497869,0.423645,0.226601,141,10,3,9,3,0,4,129,104,0,0,0,0,0
74,34,18,3,0,2100000074,1,3,1,1217,1,36,0,19,3500,0,STEADY,406,4.18451,3.86115,0.497869,0.423645,0.226601,141,10,3,9,3,0,4,129,104,0,0,0,0,0
75,35,19,4,0,2100000075,0,0,0,1865,1,0,28,34,5970,0,STEADY,622,4.10592,4.18481,0.230217,0.00321543,0.512862,52,28,17,4,0,1,12,104,110,9,0,112,0,0
75,35,19,4,0,2100000075,1,0,0,1868,1,0,28,34,5970,0,STEADY,623,4.11266,4.18669,0.230329,0.00321027,0.512039,53,28,17,4,0,1,12,104,110,9,0,112,0,0
76,36,20,5,0,2100000076,0,1,0,1776,2,68,96,21,4240,0,STEADY,592,6.16189,3.27143,0.641064,0.0878378,0.537162,0,0,3,4,2,9,3,6,25,0,21,476,0,0
76,36,20,5,0,2100000076,1,1,1,1802,2,68,66,26,5060,0,STEADY,601,5.99262,3.03317,0.400674,0.12812,0.490849,0,0,5,12,1,5,3,36,25,0,13,600,0,0
77,37,21,0,0,2100000077,0,2,0,2138,1,0,37,37,7240,0,STEADY,713,3.88788,4.71215,0.167707,0.16129,0.308555,37,0,8,0,2,0,27,87,150,0,0,85,0,0
77,37,21,0,0,2100000077,1,2,1,2385,1,48,0,41,7950,0,STEADY,795,3.80828,4.33624,0.184233,0.250314,0.32956,2,0,11,0,2,0,28,124,102,0,0,61,0,0
78,38,22,1,0,2100000078,0,3,1,572,1,37,0,12,2240,0,STEADY,191,4.28407,2.35748,0.399267,0.712042,0.0628272,76,0,2,7,1,1,1,175,67,0,0,0,0,0
78,38,22,1,0,2100000078,1,3,1,1116,1,63,0,21,3890,0,STEADY,372,3.38895,1.96574,0.314516,0.567204,0.120968,0,0,2,12,1,1,5,175,41,0,0,0,0,0
79,39,23,2,0,2100000079,0,0,0,2700,3,6,39,45,8960,0,STEADY,900,2.91154,1.97247,0.194489,0.488889,0.276667,589,202,2,4,0,3,36,84,108,0,29,114,0,0
79,39,23,2,0,2100000079,1,0,0,1337,1,0,73,24,4720,0,STEADY,446,3.13092,3.01392,0.19583,0.181614,0.517937,271,179,2,1,0,2,19,51,114,0,17,109,0,0
80,0,31,4,0,2100000080,0,2,1,313,1,29,0,8,1310,0,STEADY,105,4.57471,1.9168,0.550905,0.266667,0.133333,0,0,3,4,0,1,0,141,84,0,0,101,0,0
80,0,31,4,0,2100000080,1,2,1,313,1,29,0,8,1310,0,STEADY,105,4.57471,1.9168,0.550905,0.266667,0.133333,0,0,3,4,0,1,0,141,84,0,0,101,0,0
81,1,32,5,0,2100000081,0,3,0,1471,2,83,99,19,3500,0,STEADY,491,5.72569,3.21668,0.615224,0.236253,0.441955,0,0,0,10,0,7,2,22,53,0,78,317,0,0
81,1,32,5,0,2100000081,1,3,0,867,2,105,121,7,1310,0,STEADY,289,6.55954,4.84351,0.90455,0.134948,0.49481,0,0,0,3,0,4,0,0,31,0,15,0,0,0
82,2,33,0,0,2100000082,0,0,0,730,1,0,42,14,2730,0,STEADY,244,3.88379,3.09343,0.25459,0.364754,0.422131,184,83,2,5,0,0,7,110,94,0,0,74,0,0
82,2,33,0,0,2100000082,1,0,0,1038,1,0,83,19,3640,0,STEADY,346,3.67723,3.83238,0.200448,0.245665,0.514451,286,158,2,8,0,0,9,69,94,0,0,96,0,0
83,3,34,1,0,2100000083,0,1,0,330,1,0,74,9,1630,0,STEADY,110,6.28396,3.76599,0.497318,0.381818,0.245455,34,9,7,1,0,1,0,66,106,0,15,0,0,0
83,3,34,1,0,2100000083,1,1,0,384,1,0,63,9,1620,0,STEADY,128,5.21726,3.6752,0.417891,0.3125,0.335938,52,25,6,0,0,1,2,77,106,0,15,9,0,0
84,4,35,2,0,2100000084,0,2,0,2700,3,94,100,50,9670,0,STEADY,900,4.15526,4.39547,0.180842,0.165556,0.157778,0,0,0,11,0,1,38,10,42,13,0,25,0,0
84,4,35,2,0,2100000084,1,2,0,2664,1,0,40,51,9590,0,STEADY,888,3.91343,4.11671,0.195207,0.26464,0.173423,76,4,2,15,0,1,33,70,136,13,0,21,0,0
85,5,36,3,0,2100000085,0,3,0,1147,2,114,85,18,3720,0,STEADY,383,4.47031,3.79269,0.425078,0.289817,0.394256,0,0,1,2,3,6,6,8,27,0,33,3,0,0
85,5,36,3,0,2100000085,1,3,0,1147,2,114,85,18,3720,0,STEADY,383,4.47031,3.79269,0.425078,0.289817,0.394256,0,0,1,2,3,6,6,8,27,0,33,3,0,0
86,6,37,4,0,2100000086,0,0,0,1958,1,0,44,33,6450,0,STEADY,653,4.71106,3.15237,0.287389,0.218989,0.421133,149,39,14,0,3,3,13,106,131,0,0,205,0,0
86,6,37,4,0,2100000086,1,0,0,1958,1,0,44,33,6450,0,STEADY,653,4.71106,3.15237,0.287389,0.218989,0.421133,149,39,14,0,3,3,13,106,131,0,0,205,0,0
87,7,38,5,0,2100000087,0,1,0,718,1,0,84,13,2540,0,STEADY,240,4.89125,5.68604,0.340083,0.191667,0.329167,99,29,0,8,0,2,3,20,100,0,0,27,0,0
87,7,38,5,0,2100000087,1,1,0,773,1,0,84,14,2710,0,STEADY,258,4.75563,6.1469,0.318508,0.197674,0.286822,100,17,0,9,0,2,3,20,100,0,0,0,0,0
88,8,39,0,0,2100000088,0,2,1,1612,1,75,0,30,5150,0,STEADY,538,3.95925,4.56477,0.328699,0.260223,0.299257,0,0,25,0,3,2,0,114,41,0,0,155,0,0
88,8,39,0,0,2100000088,1,2,1,2700,3,67,29,48,8290,0,STEADY,900,3.78388,3.29749,0.306411,0.54,0.19,0,0,43,0,2,2,1,85,49,0,0,392,0,0
89,9,0,1,0,2100000089,0,3,0,2700,3,43,45,44,8680,0,STEADY,900,3.11629,2.58302,0.2023,0.318889,0.266667,228,37,3,4,0,2,35,64,116,10,0,46,0,0
89,9,0,1,0,2100000089,1,3,0,2700,3,51,36,45,8800,0,STEADY,900,3.07814,2.65454,0.178628,0.283333,0.264444,283,69,2,4,0,1,38,73,100,2,0,29,0,0
90,10,1,2,0,2100000090,0,0,1,1029,1,124,0,20,3580,0,STEADY,343,5.49259,8.47246,0.269067,0.0962099,0.623907,0,0,12,6,0,0,2,136,0,0,0,29,0,0
90,10,1,2,0,2100000090,1,0,1,906,1,113,0,18,3230,0,STEADY,302,5.45834,5.69374,0.268907,0.13245,0.622517,0,0,10,7,0,0,1,136,11,0,0,97,0,0
91,11,2,3,0,2100000091,0,1,0,861,1,0,40,13,2760,0,STEADY,287,5.0075,3.73286,0.426655,0.111498,0.393728,22,8,0,4,0,2,7,54,141,24,6,145,0,0
91,11,2,3,0,2100000091,1,1,0,861,1,0,40,13,2760,0,STEADY,287,5.0075,3.73286,0.426655,0.111498,0.393728,22,8,0,4,0,2,7,54,141,24,6,145,0,0
92,12,3,4,0,2100000092,0,2,1,635,1,82,0,13,2560,0,STEADY,212,3.70607,2.3281,0.372759,0.273585,0.40566,0,0,2,2,6,0,3,106,29,0,0,129,0,0
92,12,3,4,0,2100000092,1,2,1,533,1,111,0,11,2250,0,STEADY,178,4.00991,2.48811,0.404747,0.325843,0.308989,0,0,1,2,5,0,3,106,0,0,0,88,0,0
93,13,4,5,0,2100000093,0,3,0,1441,2,18,84,16,3500,0,STEADY,481,5.8552,3.92837,0.747713,0.234927,0.33264,143,22,3,1,6,2,4,65,86,0,0,244,0,0
93,13,4,5,0,2100000093,1,3,0,1140,1,0,101,9,2010,0,STEADY,380,6.94234,4.50374,0.847289,0.163158,0.4,75,18,2,1,3,2,1,35,104,0,0,0,0,0
94,14,5,0,0,2100000094,0,0,0,2494,1,0,9,46,7480,0,STEADY,832,3.10519,4.26995,0.359832,0.0492788,0.399038,408,205,4,20,5,10,7,132,113,0,51,470,0,0
94,14,5,0,0,2100000094,1,0,1,2037,1,29,0,41,6080,0,STEADY,679,2.58151,5.07656,0.239683,0.0324006,0.34757,9,3,7,21,3,7,3,141,84,0,34,109,0,0
95,15,6,1,0,2100000095,0,1,0,2605,1,0,59,45,8600,0,STEADY,869,3.73137,4.42229,0.251657,0.362486,0.250863,103,11,0,18,2,8,17,72,184,66,61,80,0,0
95,15,6,1,0,2100000095,1,1,0,2266,1,0,59,39,7400,0,STEADY,756,3.94197,4.70254,0.289656,0.376984,0.242063,58,0,0,18,2,5,14,72,184,66,41,68,0,0
96,16,7,2,0,2100000096,0,2,1,1166,1,75,0,21,4240,0,STEADY,389,3.61522,4.0511,0.153895,0.257069,0.59126,0,0,8,2,0,1,10,100,40,0,0,72,0,0
96,16,7,2,0,2100000096,1,2,1,1027,1,75,0,19,3850,0,STEADY,343,3.75595,6.54304,0.158936,0.172012,0.728863,0,0,9,3,0,1,6,100,40,0,0,84,0,0
97,17,8,3,0,2100000097,0,3,1,827,1,26,0,10,2020,0,STEADY,276,5.20929,3.68637,0.676141,0.242754,0.355072,76,17,1,2,0,3,4,116,96,18,0,0,0,0
97,17,8,3,0,2100000097,1,3,1,827,1,26,0,10,2020,0,STEADY,276,5.20929,3.68637,0.676141,0.242754,0.355072,76,17,1,2,0,3,4,116,96,18,0,0,0,0
98,18,9,4,0,2100000098,0,0,1,1808,1,10,0,29,5650,0,STEADY,603,3.66745,3.37495,0.196866,0.298507,0.444444,17,7,10,11,0,1,7,149,119,0,0,214,0,0
98,18,9,4,0,2100000098,1,0,1,1655,1,65,0,28,5210,0,STEADY,552,3.87335,3.42725,0.201279,0.278986,0.458333,0,0,12,9,0,1,6,151,64,0,0,315,0,0
99,19,10,5,0,2100000099,0,1,0,792,1,0,109,10,2260,0,STEADY,264,6.19251,3.54751,0.676136,0.272727,0.359848,106,41,1,2,3,3,1,15,132,0,50,163,0,0
99,19,10,5,0,2100000099,1,1,0,1031,1,0,95,15,3070,0,STEADY,344,5.71392,4.13023,0.487049,0.238372,0.331395,157,40,5,2,2,2,4,29,132,0,28,73,0,0
100,20,11,0,0,2100000100,0,2,1,2700,3,48,108,48,8760,0,STEADY,900,3.91474,3.83554,0.275278,0.457778,0.336667,0,0,37,1,2,1,7,121,54,0,18,316,0,0
100,20,11,0,0,2100000100,1,2,1,2100,2,48,102,36,6750,0,STEADY,700,4.40246,2.91742,0.286957,0.348571,0.438571,0,0,24,1,2,5,4,67,54,0,46,600,0,0
101,21,12,1,0,2100000101,0,3,1,794,1,64,0,16,2920,0,STEADY,265,3.48677,2.94181,0.333208,0.358491,0.290566,0,0,8,1,0,2,5,111,60,0,0,43,0,0
101,21,12,1,0,2100000101,1,3,0,1499,1,0,51,29,4960,0,STEADY,500,2.93113,2.30623,0.23928,0.422,0.28,181,36,10,7,0,1,11,60,124,0,0,38,0,0
102,22,13,2,0,2100000102,0,0,0,2700,3,21,52,34,7990,0,STEADY,900,3.42642,3.78715,0.150052,0.295556,0.162222,277,42,1,13,5,0,15,52,154,0,28,141,0,0
102,22,13,2,0,2100000102,1,0,1,1680,1,105,0,26,6370,0,STEADY,560,3.74885,4.43437,0.177477,0.228571,0.146429,0,0,0,13,8,0,5,104,70,0,68,143,0,0
103,23,14,3,0,2100000103,0,1,1,1779,1,10,0,31,4880,0,STEADY,593,3.4043,3.38871,0.433609,0.0809444,0.571669,65,45,15,6,0,3,7,113,110,15,0,292,0,0
103,23,14,3,0,2100000103,1,1,1,1779,1,10,0,31,4880,0,STEADY,593,3.4043,3.38871,0.433609,0.0809444,0.571669,65,45,15,6,0,3,7,113,110,15,0,292,0,0
104,24,15,4,0,2100000104,0,2,1,1241,1,109,0,21,4240,0,STEADY,414,3.67497,3.6148,0.401147,0.321256,0.398551,0,0,5,7,4,5,0,118,16,0,16,135,0,0
104,24,15,4,0,2100000104,1,2,1,1081,1,109,0,18,3840,0,STEADY,361,3.88911,2.78104,0.35687,0.34072,0.307479,0,0,3,7,5,3,0,118,16,0,16,120,0,0
105,25,16,5,0,2100000105,0,3,0,1917,2,23,66,28,5120,0,STEADY,639,5.77205,3.15885,0.427433,0.201878,0.358372,176,63,0,16,7,0,5,49,81,0,57,184,0,0
105,25,16,5,0,2100000105,1,3,0,1292,1,0,45,18,3270,0,STEADY,431,6.093,3.40469,0.541497,0.199536,0.357309,95,37,0,11,4,0,3,70,104,0,33,64,0,0
106,26,17,0,0,2100000106,0,0,1,1945,1,28,0,36,6320,0,STEADY,649,3.40125,6.35606,0.266934,0.218798,0.662558,17,7,5,18,1,1,11,155,80,0,0,53,0,0
106,26,17,0,0,2100000106,1,0,0,1613,1,0,58,29,5360,0,STEADY,538,3.39061,6.19286,0.269675,0.120818,0.749071,457,376,1,14,1,1,12,110,108,0,0,59,0,0
107,27,18,1,0,2100000107,0,1,1,929,1,107,0,18,3350,0,STEADY,310,4.67093,2.93595,0.28379,0.5,0.296774,0,0,11,2,0,0,5,129,38,0,0,110,0,0
107,27,18,1,0,2100000107,1,1,1,755,1,73,0,15,2850,0,STEADY,252,4.69794,5.10132,0.258869,0.206349,0.420635,0,0,7,1,0,1,6,129,72,0,0,98,0,0
108,28,19,2,0,2100000108,0,2,1,579,1,19,0,11,2210,0,STEADY,193,6.41816,3.10801,0.245466,0.487047,0.284974,38,14,4,5,0,0,2,132,92,0,0,232,0,0
108,28,19,2,0,2100000108,1,2,0,911,1,0,12,15,3120,0,STEADY,304,6.11696,4.77054,0.192796,0.328947,0.480263,192,114,6,4,0,0,5,120,111,0,0,146,0,0
109,29,20,3,0,2100000109,0,3,1,1525,1,39,0,24,4960,0,STEADY,509,3.96233,2.4578,0.36167,0.288802,0.357564,8,4,4,7,10,2,1,102,63,0,20,90,0,0
109,29,20,3,0,2100000109,1,3,1,1525,1,39,0,24,4960,0,STEADY,509,3.96233,2.4578,0.36167,0.288802,0.357564,8,4,4,7,10,2,1,102,63,0,20,90,0,0
110,30,21,4,0,2100000110,0,0,1,1848,1,17,0,34,5250,0,STEADY,616,4.38483,3.6375,0.232391,0.23539,0.524351,20,0,16,3,0,6,9,124,108,0,15,145,0,0
110,30,21,4,0,2100000110,1,0,0,2700,3,90,53,46,7180,0,STEADY,900,3.92574,3.1411,0.213758,0.263333,0.466667,0,0,20,3,0,7,16,71,35,0,55,153,0,0
111,31,22,5,0,2100000111,0,1,0,1084,2,132,121,13,2830,0,STEADY,362,6.35319,4.29464,0.763412,0.171271,0.433702,0,0,0,4,5,0,4,54,26,26,0,0,0,0
111,31,22,5,0,2100000111,1,1,0,1386,2,106,99,20,4070,0,STEADY,462,5.85731,3.78803,0.587976,0.19697,0.443723,0,0,1,7,4,2,6,76,52,26,0,0,0,0
112,32,23,0,0,2100000112,0,2,1,750,1,37,0,15,2930,0,STEADY,250,4.51342,8.67852,0.18058,0.056,0.896,0,0,8,0,2,1,4,119,84,0,0,0,0,0
112,32,23,0,0,2100000112,1,2,1,750,1,37,0,15,2930,0,STEADY,250,4.51342,8.67852,0.18058,0.056,0.896,0,0,8,0,2,1,4,119,84,0,0,0,0,0
113,33,24,1,0,2100000113,0,3,1,1366,1,91,0,27,4520,0,STEADY,456,3.08368,2.47759,0.213914,0.335526,0.350877,0,0,20,1,4,0,2,125,61,0,0,20,0,0
113,33,24,1,0,2100000113,1,3,1,2165,1,82,0,41,6800,0,STEADY,722,3.01097,2.11755,0.11133,0.301939,0.405817,0,0,32,1,6,0,2,125,70,0,0,49,0,0
114,34,25,2,0,2100000114,0,0,1,482,1,61,0,11,1980,0,STEADY,161,4.45217,2.7399,0.374068,0.248447,0.409938,0,0,1,7,1,0,2,104,79,0,0,102,0,0
114,34,25,2,0,2100000114,1,0,1,663,1,61,0,14,2490,0,STEADY,221,3.95843,2.87637,0.297036,0.339367,0.348416,0,0,1,10,1,0,2,104,79,0,0,106,0,0
115,35,26,3,0,2100000115,0,1,0,1994,1,0,38,35,6400,0,STEADY,665,3.90228,3.6061,0.252594,0.17594,0.566917,68,1,20,0,0,1,14,70,101,0,10,281,0,0
115,35,26,3,0,2100000115,1,1,0,1994,1,0,38,35,6400,0,STEADY,665,3.90228,3.6061,0.252594,0.17594,0.566917,68,1,20,0,0,1,14,70,101,0,10,281,0,0
116,36,27,4,0,2100000116,0,2,0,1412,1,0,75,25,4870,0,STEADY,471,5.11533,4.66929,0.268206,0.127389,0.37155,221,61,3,9,1,4,8,70,93,0,9,128,0,0
116,36,27,4,0,2100000116,1,2,0,1832,1,0,25,32,6290,0,STEADY,611,5.63733,2.97561,0.352913,0.11293,0.497545,235,112,5,11,1,7,8,120,93,0,40,326,0,0
117,37,28,5,0,2100000117,0,3,0.5,2700,3,150,111,0,0,0,STEADY,900,9.65029,4.82818,1,0.177778,0.481111,0,0,0,0,0,0,0,0,0,0,0,0,0,0
117,37,28,5,0,2100000117,1,3,0.5,2700,3,150,111,0,0,0,STEADY,900,9.65029,4.82818,1,0.177778,0.481111,0,0,0,0,0,0,0,0,0,0,0,0,0,0
118,38,29,0,0,2100000118,0,0,1,562,1,73,0,12,2220,0,STEADY,188,4.96418,2.78212,0.483032,0.441489,0.473404,0,0,5,4,0,1,2,102,31,0,0,143,0,0
118,38,29,0,0,2100000118,1,0,1,1049,1,73,0,20,3610,0,STEADY,350,4.67012,4.63487,0.3872,0.42,0.502857,0,0,9,7,0,1,3,102,31,0,0,170,0,0
119,39,30,1,0,2100000119,0,1,0,2700,3,28,89,43,8720,0,STEADY,900,3.23271,2.72775,0.183544,0.277778,0.241111,487,114,1,6,1,4,31,33,86,0,30,102,0,0
119,39,30,1,0,2100000119,1,1,0,2602,1,0,77,42,8600,0,STEADY,868,3.33804,2.99775,0.219793,0.200461,0.261521,697,184,0,9,1,4,28,42,114,0,51,65,0,0
120,0,38,3,0,2100000120,0,3,0,2700,3,101,95,0,0,0,STEADY,900,10.6487,5.38934,1,0,0.623333,0,0,0,0,0,0,0,0,12,0,0,0,0,0
120,0,38,3,0,2100000120,1,3,0,2700,3,101,95,0,0,0,STEADY,900,10.6487,5.38934,1,0,0.623333,0,0,0,0,0,0,0,0,12,0,0,0,0,0
121,1,39,4,0,2100000121,0,0,1,2700,3,91,85,48,8600,0,STEADY,900,3.67044,2.71173,0.345306,0.357778,0.227778,0,0,4,25,1,6,12,29,59,14,18,588,0,0
121,1,39,4,0,2100000121,1,0,1,1419,2,118,114,25,4470,0,STEADY,473,4.47595,1.79872,0.418763,0.367865,0.281184,0,0,1,15,0,5,4,0,18,0,18,600,0,0
122,2,0,5,0,2100000122,0,1,1,1137,1,64,0,14,2730,0,STEADY,379,5.29405,4.60558,0.610303,0.17942,0.532982,0,0,2,8,1,0,3,113,30,0,0,104,0,0
122,2,0,5,0,2100000122,1,1,1,1138,1,64,0,14,2730,0,STEADY,380,5.29431,4.88154,0.609737,0.181579,0.534211,0,0,2,8,1,0,3,109,30,0,0,104,0,0
123,3,1,0,0,2100000123,0,2,0,1699,1,0,23,31,5800,0,STEADY,567,3.48141,4.62189,0.140741,0.257496,0.421517,219,88,22,6,1,1,1,113,106,0,15,99,0,0
123,3,1,0,0,2100000123,1,2,0,2296,1,0,51,40,7460,0,STEADY,766,3.42908,3.9321,0.122121,0.276762,0.453003,274,91,28,6,3,1,2,85,106,0,15,228,0,0
124,4,2,1,0,2100000124,0,3,0,485,1,0,38,11,1990,0,STEADY,162,6.09044,2.99636,0.44979,0.283951,0.154321,97,25,0,7,0,1,3,56,136,13,0,69,0,0
124,4,2,1,0,2100000124,1,3,0,602,1,0,7,13,2330,0,STEADY,201,6.08493,3.09694,0.409672,0.243781,0.333333,87,35,0,9,0,1,3,87,136,13,0,120,0,0
125,5,3,2,0,2100000125,0,0,0,2700,3,74,57,46,8760,0,STEADY,900,2.9895,2.74934,0.203694,0.137778,0.335556,0,0,6,0,1,2,37,49,67,0,8,231,0,0
125,5,3,2,0,2100000125,1,0,1,2700,3,63,39,45,8640,0,STEADY,900,2.97098,3.13713,0.178033,0.144444,0.372222,0,0,5,0,1,1,38,67,78,0,4,139,0,0
126,6,4,3,0,2100000126,0,1,0,1965,1,0,91,32,6310,0,STEADY,655,5.42238,3.9588,0.368969,0.178626,0.499237,85,12,16,0,5,2,9,71,131,0,0,319,0,0
126,6,4,3,0,2100000126,1,1,0,1965,1,0,91,32,6310,0,STEADY,655,5.42238,3.9588,0.368969,0.178626,0.499237,85,12,16,0,5,2,9,71,131,0,0,319,0,0
127,7,5,4,0,2100000127,0,2,0,2221,1,0,45,44,6780,0,STEADY,741,2.91359,5.66797,0.146134,0.0593792,0.37247,29,13,26,8,3,2,5,96,100,0,0,206,0,0
127,7,5,4,0,2100000127,1,2,1,2146,1,28,0,44,6520,0,STEADY,716,2.90965,4.05461,0.140838,0.0726257,0.303073,15,5,28,10,2,2,2,141,72,0,0,242,0,0
128,8,6,5,0,2100000128,0,3,0,1321,1,0,53,22,3890,0,STEADY,441,3.32739,3.2499,0.551508,0.117914,0.301587,122,36,3,1,7,2,9,78,116,0,10,53,0,0
128,8,6,5,0,2100000128,1,3,0,894,2,88,107,7,1720,0,STEADY,298,5.71028,4.30486,0.903523,0.234899,0.308725,0,0,1,0,0,5,1,24,28,0,0,0,0,0
129,9,7,0,0,2100000129,0,0,1,1399,1,45,0,26,4800,0,STEADY,467,3.08438,3.19103,0.184325,0.00642398,0.635974,6,4,2,6,0,0,18,100,122,18,0,31,0,0
129,9,7,0,0,2100000129,1,0,1,2332,1,33,0,41,7680,0,STEADY,778,2.64395,4.98597,0.17741,0.0308483,0.796915,31,23,3,8,0,0,30,100,132,16,0,0,0,0
130,10,8,1,0,2100000130,0,1,1,681,1,94,0,13,2490,0,STEADY,227,5.58058,5.46206,0.315308,0.162996,0.638767,0,0,4,6,1,0,2,116,30,0,0,0,0,0
130,10,8,1,0,2100000130,1,1,1,681,1,94,0,13,2490,0,STEADY,227,5.58058,5.46206,0.315308,0.162996,0.638767,0,0,4,6,1,0,2,116,30,0,0,0,0,0
131,11,9,2,0,2100000131,0,2,1,2700,3,100,66,44,8680,0,STEADY,900,3.31921,2.99687,0.223928,0.376667,0.265556,0,0,6,9,0,4,25,87,59,42,8,131,0,0
131,11,9,2,0,2100000131,1,2,0,2700,3,60,34,45,8880,0,STEADY,900,3.2561,3.78411,0.224,0.374444,0.284444,0,0,7,10,1,7,20,123,117,60,26,113,0,0
132,12,10,3,0,2100000132,0,3,0,573,1,0,52,11,2380,0,STEADY,191,5.17889,3.22917,0.423246,0.39267,0.277487,91,16,0,2,4,1,4,72,111,0,0,0,0,0
132,12,10,3,0,2100000132,1,3,0,573,1,0,52,11,2380,0,STEADY,191,5.17889,3.22917,0.423246,0.39267,0.277487,91,16,0,2,4,1,4,72,111,0,0,0,0,0
133,13,11,4,0,2100000133,0,0,0,1379,1,0,51,22,4780,0,STEADY,460,4.69559,3.8587,0.194087,0.354348,0.417391,221,77,5,0,11,1,5,138,104,0,0,131,0,0
133,13,11,4,0,2100000133,1,0,0,1673,1,0,105,25,5360,0,STEADY,558,5.1379,3.34575,0.341711,0.422939,0.397849,320,103,7,0,12,1,5,62,104,0,0,299,0,0
134,14,12,5,0,2100000134,0,1,1,751,1,13,0,14,2120,0,STEADY,251,4.3912,3.23693,0.492948,0.059761,0.386454,97,34,3,6,1,1,3,111,100,0,17,51,0,0
134,14,12,5,0,2100000134,1,1,0,577,1,0,61,11,1760,0,STEADY,193,5.12117,3.31775,0.588368,0.0932642,0.430052,38,18,2,4,1,2,2,50,113,0,17,80,0,0
135,15,13,0,0,2100000135,0,2,0,634,1,0,28,13,2250,0,STEADY,212,4.47229,3.33921,0.38441,0.235849,0.0990566,57,1,1,9,0,2,1,76,118,0,24,140,0,0
135,15,13,0,0,2100000135,1,2,0,1368,1,0,28,25,4500,0,STEADY,456,3.93766,4.42742,0.281272,0.144737,0.219298,193,31,1,14,0,2,8,76,118,0,24,230,0,0
136,16,14,1,0,2100000136,0,3,1,1385,1,61,0,22,5110,0,STEADY,462,3.3579,3.21061,0.287251,0.335498,0.419913,0,0,7,8,0,3,4,113,54,0,0,19,0,0
136,16,14,1,0,2100000136,1,3,1,2480,1,23,0,38,8610,0,STEADY,827,2.89703,2.50196,0.204317,0.332527,0.475212,343,160,9,12,0,4,13,113,92,0,0,37,0,0
137,17,15,2,0,2100000137,0,0,1,514,1,64,0,11,2020,0,STEADY,172,3.25011,5.8471,0.373169,0.209302,0.203488,0,0,3,3,0,3,2,118,44,18,0,0,0,0
137,17,15,2,0,2100000137,1,0,1,410,1,106,0,8,1620,0,STEADY,137,3.77224,3.07312,0.41708,0.248175,0.218978,0,0,1,2,0,3,2,118,16,18,0,49,0,0
138,18,16,3,0,2100000138,0,1,0,1754,1,0,53,28,5490,0,STEADY,585,4.82358,5.75129,0.441638,0.179487,0.483761,88,24,8,9,0,5,6,62,129,0,34,154,0,0
138,18,16,3,0,2100000138,1,1,0,1754,1,0,53,28,5490,0,STEADY,585,4.82358,5.75129,0.441638,0.179487,0.483761,88,24,8,9,0,5,6,62,129,0,34,154,0,0
139,19,17,4,0,2100000139,0,2,0,1748,1,0,43,30,5890,0,STEADY,583,3.68754,3.37032,0.235909,0.193825,0.617496,37,12,11,2,2,2,13,99,132,0,0,177,0,0
139,19,17,4,0,2100000139,1,2,0,2700,3,43,93,46,8620,0,STEADY,900,3.4801,3.39358,0.246844,0.33,0.475556,7,2,23,1,1,4,17,63,89,0,24,167,0,0
140,20,18,5,0,2100000140,0,3,0,1675,2,52,35,24,5390,0,STEADY,559,6.10007,4.06483,0.430733,0.273703,0.389982,0,0,7,4,4,7,2,94,50,0,22,124,0,0
140,20,18,5,0,2100000140,1,3,0,1485,2,26,26,21,4780,0,STEADY,495,6.67447,4.20127,0.435354,0.244444,0.39596,266,114,5,4,3,7,2,103,76,0,0,104,0,0
141,21,19,0,0,2100000141,0,0,1,1922,1,64,0,33,6110,0,STEADY,641,3.7917,7.02164,0.266342,0.146646,0.195008,0,0,19,0,1,2,11,132,60,0,0,19,0,0
141,21,19,0,0,2100000141,1,0,1,2267,1,19,0,39,7150,0,STEADY,756,3.6694,6.20241,0.245701,0.194444,0.218254,60,2,21,1,1,1,15,132,105,0,0,21,0,0
142,22,20,1,0,2100000142,0,1,0,2056,1,0,98,28,6410,0,STEADY,686,4.2748,3.8642,0.149459,0.142857,0.411079,218,122,0,9,5,0,14,0,175,0,26,179,0,0
142,22,20,1,0,2100000142,1,1,0,1891,1,0,46,25,6010,0,STEADY,631,4.0218,2.74364,0.159786,0.133122,0.239303,149,59,1,11,4,0,9,52,175,0,19,156,0,0
143,23,21,2,0,2100000143,0,2,0,1514,1,0,59,28,5130,0,STEADY,505,3.48856,5.8383,0.199921,0.172277,0.10297,256,7,0,17,1,0,10,65,111,6,0,27,0,0
143,23,21,2,0,2100000143,1,2,0,2033,1,0,83,36,6600,0,STEADY,678,3.31997,5.4446,0.202013,0.255162,0.079646,205,31,2,18,2,1,13,41,110,5,0,14,0,0
144,24,22,3,0,2100000144,0,3,0,2700,3,55,72,41,8320,0,STEADY,900,3.67701,3.0601,0.347944,0.376667,0.284444,0,0,4,9,2,11,15,103,70,0,60,73,0,0
144,24,22,3,0,2100000144,1,3,0,2700,3,55,72,41,8320,0,STEADY,900,3.67701,3.0601,0.347944,0.376667,0.284444,0,0,4,9,2,11,15,103,70,0,60,73,0,0
145,25,23,4,0,2100000145,0,0,1,1487,1,15,0,23,4650,0,STEADY,496,2.98052,4.79909,0.676724,0.207661,0.568548,138,77,0,3,4,7,9,117,89,0,41,63,0,0
145,25,23,4,0,2100000145,1,0,1,1487,1,15,0,23,4650,0,STEADY,496,2.98052,4.79909,0.676724,0.207661,0.568548,138,77,0,3,4,7,9,117,89,0,41,63,0,0
146,26,24,5,0,2100000146,0,1,1,2031,1,53,0,36,5870,0,STEADY,677,3.54127,5.12409,0.362548,0.20384,0.608567,0,0,7,27,1,0,1,125,55,0,0,280,0,0
146,26,24,5,0,2100000146,1,1,1,2437,1,32,0,41,6920,0,STEADY,813,3.95719,4.68963,0.457331,0.204182,0.555966,112,41,5,32,2,0,2,125,76,0,0,535,0,0
147,27,25,0,0,2100000147,0,2,0,1099,1,0,19,20,3760,0,STEADY,367,4.66428,5.34519,0.33658,0.207084,0.572207,77,55,13,2,1,0,4,85,145,0,0,124,0,0
147,27,25,0,0,2100000147,1,2,1,1457,1,35,0,26,5020,0,STEADY,486,4.24249,6.4032,0.246924,0.144033,0.685185,84,58,10,3,0,0,13,104,110,0,0,79,0,0
148,28,26,1,0,2100000148,0,3,1,896,1,13,0,16,3410,0,STEADY,299,4.07372,4.41822,0.248027,0.575251,0.197324,163,11,6,4,1,1,4,108,98,0,0,0,0,0
148,28,26,1,0,2100000148,1,3,0,917,1,0,2,16,3410,0,STEADY,306,4.0808,4.36102,0.243497,0.588235,0.199346,170,13,6,4,1,1,4,106,111,0,0,0,0,0
149,29,27,2,0,2100000149,0,0,0,915,1,0,79,16,3320,0,STEADY,305,4.85709,5.02779,0.297492,0.127869,0.262295,106,29,0,2,3,0,11,66,102,0,20,62,0,0
149,29,27,2,0,2100000149,1,0,0,1090,1,0,79,19,3920,0,STEADY,364,4.7077,4.45788,0.277418,0.134615,0.225275,166,38,0,3,3,0,13,66,102,0,30,160,0,0
150,30,28,3,0,2100000150,0,1,1,1046,1,18,0,19,2910,0,STEADY,349,5.85985,3.1861,0.509874,0.123209,0.484241,9,0,12,4,0,3,0,111,107,0,30,235,0,0
150,30,28,3,0,2100000150,1,1,0,871,1,0,40,16,2370,0,STEADY,291,6.1269,4.79559,0.547856,0.0859107,0.542955,68,46,10,2,1,2,1,71,125,0,20,60,0,0
151,31,29,4,0,2100000151,0,2,1,2506,2,77,69,43,8010,0,STEADY,836,4.2181,2.2706,0.315592,0.407895,0.289474,10,2,1,30,5,1,6,33,100,45,0,600,0,0
151,31,29,4,0,2100000151,1,2,1,1925,1,38,0,37,6090,0,STEADY,642,3.80226,3.7168,0.321519,0.319315,0.266355,102,32,10,23,2,1,1,102,112,18,0,157,0,0
152,32,30,5,0,2100000152,0,3,0,2700,3,27,50,41,8810,0,STEADY,900,5.06404,2.67144,0.25965,0.216667,0.393333,227,91,11,0,19,2,9,75,94,0,0,332,0,0
152,32,30,5,0,2100000152,1,3,0,2055,2,56,99,32,6840,0,STEADY,685,5.26933,2.99164,0.274416,0.169343,0.426277,0,0,6,0,11,2,13,26,65,0,0,88,0,0
153,33,31,0,0,2100000153,0,0,1,1954,1,35,0,36,6230,0,STEADY,652,3.191,4.50566,0.160544,0.127301,0.391104,74,14,27,4,4,0,1,141,117,0,0,62,0,0
153,33,31,0,0,2100000153,1,0,1,847,1,59,0,18,2970,0,STEADY,283,3.37294,3.76907,0.220371,0.0777385,0.515901,34,21,9,2,6,1,0,141,93,0,0,87,0,0
154,34,32,1,0,2100000154,0,1,0,1140,1,0,54,21,3860,0,STEADY,380,4.30153,7.12074,0.3065,0.289474,0.118421,58,0,0,16,2,0,3,67,140,0,0,0,0,0
154,34,32,1,0,2100000154,1,1,1,1292,1,3,0,24,4460,0,STEADY,431,4.49159,4.69425,0.234339,0.290023,0.157773,129,12,0,16,2,0,6,121,137,0,0,88,0,0
155,35,33,2,0,2100000155,0,2,0,1738,1,0,12,32,5920,0,STEADY,580,3.76472,6.22588,0.15519,0.105172,0.751724,76,14,16,0,0,2,14,140,119,18,20,49,0,0
155,35,33,2,0,2100000155,1,2,0,1617,1,0,54,29,5350,0,STEADY,539,3.83456,7.09124,0.200844,0.0667904,0.855288,78,49,15,0,0,2,12,98,119,18,10,22,0,0
156,36,34,3,0,2100000156,0,3,0,986,1,0,46,15,3000,0,STEADY,329,4.58215,3.06797,0.401945,0.398176,0.270517,28,1,2,4,2,3,4,94,93,0,33,29,0,0
156,36,34,3,0,2100000156,1,3,0,986,1,0,46,15,3000,0,STEADY,329,4.58215,3.06797,0.401945,0.398176,0.270517,28,1,2,4,2,3,4,94,93,0,33,29,0,0
157,37,35,4,0,2100000157,0,0,1,2603,1,78,0,45,8510,0,STEADY,868,3.91359,3.70686,0.284171,0.323733,0.25576,0,0,28,1,7,0,9,112,72,0,0,133,0,0
157,37,35,4,0,2100000157,1,0,1,2603,1,78,0,45,8510,0,STEADY,868,3.91359,3.70686,0.284171,0.323733,0.25576,0,0,28,1,7,0,9,112,72,0,0,133,0,0
158,38,36,5,0,2100000158,0,1,1,686,1,57,0,10,1910,0,STEADY,229,6.58597,4.87321,0.714803,0.310044,0.484716,0,0,4,2,0,1,3,93,47,0,0,29,0,0
158,38,36,5,0,2100000158,1,1,1,686,1,57,0,10,1910,0,STEADY,229,6.58597,4.87321,0.714803,0.310044,0.484716,0,0,4,2,0,1,3,93,47,0,0,29,0,0
159,39,37,0,0,2100000159,0,2,0,906,1,0,132,16,3280,0,STEADY,302,4.08849,6.47185,0.240381,0.0728477,0.225166,87,11,0,4,0,2,10,18,114,0,36,82,0,0
159,39,37,0,0,2100000159,1,2,0,2700,3,44,132,44,8880,0,STEADY,900,3.55111,4.10683,0.169822,0.146667,0.243333,256,102,0,4,0,2,38,18,70,0,24,34,0,0
160,0,5,2,0,2100000160,0,0,0,2700,3,77,43,49,8190,0,STEADY,900,3.24982,3.17882,0.269194,0.425556,0.471111,0,0,9,32,0,1,7,98,36,0,0,81,0,0
160,0,5,2,0,2100000160,1,0,1,2311,1,38,0,43,7320,0,STEADY,771,3.36277,3.00256,0.280713,0.402075,0.511025,63,10,3,37,0,1,2,141,75,0,0,137,0,0
161,1,6,3,0,2100000161,0,1,1,1577,1,134,0,27,4750,0,STEADY,526,4.0227,2.55546,0.394325,0.595057,0.134981,0,0,1,19,0,2,5,131,2,0,192,220,0,0
161,1,6,3,0,2100000161,1,1,1,1577,1,134,0,27,4750,0,STEADY,526,4.0227,2.55546,0.394325,0.595057,0.134981,0,0,1,19,0,2,5,131,2,0,192,220,0,0
162,2,7,4,0,2100000162,0,2,0,1024,1,0,37,18,3580,0,STEADY,342,3.22688,4.32558,0.363187,0.178363,0.318713,122,37,2,4,0,1,11,63,94,0,0,14,0,0
162,2,7,4,0,2100000162,1,2,0,1024,1,0,37,18,3580,0,STEADY,342,3.22688,4.32558,0.363187,0.178363,0.318713,122,37,2,4,0,1,11,63,94,0,0,14,0,0
163,3,8,5,0,2100000163,0,3,0.5,2700,3,106,116,0,0,0,STEADY,900,9.65301,4.79635,1,0,0.675556,0,0,0,0,0,0,0,0,0,0,0,0,0,0
163,3,8,5,0,2100000163,1,3,0.5,2700,3,106,116,0,0,0,STEADY,900,9.65301,4.79635,1,0,0.675556,0,0,0,0,0,0,0,0,0,0,0,0,0,0
164,4,9,0,0,2100000164,0,0,1,1612,1,104,0,33,5730,0,STEADY,538,3.86138,6.64325,0.368338,0.256506,0.607807,0,0,2,26,1,1,3,157,32,13,0,64,0,0
164,4,9,0,0,2100000164,1,0,1,1612,1,104,0,33,5730,0,STEADY,538,3.86138,6.64325,0.368338,0.256506,0.607807,0,0,2,26,1,1,3,157,32,13,0,64,0,0
165,5,10,1,0,2100000165,0,1,0,1148,1,0,93,20,4120,0,STEADY,383,3.92025,4.1139,0.273081,0.146214,0.261097,123,31,0,2,1,2,15,31,141,0,0,123,0,0
165,5,10,1,0,2100000165,1,1,0,1497,1,0,93,24,4720,0,STEADY,499,4.43024,5.21949,0.315261,0.214429,0.286573,181,70,3,3,1,7,10,31,141,0,52,59,0,0
166,6,11,2,0,2100000166,0,2,0,2700,3,95,76,47,8820,0,STEADY,900,4.08169,3.99293,0.249406,0.384444,0.502222,0,0,30,0,2,9,6,185,36,0,0,97,0,0
166,6,11,2,0,2100000166,1,2,0,2700,3,79,72,46,8690,0,STEADY,900,4.07789,4.89147,0.232967,0.373333,0.514444,0,0,27,0,2,8,9,177,52,0,0,73,0,0
167,7,12,3,0,2100000167,0,3,0,449,1,0,91,10,1680,0,STEADY,150,4.49839,3.02872,0.506067,0.14,0.446667,49,27,4,3,0,1,2,20,100,0,0,60,0,0
167,7,12,3,0,2100000167,1,3,0,449,1,0,91,10,1680,0,STEADY,150,4.49839,3.02872,0.506067,0.14,0.446667,49,27,4,3,0,1,2,20,100,0,0,60,0,0
168,8,13,4,0,2100000168,0,0,0,2038,1,0,23,35,6610,0,STEADY,680,5.24311,2.8656,0.301794,0.245588,0.322059,174,44,20,1,0,3,11,81,116,0,0,413,0,0
168,8,13,4,0,2100000168,1,0,0,868,1,0,32,16,3010,0,STEADY,290,5.53932,1.86879,0.413603,0.258621,0.351724,58,12,8,0,2,3,3,72,116,0,0,352,0,0
169,9,14,5,0,2100000169,0,1,1,1263,1,50,0,22,3700,0,STEADY,421,3.74887,6.11709,0.420344,0.0380048,0.733967,34,34,3,12,2,0,5,113,99,0,0,83,0,0
169,9,14,5,0,2100000169,1,1,1,979,1,116,0,17,2900,0,STEADY,327,4.18209,6.09456,0.431407,0.0397554,0.669725,0,0,1,9,2,1,4,113,33,0,0,93,0,0
170,10,15,0,0,2100000170,0,2,1,1031,1,52,0,20,3710,0,STEADY,344,4.41097,3.31544,0.229913,0.418605,0.328488,0,0,10,6,1,0,3,118,72,0,0,129,0,0
170,10,15,0,0,2100000170,1,2,1,1116,1,88,0,21,3910,0,STEADY,372,4.4347,3.52995,0.236196,0.325269,0.419355,0,0,9,9,1,0,2,118,36,0,0,188,0,0
171,11,16,1,0,2100000171,0,3,0,2700,3,117,26,44,8840,0,STEADY,900,3.13817,2.10715,0.204289,0.596667,0.136667,0,0,3,7,0,11,23,89,127,127,75,0,0,0
171,11,16,1,0,2100000171,1,3,1,1928,1,101,0,32,6600,0,STEADY,643,3.28772,2.02046,0.199137,0.567652,0.163297,0,0,2,8,1,7,14,115,100,84,55,0,0,0
172,12,17,2,0,2100000172,0,0,1,439,1,77,0,10,2010,0,STEADY,147,3.27165,3.13598,0.29881,0.333333,0.333333,0,0,2,1,4,3,0,102,34,0,0,60,0,0
172,12,17,2,0,2100000172,1,0,1,439,1,77,0,10,2010,0,STEADY,147,3.26977,3.17769,0.29881,0.333333,0.333333,0,0,2,1,4,3,0,102,34,0,0,50,0,0
173,13,18,3,0,2100000173,0,1,0,452,1,0,53,9,1960,0,STEADY,151,6.7431,4.97065,0.472748,0.370861,0.337748,60,20,2,1,4,1,1,76,104,0,0,0,0,0
173,13,18,3,0,2100000173,1,1,0,452,1,0,53,9,1960,0,STEADY,151,6.7431,4.97065,0.472748,0.370861,0.337748,60,20,2,1,4,1,1,76,104,0,0,0,0,0
174,14,19,4,0,2100000174,0,2,1,868,1,13,0,17,2840,0,STEADY,290,3.06339,8.58469,0.289586,0.0827586,0.131034,71,7,3,5,2,2,5,132,100,0,9,28,0,0
174,14,19,4,0,2100000174,1,2,1,868,1,13,0,17,2840,0,STEADY,290,3.06339,8.58469,0.289586,0.0827586,0.131034,71,7,3,5,2,2,5,132,100,0,9,28,0,0
175,15,20,5,0,2100000175,0,3,0,1286,2,118,102,16,3190,0,STEADY,429,6.95181,4.13467,0.622972,0.174825,0.433566,0,0,0,5,2,6,3,0,26,26,7,0,0,0
175,15,20,5,0,2100000175,1,3,0,1283,2,91,102,18,3470,0,STEADY,428,6.88171,3.9806,0.647932,0.212617,0.436916,0,0,0,9,2,6,1,0,66,39,24,0,0,0
176,16,21,0,0,2100000176,0,0,0,1555,1,0,35,27,5520,0,STEADY,519,4.20771,6.59942,0.137119,0.0924855,0.803468,116,95,8,4,0,1,14,89,115,0,0,32,0,0
176,16,21,0,0,2100000176,1,0,0,1452,1,0,36,25,5200,0,STEADY,484,4.32012,7.15154,0.137252,0.179752,0.710744,63,39,8,6,0,1,10,88,115,0,0,65,0,0
177,17,22,1,0,2100000177,0,1,1,988,1,54,0,20,3120,0,STEADY,330,2.86374,1.80112,0.281621,0.184848,0.424242,0,0,9,2,0,6,3,175,54,36,0,90,0,0
177,17,22,1,0,2100000177,1,1,1,799,1,80,0,16,2700,0,STEADY,267,3.10179,2.3221,0.300262,0.194757,0.441948,0,0,6,3,0,5,2,175,28,30,0,87,0,0
178,18,23,2,0,2100000178,0,2,1,974,1,33,0,19,3260,0,STEADY,325,3.77839,5.39678,0.313529,0.169231,0.744615,86,83,12,6,0,0,1,121,96,0,0,27,0,0
178,18,23,2,0,2100000178,1,2,1,1005,1,52,0,20,3550,0,STEADY,335,3.71103,5.59132,0.349361,0.158209,0.749254,0,0,10,5,0,0,5,118,77,0,0,69,0,0
179,19,24,3,0,2100000179,0,3,1,2002,1,23,0,33,6130,0,STEADY,668,4.7814,3.29748,0.343982,0.356287,0.33982,117,14,22,3,1,3,4,125,109,0,17,81,0,0
179,19,24,3,0,2100000179,1,3,1,2002,1,23,0,33,6130,0,STEADY,668,4.7814,3.29748,0.343982,0.356287,0.33982,117,14,22,3,1,3,4,125,109,0,17,81,0,0
180,20,25,4,0,2100000180,0,0,1,1577,2,15,9,28,5480,0,STEADY,526,4.90441,3.02329,0.321635,0.292776,0.391635,101,25,15,2,1,3,7,95,87,0,0,600,0,0
180,20,25,4,0,2100000180,1,0,0,1847,1,0,11,32,6280,0,STEADY,616,4.29084,4.04094,0.289464,0.201299,0.537338,33,10,15,2,1,2,12,93,102,0,0,186,0,0
181,21,26,5,0,2100000181,0,1,1,2700,3,77,72,45,7730,0,STEADY,900,3.97398,4.12984,0.430739,0.00777778,0.62,0,0,33,4,1,0,7,36,47,0,0,182,0,0
181,21,26,5,0,2100000181,1,1,1,2700,3,27,93,45,7890,0,STEADY,900,4.90752,2.43771,0.613378,0,0.572222,657,381,37,0,0,0,8,15,97,0,0,464,0,0
182,22,27,0,0,2100000182,0,2,0,2091,1,0,93,28,7060,0,STEADY,697,4.05212,3.59085,0.204293,0.213773,0.238164,151,38,1,16,7,0,4,52,175,0,36,156,0,0
182,22,27,0,0,2100000182,1,2,0,1661,1,0,41,22,5120,0,STEADY,554,3.89524,4.68949,0.174267,0.0848375,0.299639,187,52,0,8,3,0,11,104,175,0,20,173,0,0
183,23,28,1,0,2100000183,0,3,0,754,1,0,52,15,2610,0,STEADY,252,4.99711,4.39561,0.394325,0.123016,0.40873,63,21,3,5,0,0,7,55,114,9,0,24,0,0
183,23,28,1,0,2100000183,1,3,0,914,1,0,40,18,3230,0,STEADY,305,4.60738,3.9141,0.347164,0.209836,0.347541,116,24,2,7,0,0,9,67,116,11,0,24,0,0
184,24,29,2,0,2100000184,0,0,0,2700,3,60,1,44,8880,0,STEADY,900,3.30151,3.2007,0.281783,0.286667,0.274444,0,0,4,8,2,11,19,101,65,0,0,189,0,0
184,24,29,2,0,2100000184,1,0,0,2700,3,109,39,43,8920,0,STEADY,900,3.38864,2.86803,0.295589,0.33,0.228889,0,0,3,11,3,12,14,63,16,0,0,189,0,0
185,25,30,3,0,2100000185,0,1,1,1348,1,60,0,23,4410,0,STEADY,450,4.03601,2.22472,0.398544,0.388889,0.313333,0,0,0,9,6,4,4,125,44,0,63,195,0,0
185,25,30,3,0,2100000185,1,1,1,1348,1,60,0,23,4410,0,STEADY,450,4.03601,2.22472,0.398544,0.388889,0.313333,0,0,0,9,6,4,4,125,44,0,63,195,0,0
186,26,31,4,0,2100000186,0,2,0,1701,1,0,44,30,5500,0,STEADY,567,3.99901,4.18002,0.263228,0.223986,0.514991,42,4,0,18,1,0,11,97,108,0,0,67,0,0
186,26,31,4,0,2100000186,1,2,1,2138,1,48,0,38,6830,0,STEADY,713,3.9199,3.62286,0.297146,0.336606,0.409537,0,0,0,29,2,1,6,132,60,0,0,331,0,0
187,27,32,5,0,2100000187,0,3,1,1804,1,24,0,26,5260,0,STEADY,602,6.12956,3.81314,0.488223,0.250831,0.383721,74,28,14,5,4,0,3,121,121,0,0,282,0,0
187,27,32,5,0,2100000187,1,3,0,790,1,0,58,10,2070,0,STEADY,264,6.77628,3.31334,0.720303,0.234848,0.268939,33,3,5,2,2,0,1,63,145,0,0,163,0,0
188,28,33,0,0,2100000188,0,0,1,649,1,59,0,12,2580,0,STEADY,217,4.82425,2.84707,0.285369,0.40553,0.322581,0,0,5,3,1,0,3,152,52,0,0,72,0,0
188,28,33,0,0,2100000188,1,0,1,764,1,59,0,14,2950,0,STEADY,255,4.49698,3.54035,0.253882,0.298039,0.419608,0,0,5,4,1,0,4,152,52,0,0,36,0,0
189,29,34,1,0,2100000189,0,1,0,1990,1,0,84,34,6840,0,STEADY,664,3.63401,3.64274,0.214172,0.22741,0.450301,470,225,2,7,5,0,20,56,102,0,72,104,0,0
189,29,34,1,0,2100000189,1,1,0,670,1,0,60,14,2600,0,STEADY,224,3.72865,2.99621,0.262121,0.267857,0.28125,93,34,4,1,3,0,6,80,102,0,8,0,0,0
190,30,35,2,0,2100000190,0,2,1,2433,1,27,0,57,6310,0,STEADY,811,4.12773,2.71394,0.291889,0.369914,0.27127,34,0,51,4,0,0,2,119,98,0,0,254,0,0
190,30,35,2,0,2100000190,1,2,0,2264,1,0,10,48,6110,0,STEADY,755,4.17111,3.24808,0.231895,0.298013,0.345695,68,5,33,2,0,4,9,117,125,0,22,123,0,0
191,31,36,3,0,2100000191,0,3,1,1058,1,95,0,17,3310,0,STEADY,353,5.62921,4.34521,0.490439,0.331445,0.311615,0,0,0,10,3,0,4,93,64,27,0,0,0,0
191,31,36,3,0,2100000191,1,3,1,1058,1,95,0,17,3310,0,STEADY,353,5.62921,4.34521,0.490439,0.331445,0.311615,0,0,0,10,3,0,4,93,64,27,0,0,0,0
192,32,37,4,0,2100000192,0,0,0,1106,1,0,24,20,4160,0,STEADY,369,4.71438,3.33692,0.2171,0.300813,0.403794,202,70,7,0,7,1,5,126,121,0,0,109,0,0
192,32,37,4,0,2100000192,1,0,1,1467,1,9,0,25,5270,0,STEADY,489,4.75604,4.1524,0.194755,0.255624,0.570552,322,200,10,0,12,1,2,150,112,0,0,192,0,0
193,33,38,5,0,2100000193,0,1,0,1384,1,0,43,21,3860,0,STEADY,462,5.58232,2.77907,0.416104,0.0411255,0.558442,172,102,14,2,0,0,5,61,152,0,0,475,0,0
193,33,38,5,0,2100000193,1,1,0,1158,1,0,43,16,3090,0,STEADY,386,5.73227,2.7209,0.539443,0.0984456,0.518135,109,68,9,4,0,0,3,61,152,0,0,504,0,0
194,34,39,0,0,2100000194,0,2,1,2081,1,61,0,40,6470,0,STEADY,694,3.24719,4.48719,0.33178,0.325648,0.198847,0,0,10,28,1,1,0,114,79,0,0,94,0,0
194,34,39,0,0,2100000194,1,2,1,1096,1,61,0,23,3610,0,STEADY,366,3.27459,1.95849,0.306066,0.284153,0.338798,0,0,10,11,2,0,0,114,79,0,0,132,0,0
195,35,0,1,0,2100000195,0,3,0,1047,1,0,39,20,3670,0,STEADY,349,3.69635,2.79604,0.216762,0.47851,0.206304,28,1,11,0,0,2,7,70,113,12,0,7,0,0
195,35,0,1,0,2100000195,1,3,0,1026,1,0,25,20,3590,0,STEADY,342,3.58009,2.70266,0.224605,0.502924,0.181287,28,1,11,1,0,2,6,84,119,18,3,20,0,0
196,36,1,2,0,2100000196,0,0,1,688,1,16,0,14,2700,0,STEADY,230,4.28484,7.93031,0.201217,0.256522,0.565217,20,14,1,6,2,1,4,136,77,0,0,31,0,0
196,36,1,2,0,2100000196,1,0,1,688,1,16,0,14,2700,0,STEADY,230,4.29415,7.94209,0.201217,0.26087,0.556522,20,14,1,6,2,1,4,136,77,0,0,31,0,0
197,37,2,3,0,2100000197,0,1,0,2072,1,0,24,34,6400,0,STEADY,691,4.49251,5.02761,0.284161,0.117221,0.274964,305,84,16,0,2,0,16,70,150,0,0,194,0,0
197,37,2,3,0,2100000197,1,1,0,2072,1,0,24,34,6400,0,STEADY,691,4.49251,5.02761,0.284161,0.117221,0.274964,305,84,16,0,2,0,16,70,150,0,0,194,0,0
198,38,3,4,0,2100000198,0,2,1,803,1,8,0,16,2950,0,STEADY,268,4.71044,5.74663,0.549608,0.541045,0.391791,22,13,7,5,1,1,2,106,96,0,0,0,0,0
198,38,3,4,0,2100000198,1,2,1,803,1,8,0,16,2950,0,STEADY,268,4.71044,5.74663,0.549608,0.541045,0.391791,22,13,7,5,1,1,2,106,96,0,0,0,0,0
199,39,4,5,0,2100000199,0,3,0,1320,1,0,67,15,3000,0,STEADY,440,6.11615,3.62141,0.729205,0.193182,0.315909,110,19,2,5,1,3,4,82,114,0,36,83,0,0
199,39,4,5,0,2100000199,1,3,0,1234,1,0,118,10,2120,0,STEADY,412,7.11768,3.96574,0.857876,0.199029,0.390777,82,44,0,6,0,3,1,44,114,0,35,0,0,0
200,0,12,1,0,2100000200,0,1,0,659,1,0,28,14,2480,0,STEADY,220,4.22333,3.67936,0.336068,0.218182,0.390909,129,70,3,5,0,1,5,83,113,0,0,28,0,0
200,0,12,1,0,2100000200,1,1,0,707,1,0,7,15,2600,0,STEADY,236,3.72789,3.56083,0.324364,0.207627,0.432203,144,85,4,5,0,1,5,104,113,0,0,28,0,0
201,1,13,2,0,2100000201,0,2,1,899,1,11,0,18,3080,0,STEADY,300,4.06169,3.52651,0.3251,0.496667,0.05,92,0,2,12,0,2,2,104,125,0,56,129,0,0
201,1,13,2,0,2100000201,1,2,0,1316,1,0,16,25,4370,0,STEADY,439,3.8992,4.74067,0.292369,0.321185,0.0820046,231,25,3,13,0,2,7,88,136,0,22,164,0,0
202,2,14,3,0,2100000202,0,3,0,1380,1,0,52,21,4230,0,STEADY,460,4.07572,3.61147,0.366674,0.219565,0.458696,54,29,3,6,1,0,11,61,94,0,0,0,0,0
202,2,14,3,0,2100000202,1,3,0,1380,1,0,52,21,4230,0,STEADY,460,4.07572,3.61147,0.366674,0.219565,0.458696,54,29,3,6,1,0,11,61,94,0,0,0,0,0
203,3,15,4,0,2100000203,0,0,1,1730,1,23,0,31,5810,0,STEADY,577,3.08051,4.44585,0.191239,0.256499,0.52513,63,41,21,4,4,1,1,118,83,0,12,125,0,0
203,3,15,4,0,2100000203,1,0,1,1730,1,23,0,31,5810,0,STEADY,577,3.08051,4.44585,0.191239,0.256499,0.52513,63,41,21,4,4,1,1,118,83,0,12,125,0,0
204,4,16,5,0,2100000204,0,1,1,2539,1,69,0,45,7910,0,STEADY,847,3.92946,4.18207,0.489148,0.243211,0.416765,0,0,9,17,2,5,12,115,115,61,0,111,0,0
204,4,16,5,0,2100000204,1,1,0,2700,3,55,30,49,8440,0,STEADY,900,3.73022,4.89495,0.409522,0.201111,0.387778,0,0,13,13,1,5,17,85,107,39,0,41,0,0
205,5,17,0,0,2100000205,0,2,0,1174,1,0,114,20,4080,0,STEADY,392,3.09386,4.67352,0.413099,0.0867347,0.586735,128,71,1,3,1,3,12,18,141,0,24,8,0,0
205,5,17,0,0,2100000205,1,2,0,1174,1,0,114,20,4080,0,STEADY,392,3.09386,4.67352,0.413099,0.0867347,0.586735,128,71,1,3,1,3,12,18,141,0,24,8,0,0
206,6,18,1,0,2100000206,0,3,1,854,1,13,0,17,3200,0,STEADY,285,4.04558,2.58235,0.235228,0.694737,0.122807,57,0,11,0,1,3,2,129,118,0,0,0,0,0
206,6,18,1,0,2100000206,1,3,0,1065,1,0,8,19,3840,0,STEADY,355,3.66305,2.39958,0.188845,0.529577,0.177465,142,16,5,0,1,6,7,121,131,0,0,0,0,0
207,7,19,2,0,2100000207,0,0,0,1172,1,0,20,22,4090,0,STEADY,391,3.02914,3.92973,0.140396,0.179028,0.120205,205,38,3,12,5,1,1,112,100,0,0,98,0,0
207,7,19,2,0,2100000207,1,0,0,1178,1,0,72,22,4190,0,STEADY,393,3.15425,4.92932,0.138384,0.21883,0.0330789,207,4,1,14,5,1,1,60,100,0,0,29,0,0
208,8,20,3,0,2100000208,0,1,0,1603,1,0,10,26,5010,0,STEADY,535,5.43933,3.50064,0.307626,0.147664,0.446729,237,124,11,1,0,2,12,84,116,0,10,439,0,0
208,8,20,3,0,2100000208,1,1,0,1603,1,0,10,26,5010,0,STEADY,535,5.43933,3.50064,0.307626,0.147664,0.446729,237,124,11,1,0,2,12,84,116,0,10,439,0,0
209,9,21,4,0,2100000209,0,2,0,2700,3,76,124,44,9110,0,STEADY,900,3.9621,5.75603,0.18855,0.02,0.326667,0,0,5,0,1,1,37,0,75,2,0,4,0,0
209,9,21,4,0,2100000209,1,2,0,2700,3,76,124,44,9110,0,STEADY,900,3.9621,5.75603,0.18855,0.02,0.326667,0,0,5,0,1,1,37,0,75,2,0,4,0,0
210,10,22,5,0,2100000210,0,3,1,1298,2,124,41,18,3750,0,STEADY,433,6.52213,2.83056,0.559411,0.17321,0.491917,0,0,4,8,5,0,1,134,0,0,0,600,0,0
210,10,22,5,0,2100000210,1,3,1,1146,1,72,0,18,3430,0,STEADY,382,6.34585,4.42706,0.517081,0.128272,0.505236,0,0,8,7,2,0,1,175,52,0,0,292,0,0
211,11,23,0,0,2100000211,0,0,0,2700,3,75,105,46,8680,0,STEADY,900,2.96487,4.38711,0.217156,0.111111,0.623333,0,0,8,3,0,10,25,17,150,108,71,31,0,0
211,11,23,0,0,2100000211,1,0,0,2700,3,108,105,45,8760,0,STEADY,900,3.00461,4.40781,0.1779,0.318889,0.452222,0,0,4,2,0,11,28,17,129,120,85,7,0,0
212,12,24,1,0,2100000212,0,1,1,1579,1,39,0,30,5390,0,STEADY,527,2.88772,2.36507,0.227116,0.155598,0.316888,57,35,9,1,10,3,7,125,72,0,0,210,0,0
212,12,24,1,0,2100000212,1,1,1,524,1,77,0,12,2090,0,STEADY,175,3.59433,1.99347,0.366829,0.2,0.422857,0,0,5,1,4,1,1,125,34,0,0,88,0,0
213,13,25,2,0,2100000213,0,2,1,915,1,6,0,17,3440,0,STEADY,305,4.72611,5.01263,0.213082,0.354098,0.580328,39,29,7,1,7,0,2,104,98,0,0,98,0,0
213,13,25,2,0,2100000213,1,2,0,1470,1,0,35,25,5290,0,STEADY,490,4.63565,7.04387,0.192704,0.271429,0.67551,187,151,4,1,11,0,9,69,104,0,0,18,0,0
214,14,26,3,0,2100000214,0,3,0,1231,1,0,10,21,3760,0,STEADY,411,3.31263,2.30426,0.303358,0.0316302,0.396594,131,40,0,7,3,2,9,98,113,0,17,0,0,0
214,14,26,3,0,2100000214,1,3,0,1231,1,0,10,21,3760,0,STEADY,411,3.31263,2.30426,0.303358,0.0316302,0.396594,131,40,0,7,3,2,9,98,113,0,17,0,0,0
215,15,27,4,0,2100000215,0,0,0,989,1,0,61,19,3440,0,STEADY,330,4.68756,6.78095,0.299455,0.306061,0.193939,30,1,0,12,0,3,4,84,118,0,7,19,0,0
215,15,27,4,0,2100000215,1,0,0,932,1,0,73,18,3270,0,STEADY,311,4.70759,6.71001,0.312251,0.302251,0.173633,30,1,0,11,0,3,4,72,118,0,24,19,0,0
216,16,28,5,0,2100000216,0,1,0,961,1,0,77,8,2490,0,STEADY,321,7.11363,3.12736,0.77391,0.214953,0.389408,65,25,1,3,0,4,0,34,115,0,0,230,0,0
216,16,28,5,0,2100000216,1,1,1,1031,1,17,0,15,3550,0,STEADY,344,6.88336,5.78845,0.535596,0.238372,0.40407,21,12,3,5,1,2,4,107,98,0,0,28,0,0
217,17,29,0,0,2100000217,0,2,1,1702,1,30,0,31,5380,0,STEADY,568,3.06691,6.60801,0.203371,0.204225,0.15493,54,33,10,4,0,11,6,102,92,66,0,11,0,0
217,17,29,0,0,2100000217,1,2,1,1733,1,73,0,30,5600,0,STEADY,578,3.21679,4.84156,0.257785,0.228374,0.112457,0,0,7,4,0,14,5,102,79,84,0,113,0,0
218,18,30,1,0,2100000218,0,3,1,575,1,22,0,13,2430,0,STEADY,192,4.62449,2.57525,0.354563,0.635417,0.114583,84,2,6,5,0,0,2,125,107,0,0,0,0,0
218,18,30,1,0,2100000218,1,3,1,575,1,22,0,13,2430,0,STEADY,192,4.62449,2.57525,0.354563,0.635417,0.114583,84,2,6,5,0,0,2,125,107,0,0,0,0,0
219,19,31,2,0,2100000219,0,0,0,1657,1,0,10,30,5710,0,STEADY,553,3.83251,2.58113,0.155976,0.466546,0.327306,139,15,11,1,0,1,17,122,132,0,0,74,0,0
219,19,31,2,0,2100000219,1,0,0,1141,1,0,25,22,4050,0,STEADY,381,3.94337,2.75882,0.260433,0.454068,0.338583,60,44,13,1,0,1,7,107,132,0,9,172,0,0
220,20,32,3,0,2100000220,0,1,0,974,1,0,46,15,3350,0,STEADY,325,6.14022,3.92124,0.478769,0.283077,0.406154,39,23,6,3,2,3,1,75,102,0,25,173,0,0
220,20,32,3,0,2100000220,1,1,0,1067,1,0,42,17,3690,0,STEADY,356,6.05892,4.20655,0.462205,0.247191,0.384831,47,10,8,3,2,3,1,79,102,0,25,204,0,0
221,21,33,4,0,2100000221,0,2,1,2202,1,58,0,38,7150,0,STEADY,734,3.70225,3.63053,0.249339,0.168937,0.47139,0,0,13,1,0,1,23,152,66,0,0,113,0,0
221,21,33,4,0,2100000221,1,2,1,1856,1,8,0,33,6010,0,STEADY,619,3.70521,3.64634,0.285703,0.169628,0.521809,68,4,13,3,0,2,15,152,116,0,0,95,0,0
222,22,34,5,0,2100000222,0,3,0,2025,2,17,12,20,5010,0,STEADY,675,5.81585,3.08868,0.471284,0.146667,0.401481,126,55,1,11,5,0,3,128,158,0,76,212,0,0
222,22,34,5,0,2100000222,1,3,1,1429,2,106,114,18,4320,0,STEADY,477,5.98074,2.44774,0.658771,0.333333,0.266247,0,0,0,8,7,0,3,26,69,0,68,600,0,0
223,23,35,0,0,2100000223,0,0,0,943,1,0,89,18,3210,0,STEADY,315,3.74158,6.0249,0.353762,0.244444,0.0539683,79,2,0,15,1,1,1,12,105,0,0,10,0,0
223,23,35,0,0,2100000223,1,0,1,2228,1,10,0,41,7100,0,STEADY,743,3.3163,5.04076,0.29572,0.320323,0.102288,176,42,2,34,1,2,2,101,112,17,0,9,0,0
224,24,36,1,0,2100000224,0,1,0,1238,1,0,59,21,4440,0,STEADY,413,3.86208,6.16712,0.325266,0.142857,0.312349,136,53,0,5,1,6,9,34,125,0,80,0,0,0
224,24,36,1,0,2100000224,1,1,0,1364,1,0,61,23,4760,0,STEADY,455,3.6074,2.79656,0.303341,0.127473,0.382418,311,138,1,4,2,6,10,32,125,0,92,153,0,0
225,25,37,2,0,2100000225,0,2,0,1382,1,0,63,25,4720,0,STEADY,461,4.0145,2.90085,0.248178,0.327549,0.123644,80,29,1,12,1,8,3,87,104,0,21,158,0,0
225,25,37,2,0,2100000225,1,2,0,923,1,0,87,17,3260,0,STEADY,308,4.53121,3.67418,0.201234,0.181818,0.126623,31,0,0,6,4,2,5,63,104,0,63,45,0,0
226,26,38,3,0,2100000226,0,3,0,712,1,0,82,12,2140,0,STEADY,238,5.17533,3.31018,0.571681,0.239496,0.340336,40,9,1,6,0,0,5,22,108,0,0,36,0,0
226,26,38,3,0,2100000226,1,3,0,712,1,0,82,12,2140,0,STEADY,238,5.17533,3.31018,0.571681,0.239496,0.340336,40,9,1,6,0,0,5,22,108,0,0,36,0,0
227,27,39,4,0,2100000227,0,0,0,1688,1,0,39,29,5610,0,STEADY,563,5.32123,3.92004,0.38976,0.316163,0.431616,298,145,21,4,4,0,0,75,145,0,0,391,0,0
227,27,39,4,0,2100000227,1,0,1,1307,2,65,71,22,4620,0,STEADY,436,5.52424,2.61146,0.434495,0.300459,0.396789,0,0,12,4,6,0,0,43,80,0,0,600,0,0
228,28,0,5,0,2100000228,0,1,1,622,1,57,0,9,1930,0,STEADY,208,5.51939,3.92586,0.569688,0.264423,0.326923,0,0,3,2,1,0,3,113,54,0,0,0,0,0
228,28,0,5,0,2100000228,1,1,1,1195,1,28,0,16,3460,0,STEADY,399,4.88347,6.43889,0.492368,0.192982,0.573935,199,160,4,2,2,1,7,113,83,0,0,0,0,0
229,29,1,0,0,2100000229,0,2,0,1357,1,0,109,23,4760,0,STEADY,453,3.60438,7.74858,0.278168,0.231788,0.494481,74,41,1,6,5,1,10,41,102,0,49,35,0,0
229,29,1,0,0,2100000229,1,2,0,1999,1,0,55,34,6680,0,STEADY,667,3.68901,3.42237,0.228703,0.211394,0.457271,74,34,4,8,4,1,17,95,102,0,60,316,0,0
230,30,2,1,0,2100000230,0,3,1,194,1,42,0,5,930,0,STEADY,65,8.51886,2.52987,0.7042,0.292308,0.2,6,0,3,2,0,0,0,94,83,0,0,111,0,0
230,30,2,1,0,2100000230,1,3,1,194,1,39,0,5,930,0,STEADY,65,8.50899,2.51989,0.7042,0.292308,0.184615,14,3,3,2,0,0,0,94,86,0,0,111,0,0
231,31,3,2,0,2100000231,0,0,1,955,1,88,0,19,3410,0,STEADY,319,4.04055,2.82898,0.239608,0.231975,0.489028,0,0,0,13,0,0,6,103,44,0,0,215,0,0
231,31,3,2,0,2100000231,1,0,1,1504,1,45,0,28,5080,0,STEADY,502,3.61097,3.71999,0.174552,0.161355,0.585657,125,89,2,12,0,0,14,106,87,0,0,197,0,0
232,32,4,3,0,2100000232,0,1,0,696,1,0,6,10,2200,0,STEADY,232,6.90214,3.18753,0.724203,0.258621,0.491379,42,22,4,1,4,1,0,130,121,0,0,80,0,0
232,32,4,3,0,2100000232,1,1,0,696,1,0,6,10,2200,0,STEADY,232,6.90214,3.18753,0.724203,0.258621,0.491379,42,22,4,1,4,1,0,130,121,0,0,80,0,0
233,33,5,4,0,2100000233,0,2,1,2323,2,96,60,43,7260,0,STEADY,775,3.37776,2.86011,0.173277,0.0632258,0.47871,0,0,34,1,5,1,2,81,56,0,0,600,0,0
233,33,5,4,0,2100000233,1,2,1,2151,2,88,64,40,6800,0,STEADY,717,3.34842,2.83793,0.157985,0.0683403,0.511855,0,0,32,1,4,1,2,77,64,0,0,600,0,0
234,34,6,5,0,2100000234,0,3,0,1253,1,0,86,21,3680,0,STEADY,418,3.44685,3.71504,0.475694,0.210526,0.277512,98,29,6,5,1,1,8,45,140,0,0,41,0,0
234,34,6,5,0,2100000234,1,3,0,784,2,110,111,7,1650,0,STEADY,262,5.84122,4.69117,0.909408,0.274809,0.351145,0,0,0,1,4,0,2,20,30,0,0,0,0,0
235,35,7,0,0,2100000235,0,0,1,1529,1,15,0,28,5270,0,STEADY,510,3.44682,7.92976,0.158814,0.0803922,0.778431,184,148,11,0,0,2,15,100,104,18,0,50,0,0
235,35,7,0,0,2100000235,1,0,0,1564,1,0,44,29,5340,0,STEADY,522,3.29029,6.48295,0.169703,0.00574713,0.827586,217,204,10,2,0,1,16,56,110,9,0,25,0,0
236,36,8,1,0,2100000236,0,1,1,838,1,48,0,16,3170,0,STEADY,280,4.01974,3.01524,0.255732,0.228571,0.546429,0,0,2,7,5,0,2,116,45,0,0,41,0,0
236,36,8,1,0,2100000236,1,1,1,845,1,57,0,16,3230,0,STEADY,282,4.13576,5.39869,0.254096,0.27305,0.549645,0,0,3,7,6,0,0,116,36,0,0,79,0,0
237,37,9,2,0,2100000237,0,2,1,2700,3,118,96,48,8390,0,STEADY,900,3.63313,2.46674,0.297206,0.42,0.318889,0,0,43,0,2,0,3,87,32,0,0,267,0,0
237,37,9,2,0,2100000237,1,2,1,2700,3,118,76,48,8420,0,STEADY,900,3.66537,3.17952,0.294872,0.386667,0.327778,0,0,42,0,2,0,4,87,32,0,0,85,0,0
238,38,10,3,0,2100000238,0,3,0,472,1,0,86,6,1140,0,STEADY,158,7.02299,6.39041,0.853006,0.398734,0.417722,43,7,2,3,0,1,0,38,104,0,0,0,0,0
238,38,10,3,0,2100000238,1,3,0,472,1,0,86,6,1140,0,STEADY,158,7.02299,6.39041,0.853006,0.398734,0.417722,43,7,2,3,0,1,0,38,104,0,0,0,0,0
239,39,11,4,0,2100000239,0,0,0,2700,3,59,112,43,8920,0,STEADY,900,3.47826,4.43561,0.250117,0.233333,0.31,0,0,1,10,1,9,22,41,55,0,46,59,0,0
239,39,11,4,0,2100000239,1,0,0,2700,3,59,112,43,8920,0,STEADY,900,3.47826,4.43561,0.250117,0.233333,0.31,0,0,1,10,1,9,22,41,55,0,46,59,0,0
240,0,19,0,1,2100000240,0,2,0,1416,1,0,57,25,4680,0,STEADY,472,4.31047,6.63281,0.229301,0.169492,0.154661,69,2,0,13,0,1,11,75,113,0,0,55,0,0
240,0,19,0,1,2100000240,1,2,0,1225,1,0,82,22,4050,0,STEADY,409,4.56311,7.45961,0.257934,0.212714,0.110024,276,13,0,14,0,1,7,50,113,0,0,53,0,0
241,1,20,1,1,2100000241,0,3,0,2491,1,0,14,44,7900,0,STEADY,831,3.53719,2.35404,0.180193,0.441637,0.212996,481,95,6,14,0,2,22,84,136,0,33,96,0,0
241,1,20,1,1,2100000241,1,3,1,959,1,35,0,19,3440,0,STEADY,320,4.55102,2.90423,0.204016,0.45,0.20625,21,9,0,12,0,1,6,86,101,0,44,0,0,0
242,2,21,2,1,2100000242,0,0,1,1548,1,49,0,24,5080,0,STEADY,516,4.18369,4.31139,0.282481,0.405039,0.569767,0,0,13,8,0,0,3,124,45,0,0,99,0,0
242,2,21,2,1,2100000242,1,0,1,2700,3,28,40,44,8760,0,STEADY,900,3.66352,3.33389,0.202928,0.507778,0.435556,107,8,11,16,0,0,17,84,66,0,0,83,0,0
243,3,22,3,1,2100000243,0,1,0,1997,1,0,8,33,6340,0,STEADY,666,3.17392,5.43739,0.217492,0.295796,0.475976,192,58,18,3,8,1,3,167,106,0,0,86,0,0
243,3,22,3,1,2100000243,1,1,1,2039,1,8,0,33,6340,0,STEADY,680,3.16927,2.93528,0.261272,0.283824,0.442647,288,114,18,3,8,1,3,175,98,0,0,156,0,0
244,4,23,4,1,2100000244,0,2,1,2003,1,49,0,37,6890,0,STEADY,668,3.5613,3.57199,0.292731,0.215569,0.564371,144,32,4,11,2,0,20,117,74,0,0,224,0,0
244,4,23,4,1,2100000244,1,2,1,1546,1,77,0,29,5720,0,STEADY,516,4.23755,3.84717,0.36964,0.265504,0.48062,0,0,2,9,5,3,10,119,84,38,0,302,0,0
245,5,24,5,1,2100000245,0,3,0,944,2,128,115,6,1280,0,STEADY,315,6.97135,4.53575,0.942254,0.228571,0.412698,0,0,0,0,2,4,0,10,13,0,13,0,0,0
245,5,24,5,1,2100000245,1,3,1,1318,1,43,0,19,3080,0,STEADY,440,4.9269,3.36651,0.593636,0.259091,0.361364,33,14,11,1,3,2,2,125,98,0,13,251,0,0
246,6,25,0,1,2100000246,0,0,0,1268,1,0,54,23,4560,0,STEADY,423,3.96967,3.30232,0.197766,0.359338,0.375887,55,19,7,0,1,5,10,50,131,0,0,83,0,0
246,6,25,0,1,2100000246,1,0,0,712,1,0,31,14,2780,0,STEADY,238,4.01153,2.43742,0.239538,0.554622,0.197479,61,5,5,0,1,3,5,73,131,0,0,0,0,0
247,7,26,1,1,2100000247,0,1,1,1185,1,35,0,22,4290,0,STEADY,395,3.01087,5.10029,0.135215,0.182278,0.106329,30,0,0,12,4,1,5,108,65,0,0,49,0,0
247,7,26,1,1,2100000247,1,1,0,1136,1,0,16,22,4060,0,STEADY,379,2.907,2.80457,0.135317,0.16095,0.147757,64,6,2,13,3,1,3,92,100,0,0,73,0,0
248,8,27,2,1,2100000248,0,2,0,1169,1,0,55,22,4110,0,STEADY,390,4.60336,5.72225,0.248423,0.158974,0.125641,323,46,12,0,0,1,9,90,116,0,0,146,0,0
248,8,27,2,1,2100000248,1,2,0,1343,1,0,16,25,4440,0,STEADY,448,4.4993,5.09876,0.317288,0.1875,0.21875,168,4,21,0,0,1,3,129,116,0,0,133,0,0
249,9,28,3,1,2100000249,0,3,0,1324,1,0,29,21,4270,0,STEADY,442,4.10894,3.84019,0.351821,0.0452489,0.486425,218,113,6,4,1,2,8,82,163,14,0,170,0,0
249,9,28,3,1,2100000249,1,3,0,1222,1,0,11,20,4130,0,STEADY,408,4.65706,3.36809,0.36125,0.142157,0.35049,117,37,5,4,3,1,7,100,169,20,0,224,0,0
250,10,29,4,1,2100000250,0,0,1,350,1,62,0,8,1550,0,STEADY,117,5.87293,3.75411,0.507051,0.102564,0.34188,0,0,3,3,1,0,1,102,62,0,0,48,0,0
250,10,29,4,1,2100000250,1,0,1,514,1,93,0,11,2050,0,STEADY,172,5.62823,5.01578,0.388401,0.139535,0.436047,0,0,6,4,1,0,0,102,31,0,0,52,0,0
251,11,30,5,1,2100000251,0,1,0,2188,2,110,125,31,6560,0,STEADY,730,5.19277,2.882,0.370315,0.143836,0.426027,0,0,0,9,0,8,14,0,103,96,17,248,0,0
251,11,30,5,1,2100000251,1,1,0,2000,2,103,77,28,6040,0,STEADY,667,5.04102,3.24704,0.428726,0.158921,0.416792,0,0,0,9,2,8,9,48,110,96,0,259,0,0
252,12,31,0,1,2100000252,0,2,1,637,1,8,0,14,2500,0,STEADY,213,3.61712,2.60569,0.362183,0.300469,0.347418,51,11,6,2,4,1,1,141,103,0,0,193,0,0
252,12,31,0,1,2100000252,1,2,1,662,1,29,0,13,2640,0,STEADY,221,3.92635,1.68618,0.365068,0.199095,0.58371,32,17,2,2,6,2,1,141,82,0,0,81,0,0
253,13,32,1,1,2100000253,0,3,0,1353,1,0,28,23,4850,0,STEADY,451,4.18015,2.55302,0.156386,0.751663,0.059867,381,18,4,1,10,0,8,93,104,0,0,0,0,0
253,13,32,1,1,2100000253,1,3,0,395,1,0,15,9,1810,0,STEADY,132,5.84193,5.35448,0.310265,0.492424,0.0681818,62,1,4,1,4,0,0,106,104,0,0,0,0,0
254,14,33,2,1,2100000254,0,0,0,1039,1,0,114,19,3760,0,STEADY,347,2.87185,3.14137,0.209827,0.0288184,0.198847,38,4,0,1,1,3,14,38,113,0,14,16,0,0
254,14,33,2,1,2100000254,1,0,0,2700,3,24,59,47,8760,0,STEADY,900,2.58334,2.85792,0.21275,0.0288889,0.21,359,77,1,9,4,10,23,93,89,0,87,24,0,0
255,15,34,3,1,2100000255,0,1,0,1339,1,0,88,20,3730,0,STEADY,447,5.67622,3.90512,0.474195,0.208054,0.431767,37,13,2,6,1,3,8,52,118,0,28,102,0,0
255,15,34,3,1,2100000255,1,1,0,2131,1,0,24,29,5570,0,STEADY,711,5.65379,2.9608,0.508172,0.25879,0.344585,48,13,5,6,5,8,5,116,192,74,42,567,0,0
256,16,35,4,1,2100000256,0,2,1,1817,1,59,0,30,6390,0,STEADY,606,4.95082,7.10076,0.249035,0.282178,0.567657,0,0,15,11,0,2,2,110,56,0,0,30,0,0
256,16,35,4,1,2100000256,1,2,1,2438,1,45,0,37,8460,0,STEADY,813,4.54916,3.85704,0.259994,0.329643,0.432964,12,2,10,17,2,3,5,128,70,0,0,211,0,0
257,17,36,5,1,2100000257,0,3,1,598,1,27,0,7,1100,0,STEADY,200,6.18115,4.30869,0.779675,0.095,0.465,30,8,3,1,1,1,1,93,76,6,0,0,0,0
257,17,36,5,1,2100000257,1,3,1,664,1,44,0,8,1620,0,STEADY,222,5.77943,4.23698,0.762725,0.0900901,0.454955,5,0,1,3,0,1,3,93,60,6,0,0,0,0
258,18,37,0,1,2100000258,0,0,1,1875,1,76,0,29,5670,0,STEADY,625,4.08109,6.11203,0.176314,0.2224,0.6272,0,0,9,10,0,1,9,150,53,0,0,3,0,0
258,18,37,0,1,2100000258,1,0,1,1066,1,93,0,18,3630,0,STEADY,356,4.50884,5.96554,0.255348,0.185393,0.629213,0,0,6,9,0,0,3,150,36,0,0,62,0,0
259,19,38,1,1,2100000259,0,1,0,489,1,0,63,10,2000,0,STEADY,163,6.36166,3.88099,0.368098,0.312883,0.110429,56,14,5,2,1,0,2,41,132,0,0,43,0,0
259,19,38,1,1,2100000259,1,1,0,549,1,0,72,12,2340,0,STEADY,183,6.56225,4.67167,0.373743,0.344262,0.163934,98,25,7,2,1,1,1,32,132,0,22,0,0,0
260,20,39,2,1,2100000260,0,2,1,1791,1,53,0,32,5990,0,STEADY,597,4.16126,3.63925,0.317303,0.380235,0.537688,0,0,27,2,2,1,0,114,49,0,0,77,0,0
260,20,39,2,1,2100000260,1,2,1,2700,3,38,47,48,8540,0,STEADY,900,3.58968,2.81791,0.294622,0.464444,0.422222,279,61,42,1,1,1,3,67,64,0,0,272,0,0
261,21,0,3,1,2100000261,0,3,1,688,1,107,0,12,2170,0,STEADY,230,4.79801,2.77195,0.605696,0.0173913,0.521739,0,0,9,0,1,0,2,113,17,0,0,18,0,0
261,21,0,3,1,2100000261,1,3,1,2384,1,77,0,42,7300,0,STEADY,795,3.75758,2.33819,0.347805,0.299371,0.383648,0,0,30,3,0,2,7,113,47,0,0,196,0,0
262,22,1,4,1,2100000262,0,0,0,2468,2,76,102,33,7950,0,STEADY,823,3.97826,2.61571,0.162699,0.27339,0.370595,0,0,0,15,7,0,11,34,99,0,35,373,0,0
262,22,1,4,1,2100000262,1,0,1,2170,1,72,0,29,7420,0,STEADY,724,3.76593,1.93029,0.165638,0.296961,0.345304,0,0,0,18,7,0,4,150,103,0,58,200,0,0
263,23,2,5,1,2100000263,0,1,1,1545,2,35,34,22,3920,0,STEADY,515,5.34702,2.63247,0.624796,0.153398,0.475728,109,52,0,16,0,0,6,60,78,8,0,600,0,0
263,23,2,5,1,2100000263,1,1,1,1013,1,8,0,14,2560,0,STEADY,338,5.00138,5.38671,0.528772,0.118343,0.298817,78,16,0,8,0,0,6,94,111,14,0,0,0,0
264,24,3,0,1,2100000264,0,2,0,2692,2,24,12,43,8720,0,STEADY,898,3.77893,5.94372,0.23309,0.135857,0.454343,42,21,1,5,0,7,30,76,101,0,41,98,0,0
264,24,3,0,1,2100000264,1,2,0,2700,3,83,98,44,8880,0,STEADY,900,3.45893,5.45009,0.208317,0.0877778,0.504444,0,0,0,2,0,6,36,2,42,0,60,129,0,0
265,25,4,1,1,2100000265,0,3,1,842,1,10,0,16,3080,0,STEADY,281,3.77697,2.17805,0.227633,0.480427,0.149466,74,18,0,6,4,3,3,136,94,0,51,24,0,0
265,25,4,1,1,2100000265,1,3,0,754,1,0,2,15,2830,0,STEADY,252,3.92692,2.28701,0.230476,0.460317,0.142857,106,28,1,5,3,3,3,134,104,0,40,0,0,0
266,26,5,2,1,2100000266,0,0,1,2700,3,80,69,48,8330,0,STEADY,900,3.31725,3.25504,0.291628,0.507778,0.406667,0,0,1,41,1,0,5,72,28,0,0,263,0,0
266,26,5,2,1,2100000266,1,0,1,2700,3,80,36,48,8250,0,STEADY,900,3.31567,4.7744,0.295178,0.515556,0.425556,0,0,2,41,1,0,4,105,28,0,0,213,0,0
267,27,6,3,1,2100000267,0,1,1,2378,1,16,0,38,7220,0,STEADY,793,4.54087,3.54541,0.370498,0.42623,0.296343,213,39,24,1,4,1,8,131,129,0,0,403,0,0
267,27,6,3,1,2100000267,1,1,1,2030,1,27,0,33,6300,0,STEADY,677,4.57693,5.16118,0.401728,0.34712,0.481536,140,40,21,3,3,0,6,131,118,0,0,82,0,0
268,28,7,4,1,2100000268,0,2,0,574,1,0,6,11,2310,0,STEADY,192,3.46642,4.06154,0.25362,0.286458,0.432292,56,42,2,2,1,1,5,94,111,0,0,93,0,0
268,28,7,4,1,2100000268,1,2,1,746,1,91,0,14,2940,0,STEADY,249,3.66451,6.85668,0.244257,0.293173,0.64257,0,0,4,3,1,0,6,100,20,0,0,0,0,0
269,29,8,5,1,2100000269,0,3,1,1315,1,67,0,16,3360,0,STEADY,439,6.43874,3.77908,0.617904,0.182232,0.375854,0,0,1,6,5,1,3,116,35,0,57,118,0,0
269,29,8,5,1,2100000269,1,3,0,1485,2,69,116,17,3640,0,STEADY,495,6.29255,3.74616,0.704646,0.20202,0.391919,0,0,0,7,6,0,4,0,33,0,53,301,0,0
270,30,9,0,1,2100000270,0,0,1,2439,1,53,0,45,6630,0,STEADY,813,3.694,4.51479,0.234263,0.375154,0.487085,0,0,31,8,0,0,6,171,72,0,0,68,0,0
270,30,9,0,1,2100000270,1,0,1,1208,1,83,0,29,3550,0,STEADY,403,4.11005,6.55125,0.322457,0.0545906,0.759305,0,0,24,3,0,0,2,157,42,0,0,44,0,0
271,31,10,1,1,2100000271,0,1,0,891,1,0,64,16,3180,0,STEADY,297,4.70444,4.70517,0.420909,0.326599,0.208754,183,62,0,9,3,1,3,60,159,27,0,93,0,0
271,31,10,1,1,2100000271,1,1,0,2700,3,48,62,47,8470,0,STEADY,900,3.609,4.27978,0.254628,0.377778,0.204444,366,47,4,25,2,0,16,62,102,18,0,71,0,0
272,32,11,2,1,2100000272,0,2,1,653,1,67,0,12,2780,0,STEADY,218,5.34554,7.40668,0.251789,0.412844,0.454128,0,0,2,1,7,1,1,153,54,0,0,0,0,0
272,32,11,2,1,2100000272,1,2,1,506,1,67,0,10,2270,0,STEADY,169,5.6026,5.62847,0.259911,0.278107,0.556213,0,0,3,1,5,1,0,141,54,0,0,0,0,0
273,33,12,3,1,2100000273,0,3,1,1414,1,26,0,25,4140,0,STEADY,472,3.95385,3.01322,0.237129,0.146186,0.476695,41,21,14,1,6,0,4,111,126,0,0,94,0,0
273,33,12,3,1,2100000273,1,3,1,870,1,86,0,15,2580,0,STEADY,290,4.68044,4.80888,0.35369,0.0310345,0.568966,0,0,10,1,2,0,2,111,66,0,0,16,0,0
274,34,13,4,1,2100000274,0,0,1,930,1,3,0,18,3320,0,STEADY,310,5.74995,3.46107,0.427968,0.374194,0.229032,175,48,0,13,1,1,3,104,137,0,0,95,0,0
274,34,13,4,1,2100000274,1,0,1,1008,1,7,0,18,3520,0,STEADY,336,5.04235,3.81716,0.506875,0.327381,0.21131,46,0,0,11,3,1,3,104,133,0,0,185,0,0
275,35,14,5,1,2100000275,0,1,1,2353,1,21,0,38,6200,0,STEADY,785,2.93792,5.54598,0.470439,0.0598726,0.598726,199,65,10,14,1,1,12,113,89,9,10,82,0,0
275,35,14,5,1,2100000275,1,1,1,1836,2,101,113,24,4080,0,STEADY,612,5.566,2.5419,0.908415,0,0.614379,0,0,24,0,0,0,0,0,0,0,0,600,0,0
276,36,15,0,1,2100000276,0,2,1,695,1,81,0,14,2710,0,STEADY,232,4.19413,6.24297,0.232672,0.137931,0.581897,0,0,2,7,2,0,3,118,12,0,0,58,0,0
276,36,15,0,1,2100000276,1,2,1,869,1,69,0,17,3250,0,STEADY,290,4.09443,7.51562,0.206017,0.27931,0.534483,0,0,2,9,2,0,4,118,24,0,0,63,0,0
277,37,16,1,1,2100000277,0,3,0,727,1,0,11,14,2580,0,STEADY,243,3.90391,2.42854,0.378333,0.288066,0.246914,78,24,10,0,2,0,2,104,150,0,0,44,0,0
277,37,16,1,1,2100000277,1,3,1,911,1,17,0,17,3320,0,STEADY,304,3.85672,2.2301,0.313306,0.595395,0.134868,51,5,9,1,3,0,4,115,133,0,0,0,0,0
278,38,17,2,1,2100000278,0,0,1,1060,1,49,0,20,3660,0,STEADY,354,3.07408,6.7185,0.382966,0.392655,0.570621,0,0,5,10,1,1,3,105,55,0,0,0,0,0
278,38,17,2,1,2100000278,1,0,0,1709,1,0,8,31,5890,0,STEADY,570,3.15317,4.55621,0.173237,0.329825,0.636842,38,9,11,3,1,1,15,158,104,0,0,47,0,0
279,39,18,3,1,2100000279,0,1,0,992,1,0,93,16,3320,0,STEADY,331,4.89895,3.90359,0.499275,0.365559,0.253776,77,10,0,5,1,2,8,36,114,0,34,0,0,0
279,39,18,3,1,2100000279,1,1,0,2453,1,0,93,38,7920,0,STEADY,818,4.39435,3.127,0.394034,0.370416,0.284841,117,5,0,15,0,8,15,36,114,0,17,303,0,0
280,0,26,5,1,2100000280,0,3,0,2214,1,0,41,39,6410,0,STEADY,738,2.72626,2.49083,0.392209,0.0853659,0.422764,447,192,15,10,1,1,12,67,113,0,0,65,0,0
280,0,26,5,1,2100000280,1,3,0,1958,1,0,2,32,5970,0,STEADY,653,4.15075,2.69738,0.345123,0.156202,0.471669,44,27,2,16,0,3,11,106,113,0,0,311,0,0
281,1,27,0,1,2100000281,0,0,1,1960,1,42,0,37,6260,0,STEADY,654,4.82354,3.69104,0.286751,0.220183,0.440367,117,25,9,14,0,4,10,145,94,0,53,382,0,0
281,1,27,0,1,2100000281,1,0,1,2011,1,51,0,39,6340,0,STEADY,671,3.83609,4.24257,0.230469,0.365127,0.104322,184,32,10,22,0,2,5,145,85,0,44,233,0,0
282,2,28,1,1,2100000282,0,1,1,208,1,40,0,5,1060,0,STEADY,70,10.5432,6.13744,0.576429,0.671429,0.128571,0,0,3,2,0,0,0,95,54,0,0,0,0,0
282,2,28,1,1,2100000282,1,1,1,208,1,26,0,5,1060,0,STEADY,70,10.5991,6.22649,0.576429,0.671429,0.0714286,12,0,3,2,0,0,0,95,68,0,0,0,0,0
283,3,29,2,1,2100000283,0,2,1,2700,3,59,17,48,8530,0,STEADY,900,3.34942,4.2712,0.0991111,0.427778,0.127778,0,0,41,4,0,1,2,85,47,0,15,62,0,0
283,3,29,2,1,2100000283,1,2,1,2700,3,90,102,45,9040,0,STEADY,900,3.33547,3.67708,0.13115,0.46,0.0922222,0,0,22,15,5,1,2,0,16,0,0,77,0,0
284,4,30,3,1,2100000284,0,3,1,1148,1,26,0,20,3810,0,STEADY,383,5.15653,3.05081,0.415217,0.548303,0.198433,17,0,0,11,2,2,5,125,123,26,0,0,0,0
284,4,30,3,1,2100000284,1,3,1,821,1,13,0,15,2770,0,STEADY,274,5.06308,3.17281,0.442496,0.605839,0.138686,51,0,0,10,1,1,3,125,123,13,0,0,0,0
285,5,31,4,1,2100000285,0,0,1,1903,1,14,0,33,6160,0,STEADY,635,3.74184,3.49081,0.248858,0.182677,0.36378,48,19,8,1,4,5,15,168,127,0,32,52,0,0
285,5,31,4,1,2100000285,1,0,0,2121,2,74,93,33,6640,0,STEADY,707,4.7039,5.1701,0.301924,0.166902,0.360679,0,0,3,3,4,8,15,66,67,0,26,0,0,0
286,6,32,5,1,2100000286,0,1,1,2659,1,37,0,42,8020,0,STEADY,887,5.58221,3.81612,0.386065,0.0180383,0.648253,82,47,28,0,6,2,6,121,94,0,0,435,0,0
286,6,32,5,1,2100000286,1,1,0,1523,1,0,75,24,4500,0,STEADY,508,6.03118,5.56894,0.454911,0.0019685,0.698819,218,162,17,0,3,0,4,46,131,0,0,86,0,0
287,7,33,0,1,2100000287,0,2,0,1585,1,0,80,30,5320,0,STEADY,529,2.81007,7.25142,0.100132,0.219282,0.0510397,211,7,2,23,2,1,2,72,100,0,0,23,0,0
287,7,33,0,1,2100000287,1,2,0,1404,1,0,100,27,4790,0,STEADY,468,2.84657,7.8541,0.105684,0.237179,0.0641026,350,12,1,22,1,1,2,52,100,0,0,17,0,0
288,8,34,1,1,2100000288,0,3,0,950,1,0,29,18,3370,0,STEADY,317,4.67415,4.00275,0.33664,0.264984,0.29653,108,20,12,0,1,3,2,111,116,0,0,150,0,0
288,8,34,1,1,2100000288,1,3,0,901,1,0,36,18,3120,0,STEADY,301,4.30229,3.44243,0.286944,0.325581,0.285714,114,23,5,0,5,1,7,104,116,0,0,4,0,0
289,9,35,2,1,2100000289,0,0,0,2700,3,91,101,45,9070,0,STEADY,900,3.61981,3.93611,0.185817,0.157778,0.183333,0,0,2,1,1,0,41,0,70,12,0,34,0,0
289,9,35,2,1,2100000289,1,0,0,2700,3,101,98,45,9070,0,STEADY,900,3.6134,3.41665,0.183061,0.158889,0.178889,0,0,2,1,1,0,41,3,70,22,0,175,0,0
290,10,36,3,1,2100000290,0,1,1,625,1,108,0,11,2150,0,STEADY,209,6.05944,2.49122,0.510431,0.177033,0.5311,0,0,5,4,2,0,0,93,16,0,0,339,0,0
290,10,36,3,1,2100000290,1,1,1,525,1,106,0,10,1910,0,STEADY,175,6.07435,6.88302,0.444343,0.154286,0.6,0,0,4,4,1,0,1,93,18,0,0,43,0,0
291,11,37,4,1,2100000291,0,2,0,2548,2,106,96,41,8440,0,STEADY,850,4.15745,4.23294,0.250576,0.14,0.350588,0,0,2,6,4,5,24,54,55,44,22,149,0,0
291,11,37,4,1,2100000291,1,2,0,2333,2,116,78,38,7680,0,STEADY,778,4.11795,3.05427,0.256658,0.152956,0.431877,0,0,2,6,0,8,22,72,87,86,36,216,0,0
292,12,38,5,1,2100000292,0,3,1,691,1,59,0,11,2360,0,STEADY,231,6.39299,3.00683,0.742554,0.30303,0.398268,0,0,2,4,4,0,1,104,52,0,0,301,0,0
292,12,38,5,1,2100000292,1,3,1,745,1,15,0,13,2740,0,STEADY,249,5.27927,4.2903,0.468293,0.248996,0.349398,22,5,1,3,5,0,4,104,96,0,0,1,0,0
293,13,39,0,1,2100000293,0,0,1,1367,1,42,0,23,4890,0,STEADY,456,4.32587,5.82377,0.185669,0.326754,0.567982,0,0,4,1,11,0,7,114,62,0,0,142,0,0
293,13,39,0,1,2100000293,1,0,1,926,1,20,0,17,3500,0,STEADY,309,4.59149,6.51088,0.240129,0.343042,0.540453,220,142,5,1,7,0,4,114,84,0,0,96,0,0
294,14,0,1,1,2100000294,0,1,0,1933,1,0,89,32,6320,0,STEADY,645,3.05174,5.70537,0.212984,0.0248062,0.313178,213,82,0,2,2,5,23,16,113,0,23,16,0,0
294,14,0,1,1,2100000294,1,1,0,742,1,0,93,13,2680,0,STEADY,248,3.3974,7.12928,0.31881,0.0443548,0.274194,67,18,0,0,2,2,9,16,113,0,3,21,0,0
295,15,1,2,1,2100000295,0,2,0,1561,1,0,58,29,5010,0,STEADY,521,3.13646,3.41144,0.251344,0.278311,0.287908,305,107,4,18,1,1,5,78,127,9,0,236,0,0
295,15,1,2,1,2100000295,1,2,0,859,1,0,78,18,2890,0,STEADY,287,3.47504,3.2179,0.338328,0.41115,0.0766551,32,9,6,10,1,1,0,58,118,0,11,159,0,0
296,16,2,3,1,2100000296,0,3,1,903,1,34,0,16,3490,0,STEADY,301,5.78061,3.76724,0.313754,0.318937,0.325581,21,0,9,4,0,2,1,94,81,0,0,92,0,0
296,16,2,3,1,2100000296,1,3,1,614,1,41,0,11,2610,0,STEADY,205,6.62605,3.82275,0.433415,0.282927,0.380488,23,11,5,4,0,2,0,94,74,0,0,192,0,0
297,17,3,4,1,2100000297,0,0,1,536,1,64,0,10,2020,0,STEADY,179,3.71199,3.87323,0.388073,0.217877,0.217877,0,0,1,2,0,3,4,106,58,18,0,0,0,0
297,17,3,4,1,2100000297,1,0,1,530,1,84,0,10,2020,0,STEADY,177,3.7079,4.30849,0.390169,0.20339,0.186441,0,0,1,2,0,3,4,106,38,18,0,17,0,0
298,18,4,5,1,2100000298,0,1,0,1860,1,0,7,25,5320,0,STEADY,620,5.32744,3.74552,0.477327,0.227419,0.364516,130,47,4,12,0,6,3,168,129,0,20,355,0,0
298,18,4,5,1,2100000298,1,1,1,1838,1,49,0,28,4910,0,STEADY,613,4.92935,4.16106,0.316589,0.150082,0.500816,33,0,14,5,1,2,6,175,80,0,8,373,0,0
299,19,5,0,1,2100000299,0,2,1,2512,2,88,71,45,8070,0,STEADY,838,3.79209,4.41075,0.288508,0.414081,0.466587,0,0,37,1,2,2,3,70,44,0,22,600,0,0
299,19,5,0,1,2100000299,1,2,1,1391,1,101,0,26,4720,0,STEADY,464,3.85491,9.86247,0.305808,0.338362,0.543103,0,0,20,3,0,0,3,141,31,0,0,75,0,0
300,20,6,1,1,2100000300,0,3,0,1315,1,0,51,24,4600,0,STEADY,439,3.79971,2.75998,0.229989,0.387244,0.271071,186,42,11,1,0,4,8,80,102,0,30,0,0,0
300,20,6,1,1,2100000300,1,3,1,1252,1,4,0,23,4280,0,STEADY,418,4.09573,2.75505,0.27067,0.495215,0.251196,173,46,15,1,0,0,7,131,98,0,0,95,0,0
301,21,7,2,1,2100000301,0,0,0,2700,3,43,70,47,8730,0,STEADY,900,2.84465,4.1515,0.173078,0.136667,0.715556,21,13,15,3,0,1,28,30,81,0,0,22,0,0
301,21,7,2,1,2100000301,1,0,1,479,1,56,0,10,1910,0,STEADY,160,3.3063,6.78022,0.47125,0.1875,0.65,0,0,5,0,0,3,2,100,68,0,0,0,0,0
302,22,8,3,1,2100000302,0,1,0,1670,1,0,90,23,5320,0,STEADY,557,4.04935,3.62327,0.247357,0.16158,0.40754,111,65,0,8,5,0,10,26,175,0,50,305,0,0
302,22,8,3,1,2100000302,1,1,0,1774,1,0,90,22,5390,0,STEADY,592,4.01422,3.11225,0.332063,0.265203,0.217905,96,12,0,11,5,0,6,26,175,0,50,285,0,0
303,23,9,4,1,2100000303,0,2,1,2700,3,14,25,50,8130,0,STEADY,900,3.17127,4.59804,0.259822,0.273333,0.258889,92,35,13,29,0,2,6,136,106,15,0,111,0,0
303,23,9,4,1,2100000303,1,2,0,1930,1,0,23,37,6120,0,STEADY,644,3.18528,4.56493,0.284464,0.220497,0.135093,34,12,7,26,1,1,2,126,123,18,0,33,0,0
304,24,10,5,1,2100000304,0,3,0,620,1,0,107,7,1560,0,STEADY,207,6.97129,4.63158,0.860531,0.304348,0.376812,55,8,0,4,0,3,0,17,125,0,28,0,0,0
304,24,10,5,1,2100000304,1,3,0,805,2,28,124,8,1720,0,STEADY,269,6.84495,4.88498,0.886729,0.241636,0.446097,64,30,0,3,0,5,0,0,97,0,52,0,0,0
305,25,11,0,1,2100000305,0,0,1,1106,1,8,0,21,3800,0,STEADY,369,2.94483,1.67583,0.234973,0.360434,0.249322,126,33,5,4,3,6,3,165,96,0,0,99,0,0
305,25,11,0,1,2100000305,1,0,0,2395,2,14,115,40,7670,0,STEADY,799,3.85132,6.10199,0.284737,0.294118,0.239049,111,45,0,19,6,12,3,107,90,0,18,19,0,0
306,26,12,1,1,2100000306,0,1,0,487,1,0,62,11,1880,0,STEADY,163,3.55417,2.7903,0.452822,0.263804,0.404908,48,21,2,6,0,1,2,49,108,0,0,3,0,0
306,26,12,1,1,2100000306,1,1,1,754,1,39,0,16,2760,0,STEADY,252,3.366,2.50279,0.312063,0.369048,0.361111,3,0,3,8,1,0,4,111,69,0,0,17,0,0
307,27,13,2,1,2100000307,0,2,0,1024,1,0,19,19,3460,0,STEADY,342,5.78351,3.80283,0.331287,0.263158,0.277778,184,74,14,2,0,0,3,85,145,0,0,217,0,0
307,27,13,2,1,2100000307,1,2,0,1027,1,0,36,19,3420,0,STEADY,343,6.2163,5.43633,0.316327,0.253644,0.107872,153,10,14,1,0,0,4,68,145,0,0,0,0,0
308,28,14,3,1,2100000308,0,3,1,1355,1,89,0,20,4480,0,STEADY,452,5.07781,3.83377,0.416239,0.356195,0.393805,0,0,8,4,4,0,4,113,22,0,0,17,0,0
308,28,14,3,1,2100000308,1,3,1,653,1,28,0,11,2340,0,STEADY,218,4.42152,4.1776,0.526491,0.37156,0.353211,4,0,3,4,2,0,2,113,83,0,0,1,0,0
309,29,15,4,1,2100000309,0,0,1,2700,3,84,70,43,8920,0,STEADY,900,3.44182,3.38667,0.290283,0.294444,0.455556,0,0,1,15,8,2,17,96,18,0,81,332,0,0
309,29,15,4,1,2100000309,1,0,0,2492,2,6,59,41,8080,0,STEADY,831,3.75195,2.9333,0.24636,0.21781,0.357401,228,115,4,10,4,1,22,83,96,0,37,14,0,0
310,30,16,5,1,2100000310,0,1,1,1547,1,91,0,25,4060,0,STEADY,516,5.56998,2.76735,0.357581,0.0639535,0.488372,0,0,11,3,0,4,7,115,34,0,34,261,0,0
310,30,16,5,1,2100000310,1,1,1,1583,1,65,0,25,4230,0,STEADY,528,5.55325,2.89233,0.490144,0.107955,0.456439,0,0,11,5,0,7,2,115,60,0,18,398,0,0
311,31,17,0,1,2100000311,0,2,1,821,1,25,0,17,2830,0,STEADY,274,3.10005,1.97704,0.337464,0.30292,0.379562,11,0,5,7,0,1,4,116,107,0,0,168,0,0
311,31,17,0,1,2100000311,1,2,0,1171,1,0,44,22,3950,0,STEADY,391,3.18709,8.52185,0.315524,0.150895,0.639386,131,80,2,12,1,0,7,83,132,0,0,0,0,0
312,32,18,1,1,2100000312,0,3,0,773,1,0,37,14,3080,0,STEADY,258,4.98985,4.37853,0.242926,0.348837,0.25969,111,5,3,0,7,1,3,92,121,0,0,50,0,0
312,32,18,1,1,2100000312,1,3,0,524,1,0,20,11,2370,0,STEADY,175,5.46134,4.13913,0.232229,0.342857,0.342857,112,41,4,0,5,1,1,109,121,0,0,56,0,0
313,33,19,2,1,2100000313,0,0,1,2023,1,107,0,37,6500,0,STEADY,675,3.42806,4.35652,0.173007,0.140741,0.139259,0,0,30,2,1,0,4,132,45,0,0,87,0,0
313,33,19,2,1,2100000313,1,0,1,1177,1,57,0,23,3940,0,STEADY,393,3.6176,3.89871,0.152659,0.0687023,0.183206,174,4,18,1,2,0,2,132,95,0,0,99,0,0
314,34,20,3,1,2100000314,0,1,1,1022,1,90,0,16,2980,0,STEADY,341,6.22046,4.32306,0.583827,0.249267,0.390029,0,0,0,11,1,1,3,102,50,0,0,138,0,0
314,34,20,3,1,2100000314,1,1,1,1321,1,14,0,21,4020,0,STEADY,441,5.42165,3.16384,0.486395,0.353741,0.349206,42,16,3,10,4,2,2,98,126,0,0,227,0,0
315,35,21,4,1,2100000315,0,2,0,2016,1,0,26,35,6490,0,STEADY,672,4.20485,6.9162,0.284903,0.0982143,0.5625,44,8,17,0,0,1,17,98,101,0,0,68,0,0
315,35,21,4,1,2100000315,1,2,0,2194,1,0,96,38,7130,0,STEADY,732,4.21042,3.9263,0.258067,0.230874,0.516393,194,22,13,1,0,1,23,28,110,9,0,195,0,0
316,36,22,5,1,2100000316,0,3,0,2490,1,0,115,38,7180,0,STEADY,830,5.49094,2.73492,0.41997,0.13012,0.496386,405,209,3,18,0,9,8,60,93,0,0,522,0,0
316,36,22,5,1,2100000316,1,3,0,762,1,0,121,11,2070,0,STEADY,254,6.23483,3.47908,0.559035,0.145669,0.433071,79,37,2,7,0,1,1,54,93,0,0,16,0,0
317,37,23,0,1,2100000317,0,0,1,2114,1,90,0,37,7070,0,STEADY,705,3.56275,3.99628,0.240787,0.2,0.582979,0,0,16,1,2,0,18,115,60,0,0,188,0,0
317,37,23,0,1,2100000317,1,0,0,2700,3,107,61,46,8890,0,STEADY,900,3.26189,3.91144,0.213478,0.28,0.496667,0,0,13,0,2,0,31,51,43,0,0,32,0,0
318,38,24,1,1,2100000318,0,1,1,403,1,41,0,8,1480,0,STEADY,135,5.75987,3.38896,0.725778,0.696296,0.185185,45,8,4,3,0,1,0,125,63,0,0,0,0,0
318,38,24,1,1,2100000318,1,1,1,844,1,24,0,14,2530,0,STEADY,282,5.96116,2.58309,0.591862,0.659574,0.269504,80,14,6,6,0,1,1,125,80,0,0,410,0,0
319,39,25,2,1,2100000319,0,2,0,2186,1,0,63,37,7360,0,STEADY,729,3.2428,3.13999,0.214362,0.159122,0.410151,252,92,2,7,0,3,25,41,114,0,51,283,0,0
319,39,25,2,1,2100000319,1,2,0,1059,1,0,86,18,3800,0,STEADY,353,3.71462,2.66904,0.306431,0.184136,0.354108,153,65,0,5,0,5,8,18,114,0,17,147,0,0
320,0,33,4,1,2100000320,0,0,1,1405,1,38,0,26,4750,0,STEADY,469,3.6282,3.28046,0.264168,0.294243,0.409382,1,1,2,12,0,1,11,152,75,0,0,155,0,0
320,0,33,4,1,2100000320,1,0,0,1558,1,0,103,28,5290,0,STEADY,520,3.63945,5.21543,0.257683,0.107692,0.767308,416,347,1,10,0,1,16,49,113,0,0,0,0,0
321,1,34,5,1,2100000321,0,1,0,1660,1,0,86,19,3300,0,STEADY,554,6.44755,3.93271,0.776318,0.17509,0.424188,30,2,4,6,0,7,2,54,136,0,72,79,0,0
321,1,34,5,1,2100000321,1,1,1,1447,1,11,0,20,3050,0,STEADY,483,5.8152,3.35986,0.545952,0.362319,0.281573,55,0,10,5,0,3,2,140,125,0,137,149,0,0
322,2,35,0,1,2100000322,0,2,0,1940,1,0,23,30,6450,0,STEADY,647,4.59137,7.01852,0.192411,0.37558,0.493045,316,135,15,5,0,0,10,78,94,0,0,0,0,0
322,2,35,0,1,2100000322,1,2,1,1162,1,24,0,19,4050,0,STEADY,388,5.31106,7.84429,0.22259,0.420103,0.554124,3,0,10,5,0,0,4,110,70,0,0,0,0,0
323,3,36,1,1,2100000323,0,3,1,885,1,38,0,17,3290,0,STEADY,295,3.70514,2.31512,0.22922,0.389831,0.250847,62,11,9,4,0,0,4,93,68,0,0,11,0,0
323,3,36,1,1,2100000323,1,3,0,569,1,0,23,12,2270,0,STEADY,190,4.37647,2.7579,0.232816,0.426316,0.210526,42,14,7,2,0,1,2,70,106,0,15,0,0,0
324,4,37,2,1,2100000324,0,0,1,1540,1,37,0,31,5450,0,STEADY,514,4.26489,3.05697,0.303218,0.264591,0.501946,136,78,2,22,1,0,6,150,86,0,0,230,0,0
324,4,37,2,1,2100000324,1,0,1,1705,1,49,0,34,6080,0,STEADY,569,4.18684,3.80005,0.288098,0.344464,0.365554,13,0,2,21,1,1,9,150,87,13,0,214,0,0
325,5,38,3,1,2100000325,0,1,0,1072,1,0,74,16,3360,0,STEADY,358,5.45047,3.83062,0.442291,0.22067,0.287709,137,42,0,0,4,4,8,30,141,0,34,47,0,0
325,5,38,3,1,2100000325,1,1,0,871,2,99,84,10,2080,0,STEADY,291,6.81636,5.8518,0.649381,0.226804,0.429553,0,0,0,0,2,5,3,20,42,0,24,0,0,0
326,6,39,4,1,2100000326,0,2,1,2375,2,105,39,39,7570,0,STEADY,792,4.44613,3.43884,0.302955,0.388889,0.315657,0,0,25,0,6,5,3,75,26,0,0,600,0,0
326,6,39,4,1,2100000326,1,2,1,2700,3,79,28,43,8540,0,STEADY,900,4.5728,3.01203,0.290433,0.385556,0.323333,0,0,23,0,7,7,6,86,52,0,0,541,0,0
327,7,0,5,1,2100000327,0,3,0,1471,1,0,44,25,4290,0,STEADY,491,2.67357,2.96499,0.440458,0.089613,0.364562,69,23,9,7,1,2,6,69,100,0,0,65,0,0
327,7,0,5,1,2100000327,1,3,0,1068,1,0,53,20,3490,0,STEADY,356,3.53278,3.03836,0.294607,0.117978,0.38764,81,31,6,7,0,2,5,60,100,0,0,54,0,0
328,8,1,0,1,2100000328,0,0,1,1594,1,42,0,29,5220,0,STEADY,532,3.94706,7.83919,0.27407,0.330827,0.353383,7,0,16,1,3,2,7,139,74,0,10,221,0,0
328,8,1,0,1,2100000328,1,0,0,1436,1,0,14,26,4850,0,STEADY,479,3.92406,4.57598,0.241848,0.160752,0.496868,344,196,8,1,4,3,10,122,116,0,10,132,0,0
329,9,2,1,1,2100000329,0,1,1,1331,1,48,0,21,4790,0,STEADY,444,4.04846,7.65209,0.267117,0.0855856,0.252252,174,35,10,1,1,5,4,94,111,10,0,19,0,0
329,9,2,1,1,2100000329,1,1,0,1076,1,0,58,17,3770,0,STEADY,359,4.78318,4.38133,0.322354,0.0194986,0.376045,146,54,4,0,3,0,10,36,175,26,0,91,0,0
330,10,3,2,1,2100000330,0,2,1,606,1,102,0,13,2370,0,STEADY,202,5.21599,7.41454,0.23349,0.123762,0.678218,0,0,6,5,0,0,2,106,22,0,0,29,0,0
330,10,3,2,1,2100000330,1,2,1,303,1,118,0,8,1480,0,STEADY,101,5.53477,6.28913,0.358069,0.108911,0.574257,0,0,3,3,0,0,2,106,6,0,0,0,0,0
331,11,4,3,1,2100000331,0,3,1,1138,1,33,0,20,3600,0,STEADY,380,4.66125,3.06382,0.330184,0.192105,0.342105,71,33,7,4,0,4,5,149,125,41,20,123,0,0
331,11,4,3,1,2100000331,1,3,0,2250,1,0,81,36,7080,0,STEADY,750,3.44111,1.70612,0.215293,0.284,0.334667,72,13,4,3,2,8,19,81,213,96,46,119,0,0
332,12,5,4,1,2100000332,0,0,1,830,1,54,0,18,2920,0,STEADY,277,3.07437,4.41707,0.297256,0.169675,0.425993,0,0,10,1,5,2,0,141,57,0,0,59,0,0
332,12,5,4,1,2100000332,1,0,1,1546,1,53,0,29,5300,0,STEADY,516,3.28018,2.86004,0.257791,0.255814,0.387597,0,0,8,1,11,4,5,141,58,0,0,186,0,0
333,13,6,5,1,2100000333,0,1,0,2150,1,0,1,32,6880,0,STEADY,717,4.67769,5.91529,0.357357,0.306834,0.511855,156,24,7,0,15,1,9,130,104,0,0,251,0,0
333,13,6,5,1,2100000333,1,1,1,1043,1,32,0,16,3430,0,STEADY,348,5.3298,8.00624,0.459971,0.364943,0.543103,12,6,6,0,8,1,1,131,72,0,0,0,0,0
334,14,7,0,1,2100000334,0,2,0,2317,1,0,18,41,7360,0,STEADY,773,2.40336,5.34311,0.175815,0.00905563,0.416559,149,58,1,10,1,5,24,82,113,0,34,0,0,0
334,14,7,0,1,2100000334,1,2,0,2128,1,0,23,38,7000,0,STEADY,710,2.49708,5.40927,0.168859,0.0112676,0.433803,54,17,1,7,1,2,27,77,113,0,17,0,0,0
335,15,8,1,1,2100000335,0,3,0,698,1,0,36,14,2410,0,STEADY,233,3.90797,2.31572,0.383734,0.437768,0.188841,19,3,2,10,1,1,0,80,130,12,9,3,0,0
335,15,8,1,1,2100000335,1,3,0,463,1,0,82,10,1860,0,STEADY,155,4.82594,4.43351,0.367484,0.464516,0.0774194,37,0,0,7,1,1,1,34,139,21,24,0,0,0
336,16,9,2,1,2100000336,0,0,1,2700,3,79,100,41,9290,0,STEADY,900,3.75854,3.70574,0.153344,0.466667,0.348889,0,0,5,21,0,2,13,69,36,0,0,117,0,0
336,16,9,2,1,2100000336,1,0,0,2700,3,7,67,41,9180,0,STEADY,900,3.57814,3.36769,0.173606,0.485556,0.461111,261,45,10,22,0,2,7,120,108,0,0,48,0,0
337,17,10,3,1,2100000337,0,1,0,2700,3,108,124,0,0,0,STEADY,900,10.7912,5.50199,1,0.00111111,0.576667,0,0,0,0,0,0,0,0,12,0,0,0,0,0
337,17,10,3,1,2100000337,1,1,0,2700,3,108,115,0,0,0,STEADY,900,10.7939,5.48912,1,0.00111111,0.524444,0,0,0,0,0,0,0,0,12,0,0,0,0,0
338,18,11,4,1,2100000338,0,2,0,2391,1,0,99,35,6780,0,STEADY,797,3.84625,3.59655,0.167065,0.350063,0.46926,224,18,11,11,0,1,12,126,129,0,18,199,0,0
338,18,11,4,1,2100000338,1,2,1,1527,1,57,0,24,4880,0,STEADY,509,4.08489,8.39993,0.214472,0.247544,0.522593,0,0,8,12,1,1,2,189,72,0,18,86,0,0
339,19,12,5,1,2100000339,0,3,0,1013,1,0,52,13,2760,0,STEADY,338,5.17333,3.67533,0.567441,0.221893,0.405325,71,47,2,2,2,2,5,59,132,0,22,0,0,0
339,19,12,5,1,2100000339,1,3,0,1244,1,0,94,16,3170,0,STEADY,415,4.94002,4.63285,0.536783,0.156627,0.407229,138,60,6,2,1,0,7,17,132,0,0,0,0,0
340,20,13,0,1,2100000340,0,0,0,922,1,0,85,18,3310,0,STEADY,308,5.69675,3.41637,0.341834,0.331169,0.243506,44,8,14,1,0,1,2,19,102,0,0,211,0,0
340,20,13,0,1,2100000340,1,0,0,488,1,0,104,10,1920,0,STEADY,163,7.67467,3.3661,0.393129,0.233129,0.361963,45,23,7,1,0,1,1,0,102,0,22,46,0,0
341,21,14,1,1,2100000341,0,1,1,1285,1,97,0,24,4350,0,STEADY,429,3.39493,6.16224,0.270186,0.0606061,0.729604,0,0,7,4,1,2,10,113,27,0,0,18,0,0
341,21,14,1,1,2100000341,1,1,1,2047,1,2,0,40,6320,0,STEADY,683,2.52312,4.6757,0.185469,0.0673499,0.75549,189,107,2,21,1,1,15,113,122,0,0,18,0,0
342,22,15,2,1,2100000342,0,2,0,2700,3,35,66,38,8920,0,STEADY,900,3.08263,2.65993,0.161517,0.318889,0.342222,79,14,3,14,9,0,12,52,140,0,42,224,0,0
342,22,15,2,1,2100000342,1,2,0,2700,3,31,38,35,8660,0,STEADY,900,2.99518,3.30031,0.16307,0.306667,0.332222,179,53,2,18,7,0,8,80,144,0,42,99,0,0
343,23,16,3,1,2100000343,0,3,0,1540,1,0,14,26,4920,0,STEADY,514,3.83782,2.63968,0.267772,0.328794,0.317121,169,26,1,8,0,2,15,101,122,17,0,50,0,0
343,23,16,3,1,2100000343,1,3,1,1170,1,57,0,20,3740,0,STEADY,390,3.70725,2.20054,0.350167,0.315385,0.271795,0,0,1,10,2,2,5,115,68,20,0,51,0,0
344,24,17,4,1,2100000344,0,0,0,1296,1,0,77,22,4600,0,STEADY,432,3.08353,4.31177,0.23838,0.159722,0.673611,115,92,0,5,0,5,12,63,125,0,55,92,0,0
344,24,17,4,1,2100000344,1,0,1,490,1,14,0,11,2080,0,STEADY,164,3.26109,3.20041,0.269238,0.256098,0.384146,33,5,3,2,1,1,4,98,111,0,20,14,0,0
345,25,18,5,1,2100000345,0,1,1,1439,1,28,0,23,4300,0,STEADY,480,4.37592,4.75729,0.365344,0.3,0.247917,1,0,1,10,5,4,3,129,76,0,62,83,0,0
345,25,18,5,1,2100000345,1,1,0,2513,1,0,32,38,7460,0,STEADY,838,4.09654,6.64827,0.384374,0.239857,0.21599,52,5,0,10,12,8,8,97,104,0,96,0,0,0
346,26,19,0,1,2100000346,0,2,0,1700,1,0,17,30,5400,0,STEADY,567,4.30601,5.98319,0.262998,0.216931,0.148148,173,22,0,20,0,0,10,115,108,0,0,94,0,0
346,26,19,0,1,2100000346,1,2,0,1952,1,0,13,35,6220,0,STEADY,651,4.0765,4.528,0.252742,0.291859,0.233487,32,0,0,26,0,0,9,119,108,0,0,161,0,0
347,27,20,1,1,2100000347,0,3,1,1190,1,134,0,22,4190,0,STEADY,397,5.37145,4.25356,0.296625,0.287154,0.297229,0,0,13,1,2,0,6,94,11,0,0,172,0,0
347,27,20,1,1,2100000347,1,3,1,869,1,65,0,17,3210,0,STEADY,290,5.223,4.12715,0.282362,0.375862,0.296552,0,0,10,1,1,0,5,94,80,0,0,0,0,0
348,28,21,2,1,2100000348,0,0,1,391,1,77,0,8,1770,0,STEADY,131,4.72612,3.89467,0.417252,0.534351,0.351145,0,0,4,2,1,0,1,124,34,0,0,0,0,0
348,28,21,2,1,2100000348,1,0,0.5,1072,1,0,0,19,3950,0,STEADY,358,4.16652,6.13576,0.186662,0.259777,0.583799,264,173,5,4,1,0,9,124,111,0,0,151,0,0
349,29,22,3,1,2100000349,0,1,0,2437,1,0,76,36,7200,0,STEADY,813,4.24333,3.65162,0.379895,0.289053,0.420664,261,59,4,11,8,0,13,99,102,0,40,175,0,0
349,29,22,3,1,2100000349,1,1,1,2542,1,73,0,38,7760,0,STEADY,848,3.7283,3.29737,0.367565,0.349057,0.396226,0,0,4,13,11,1,9,175,29,0,149,196,0,0
350,30,23,4,1,2100000350,0,2,0,2460,1,0,18,44,6800,0,STEADY,820,3.57348,2.90763,0.205639,0.419512,0.362195,309,55,23,5,0,4,12,104,125,0,24,132,0,0
350,30,23,4,1,2100000350,1,2,1,2700,3,8,27,51,7290,0,STEADY,900,3.52262,4.40658,0.21208,0.414444,0.453333,132,3,29,4,0,8,10,91,117,0,64,117,0,0
351,31,24,5,1,2100000351,0,3,1,1570,1,28,0,21,3420,0,STEADY,524,4.87633,3.60671,0.594036,0.219466,0.425573,74,26,13,2,4,1,1,125,113,9,12,224,0,0
351,31,24,5,1,2100000351,1,3,1,1523,1,90,0,19,3380,0,STEADY,508,5.39567,4.16048,0.661998,0.222441,0.377953,0,0,5,9,3,1,1,125,45,3,12,57,0,0
352,32,25,0,1,2100000352,0,0,1,1174,1,72,0,21,4310,0,STEADY,392,5.05868,4.53148,0.150651,0.165816,0.673469,0,0,11,1,7,1,1,104,49,0,0,249,0,0
352,32,25,0,1,2100000352,1,0,1,980,1,58,0,17,3800,0,STEADY,327,4.5668,5.42408,0.208349,0.247706,0.642202,0,0,3,0,10,1,3,104,63,0,0,28,0,0
353,33,26,1,1,2100000353,0,1,0,1348,1,0,22,25,4490,0,STEADY,450,3.20581,2.04846,0.2066,0.0288889,0.468889,131,65,17,2,1,0,5,86,152,0,0,225,0,0
353,33,26,1,1,2100000353,1,1,1,1564,1,49,0,30,5190,0,STEADY,522,3.33226,4.12945,0.244243,0.0421456,0.436782,5,0,23,1,2,0,4,108,103,0,0,58,0,0
354,34,27,2,1,2100000354,0,2,1,1026,1,72,0,20,3610,0,STEADY,342,3.99938,3.02505,0.218406,0.233918,0.201754,0,0,2,10,1,0,7,145,68,0,0,235,0,0
354,34,27,2,1,2100000354,1,2,0,1126,1,0,4,21,3790,0,STEADY,376,4.8917,5.23978,0.285479,0.228723,0.0771277,59,0,0,16,1,0,4,141,140,0,0,7,0,0
355,35,28,3,1,2100000355,0,3,0,1214,1,0,69,19,3510,0,STEADY,405,4.48335,3.05142,0.417951,0.22716,0.375309,14,1,7,1,0,3,8,42,119,18,5,196,0,0
355,35,28,3,1,2100000355,1,3,0,1064,1,0,55,18,3280,0,STEADY,355,4.55861,3.38102,0.396507,0.157746,0.414085,18,0,8,1,0,4,5,56,133,32,25,255,0,0
356,36,29,4,1,2100000356,0,0,0,2660,1,0,11,44,8940,0,STEADY,887,4.2893,3.34399,0.212294,0.471251,0.319053,528,136,11,16,9,4,4,91,93,0,13,402,0,0
356,36,29,4,1,2100000356,1,0,1,1307,1,43,0,24,4580,0,STEADY,436,4.41604,3.90685,0.259828,0.279817,0.43578,0,0,2,12,3,1,6,102,50,0,13,110,0,0
357,37,30,5,1,2100000357,0,1,0,2700,3,53,55,39,7780,0,STEADY,900,3.7728,4.41446,0.387222,0.0688889,0.485556,170,77,12,2,5,0,20,70,97,0,0,82,0,0
357,37,30,5,1,2100000357,1,1,1,2681,1,69,0,40,7900,0,STEADY,894,4.35899,4.19097,0.369094,0.116331,0.508949,0,0,19,1,10,0,10,125,81,0,0,177,0,0
358,38,31,0,1,2100000358,0,2,1,830,1,80,0,16,2960,0,STEADY,277,4.97249,3.26346,0.354368,0.436823,0.407942,0,0,8,3,0,1,4,141,24,0,0,153,0,0
358,38,31,0,1,2100000358,1,2,1,1149,1,17,0,20,3690,0,STEADY,383,5.3731,4.27755,0.494856,0.389034,0.381201,35,3,8,6,1,1,4,150,87,0,0,73,0,0
359,39,32,1,1,2100000359,0,3,0,2700,3,32,26,44,8920,0,STEADY,900,3.09721,2.16114,0.221906,0.444444,0.197778,712,139,1,12,0,5,26,95,82,0,59,0,0,0
359,39,32,1,1,2100000359,1,3,0,2700,3,73,77,44,9000,0,STEADY,900,3.18773,2.10639,0.242478,0.6,0.147778,0,0,0,16,0,5,23,44,41,0,53,10,0,0
360,0,0,3,1,2100000360,0,1,0,1357,1,0,40,24,4540,0,STEADY,453,4.44693,6.95521,0.318234,0.147903,0.624724,33,19,0,11,0,1,12,73,113,0,0,90,0,0
360,0,0,3,1,2100000360,1,1,1,998,1,31,0,18,3230,0,STEADY,333,4.78585,4.35854,0.423423,0.249249,0.447447,79,48,1,12,0,1,4,113,82,0,0,80,0,0
361,1,1,4,1,2100000361,0,2,1,1069,1,35,0,23,3350,0,STEADY,357,3.94123,2.58309,0.292129,0.565826,0.162465,78,12,13,7,0,1,2,136,101,0,108,236,0,0
361,1,1,4,1,2100000361,1,2,1,1327,1,28,0,26,4300,0,STEADY,443,4.41986,2.07926,0.331546,0.392777,0.227991,25,7,6,14,0,2,4,136,108,0,11,514,0,0
362,2,2,5,1,2100000362,0,3,0,700,1,0,28,6,1350,0,STEADY,234,6.97367,3.81474,0.842201,0.205128,0.388889,39,9,3,2,1,0,0,66,94,0,0,57,0,0
362,2,2,5,1,2100000362,1,3,0,517,1,0,53,6,1350,0,STEADY,173,8.1563,4.1264,0.799827,0.312139,0.387283,29,10,3,2,1,0,0,41,94,0,0,0,0,0
363,3,3,0,1,2100000363,0,0,1,1403,1,13,0,26,4830,0,STEADY,468,3.76896,4.38717,0.194402,0.205128,0.455128,291,150,15,2,0,1,8,91,93,0,0,36,0,0
363,3,3,0,1,2100000363,1,0,0,1403,1,0,13,26,4810,0,STEADY,468,3.76896,4.43583,0.145481,0.175214,0.478632,205,118,17,3,0,1,5,93,106,0,0,94,0,0
364,4,4,1,1,2100000364,0,1,1,930,1,6,0,19,3730,0,STEADY,310,4.85804,5.40856,0.29769,0.229032,0.470968,56,47,0,7,2,2,8,136,139,22,0,26,0,0
364,4,4,1,1,2100000364,1,1,0,990,1,0,20,21,3630,0,STEADY,330,4.2439,3.61307,0.344576,0.306061,0.475758,124,85,2,16,1,0,2,112,123,0,0,169,0,0
365,5,5,2,1,2100000365,0,2,1,1706,1,27,0,26,5360,0,STEADY,569,3.05739,2.42782,0.61609,0.302285,0.260105,107,21,5,8,6,3,4,141,114,0,16,194,0,0
365,5,5,2,1,2100000365,1,2,1,2700,3,130,133,35,7640,0,STEADY,900,3.23949,3.85422,0.671767,0.136667,0.327778,0,0,0,14,2,4,15,8,11,0,34,122,0,0
366,6,6,3,1,2100000366,0,3,1,772,1,79,0,15,2710,0,STEADY,258,4.94302,2.80103,0.347442,0.573643,0.213178,0,0,12,0,1,0,2,131,52,0,0,1,0,0
366,6,6,3,1,2100000366,1,3,0,856,1,0,58,16,3210,0,STEADY,286,4.45241,2.8139,0.25458,0.402098,0.258741,54,0,5,0,2,1,8,73,131,0,0,0,0,0
367,7,7,4,1,2100000367,0,0,1,949,1,28,0,21,3300,0,STEADY,317,2.64677,3.4648,0.189164,0.0977918,0.488959,37,21,11,5,1,1,3,100,72,0,0,12,0,0
367,7,7,4,1,2100000367,1,0,0,949,1,0,28,21,3300,0,STEADY,317,2.64677,3.54656,0.228407,0.104101,0.504732,31,15,11,5,1,1,3,72,100,0,0,10,0,0
368,8,8,5,1,2100000368,0,1,1,2700,3,4,26,24,5180,0,STEADY,900,6.67136,3.34985,0.817378,0.162222,0.456667,324,149,5,0,3,11,5,90,112,0,0,151,0,0
368,8,8,5,1,2100000368,1,1,1,2692,1,26,0,25,5290,0,STEADY,898,6.68418,3.69175,0.838708,0.143653,0.412027,89,19,8,0,3,11,3,116,90,0,0,87,0,0
369,9,9,0,1,2100000369,0,2,1,2700,3,39,21,42,8880,0,STEADY,900,3.22655,4.67325,0.301378,0.185556,0.39,35,23,16,5,0,6,15,142,128,18,0,25,0,0
369,9,9,0,1,2100000369,1,2,1,1970,1,56,0,31,6800,0,STEADY,657,3.48527,5.89861,0.320495,0.121766,0.350076,46,3,13,2,0,6,10,157,101,8,0,11,0,0
370,10,10,1,1,2100000370,0,3,0,327,1,0,6,8,1460,0,STEADY,109,4.5282,2.78401,0.336972,0.458716,0.165138,32,5,4,2,0,0,2,118,124,0,0,0,0,0
370,10,10,1,1,2100000370,1,3,1,321,1,3,0,8,1550,0,STEADY,107,5.78785,3.33459,0.484766,0.35514,0.336449,37,12,3,3,1,0,1,124,121,0,0,3,0,0
371,11,11,2,1,2100000371,0,0,0.5,2333,1,0,0,38,7920,0,STEADY,778,3.3364,3.13663,0.273843,0.317481,0.38946,66,13,7,14,8,3,6,177,153,36,0,128,0,0
371,11,11,2,1,2100000371,1,0,0.5,2333,1,0,0,40,7720,0,STEADY,778,3.3364,3.05261,0.194158,0.22108,0.474293,102,37,8,7,2,6,17,153,177,60,0,137,0,0
372,12,12,3,1,2100000372,0,1,0,418,1,0,12,9,1710,0,STEADY,140,5.4508,2.97605,0.585679,0.435714,0.292857,22,8,3,2,3,0,1,99,111,0,0,0,0,0
372,12,12,3,1,2100000372,1,1,1,418,1,12,0,9,1750,0,STEADY,140,5.43114,2.76115,0.583786,0.485714,0.2,7,0,3,2,3,1,0,111,99,0,0,0,0,0
373,13,13,4,1,2100000373,0,2,0,722,1,0,22,10,2100,0,STEADY,241,7.34542,3.92667,0.579004,0.286307,0.240664,145,49,4,1,4,1,0,82,104,0,0,0,0,0
373,13,13,4,1,2100000373,1,2,1,481,1,22,0,10,2130,0,STEADY,161,7.58739,4.42264,0.282267,0.397516,0.142857,7,0,4,0,4,1,1,104,82,0,0,0,0,0
374,14,14,5,1,2100000374,0,3,1,1701,1,20,0,28,4800,0,STEADY,567,3.63846,2.76042,0.389427,0.0335097,0.5097,0,0,2,9,2,6,9,113,93,0,17,60,0,0
374,14,14,5,1,2100000374,1,3,0,2700,3,31,36,46,7760,0,STEADY,900,2.2038,2.76662,0.329128,0.0222222,0.36,231,82,2,18,4,3,19,77,82,0,33,166,0,0
375,15,15,0,1,2100000375,0,0,0,1431,1,0,22,27,4870,0,STEADY,477,3.16873,4.75231,0.203616,0.161426,0.410901,251,122,4,7,0,3,13,96,118,0,36,164,0,0
375,15,15,0,1,2100000375,1,0,1,1431,1,22,0,28,4470,0,STEADY,477,3.16873,4.77298,0.345115,0.278826,0.379455,248,109,7,19,0,1,1,118,96,0,16,159,0,0
376,16,16,1,1,2100000376,0,1,1,828,1,57,0,15,3250,0,STEADY,276,5.20177,7.938,0.226268,0.17029,0.67029,0,0,5,5,0,1,4,115,58,0,0,45,0,0
376,16,16,1,1,2100000376,1,1,1,1425,1,56,0,23,5290,0,STEADY,475,4.79787,5.77415,0.197389,0.265263,0.591579,0,0,5,10,1,2,5,115,59,0,0,139,0,0
377,17,17,2,1,2100000377,0,2,0,517,1,0,45,11,1940,0,STEADY,173,3.16497,5.55345,0.337283,0.196532,0.32948,50,17,3,1,1,3,3,71,115,18,0,0,0,0
377,17,17,2,1,2100000377,1,2,0,443,1,0,37,9,1780,0,STEADY,148,3.2928,3.7981,0.383885,0.216216,0.175676,42,5,1,1,0,3,4,78,122,12,0,46,0,0
378,18,18,3,1,2100000378,0,3,0,1081,1,0,51,16,3220,0,STEADY,361,5.25029,3.06884,0.38895,0.479224,0.268698,66,3,4,6,0,1,5,78,129,0,0,3,0,0
378,18,18,3,1,2100000378,1,3,1,880,1,71,0,13,2740,0,STEADY,294,5.77721,3.57531,0.44168,0.326531,0.319728,0,0,3,7,0,1,2,129,58,0,18,115,0,0
379,19,19,4,1,2100000379,0,0,0,2371,2,75,64,41,7770,0,STEADY,791,4.92804,2.79641,0.25098,0.381795,0.289507,0,0,17,2,0,5,17,68,57,0,22,583,0,0
379,19,19,4,1,2100000379,1,0,1,2371,2,64,75,41,7600,0,STEADY,791,4.92804,3.17268,0.250929,0.290771,0.340076,0,0,25,2,1,3,10,57,68,0,11,600,0,0
380,20,20,5,1,2100000380,0,1,0,2586,2,10,78,38,7960,0,STEADY,862,5.78983,4.35301,0.350342,0.156613,0.510441,221,117,10,4,2,8,14,8,92,0,32,241,0,0
380,20,20,5,1,2100000380,1,1,1,1937,2,82,86,27,6180,0,STEADY,646,6.63065,2.99754,0.423228,0.24613,0.385449,0,0,7,6,3,10,1,8,20,0,10,600,0,0
381,21,21,0,1,2100000381,0,2,1,1967,1,64,0,36,6290,0,STEADY,656,3.793,6.27391,0.311684,0.170732,0.338415,0,0,31,0,0,1,4,124,60,0,0,11,0,0
381,21,21,0,1,2100000381,1,2,1,1940,1,13,0,35,6290,0,STEADY,647,3.79558,6.81889,0.257566,0.151468,0.333849,118,11,23,1,1,1,9,124,111,0,0,9,0,0
382,22,22,1,1,2100000382,0,3,0,1348,1,0,101,16,4000,0,STEADY,450,3.22826,2.13816,0.191829,0.428889,0.22,141,24,4,8,1,0,3,74,175,0,0,43,0,0
382,22,22,1,1,2100000382,1,3,1,2346,1,99,0,30,7520,0,STEADY,782,3.09309,1.87346,0.15721,0.578005,0.172634,0,0,4,16,6,0,4,175,76,0,90,0,0,0
383,23,23,2,1,2100000383,0,0,1,860,1,105,0,16,3190,0,STEADY,287,3.14337,2.66989,0.327875,0.247387,0.320557,0,0,0,7,3,4,2,105,12,12,0,71,0,0
383,23,23,2,1,2100000383,1,0,0,860,1,0,105,17,3140,0,STEADY,287,3.14337,2.85399,0.323293,0.0940767,0.449477,78,40,2,4,0,1,10,12,105,0,0,54,0,0
384,24,24,3,1,2100000384,0,1,0.5,742,1,0,0,14,2280,0,STEADY,248,4.58974,3.128,0.48746,0.294355,0.322581,41,9,8,2,1,2,1,125,125,0,37,2,0,0
384,24,24,3,1,2100000384,1,1,0,1849,1,0,13,30,5880,0,STEADY,617,3.65173,3.69402,0.354571,0.220421,0.466775,32,21,6,7,2,8,7,112,125,0,17,225,0,0
385,25,25,4,1,2100000385,0,2,0.5,890,1,0,0,17,3070,0,STEADY,297,5.04495,2.54526,0.398687,0.521886,0.222222,42,15,0,13,1,3,0,104,104,0,0,203,0,0
385,25,25,4,1,2100000385,1,2,1,1442,1,70,0,25,4840,0,STEADY,481,3.99896,2.40776,0.279688,0.384615,0.239085,0,0,0,10,6,7,2,104,34,0,105,224,0,0
386,26,26,5,1,2100000386,0,3,0,1758,1,0,23,29,5300,0,STEADY,586,4.99234,2.58203,0.377671,0.158703,0.457338,407,199,0,18,1,0,10,85,108,0,0,143,0,0
386,26,26,5,1,2100000386,1,3,1,2253,1,66,0,38,7010,0,STEADY,751,4.18792,2.69006,0.341212,0.0905459,0.480692,0,0,3,13,1,0,21,108,42,0,0,47,0,0
387,27,27,0,1,2100000387,0,0,0,1578,2,50,16,25,4870,0,STEADY,526,6.26191,4.60449,0.424059,0.249049,0.422053,97,36,15,1,4,0,5,129,95,0,0,418,0,0
387,27,27,0,1,2100000387,1,0,1,1578,2,16,50,27,5270,0,STEADY,526,6.26191,3.81562,0.346302,0.163498,0.444867,219,104,15,1,4,0,7,95,129,0,0,600,0,0
388,28,28,1,1,2100000388,0,1,1,301,1,22,0,6,1230,0,STEADY,101,10.5914,5.23712,0.744752,0.465347,0.217822,1,0,3,3,0,0,0,107,89,0,0,0,0,0
388,28,28,1,1,2100000388,1,1,0,301,1,0,22,7,1400,0,STEADY,101,10.5914,5.35613,0.54995,0.514851,0.138614,28,0,3,4,0,0,0,81,111,0,0,0,0,0
389,29,29,2,1,2100000389,0,2,0.5,2258,1,0,0,36,7800,0,STEADY,753,3.78325,2.70541,0.308958,0.39575,0.266932,79,5,1,12,14,3,6,102,102,0,25,203,0,0
389,29,29,2,1,2100000389,1,2,0,2700,3,5,22,43,9040,0,STEADY,900,3.62909,2.75148,0.280633,0.414444,0.24,348,53,1,13,12,1,16,80,97,0,23,131,0,0
390,30,30,3,1,2100000390,0,3,1,773,1,21,0,19,2490,0,STEADY,258,4.4858,2.88164,0.416484,0.581395,0.197674,39,0,14,2,0,1,2,125,104,0,0,0,0,0
390,30,30,3,1,2100000390,1,3,1,1085,1,5,0,22,3330,0,STEADY,362,4.18166,2.58766,0.264331,0.519337,0.240331,107,2,13,3,0,1,5,125,120,0,13,47,0,0
391,31,31,4,1,2100000391,0,0,0,1609,1,0,22,29,5140,0,STEADY,537,4.15579,4.386,0.310819,0.240223,0.361266,46,9,2,19,1,0,7,110,141,9,0,74,0,0
391,31,31,4,1,2100000391,1,0,1,1609,1,22,0,30,5270,0,STEADY,537,4.15579,4.39741,0.293622,0.251397,0.383613,16,11,2,19,0,0,9,141,110,0,0,25,0,0
392,32,32,5,1,2100000392,0,1,1,1146,1,27,0,18,3980,0,STEADY,382,6.30042,4.19464,0.464031,0.230366,0.507853,100,73,5,1,7,2,3,121,94,0,0,230,0,0
392,32,32,5,1,2100000392,1,1,0,754,1,0,24,11,2490,0,STEADY,252,6.80061,7.58436,0.598075,0.206349,0.615079,59,43,3,0,5,2,1,97,121,0,0,0,0,0
393,33,33,0,1,2100000393,0,2,0,1979,1,0,49,36,6380,0,STEADY,660,3.21499,3.95191,0.203432,0.189394,0.383333,142,18,30,2,0,0,4,103,152,0,0,0,0,0
393,33,33,0,1,2100000393,1,2,1,1774,1,80,0,33,5710,0,STEADY,592,3.20442,7.61125,0.169958,0.0726351,0.439189,0,0,27,2,2,0,2,152,72,0,0,37,0,0
394,34,34,1,1,2100000394,0,3,1,763,1,27,0,17,2700,0,STEADY,255,3.91865,2.48525,0.349431,0.482353,0.184314,20,11,5,10,0,0,2,140,113,0,0,8,0,0
394,34,34,1,1,2100000394,1,3,0,1372,1,0,3,27,4400,0,STEADY,458,3.38463,2.12967,0.272227,0.351528,0.246725,67,24,8,12,0,0,7,137,140,0,0,54,0,0
395,35,35,2,1,2100000395,0,0,1,2570,1,3,0,46,8270,0,STEADY,857,3.84517,2.53527,0.227007,0.313886,0.362894,40,0,31,0,0,0,15,101,98,0,0,187,0,0
395,35,35,2,1,2100000395,1,0,0,2570,1,0,3,45,8190,0,STEADY,857,3.84517,2.6898,0.230735,0.288215,0.411902,58,0,27,0,0,0,18,98,101,0,0,188,0,0
396,36,36,3,1,2100000396,0,1,1,1089,1,32,0,19,3750,0,STEADY,363,4.95799,4.37831,0.303113,0.286501,0.446281,154,76,2,7,4,1,5,93,61,0,0,116,0,0
396,36,36,3,1,2100000396,1,1,0,1175,1,0,8,21,3990,0,STEADY,392,4.944,3.29094,0.306314,0.288265,0.359694,110,38,1,11,4,1,4,85,93,0,0,260,0,0
397,37,37,4,1,2100000397,0,2,1,2700,3,48,27,46,8610,0,STEADY,900,3.98648,3.48059,0.243461,0.254444,0.258889,43,8,27,2,2,0,15,123,102,0,0,347,0,0
397,37,37,4,1,2100000397,1,2,1,2700,3,78,144,46,8890,0,STEADY,900,4.0672,3.43867,0.234817,0.171111,0.287778,0,0,19,2,3,0,22,6,72,0,0,537,0,0
398,38,38,5,1,2100000398,0,3,0,1204,2,104,104,1,290,0,STEADY,402,7.30509,4.78513,0.987612,0.116915,0.58209,0,0,0,0,0,1,0,0,0,0,0,0,0,0
398,38,38,5,1,2100000398,1,3,1,2160,2,104,104,1,290,0,STEADY,720,6.95761,3.2279,0.993083,0.00972222,0.494444,0,0,0,0,0,1,0,0,0,0,0,600,0,0
399,39,39,0,1,2100000399,0,0,1,2700,3,24,39,45,8560,0,STEADY,900,2.99818,3.95133,0.308506,0.244444,0.39,161,34,9,17,1,6,12,75,90,0,15,79,0,0
399,39,39,0,1,2100000399,1,0,0,2700,3,39,24,45,8640,0,STEADY,900,2.99818,4.27123,0.263194,0.147778,0.412222,150,52,6,12,1,2,24,90,75,0,30,17,0,0
400,0,7,2,1,2100000400,0,2,1,965,1,51,0,19,3500,0,STEADY,322,3.10578,2.91692,0.246801,0.372671,0.413043,0,0,2,7,0,1,9,100,62,0,0,36,0,0
400,0,7,2,1,2100000400,1,2,1,660,1,31,0,14,2580,0,STEADY,220,3.72349,6.5998,0.277159,0.2,0.654545,84,78,1,7,0,1,5,100,82,0,0,22,0,0
401,1,8,3,1,2100000401,0,3,1,1303,1,55,0,23,3840,0,STEADY,435,4.48564,2.26732,0.41146,0.455172,0.197701,0,0,7,9,1,4,2,116,84,3,97,437,0,0
401,1,8,3,1,2100000401,1,3,0,1521,1,0,65,23,4230,0,STEADY,507,4.2927,3.40153,0.403116,0.386588,0.284024,104,12,2,7,0,4,10,51,136,0,111,0,0,0
402,2,9,4,1,2100000402,0,0,1,1020,1,76,0,16,3220,0,STEADY,340,4.73312,3.39873,0.51375,0.423529,0.485294,0,0,5,9,1,0,1,151,18,0,0,310,0,0
402,2,9,4,1,2100000402,1,0,1,1451,1,66,0,25,4830,0,STEADY,484,3.98159,6.83786,0.323512,0.268595,0.700413,0,0,4,14,1,0,6,149,28,0,0,0,0,0
403,3,10,5,1,2100000403,0,1,0,669,1,0,124,11,2040,0,STEADY,223,6.29045,3.89487,0.744821,0.251121,0.426009,68,20,6,0,1,3,1,0,106,0,31,0,0,0
403,3,10,5,1,2100000403,1,1,0,924,1,0,113,13,2440,0,STEADY,308,6.03332,3.61671,0.549237,0.188312,0.448052,124,61,6,0,1,3,3,11,106,0,36,0,0,0
404,4,11,0,1,2100000404,0,2,1,2700,3,91,106,52,8910,0,STEADY,900,3.62423,5.10259,0.320396,0.506667,0.33,0,0,6,36,1,3,6,83,71,39,0,130,0,0
404,4,11,0,1,2100000404,1,2,0,2700,3,101,59,55,8950,0,STEADY,900,3.59062,4.03137,0.312671,0.483333,0.313333,0,0,13,36,1,1,4,168,35,13,0,79,0,0
405,5,12,1,1,2100000405,0,3,1,805,1,37,0,15,3040,0,STEADY,269,3.09281,2.73904,0.299981,0.315985,0.263941,16,3,2,3,2,3,5,111,104,0,41,0,0,0
405,5,12,1,1,2100000405,1,3,1,775,1,27,0,16,2840,0,STEADY,259,3.03725,2.97954,0.282799,0.320463,0.27027,14,0,6,2,1,3,4,111,114,0,65,0,0,0
406,6,13,2,1,2100000406,0,0,1,1882,1,8,0,34,6250,0,STEADY,628,5.29322,6.57406,0.263814,0.197452,0.305732,422,117,25,0,2,3,4,104,123,0,0,63,0,0
406,6,13,2,1,2100000406,1,0,0,1751,1,0,55,33,5790,0,STEADY,584,5.77882,6.87876,0.300068,0.0907534,0.340753,353,115,30,0,1,1,1,49,131,0,0,115,0,0
407,7,14,3,1,2100000407,0,1,0,1695,1,0,60,35,5170,0,STEADY,565,2.65251,7.67472,0.247257,0.0778761,0.669027,404,300,23,7,1,2,2,53,100,0,0,52,0,0
407,7,14,3,1,2100000407,1,1,0,624,1,0,33,14,2370,0,STEADY,208,3.8397,2.25476,0.396562,0.115385,0.514423,35,27,7,3,1,2,1,80,100,0,0,110,0,0
408,8,15,4,1,2100000408,0,2,1,1397,1,52,0,25,4530,0,STEADY,466,3.95318,3.35749,0.328959,0.281116,0.401288,0,0,15,0,2,2,6,124,64,0,0,370,0,0
408,8,15,4,1,2100000408,1,2,1,1538,1,56,0,26,5100,0,STEADY,513,4.55683,2.7338,0.326511,0.253411,0.387914,0,0,15,0,0,5,6,118,60,0,0,434,0,0
409,9,16,5,1,2100000409,0,3,1,1951,1,139,0,33,5850,0,STEADY,651,3.47032,2.7408,0.357227,0.0721966,0.411674,0,0,4,14,3,0,12,115,26,16,0,194,0,0
409,9,16,5,1,2100000409,1,3,0,2277,2,76,66,32,7030,0,STEADY,759,4.50153,2.72237,0.423656,0.113307,0.396574,0,0,7,1,5,2,17,49,96,23,0,89,0,0
410,10,17,0,1,2100000410,0,0,1,900,1,96,0,17,3210,0,STEADY,300,4.72854,4.75805,0.285233,0.156667,0.633333,0,0,6,8,1,0,2,129,28,0,0,70,0,0
410,10,17,0,1,2100000410,1,0,1,1596,1,124,0,29,5380,0,STEADY,532,4.41165,4.79246,0.228524,0.172932,0.644737,0,0,12,13,1,0,3,172,0,0,0,319,0,0
411,11,18,1,1,2100000411,0,1,1,1751,1,51,0,29,6080,0,STEADY,584,3.44128,3.8549,0.2575,0.181507,0.375,0,0,2,8,3,6,10,129,138,72,10,211,0,0
411,11,18,1,1,2100000411,1,1,1,1643,1,43,0,27,5760,0,STEADY,548,3.43571,2.49782,0.290182,0.175182,0.45438,1,0,2,8,5,6,6,129,146,72,20,184,0,0
412,12,19,2,1,2100000412,0,2,1,2146,1,19,0,38,7060,0,STEADY,716,3.3456,5.76893,0.15273,0.226257,0.188547,168,75,7,1,15,2,13,132,92,0,0,82,0,0
412,12,19,2,1,2100000412,1,2,0,1229,1,0,12,22,4430,0,STEADY,410,3.6164,3.47221,0.21228,0.207317,0.204878,284,55,0,1,10,1,10,120,111,0,0,135,0,0
413,13,20,3,1,2100000413,0,3,1,859,1,104,0,15,3160,0,STEADY,287,7.19709,2.63244,0.483554,0.390244,0.320557,0,0,5,2,7,1,0,102,0,0,0,393,0,0
413,13,20,3,1,2100000413,1,3,0,1147,2,62,20,18,3830,0,STEADY,383,6.15975,4.77413,0.443668,0.292428,0.35248,0,0,4,2,8,1,3,82,42,0,0,0,0,0
414,14,21,4,1,2100000414,0,0,0,1187,1,0,108,21,4240,0,STEADY,396,3.08404,6.75851,0.214886,0.0378788,0.15404,195,21,0,1,3,3,14,16,113,0,15,0,0,0
414,14,21,4,1,2100000414,1,0,0,1645,1,0,86,29,5400,0,STEADY,549,3.12989,5.30432,0.261858,0.0309654,0.262295,119,47,0,6,2,5,16,38,113,0,15,149,0,0
415,15,22,5,1,2100000415,0,1,0,2112,2,36,127,30,5670,0,STEADY,704,6.2945,3.59026,0.475803,0.170455,0.431818,53,30,0,11,0,9,10,48,82,0,48,73,0,0
415,15,22,5,1,2100000415,1,1,0,1647,1,0,151,25,4490,0,STEADY,549,6.18661,3.35178,0.449199,0.23133,0.387978,119,47,0,17,0,3,5,24,118,0,0,0,0,0
416,16,23,0,1,2100000416,0,2,1,1220,1,9,0,21,4500,0,STEADY,407,3.86077,6.66968,0.177961,0.358722,0.503686,153,85,10,5,0,2,4,123,106,0,0,111,0,0
416,16,23,0,1,2100000416,1,2,0,1331,1,0,45,23,4830,0,STEADY,444,3.99397,4.98259,0.16768,0.274775,0.596847,255,189,7,6,0,1,9,79,115,0,0,148,0,0
417,17,24,1,1,2100000417,0,3,1,343,1,17,0,8,1360,0,STEADY,115,3.21323,2.10472,0.581739,0.217391,0.382609,65,36,3,2,0,2,1,125,91,12,0,7,0,0
417,17,24,1,1,2100000417,1,3,1,482,1,34,0,10,1780,0,STEADY,161,3.42548,2.48548,0.360901,0.149068,0.42236,59,39,3,2,0,3,2,125,80,18,0,16,0,0
418,18,25,2,1,2100000418,0,0,1,685,1,80,0,14,2750,0,STEADY,229,4.28479,4.48926,0.323074,0.196507,0.633188,0,0,5,6,0,0,3,104,49,0,0,46,0,0
418,18,25,2,1,2100000418,1,0,1,900,1,45,0,18,3440,0,STEADY,300,3.90696,5.47016,0.320623,0.213333,0.643333,57,46,8,8,0,0,2,104,84,0,0,60,0,0
419,19,26,3,1,2100000419,0,1,0,2279,1,0,31,37,7350,0,STEADY,760,3.75939,3.46075,0.269257,0.275,0.455263,235,66,9,2,2,4,20,77,132,0,36,170,0,0
419,19,26,3,1,2100000419,1,1,0,2700,3,26,21,43,8570,0,STEADY,900,3.72943,4.53596,0.243856,0.16,0.536667,353,153,8,0,3,3,29,87,106,0,0,134,0,0
420,20,27,4,1,2100000420,0,2,0,2061,1,0,110,35,6940,0,STEADY,687,5.24113,3.11311,0.259964,0.218341,0.432314,304,133,13,2,1,6,13,35,102,0,50,412,0,0
420,20,27,4,1,2100000420,1,2,0,1400,1,0,134,25,4930,0,STEADY,467,6.28079,4.14791,0.298779,0.199143,0.423983,185,71,11,2,0,5,7,11,102,0,14,111,0,0
421,21,28,5,1,2100000421,0,3,0,747,1,0,65,12,1950,0,STEADY,249,5.21624,4.11997,0.574317,0,0.51004,29,16,7,3,0,0,2,42,124,0,0,106,0,0
421,21,28,5,1,2100000421,1,3,1,1771,1,15,0,27,4810,0,STEADY,591,4.93454,3.8668,0.532242,0.0389171,0.446701,108,36,17,2,2,0,6,103,109,0,0,280,0,0
422,22,29,0,1,2100000422,0,0,1,1669,1,121,0,24,5900,0,STEADY,557,3.46058,5.54095,0.166808,0.100539,0.21544,0,0,1,12,6,0,5,102,54,0,46,25,0,0
422,22,29,0,1,2100000422,1,0,0,2700,3,91,51,38,9210,0,STEADY,900,3.12742,4.60033,0.15789,0.296667,0.15,0,0,4,17,10,0,7,51,84,0,54,47,0,0
423,23,30,1,1,2100000423,0,1,0,1799,1,0,89,29,5340,0,STEADY,600,3.54009,6.84645,0.325033,0.171667,0.14,434,61,0,18,1,2,8,36,111,6,0,22,0,0
423,23,30,1,1,2100000423,1,1,0,381,1,0,108,8,1620,0,STEADY,127,4.31504,2.61142,0.476969,0.173228,0.165354,49,6,0,2,1,2,3,17,108,3,0,0,0,0
424,24,31,2,1,2100000424,0,2,0,1654,1,0,82,29,5720,0,STEADY,552,3.68845,4.75299,0.191821,0.0471014,0.442029,42,6,2,2,0,1,24,59,125,0,0,28,0,0
424,24,31,2,1,2100000424,1,2,0,1732,1,0,79,29,5880,0,STEADY,578,3.50952,2.98085,0.176747,0.179931,0.352941,130,39,1,3,1,3,21,62,125,0,20,183,0,0
425,25,32,3,1,2100000425,0,3,1,1334,1,18,0,23,4320,0,STEADY,445,3.63902,2.29659,0.270831,0.453933,0.202247,190,34,3,6,4,7,3,121,86,0,86,16,0,0
425,25,32,3,1,2100000425,1,3,0,733,2,41,37,13,2410,0,STEADY,245,6.46117,4.79207,0.684816,0.302041,0.289796,10,0,0,7,4,1,1,84,63,0,46,0,0,0
426,26,33,4,1,2100000426,0,0,1,1622,1,33,0,29,5460,0,STEADY,541,3.6515,2.1697,0.267329,0.330869,0.327172,7,2,0,14,2,0,13,152,75,0,0,224,0,0
426,26,33,4,1,2100000426,1,0,0,1561,1,0,91,27,5210,0,STEADY,521,3.3797,2.61079,0.212044,0.228407,0.349328,29,9,1,5,1,0,20,61,108,0,0,98,0,0
427,27,34,5,1,2100000427,0,1,1,1890,1,21,0,26,5250,0,STEADY,630,6.20743,3.47904,0.555865,0.27619,0.273016,30,4,13,4,4,0,5,140,124,0,0,320,0,0
427,27,34,5,1,2100000427,1,1,1,2317,2,40,23,24,5290,0,STEADY,773,7.33206,2.83738,0.717542,0.267788,0.347995,123,32,10,4,9,0,1,117,105,0,0,600,0,0
428,28,35,0,1,2100000428,0,2,1,921,1,83,0,16,3470,0,STEADY,307,4.82471,3.28838,0.253893,0.413681,0.37785,0,0,8,4,1,0,3,110,28,0,0,216,0,0
428,28,35,0,1,2100000428,1,2,1,1660,1,55,0,27,5760,0,STEADY,554,5.3883,6.30555,0.187049,0.261733,0.548736,0,0,11,5,1,0,10,110,56,0,0,45,0,0
429,29,36,1,1,2100000429,0,3,0,1889,1,0,77,30,6360,0,STEADY,630,3.68722,2.02198,0.283429,0.749206,0.084127,172,8,0,9,9,0,12,16,102,0,113,2,0,0
429,29,36,1,1,2100000429,1,3,0,1466,1,0,77,24,5080,0,STEADY,489,3.59222,1.95485,0.320767,0.693252,0.0858896,200,13,0,6,7,0,11,16,102,0,105,0,0,0
430,30,37,2,1,2100000430,0,0,0,1889,1,0,43,42,5190,0,STEADY,630,4.12923,5.96415,0.264259,0.128571,0.666667,113,27,31,2,0,2,7,107,125,0,30,86,0,0
430,30,37,2,1,2100000430,1,0,0,2441,1,0,17,56,6200,0,STEADY,814,3.96685,2.98981,0.286802,0.363636,0.487715,185,11,49,3,0,0,4,133,125,0,0,275,0,0
431,31,38,3,1,2100000431,0,1,0,1093,1,0,44,17,3370,0,STEADY,365,6.19686,4.19036,0.536918,0.232877,0.273973,98,21,0,8,3,0,6,60,141,9,0,212,0,0
431,31,38,3,1,2100000431,1,1,0,982,2,66,53,12,2500,0,STEADY,328,7.23546,5.25713,0.637881,0.210366,0.39939,74,35,0,6,4,0,2,51,93,27,0,0,0,0
432,32,39,4,1,2100000432,0,2,1,893,1,41,0,16,3470,0,STEADY,298,5.41907,3.82825,0.251393,0.278523,0.506711,59,39,6,0,9,1,0,114,80,0,0,161,0,0
432,32,39,4,1,2100000432,1,2,1,2700,3,26,34,41,9030,0,STEADY,900,4.21142,4.00292,0.163206,0.477778,0.393333,364,26,6,0,23,1,11,80,95,0,0,398,0,0
433,33,0,5,1,2100000433,0,3,0,1609,2,91,28,22,4290,0,STEADY,537,5.61126,3.28129,0.586518,0.0670391,0.538175,0,0,9,4,0,0,9,85,61,0,0,90,0,0
433,33,0,5,1,2100000433,1,3,1,2331,2,33,29,34,6020,0,STEADY,777,4.74905,2.88713,0.53168,0.048906,0.552124,166,95,26,4,2,0,2,84,119,0,0,600,0,0
434,34,1,0,1,2100000434,0,0,1,886,1,71,0,18,3160,0,STEADY,296,3.97872,4.80692,0.323767,0.337838,0.233108,0,0,2,13,1,1,1,136,69,0,0,136,0,0
434,34,1,0,1,2100000434,1,0,0,745,1,0,44,17,2620,0,STEADY,249,3.3405,2.99921,0.311566,0.301205,0.236948,48,11,8,7,1,0,1,92,140,0,0,102,0,0
435,35,2,1,1,2100000435,0,1,0,535,1,0,38,11,1990,0,STEADY,179,5.26357,6.11031,0.364525,0.0335196,0.296089,45,13,7,0,0,2,2,56,119,18,10,28,0,0
435,35,2,1,1,2100000435,1,1,1,1755,1,10,0,32,5830,0,STEADY,585,4.73272,6.36434,0.244692,0.0888889,0.283761,23,3,19,0,0,3,10,94,118,27,14,49,0,0
436,36,3,2,1,2100000436,0,2,1,521,1,60,0,11,2200,0,STEADY,174,4.62143,3.66203,0.315316,0.258621,0.528736,0,0,1,4,4,1,1,106,33,0,11,100,0,0
436,36,3,2,1,2100000436,1,2,1,893,1,38,0,17,3340,0,STEADY,298,4.29342,6.5577,0.184732,0.184564,0.691275,0,0,1,6,4,1,5,106,55,0,0,0,0,0
437,37,4,3,1,2100000437,0,3,0,2328,1,0,34,39,7360,0,STEADY,776,4.1247,2.83344,0.254098,0.31701,0.326031,77,7,21,1,3,0,14,154,150,0,0,426,0,0
437,37,4,3,1,2100000437,1,3,0,1429,1,0,74,21,4290,0,STEADY,477,5.20841,3.39232,0.460493,0.194969,0.362683,213,84,8,3,3,0,7,88,150,0,0,237,0,0
438,38,5,4,1,2100000438,0,0,1,1749,1,4,0,18,3180,0,STEADY,583,5.9856,2.46361,0.911587,0.425386,0.373928,168,40,10,7,0,1,0,141,100,0,0,420,0,0
438,38,5,4,1,2100000438,1,0,1,2340,1,34,0,32,5730,0,STEADY,780,5.25784,2.54539,0.634429,0.473077,0.352564,28,9,14,12,1,1,4,141,70,0,0,523,0,0
439,39,6,5,1,2100000439,0,1,0,2700,3,8,67,41,8360,0,STEADY,900,3.76417,4.57795,0.344567,0.161111,0.298889,308,125,2,14,1,7,17,64,106,0,85,0,0,0
439,39,6,5,1,2100000439,1,1,0,2026,2,87,87,27,5640,0,STEADY,676,5.07616,4.28478,0.527685,0.173077,0.344675,0,0,0,14,0,6,7,44,27,0,64,225,0,0
440,0,14,1,1,2100000440,0,3,1,2589,1,60,0,46,8390,0,STEADY,863,2.72662,2.01916,0.327787,0.264195,0.528389,0,0,5,16,0,1,24,113,53,0,0,0,0,0
440,0,14,1,1,2100000440,1,3,0,2700,3,87,1,48,8700,0,STEADY,900,2.94573,2.61331,0.371883,0.257778,0.497778,0,0,4,24,0,2,18,112,26,0,0,20,0,0
441,1,15,2,1,2100000441,0,0,1,1399,1,70,0,27,4730,0,STEADY,467,3.23698,2.70126,0.195824,0.648822,0.0899358,0,0,5,9,0,0,13,118,66,0,70,191,0,0
441,1,15,2,1,2100000441,1,0,1,937,1,86,0,21,3140,0,STEADY,313,3.24578,1.89851,0.224792,0.734824,0.057508,0,0,11,6,0,1,3,118,50,0,70,156,0,0
442,2,16,3,1,2100000442,0,1,1,931,1,26,0,15,3320,0,STEADY,311,5.4978,4.26102,0.360418,0.427653,0.286174,11,0,8,3,1,0,3,115,68,0,0,121,0,0
442,2,16,3,1,2100000442,1,1,1,819,1,44,0,14,2900,0,STEADY,273,5.45559,3.28162,0.559029,0.461538,0.32967,0,0,4,5,1,0,4,115,50,0,0,268,0,0
443,3,17,4,1,2100000443,0,2,0,953,1,0,54,18,3380,0,STEADY,318,3.36457,3.69069,0.267626,0.238994,0.528302,49,32,12,3,1,0,2,78,106,0,0,65,0,0
443,3,17,4,1,2100000443,1,2,0,1088,1,0,85,20,3730,0,STEADY,363,3.27308,5.43939,0.211997,0.203857,0.559229,157,105,13,3,0,0,4,55,106,0,0,0,0,0
444,4,18,5,1,2100000444,0,3,1,1200,1,84,0,17,2890,0,STEADY,400,4.79058,4.07456,0.6683,0.1675,0.4325,0,0,7,3,2,1,4,129,52,13,0,0,0,0
444,4,18,5,1,2100000444,1,3,0,1268,1,0,28,17,3440,0,STEADY,423,6.72693,4.74148,0.679229,0.271868,0.345154,89,29,0,8,4,3,2,101,162,39,0,0,0,0
445,5,19,0,1,2100000445,0,0,0,2700,3,104,17,48,8240,0,STEADY,900,2.9263,2.60794,0.212111,0.278889,0.281111,0,0,20,4,2,6,16,115,37,0,20,241,0,0
445,5,19,0,1,2100000445,1,0,0,2700,3,90,47,45,8200,0,STEADY,900,3.10373,4.76694,0.228056,0.221111,0.197778,0,0,13,5,1,5,21,85,51,0,53,209,0,0
446,6,20,1,1,2100000446,0,1,1,1801,1,57,0,32,5880,0,STEADY,601,5.40404,4.94241,0.30871,0.0648918,0.668885,0,0,24,0,2,3,3,88,74,0,0,99,0,0
446,6,20,1,1,2100000446,1,1,1,1505,1,109,0,28,5080,0,STEADY,502,5.18674,5.89787,0.282371,0.00996016,0.802789,0,0,22,0,2,0,4,98,22,0,0,31,0,0
447,7,21,2,1,2100000447,0,2,0,1658,1,0,13,31,5600,0,STEADY,553,3.1194,7.32116,0.0990145,0.180832,0.132007,304,47,4,19,5,1,2,111,100,0,0,5,0,0
447,7,21,2,1,2100000447,1,2,1,2332,1,55,0,44,7460,0,STEADY,778,2.85828,2.51079,0.0948458,0.16838,0.160668,0,0,9,29,4,1,1,124,45,0,0,89,0,0
448,8,22,3,1,2100000448,0,3,1,1405,1,49,0,24,4320,0,STEADY,469,4.88863,3.07656,0.370288,0.307036,0.345416,0,0,18,0,1,2,3,175,67,0,0,338,0,0
448,8,22,3,1,2100000448,1,3,1,1583,1,38,0,25,4540,0,STEADY,528,4.63904,3.31826,0.46804,0.325758,0.36553,48,2,20,1,0,2,2,175,78,0,0,253,0,0
449,9,23,4,1,2100000449,0,0,1,2107,1,25,0,37,6950,0,STEADY,703,3.05922,6.11443,0.171401,0.0440967,0.658606,25,12,3,8,1,0,25,123,124,0,0,16,0,0
449,9,23,4,1,2100000449,1,0,0,1979,1,0,45,34,6750,0,STEADY,660,3.54165,4.80172,0.175583,0.0257576,0.601515,97,43,3,3,1,0,27,82,151,2,0,117,0,0
450,10,24,5,1,2100000450,0,1,1,868,1,124,0,8,1840,0,STEADY,290,6.9147,2.61481,0.853172,0.168966,0.455172,0,0,0,4,4,0,0,125,0,0,0,507,0,0
450,10,24,5,1,2100000450,1,1,1,573,1,61,0,9,1810,0,STEADY,191,6.80261,4.91854,0.644058,0.17801,0.424084,0,0,3,4,2,0,0,125,63,0,0,59,0,0
451,11,25,0,1,2100000451,0,2,0,1490,1,0,15,26,5160,0,STEADY,497,3.12607,2.18147,0.235936,0.422535,0.275654,74,20,4,5,2,5,10,89,165,48,30,5,0,0
451,11,25,0,1,2100000451,1,2,0,2700,3,54,30,46,8720,0,STEADY,900,2.9926,2.04292,0.196967,0.492222,0.231111,48,3,9,5,1,11,20,74,195,132,86,27,0,0
452,12,26,1,1,2100000452,0,3,1,1397,1,10,0,26,4940,0,STEADY,466,2.72381,1.9984,0.249957,0.242489,0.343348,69,34,6,1,11,6,2,108,101,0,0,128,0,0
452,12,26,1,1,2100000452,1,3,0,2700,3,78,6,47,8960,0,STEADY,900,2.77744,1.73864,0.180378,0.267778,0.335556,0,0,7,1,21,6,12,102,33,0,0,124,0,0
453,13,27,2,1,2100000453,0,0,0,713,1,0,4,14,2830,0,STEADY,238,6.01553,3.57012,0.253193,0.407563,0.403361,30,18,6,1,6,0,1,141,104,0,0,152,0,0
453,13,27,2,1,2100000453,1,0,1,971,1,36,0,18,3570,0,STEADY,324,5.53111,3.79728,0.189475,0.42284,0.339506,79,38,8,1,6,0,3,145,68,0,0,141,0,0
454,14,28,3,1,2100000454,0,1,0,857,1,0,95,14,2880,0,STEADY,286,4.04397,7.19442,0.467133,0.048951,0.398601,36,16,0,0,2,4,8,16,113,0,30,13,0,0
454,14,28,3,1,2100000454,1,1,0,971,1,0,111,16,3160,0,STEADY,324,3.7257,7.18987,0.377083,0.0462963,0.25,64,20,0,2,3,3,8,0,113,0,25,32,0,0
455,15,29,4,1,2100000455,0,2,0,1729,1,0,10,32,5420,0,STEADY,577,3.47812,4.30508,0.307678,0.34662,0.197574,60,0,8,16,2,3,3,92,134,16,0,236,0,0
455,15,29,4,1,2100000455,1,2,1,2700,3,53,46,48,8140,0,STEADY,900,3.47402,3.54827,0.275994,0.282222,0.248889,0,0,9,27,1,3,8,56,97,32,12,319,0,0
456,16,30,5,1,2100000456,0,3,0,1853,1,0,64,27,6080,0,STEADY,618,5.44468,3.04103,0.30411,0.18123,0.456311,387,193,8,8,0,3,8,61,115,0,0,81,0,0
456,16,30,5,1,2100000456,1,3,0,2465,1,0,50,36,8100,0,STEADY,822,4.54419,2.94307,0.271661,0.148418,0.504866,249,127,10,10,0,4,12,75,115,0,0,86,0,0
457,17,31,0,1,2100000457,0,0,1,1594,1,65,0,27,5440,0,STEADY,532,2.99226,8.71062,0.220724,0.195489,0.103383,0,0,3,4,0,12,8,132,79,60,0,0,0,0
457,17,31,0,1,2100000457,1,0,0,895,1,0,27,17,3160,0,STEADY,299,3.10099,4.86081,0.215418,0.140468,0.220736,119,29,3,1,2,4,7,105,116,24,0,72,0,0
458,18,32,1,1,2100000458,0,1,1,667,1,89,0,14,2540,0,STEADY,223,5.01356,2.78914,0.337031,0.242152,0.390135,0,0,8,6,0,0,0,121,40,0,0,143,0,0
458,18,32,1,1,2100000458,1,1,0,773,1,0,11,16,2870,0,STEADY,258,4.98101,6.39902,0.285388,0.224806,0.313953,62,22,9,6,0,1,0,110,129,0,18,0,0,0
459,19,33,2,1,2100000459,0,2,0,1835,1,0,72,31,6110,0,STEADY,612,3.69268,5.34436,0.21165,0.19281,0.73366,60,0,8,2,1,1,19,80,132,0,0,36,0,0
459,19,33,2,1,2100000459,1,2,0,1961,1,0,72,34,6680,0,STEADY,654,3.70027,6.38481,0.195772,0.175841,0.680428,190,66,9,2,1,1,21,80,132,0,0,69,0,0
460,20,34,3,1,2100000460,0,3,1,1966,1,34,0,31,6250,0,STEADY,656,5.36722,3.7001,0.337797,0.245427,0.422256,0,0,14,2,3,6,6,140,68,0,19,399,0,0
460,20,34,3,1,2100000460,1,3,0,1808,1,0,73,28,5740,0,STEADY,603,5.68481,3.06438,0.422305,0.232172,0.376451,114,40,13,3,2,7,3,67,102,0,18,303,0,0
461,21,35,4,1,2100000461,0,0,1,1877,1,64,0,35,5920,0,STEADY,626,3.92198,4.65809,0.345519,0.0447284,0.284345,0,0,28,3,0,0,4,119,60,0,0,172,0,0
461,21,35,4,1,2100000461,1,0,1,1818,1,82,0,33,5850,0,STEADY,606,3.83781,3.50305,0.32486,0.0330033,0.379538,0,0,15,4,0,1,13,119,42,0,0,158,0,0
462,22,36,5,1,2100000462,0,1,1,1675,1,12,0,21,4890,0,STEADY,559,4.08977,6.12667,0.317991,0.0876565,0.322004,99,25,1,7,4,1,8,93,163,0,54,0,0,0
462,22,36,5,1,2100000462,1,1,0,1619,1,0,41,21,4780,0,STEADY,540,4.16015,7.69712,0.324569,0.0851852,0.32037,85,20,0,6,5,1,9,52,175,0,52,0,0,0
463,23,37,0,1,2100000463,0,2,0,698,1,0,126,14,2750,0,STEADY,233,3.6011,5.79972,0.301223,0.184549,0.141631,43,1,0,5,2,1,6,24,107,2,0,104,0,0
463,23,37,0,1,2100000463,1,2,0,608,1,0,126,12,2270,0,STEADY,203,3.67176,6.05215,0.28899,0.0394089,0.246305,54,9,1,3,1,0,7,24,109,4,0,21,0,0
464,24,38,1,1,2100000464,0,3,0,1345,1,0,45,23,4640,0,STEADY,449,3.39926,2.75695,0.178875,0.167038,0.329621,164,71,1,2,1,3,16,59,125,0,60,0,0,0
464,24,38,1,1,2100000464,1,3,0,329,1,0,47,8,1560,0,STEADY,110,4.95527,3.00756,0.437273,0.236364,0.263636,15,12,2,2,1,1,2,57,125,0,0,0,0,0
465,25,39,2,1,2100000465,0,0,0,1226,1,0,1,23,4200,0,STEADY,409,3.0379,1.37762,0.2428,0.408313,0.271394,265,88,4,8,1,8,2,113,104,0,24,121,0,0
465,25,39,2,1,2100000465,1,0,1,1670,1,41,0,29,5500,0,STEADY,557,3.2864,3.89853,0.306257,0.278276,0.197487,4,0,1,12,5,7,4,114,63,0,18,196,0,0
466,26,0,3,1,2100000466,0,1,1,1119,1,5,0,20,3700,0,STEADY,373,4.64599,4.64235,0.29559,0.158177,0.541555,129,89,0,10,0,0,10,109,103,0,0,102,0,0
466,26,0,3,1,2100000466,1,1,0,1117,1,0,74,21,3770,0,STEADY,373,4.00271,6.43016,0.415335,0.246649,0.565684,163,113,0,17,2,0,2,39,108,0,0,48,0,0
467,27,1,4,1,2100000467,0,2,1,1511,2,145,79,22,4410,0,STEADY,504,5.90948,2.57753,0.493938,0.277778,0.367063,0,0,13,3,4,0,2,57,0,0,0,600,0,0
467,27,1,4,1,2100000467,1,2,1,1402,1,134,0,25,4670,0,STEADY,468,4.56309,8.4357,0.289402,0.279915,0.581197,0,0,16,2,1,0,6,136,11,0,0,53,0,0
468,28,2,5,1,2100000468,0,3,1,1410,1,83,0,13,3070,0,STEADY,470,5.21815,4.22118,0.767309,0.16383,0.419149,0,0,3,0,5,0,5,94,28,0,0,76,0,0
468,28,2,5,1,2100000468,1,3,1,1096,1,78,0,6,1560,0,STEADY,366,6.90762,3.23485,0.926066,0.174863,0.437158,0,0,2,0,4,0,0,94,33,0,0,280,0,0
469,29,3,0,1,2100000469,0,0,1,2700,3,2,35,44,8800,0,STEADY,900,3.17371,4.68599,0.179539,0.18,0.483333,346,112,2,11,3,1,27,59,100,0,91,117,0,0
469,29,3,0,1,2100000469,1,0,0,2700,3,63,93,44,8880,0,STEADY,900,2.92389,2.57204,0.173172,0.383333,0.322222,0,0,0,16,2,0,26,1,39,0,131,68,0,0
470,30,4,1,1,2100000470,0,1,1,1703,1,66,0,34,4890,0,STEADY,568,4.51163,5.51503,0.25072,0.112676,0.646127,0,0,21,3,1,2,7,175,59,0,8,104,0,0
470,30,4,1,1,2100000470,1,1,1,2166,2,7,107,41,5730,0,STEADY,722,4.91974,3.82761,0.340524,0.0637119,0.631579,132,86,25,3,1,6,6,94,118,0,20,600,0,0
471,31,5,2,1,2100000471,0,2,1,2111,1,89,0,39,6560,0,STEADY,704,3.2575,3.47913,0.299695,0.399148,0.296875,0,0,6,29,1,1,2,141,52,9,12,70,0,0
471,31,5,2,1,2100000471,1,2,0,2700,3,95,89,48,8340,0,STEADY,900,3.24047,2.36277,0.28685,0.496667,0.247778,0,0,2,39,1,0,6,52,46,9,0,216,0,0
472,32,6,3,1,2100000472,0,3,1,1134,1,41,0,19,4030,0,STEADY,378,4.58103,2.90593,0.317249,0.626984,0.224868,60,0,7,1,7,1,3,131,80,0,0,29,0,0
472,32,6,3,1,2100000472,1,3,0,886,1,0,9,16,3310,0,STEADY,296,5.29718,4.66916,0.336284,0.364865,0.327703,101,18,7,1,4,1,3,122,121,0,0,0,0,0
473,33,7,4,1,2100000473,0,0,1,656,1,90,0,14,2550,0,STEADY,219,3.28713,5.24743,0.281781,0.0410959,0.707763,0,0,7,1,1,0,5,100,62,0,0,21,0,0
473,33,7,4,1,2100000473,1,0,1,1801,1,50,0,34,5860,0,STEADY,601,2.63711,4.36671,0.146115,0.0432612,0.813644,43,26,26,2,3,0,3,100,102,0,0,65,0,0
474,34,8,5,1,2100000474,0,1,0,2010,1,0,36,19,4290,0,STEADY,670,6.76446,4.42066,0.809828,0.250746,0.501493,166,65,0,6,9,1,3,80,140,0,0,0,0,0
474,34,8,5,1,2100000474,1,1,1,1294,1,32,0,10,2300,0,STEADY,432,6.26603,2.94467,0.893461,0.479167,0.201389,57,0,0,4,6,0,0,116,108,0,0,435,0,0
475,35,9,0,1,2100000475,0,2,0,2700,3,101,143,49,8370,0,STEADY,900,3.84818,4.32219,0.290767,0.408889,0.398889,0,0,45,1,0,0,3,14,0,0,0,29,0,0
475,35,9,0,1,2100000475,1,2,1,2700,3,98,135,49,8370,0,STEADY,900,3.70581,3.39391,0.291956,0.355556,0.428889,0,0,45,1,0,0,3,14,3,0,0,126,0,0
476,36,10,1,1,2100000476,0,3,0,351,1,0,59,8,1590,0,STEADY,117,5.0868,2.90978,0.347137,0.555556,0.128205,36,0,1,3,2,1,1,65,93,0,13,0,0,0
476,36,10,1,1,2100000476,1,3,0,456,1,0,72,10,1960,0,STEADY,152,4.90128,4.70329,0.294868,0.342105,0.256579,92,27,1,4,2,0,3,52,93,0,0,22,0,0
477,37,11,2,1,2100000477,0,0,1,2700,3,132,105,48,8480,0,STEADY,900,3.39908,3.59712,0.278417,0.331111,0.494444,0,0,40,0,1,1,6,108,18,0,0,82,0,0
477,37,11,2,1,2100000477,1,0,1,2700,3,132,117,48,8390,0,STEADY,900,3.50121,3.14807,0.29415,0.391111,0.462222,0,0,43,0,2,0,3,60,18,0,0,69,0,0
478,38,12,3,1,2100000478,0,1,0,847,1,0,44,15,2930,0,STEADY,283,3.51752,5.51077,0.422703,0.233216,0.427562,165,69,1,5,1,1,7,67,104,0,0,0,0,0
478,38,12,3,1,2100000478,1,1,0,520,1,0,37,10,1900,0,STEADY,174,4.40557,5.27764,0.579339,0.408046,0.41954,58,23,1,6,1,1,1,74,104,0,0,0,0,0
479,39,13,4,1,2100000479,0,2,1,1559,1,76,0,24,5120,0,STEADY,520,6.43628,3.6321,0.429471,0.221154,0.371154,0,0,0,10,0,8,6,104,38,0,34,171,0,0
479,39,13,4,1,2100000479,1,2,0,1714,1,0,27,26,5480,0,STEADY,572,4.95504,2.64052,0.528313,0.176573,0.396853,301,135,0,10,1,6,9,77,114,0,68,397,0,0
480,0,21,0,2,2100000480,0,0,0,2421,1,0,42,43,7850,0,STEADY,807,3.6444,3.33534,0.219015,0.26518,0.319703,439,106,2,22,0,1,18,82,113,0,0,145,0,0
480,0,21,0,2,2100000480,1,0,0,1814,1,0,103,32,6240,0,STEADY,605,3.89957,6.63473,0.180157,0.0859504,0.418182,34,8,1,5,0,1,25,21,113,0,0,0,0,0
481,1,22,1,2,2100000481,0,1,1,682,1,94,0,16,2410,0,STEADY,228,3.6058,2.63823,0.265154,0.675439,0.0570175,0,0,8,5,0,1,2,175,42,0,54,9,0,0
481,1,22,1,2,2100000481,1,1,1,646,1,62,0,16,2310,0,STEADY,216,3.55823,3.1253,0.231111,0.768519,0.0231481,0,0,10,3,0,1,2,175,74,0,87,0,0,0
482,2,23,2,2,2100000482,0,2,1,675,1,34,0,13,2420,0,STEADY,225,4.4203,5.65823,0.457378,0.471111,0.488889,15,8,3,10,0,0,0,115,60,0,0,0,0,0
482,2,23,2,2,2100000482,1,2,0,822,1,0,44,15,2690,0,STEADY,274,3.77654,8.08007,0.603978,0.375912,0.594891,58,39,2,13,0,0,0,77,94,0,0,0,0,0
483,3,24,3,2,2100000483,0,3,1,2317,2,38,37,38,6970,0,STEADY,773,4.10488,2.25413,0.35597,0.302717,0.284605,74,20,25,1,4,5,3,88,68,0,0,600,0,0
483,3,24,3,2,2100000483,1,3,0,919,1,0,16,14,2640,0,STEADY,307,4.31465,2.55825,0.464821,0.23127,0.456026,76,44,8,1,2,2,1,109,106,0,15,80,0,0
484,4,25,4,2,2100000484,0,0,1,930,1,123,0,16,3240,0,STEADY,310,5.30033,3.67625,0.594916,0.270968,0.348387,0,0,0,8,4,0,4,104,0,0,0,170,0,0
484,4,25,4,2,2100000484,1,0,1,1440,1,78,0,27,5050,0,STEADY,480,4.42718,2.14561,0.361792,0.370833,0.327083,0,0,3,13,4,5,2,104,110,65,0,517,0,0
485,5,26,5,2,2100000485,0,1,0,2506,2,124,98,37,7600,0,STEADY,836,4.36822,5.3351,0.35735,0.185407,0.406699,0,0,1,1,6,7,22,10,17,0,47,155,0,0
485,5,26,5,2,2100000485,1,1,0,2285,2,107,68,33,6680,0,STEADY,762,4.30974,6.71027,0.374022,0.124672,0.37664,0,0,1,0,4,5,23,40,34,0,36,0,0,0
486,6,27,0,2,2100000486,0,2,1,1901,1,80,0,35,6280,0,STEADY,634,5.29438,6.25898,0.253115,0.173502,0.370662,0,0,27,0,1,1,6,145,51,0,0,107,0,0
486,6,27,0,2,2100000486,1,2,0,2108,1,0,5,37,6920,0,STEADY,703,4.93148,5.16596,0.224203,0.189189,0.372688,48,1,22,0,2,2,11,140,131,0,0,136,0,0
487,7,28,1,2,2100000487,0,3,0,502,1,0,19,11,2040,0,STEADY,168,3.552,4.48076,0.226369,0.14881,0.422619,46,37,3,3,2,1,2,92,100,0,0,27,0,0
487,7,28,1,2,2100000487,1,3,0,663,1,0,41,15,2500,0,STEADY,221,3.26497,3.97535,0.171697,0.135747,0.348416,88,41,6,5,1,1,2,70,100,0,0,27,0,0
488,8,29,2,2,2100000488,0,0,1,2581,1,80,0,47,7910,0,STEADY,861,3.72302,3.79968,0.291562,0.401858,0.350755,0,0,36,1,6,1,3,102,36,0,0,218,0,0
488,8,29,2,2,2100000488,1,0,1,1651,1,100,0,30,5210,0,STEADY,551,3.88903,2.04166,0.321452,0.270417,0.453721,0,0,26,0,1,1,2,102,16,0,0,205,0,0
489,9,30,3,2,2100000489,0,1,0,2700,3,111,3,44,8510,0,STEADY,900,3.56123,2.90287,0.2122,0.188889,0.331111,0,0,6,8,1,1,28,122,214,176,0,148,0,0
489,9,30,3,2,2100000489,1,1,1,2071,1,123,0,34,6490,0,STEADY,691,3.54125,4.86081,0.328357,0.0607815,0.382055,0,0,10,12,3,1,8,122,126,100,0,99,0,0
490,10,31,4,2,2100000490,0,2,1,750,1,97,0,13,2560,0,STEADY,250,6.23743,4.22435,0.54052,0.204,0.312,0,0,4,6,2,0,1,159,27,0,0,188,0,0
490,10,31,4,2,2100000490,1,2,1,1272,1,103,0,21,3980,0,STEADY,424,5.49539,5.94839,0.40941,0.148585,0.646226,0,0,9,9,2,0,1,150,21,0,0,110,0,0
491,11,32,5,2,2100000491,0,3,0,2142,2,105,4,31,5680,0,STEADY,714,3.86862,3.0445,0.482927,0.133053,0.414566,0,0,11,8,1,6,5,117,84,72,16,400,0,0
491,11,32,5,2,2100000491,1,3,0,1078,2,97,67,12,2640,0,STEADY,360,5.78657,3.54583,0.776194,0.163889,0.377778,0,0,0,6,0,3,3,54,56,36,10,84,0,0
492,12,33,0,2,2100000492,0,0,1,643,1,64,0,13,2640,0,STEADY,215,3.28889,4.80639,0.191023,0.204651,0.265116,0,0,1,1,5,2,4,152,47,0,0,22,0,0
492,12,33,0,2,2100000492,1,0,1,1160,1,58,0,21,4190,0,STEADY,387,3.08851,4.24621,0.171434,0.193798,0.268734,0,0,1,1,10,2,7,152,53,0,0,77,0,0
493,13,34,1,2,2100000493,0,1,0,695,1,0,55,14,2670,0,STEADY,232,4.84483,3.43019,0.202823,0.357759,0.409483,29,22,7,0,2,0,5,85,104,0,0,97,0,0
493,13,34,1,2,2100000493,1,1,0,604,1,0,57,10,2130,0,STEADY,202,6.57094,4.42831,0.384307,0.346535,0.376238,72,30,3,1,4,1,1,83,104,0,0,54,0,0
494,14,35,2,2,2100000494,0,2,0,2700,3,65,101,45,8840,0,STEADY,900,3.26929,4.93964,0.181389,0.0211111,0.16,0,0,0,3,2,7,33,0,48,0,48,13,0,0
494,14,35,2,2,2100000494,1,2,0,2700,3,25,41,47,8680,0,STEADY,900,3.11644,5.10069,0.218756,0.0566667,0.153333,60,25,1,9,2,7,28,69,88,0,8,23,0,0
495,15,36,3,2,2100000495,0,3,0,857,2,80,69,13,2620,0,STEADY,286,5.49551,4.89917,0.607045,0.314685,0.321678,0,0,0,4,2,4,3,24,50,12,24,0,0,0
495,15,36,3,2,2100000495,1,3,0,1067,1,0,49,18,3330,0,STEADY,356,4.50112,3.59457,0.435744,0.297753,0.264045,66,24,4,3,2,3,6,44,142,24,18,0,0,0
496,16,37,4,2,2100000496,0,0,1,1586,1,50,0,27,5650,0,STEADY,529,4.73,4.49062,0.23897,0.223062,0.57656,0,0,9,8,0,1,9,150,65,0,0,231,0,0
496,16,37,4,2,2100000496,1,0,1,1142,1,58,0,19,4340,0,STEADY,381,4.61718,9.69898,0.186811,0.356955,0.538058,0,0,2,9,1,1,6,150,57,0,0,1,0,0
497,17,38,5,2,2100000497,0,1,0.5,2700,3,120,104,0,0,0,STEADY,900,9.44907,4.77166,1,0.0777778,0.684444,0,0,0,0,0,0,0,0,0,0,0,0,0,0
497,17,38,5,2,2100000497,1,1,0.5,2700,3,120,104,0,0,0,STEADY,900,9.52936,4.91477,1,0.0777778,0.542222,0,0,0,0,0,0,0,0,0,0,0,0,0,0
498,18,39,0,2,2100000498,0,2,1,2700,3,96,52,37,7720,0,STEADY,900,3.66299,3.29237,0.174611,0.387778,0.442222,0,0,9,19,0,0,9,62,33,0,0,231,0,0
498,18,39,0,2,2100000498,1,2,1,1417,1,49,0,24,4550,0,STEADY,473,4.23628,4.00149,0.227161,0.154334,0.653277,75,53,10,9,0,0,5,114,80,0,0,208,0,0
499,19,0,1,2,2100000499,0,3,1,959,1,6,0,18,3490,0,STEADY,320,4.94774,3.92863,0.357312,0.33125,0.3125,50,3,10,3,1,1,3,109,126,0,4,166,0,0
499,19,0,1,2,2100000499,1,3,0,2243,1,0,40,39,7270,0,STEADY,748,4.10923,3.12529,0.243436,0.52139,0.217914,398,50,20,0,1,2,16,69,132,0,0,9,0,0
500,20,1,2,2,2100000500,0,0,1,1591,1,36,0,29,5330,0,STEADY,531,4.2228,6.3875,0.244718,0.322034,0.52919,27,10,20,1,0,1,7,136,66,0,0,0,0,0
500,20,1,2,2,2100000500,1,0,1,2700,3,21,31,47,8600,0,STEADY,900,3.85034,3.09198,0.250411,0.478889,0.352222,518,170,31,1,0,1,14,105,81,0,0,106,0,0
501,21,2,3,2,2100000501,0,1,0,1474,1,0,31,25,4490,0,STEADY,492,4.68351,5.40163,0.321453,0.0630081,0.254065,134,34,15,1,0,1,8,63,124,0,0,160,0,0
501,21,2,3,2,2100000501,1,1,1,1386,1,28,0,22,3970,0,STEADY,462,4.94517,3.9033,0.406223,0.025974,0.348485,70,25,15,0,0,1,6,94,96,0,0,165,0,0
502,22,3,4,2,2100000502,0,2,0,2345,2,8,42,29,6200,0,STEADY,782,3.62028,4.4512,0.21516,0.0652174,0.480818,523,277,2,4,4,0,19,61,167,0,7,148,0,0
502,22,3,4,2,2100000502,1,2,0,1917,1,0,23,26,5710,0,STEADY,639,3.28266,3.71525,0.16962,0.0782473,0.4241,352,144,3,5,3,0,15,74,175,0,7,133,0,0
503,23,4,5,2,2100000503,0,3,0,1320,1,0,113,13,2300,0,STEADY,440,5.60877,3.00754,0.907966,0.118182,0.354545,220,82,0,10,0,0,3,36,111,6,0,323,0,0
503,23,4,5,2,2100000503,1,3,0,1270,1,0,5,21,3390,0,STEADY,424,3.59693,3.17453,0.352052,0.115566,0.299528,69,19,9,5,1,1,5,131,126,21,0,274,0,0
504,24,5,0,2,2100000504,0,0,0,1870,1,0,45,33,6200,0,STEADY,624,2.97716,5.29297,0.289615,0.171474,0.480769,189,95,8,6,0,7,12,96,125,0,40,83,0,0
504,24,5,0,2,2100000504,1,0,0,2257,1,0,85,38,7360,0,STEADY,753,2.89765,6.78525,0.264183,0.146082,0.5166,115,45,6,5,1,8,18,56,125,0,20,141,0,0
505,25,6,1,2,2100000505,0,1,0,1669,1,0,19,30,5590,0,STEADY,557,3.89254,3.79901,0.257971,0.391382,0.213645,63,5,1,13,7,3,6,112,104,0,86,90,0,0
505,25,6,1,2,2100000505,1,1,0,2700,3,19,103,44,8620,0,STEADY,900,3.91375,3.53326,0.290778,0.487778,0.166667,78,1,0,12,15,9,8,28,85,0,162,138,0,0
506,26,7,2,2,2100000506,0,2,1,953,1,56,0,19,3480,0,STEADY,318,3.4773,6.10911,0.230975,0.106918,0.72327,0,0,1,8,0,0,10,100,52,0,0,12,0,0
506,26,7,2,2,2100000506,1,2,1,939,1,16,0,19,3420,0,STEADY,313,3.33993,6.2403,0.249345,0.140575,0.702875,125,94,1,10,0,0,8,100,92,0,0,0,0,0
507,27,8,3,2,2100000507,0,3,1,1541,1,70,0,26,5040,0,STEADY,514,5.29839,3.51241,0.352714,0.498054,0.231518,0,0,14,3,2,0,7,116,75,0,0,0,0,0
507,27,8,3,2,2100000507,1,3,0,1580,1,0,6,27,5150,0,STEADY,527,5.25902,3.31191,0.392002,0.41556,0.290323,126,51,17,3,2,0,5,110,145,0,0,324,0,0
508,28,9,4,2,2100000508,0,0,0,2700,3,52,101,41,9120,0,STEADY,900,3.83923,3.46633,0.206817,0.447778,0.386667,0,0,21,2,2,0,16,228,59,0,0,316,0,0
508,28,9,4,2,2100000508,1,0,1,2065,1,47,0,33,7120,0,STEADY,689,3.86754,7.09178,0.206502,0.416546,0.425254,0,0,14,6,2,0,11,283,64,0,0,0,0,0
509,29,10,5,2,2100000509,0,1,0,1725,1,0,124,24,4880,0,STEADY,575,5.13081,6.36245,0.384304,0.14087,0.452174,322,136,1,5,4,0,14,0,102,0,62,15,0,0
509,29,10,5,2,2100000509,1,1,0,1575,1,0,124,22,4520,0,STEADY,525,5.43366,8.64959,0.458848,0.177143,0.451429,306,134,1,7,5,0,9,0,102,0,66,0,0,0
510,30,11,0,2,2100000510,0,2,1,2700,3,19,40,59,7030,0,STEADY,900,3.9081,3.86937,0.288444,0.324444,0.458889,231,26,49,5,0,1,4,197,106,0,0,303,0,0
510,30,11,0,2,2100000510,1,2,1,1280,1,101,0,31,3730,0,STEADY,427,4.3829,6.02713,0.322077,0.0632319,0.625293,0,0,26,3,0,0,2,153,24,0,0,22,0,0
511,31,12,1,2,2100000511,0,3,0,1278,1,0,56,24,4240,0,STEADY,426,3.40935,2.3459,0.269519,0.523474,0.230047,93,21,3,13,1,0,7,55,141,9,0,0,0,0
511,31,12,1,2,2100000511,1,3,0,1035,1,0,34,20,3700,0,STEADY,345,3.31326,3.28966,0.225246,0.362319,0.362319,213,71,2,7,1,0,10,77,141,9,0,15,0,0
512,32,13,2,2,2100000512,0,0,1,437,1,32,0,9,1960,0,STEADY,146,6.84215,4.08099,0.266336,0.267123,0.267123,14,0,3,0,4,1,1,104,89,0,0,68,0,0
512,32,13,2,2,2100000512,1,0,1,374,1,27,0,8,1820,0,STEADY,125,7.22738,4.46963,0.25656,0.256,0.224,6,0,1,0,4,1,2,104,94,0,0,36,0,0
513,33,14,3,2,2100000513,0,1,1,730,1,86,0,15,2510,0,STEADY,244,3.52122,6.37214,0.322951,0.0368852,0.72541,0,0,7,1,4,0,3,113,66,0,0,0,0,0
513,33,14,3,2,2100000513,1,1,1,571,1,114,0,13,2090,0,STEADY,191,3.7417,7.33309,0.375105,0.0471204,0.722513,0,0,5,1,5,0,2,113,38,0,0,0,0,0
514,34,15,4,2,2100000514,0,2,1,716,1,112,0,15,2650,0,STEADY,239,4.64318,2.6282,0.520732,0.435146,0.276151,0,0,4,7,2,1,1,118,28,0,0,220,0,0
514,34,15,4,2,2100000514,1,2,1,1589,1,80,0,29,5330,0,STEADY,530,4.4062,3.99423,0.268566,0.309434,0.324528,0,0,3,14,1,3,8,128,60,0,0,0,0,0
515,35,16,5,2,2100000515,0,3,0,2206,2,70,59,34,6140,0,STEADY,736,5.2881,2.911,0.486651,0.03125,0.433424,0,0,22,0,0,5,7,56,76,45,19,398,0,0
515,35,16,5,2,2100000515,1,3,1,2641,2,96,73,42,7710,0,STEADY,881,5.33998,2.81901,0.416186,0.0329171,0.426788,0,0,23,0,0,8,11,42,77,72,10,600,0,0
516,36,17,0,2,2100000516,0,0,1,800,1,90,0,15,3080,0,STEADY,267,3.66212,7.29063,0.200918,0.157303,0.692884,0,0,1,2,5,1,6,124,3,0,13,23,0,0
516,36,17,0,2,2100000516,1,0,0,634,1,0,11,13,2600,0,STEADY,212,3.75835,4.25011,0.26783,0.188679,0.589623,75,50,1,4,4,0,4,97,93,0,0,14,0,0
517,37,18,1,2,2100000517,0,1,1,1675,1,26,0,30,5700,0,STEADY,559,3.7607,5.38697,0.255671,0.110912,0.52415,446,262,14,0,3,0,13,129,124,0,0,129,0,0
517,37,18,1,2,2100000517,1,1,1,1220,1,60,0,23,4260,0,STEADY,407,4.06602,2.68744,0.276953,0.164619,0.449631,0,0,14,0,2,0,7,129,90,0,0,119,0,0
518,38,19,2,2,2100000518,0,2,1,1001,1,29,0,18,3300,0,STEADY,334,5.10555,3.34922,0.306347,0.565868,0.287425,29,13,8,5,0,1,4,132,75,0,0,195,0,0
518,38,19,2,2,2100000518,1,2,1,661,1,42,0,13,2390,0,STEADY,221,5.78271,4.35788,0.355339,0.506787,0.357466,0,0,6,4,0,1,2,132,62,0,0,36,0,0
519,39,20,3,2,2100000519,0,3,0,1485,2,19,46,23,4520,0,STEADY,495,5.20347,4.00293,0.354788,0.151515,0.327273,172,74,3,5,0,4,11,48,95,0,32,29,0,0
519,39,20,3,2,2100000519,1,3,1,2654,1,60,0,42,8160,0,STEADY,885,3.82746,2.15539,0.329633,0.290395,0.322034,0,0,9,12,2,10,9,94,54,0,42,290,0,0
520,0,28,5,2,2100000520,0,1,0,1534,1,0,17,19,3730,0,STEADY,512,6.54282,3.75715,0.597773,0.148438,0.390625,209,70,1,9,0,4,5,94,113,0,0,0,0,0
520,0,28,5,2,2100000520,1,1,0,1315,1,0,30,15,3080,0,STEADY,439,6.72659,4.26885,0.746743,0.170843,0.328018,147,33,0,8,1,4,2,81,113,0,0,32,0,0
521,1,29,0,2,2100000521,0,2,1,403,1,130,0,10,1660,0,STEADY,135,3.55961,3.50913,0.361333,0.437037,0.281481,0,0,4,3,1,1,1,102,20,14,64,1,0,0
521,1,29,0,2,2100000521,1,2,1,2555,1,71,0,48,7940,0,STEADY,852,3.4863,2.56591,0.24561,0.457746,0.139671,0,0,11,26,0,4,7,102,65,0,71,328,0,0
522,2,30,1,2,2100000522,0,3,1,335,1,39,0,8,1600,0,STEADY,112,7.47295,5.72751,0.38567,0.508929,0.223214,0,0,3,4,0,0,1,125,55,0,0,0,0,0
522,2,30,1,2,2100000522,1,3,0,244,1,0,23,6,1230,0,STEADY,82,8.05904,5.82083,0.534146,0.597561,0,17,0,3,3,0,0,0,99,94,0,0,0,0,0
523,3,31,2,2,2100000523,0,0,0,1618,1,0,22,29,5440,0,STEADY,540,3.57398,5.3173,0.167426,0.214815,0.316667,191,71,20,6,0,1,2,119,106,0,10,47,0,0
523,3,31,2,2,2100000523,1,0,0,1643,1,0,1,30,5580,0,STEADY,548,3.47441,3.4232,0.158823,0.262774,0.29927,220,66,22,6,0,1,1,140,106,0,15,125,0,0
524,4,32,3,2,2100000524,0,1,0,1288,1,0,13,21,4180,0,STEADY,430,5.43247,3.59757,0.458567,0.283721,0.397674,152,67,0,10,4,3,4,108,149,26,0,339,0,0
524,4,32,3,2,2100000524,1,1,0,1196,1,0,26,21,3880,0,STEADY,399,5.62729,3.57504,0.437028,0.288221,0.383459,125,39,0,13,1,3,4,95,162,39,0,368,0,0
525,5,33,4,2,2100000525,0,2,0,1771,1,0,70,30,5760,0,STEADY,591,3.3348,5.08152,0.227208,0.104907,0.262267,32,7,4,1,1,4,20,82,141,0,24,5,0,0
525,5,33,4,2,2100000525,1,2,0,1909,1,0,70,33,6320,0,STEADY,637,3.53623,5.09734,0.207111,0.11146,0.285714,31,12,5,2,1,3,22,82,141,0,0,115,0,0
526,6,34,5,2,2100000526,0,3,1,1839,1,17,0,22,4720,0,STEADY,613,6.0972,2.73557,0.78022,0.0391517,0.48124,123,52,10,1,8,1,2,140,114,0,0,519,0,0
526,6,34,5,2,2100000526,1,3,1,1807,2,86,46,25,5160,0,STEADY,603,5.41741,3.09649,0.40199,0.0978441,0.441128,0,0,10,0,6,2,7,94,45,0,0,600,0,0
527,7,35,0,2,2100000527,0,0,0,1514,1,0,61,28,5190,0,STEADY,505,3.54538,6.14744,0.108772,0.207921,0.0891089,120,10,0,22,4,1,1,40,100,0,0,47,0,0
527,7,35,0,2,2100000527,1,0,0.5,1588,1,0,0,30,5320,0,STEADY,530,2.90061,1.92542,0.111113,0.101887,0.19434,100,8,7,15,6,1,1,101,100,0,0,202,0,0
528,8,36,1,2,2100000528,0,1,1,1399,1,27,0,25,4750,0,STEADY,467,4.0252,7.73798,0.284315,0.205567,0.466809,293,155,13,0,0,2,10,93,89,0,0,15,0,0
528,8,36,1,2,2100000528,1,1,0,1066,1,0,21,20,3710,0,STEADY,356,4.03697,2.70745,0.278581,0.171348,0.404494,129,62,12,0,0,1,7,72,116,0,0,149,0,0
529,9,37,2,2,2100000529,0,2,1,2700,3,149,95,45,8760,0,STEADY,900,3.60782,3.84124,0.192567,0.152222,0.208889,0,0,2,5,0,2,36,55,174,174,0,90,0,0
529,9,37,2,2,2100000529,1,2,0,2700,3,142,150,44,8840,0,STEADY,900,3.65821,3.87358,0.167511,0.143333,0.23,0,0,2,1,0,1,40,0,119,112,0,100,0,0
530,10,38,3,2,2100000530,0,3,1,2700,3,118,98,0,0,0,STEADY,900,10.5283,5.27999,1,0.0588889,0.416667,0,0,0,0,0,0,0,0,6,0,0,0,0,0
530,10,38,3,2,2100000530,1,3,1,2700,3,121,95,0,0,0,STEADY,900,10.5374,5.3202,1,0.0877778,0.393333,0,0,0,0,0,0,0,0,3,0,0,0,0,0
531,11,39,4,2,2100000531,0,0,1,2209,1,71,0,37,7360,0,STEADY,737,3.51291,3.75748,0.297042,0.218453,0.469471,0,0,8,14,1,4,10,114,94,48,10,290,0,0
531,11,39,4,2,2100000531,1,0,1,925,1,93,0,17,3440,0,STEADY,309,4.04813,2.5352,0.362654,0.265372,0.297735,0,0,3,5,2,4,3,114,72,48,30,62,0,0
532,12,0,5,2,2100000532,0,1,0.5,2700,3,111,113,16,4640,0,STEADY,900,9.44096,4.59752,0.911467,0.174444,0.55,0,0,0,16,0,0,0,0,0,0,0,0,0,0
532,12,0,5,2,2100000532,1,1,0.5,2700,3,111,113,16,4640,0,STEADY,900,9.44942,4.65501,0.911467,0.223333,0.512222,0,0,0,16,0,0,0,0,0,0,0,0,0,0
533,13,1,0,2,2100000533,0,2,1,1041,1,75,0,18,3900,0,STEADY,347,5.13641,3.70752,0.171888,0.432277,0.360231,0,0,5,0,9,1,3,136,29,0,0,248,0,0
533,13,1,0,2,2100000533,1,2,1,1277,1,49,0,23,4560,0,STEADY,426,4.17238,4.36678,0.142946,0.326291,0.460094,0,0,11,0,5,1,6,136,55,0,0,252,0,0
534,14,2,1,2,2100000534,0,3,0,1461,1,0,12,26,4920,0,STEADY,487,2.68979,2.38422,0.241971,0.0513347,0.326489,307,92,0,7,7,5,7,82,113,0,17,0,0,0
534,14,2,1,2,2100000534,1,3,1,1690,1,62,0,33,5360,0,STEADY,564,2.70854,2.00203,0.274371,0.0390071,0.255319,0,0,2,15,3,8,5,94,51,0,61,1,0,0
535,15,3,2,2,2100000535,0,0,0,1541,1,0,15,28,5190,0,STEADY,514,3.23555,4.02968,0.15072,0.155642,0.336576,184,85,1,11,0,1,15,88,118,0,12,109,0,0
535,15,3,2,2,2100000535,1,0,0,1651,1,0,42,30,5620,0,STEADY,551,3.06884,7.25248,0.146869,0.125227,0.306715,267,80,1,10,0,1,18,64,118,0,12,0,0,0
536,16,4,3,2,2100000536,0,1,0,837,1,0,29,15,3290,0,STEADY,279,6.02433,3.93533,0.39233,0.311828,0.34767,79,22,5,6,0,1,3,120,115,0,0,193,0,0
536,16,4,3,2,2100000536,1,1,1,1054,1,28,0,17,3830,0,STEADY,352,5.46695,3.74982,0.352741,0.321023,0.372159,40,10,7,6,0,2,2,149,87,0,0,127,0,0
537,17,5,4,2,2100000537,0,2,1,1717,1,39,0,30,5320,0,STEADY,573,3.22565,6.61358,0.293831,0.223386,0.26178,0,0,9,4,0,12,5,141,93,72,0,35,0,0
537,17,5,4,2,2100000537,1,2,0,1822,1,0,2,33,5440,0,STEADY,608,2.98396,5.7167,0.252664,0.197368,0.162829,50,10,13,4,0,12,4,139,110,66,0,50,0,0
538,18,6,5,2,2100000538,0,3,0,1618,2,107,107,20,3680,0,STEADY,540,4.9048,3.20326,0.439209,0.127778,0.383333,0,0,8,4,1,3,4,24,22,0,18,208,0,0
538,18,6,5,2,2100000538,1,3,0,1412,2,108,93,18,3510,0,STEADY,471,5.09158,3.31994,0.506503,0.116773,0.407643,0,0,4,3,1,3,7,38,21,0,14,117,0,0
539,19,7,0,2,2100000539,0,0,0,2176,1,0,8,37,7230,0,STEADY,726,2.73659,4.27169,0.202197,0.0606061,0.69697,82,59,7,1,0,2,27,92,132,0,23,31,0,0
539,19,7,0,2,2100000539,1,0,0,2440,1,0,38,41,8090,0,STEADY,814,2.88891,5.74003,0.18723,0.0626536,0.771499,81,51,5,1,0,1,34,62,132,0,10,0,0,0
540,20,8,1,2,2100000540,0,1,0,1415,1,0,49,24,4890,0,STEADY,472,4.68954,5.10328,0.256451,0.197034,0.601695,219,136,8,2,1,4,9,67,102,0,7,84,0,0
540,20,8,1,2,2100000540,1,1,0,1095,1,0,41,20,3990,0,STEADY,365,4.18533,2.94706,0.198603,0.323288,0.372603,103,13,7,1,1,1,10,75,102,0,0,24,0,0
541,21,9,2,2,2100000541,0,2,1,2700,3,106,148,48,8230,0,STEADY,900,3.56229,3.57323,0.298106,0.26,0.241111,0,0,41,2,0,1,4,75,18,0,0,46,0,0
541,21,9,2,2,2100000541,1,2,0,2700,3,78,69,48,8310,0,STEADY,900,3.61309,4.30817,0.292983,0.328889,0.205556,0,0,41,1,0,1,5,189,46,0,0,9,0,0
542,22,10,3,2,2100000542,0,3,0,992,1,0,98,14,3520,0,STEADY,331,5.22139,4.56774,0.552233,0.386707,0.344411,160,47,0,8,4,0,2,26,175,0,85,0,0,0
542,22,10,3,2,2100000542,1,3,0,730,2,26,124,11,2740,0,STEADY,244,6.07883,5.66517,0.815803,0.344262,0.344262,61,13,0,6,4,0,1,0,149,0,60,0,0,0
543,23,11,4,2,2100000543,0,0,1,1930,1,14,0,38,6040,0,STEADY,644,3.06225,3.8905,0.296731,0.164596,0.267081,26,12,12,22,1,1,2,160,117,26,0,38,0,0
543,23,11,4,2,2100000543,1,0,0,2173,1,0,25,41,6680,0,STEADY,725,3.13149,5.69452,0.304386,0.241379,0.198621,85,40,7,32,0,0,2,104,121,16,0,86,0,0
544,24,12,5,2,2100000544,0,1,0.5,2700,3,125,111,0,0,0,STEADY,900,9.53047,4.85321,1,0.1,0.594444,0,0,0,0,0,0,0,0,0,0,0,0,0,0
544,24,12,5,2,2100000544,1,1,0.5,2700,3,125,111,0,0,0,STEADY,900,9.52504,4.93251,1,0.105556,0.548889,0,0,0,0,0,0,0,0,0,0,0,0,0,0
545,25,13,0,2,2100000545,0,2,1,629,1,52,0,13,2410,0,STEADY,210,4.37134,2.27876,0.269238,0.238095,0.204762,0,0,1,5,3,2,2,104,52,0,72,163,0,0
545,25,13,0,2,2100000545,1,2,0,1142,1,0,50,20,4020,0,STEADY,381,4.19475,6.88327,0.189331,0.249344,0.0892388,89,3,0,4,5,7,4,54,104,0,96,126,0,0
546,26,14,1,2,2100000546,0,3,0,2489,1,0,33,45,7760,0,STEADY,830,2.66818,2.09377,0.336783,0.225301,0.544578,144,79,8,22,1,1,13,80,108,0,0,60,0,0
546,26,14,1,2,2100000546,1,3,1,2700,3,26,39,48,8220,0,STEADY,900,2.94629,2.64235,0.331044,0.318889,0.412222,31,16,6,34,3,0,5,74,82,0,0,207,0,0
547,27,15,2,2,2100000547,0,0,1,1595,1,73,0,29,5360,0,STEADY,532,3.94704,7.50645,0.262735,0.25,0.599624,0,0,19,1,1,1,7,118,72,0,0,35,0,0
547,27,15,2,2,2100000547,1,0,1,734,1,37,0,15,2770,0,STEADY,245,4.15459,5.91043,0.358143,0.416327,0.444898,26,13,12,1,1,1,0,118,108,0,0,0,0,0
548,28,16,3,2,2100000548,0,1,1,592,1,32,0,9,2110,0,STEADY,198,6.44799,4.16613,0.511061,0.5,0.207071,7,0,5,1,2,0,1,115,79,0,0,124,0,0
548,28,16,3,2,2100000548,1,1,1,836,1,16,0,11,2530,0,STEADY,279,6.32864,2.76176,0.684982,0.329749,0.329749,62,35,4,2,3,1,1,115,95,0,0,230,0,0
549,29,17,4,2,2100000549,0,2,0,1739,1,0,74,29,5840,0,STEADY,580,3.46977,6.47002,0.250983,0.0793103,0.701724,428,327,1,6,2,1,19,38,102,0,40,0,0,0
549,29,17,4,2,2100000549,1,2,0,1717,1,0,31,29,5800,0,STEADY,573,3.27903,8.86918,0.256003,0.181501,0.657941,11,4,2,9,4,0,14,117,102,0,79,54,0,0
550,30,18,5,2,2100000550,0,3,1,2547,2,73,39,47,6220,0,STEADY,849,5.09263,2.51995,0.33992,0.0647821,0.434629,0,0,30,3,0,9,5,90,52,0,0,600,0,0
550,30,18,5,2,2100000550,1,3,1,2429,1,47,0,44,6160,0,STEADY,810,5.04366,2.45775,0.347096,0.0864198,0.419753,163,65,28,5,0,7,4,129,78,0,40,520,0,0
551,31,19,0,2,2100000551,0,0,1,1915,1,71,0,34,6310,0,STEADY,639,4.55783,2.93478,0.326205,0.247261,0.358372,0,0,5,16,5,1,7,132,94,33,3,506,0,0
551,31,19,0,2,2100000551,1,0,0,1518,1,0,42,27,4810,0,STEADY,506,4.58518,5.99056,0.292974,0.227273,0.12253,161,9,0,22,1,0,4,90,137,5,0,59,0,0
552,32,20,1,2,2100000552,0,1,1,1147,1,121,0,21,4190,0,STEADY,383,5.58554,7.72953,0.166762,0.138381,0.650131,0,0,10,0,5,1,5,102,0,0,0,128,0,0
552,32,20,1,2,2100000552,1,1,1,660,1,96,0,13,2700,0,STEADY,220,5.85191,7.2177,0.178886,0.181818,0.622727,0,0,5,0,4,1,3,102,25,0,0,36,0,0
553,33,21,2,2,2100000553,0,2,1,1760,1,71,0,33,5770,0,STEADY,587,3.60027,6.64808,0.17879,0.044293,0.132879,0,0,25,0,1,0,7,124,81,0,0,30,0,0
553,33,21,2,2,2100000553,1,2,0,1623,1,0,12,30,5240,0,STEADY,541,3.63677,6.08808,0.158189,0.0536044,0.0609982,34,15,24,1,1,0,4,112,152,0,0,70,0,0
554,34,22,3,2,2100000554,0,3,1,1294,1,140,0,24,3910,0,STEADY,432,4.34832,2.20567,0.348576,0.472222,0.1875,0,0,8,12,1,1,2,175,0,0,0,36,0,0
554,34,22,3,2,2100000554,1,3,0.5,1486,1,0,0,28,4460,0,STEADY,496,3.81762,2.46354,0.323458,0.419355,0.233871,195,47,11,11,1,0,5,175,140,0,0,37,0,0
555,35,23,4,2,2100000555,0,0,0,992,1,0,45,19,3530,0,STEADY,331,3.47541,2.6607,0.236254,0.323263,0.320242,48,0,9,0,0,1,9,70,110,9,10,56,0,0
555,35,23,4,2,2100000555,1,0,0,1082,1,0,25,21,3730,0,STEADY,361,3.92996,3.40112,0.235596,0.218837,0.421053,48,10,13,1,0,1,6,98,110,9,0,67,0,0
556,36,24,5,2,2100000556,0,1,0,1562,1,0,11,23,4660,0,STEADY,521,4.22267,7.28263,0.359808,0.18618,0.619962,242,171,2,6,8,1,6,114,93,0,0,42,0,0
556,36,24,5,2,2100000556,1,1,0,2700,3,30,37,40,8230,0,STEADY,900,3.60457,4.95795,0.26905,0.158889,0.47,12,6,4,7,14,2,13,88,63,0,26,264,0,0
557,37,25,0,2,2100000557,0,2,1,1409,1,45,0,25,4920,0,STEADY,470,4.21521,4.0685,0.352468,0.138298,0.529787,28,17,15,3,4,0,3,104,105,0,0,155,0,0
557,37,25,0,2,2100000557,1,2,1,1352,1,28,0,25,4720,0,STEADY,451,3.48568,2.50146,0.24449,0.239468,0.383592,22,14,12,0,2,0,11,104,122,0,0,46,0,0
558,38,26,1,2,2100000558,0,3,1,494,1,58,0,11,2080,0,STEADY,165,4.26305,2.62383,0.348424,0.612121,0.115152,0,0,5,2,0,1,3,108,46,0,0,0,0,0
558,38,26,1,2,2100000558,1,3,1,750,1,49,0,15,2760,0,STEADY,250,3.73802,2.30144,0.31044,0.656,0.176,0,0,6,5,0,1,3,108,55,0,0,0,0,0
559,39,27,2,2,2100000559,0,0,0,2087,1,0,71,35,6840,0,STEADY,696,3.75968,3.62265,0.171552,0.0962644,0.288793,304,106,3,2,0,2,28,74,114,0,16,118,0,0
559,39,27,2,2,2100000559,1,0,0,1553,1,0,109,27,5400,0,STEADY,518,3.95215,5.76404,0.212288,0.0540541,0.214286,242,43,1,3,0,2,21,36,114,0,20,53,0,0
560,0,35,4,2,2100000560,0,2,1,2396,1,55,0,43,7670,0,STEADY,799,4.3257,2.86547,0.247879,0.234043,0.309136,0,0,4,25,0,2,12,131,58,0,0,467,0,0
560,0,35,4,2,2100000560,1,2,1,1948,1,39,0,35,6380,0,STEADY,650,4.47932,6.07817,0.272362,0.166154,0.22,12,6,4,17,0,3,11,142,74,0,0,0,0,0
561,1,36,5,2,2100000561,0,3,0,847,2,136,93,5,1000,0,STEADY,283,6.69088,4.90209,0.953622,0.127208,0.452297,0,0,0,0,0,5,0,0,0,0,0,0,0,0
561,1,36,5,2,2100000561,1,3,0,841,2,136,93,5,1000,0,STEADY,281,6.69095,4.9208,0.953292,0.128114,0.419929,0,0,0,0,0,5,0,0,0,0,0,0,0,0
562,2,37,0,2,2100000562,0,0,1,753,1,58,0,13,2720,0,STEADY,251,4.83861,6.23031,0.316713,0.370518,0.47012,0,0,6,4,0,0,3,150,36,0,0,79,0,0
562,2,37,0,2,2100000562,1,0,1,1305,1,24,0,19,4160,0,STEADY,435,5.14038,4.50859,0.307402,0.485057,0.455172,4,0,12,4,0,0,3,150,70,0,0,236,0,0
563,3,38,1,2,2100000563,0,1,1,1174,1,23,0,22,4190,0,STEADY,392,3.91059,7.62257,0.183546,0.234694,0.165816,183,35,15,6,0,1,0,104,83,0,15,54,0,0
563,3,38,1,2,2100000563,1,1,0,917,1,0,24,18,3350,0,STEADY,306,3.98724,2.54532,0.207467,0.20915,0.218954,112,26,11,2,0,1,4,80,106,0,15,171,0,0
564,4,39,2,2,2100000564,0,2,1,1890,1,71,0,39,6480,0,STEADY,630,3.57956,2.73571,0.332213,0.347619,0.371429,0,0,8,25,1,2,3,114,78,26,0,189,0,0
564,4,39,2,2,2100000564,1,2,1,1324,1,56,0,27,4670,0,STEADY,442,4.18093,2.77133,0.348624,0.366516,0.341629,0,0,1,24,1,1,0,114,80,13,0,203,0,0
565,5,0,3,2,2100000565,0,3,0,1400,2,78,93,22,4600,0,STEADY,467,4.13869,3.56731,0.374914,0.224839,0.40257,0,0,0,3,2,6,11,20,63,0,38,0,0,0
565,5,0,3,2,2100000565,1,3,0,931,1,0,9,16,2760,0,STEADY,311,4.13358,3.2756,0.456801,0.311897,0.318328,49,12,7,2,1,3,3,100,141,0,19,2,0,0
566,6,1,4,2,2100000566,0,0,0,1885,1,0,30,33,6390,0,STEADY,629,4.14759,4.14255,0.252099,0.09062,0.559618,56,18,18,0,3,6,6,106,131,0,0,222,0,0
566,6,1,4,2,2100000566,1,0,0,2700,3,69,50,47,8860,0,STEADY,900,3.82209,2.65449,0.193689,0.411111,0.302222,0,0,30,0,4,4,9,94,62,0,0,333,0,0
567,7,2,5,2,2100000567,0,1,0,585,1,0,34,11,2160,0,STEADY,195,5.2575,5.31572,0.490231,0.205128,0.323077,25,1,1,6,1,2,1,60,100,0,0,0,0,0
567,7,2,5,2,2100000567,1,1,0,542,1,0,32,10,2070,0,STEADY,181,4.69108,5.46909,0.410939,0.19337,0.232044,40,5,0,5,1,2,2,62,100,0,0,0,0,0
568,8,3,0,2,2100000568,0,2,1,1019,1,78,0,19,3580,0,STEADY,340,4.13079,5.275,0.185618,0.135294,0.591176,0,0,7,1,1,1,9,97,38,0,0,95,0,0
568,8,3,0,2,2100000568,1,2,1,1490,1,80,0,26,5080,0,STEADY,497,4.28034,6.16584,0.222495,0.158954,0.45674,0,0,11,0,0,3,12,106,36,0,0,206,0,0
569,9,4,1,2,2100000569,0,3,0,2700,3,149,54,45,8910,0,STEADY,900,3.32847,2.87685,0.180539,0.151111,0.336667,0,0,3,4,1,1,36,82,80,80,0,37,0,0
569,9,4,1,2,2100000569,1,3,0,2700,3,149,113,44,8950,0,STEADY,900,3.42871,2.61174,0.173839,0.0888889,0.442222,0,0,3,1,1,1,38,36,95,95,0,46,0,0
570,10,5,2,2,2100000570,0,0,1,1915,1,94,0,35,6270,0,STEADY,639,4.69436,4.13495,0.233208,0.187793,0.463224,0,0,23,11,1,0,0,141,30,0,0,390,0,0
570,10,5,2,2,2100000570,1,0,1,1125,1,104,0,21,3830,0,STEADY,375,5.15206,4.69014,0.29572,0.234667,0.362667,0,0,12,8,1,0,0,141,20,0,0,126,0,0
571,11,6,3,2,2100000571,0,1,0,2700,3,43,78,40,8040,0,STEADY,900,3.99449,2.68463,0.323006,0.306667,0.285556,43,6,2,4,1,12,21,53,200,126,75,337,0,0
571,11,6,3,2,2100000571,1,1,0,2700,3,25,61,43,8600,0,STEADY,900,3.80314,3.28685,0.220956,0.257778,0.294444,36,12,3,6,0,9,25,70,182,90,21,183,0,0
572,12,7,4,2,2100000572,0,2,1,619,1,29,0,13,2620,0,STEADY,207,3.878,3.22918,0.343913,0.26087,0.376812,2,1,2,2,4,1,4,100,82,0,0,37,0,0
572,12,7,4,2,2100000572,1,2,1,454,1,71,0,11,2020,0,STEADY,152,4.56783,4.0469,0.416151,0.203947,0.302632,0,0,3,1,3,0,4,100,40,0,0,0,0,0
573,13,8,5,2,2100000573,0,3,1,1798,1,26,0,20,4360,0,STEADY,600,6.50105,3.41871,0.738075,0.256667,0.363333,70,22,4,2,9,2,3,116,78,0,0,382,0,0
573,13,8,5,2,2100000573,1,3,1,1727,1,11,0,14,3140,0,STEADY,576,6.90492,3.91482,0.892205,0.21875,0.430556,153,68,2,2,7,2,1,116,93,0,0,148,0,0
574,14,9,0,2,2100000574,0,0,0,2653,1,0,91,48,8480,0,STEADY,885,2.66816,3.86393,0.221497,0.0305085,0.250847,68,12,3,13,4,9,19,132,113,0,79,26,0,0
574,14,9,0,2,2100000574,1,0,0,2332,1,0,127,42,7480,0,STEADY,778,2.61772,5.92176,0.264145,0.0449871,0.206941,201,46,0,15,7,9,11,44,113,0,34,9,0,0
575,15,10,1,2,2100000575,0,1,0,1355,1,0,52,25,4440,0,STEADY,452,3.70565,2.25092,0.285985,0.25885,0.199115,58,22,1,16,0,1,7,72,118,0,0,208,0,0
575,15,10,1,2,2100000575,1,1,0,1680,1,0,124,30,5430,0,STEADY,560,4.10784,4.43708,0.262696,0.194643,0.282143,172,81,3,11,0,2,14,0,118,0,37,156,0,0
576,16,11,2,2,2100000576,0,2,0,2700,3,7,31,42,9380,0,STEADY,900,3.99043,3.59898,0.169506,0.45,0.397778,516,121,6,24,0,1,11,151,108,0,0,75,0,0
576,16,11,2,2,2100000576,1,2,0,2700,3,43,117,41,9310,0,STEADY,900,3.91956,4.7467,0.179239,0.455556,0.412222,747,312,7,23,0,2,9,40,72,0,0,58,0,0
577,17,12,3,2,2100000577,0,3,1,485,1,7,0,6,1020,0,STEADY,162,4.62603,5.00719,0.893981,0.290123,0.512346,72,33,2,0,0,3,1,111,123,18,0,0,0,0
577,17,12,3,2,2100000577,1,3,0,367,1,0,33,6,1000,0,STEADY,123,5.03291,5.16952,0.737236,0.308943,0.422764,27,10,2,0,0,2,2,78,124,12,0,0,0,0
578,18,13,4,2,2100000578,0,0,1,512,1,75,0,12,2250,0,STEADY,171,6.21737,2.12278,0.379532,0.239766,0.274854,0,0,5,4,0,2,1,104,54,0,18,210,0,0
578,18,13,4,2,2100000578,1,0,1,432,1,112,0,11,1930,0,STEADY,144,6.06284,1.77473,0.448187,0.208333,0.284722,0,0,6,3,0,1,1,104,17,0,0,191,0,0
579,19,14,5,2,2100000579,0,1,0,2332,2,26,74,35,7140,0,STEADY,778,3.88769,6.20739,0.293869,0.120823,0.636247,422,224,6,1,4,6,18,39,106,0,22,0,0,0
579,19,14,5,2,2100000579,1,1,0,949,1,0,60,15,3000,0,STEADY,317,3.78251,4.83346,0.408675,0.214511,0.37224,49,24,5,2,1,2,5,53,132,0,0,0,0,0
580,20,15,0,2,2100000580,0,2,1,2101,1,66,0,36,7130,0,STEADY,701,4.69437,3.4542,0.26321,0.348074,0.329529,0,0,18,2,3,4,9,136,36,0,0,486,0,0
580,20,15,0,2,2100000580,1,2,0,1606,1,0,51,28,5400,0,STEADY,536,3.23518,2.52003,0.217593,0.302239,0.287313,229,66,11,1,0,1,15,83,102,0,0,65,0,0
581,21,16,1,2,2100000581,0,3,1,1181,1,27,0,22,3990,0,STEADY,394,3.55938,2.01269,0.322995,0.296954,0.329949,9,0,15,0,0,2,5,115,97,0,0,21,0,0
581,21,16,1,2,2100000581,1,3,0,923,1,0,40,17,2960,0,STEADY,308,3.85083,2.50478,0.350828,0.324675,0.295455,38,0,12,1,0,0,4,75,124,0,0,62,0,0
582,22,17,2,2,2100000582,0,0,0,1572,1,0,41,21,4960,0,STEADY,524,2.83061,6.34659,0.248414,0.103053,0.679389,249,192,0,8,4,1,8,41,175,0,62,0,0,0
582,22,17,2,2,2100000582,1,0,0,1072,1,0,45,18,4020,0,STEADY,358,2.93211,9.71085,0.210718,0.184358,0.519553,59,19,1,4,4,1,8,65,175,0,20,0,0,0
583,23,18,3,2,2100000583,0,1,1,2486,1,6,0,42,7440,0,STEADY,829,3.63377,4.2959,0.419415,0.276236,0.249698,179,25,4,24,1,2,11,129,118,19,0,133,0,0
583,23,18,3,2,2100000583,1,1,0,2151,1,0,69,37,6490,0,STEADY,717,3.55302,4.15812,0.311653,0.16318,0.221757,228,90,4,21,1,0,11,60,115,10,0,95,0,0
584,24,19,4,2,2100000584,0,2,0,1862,1,0,14,30,6040,0,STEADY,621,4.39302,3.35709,0.314122,0.186795,0.267311,165,50,3,6,1,7,13,118,125,0,35,207,0,0
584,24,19,4,2,2100000584,1,2,1,2320,1,74,0,41,7400,0,STEADY,774,3.61724,2.58948,0.340284,0.307494,0.329457,0,0,16,10,2,7,6,132,51,0,10,462,0,0
585,25,20,5,2,2100000585,0,3,0.5,2700,3,104,102,0,0,0,STEADY,900,9.62863,4.7676,1,0.0811111,0.658889,0,0,0,0,0,0,0,0,0,0,0,0,0,0
585,25,20,5,2,2100000585,1,3,0.5,2700,3,104,102,0,0,0,STEADY,900,9.65782,4.85301,1,0.00333333,0.615556,0,0,0,0,0,0,0,0,0,0,0,0,0,0
586,26,21,0,2,2100000586,0,0,0,1880,1,0,103,33,6420,0,STEADY,627,3.78444,4.39205,0.162935,0.113238,0.483254,27,6,0,6,0,0,27,21,108,0,0,63,0,0
586,26,21,0,2,2100000586,1,0,0,2384,1,0,3,41,7770,0,STEADY,795,3.63388,5.51314,0.190887,0.178616,0.515723,29,0,1,13,1,0,26,121,108,0,0,86,0,0
587,27,22,1,2,2100000587,0,1,1,1481,1,145,0,27,4980,0,STEADY,494,4.11968,6.57957,0.303168,0.269231,0.568826,0,0,19,2,1,0,5,175,0,0,0,92,0,0
587,27,22,1,2,2100000587,1,1,1,1733,1,67,0,32,5740,0,STEADY,578,3.3665,7.26997,0.284291,0.297578,0.603806,0,0,24,1,0,1,6,175,78,0,0,98,0,0
588,28,23,2,2,2100000588,0,2,1,480,1,63,0,10,2090,0,STEADY,160,4.35587,6.68373,0.266469,0.3375,0.55,0,0,2,2,1,0,5,113,48,0,0,0,0,0
588,28,23,2,2,2100000588,1,2,0,1000,1,0,16,17,3670,0,STEADY,334,3.74394,3.30102,0.252904,0.520958,0.386228,162,93,8,4,1,0,4,108,111,0,0,167,0,0
589,29,24,3,2,2100000589,0,3,1,1351,1,25,0,22,4120,0,STEADY,451,3.93421,2.71865,0.393226,0.361419,0.281596,186,44,7,6,6,1,2,125,77,0,42,158,0,0
589,29,24,3,2,2100000589,1,3,0,1477,1,0,46,23,4560,0,STEADY,493,4.29063,2.63558,0.386988,0.261663,0.387424,120,32,4,6,6,1,6,79,102,0,17,199,0,0
590,30,25,4,2,2100000590,0,0,1,1953,1,45,0,34,5500,0,STEADY,651,3.61424,2.99606,0.208257,0.248848,0.285714,132,34,14,2,1,3,14,104,80,0,59,84,0,0
590,30,25,4,2,2100000590,1,0,1,905,1,97,0,19,2910,0,STEADY,302,4.59206,6.65437,0.383623,0.112583,0.622517,0,0,12,3,1,1,2,104,28,0,0,16,0,0
591,31,26,5,2,2100000591,0,1,1,1337,1,36,0,21,3910,0,STEADY,446,4.5232,4.37003,0.412321,0.237668,0.349776,41,16,0,12,1,0,8,108,96,0,0,36,0,0
591,31,26,5,2,2100000591,1,1,0,1972,1,0,47,32,6070,0,STEADY,658,3.78608,7.61332,0.308799,0.103343,0.480243,41,14,2,8,1,0,21,61,132,0,0,0,0,0
592,32,27,0,2,2100000592,0,2,1,814,1,27,0,15,3180,0,STEADY,272,6.08817,4.51186,0.182592,0.191176,0.606618,72,53,5,0,6,1,3,145,94,0,0,122,0,0
592,32,27,0,2,2100000592,1,2,1,710,1,44,0,13,2880,0,STEADY,237,5.90108,3.51825,0.270253,0.248945,0.611814,114,75,3,0,7,1,2,145,77,0,0,204,0,0
593,33,28,1,2,2100000593,0,3,0,532,1,0,41,11,2000,0,STEADY,178,4.47361,5.2385,0.371742,0.0617978,0.308989,41,21,8,1,0,0,2,66,152,0,0,64,0,0
593,33,28,1,2,2100000593,1,3,0.5,634,1,0,0,13,2460,0,STEADY,212,4.33765,2.5961,0.282453,0.495283,0.146226,84,8,6,3,1,0,3,95,152,0,0,0,0,0
594,34,29,2,2,2100000594,0,0,1,1862,1,38,0,35,5940,0,STEADY,621,3.63422,4.20389,0.319122,0.31562,0.0869565,46,10,4,27,1,0,3,102,102,0,0,155,0,0
594,34,29,2,2,2100000594,1,0,1,1808,1,54,0,34,5880,0,STEADY,603,3.55791,2.69957,0.32039,0.366501,0.121061,9,1,2,29,1,1,1,102,86,0,0,239,0,0
595,35,30,3,2,2100000595,0,1,1,1745,1,33,0,29,5110,0,STEADY,582,4.21817,6.52367,0.364072,0.0532646,0.769759,9,0,21,1,1,1,5,125,68,0,0,31,0,0
595,35,30,3,2,2100000595,1,1,0,2328,1,0,41,41,7440,0,STEADY,776,3.91015,5.01611,0.246785,0.119845,0.564433,200,68,20,2,0,3,16,84,128,27,17,52,0,0
596,36,31,4,2,2100000596,0,2,1,2046,2,55,94,34,6700,0,STEADY,682,4.48538,3.4818,0.243402,0.23607,0.410557,0,0,1,10,8,6,9,74,38,0,49,600,0,0
596,36,31,4,2,2100000596,1,2,0,1174,1,0,21,21,4070,0,STEADY,392,4.50307,4.7664,0.224375,0.193878,0.482143,121,73,2,9,3,1,6,129,93,0,6,50,0,0
597,37,32,5,2,2100000597,0,3,0,901,2,146,88,9,2120,0,STEADY,301,5.91603,4.35796,0.858854,0.13289,0.358804,0,0,0,4,1,0,4,33,4,0,0,0,0,0
597,37,32,5,2,2100000597,1,3,0,1571,2,38,16,18,4000,0,STEADY,524,5.4583,3.46026,0.597471,0.152672,0.375954,171,79,5,5,4,1,3,105,112,0,0,149,0,0
598,38,33,0,2,2100000598,0,0,1,1510,1,40,0,27,5250,0,STEADY,504,3.51431,7.45637,0.179464,0.200397,0.706349,219,167,7,1,0,1,18,152,64,0,0,17,0,0
598,38,33,0,2,2100000598,1,0,1,832,1,40,0,16,3050,0,STEADY,278,3.41175,4.05196,0.272032,0.248201,0.442446,36,18,5,3,0,1,7,152,64,0,0,47,0,0
599,39,34,1,2,2100000599,0,1,0,1411,1,0,6,25,4720,0,STEADY,471,3.47404,3.18516,0.201985,0.104034,0.44586,47,30,5,2,1,2,15,134,114,0,39,90,0,0
599,39,34,1,2,2100000599,1,1,0,2053,1,0,96,35,6960,0,STEADY,685,3.25617,5.91746,0.207307,0.0919708,0.569343,585,354,2,5,1,2,25,44,114,0,41,0,0,0
600,0,2,3,2,2100000600,0,3,0,1022,1,0,8,18,3440,0,STEADY,341,5.02631,3.48625,0.338988,0.231672,0.316716,37,6,0,10,0,2,6,86,113,0,0,311,0,0
600,0,2,3,2,2100000600,1,3,0,547,1,0,63,10,1890,0,STEADY,183,6.10454,3.55443,0.518552,0.213115,0.289617,100,33,0,6,0,1,3,31,113,0,0,217,0,0
601,1,3,4,2,2100000601,0,0,1,2467,1,90,0,42,7970,0,STEADY,823,3.85121,4.85884,0.271282,0.427704,0.224787,0,0,1,14,1,9,17,103,48,2,136,100,0,0
601,1,3,4,2,2100000601,1,0,0,2611,2,7,25,44,8300,0,STEADY,871,3.32017,6.2479,0.148553,0.292767,0.319173,318,152,3,11,1,2,27,81,129,0,12,64,0,0
602,2,4,5,2,2100000602,0,1,0,870,1,0,123,1,290,0,STEADY,290,7.51832,4.63105,0.982828,0.0172414,0.593103,60,38,0,0,1,0,0,0,94,0,0,0,0,0
602,2,4,5,2,2100000602,1,1,0,930,1,0,83,6,1350,0,STEADY,310,7.54371,4.12542,0.904403,0.209677,0.377419,50,6,3,2,1,0,0,66,94,0,0,0,0,0
603,3,5,0,2,2100000603,0,2,1,2657,2,47,14,46,8370,0,STEADY,886,3.57702,5.00421,0.153527,0.268623,0.386005,0,0,35,4,3,2,2,112,59,0,0,600,0,0
603,3,5,0,2,2100000603,1,2,1,2447,2,74,108,43,7870,0,STEADY,816,3.71172,4.19441,0.140772,0.240196,0.359069,0,0,31,4,2,3,3,33,32,0,0,600,0,0
604,4,6,1,2,2100000604,0,3,1,1590,1,12,0,32,5620,0,STEADY,530,4.19539,3.54904,0.26366,0.522642,0.20566,156,31,3,18,0,2,9,131,137,26,0,22,0,0
604,4,6,1,2,2100000604,1,3,1,1640,1,10,0,33,5960,0,STEADY,547,3.719,2.39563,0.26562,0.628885,0.109689,168,32,1,21,1,1,9,131,126,13,0,0,0,0
605,5,7,2,2,2100000605,0,0,1,1681,1,76,0,30,5720,0,STEADY,561,2.74211,4.23421,0.331542,0.101604,0.636364,0,0,5,2,1,2,20,100,65,0,16,11,0,0
605,5,7,2,2,2100000605,1,0,0,1708,1,0,18,31,5720,0,STEADY,570,2.66179,4.79279,0.318219,0.112281,0.610526,64,9,7,1,1,2,20,82,141,0,24,12,0,0
606,6,8,3,2,2100000606,0,1,1,2044,1,13,0,35,6610,0,STEADY,682,4.78113,5.11631,0.303043,0.228739,0.482405,109,3,22,0,3,3,7,116,118,0,0,262,0,0
606,6,8,3,2,2100000606,1,1,1,2031,1,28,0,33,6490,0,STEADY,677,5.51888,3.29529,0.379247,0.240768,0.397341,34,0,19,0,6,2,6,116,103,0,0,461,0,0
607,7,9,4,2,2100000607,0,2,0,859,1,0,115,18,3220,0,STEADY,287,3.41566,2.74839,0.186098,0.202091,0.254355,34,16,4,9,3,1,1,80,100,0,0,80,0,0
607,7,9,4,2,2100000607,1,2,0,1714,1,0,133,33,5680,0,STEADY,572,3.72023,4.63983,0.15875,0.216783,0.232517,17,8,5,23,2,1,2,30,100,0,0,30,0,0
608,8,10,5,2,2100000608,0,3,0,727,1,0,109,5,1180,0,STEADY,243,7.62538,4.68904,0.906481,0.213992,0.395062,75,24,1,0,0,3,1,15,116,0,0,0,0,0
608,8,10,5,2,2100000608,1,3,0,1243,2,17,85,16,3010,0,STEADY,415,6.45156,4.27568,0.641398,0.20241,0.373494,42,10,5,0,4,4,3,39,99,0,0,65,0,0
609,9,11,0,2,2100000609,0,0,1,2700,3,149,45,43,9000,0,STEADY,900,3.11765,5.0093,0.289967,0.245556,0.361111,0,0,16,8,0,10,9,150,85,85,0,35,0,0
609,9,11,0,2,2100000609,1,0,1,2700,3,125,5,44,8830,0,STEADY,900,3.25065,4.15617,0.241128,0.184444,0.442222,0,0,14,10,1,5,14,208,187,163,0,226,0,0
610,10,12,1,2,2100000610,0,1,1,483,1,52,0,11,2030,0,STEADY,161,5.10789,3.16988,0.257826,0.279503,0.509317,0,0,7,3,1,0,0,111,72,0,0,10,0,0
610,10,12,1,2,2100000610,1,1,1,630,1,76,0,13,2470,0,STEADY,210,3.51546,2.66954,0.255429,0.290476,0.385714,0,0,5,5,1,0,2,111,48,0,0,66,0,0
611,11,13,2,2,2100000611,0,2,1,2700,3,112,15,44,8880,0,STEADY,900,3.76976,4.77977,0.184967,0.298889,0.25,0,0,4,10,0,5,25,89,62,57,10,65,0,0
611,11,13,2,2,2100000611,1,2,1,2700,3,113,33,44,8920,0,STEADY,900,3.93987,3.47093,0.251656,0.292222,0.196667,0,0,4,10,1,8,21,71,100,96,30,128,0,0
612,12,14,3,2,2100000612,0,3,1,467,1,45,0,10,1850,0,STEADY,156,4.27183,1.91645,0.511603,0.423077,0.224359,0,0,3,1,4,1,1,113,66,0,0,0,0,0
612,12,14,3,2,2100000612,1,3,1,497,1,50,0,10,2090,0,STEADY,166,4.05792,2.52719,0.522801,0.343373,0.331325,0,0,1,1,4,3,1,113,61,0,0,0,0,0
613,13,15,4,2,2100000613,0,0,1,607,1,92,0,12,2540,0,STEADY,203,6.71722,3.76298,0.288128,0.472906,0.236453,0,0,4,1,5,1,1,118,12,0,0,0,0,0
613,13,15,4,2,2100000613,1,0,0,2267,1,0,15,33,6770,0,STEADY,756,4.43273,2.87082,0.483862,0.387566,0.301587,161,43,11,1,11,1,9,157,104,0,0,491,0,0
614,14,16,5,2,2100000614,0,1,0,1165,2,113,115,16,3200,0,STEADY,389,5.95719,3.62816,0.756157,0.0385604,0.40617,0,0,0,0,0,7,9,0,0,0,17,34,0,0
614,14,16,5,2,2100000614,1,1,0,1203,2,113,115,17,3400,0,STEADY,401,5.94916,3.64814,0.754888,0.0374065,0.421446,0,0,0,0,0,7,10,0,0,0,0,28,0,0
615,15,17,0,2,2100000615,0,2,0,670,1,0,40,14,2220,0,STEADY,224,3.11831,2.44733,0.355759,0.339286,0.241071,35,7,5,6,0,1,2,64,118,0,24,57,0,0
615,15,17,0,2,2100000615,1,2,0,692,1,0,88,14,2630,0,STEADY,231,3.27591,5.62478,0.252121,0.0606061,0.528139,15,12,1,3,0,2,8,28,118,0,24,0,0,0
616,16,18,1,2,2100000616,0,3,0.5,682,1,0,0,13,2870,0,STEADY,228,4.23816,3.14433,0.188004,0.438596,0.236842,68,10,3,3,1,1,5,129,115,0,0,0,0,0
616,16,18,1,2,2100000616,1,3,0,350,1,0,50,8,1760,0,STEADY,117,5.32884,3.42923,0.25453,0.555556,0.0940171,26,0,4,2,0,1,1,79,115,0,0,0,0,0
617,17,19,2,2,2100000617,0,0,1,586,1,19,0,12,1900,0,STEADY,196,3.24473,6.36551,0.283214,0.0918367,0.22449,57,13,5,2,0,1,4,132,75,6,0,0,0,0
617,17,19,2,2,2100000617,1,0,1,1897,1,68,0,33,5900,0,STEADY,633,3.3008,4.21771,0.181248,0.221169,0.153239,0,0,8,1,1,11,12,132,70,61,0,113,0,0
618,18,20,3,2,2100000618,0,1,1,956,1,113,0,16,3130,0,STEADY,319,5.56425,4.61429,0.389392,0.203762,0.335423,0,0,6,7,0,1,2,90,16,0,0,150,0,0
618,18,20,3,2,2100000618,1,1,0,1927,1,0,42,30,5610,0,STEADY,643,5.28271,4.34204,0.305417,0.183515,0.438569,105,46,12,9,0,2,7,52,129,0,8,420,0,0
619,19,21,4,2,2100000619,0,2,0,2612,2,37,94,42,8530,0,STEADY,871,4.36889,4.34493,0.210901,0.117107,0.607348,101,44,3,2,2,5,30,30,95,0,44,190,0,0
619,19,21,4,2,2100000619,1,2,0,1708,1,0,64,29,5580,0,STEADY,570,4.42487,6.76715,0.282781,0.164912,0.652632,365,251,11,1,1,3,13,60,132,0,0,89,0,0
620,20,22,5,2,2100000620,0,3,1,1960,2,102,164,22,5720,0,STEADY,654,6.66166,3.50634,0.667676,0.266055,0.383792,0,0,0,8,4,10,0,11,0,0,0,600,0,0
620,20,22,5,2,2100000620,1,3,1,1100,2,102,171,12,3160,0,STEADY,367,7.36349,3.23414,0.773093,0.247956,0.313351,0,0,1,5,2,4,0,4,0,0,0,600,0,0
621,21,23,0,2,2100000621,0,0,1,1208,1,95,0,22,4210,0,STEADY,403,3.43821,7.7357,0.288648,0.0421836,0.684864,0,0,9,0,1,2,10,110,29,0,0,7,0,0
621,21,23,0,2,2100000621,1,0,0,2612,1,0,47,44,8520,0,STEADY,871,3.52777,2.99099,0.294937,0.115959,0.482204,143,36,14,0,2,3,25,76,124,0,0,138,0,0
622,22,24,1,2,2100000622,0,1,0,1768,1,0,67,26,6040,0,STEADY,590,2.99263,2.65367,0.176298,0.213559,0.401695,108,19,4,8,6,1,7,58,175,0,24,153,0,0
622,22,24,1,2,2100000622,1,1,0,2700,3,4,71,36,8510,0,STEADY,900,2.7848,2.26744,0.151954,0.153333,0.428889,257,100,7,13,7,0,9,54,171,0,57,175,0,0
623,23,25,2,2,2100000623,0,2,0,1820,1,0,32,33,5820,0,STEADY,607,3.11901,6.72333,0.266211,0.186161,0.281713,167,51,3,20,1,1,8,72,115,10,0,77,0,0
623,23,25,2,2,2100000623,1,2,0,1904,1,0,18,35,6070,0,STEADY,635,3.12182,2.70738,0.215457,0.214173,0.264567,457,139,5,19,1,0,10,86,119,14,0,256,0,0
624,24,26,3,2,2100000624,0,3,0,2700,3,67,45,43,8680,0,STEADY,900,3.41078,2.41555,0.233328,0.278889,0.338889,0,0,1,3,1,3,35,63,58,0,38,0,0,0
624,24,26,3,2,2100000624,1,3,0,2700,3,37,78,43,8600,0,STEADY,900,3.5167,2.99028,0.254744,0.221111,0.362222,58,19,2,3,1,7,30,30,88,0,46,27,0,0
625,25,27,4,2,2100000625,0,0,1,1466,1,31,0,25,4650,0,STEADY,489,4.56144,5.41671,0.305838,0.247444,0.259714,1,0,0,13,3,2,7,145,73,0,47,81,0,0
625,25,27,4,2,2100000625,1,0,0,779,1,0,75,15,2700,0,STEADY,260,4.74619,6.6298,0.344808,0.476923,0.130769,48,1,0,10,4,0,1,70,104,0,44,0,0,0
626,26,28,5,2,2100000626,0,1,1,1686,1,26,0,28,5110,0,STEADY,562,4.49165,7.83179,0.310952,0.140569,0.384342,55,27,1,15,1,0,11,111,82,0,0,0,0,0
626,26,28,5,2,2100000626,1,1,1,1576,1,7,0,26,4780,0,STEADY,526,4.63828,6.18408,0.338508,0.146388,0.353612,43,10,1,14,2,0,9,111,101,0,0,30,0,0
627,27,29,0,2,2100000627,0,2,1,1285,1,35,0,24,4350,0,STEADY,429,4.83922,7.51845,0.30514,0.272727,0.582751,148,97,20,2,1,0,1,102,110,0,0,31,0,0
627,27,29,0,2,2100000627,1,2,1,1614,1,17,0,30,5340,0,STEADY,538,4.56404,6.27805,0.29408,0.288104,0.516729,434,251,27,2,1,0,0,102,128,0,0,131,0,0
628,28,30,1,2,2100000628,0,3,1,322,1,20,0,7,1600,0,STEADY,108,6.67012,4.70008,0.481481,0.62037,0.111111,48,2,4,1,1,0,1,125,91,0,0,0,0,0
628,28,30,1,2,2100000628,1,3,0,468,1,0,25,10,2040,0,STEADY,156,6.02478,4.51544,0.301186,0.49359,0.147436,104,11,3,5,1,0,1,100,111,0,0,0,0,0
629,29,31,2,2,2100000629,0,0,0,2123,1,0,17,36,7040,0,STEADY,708,3.46118,2.82954,0.244809,0.283898,0.374294,47,15,5,10,5,1,15,124,102,0,58,203,0,0
629,29,31,2,2,2100000629,1,0,0,2172,1,0,55,36,7240,0,STEADY,724,3.40278,2.74581,0.216948,0.201657,0.479282,146,36,2,11,4,1,18,86,102,0,79,211,0,0
630,30,32,3,2,2100000630,0,1,1,878,1,33,0,18,2720,0,STEADY,293,5.43187,3.55423,0.346038,0.146758,0.324232,2,0,11,3,0,2,2,121,92,0,40,170,0,0
630,30,32,3,2,2100000630,1,1,1,917,1,57,0,22,2780,0,STEADY,306,5.3496,4.97975,0.403912,0.101307,0.372549,0,0,18,3,0,1,0,121,68,0,20,95,0,0
631,31,33,4,2,2100000631,0,2,0,1621,1,0,95,28,5490,0,STEADY,541,3.69654,6.87477,0.194242,0.0628466,0.373383,426,168,2,2,1,1,22,57,141,9,12,101,0,0
631,31,33,4,2,2100000631,1,2,0,1789,1,0,50,31,5880,0,STEADY,597,3.83577,3.91684,0.222295,0.172529,0.336683,503,190,4,7,3,0,17,102,150,18,0,234,0,0
632,32,34,5,2,2100000632,0,3,1,1285,1,23,0,21,4450,0,STEADY,429,4.99116,4.17125,0.38951,0.165501,0.305361,155,56,7,0,7,2,5,140,98,0,0,85,0,0
632,32,34,5,2,2100000632,1,3,1,1310,1,43,0,19,4350,0,STEADY,437,6.10291,4.83352,0.421007,0.221968,0.389016,52,36,4,3,7,2,3,140,78,0,0,331,0,0
633,33,35,0,2,2100000633,0,0,1,1778,1,82,0,33,5820,0,STEADY,593,3.56858,7.14477,0.212766,0.10118,0.155143,0,0,26,1,1,1,4,110,70,0,0,67,0,0
633,33,35,0,2,2100000633,1,0,1,2079,1,68,0,38,6710,0,STEADY,693,3.59702,5.02442,0.225173,0.106782,0.225108,0,0,31,3,1,0,3,110,84,0,0,72,0,0
634,34,36,1,2,2100000634,0,1,1,510,1,41,0,10,1960,0,STEADY,170,4.66019,2.73404,0.331882,0.211765,0.135294,18,2,0,5,1,1,3,93,99,0,0,80,0,0
634,34,36,1,2,2100000634,1,1,1,396,1,41,0,9,1720,0,STEADY,132,4.84103,3.19916,0.498864,0.416667,0.136364,26,6,1,5,1,2,0,93,99,0,0,30,0,0
635,35,37,2,2,2100000635,0,2,0,1748,1,0,92,33,5860,0,STEADY,583,4.4363,6.0802,0.242899,0.0926244,0.349914,32,0,22,1,0,2,8,58,119,18,0,55,0,0
635,35,37,2,2,2100000635,1,2,0,2501,1,0,52,44,8020,0,STEADY,834,4.06018,5.18542,0.209185,0.27458,0.297362,32,0,26,0,0,3,15,98,119,18,0,56,0,0
636,36,38,3,2,2100000636,0,3,0,1319,1,0,92,17,3430,0,STEADY,440,5.82165,3.81476,0.552693,0.075,0.422727,51,18,3,3,0,5,6,12,93,0,13,437,0,0
636,36,38,3,2,2100000636,1,3,0,1681,1,0,46,18,3660,0,STEADY,561,5.26454,3.02796,0.796194,0.12656,0.374332,37,3,4,4,1,8,1,58,93,0,0,576,0,0
637,37,39,4,2,2100000637,0,0,1,2291,2,99,36,39,7440,0,STEADY,764,4.04018,4.48195,0.301178,0.192408,0.467277,0,0,28,4,5,0,2,78,51,0,0,600,0,0
637,37,39,4,2,2100000637,1,0,1,2448,2,106,20,42,7820,0,STEADY,816,3.87742,4.54482,0.279461,0.144608,0.52451,0,0,28,2,3,0,9,94,44,0,0,600,0,0
638,38,0,5,2,2100000638,0,1,1,1167,1,45,0,16,3000,0,STEADY,389,5.65705,4.85635,0.637224,0.40874,0.40874,0,0,6,5,2,1,2,113,59,0,0,0,0,0
638,38,0,5,2,2100000638,1,1,0,1711,1,0,27,15,2840,0,STEADY,571,5.93015,3.62848,0.883818,0.246935,0.385289,33,1,7,2,1,1,4,86,104,0,0,253,0,0
639,39,1,0,2,2100000639,0,2,0,1702,1,0,121,31,5640,0,STEADY,568,3.04283,2.56287,0.172121,0.117958,0.369718,42,19,8,2,0,2,19,20,114,0,6,100,0,0
639,39,1,0,2,2100000639,1,2,0,784,1,0,106,16,2880,0,STEADY,262,3.06924,2.71741,0.250668,0.0687023,0.450382,52,30,5,1,0,2,8,30,114,0,8,6,0,0
640,0,9,2,2,2100000640,0,0,0,2700,3,42,149,48,8310,0,STEADY,900,3.44122,4.6395,0.282217,0.416667,0.358889,376,75,2,40,0,1,5,63,71,0,0,0,0,0
640,0,9,2,2,2100000640,1,0,0,2700,3,54,149,48,8360,0,STEADY,900,3.44638,5.5465,0.285783,0.43,0.365556,0,0,1,41,0,1,5,74,59,0,0,0,0,0
641,1,10,3,2,2100000641,0,1,1,1636,1,7,0,30,5060,0,STEADY,546,4.091,3.03463,0.34848,0.479853,0.208791,139,4,8,10,0,4,8,124,129,0,166,358,0,0
641,1,10,3,2,2100000641,1,1,0,939,1,0,113,17,2970,0,STEADY,313,5.18807,3.84722,0.518978,0.412141,0.223642,116,17,2,9,0,4,2,11,136,0,57,306,0,0
642,2,11,4,2,2100000642,0,2,1,569,1,22,0,9,1880,0,STEADY,190,5.61582,3.3967,0.746947,0.5,0.294737,9,3,5,4,0,0,0,153,72,0,0,167,0,0
642,2,11,4,2,2100000642,1,2,0,1133,1,0,37,17,3550,0,STEADY,378,5.54364,3.68598,0.409246,0.497354,0.219577,205,63,9,7,0,0,1,140,94,0,0,269,0,0
643,3,12,5,2,2100000643,0,3,0,1006,1,0,67,16,3020,0,STEADY,336,5.51516,2.70507,0.706994,0.184524,0.449405,109,41,8,1,1,4,2,44,106,0,59,401,0,0
643,3,12,5,2,2100000643,1,3,0,1208,1,0,87,19,3540,0,STEADY,403,5.37688,3.20515,0.391476,0.218362,0.42928,201,102,12,2,1,3,1,24,106,0,45,352,0,0
644,4,13,0,2,2100000644,0,0,0,830,1,0,73,18,3190,0,STEADY,277,5.44072,3.11856,0.329978,0.202166,0.191336,114,17,1,11,0,1,5,31,136,13,0,161,0,0
644,4,13,0,2,2100000644,1,0,0,1521,1,0,62,30,5550,0,STEADY,507,4.94826,4.26666,0.270939,0.114398,0.372781,390,154,0,15,0,2,13,42,149,26,0,127,0,0
645,5,14,1,2,2100000645,0,1,1,658,1,18,0,14,2200,0,STEADY,220,2.66816,2.6239,0.355023,0.377273,0.427273,64,29,8,0,1,1,4,113,123,0,4,117,0,0
645,5,14,1,2,2100000645,1,1,1,748,1,32,0,16,2560,0,STEADY,250,2.76934,5.45501,0.32858,0.388,0.428,20,10,9,0,2,0,5,113,109,0,0,0,0,0
646,6,15,2,2,2100000646,0,2,1,2479,1,119,0,44,8060,0,STEADY,827,4.43787,5.53687,0.222406,0.215236,0.599758,0,0,32,0,2,4,6,118,12,0,0,114,0,0
646,6,15,2,2,2100000646,1,2,1,907,1,65,0,18,3330,0,STEADY,303,3.87352,3.11297,0.190182,0.564356,0.254125,0,0,12,0,1,1,4,140,66,0,0,71,0,0
647,7,16,3,2,2100000647,0,3,1,860,1,82,0,18,3070,0,STEADY,287,3.30628,1.85688,0.247631,0.149826,0.310105,0,0,7,6,3,1,1,115,18,0,0,6,0,0
647,7,16,3,2,2100000647,1,3,1,1036,1,7,0,21,3550,0,STEADY,346,3.52916,2.35625,0.297298,0.0867052,0.369942,89,37,10,4,0,3,4,115,93,0,0,9,0,0
648,8,17,4,2,2100000648,0,0,0,445,1,0,18,9,1610,0,STEADY,149,4.00931,4.76241,0.531376,0.194631,0.624161,53,45,3,0,3,2,1,87,116,0,0,0,0,0
648,8,17,4,2,2100000648,1,0,1,746,1,2,0,15,2600,0,STEADY,249,3.73871,2.49881,0.279739,0.148594,0.473896,61,31,5,1,4,1,4,113,114,0,10,156,0,0
649,9,18,5,2,2100000649,0,1,0,2700,3,149,34,37,8180,0,STEADY,900,4.37221,4.80806,0.48125,0.118889,0.442222,0,0,14,4,6,3,10,95,90,90,0,394,0,0
649,9,18,5,2,2100000649,1,1,1,2700,3,115,37,40,8290,0,STEADY,900,3.4655,4.47149,0.422083,0.0944444,0.374444,0,0,12,8,3,6,11,92,194,160,0,119,0,0
650,10,19,0,2,2100000650,0,2,1,858,1,109,0,17,3090,0,STEADY,286,5.59436,5.98691,0.239406,0.129371,0.468531,0,0,8,7,0,0,2,132,15,0,0,42,0,0
650,10,19,0,2,2100000650,1,2,1,621,1,92,0,13,2370,0,STEADY,207,5.55253,4.4563,0.24215,0.130435,0.468599,0,0,6,5,0,0,2,132,32,0,0,74,0,0
651,11,20,1,2,2100000651,0,3,0,2700,3,116,19,45,8600,0,STEADY,900,3.69716,3.54531,0.279833,0.353333,0.283333,0,0,9,5,3,9,19,83,109,108,40,36,0,0
651,11,20,1,2,2100000651,1,3,0,1768,2,86,41,30,5960,0,STEADY,590,3.68547,3.1186,0.216153,0.318644,0.267797,0,0,3,5,0,7,15,53,114,83,50,0,0,0
652,12,21,2,2,2100000652,0,0,0,1794,1,0,31,32,6070,0,STEADY,598,3.57929,4.18229,0.215368,0.202341,0.26087,39,13,5,1,14,3,9,93,111,0,0,121,0,0
652,12,21,2,2,2100000652,1,0,1,1967,1,81,0,35,6680,0,STEADY,656,3.71828,3.5545,0.27561,0.210366,0.213415,0,0,7,1,13,7,7,124,30,0,0,98,0,0
653,13,22,3,2,2100000653,0,1,1,2700,3,101,160,15,4350,0,STEADY,900,10.8264,5.22988,0.917806,0.0977778,0.587778,0,0,0,0,0,15,0,0,3,0,0,0,0,0
653,13,22,3,2,2100000653,1,1,1,2700,3,98,160,15,4350,0,STEADY,900,10.8679,5.31295,0.917806,0.16,0.477778,0,0,0,0,0,15,0,0,6,0,0,0,0,0
654,14,23,4,2,2100000654,0,2,0,1987,1,0,27,34,6440,0,STEADY,663,2.7554,7.07691,0.267881,0.0331825,0.282051,96,33,1,5,3,5,20,93,113,0,0,0,0,0
654,14,23,4,2,2100000654,1,2,0,2396,1,0,22,42,7480,0,STEADY,799,2.70293,3.65686,0.232215,0.028786,0.236546,95,30,1,12,3,6,20,99,113,0,17,9,0,0
655,15,24,5,2,2100000655,0,3,0,1137,2,118,125,8,1610,0,STEADY,379,7.30941,4.85164,0.895369,0.240106,0.451187,0,0,0,2,1,5,0,0,0,0,17,0,0,0
655,15,24,5,2,2100000655,1,3,0,1907,1,0,49,22,3910,0,STEADY,636,6.06725,3.85148,0.614544,0.237421,0.389937,236,104,4,8,1,5,4,76,135,17,17,79,0,0
656,16,25,0,2,2100000656,0,0,1,1033,1,82,0,18,3940,0,STEADY,345,4.09433,2.87635,0.180652,0.205797,0.475362,0,0,6,8,0,1,3,104,33,0,0,211,0,0
656,16,25,0,2,2100000656,1,0,1,1108,1,23,0,19,4200,0,STEADY,370,3.82156,4.43471,0.160649,0.286486,0.448649,178,108,4,8,0,1,6,104,92,0,0,36,0,0
657,17,26,1,2,2100000657,0,1,0,914,1,0,52,16,3300,0,STEADY,305,3.21307,7.84003,0.261148,0.186885,0.15082,145,4,1,3,1,5,6,56,117,24,0,0,0,0
657,17,26,1,2,2100000657,1,1,1,1473,1,88,0,24,5140,0,STEADY,491,3.35759,8.40947,0.28499,0.219959,0.124236,0,0,0,3,0,11,10,108,62,48,0,0,0,0
658,18,27,2,2,2100000658,0,2,1,884,1,10,0,17,3210,0,STEADY,295,5.20761,3.01507,0.272546,0.189831,0.244068,129,45,7,6,0,0,4,145,119,0,0,181,0,0
658,18,27,2,2,2100000658,1,2,1,600,1,38,0,14,2370,0,STEADY,200,5.65071,4.01921,0.331035,0.12,0.225,14,0,9,4,0,0,1,145,91,0,0,139,0,0
659,19,28,3,2,2100000659,0,3,0,2700,3,120,102,1,200,0,STEADY,900,10.9344,5.49094,0.996917,0.0644444,0.44,0,0,0,0,0,1,0,0,12,0,0,0,0,0
659,19,28,3,2,2100000659,1,3,0,2700,3,117,105,1,200,0,STEADY,900,10.9108,5.48357,0.99685,0.161111,0.445556,0,0,0,0,0,1,0,0,15,0,0,0,0,0
660,20,29,4,2,2100000660,0,0,1,916,2,51,68,16,3330,0,STEADY,306,5.44326,1.75308,0.345359,0.30719,0.352941,0,0,7,1,3,4,1,34,51,0,36,600,0,0
660,20,29,4,2,2100000660,1,0,1,1614,2,78,69,28,5390,0,STEADY,538,4.74099,2.78111,0.300288,0.464684,0.271375,0,0,16,1,2,6,3,33,24,0,9,600,0,0
661,21,30,5,2,2100000661,0,1,1,2606,2,43,95,39,6900,0,STEADY,869,5.15939,2.67309,0.790046,0.00575374,0.448792,31,14,30,0,0,0,9,30,81,0,0,600,0,0
661,21,30,5,2,2100000661,1,1,1,2274,2,98,95,32,5680,0,STEADY,758,5.32093,2.77322,0.825844,0.00395778,0.440633,0,0,24,0,0,0,8,30,26,0,0,600,0,0
662,22,31,0,2,2100000662,0,2,0,1380,1,0,63,19,4610,0,STEADY,460,3.67187,8.45272,0.181196,0.141304,0.176087,66,9,0,9,3,0,7,78,175,0,5,55,0,0
662,22,31,0,2,2100000662,1,2,0,1564,1,0,6,21,5140,0,STEADY,522,3.75698,2.03278,0.187732,0.122605,0.375479,179,79,2,10,4,0,5,126,175,0,77,137,0,0
663,23,32,1,2,2100000663,0,3,0,1391,1,0,13,27,4590,0,STEADY,464,3.09611,2.24208,0.227532,0.202586,0.256466,326,90,7,9,0,1,10,108,123,18,0,0,0,0
663,23,32,1,2,2100000663,1,3,1,2218,1,16,0,41,6990,0,STEADY,740,2.92987,1.93445,0.24077,0.181081,0.281081,286,72,11,15,2,2,11,121,109,20,0,0,0,0
664,24,33,2,2,2100000664,0,0,0,2700,3,34,93,44,8840,0,STEADY,900,3.17389,3.78364,0.153294,0.0822222,0.501111,357,130,1,2,1,2,38,59,91,0,0,66,0,0
664,24,33,2,2,2100000664,1,0,0,1810,1,0,82,31,6080,0,STEADY,604,3.24965,2.32302,0.178808,0.198675,0.463576,15,9,3,2,1,1,24,70,125,0,11,167,0,0
665,25,34,3,2,2100000665,0,1,0,880,1,0,96,15,2730,0,STEADY,294,5.16838,3.74048,0.521922,0.295918,0.312925,66,30,1,7,2,1,4,44,104,0,24,146,0,0
665,25,34,3,2,2100000665,1,1,0,1116,1,0,75,19,3540,0,STEADY,372,5.14776,3.73907,0.371196,0.400538,0.271505,41,14,2,6,4,4,3,65,104,0,63,172,0,0
666,26,35,4,2,2100000666,0,2,1,2045,1,66,0,37,6660,0,STEADY,682,4.39284,3.79464,0.273578,0.250733,0.203812,0,0,0,26,1,0,10,119,42,0,0,332,0,0
666,26,35,4,2,2100000666,1,2,1,2700,3,48,39,48,8360,0,STEADY,900,4.06732,5.01559,0.242722,0.17,0.196667,0,0,7,24,1,0,16,62,60,0,0,432,0,0
667,27,36,5,2,2100000667,0,3,1,1580,2,79,24,19,4300,0,STEADY,527,6.61581,3.00207,0.633254,0.239089,0.368121,0,0,6,3,8,0,2,69,66,0,0,600,0,0
667,27,36,5,2,2100000667,1,3,1,1337,2,87,50,18,3870,0,STEADY,446,6.91938,3.05169,0.54222,0.280269,0.318386,0,0,8,4,5,0,1,43,58,0,0,600,0,0
668,28,37,0,2,2100000668,0,0,1,1174,1,31,0,19,4410,0,STEADY,392,5.07669,3.18025,0.274732,0.311224,0.517857,6,0,9,1,4,0,5,150,80,0,0,477,0,0
668,28,37,0,2,2100000668,1,0,1,538,1,41,0,10,2280,0,STEADY,180,5.738,3.99378,0.345528,0.277778,0.361111,79,29,6,1,1,0,2,150,70,0,0,0,0,0
669,29,38,1,2,2100000669,0,1,1,632,1,32,0,12,2600,0,STEADY,211,5.90165,5.0106,0.392441,0.255924,0.251185,36,9,0,3,5,0,4,104,70,0,64,26,0,0
669,29,38,1,2,2100000669,1,1,0,802,1,0,10,14,2960,0,STEADY,268,5.80856,4.8303,0.332537,0.160448,0.30597,135,60,0,3,4,0,7,94,102,0,46,0,0,0
670,30,39,2,2,2100000670,0,2,1,964,1,104,0,24,2880,0,STEADY,322,4.21304,5.43629,0.333888,0.0931677,0.602484,0,0,21,3,0,0,0,114,21,0,0,33,0,0
670,30,39,2,2,2100000670,1,2,1,842,1,89,0,22,2700,0,STEADY,281,4.48707,4.12086,0.365751,0.106762,0.597865,0,0,19,3,0,0,0,114,36,0,0,130,0,0
671,31,0,3,2,2100000671,0,3,1,2635,1,88,0,34,7110,0,STEADY,879,6.72583,4.5643,0.706553,0.249147,0.38339,0,0,1,15,12,0,6,85,146,102,0,258,0,0
671,31,0,3,2,2100000671,1,3,0,1417,2,84,35,19,4020,0,STEADY,473,6.86784,5.1274,0.666015,0.27907,0.389006,0,0,0,9,7,0,3,66,110,62,0,0,0,0
672,32,1,4,2,2100000672,0,0,1,2680,2,88,11,40,8860,0,STEADY,894,4.4805,4.236,0.330134,0.473154,0.350112,0,0,10,5,18,1,6,125,33,0,0,600,0,0
672,32,1,4,2,2100000672,1,0,0,2204,1,0,25,36,7720,0,STEADY,735,4.78186,3.26996,0.218449,0.312925,0.288435,70,23,11,4,12,1,8,111,121,0,0,444,0,0
673,33,2,5,2,2100000673,0,1,0,1171,1,0,4,12,2380,0,STEADY,391,5.94769,2.96136,0.830371,0.112532,0.421995,161,67,6,4,0,0,2,90,152,0,0,440,0,0
673,33,2,5,2,2100000673,1,1,1,1264,1,87,0,14,2770,0,STEADY,422,5.65854,3.62189,0.600853,0.0876777,0.386256,0,0,5,3,0,0,6,94,65,0,0,126,0,0
674,34,3,0,2,2100000674,0,2,1,830,1,63,0,17,2990,0,STEADY,277,4.04939,3.52017,0.3687,0.202166,0.31769,0,0,1,11,0,0,5,100,77,0,0,105,0,0
674,34,3,0,2,2100000674,1,2,1,571,1,78,0,12,2180,0,STEADY,191,5.32251,3.22004,0.418822,0.246073,0.319372,0,0,1,7,1,0,3,103,62,0,0,177,0,0
675,35,4,1,2,2100000675,0,3,0,2700,3,27,63,46,8780,0,STEADY,900,3.45637,2.72489,0.157689,0.317778,0.252222,309,74,14,0,0,6,26,112,124,50,18,20,0,0
675,35,4,1,2,2100000675,1,3,1,2237,1,14,0,40,7360,0,STEADY,746,3.49376,2.54799,0.227916,0.403485,0.229223,228,49,16,2,0,5,17,149,132,45,19,49,0,0
676,36,5,2,2,2100000676,0,0,0,2552,1,0,36,42,8600,0,STEADY,851,3.44303,3.69591,0.164618,0.40423,0.473561,211,58,1,8,20,0,13,105,93,0,0,278,0,0
676,36,5,2,2,2100000676,1,0,0,2126,1,0,49,35,7230,0,STEADY,709,3.48541,5.9718,0.155487,0.228491,0.623413,635,414,2,5,15,0,13,92,93,0,0,111,0,0
677,37,6,3,2,2100000677,0,1,0,1975,1,0,22,32,6200,0,STEADY,659,4.62841,4.61788,0.283741,0.239757,0.264036,54,0,14,2,1,1,14,109,150,0,0,146,0,0
677,37,6,3,2,2100000677,1,1,1,1924,1,34,0,31,5910,0,STEADY,642,4.59421,5.78981,0.297609,0.200935,0.271028,20,0,16,1,3,0,11,131,116,0,0,0,0,0
678,38,7,4,2,2100000678,0,2,1,814,1,34,0,16,3130,0,STEADY,272,3.26704,4.10007,0.264706,0.3125,0.569853,5,0,4,2,1,1,8,100,70,0,0,87,0,0
678,38,7,4,2,2100000678,1,2,1,1322,1,14,0,24,4630,0,STEADY,441,3.31112,8.02578,0.332438,0.337868,0.591837,126,98,6,4,2,1,11,100,90,0,0,0,0,0
679,39,8,5,2,2100000679,0,3,0,1077,2,105,62,11,2320,0,STEADY,359,7.05381,4.26735,0.833552,0.147632,0.428969,0,0,0,6,0,3,2,54,9,0,27,0,0,0
679,39,8,5,2,2100000679,1,3,0,1342,2,81,90,13,2720,0,STEADY,448,6.87615,3.93391,0.826507,0.116071,0.426339,0,0,0,7,0,3,3,26,33,0,29,83,0,0
680,0,16,1,2,2100000680,0,1,1,1590,1,12,0,28,5250,0,STEADY,530,4.21066,3.10422,0.284858,0.160377,0.341509,409,161,0,14,0,1,13,115,101,0,0,205,0,0
680,0,16,1,2,2100000680,1,1,0,2107,1,0,9,37,6780,0,STEADY,703,4.10666,6.24256,0.271351,0.280228,0.302987,214,53,0,23,0,1,13,106,113,0,0,89,0,0
681,1,17,2,2,2100000681,0,2,0,1567,1,0,58,28,5350,0,STEADY,523,2.99469,2.64592,0.242916,0.590822,0.154876,167,33,1,8,1,4,14,72,150,14,153,294,0,0
681,1,17,2,2,2100000681,1,2,0,1199,1,0,87,22,4210,0,STEADY,400,3.05962,2.32138,0.246687,0.5525,0.1475,81,13,1,6,1,3,11,37,138,2,115,180,0,0
682,2,18,3,2,2100000682,0,3,1,730,1,32,0,10,2120,0,STEADY,244,5.57954,4.0797,0.557131,0.356557,0.340164,65,10,3,3,1,0,3,129,62,0,0,0,0,0
682,2,18,3,2,2100000682,1,3,1,513,1,18,0,9,1860,0,STEADY,171,6.37017,4.30335,0.569532,0.403509,0.251462,62,6,3,5,1,0,0,129,76,0,0,0,0,0
683,3,19,4,2,2100000683,0,0,0,1210,1,0,84,22,4220,0,STEADY,404,4.05192,6.97671,0.213911,0.222772,0.0618812,105,9,14,6,0,1,1,48,106,0,0,11,0,0
683,3,19,4,2,2100000683,1,0,0,1438,1,0,84,27,4870,0,STEADY,480,3.68831,2.4842,0.197104,0.264583,0.34375,123,55,21,2,1,2,1,48,106,0,0,361,0,0
684,4,20,5,2,2100000684,0,1,1,2100,1,122,0,29,5910,0,STEADY,700,5.94068,4.51824,0.491386,0.184286,0.391429,0,0,0,8,5,4,12,98,52,51,0,234,0,0
684,4,20,5,2,2100000684,1,1,0,1175,2,90,16,16,3280,0,STEADY,392,6.19159,3.87215,0.651097,0.242347,0.318878,0,0,1,4,4,3,4,86,72,39,0,89,0,0
685,5,21,0,2,2100000685,0,2,0,1833,1,0,114,31,6200,0,STEADY,611,4.01582,7.0916,0.202398,0.0294599,0.250409,139,43,1,1,1,2,26,10,141,0,34,0,0,0
685,5,21,0,2,2100000685,1,2,0,2083,2,65,103,31,6320,0,STEADY,695,4.07965,5.19663,0.258496,0.0848921,0.261871,0,0,0,1,2,6,22,21,76,0,44,33,0,0
686,6,22,1,2,2100000686,0,3,1,1770,1,105,0,31,6050,0,STEADY,590,3.53399,2.5599,0.172627,0.632203,0.186441,0,0,14,0,1,10,6,175,26,0,0,74,0,0
686,6,22,1,2,2100000686,1,3,1,1543,1,53,0,28,5310,0,STEADY,515,4.2568,4.10128,0.273631,0.341748,0.332039,0,0,17,0,2,4,5,175,78,0,0,20,0,0
687,7,23,2,2,2100000687,0,0,0,1286,1,0,70,24,4460,0,STEADY,429,2.84884,5.53738,0.27303,0.223776,0.104895,78,7,1,17,4,1,1,52,100,0,0,8,0,0
687,7,23,2,2,2100000687,1,0,0,2357,1,0,58,44,7550,0,STEADY,786,2.6199,3.68354,0.22507,0.206107,0.159033,277,73,7,30,3,1,3,62,100,0,0,32,0,0
688,8,24,3,2,2100000688,0,1,1,1870,2,99,73,27,5260,0,STEADY,624,4.76809,3.23312,0.438878,0.185897,0.392628,0,0,11,1,2,5,8,52,17,0,0,600,0,0
688,8,24,3,2,2100000688,1,1,1,1725,2,53,1,29,5240,0,STEADY,575,4.44669,2.17441,0.3674,0.302609,0.332174,0,0,20,0,3,4,2,124,63,0,0,600,0,0
689,9,25,4,2,2100000689,0,2,1,2224,1,141,0,35,7390,0,STEADY,742,3.36225,5.36441,0.326388,0.097035,0.591644,0,0,12,6,1,8,8,104,47,39,0,215,0,0
689,9,25,4,2,2100000689,1,2,0,2700,3,149,36,42,8790,0,STEADY,900,3.3027,4.08619,0.305811,0.174444,0.505556,0,0,14,7,1,8,12,68,38,38,0,24,0,0
690,10,26,5,2,2100000690,0,3,1,1653,1,100,0,26,5130,0,STEADY,551,5.39443,3.3107,0.425027,0.161525,0.421053,0,0,8,11,4,0,3,108,24,0,0,244,0,0
690,10,26,5,2,2100000690,1,3,1,1228,1,102,0,20,4010,0,STEADY,410,5.83845,3.36466,0.453634,0.185366,0.426829,0,0,6,9,4,0,1,108,22,0,0,199,0,0
691,11,27,0,2,2100000691,0,0,0,1106,1,0,109,19,3960,0,STEADY,369,4.39114,7.41468,0.296111,0.205962,0.205962,65,14,0,4,0,4,11,36,165,48,13,72,0,0
691,11,27,0,2,2100000691,1,0,0,2700,3,112,74,45,8920,0,STEADY,900,3.61421,4.11299,0.175539,0.136667,0.305556,0,0,3,4,0,9,29,71,105,100,63,102,0,0
692,12,28,1,2,2100000692,0,1,0,370,1,0,5,8,1710,0,STEADY,124,5.2222,2.72827,0.613105,0.306452,0.306452,61,19,1,2,3,1,1,90,111,0,0,128,0,0
692,12,28,1,2,2100000692,1,1,1,830,1,15,0,15,3150,0,STEADY,277,4.03417,2.55768,0.349567,0.205776,0.382671,230,94,0,2,7,1,5,95,96,0,0,133,0,0
693,13,29,2,2,2100000693,0,2,1,1059,1,17,0,20,3750,0,STEADY,353,5.87576,4.8817,0.185822,0.390935,0.458924,276,147,14,1,5,0,0,102,87,0,0,175,0,0
693,13,29,2,2,2100000693,1,2,0,653,1,0,44,13,2690,0,STEADY,218,5.22014,3.75762,0.264817,0.412844,0.302752,100,43,4,1,6,0,2,58,104,0,0,100,0,0
694,14,30,3,2,2100000694,0,3,1,1567,1,36,0,29,4560,0,STEADY,523,2.98062,2.08335,0.262648,0.0611855,0.388145,7,2,5,11,1,6,6,125,77,0,17,34,0,0
694,14,30,3,2,2100000694,1,3,1,1521,1,16,0,29,4680,0,STEADY,507,2.97363,2.12703,0.287978,0.0512821,0.368836,217,65,4,12,4,3,6,125,97,0,30,0,0,0
695,15,31,4,2,2100000695,0,0,0,955,1,0,16,19,3110,0,STEADY,319,4.27476,3.97874,0.428323,0.438871,0.169279,28,7,5,12,1,1,0,116,124,6,9,74,0,0
695,15,31,4,2,2100000695,1,0,1,1657,2,118,132,28,5390,0,STEADY,553,4.94827,2.61828,0.301817,0.377939,0.274864,0,0,0,14,3,5,6,0,45,45,43,600,0,0
696,16,32,5,2,2100000696,0,1,0,1520,1,0,61,18,4600,0,STEADY,507,5.88946,3.35111,0.531558,0.207101,0.384615,199,84,4,6,2,4,2,60,115,0,0,358,0,0
696,16,32,5,2,2100000696,1,1,0,755,1,0,61,10,2510,0,STEADY,252,6.96573,5.84893,0.558492,0.27381,0.404762,36,18,3,5,0,2,0,60,115,0,0,0,0,0
697,17,33,0,2,2100000697,0,2,0,1615,1,0,52,28,5440,0,STEADY,539,3.01837,7.10601,0.156299,0.115028,0.144712,313,45,3,1,1,8,15,100,139,42,0,0,0,0
697,17,33,0,2,2100000697,1,2,1,2255,1,11,0,38,7440,0,STEADY,752,3.54724,3.7813,0.23258,0.131649,0.319149,107,31,4,4,1,8,21,152,112,48,0,143,0,0
698,18,34,1,2,2100000698,0,3,0,1137,1,0,26,20,3860,0,STEADY,379,4.0718,3.23685,0.245404,0.401055,0.298153,133,22,7,7,0,0,6,114,129,0,0,94,0,0
698,18,34,1,2,2100000698,1,3,0,665,1,0,26,13,2570,0,STEADY,222,4.16952,2.91511,0.305306,0.391892,0.292793,47,1,4,5,0,0,4,114,129,0,0,0,0,0
699,19,35,2,2,2100000699,0,0,1,2177,1,76,0,38,7200,0,STEADY,726,4.19627,3.43071,0.239938,0.312672,0.577135,0,0,16,2,0,3,17,101,56,0,16,160,0,0
699,19,35,2,2,2100000699,1,0,1,2210,1,34,0,39,7300,0,STEADY,737,4.20645,5.54502,0.270658,0.31479,0.484396,29,0,22,4,0,1,12,101,98,0,0,9,0,0
700,20,36,3,2,2100000700,0,1,1,1843,1,19,0,31,5920,0,STEADY,615,4.42594,5.5329,0.29765,0.24065,0.508943,19,0,16,1,1,3,10,93,83,0,13,64,0,0
700,20,36,3,2,2100000700,1,1,1,1905,1,25,0,31,6220,0,STEADY,635,4.7666,5.69433,0.347181,0.220472,0.516535,0,0,13,1,4,4,9,93,77,0,6,144,0,0
701,21,37,4,2,2100000701,0,2,1,1796,1,48,0,31,5480,0,STEADY,599,4.09494,5.35205,0.462471,0.0417362,0.267112,153,19,18,3,1,1,8,150,76,0,0,146,0,0
701,21,37,4,2,2100000701,1,2,0,2700,3,86,32,47,8270,0,STEADY,900,4.05504,5.31333,0.37645,0.0233333,0.354444,0,0,31,3,1,0,12,118,38,0,0,272,0,0
702,22,38,5,2,2100000702,0,3,0.5,2700,3,175,104,0,0,0,STEADY,900,9.77624,4.97211,1,0.0977778,0.641111,0,0,0,0,0,0,0,0,0,0,0,0,0,0
702,22,38,5,2,2100000702,1,3,1,2700,3,52,52,19,4070,0,STEADY,900,6.48899,3.77148,0.761784,0.0755556,0.46,403,190,0,3,10,0,6,52,123,0,52,431,0,0
703,23,39,0,2,2100000703,0,0,0,2700,3,59,12,50,8240,0,STEADY,900,2.97764,4.43474,0.268533,0.245556,0.273333,0,0,11,32,1,2,4,102,63,17,0,60,0,0
703,23,39,0,2,2100000703,1,0,1,2700,3,75,95,51,8000,0,STEADY,900,2.93679,3.96196,0.28445,0.196667,0.24,0,0,16,32,1,0,2,19,33,3,0,110,0,0
704,24,0,1,2,2100000704,0,1,0,2700,3,77,46,44,9040,0,STEADY,900,3.51444,6.61046,0.214794,0.206667,0.4,0,0,0,5,1,7,31,63,48,0,36,74,0,0
704,24,0,1,2,2100000704,1,1,0,2700,3,8,50,44,8840,0,STEADY,900,3.31923,2.53974,0.185561,0.122222,0.447778,267,96,1,3,0,5,35,63,117,0,69,212,0,0
705,25,1,2,2,2100000705,0,2,0,1069,1,0,80,20,3760,0,STEADY,357,3.24543,1.74058,0.222661,0.366947,0.316527,147,55,2,6,2,5,5,56,104,0,24,119,0,0
705,25,1,2,2,2100000705,1,2,0,751,1,0,108,16,2810,0,STEADY,251,3.50056,1.95736,0.195657,0.788845,0.0278884,73,0,0,13,1,0,2,28,104,0,0,0,0,0
706,26,2,3,2,2100000706,0,3,0,1152,1,0,37,19,3230,0,STEADY,384,3.98088,2.97018,0.491471,0.338542,0.265625,151,37,3,11,0,0,5,57,108,0,0,132,0,0
706,26,2,3,2,2100000706,1,3,0,776,1,0,44,14,2530,0,STEADY,259,5.13797,3.59829,0.612703,0.30888,0.239382,21,0,0,9,0,0,5,50,108,0,0,54,0,0
707,27,3,4,2,2100000707,0,0,1,1317,1,97,0,24,4580,0,STEADY,439,4.23666,5.22083,0.230228,0.220957,0.630979,0,0,10,2,0,0,12,106,48,0,0,108,0,0
707,27,3,4,2,2100000707,1,0,1,905,1,121,0,17,3320,0,STEADY,302,5.32472,5.05926,0.35697,0.278146,0.456954,0,0,10,2,2,0,3,97,24,0,0,17,0,0
708,28,4,5,2,2100000708,0,1,0,960,1,0,41,10,2400,0,STEADY,320,5.89422,3.22312,0.778984,0.303125,0.29375,62,0,2,1,5,0,2,121,111,0,0,142,0,0
708,28,4,5,2,2100000708,1,1,0,943,1,0,52,8,2010,0,STEADY,315,6.66718,4.04465,0.840048,0.295238,0.333333,65,43,1,0,5,1,1,110,111,0,0,247,0,0
709,29,5,0,2,2100000709,0,2,0,2392,1,0,46,40,7840,0,STEADY,798,3.21751,6.59247,0.294204,0.196742,0.551378,507,265,6,11,7,1,15,95,102,0,49,165,0,0
709,29,5,0,2,2100000709,1,2,0,2107,1,0,36,36,7040,0,STEADY,703,3.21901,6.42278,0.317134,0.267425,0.492176,418,188,8,11,11,1,5,105,102,0,60,14,0,0
710,30,6,1,2,2100000710,0,3,1,509,1,29,0,13,2000,0,STEADY,170,3.94174,2.47745,0.390529,0.688235,0.105882,29,0,9,3,0,0,1,131,96,0,0,0,0,0
710,30,6,1,2,2100000710,1,3,1,1088,1,61,0,28,3300,0,STEADY,363,3.60232,2.43933,0.321788,0.573003,0.181818,0,0,23,2,0,1,2,131,64,0,7,11,0,0
711,31,7,2,2,2100000711,0,0,1,1726,1,9,0,31,5840,0,STEADY,576,2.73521,5.64738,0.222969,0.144097,0.635417,23,10,2,9,1,0,19,100,132,9,0,40,0,0
711,31,7,2,2,2100000711,1,0,1,1242,1,41,0,23,4330,0,STEADY,414,3.0439,2.99014,0.314891,0.217391,0.584541,216,166,1,10,1,1,10,100,100,9,0,184,0,0
712,32,8,3,2,2100000712,0,1,1,467,1,106,0,10,2100,0,STEADY,156,6.83718,4.10489,0.445929,0.269231,0.480769,0,0,5,0,4,1,0,116,15,0,0,0,0,0
712,32,8,3,2,2100000712,1,1,1,785,1,79,0,15,3110,0,STEADY,262,6.07362,3.94004,0.301737,0.255725,0.484733,0,0,7,1,4,1,2,116,42,0,0,123,0,0
713,33,9,4,2,2100000713,0,2,0,1699,1,0,34,32,5400,0,STEADY,567,3.41083,5.20052,0.167566,0.0388007,0.174603,40,22,20,2,6,0,4,207,152,0,0,0,0,0
713,33,9,4,2,2100000713,1,2,0,1876,1,0,17,35,5810,0,STEADY,626,3.39814,6.95361,0.170455,0.0479233,0.140575,47,23,25,3,7,0,0,183,152,0,0,6,0,0
714,34,10,5,2,2100000714,0,3,0,712,1,0,72,8,1640,0,STEADY,238,6.38353,5.03597,0.84813,0.357143,0.445378,48,29,3,0,4,0,1,52,140,0,0,0,0,0
714,34,10,5,2,2100000714,1,3,0,690,1,0,92,8,1540,0,STEADY,230,6.60904,4.66525,0.866913,0.36087,0.334783,122,44,3,1,3,0,1,32,140,0,0,0,0,0
715,35,11,0,2,2100000715,0,0,1,2700,3,84,109,48,8290,0,STEADY,900,3.57805,5.38196,0.288878,0.242222,0.591111,0,0,41,1,0,0,6,92,17,0,0,61,0,0
715,35,11,0,2,2100000715,1,0,1,2700,3,92,105,49,8430,0,STEADY,900,3.59761,3.89936,0.288628,0.281111,0.53,0,0,43,1,0,1,4,120,18,9,0,119,0,0
716,36,12,1,2,2100000716,0,1,0,377,1,0,27,9,1820,0,STEADY,126,3.84262,3.19985,0.325476,0.325397,0.373016,37,19,2,4,3,0,0,84,93,0,0,0,0,0
716,36,12,1,2,2100000716,1,1,0,742,1,0,15,14,2780,0,STEADY,248,3.24189,2.8854,0.241794,0.262097,0.342742,29,10,1,4,3,1,5,96,93,0,0,2,0,0
717,37,13,2,2,2100000717,0,2,1,1468,1,37,0,27,4940,0,STEADY,490,4.56605,8.34683,0.239337,0.055102,0.177551,79,17,18,0,2,0,7,104,113,0,0,47,0,0
717,37,13,2,2,2100000717,1,2,1,1471,1,34,0,27,5000,0,STEADY,491,4.64175,4.61644,0.242587,0.0366599,0.232179,226,54,16,0,2,0,9,104,116,0,0,140,0,0
718,38,14,3,2,2100000718,0,3,0,1788,1,0,35,22,4180,0,STEADY,596,4.06796,3.3922,0.554086,0.337248,0.409396,131,52,3,8,1,1,9,78,104,0,0,78,0,0
718,38,14,3,2,2100000718,1,3,1,1436,1,22,0,18,3440,0,STEADY,479,4.3313,3.42198,0.607547,0.298539,0.402923,80,24,3,6,1,1,7,113,82,0,0,11,0,0
719,39,15,4,2,2100000719,0,0,0,2700,3,72,59,44,8720,0,STEADY,900,3.51526,3.92567,0.236411,0.163333,0.442222,0,0,4,11,0,6,23,77,42,0,29,239,0,0
719,39,15,4,2,2100000719,1,0,0,988,2,114,91,16,3440,0,STEADY,330,5.0351,3.72085,0.40703,0.242424,0.306061,0,0,0,6,0,6,4,72,0,0,12,42,0,0
