case,species,opponent,arena,weather,seed,seat,style,score,ticks,reason,own_hp,enemy_hp,casts,energy_spent,overflow,personality,decisions,distance,objective_distance,mean_energy,stationary_fraction,retreat_fraction,low_hp_decisions,low_hp_retreats,casts_1,casts_2,casts_3,casts_4,casts_5,damage,damage_taken,healed,shielded,control,model_checksum,opponent_checksum
0,0,17,0,0,2100000000,0,0,1,719,1,64,0,15,2550,0,STEADY,240,3.88327,3.21601,0.32025,0.225,0.166667,0,0,2,12,0,1,0,116,49,0,0,28,4a424577,c79f418b
0,0,17,0,0,2100000000,1,0,1,751,1,113,0,16,2750,0,STEADY,251,3.93058,2.7852,0.227689,0.207171,0.155378,0,0,2,12,0,1,1,109,0,0,0,54,4a424577,c79f418b
1,1,18,1,0,2100000001,0,1,0,980,1,0,24,21,3090,0,STEADY,327,3.36835,3.89571,0.184281,0.275229,0,135,0,12,5,0,1,3,105,136,0,14,61,4a424577,c79f418b
1,1,18,1,0,2100000001,1,1,0,779,1,0,71,17,2690,0,STEADY,260,3.61805,2.77265,0.238538,0.246154,0.00384615,152,1,7,5,0,1,4,58,136,0,8,93,4a424577,c79f418b
2,2,19,2,0,2100000002,0,2,1,512,1,4,0,11,2040,0,STEADY,171,5.07344,3.53922,0.26155,0.444444,0.163743,41,8,2,8,0,0,1,132,90,0,0,72,4a424577,c79f418b
2,2,19,2,0,2100000002,1,2,1,565,1,49,0,12,2240,0,STEADY,189,5.34784,3.3513,0.233757,0.460317,0.100529,0,0,2,8,0,0,2,132,45,0,0,135,4a424577,c79f418b
3,3,20,3,0,2100000003,0,3,0,721,1,0,86,14,2530,0,STEADY,241,4.21889,3.41458,0.253112,0.40249,0.0995851,44,6,11,1,1,1,0,0,106,0,11,211,4a424577,c79f418b
3,3,20,3,0,2100000003,1,3,0,673,1,0,54,14,2510,0,STEADY,225,3.81902,5.26491,0.254511,0.275556,0,44,0,11,1,0,2,0,36,106,0,15,28,4a424577,c79f418b
4,4,21,4,0,2100000004,0,0,1,2124,1,33,0,44,7210,0,STEADY,708,3.87179,4.3814,0.124209,0.285311,0.0423729,46,0,11,26,1,0,6,124,90,0,0,244,4a424577,c79f418b
4,4,21,4,0,2100000004,1,0,0,2002,1,0,13,43,6660,0,STEADY,668,4.1805,3.61716,0.17568,0.303892,0.0434132,39,0,18,19,1,1,4,105,123,0,0,162,4a424577,c79f418b
5,5,22,5,0,2100000005,0,1,1,1843,1,101,0,37,5200,0,STEADY,615,2.94363,8.18682,0.193423,0.331707,0.121951,0,0,29,1,2,3,2,175,40,0,0,0,4a424577,c79f418b
5,5,22,5,0,2100000005,1,1,1,1732,1,101,0,36,5000,0,STEADY,578,2.64279,4.68844,0.143209,0.313149,0.0657439,0,0,29,2,1,2,2,175,40,0,0,1,4a424577,c79f418b
6,6,23,0,0,2100000006,0,2,0,1399,1,0,61,27,4750,0,STEADY,467,3.03232,4.09634,0.121049,0.0321199,0.235546,79,22,24,0,1,0,2,64,131,0,0,44,4a424577,c79f418b
6,6,23,0,0,2100000006,1,2,1,2161,1,107,0,40,6970,0,STEADY,721,3.12061,6.03543,0.0983148,0.0124827,0.224688,0,0,38,1,1,0,0,102,24,0,0,48,4a424577,c79f418b
7,7,24,1,0,2100000007,0,3,1,556,1,41,0,14,2170,0,STEADY,186,2.83992,5.29921,0.214167,0.112903,0,0,0,8,4,1,1,0,125,59,0,0,60,4a424577,c79f418b
7,7,24,1,0,2100000007,1,3,1,469,1,32,0,12,1880,0,STEADY,157,2.73664,4.00615,0.253025,0.0955414,0.0509554,15,0,7,3,1,1,0,125,68,0,0,38,4a424577,c79f418b
8,8,25,2,0,2100000008,0,0,1,879,1,84,0,19,3040,0,STEADY,293,4.56099,3.08496,0.19913,0.208191,0.228669,0,0,12,1,5,0,1,104,32,0,10,202,4a424577,c79f418b
8,8,25,2,0,2100000008,1,0,0,566,1,0,4,13,2170,0,STEADY,189,4.34441,2.53479,0.254788,0.227513,0.21164,67,13,6,2,4,1,0,100,116,0,10,208,4a424577,c79f418b
9,9,26,3,0,2100000009,0,1,1,1099,1,90,0,24,3520,0,STEADY,367,2.72459,6.36586,0.164591,0.0163488,0.0490463,0,0,3,18,0,1,2,108,59,0,0,76,4a424577,c79f418b
9,9,26,3,0,2100000009,1,1,1,1891,1,49,0,40,5590,0,STEADY,631,2.77617,5.35843,0.115412,0.0269414,0.175911,79,10,3,33,1,1,2,108,104,4,0,135,4a424577,c79f418b
10,10,27,4,0,2100000010,0,2,1,636,1,107,0,14,2450,0,STEADY,212,4.15549,5.12657,0.211604,0.0471698,0.0330189,0,0,11,2,0,0,1,145,17,0,0,46,4a424577,c79f418b
10,10,27,4,0,2100000010,1,2,1,596,1,107,0,13,2350,0,STEADY,199,4.02452,5.26115,0.216809,0.0854271,0.120603,0,0,10,2,1,0,0,145,17,0,0,31,4a424577,c79f418b
11,11,28,5,0,2100000011,0,3,0,652,1,0,43,13,2160,0,STEADY,218,4.32784,4.78805,0.344312,0.133028,0,38,0,7,3,0,1,2,68,117,0,0,59,4a424577,c79f418b
11,11,28,5,0,2100000011,1,3,0,697,1,0,26,15,2400,0,STEADY,233,3.90466,6.81192,0.290365,0.133047,0.0686695,47,3,9,3,0,2,1,85,129,12,0,0,4a424577,c79f418b
12,12,29,0,0,2100000012,0,0,1,519,1,64,0,12,2180,0,STEADY,173,3.63671,5.14817,0.261214,0.184971,0.260116,0,0,4,1,3,1,3,102,47,0,0,38,4a424577,c79f418b
12,12,29,0,0,2100000012,1,0,1,748,1,37,0,15,2800,0,STEADY,250,3.02283,4.07546,0.21954,0.2,0.212,112,49,4,1,5,2,3,102,74,0,0,121,4a424577,c79f418b
13,13,30,1,0,2100000013,0,1,0,254,1,0,80,6,1160,0,STEADY,85,7.59992,4.40786,0.624882,0.6,0,32,0,4,0,2,0,0,45,104,0,0,0,4a424577,c79f418b
13,13,30,1,0,2100000013,1,1,0,828,1,0,91,16,2880,0,STEADY,276,6.15075,3.72722,0.223152,0.318841,0.0398551,76,5,12,0,1,0,3,34,104,0,0,64,4a424577,c79f418b
14,14,31,2,0,2100000014,0,2,1,597,1,38,0,14,2080,0,STEADY,199,2.46961,7.23636,0.247487,0.040201,0.0854271,0,0,2,8,2,1,1,141,75,0,17,9,4a424577,c79f418b
14,14,31,2,0,2100000014,1,2,1,360,1,113,0,10,1480,0,STEADY,120,2.47112,4.07934,0.316,0.0416667,0.00833333,0,0,3,4,1,1,1,137,0,0,0,8,4a424577,c79f418b
15,15,32,3,0,2100000015,0,3,0,884,1,0,37,18,3100,0,STEADY,295,3.92649,1.88011,0.19722,0.511864,0.0711864,77,7,1,14,0,1,2,84,118,0,23,348,4a424577,c79f418b
15,15,32,3,0,2100000015,1,3,0,926,1,0,81,18,3090,0,STEADY,309,3.90313,3.00952,0.217362,0.38835,0.0614887,38,6,3,9,0,1,5,40,118,0,0,279,4a424577,c79f418b
16,16,33,4,0,2100000016,0,0,0,922,1,0,17,19,3360,0,STEADY,308,1.85495,5.20343,0.148409,0.0292208,0.00649351,134,0,16,1,0,0,2,135,115,0,0,0,4a424577,c79f418b
16,16,33,4,0,2100000016,1,0,0,1057,1,0,35,21,3740,0,STEADY,353,1.63664,6.77439,0.151147,0.0481586,0.0283286,253,0,18,2,0,0,1,117,115,0,0,0,4a424577,c79f418b
17,17,34,5,0,2100000017,0,1,1,599,1,7,0,9,1840,0,STEADY,200,4.45912,5.83314,0.587275,0.355,0.26,28,6,1,2,0,4,2,140,109,12,0,0,4a424577,c79f418b
17,17,34,5,0,2100000017,1,1,0,526,1,0,6,10,1780,0,STEADY,176,4.04444,5.08709,0.442386,0.244318,0.0625,54,8,3,2,0,3,2,134,105,9,0,10,4a424577,c79f418b
18,18,35,0,0,2100000018,0,2,1,1661,1,73,0,30,4280,0,STEADY,554,3.75381,5.30199,0.133704,0.0649819,0.216606,0,0,26,2,0,0,2,110,56,0,0,9,4a424577,c79f418b
18,18,35,0,0,2100000018,1,2,1,1148,1,99,0,22,3240,0,STEADY,383,3.72636,5.68594,0.168324,0.0600522,0.172324,0,0,18,2,0,0,2,110,30,0,0,7,4a424577,c79f418b
19,19,36,1,0,2100000019,0,3,0,728,1,0,1,15,2680,0,STEADY,243,4.01355,2.6127,0.25677,0.271605,0.288066,60,27,12,1,0,1,1,92,132,0,14,204,4a424577,c79f418b
19,19,36,1,0,2100000019,1,3,1,649,1,52,0,14,2470,0,STEADY,217,4.69842,2.83,0.226429,0.271889,0.299539,14,3,11,0,0,1,2,93,80,0,22,71,4a424577,c79f418b
20,20,37,2,0,2100000020,0,0,1,1085,1,71,0,19,3890,0,STEADY,362,5.60911,5.7304,0.224517,0.279006,0.127072,0,0,10,3,0,4,2,150,31,0,7,219,4a424577,c79f418b
20,20,37,2,0,2100000020,1,0,1,445,1,29,0,9,1980,0,STEADY,149,6.22429,2.27422,0.273893,0.463087,0.134228,48,17,5,2,1,1,0,150,73,0,22,214,4a424577,c79f418b
21,21,38,3,0,2100000021,0,1,1,1147,1,86,0,23,3640,0,STEADY,383,3.80471,8.17925,0.235196,0.0208877,0.237598,0,0,12,8,1,0,2,104,38,0,0,99,4a424577,c79f418b
21,21,38,3,0,2100000021,1,1,1,1240,1,93,0,27,3790,0,STEADY,414,3.09858,4.1155,0.158756,0.0169082,0.270531,0,0,7,18,1,0,1,104,31,0,0,46,4a424577,c79f418b
22,22,39,4,0,2100000022,0,2,1,2221,1,98,0,36,7860,0,STEADY,741,2.07312,3.66595,0.143219,0.0931174,0.0728745,0,0,13,4,10,1,8,114,77,0,27,99,4a424577,c79f418b
22,22,39,4,0,2100000022,1,2,0,2700,3,111,27,44,9640,0,STEADY,900,2.23541,4.18114,0.136253,0.151111,0.102222,0,0,20,4,13,2,5,87,64,0,78,98,4a424577,c79f418b
23,23,0,5,0,2100000023,0,3,1,616,1,6,0,14,2190,0,STEADY,206,3.44438,4.41965,0.294927,0.169903,0.00970874,79,0,5,7,0,0,2,109,117,18,0,61,4a424577,c79f418b
23,23,0,5,0,2100000023,1,3,1,736,1,31,0,17,2450,0,STEADY,246,2.53419,4.45891,0.243089,0.101626,0.0406504,34,5,10,5,0,0,2,105,91,17,0,88,4a424577,c79f418b
24,24,1,0,0,2100000024,0,0,0,1063,1,0,29,21,3520,0,STEADY,355,3.26465,2.74556,0.201803,0.416901,0.242254,151,21,12,6,1,2,0,107,125,0,31,270,4a424577,c79f418b
24,24,1,0,0,2100000024,1,0,0,1506,1,0,78,29,4840,0,STEADY,502,3.1768,4.12202,0.158775,0.2749,0.237052,235,59,14,3,1,1,10,68,125,0,20,117,4a424577,c79f418b
25,25,2,1,0,2100000025,0,1,0,485,1,0,17,10,1820,0,STEADY,162,4.88088,6.46688,0.360833,0.203704,0,121,0,0,6,2,0,2,77,104,0,24,56,4a424577,c79f418b
25,25,2,1,0,2100000025,1,1,0,179,1,0,80,3,510,0,STEADY,60,9.29645,2.37725,0.89775,0.0333333,0.4,19,14,0,3,0,0,0,14,104,0,0,90,4a424577,c79f418b
26,26,3,2,0,2100000026,0,2,1,1168,1,53,0,24,3970,0,STEADY,390,2.81173,3.73084,0.180846,0.123077,0.2,0,0,7,9,0,0,8,106,55,0,0,14,4a424577,c79f418b
26,26,3,2,0,2100000026,1,2,1,619,1,75,0,15,2310,0,STEADY,207,3.40969,3.09148,0.218213,0.169082,0.111111,0,0,6,7,0,0,2,106,33,0,0,104,4a424577,c79f418b
27,27,4,3,0,2100000027,0,3,1,830,1,95,0,17,2990,0,STEADY,277,5.37025,4.20707,0.249025,0.299639,0.0830325,0,0,15,1,0,0,1,123,50,0,0,112,4a424577,c79f418b
27,27,4,3,0,2100000027,1,3,1,762,1,66,0,16,2820,0,STEADY,254,4.03404,2.37552,0.254685,0.389764,0.019685,0,0,14,1,0,0,1,123,79,0,0,158,4a424577,c79f418b
28,28,5,4,0,2100000028,0,0,1,1106,1,66,0,21,3800,0,STEADY,369,3.80608,4.59906,0.169282,0.422764,0.368564,0,0,1,17,1,0,2,141,45,0,0,7,4a424577,c79f418b
28,28,5,4,0,2100000028,1,0,1,586,1,111,0,12,2310,0,STEADY,196,4.68773,2.45648,0.273061,0.459184,0.27551,0,0,2,8,1,0,1,141,0,0,0,216,4a424577,c79f418b
29,29,6,5,0,2100000029,0,1,0,1724,1,0,7,32,5520,0,STEADY,575,3.84052,5.19785,0.154896,0.328696,0.04,224,4,15,5,8,0,4,124,102,0,29,114,4a424577,c79f418b
29,29,6,5,0,2100000029,1,1,0,1547,1,0,32,32,4680,0,STEADY,516,3.23815,2.73967,0.152422,0.422481,0.153101,79,13,23,2,3,0,4,99,102,0,20,318,4a424577,c79f418b
30,30,7,0,0,2100000030,0,2,1,418,1,82,0,11,1710,0,STEADY,140,3.52057,6.7945,0.380693,0.128571,0.25,0,0,8,3,0,0,0,100,43,0,0,0,4a424577,c79f418b
30,30,7,0,0,2100000030,1,2,1,651,1,99,0,17,2250,0,STEADY,217,3.34055,5.99634,0.266051,0.0829493,0.184332,0,0,14,3,0,0,0,100,26,0,0,0,4a424577,c79f418b
31,31,8,1,0,2100000031,0,3,1,749,1,30,0,15,2710,0,STEADY,250,4.26292,3.23735,0.25774,0.244,0,34,0,0,12,1,0,2,116,111,9,0,50,4a424577,c79f418b
31,31,8,1,0,2100000031,1,3,1,1008,1,18,0,19,3390,0,STEADY,336,4.38993,3.98212,0.306592,0.327381,0.0714286,181,21,0,16,1,0,2,116,123,9,0,85,4a424577,c79f418b
32,32,9,2,0,2100000032,0,0,0,2674,1,0,17,49,8550,0,STEADY,892,3.02434,5.24029,0.0886155,0.0672646,0.410314,116,63,46,0,1,1,1,125,121,0,0,73,4a424577,c79f418b
32,32,9,2,0,2100000032,1,0,0,1405,1,0,9,27,4760,0,STEADY,469,3.10471,4.52131,0.128348,0.0469083,0.208955,155,24,24,0,2,0,1,142,121,0,0,213,4a424577,c79f418b
33,33,10,3,0,2100000033,0,1,1,1532,1,45,0,29,4900,0,STEADY,511,3.90672,6.10139,0.166928,0.0528376,0.0273973,13,0,22,2,4,0,1,124,107,0,0,104,4a424577,c79f418b
33,33,10,3,0,2100000033,1,1,1,1017,1,120,0,20,3550,0,STEADY,339,3.73659,6.45029,0.164808,0.0619469,0.00589971,0,0,15,2,1,0,2,124,32,0,0,39,4a424577,c79f418b
34,34,11,4,0,2100000034,0,2,1,592,1,89,0,14,2230,0,STEADY,198,4.00119,1.89743,0.327525,0.494949,0.020202,0,0,5,7,0,1,1,117,51,0,0,214,4a424577,c79f418b
34,34,11,4,0,2100000034,1,2,0,1069,1,0,33,24,3490,0,STEADY,357,3.44092,2.53572,0.189818,0.537815,0.070028,92,0,13,9,0,0,2,120,140,0,0,452,4a424577,c79f418b
35,35,12,5,0,2100000035,0,3,0,448,1,0,47,12,1720,0,STEADY,150,3.812,1.54466,0.2596,0.153333,0.0733333,32,0,4,7,0,1,0,64,101,0,0,141,4a424577,c79f418b
35,35,12,5,0,2100000035,1,3,1,538,1,16,0,14,1960,0,STEADY,180,2.76307,4.76635,0.216778,0.0111111,0,31,0,4,9,0,1,0,111,85,0,10,29,4a424577,c79f418b
36,36,13,0,0,2100000036,0,0,1,518,1,1,0,11,2040,0,STEADY,173,4.5241,3.80113,0.28237,0.213873,0.0982659,78,8,2,8,0,0,1,104,92,0,0,97,4a424577,c79f418b
36,36,13,0,0,2100000036,1,0,0,594,1,0,26,13,2310,0,STEADY,198,4.92994,5.99657,0.231288,0.277778,0.030303,39,0,1,11,0,0,1,78,93,0,0,29,4a424577,c79f418b
37,37,14,1,0,2100000037,0,1,0,1878,1,0,41,35,6160,0,STEADY,626,2.22516,2.10087,0.133155,0.0527157,0.798722,96,68,32,0,3,0,0,72,150,0,0,241,4a424577,c79f418b
37,37,14,1,0,2100000037,1,1,0,1641,1,0,28,31,5440,0,STEADY,547,2.39801,3.24493,0.129433,0.0438757,0.645338,116,33,28,0,2,0,1,85,150,0,0,97,4a424577,c79f418b
38,38,15,2,0,2100000038,0,2,1,478,1,44,0,11,2020,0,STEADY,160,5.27769,2.65589,0.266344,0.54375,0.05,0,0,5,4,0,1,1,118,60,0,0,172,4a424577,c79f418b
38,38,15,2,0,2100000038,1,2,1,819,1,44,0,17,3040,0,STEADY,273,4.63112,2.13242,0.181392,0.575092,0.161172,0,0,7,8,0,1,1,118,60,0,0,208,4a424577,c79f418b
39,39,16,3,0,2100000039,0,3,1,1753,1,86,0,29,5920,0,STEADY,585,4.31428,6.93249,0.222496,0.223932,0.0837607,0,0,4,8,0,11,6,115,28,0,67,88,4a424577,c79f418b
39,39,16,3,0,2100000039,1,3,0,1313,1,0,8,23,4400,0,STEADY,438,3.45874,2.86309,0.212568,0.175799,0.0319635,112,1,6,4,0,7,6,107,114,0,44,209,4a424577,c79f418b
40,0,24,5,0,2100000040,0,1,1,685,1,36,0,16,2420,0,STEADY,229,4.24657,4.02138,0.321376,0.28821,0.0524017,15,0,8,6,1,0,1,125,77,0,0,0,4a424577,c79f418b
40,0,24,5,0,2100000040,1,1,1,877,1,11,0,20,2920,0,STEADY,293,3.7125,3.33429,0.220512,0.139932,0.249147,31,0,13,5,1,1,0,125,102,0,0,262,4a424577,c79f418b
41,1,25,0,0,2100000041,0,2,0,689,1,0,3,16,2380,0,STEADY,230,3.12737,2.78417,0.219261,0.347826,0.0434783,48,0,8,6,0,1,1,101,136,0,40,38,4a424577,c79f418b
41,1,25,0,0,2100000041,1,2,1,736,1,58,0,17,2530,0,STEADY,246,3.31415,2.28953,0.195915,0.329268,0.0569106,0,0,9,5,0,1,2,104,78,0,18,120,4a424577,c79f418b
42,2,26,1,0,2100000042,0,3,1,685,1,7,0,14,2620,0,STEADY,229,4.91115,3.79232,0.209956,0.432314,0.20524,57,7,3,10,0,0,1,108,87,0,0,70,4a424577,c79f418b
42,2,26,1,0,2100000042,1,3,1,636,1,44,0,13,2450,0,STEADY,212,4.55336,3.91413,0.224858,0.584906,0.29717,0,0,3,9,0,0,1,108,50,0,0,0,4a424577,c79f418b
43,3,27,2,0,2100000043,0,0,0,409,1,0,81,10,1810,0,STEADY,137,3.62386,2.7642,0.327774,0.364964,0.0364964,62,5,7,0,1,1,1,64,106,0,15,0,4a424577,c79f418b
43,3,27,2,0,2100000043,1,0,0,633,1,0,90,14,2440,0,STEADY,211,3.80804,4.63656,0.198602,0.293839,0.0379147,59,2,12,0,0,1,1,55,106,0,15,50,4a424577,c79f418b
44,4,28,3,0,2100000044,0,1,0,654,1,0,55,14,2420,0,STEADY,218,5.65958,4.95713,0.449174,0.293578,0.00458716,90,0,1,10,0,1,2,56,136,13,0,67,4a424577,c79f418b
44,4,28,3,0,2100000044,1,1,0,418,1,0,92,9,1660,0,STEADY,140,7.59857,3.63203,0.629043,0.364286,0,46,0,0,7,1,1,0,19,123,0,0,10,4a424577,c79f418b
45,5,29,4,0,2100000045,0,2,1,1021,1,97,0,21,3320,0,STEADY,341,3.37078,2.75385,0.237551,0.460411,0.111437,0,0,12,1,1,4,3,102,44,0,0,158,4a424577,c79f418b
45,5,29,4,0,2100000045,1,2,1,1443,2,72,33,30,4440,0,STEADY,481,2.93489,2.5612,0.199886,0.503119,0.130977,0,0,22,4,1,2,1,69,69,0,0,600,4a424577,c79f418b
46,6,30,5,0,2100000046,0,3,1,1966,1,67,0,37,6420,0,STEADY,656,2.02298,8.56577,0.116989,0.00304878,0.00762195,0,0,35,0,1,0,1,108,64,0,0,0,4a424577,c79f418b
46,6,30,5,0,2100000046,1,3,1,1816,1,105,0,34,5840,0,STEADY,606,1.60478,7.92328,0.120017,0,0.0313531,0,0,32,0,0,0,2,124,26,0,0,0,4a424577,c79f418b
47,7,31,0,0,2100000047,0,0,1,442,1,48,0,12,1840,0,STEADY,148,2.34398,3.29134,0.220473,0.121622,0.0202703,0,0,7,3,0,1,1,141,52,0,0,24,4a424577,c79f418b
47,7,31,0,0,2100000047,1,0,1,442,1,66,0,11,1860,0,STEADY,148,2.79587,2.56831,0.288074,0.148649,0.0810811,0,0,4,5,1,1,0,141,34,0,0,26,4a424577,c79f418b
48,8,32,1,0,2100000048,0,1,1,855,1,59,0,16,2880,0,STEADY,285,5.03106,3.62531,0.248088,0.312281,0.0280702,0,0,13,0,0,1,2,121,57,0,0,73,4a424577,c79f418b
48,8,32,1,0,2100000048,1,1,0,671,1,0,49,14,2470,0,STEADY,224,4.36986,2.64845,0.252254,0.232143,0.223214,83,10,8,1,2,1,2,72,116,0,10,172,4a424577,c79f418b
49,9,33,2,0,2100000049,0,2,1,979,1,66,0,21,3350,0,STEADY,327,3.14581,4.41117,0.161774,0.0244648,0.165138,0,0,3,13,1,0,4,152,89,6,0,8,4a424577,c79f418b
49,9,33,2,0,2100000049,1,2,1,1057,1,47,0,23,3510,0,STEADY,353,2.93765,3.30132,0.144363,0.0311615,0.348442,15,0,2,16,1,1,3,152,114,12,0,17,4a424577,c79f418b
50,10,34,3,0,2100000050,0,3,1,697,1,79,0,15,2610,0,STEADY,233,5.11253,2.35862,0.275451,0.141631,0.356223,0,0,12,3,0,0,0,140,45,0,0,311,4a424577,c79f418b
50,10,34,3,0,2100000050,1,3,1,2133,2,32,41,40,6860,0,STEADY,711,3.98945,2.63452,0.133636,0.129395,0.392405,211,94,37,3,0,0,0,99,92,0,0,600,4a424577,c79f418b
51,11,35,4,0,2100000051,0,0,1,2146,1,15,0,44,6360,0,STEADY,716,3.23984,5.66689,0.0968715,0.111732,0.184358,393,132,32,3,0,4,5,94,138,36,28,34,4a424577,c79f418b
51,11,35,4,0,2100000051,1,0,1,787,1,21,0,18,2720,0,STEADY,263,3.13018,3.20899,0.188175,0.0494297,0.0114068,31,0,12,2,0,2,2,110,96,0,0,52,4a424577,c79f418b
52,12,36,5,0,2100000052,0,1,1,604,1,81,0,13,2150,0,STEADY,202,3.555,6.92564,0.282921,0.143564,0.0445545,0,0,7,1,2,1,2,93,30,0,0,2,4a424577,c79f418b
52,12,36,5,0,2100000052,1,1,1,376,1,87,0,9,1670,0,STEADY,126,4.7366,4.06046,0.400476,0.253968,0.015873,0,0,3,1,2,1,2,93,24,0,0,0,4a424577,c79f418b
53,13,37,0,0,2100000053,0,2,0,644,1,0,105,14,2480,0,STEADY,215,5.37133,4.05865,0.227744,0.330233,0.372093,101,26,11,1,1,0,1,45,104,0,0,25,4a424577,c79f418b
53,13,37,0,0,2100000053,1,2,1,1866,1,36,0,35,6120,0,STEADY,622,4.61549,5.85146,0.105828,0.279743,0.38746,229,65,32,0,2,0,1,150,68,0,0,129,4a424577,c79f418b
54,14,38,1,0,2100000054,0,3,1,619,1,85,0,14,2040,0,STEADY,207,2.95959,5.52839,0.266039,0.120773,0.0917874,0,0,4,6,1,1,2,104,28,0,17,21,4a424577,c79f418b
54,14,38,1,0,2100000054,1,3,1,693,1,113,0,16,2280,0,STEADY,231,2.90447,8.17301,0.27513,0.030303,0.04329,0,0,5,7,1,1,2,104,0,0,0,33,4a424577,c79f418b
55,15,39,2,0,2100000055,0,0,1,934,1,4,0,21,3060,0,STEADY,312,3.08163,2.3069,0.202949,0.403846,0.13141,95,13,12,6,0,1,2,114,114,0,0,220,4a424577,c79f418b
55,15,39,2,0,2100000055,1,0,1,1852,1,11,0,37,5790,0,STEADY,618,2.92839,3.32112,0.136812,0.320388,0.0679612,189,8,13,19,0,1,4,114,107,0,18,217,4a424577,c79f418b
56,16,0,3,0,2100000056,0,1,1,946,1,63,0,19,3440,0,STEADY,316,3.58661,2.54509,0.174351,0.132911,0.433544,0,0,16,3,0,0,0,113,52,0,0,335,4a424577,c79f418b
56,16,0,3,0,2100000056,1,1,1,902,1,57,0,18,3300,0,STEADY,301,3.72708,4.42726,0.182342,0.0930233,0.159468,0,0,14,3,0,0,1,113,58,0,0,105,4a424577,c79f418b
57,17,1,4,0,2100000057,0,2,1,694,1,81,0,15,2280,0,STEADY,232,2.88516,5.32302,0.295582,0.181034,0.185345,0,0,7,2,0,2,4,136,11,12,0,5,4a424577,c79f418b
57,17,1,4,0,2100000057,1,2,0,373,1,0,30,9,1440,0,STEADY,125,3.44255,5.35322,0.45736,0.28,0,36,0,4,2,0,2,1,110,98,6,0,0,4a424577,c79f418b
58,18,2,5,0,2100000058,0,3,1,1488,1,78,0,26,3880,0,STEADY,496,2.97575,6.29007,0.193651,0.0625,0.0645161,0,0,21,3,0,0,2,94,51,0,0,56,4a424577,c79f418b
58,18,2,5,0,2100000058,1,3,1,1440,1,63,0,26,3930,0,STEADY,480,3.79496,8.80459,0.212798,0.127083,0.0875,0,0,21,4,0,0,1,94,66,0,0,0,4a424577,c79f418b
59,19,3,0,0,2100000059,0,0,0,873,1,0,6,18,3120,0,STEADY,291,4.94505,3.52939,0.189175,0.24055,0.120275,96,1,16,0,0,1,1,97,132,0,6,90,4a424577,c79f418b
59,19,3,0,0,2100000059,1,0,0,1043,1,0,6,21,3630,0,STEADY,348,4.58074,3.36552,0.168994,0.227011,0.212644,173,32,19,0,0,1,1,97,132,0,0,100,4a424577,c79f418b
60,20,4,1,0,2100000060,0,1,0,1291,1,0,46,24,4460,0,STEADY,431,5.38635,4.06785,0.158271,0.357309,0.185615,282,57,18,1,1,3,1,116,102,0,2,286,4a424577,c79f418b
60,20,4,1,0,2100000060,1,1,1,1141,2,16,12,22,4020,0,STEADY,381,5.1733,2.97867,0.17042,0.404199,0.141732,171,21,17,1,0,2,2,124,86,0,0,600,4a424577,c79f418b
61,21,5,2,0,2100000061,0,2,1,1048,1,34,0,24,3330,0,STEADY,350,2.91833,2.22618,0.145471,0.00857143,0.411429,31,1,5,17,1,0,1,141,90,0,0,121,4a424577,c79f418b
61,21,5,2,0,2100000061,1,2,0,967,1,0,8,22,3120,0,STEADY,323,2.96894,2.51898,0.139303,0.0247678,0.408669,32,14,4,15,1,0,2,133,124,0,0,25,4a424577,c79f418b
62,22,6,3,0,2100000062,0,3,0,2618,1,0,21,40,8980,0,STEADY,873,3.43549,4.64901,0.152679,0.146621,0.0320733,142,2,4,10,11,0,15,74,175,0,74,224,4a424577,c79f418b
62,22,6,3,0,2100000062,1,3,1,2700,3,72,26,42,9270,0,STEADY,900,3.44583,6.437,0.14557,0.0888889,0.0411111,0,0,3,9,11,0,19,24,103,0,16,160,4a424577,c79f418b
63,23,7,4,0,2100000063,0,0,1,571,1,75,0,14,2130,0,STEADY,191,2.85655,2.18362,0.262644,0.162304,0.109948,0,0,7,5,1,0,1,100,40,10,0,19,4a424577,c79f418b
63,23,7,4,0,2100000063,1,0,1,472,1,105,0,12,1900,0,STEADY,158,3.12965,1.97518,0.290127,0.234177,0.101266,0,0,4,6,0,0,2,100,0,0,0,31,4a424577,c79f418b
64,24,8,5,0,2100000064,0,1,0,1186,1,0,59,24,3480,0,STEADY,396,4.00695,6.85678,0.209583,0.381313,0.151515,176,20,18,2,1,2,1,57,125,0,7,0,4a424577,c79f418b
64,24,8,5,0,2100000064,1,1,0,670,1,0,14,14,2400,0,STEADY,224,3.53175,2.85545,0.285513,0.401786,0.138393,48,14,7,2,2,2,1,102,125,0,20,176,4a424577,c79f418b
65,25,9,0,0,2100000065,0,2,1,943,1,59,0,18,2970,0,STEADY,315,4.06039,6.61726,0.336032,0.219048,0.231746,0,0,3,13,2,0,0,159,45,0,44,0,4a424577,c79f418b
65,25,9,0,0,2100000065,1,2,1,1560,1,68,0,28,4720,0,STEADY,520,4.31598,5.66819,0.390144,0.246154,0.221154,0,0,2,24,1,0,1,153,36,0,0,137,4a424577,c79f418b
66,26,10,1,0,2100000066,0,3,1,1084,1,21,0,21,3660,0,STEADY,362,4.73821,4.50554,0.311312,0.279006,0.0552486,303,13,0,18,0,0,3,124,87,0,0,161,4a424577,c79f418b
66,26,10,1,0,2100000066,1,3,1,1861,1,6,0,35,5840,0,STEADY,621,4.04194,5.63254,0.176184,0.217391,0.0885668,176,9,6,24,1,0,4,118,102,0,0,118,4a424577,c79f418b
67,27,11,2,0,2100000067,0,0,1,1174,1,75,0,23,4080,0,STEADY,392,4.03809,2.73627,0.173929,0.377551,0.436224,0,0,20,2,0,0,1,141,70,0,0,181,4a424577,c79f418b
67,27,11,2,0,2100000067,1,0,1,2334,1,23,0,43,7480,0,STEADY,778,3.27765,2.36528,0.112796,0.309769,0.443445,329,149,40,2,0,0,1,213,122,0,0,409,4a424577,c79f418b
68,28,12,3,0,2100000068,0,1,1,540,1,24,0,12,2170,0,STEADY,180,4.3377,2.7504,0.258861,0.5,0.133333,20,2,1,9,0,0,2,111,87,0,0,67,4a424577,c79f418b
68,28,12,3,0,2100000068,1,1,0,1124,1,0,21,21,3880,0,STEADY,375,3.89217,4.09656,0.17004,0.466667,0.141333,116,12,3,17,1,0,0,90,111,0,0,0,4a424577,c79f418b
69,29,13,4,0,2100000069,0,2,0,820,1,0,34,16,3040,0,STEADY,274,4.4571,4.9606,0.213449,0.288321,0.0948905,66,3,5,2,5,1,3,70,102,0,10,51,4a424577,c79f418b
69,29,13,4,0,2100000069,1,2,0,694,1,0,14,15,2520,0,STEADY,232,3.43011,5.01085,0.216918,0.323276,0.0301724,44,1,8,2,3,1,1,90,102,0,10,29,4a424577,c79f418b
70,30,14,5,0,2100000070,0,3,0,1152,1,0,74,30,3290,0,STEADY,384,2.12715,6.5977,0.182956,0.0494792,0.203125,204,55,27,2,0,0,1,39,125,0,0,0,4a424577,c79f418b
70,30,14,5,0,2100000070,1,3,1,939,1,70,0,24,2880,0,STEADY,313,1.94887,2.96308,0.201252,0.0926518,0.028754,0,0,21,3,0,0,0,113,55,0,0,0,4a424577,c79f418b
71,31,15,0,0,2100000071,0,0,1,1000,2,55,19,22,3170,0,STEADY,334,3.20728,2.5139,0.170719,0.57485,0.0868263,0,0,14,6,1,0,1,99,86,9,0,600,4a424577,c79f418b
71,31,15,0,0,2100000071,1,0,1,1549,1,24,0,33,4720,0,STEADY,517,3.28205,3.84837,0.12528,0.336557,0.131528,135,5,19,12,0,0,2,118,108,0,0,75,4a424577,c79f418b
72,32,16,1,0,2100000072,0,1,1,2221,1,73,0,41,7260,0,STEADY,741,4.24145,7.94415,0.106194,0.0175439,0.00674764,0,0,37,0,2,1,1,91,48,0,0,58,4a424577,c79f418b
72,32,16,1,0,2100000072,1,1,1,994,1,77,0,20,3620,0,STEADY,332,3.54447,2.3812,0.132801,0.0421687,0.0662651,0,0,17,0,1,1,1,115,44,0,0,220,4a424577,c79f418b
73,33,17,2,0,2100000073,0,2,1,1363,1,148,0,28,4430,0,STEADY,455,3.24359,4.94207,0.127253,0.0417582,0.12967,0,0,15,2,10,0,1,82,4,0,0,108,4a424577,c79f418b
73,33,17,2,0,2100000073,1,2,1,202,1,95,0,6,1110,0,STEADY,68,4.25055,2.88342,0.551324,0.279412,0.176471,0,0,3,2,1,0,0,116,57,0,0,0,4a424577,c79f418b
74,34,18,3,0,2100000074,0,3,0,1310,1,0,40,27,4130,0,STEADY,437,4.17554,3.98998,0.149211,0.256293,0.0572082,165,6,11,13,0,0,3,89,140,0,0,109,4a424577,c79f418b
74,34,18,3,0,2100000074,1,3,0,628,1,0,12,15,2210,0,STEADY,210,3.53561,2.30881,0.260238,0.361905,0,83,0,8,5,0,0,2,117,140,0,0,216,4a424577,c79f418b
75,35,19,4,0,2100000075,0,0,1,673,1,101,0,16,2460,0,STEADY,225,2.66133,4.92851,0.171444,0.0177778,0.0977778,0,0,6,7,0,1,2,132,0,0,0,36,4a424577,c79f418b
75,35,19,4,0,2100000075,1,0,1,1132,1,41,0,25,3590,0,STEADY,378,2.56857,7.3588,0.113505,0.015873,0.0661376,0,0,7,15,0,1,2,132,60,0,0,18,4a424577,c79f418b
76,36,20,5,0,2100000076,0,1,0,562,1,0,46,12,2180,0,STEADY,188,5.48442,4.36983,0.337473,0.287234,0.0478723,41,4,2,10,0,0,0,48,93,0,0,37,4a424577,c79f418b
76,36,20,5,0,2100000076,1,1,0,445,1,0,34,10,1840,0,STEADY,149,5.03227,3.29952,0.335503,0.389262,0.00671141,39,0,2,8,0,0,0,48,93,0,0,138,4a424577,c79f418b
77,37,21,0,0,2100000077,0,2,1,2700,3,135,124,49,8640,0,STEADY,900,2.84366,4.85365,0.118989,0.0277778,0.0522222,0,0,44,0,4,0,1,0,15,0,0,56,4a424577,c79f418b
77,37,21,0,0,2100000077,1,2,1,1575,1,45,0,30,5230,0,STEADY,525,3.08199,4.41343,0.125419,0.0171429,0.0133333,9,0,27,0,1,0,2,124,105,0,0,22,4a424577,c79f418b
78,38,22,1,0,2100000078,0,3,1,2001,1,26,0,37,6370,0,STEADY,667,3.35372,2.58513,0.183268,0.56072,0.398801,609,266,18,17,1,0,1,175,78,0,0,451,4a424577,c79f418b
78,38,22,1,0,2100000078,1,3,0,902,1,0,138,18,3210,0,STEADY,301,4.99584,2.94595,0.240249,0.528239,0.352159,134,78,8,8,0,1,1,37,104,0,0,106,4a424577,c79f418b
79,39,23,2,0,2100000079,0,0,0,1126,1,0,23,22,3920,0,STEADY,376,3.00403,3.80127,0.170598,0.164894,0.151596,45,6,9,3,1,5,4,101,114,0,19,72,4a424577,c79f418b
79,39,23,2,0,2100000079,1,0,0,1326,1,0,22,26,4480,0,STEADY,442,2.73017,4.26062,0.140735,0.160633,0.113122,72,16,13,3,2,6,2,98,114,0,15,105,4a424577,c79f418b
80,0,31,4,0,2100000080,0,2,1,854,2,79,132,20,2780,0,STEADY,285,4.84457,1.8556,0.237825,0.150877,0.421053,0,0,13,6,0,0,1,0,34,0,0,600,4a424577,c79f418b
80,0,31,4,0,2100000080,1,2,1,2542,2,52,2,51,7470,0,STEADY,848,4.37559,6.0376,0.12125,0.178066,0.410377,0,0,28,21,0,2,0,138,61,0,0,600,4a424577,c79f418b
81,1,32,5,0,2100000081,0,3,0,1551,1,0,77,31,4700,0,STEADY,517,4.36894,5.5051,0.155919,0.307544,0.119923,97,0,15,10,0,3,3,44,136,0,32,0,4a424577,c79f418b
81,1,32,5,0,2100000081,1,3,0,849,1,0,45,18,2780,0,STEADY,283,4.41662,5.95388,0.237014,0.300353,0.0706714,62,0,8,6,0,2,2,76,136,0,10,0,4a424577,c79f418b
82,2,33,0,0,2100000082,0,0,0,457,1,0,65,10,1940,0,STEADY,153,4.15605,5.12649,0.285098,0.529412,0.0326797,40,0,3,6,0,0,1,87,94,0,0,5,4a424577,c79f418b
82,2,33,0,0,2100000082,1,0,0,289,1,0,106,7,1430,0,STEADY,97,5.36537,6.52478,0.415155,0.556701,0.350515,49,25,3,3,0,0,1,46,94,0,0,0,4a424577,c79f418b
83,3,34,1,0,2100000083,0,1,0,476,1,0,107,11,1970,0,STEADY,159,4.97578,3.8202,0.346478,0.295597,0.113208,79,18,9,1,0,1,0,33,106,0,15,82,4a424577,c79f418b
83,3,34,1,0,2100000083,1,1,0,709,1,0,74,15,2680,0,STEADY,237,3.53102,3.67014,0.241435,0.303797,0.105485,73,14,12,1,0,1,1,66,106,0,15,65,4a424577,c79f418b
84,4,35,2,0,2100000084,0,2,1,2509,1,85,0,49,8600,0,STEADY,837,3.98237,6.13232,0.283728,0.244922,0.0191159,0,0,2,37,1,1,8,104,51,13,0,0,4a424577,c79f418b
84,4,35,2,0,2100000084,1,2,1,1215,1,39,0,26,4420,0,STEADY,405,3.77275,2.92434,0.181832,0.283951,0.158025,35,12,3,18,0,1,4,101,84,0,0,363,4a424577,c79f418b
85,5,36,3,0,2100000085,0,3,1,943,1,53,0,20,3080,0,STEADY,315,3.398,5.17899,0.252143,0.409524,0.0444444,17,2,13,2,1,4,0,93,88,0,71,93,4a424577,c79f418b
85,5,36,3,0,2100000085,1,3,0,1459,1,0,57,30,4280,0,STEADY,487,3.45329,6.34179,0.197895,0.299795,0.00410678,135,0,23,2,1,4,0,36,141,0,37,20,4a424577,c79f418b
86,6,37,4,0,2100000086,0,0,1,1503,1,29,0,29,5090,0,STEADY,501,3.18094,8.37381,0.119202,0.0538922,0.103792,19,1,26,0,1,0,2,150,102,0,0,12,4a424577,c79f418b
86,6,37,4,0,2100000086,1,0,1,1231,1,97,0,24,4240,0,STEADY,411,4.04339,5.88837,0.126813,0.0243309,0.104623,0,0,21,0,1,0,2,150,34,0,0,20,4a424577,c79f418b
87,7,38,5,0,2100000087,0,1,1,415,1,49,0,11,1850,0,STEADY,139,3.56045,6.51537,0.355036,0.165468,0.00719424,0,0,4,4,0,1,2,104,51,0,0,22,4a424577,c79f418b
87,7,38,5,0,2100000087,1,1,1,550,1,55,0,14,2160,0,STEADY,184,2.4329,7.67323,0.217745,0.0978261,0.00543478,0,0,8,3,0,1,2,104,45,0,0,0,4a424577,c79f418b
88,8,39,0,0,2100000088,0,2,1,1234,1,116,0,26,3900,0,STEADY,412,3.89224,2.84761,0.154672,0.191748,0.220874,0,0,11,1,13,1,0,114,0,0,0,230,4a424577,c79f418b
88,8,39,0,0,2100000088,1,2,0,2084,1,0,6,38,6690,0,STEADY,695,3.3725,5.29138,0.184209,0.195683,0.345324,372,180,27,1,3,2,5,108,116,0,10,58,4a424577,c79f418b
89,9,0,1,0,2100000089,0,3,1,1478,1,133,0,25,5160,0,STEADY,493,4.22864,4.52864,0.198124,0.0365112,0.125761,0,0,14,6,0,2,3,109,20,4,0,0,4a424577,c79f418b
89,9,0,1,0,2100000089,1,3,1,1642,1,14,0,32,5270,0,STEADY,548,3.20463,6.02649,0.143631,0.0437956,0.0948905,178,9,7,19,1,1,4,113,153,18,0,131,4a424577,c79f418b
90,10,1,2,0,2100000090,0,0,1,2241,1,40,0,42,7210,0,STEADY,747,2.63893,2.46279,0.0993373,0.0468541,0.259705,37,0,39,2,0,0,1,136,84,0,0,343,4a424577,c79f418b
90,10,1,2,0,2100000090,1,0,1,1170,1,69,0,23,4050,0,STEADY,390,2.51722,2.65838,0.136103,0.120513,0.230769,0,0,20,2,1,0,0,150,55,0,0,127,4a424577,c79f418b
91,11,2,3,0,2100000091,0,1,1,1411,1,45,0,27,4480,0,STEADY,471,3.33335,5.52317,0.178715,0.184713,0.197452,132,17,14,4,1,4,4,94,108,36,20,39,4a424577,c79f418b
91,11,2,3,0,2100000091,1,1,1,868,1,65,0,19,2840,0,STEADY,290,3.41109,6.91925,0.225328,0.0758621,0.168966,0,0,13,2,0,2,2,94,64,12,10,32,4a424577,c79f418b
92,12,3,4,0,2100000092,0,2,1,764,1,4,0,17,2700,0,STEADY,255,3.12129,2.83258,0.189275,0.219608,0.4,111,72,10,1,3,1,2,106,107,0,0,135,4a424577,c79f418b
92,12,3,4,0,2100000092,1,2,1,530,1,56,0,12,2030,0,STEADY,177,3.12842,2.55862,0.200876,0.242938,0.265537,0,0,6,1,2,1,2,106,55,0,0,40,4a424577,c79f418b
93,13,4,5,0,2100000093,0,3,1,927,1,10,0,19,3370,0,STEADY,309,5.33038,2.58077,0.217087,0.466019,0.0355987,30,0,16,1,2,0,0,123,94,0,0,215,4a424577,c79f418b
93,13,4,5,0,2100000093,1,3,0,2311,1,0,24,30,5240,0,STEADY,771,15.4971,9.35774,0.451602,0.57847,0.284047,70,0,27,1,2,0,0,0,104,0,0,0,4a424577,c79f418b
94,14,5,0,0,2100000094,0,0,1,658,1,76,0,16,2120,0,STEADY,220,2.09255,3.93571,0.342909,0.0227273,0.0636364,0,0,6,8,1,1,0,141,37,0,17,7,4a424577,c79f418b
94,14,5,0,0,2100000094,1,0,1,492,1,37,0,12,1760,0,STEADY,164,2.22449,3.1403,0.365488,0.0487805,0.054878,17,0,3,6,2,1,0,141,76,0,17,11,4a424577,c79f418b
95,15,6,1,0,2100000095,0,1,0,2146,1,0,35,38,6760,0,STEADY,716,5.47487,5.18061,0.389644,0.27514,0.0502793,279,19,0,28,0,5,5,72,118,0,4,141,4a424577,c79f418b
95,15,6,1,0,2100000095,1,1,0,2461,1,0,53,45,7840,0,STEADY,821,4.93877,7.33955,0.297113,0.339829,0.00121803,139,0,1,36,0,5,3,48,118,0,45,126,4a424577,c79f418b
96,16,7,2,0,2100000096,0,2,1,1581,1,5,0,30,5310,0,STEADY,527,1.56154,1.72037,0.121328,0.0455408,0.127135,133,6,27,2,1,0,0,100,110,0,0,43,4a424577,c79f418b
96,16,7,2,0,2100000096,1,2,1,837,1,75,0,17,3130,0,STEADY,279,2.25433,2.14855,0.183835,0.0752688,0.197133,0,0,13,2,1,0,1,100,40,0,0,34,4a424577,c79f418b
97,17,8,3,0,2100000097,0,3,1,772,1,18,0,15,2660,0,STEADY,258,3.35388,3.94219,0.336279,0.251938,0,33,0,5,4,0,5,1,116,79,21,0,22,4a424577,c79f418b
97,17,8,3,0,2100000097,1,3,1,559,1,52,0,12,1980,0,STEADY,187,3.46452,3.87744,0.373289,0.192513,0.101604,0,0,5,3,0,3,1,116,42,12,0,81,4a424577,c79f418b
98,18,9,4,0,2100000098,0,0,1,2700,3,111,67,45,6160,0,STEADY,900,3.0783,3.84927,0.105582,0.222222,0.375556,0,0,42,2,0,0,1,70,18,0,0,182,4a424577,c79f418b
98,18,9,4,0,2100000098,1,0,1,2146,1,90,0,37,5410,0,STEADY,716,3.98787,9.30914,0.14726,0.149441,0.494413,0,0,32,5,0,0,0,80,39,0,0,102,4a424577,c79f418b
99,19,10,5,0,2100000099,0,1,0,1290,1,0,94,24,4300,0,STEADY,430,5.00264,7.76443,0.149616,0.332558,0.153488,177,12,18,1,0,4,1,30,132,0,66,0,4a424577,c79f418b
99,19,10,5,0,2100000099,1,1,0,1634,1,0,4,30,5250,0,STEADY,545,4.23527,3.05173,0.138284,0.341284,0.179817,392,66,25,0,0,3,2,120,132,0,22,440,4a424577,c79f418b
100,20,11,0,0,2100000100,0,2,1,1075,1,86,0,19,4020,0,STEADY,359,5.45959,4.99735,0.317312,0.300836,0.256267,0,0,10,4,0,2,3,141,16,0,10,258,4a424577,c79f418b
100,20,11,0,0,2100000100,1,2,1,1141,1,84,0,21,3980,0,STEADY,381,5.63007,2.53737,0.202323,0.328084,0.343832,0,0,16,2,0,2,1,160,18,0,28,304,4a424577,c79f418b
101,21,12,1,0,2100000101,0,3,1,406,1,61,0,11,1670,0,STEADY,136,2.97154,2.75784,0.298235,0.0220588,0.227941,0,0,3,6,1,0,1,111,63,0,0,3,4a424577,c79f418b
101,21,12,1,0,2100000101,1,3,1,355,1,46,0,10,1520,0,STEADY,119,2.97067,1.69968,0.342311,0.0252101,0.201681,15,1,4,5,1,0,0,111,78,0,0,3,4a424577,c79f418b
102,22,13,2,0,2100000102,0,0,1,1816,1,54,0,29,6300,0,STEADY,606,2.66718,3.27796,0.135629,0.0577558,0.0924092,40,0,7,4,7,0,11,104,121,0,72,80,4a424577,c79f418b
102,22,13,2,0,2100000102,1,0,1,2020,1,34,0,32,6990,0,STEADY,674,2.26368,4.62927,0.135122,0.0801187,0.0593472,159,12,7,5,8,0,12,104,141,0,87,0,4a424577,c79f418b
103,23,14,3,0,2100000103,0,1,1,1522,1,36,0,33,4640,0,STEADY,508,2.20626,4.9772,0.132215,0.11811,0.0885827,113,8,20,12,0,0,1,113,83,14,0,27,4a424577,c79f418b
103,23,14,3,0,2100000103,1,1,0,2490,1,0,59,50,7400,0,STEADY,830,2.00551,6.07043,0.110325,0.13494,0.131325,122,19,24,24,1,0,1,36,111,6,0,16,4a424577,c79f418b
104,24,15,4,0,2100000104,0,2,0,1228,1,0,67,25,4000,0,STEADY,410,3.4994,5.46781,0.178378,0.343902,0.17561,122,30,14,2,1,3,5,51,125,0,19,54,4a424577,c79f418b
104,24,15,4,0,2100000104,1,2,1,652,1,13,0,15,2360,0,STEADY,218,3.49676,4.15007,0.248739,0.408257,0.0183486,47,0,9,2,0,2,2,118,112,0,7,0,4a424577,c79f418b
105,25,16,5,0,2100000105,0,3,0,795,1,0,73,15,2730,0,STEADY,265,5.28909,6.19461,0.362642,0.328302,0.0641509,49,0,0,9,3,0,3,42,104,0,9,0,4a424577,c79f418b
105,25,16,5,0,2100000105,1,3,0,1761,1,0,80,31,5500,0,STEADY,587,4.58001,6.69969,0.231099,0.286201,0.0954003,279,19,2,18,5,0,6,35,104,0,48,55,4a424577,c79f418b
106,26,17,0,0,2100000106,0,0,1,973,1,58,0,21,3300,0,STEADY,325,2.99278,4.99394,0.254492,0.172308,0.476923,0,0,6,14,0,0,1,120,50,0,0,33,4a424577,c79f418b
106,26,17,0,0,2100000106,1,0,1,1207,1,84,0,25,3930,0,STEADY,403,3.30498,7.66604,0.269293,0.193548,0.543424,0,0,7,17,0,0,1,126,24,0,0,35,4a424577,c79f418b
107,27,18,1,0,2100000107,0,1,0,1005,1,0,44,20,3570,0,STEADY,335,5.60843,3.92812,0.203239,0.346269,0.0597015,239,20,17,2,0,0,1,85,145,0,0,126,4a424577,c79f418b
107,27,18,1,0,2100000107,1,1,0,368,1,0,27,9,1700,0,STEADY,123,6.00877,3.51966,0.432602,0.398374,0.0487805,34,5,6,2,0,0,1,102,145,0,0,0,4a424577,c79f418b
108,28,19,2,0,2100000108,0,2,1,353,1,56,0,8,1530,0,STEADY,118,6.4821,3.09223,0.368771,0.381356,0.0508475,0,0,2,5,0,0,1,132,55,0,0,93,4a424577,c79f418b
108,28,19,2,0,2100000108,1,2,1,439,1,27,0,9,1740,0,STEADY,147,5.80646,3.06207,0.325578,0.442177,0.0612245,43,9,3,6,0,0,0,132,84,0,0,119,4a424577,c79f418b
109,29,20,3,0,2100000109,0,3,1,580,1,50,0,12,2200,0,STEADY,194,4.53432,3.46903,0.365052,0.365979,0.134021,0,0,4,3,3,0,2,86,52,0,57,41,4a424577,c79f418b
109,29,20,3,0,2100000109,1,3,1,922,1,34,0,18,3280,0,STEADY,308,4.09256,3.57921,0.257403,0.334416,0.0714286,15,0,7,4,6,0,1,94,68,0,59,168,4a424577,c79f418b
110,30,21,4,0,2100000110,0,0,1,801,1,107,0,22,2570,0,STEADY,267,4.05675,7.1651,0.207225,0.0749064,0.0486891,0,0,19,2,0,0,1,124,18,0,0,33,4a424577,c79f418b
110,30,21,4,0,2100000110,1,0,1,729,1,62,0,20,2390,0,STEADY,243,3.29426,6.37097,0.254325,0.0740741,0.037037,0,0,17,2,0,0,1,124,63,0,0,38,4a424577,c79f418b
111,31,22,5,0,2100000111,0,1,0,1714,1,0,36,36,5030,0,STEADY,572,3.21021,3.68974,0.163304,0.494755,0.141608,196,20,23,11,0,0,2,139,132,0,0,11,4a424577,c79f418b
111,31,22,5,0,2100000111,1,1,0,1002,2,132,172,19,3420,0,STEADY,334,5.51145,4.0253,0.291542,0.47006,0.218563,0,0,0,15,1,0,3,3,0,0,0,65,4a424577,c79f418b
112,32,23,0,0,2100000112,0,2,0,885,1,0,55,18,3280,0,STEADY,295,2.72533,3.15648,0.128966,0.0881356,0.0813559,137,11,15,0,1,1,1,68,121,0,0,13,4a424577,c79f418b
112,32,23,0,0,2100000112,1,2,1,1105,1,37,0,22,3870,0,STEADY,369,2.8521,3.545,0.141043,0.0352304,0.0596206,19,1,19,0,1,0,2,117,84,0,0,37,4a424577,c79f418b
113,33,24,1,0,2100000113,0,3,1,772,1,84,0,18,2680,0,STEADY,258,3.37878,2.40381,0.201725,0.0697674,0.321705,0,0,4,2,11,0,1,125,68,0,0,376,4a424577,c79f418b
113,33,24,1,0,2100000113,1,3,1,460,1,97,0,11,1940,0,STEADY,154,3.62001,3.41826,0.338929,0.12987,0.25974,0,0,6,2,2,0,1,125,55,0,0,58,4a424577,c79f418b
114,34,25,2,0,2100000114,0,0,1,587,1,63,0,13,2290,0,STEADY,196,4.31771,4.42325,0.303571,0.346939,0.158163,0,0,1,9,0,1,2,104,77,0,0,55,4a424577,c79f418b
114,34,25,2,0,2100000114,1,0,1,1087,1,3,0,24,3530,0,STEADY,363,3.32443,4.26565,0.16135,0.410468,0.184573,159,45,13,9,0,1,1,104,137,0,0,208,4a424577,c79f418b
115,35,26,3,0,2100000115,0,1,0,790,1,0,28,19,2690,0,STEADY,264,2.73712,2.47088,0.139678,0.0113636,0.00757576,80,0,5,12,0,1,1,80,101,0,0,67,4a424577,c79f418b
115,35,26,3,0,2100000115,1,1,0,2238,1,0,32,46,6660,0,STEADY,746,2.58977,8.98903,0.0833981,0.0080429,0.387399,383,161,18,25,0,1,2,64,101,0,8,18,4a424577,c79f418b
116,36,27,4,0,2100000116,0,2,0,1763,1,0,61,33,5740,0,STEADY,588,4.38297,5.54447,0.141335,0.27551,0.312925,77,30,1,30,0,1,1,84,93,0,13,104,4a424577,c79f418b
116,36,27,4,0,2100000116,1,2,0,711,1,0,75,15,2650,0,STEADY,237,4.74001,6.67484,0.206667,0.337553,0.219409,57,17,1,13,0,0,1,70,93,0,0,20,4a424577,c79f418b
117,37,28,5,0,2100000117,0,3,1,1224,1,77,0,23,4080,0,STEADY,408,2.90713,7.68269,0.198909,0.0441176,0.0269608,0,0,20,0,2,0,1,111,73,0,0,0,4a424577,c79f418b
117,37,28,5,0,2100000117,1,3,1,726,1,51,0,15,2720,0,STEADY,242,3.37061,5.7893,0.258512,0.0743802,0,18,0,12,0,2,0,1,111,99,0,0,0,4a424577,c79f418b
118,38,29,0,0,2100000118,0,0,1,709,1,26,0,15,2700,0,STEADY,237,5.59299,2.69722,0.216498,0.510549,0.320675,63,8,7,6,0,1,1,102,78,0,0,328,4a424577,c79f418b
118,38,29,0,0,2100000118,1,0,1,592,1,65,0,13,2360,0,STEADY,198,4.28928,2.42706,0.271035,0.444444,0.227273,0,0,6,5,0,1,1,102,39,0,0,236,4a424577,c79f418b
119,39,30,1,0,2100000119,0,1,0,1688,1,0,51,30,5480,0,STEADY,563,3.50876,5.69231,0.174627,0.113677,0.0071048,288,0,9,8,0,5,8,74,114,0,56,73,4a424577,c79f418b
119,39,30,1,0,2100000119,1,1,0,1406,1,0,13,24,4880,0,STEADY,469,4.24794,4.05503,0.20967,0.157783,0.08742,210,18,3,6,0,8,7,106,114,0,41,114,4a424577,c79f418b
120,0,38,3,0,2100000120,0,3,0,1113,1,0,20,24,3410,0,STEADY,371,3.70898,3.22579,0.211617,0.199461,0.250674,55,13,14,9,0,0,1,84,113,0,0,276,4a424577,c79f418b
120,0,38,3,0,2100000120,1,3,1,526,1,75,0,12,1990,0,STEADY,176,4.43747,5.42736,0.319489,0.210227,0.113636,0,0,3,7,1,0,1,104,38,0,0,25,4a424577,c79f418b
121,1,39,4,0,2100000121,0,0,1,619,1,55,0,15,2190,0,STEADY,207,3.16776,2.35778,0.269807,0.381643,0.0241546,0,0,9,3,0,1,2,114,81,0,0,167,4a424577,c79f418b
121,1,39,4,0,2100000121,1,0,1,844,1,61,0,19,2840,0,STEADY,282,3.54551,3.73677,0.271046,0.358156,0.035461,0,0,9,8,0,2,0,114,75,0,18,97,4a424577,c79f418b
122,2,0,5,0,2100000122,0,1,1,804,1,49,0,16,2990,0,STEADY,268,4.31228,5.00794,0.264272,0.5,0.11194,0,0,3,11,0,0,2,113,45,0,0,0,4a424577,c79f418b
122,2,0,5,0,2100000122,1,1,1,801,1,94,0,16,2990,0,STEADY,267,4.13418,3.01309,0.272978,0.329588,0.116105,0,0,3,11,0,0,2,105,0,0,0,68,4a424577,c79f418b
123,3,1,0,0,2100000123,0,2,0,1055,1,0,88,21,3720,0,STEADY,352,3.21015,2.82969,0.181605,0.224432,0.389205,114,52,18,1,1,1,0,48,106,0,11,388,4a424577,c79f418b
123,3,1,0,0,2100000123,1,2,0,940,1,0,85,19,3360,0,STEADY,314,3.20503,3.87523,0.174443,0.366242,0.219745,61,26,16,1,0,1,1,51,106,0,11,191,4a424577,c79f418b
124,4,2,1,0,2100000124,0,3,0,881,1,0,55,18,3210,0,STEADY,294,5.42921,5.37255,0.432163,0.268707,0.0884354,208,25,0,13,0,2,3,39,149,26,0,77,4a424577,c79f418b
124,4,2,1,0,2100000124,1,3,0,292,1,0,75,6,1050,0,STEADY,98,8.85347,2.41564,0.75202,0.244898,0.244898,29,11,0,5,0,1,0,19,136,13,0,146,4a424577,c79f418b
125,5,3,2,0,2100000125,0,0,1,727,1,90,0,16,2560,0,STEADY,243,3.36535,2.88361,0.235494,0.271605,0.037037,0,0,9,1,1,2,3,106,51,0,12,81,4a424577,c79f418b
125,5,3,2,0,2100000125,1,0,1,1315,1,9,0,29,3960,0,STEADY,439,3.11296,2.84409,0.130854,0.3918,0.0136674,111,0,24,1,1,2,1,91,132,0,20,157,4a424577,c79f418b
126,6,4,3,0,2100000126,0,1,1,1831,1,114,0,34,5910,0,STEADY,611,2.79979,6.59408,0.1127,0.00654664,0.0932897,0,0,32,0,1,0,1,116,17,0,0,106,4a424577,c79f418b
126,6,4,3,0,2100000126,1,1,1,822,1,117,0,17,3060,0,STEADY,274,3.37782,7.2528,0.190128,0.0109489,0.138686,0,0,15,1,1,0,0,123,14,0,0,16,4a424577,c79f418b
127,7,5,4,0,2100000127,0,2,1,511,1,46,0,13,2080,0,STEADY,171,2.53747,2.7878,0.179561,0.122807,0.0409357,0,0,7,3,1,1,1,141,54,0,0,27,4a424577,c79f418b
127,7,5,4,0,2100000127,1,2,1,520,1,43,0,13,2000,0,STEADY,174,2.708,1.73879,0.238075,0.149425,0.0517241,0,0,8,3,1,1,0,141,57,0,0,12,4a424577,c79f418b
128,8,6,5,0,2100000128,0,3,1,1232,1,94,0,23,4170,0,STEADY,411,4.95284,7.11561,0.21635,0.301703,0.0364964,0,0,19,1,0,2,1,131,22,0,3,0,4a424577,c79f418b
128,8,6,5,0,2100000128,1,3,1,857,1,36,0,17,2810,0,STEADY,286,4.46278,3.13151,0.229948,0.251748,0.234266,150,48,6,1,6,1,3,131,80,0,4,143,4a424577,c79f418b
129,9,7,0,0,2100000129,0,0,1,1276,1,121,0,24,4360,0,STEADY,426,2.47855,3.54728,0.220117,0.0117371,0.237089,0,0,10,11,0,1,2,100,40,12,0,71,4a424577,c79f418b
129,9,7,0,0,2100000129,1,0,1,1273,1,91,0,25,4190,0,STEADY,425,2.83874,3.58984,0.182341,0.0258824,0.435294,0,0,3,13,1,1,7,100,70,12,0,136,4a424577,c79f418b
130,10,8,1,0,2100000130,0,1,1,792,1,61,0,17,2960,0,STEADY,264,3.17123,2.95408,0.178258,0.0416667,0.0984848,0,0,14,2,0,0,1,116,63,0,0,23,4a424577,c79f418b
130,10,8,1,0,2100000130,1,1,1,822,1,15,0,17,3030,0,STEADY,274,3.56689,2.57439,0.162847,0.0656934,0.218978,76,40,14,2,1,0,0,116,109,0,0,202,4a424577,c79f418b
131,11,9,2,0,2100000131,0,2,0,1789,1,0,90,35,5680,0,STEADY,597,4.01806,3.66514,0.139824,0.137353,0.360134,142,77,21,9,0,2,3,71,129,12,10,388,4a424577,c79f418b
131,11,9,2,0,2100000131,1,2,0,1651,1,0,62,33,5240,0,STEADY,551,3.44984,4.56272,0.133657,0.136116,0.272232,110,30,21,7,1,2,2,87,129,12,10,155,4a424577,c79f418b
132,12,10,3,0,2100000132,0,3,0,474,1,0,76,9,1780,0,STEADY,158,4.0805,5.49952,0.384019,0.234177,0.158228,9,0,1,1,3,0,4,48,111,0,0,28,4a424577,c79f418b
132,12,10,3,0,2100000132,1,3,0,520,1,0,52,11,2140,0,STEADY,174,4.22774,4.4207,0.353333,0.344828,0.0517241,43,3,2,1,3,1,4,72,111,0,0,44,4a424577,c79f418b
133,13,11,4,0,2100000133,0,0,1,1518,1,36,0,29,5130,0,STEADY,506,3.28611,3.94159,0.135415,0.41502,0.0790514,39,3,25,0,2,0,2,153,68,0,0,95,4a424577,c79f418b
133,13,11,4,0,2100000133,1,0,0,1519,1,0,46,29,5150,0,STEADY,507,2.54215,2.3732,0.101686,0.313609,0.00591716,213,2,26,0,1,1,1,119,104,0,0,124,4a424577,c79f418b
134,14,12,5,0,2100000134,0,1,1,537,1,44,0,12,1840,0,STEADY,179,3.51968,5.238,0.497905,0.0782123,0.0893855,8,0,2,6,2,1,1,111,69,0,0,0,4a424577,c79f418b
134,14,12,5,0,2100000134,1,1,1,318,1,61,0,8,1280,0,STEADY,106,3.82234,3.37062,0.628066,0.103774,0,0,0,2,3,2,1,0,111,52,0,17,19,4a424577,c79f418b
135,15,13,0,0,2100000135,0,2,1,994,1,19,0,20,3400,0,STEADY,332,5.06852,5.86874,0.246867,0.25,0.0301205,151,9,3,12,0,2,3,104,99,0,14,104,4a424577,c79f418b
135,15,13,0,0,2100000135,1,2,0,865,1,0,12,18,3030,0,STEADY,289,4.12037,3.63349,0.238304,0.266436,0.152249,130,15,3,11,0,1,3,92,118,0,24,104,4a424577,c79f418b
136,16,14,1,0,2100000136,0,3,1,654,1,66,0,14,2590,0,STEADY,218,2.86041,3.07071,0.197179,0.100917,0.133028,0,0,11,2,1,0,0,113,49,0,0,19,4a424577,c79f418b
136,16,14,1,0,2100000136,1,3,1,2445,1,5,0,45,7860,0,STEADY,815,2.10142,5.39816,0.100337,0.0282209,0.440491,134,1,42,2,1,0,0,113,110,0,0,84,4a424577,c79f418b
137,17,15,2,0,2100000137,0,0,1,1088,1,14,0,21,3580,0,STEADY,363,3.11425,5.69778,0.206143,0.201102,0.132231,57,32,8,5,0,7,1,118,80,36,0,74,4a424577,c79f418b
137,17,15,2,0,2100000137,1,0,1,586,1,60,0,13,2180,0,STEADY,196,3.35708,5.76435,0.270255,0.183673,0.0918367,0,0,5,3,0,3,2,127,34,12,0,2,4a424577,c79f418b
138,18,16,3,0,2100000138,0,1,1,2056,1,20,0,35,5120,0,STEADY,686,4.47325,7.11464,0.149322,0.0655977,0.123907,404,67,29,3,0,0,3,112,109,0,0,77,4a424577,c79f418b
138,18,16,3,0,2100000138,1,1,1,2110,1,1,0,36,5180,0,STEADY,704,3.81661,4.19957,0.143922,0.0667614,0.190341,138,52,31,3,0,0,2,115,128,0,0,201,4a424577,c79f418b
139,19,17,4,0,2100000139,0,2,1,824,1,26,0,17,3020,0,STEADY,275,3.57624,2.57535,0.175582,0.338182,0.138182,16,0,14,1,0,1,1,92,106,0,0,223,4a424577,c79f418b
139,19,17,4,0,2100000139,1,2,1,1171,1,5,0,23,4040,0,STEADY,391,3.13196,1.66016,0.140997,0.429668,0.11509,83,10,20,1,0,1,1,106,127,0,0,329,4a424577,c79f418b
140,20,18,5,0,2100000140,0,3,0,811,1,0,72,16,3220,0,STEADY,271,5.72208,4.02202,0.405646,0.295203,0.162362,73,10,8,2,0,3,3,57,102,0,0,0,4a424577,c79f418b
140,20,18,5,0,2100000140,1,3,0,883,1,0,70,16,3190,0,STEADY,295,4.12108,2.72555,0.216847,0.430508,0.0677966,54,14,9,2,0,2,3,59,102,0,22,138,4a424577,c79f418b
141,21,19,0,0,2100000141,0,0,1,1576,1,109,0,32,4920,0,STEADY,526,2.53097,5.93312,0.114354,0.00380228,0.106464,0,0,20,11,0,0,1,132,15,0,0,4,4a424577,c79f418b
141,21,19,0,0,2100000141,1,0,1,619,1,121,0,15,2210,0,STEADY,207,2.72357,5.96125,0.204903,0,0.135266,0,0,5,8,0,0,2,132,3,0,0,11,4a424577,c79f418b
142,22,20,1,0,2100000142,0,1,0,1538,1,0,16,27,5930,0,STEADY,513,2.87587,3.82093,0.162144,0.194932,0.173489,333,59,4,5,8,0,10,30,175,0,21,217,4a424577,c79f418b
142,22,20,1,0,2100000142,1,1,1,1171,1,54,0,19,4370,0,STEADY,391,3.06942,2.76149,0.181483,0.140665,0.112532,34,3,6,5,5,0,3,74,121,0,36,223,4a424577,c79f418b
143,23,21,2,0,2100000143,0,2,1,1753,1,87,0,37,5320,0,STEADY,585,2.85936,3.2332,0.110581,0.107692,0.0017094,0,0,22,12,1,0,2,124,21,3,0,37,4a424577,c79f418b
143,23,21,2,0,2100000143,1,2,1,1516,1,105,0,33,4620,0,STEADY,506,3.01075,2.62279,0.134042,0.0889328,0.00790514,0,0,21,10,0,0,2,124,0,0,0,39,4a424577,c79f418b
144,24,22,3,0,2100000144,0,3,0,1068,1,0,102,22,3240,0,STEADY,356,3.68524,1.95081,0.222851,0.457865,0.176966,112,24,16,2,1,1,2,73,125,0,0,153,4a424577,c79f418b
144,24,22,3,0,2100000144,1,3,0,1833,1,0,94,38,5320,0,STEADY,611,2.97748,1.55081,0.144755,0.468085,0.116203,251,42,30,3,0,2,3,81,125,0,20,330,4a424577,c79f418b
145,25,23,4,0,2100000145,0,0,0,1735,1,0,23,33,5570,0,STEADY,579,2.96138,4.47531,0.146831,0.305699,0.0414508,108,0,5,21,1,0,6,98,104,0,12,84,4a424577,c79f418b
145,25,23,4,0,2100000145,1,0,0,1138,1,0,41,23,3860,0,STEADY,380,3.0616,2.35703,0.165974,0.328947,0.1,31,5,4,14,1,0,4,76,104,0,12,320,4a424577,c79f418b
146,26,24,5,0,2100000146,0,1,1,682,1,31,0,16,2420,0,STEADY,228,3.91435,4.38099,0.33125,0.171053,0.0526316,15,0,8,6,1,0,1,125,77,0,0,3,4a424577,c79f418b
146,26,24,5,0,2100000146,1,1,1,634,1,27,0,15,2320,0,STEADY,212,3.27173,2.61239,0.274693,0.141509,0.0330189,31,0,8,4,2,0,1,125,81,0,0,83,4a424577,c79f418b
147,27,25,0,0,2100000147,0,2,1,900,1,96,0,18,3230,0,STEADY,300,5.13788,4.65317,0.19845,0.276667,0.206667,0,0,15,2,0,0,1,104,49,0,0,40,4a424577,c79f418b
147,27,25,0,0,2100000147,1,2,1,895,1,40,0,18,3230,0,STEADY,299,4.79502,3.28179,0.184666,0.301003,0.170569,38,2,15,2,0,0,1,104,105,0,0,140,4a424577,c79f418b
148,28,26,1,0,2100000148,0,3,1,460,1,57,0,10,1920,0,STEADY,154,4.35278,2.27472,0.302922,0.493506,0.253247,0,0,2,6,0,1,1,108,54,0,0,118,4a424577,c79f418b
148,28,26,1,0,2100000148,1,3,1,335,1,71,0,8,1560,0,STEADY,112,5.48208,2.70477,0.377857,0.392857,0.151786,0,0,2,4,0,0,2,108,40,0,0,109,4a424577,c79f418b
149,29,27,2,0,2100000149,0,0,0,864,1,0,17,17,3160,0,STEADY,288,4.81838,2.96036,0.270955,0.326389,0.232639,94,21,6,4,6,0,1,128,102,0,67,151,4a424577,c79f418b
149,29,27,2,0,2100000149,1,0,0,1666,1,0,35,31,5440,0,STEADY,556,3.84546,5.60305,0.15205,0.269784,0.116906,345,39,14,5,8,1,3,110,102,0,34,127,4a424577,c79f418b
150,30,28,3,0,2100000150,0,1,1,993,1,45,0,25,3050,0,STEADY,331,4.33859,5.56748,0.19997,0.0906344,0.117825,7,0,21,3,0,1,0,111,80,0,0,159,4a424577,c79f418b
150,30,28,3,0,2100000150,1,1,1,526,1,39,0,14,1980,0,STEADY,176,4.03942,4.75341,0.324523,0.153409,0,21,0,11,3,0,0,0,111,86,0,0,48,4a424577,c79f418b
151,31,29,4,0,2100000151,0,2,1,2068,1,56,0,44,5940,0,STEADY,690,3.2988,2.3257,0.119978,0.56087,0.127536,0,0,34,7,1,0,2,102,85,9,0,234,4a424577,c79f418b
151,31,29,4,0,2100000151,1,2,1,739,1,67,0,17,2570,0,STEADY,247,4.14926,1.90893,0.272227,0.574899,0.0647773,0,0,9,6,1,0,1,102,74,9,0,268,4a424577,c79f418b
152,32,30,5,0,2100000152,0,3,0,2176,1,0,81,40,7050,0,STEADY,726,2.69838,8.27243,0.115124,0.0165289,0.0550964,50,0,36,0,1,1,2,20,121,0,0,0,4a424577,c79f418b
152,32,30,5,0,2100000152,1,3,0,2296,1,0,67,42,7520,0,STEADY,766,1.88908,6.33572,0.104491,0.0313316,0.0234987,74,1,38,0,2,2,0,34,121,0,0,0,4a424577,c79f418b
153,33,31,0,0,2100000153,0,0,1,1709,2,137,19,34,5320,0,STEADY,570,3.65109,2.88533,0.117921,0.0210526,0.384211,0,0,20,0,11,0,3,113,15,0,0,600,4a424577,c79f418b
153,33,31,0,0,2100000153,1,0,1,916,1,99,0,20,3110,0,STEADY,306,3.81714,2.29121,0.225997,0.137255,0.264706,0,0,7,3,10,0,0,141,53,0,0,290,4a424577,c79f418b
154,34,32,1,0,2100000154,0,1,1,1198,1,77,0,23,4070,0,STEADY,400,4.9117,4.14519,0.208487,0.255,0.0075,0,0,0,19,0,1,3,121,63,0,0,36,4a424577,c79f418b
154,34,32,1,0,2100000154,1,1,0,652,1,0,29,14,2440,0,STEADY,218,5.05032,4.0465,0.274243,0.344037,0.0779817,102,0,0,12,0,0,2,92,140,0,0,63,4a424577,c79f418b
155,35,33,2,0,2100000155,0,2,0,1255,1,0,88,28,3970,0,STEADY,419,2.72692,4.63488,0.103091,0.0071599,0.520286,32,6,9,17,0,1,1,64,101,0,8,61,4a424577,c79f418b
155,35,33,2,0,2100000155,1,2,0,709,1,0,72,17,2530,0,STEADY,237,2.64532,2.20544,0.148207,0.00843882,0.168776,32,0,5,9,0,1,2,80,101,0,0,45,4a424577,c79f418b
156,36,34,3,0,2100000156,0,3,1,1181,1,21,0,23,4040,0,STEADY,394,5.2443,5.08214,0.220393,0.304569,0.208122,75,25,1,20,0,0,2,140,72,0,0,147,4a424577,c79f418b
156,36,34,3,0,2100000156,1,3,1,699,2,65,140,14,2590,0,STEADY,233,6.80726,1.6583,0.315687,0.364807,0.343348,0,0,3,11,0,0,0,0,28,0,0,600,4a424577,c79f418b
157,37,35,4,0,2100000157,0,0,1,654,1,62,0,14,2550,0,STEADY,218,2.8443,3.27102,0.22961,0.0825688,0.0412844,0,0,11,0,2,0,1,101,88,0,0,45,4a424577,c79f418b
157,37,35,4,0,2100000157,1,0,0,1125,1,0,50,22,3910,0,STEADY,375,3.22202,1.92533,0.156787,0.12,0.344,77,33,19,0,2,0,1,51,150,0,0,117,4a424577,c79f418b
158,38,36,5,0,2100000158,0,1,1,799,1,26,0,16,2900,0,STEADY,267,4.66263,4.26012,0.274307,0.629213,0.0973783,22,0,8,5,0,1,2,93,78,0,0,0,4a424577,c79f418b
158,38,36,5,0,2100000158,1,1,1,690,1,71,0,14,2560,0,STEADY,230,4.91661,3.67621,0.234217,0.56087,0.134783,0,0,6,5,0,1,2,93,33,0,0,0,4a424577,c79f418b
159,39,37,0,0,2100000159,0,2,1,2571,1,18,0,42,8560,0,STEADY,857,3.45076,4.66268,0.157275,0.179697,0.0863477,252,33,7,4,3,15,13,150,96,0,18,238,4a424577,c79f418b
159,39,37,0,0,2100000159,1,2,0,1954,1,0,22,31,6760,0,STEADY,652,3.61084,3.61015,0.207569,0.203988,0.203988,172,33,3,4,4,16,4,128,114,0,45,301,4a424577,c79f418b
160,0,5,2,0,2100000160,0,0,0,1672,1,0,35,35,5200,0,STEADY,558,3.30436,3.44587,0.118701,0.136201,0.385305,189,64,19,13,1,1,1,106,113,0,0,81,4a424577,c79f418b
160,0,5,2,0,2100000160,1,0,1,1840,1,1,0,38,5610,0,STEADY,614,2.78619,7.5534,0.128257,0.141694,0.374593,86,32,21,14,1,1,1,141,112,0,0,18,4a424577,c79f418b
161,1,6,3,0,2100000161,0,1,1,2356,1,38,0,42,7540,0,STEADY,786,4.73543,7.73901,0.253982,0.248092,0.0101781,61,0,1,26,0,7,8,99,98,0,57,0,4a424577,c79f418b
161,1,6,3,0,2100000161,1,1,0,2600,1,0,44,46,8320,0,STEADY,867,4.72491,7.70771,0.270104,0.215686,0.0011534,57,0,2,24,0,10,10,66,136,0,62,102,4a424577,c79f418b
162,2,7,4,0,2100000162,0,2,1,447,1,64,0,10,1940,0,STEADY,149,4.61743,4.44231,0.299362,0.550336,0.295302,0,0,3,6,0,0,1,100,30,0,0,63,4a424577,c79f418b
162,2,7,4,0,2100000162,1,2,1,857,1,74,0,17,3130,0,STEADY,286,4.23442,3.86416,0.203654,0.496503,0.286713,0,0,3,13,0,0,1,100,20,0,0,98,4a424577,c79f418b
163,3,8,5,0,2100000163,0,3,0,1102,1,0,82,20,3460,0,STEADY,368,6.71955,11.2561,0.358057,0.38587,0.255435,38,2,18,0,0,1,1,34,106,0,0,0,4a424577,c79f418b
163,3,8,5,0,2100000163,1,3,0,985,1,0,50,19,3320,0,STEADY,329,3.6619,6.83229,0.268328,0.270517,0.136778,20,3,16,0,0,2,1,66,106,0,0,0,4a424577,c79f418b
164,4,9,0,0,2100000164,0,0,1,1350,1,69,0,26,4650,0,STEADY,450,5.21832,6.45747,0.496564,0.344444,0.0466667,0,0,0,23,2,1,0,149,54,0,0,107,4a424577,c79f418b
164,4,9,0,0,2100000164,1,0,1,1110,1,82,0,23,3890,0,STEADY,370,4.58111,2.75201,0.395989,0.289189,0.332432,0,0,1,21,0,1,0,155,54,13,0,366,4a424577,c79f418b
165,5,10,1,0,2100000165,0,1,0,1529,1,0,96,24,5120,0,STEADY,510,3.77556,6.23165,0.274,0.237255,0.0137255,344,7,1,8,2,8,5,28,141,0,96,56,4a424577,c79f418b
165,5,10,1,0,2100000165,1,1,0,1365,1,0,67,24,4600,0,STEADY,455,3.52392,5.01492,0.256253,0.257143,0.0527473,73,11,5,3,2,7,7,57,141,0,74,145,4a424577,c79f418b
166,6,11,2,0,2100000166,0,2,1,1053,1,45,0,21,3770,0,STEADY,351,2.10334,4.01904,0.15104,0.00854701,0.11396,20,0,18,1,1,0,1,153,86,0,0,88,4a424577,c79f418b
166,6,11,2,0,2100000166,1,2,0,1399,1,0,20,27,4760,0,STEADY,467,2.74452,6.48743,0.128266,0.00642398,0.244111,213,85,25,1,1,0,0,133,131,0,0,38,4a424577,c79f418b
167,7,12,3,0,2100000167,0,3,0,319,1,0,71,9,1580,0,STEADY,107,4.43436,2.71037,0.341869,0.364486,0.0186916,19,0,2,5,0,1,1,40,100,0,0,71,4a424577,c79f418b
167,7,12,3,0,2100000167,1,3,0,376,1,0,51,10,1640,0,STEADY,126,3.94167,2.17757,0.25373,0.198413,0.00793651,63,0,5,3,1,1,0,60,100,0,0,100,4a424577,c79f418b
168,8,13,4,0,2100000168,0,0,0,850,1,0,41,18,2980,0,STEADY,284,4.01455,3.14234,0.207887,0.316901,0.18662,124,45,10,1,4,0,3,63,116,0,0,174,4a424577,c79f418b
168,8,13,4,0,2100000168,1,0,1,659,1,65,0,15,2340,0,STEADY,220,3.76966,5.22222,0.240818,0.177273,0.154545,0,0,6,1,6,0,2,104,51,0,0,7,4a424577,c79f418b
169,9,14,5,0,2100000169,0,1,1,643,1,55,0,14,2390,0,STEADY,215,3.40772,4.96944,0.238628,0.0511628,0.102326,15,3,3,8,1,1,1,113,94,0,0,37,4a424577,c79f418b
169,9,14,5,0,2100000169,1,1,1,517,1,72,0,12,2030,0,STEADY,173,2.81174,2.8081,0.302081,0.115607,0.16763,0,0,3,7,1,0,1,113,77,0,0,17,4a424577,c79f418b
170,10,15,0,0,2100000170,0,2,1,1092,1,76,0,22,3810,0,STEADY,364,2.90316,2.6686,0.149135,0.0302198,0.17033,0,0,19,2,0,0,1,118,48,0,0,188,4a424577,c79f418b
170,10,15,0,0,2100000170,1,2,1,764,1,76,0,16,2860,0,STEADY,255,3.06943,4.79189,0.178745,0.0941176,0.168627,0,0,13,2,1,0,0,118,48,0,0,88,4a424577,c79f418b
171,11,16,1,0,2100000171,0,3,1,1393,1,8,0,25,4720,0,STEADY,465,3.77669,5.93852,0.185677,0.2,0.0193548,262,4,8,9,0,4,4,115,154,45,20,55,4a424577,c79f418b
171,11,16,1,0,2100000171,1,3,1,1798,1,20,0,34,5720,0,STEADY,600,3.65921,3.28851,0.166808,0.115,0.115,26,0,17,7,0,5,5,115,116,19,30,274,4a424577,c79f418b
172,12,17,2,0,2100000172,0,0,1,433,1,35,0,11,1830,0,STEADY,145,2.981,2.22378,0.222621,0.193103,0.282759,72,24,6,1,2,1,1,93,76,0,0,84,4a424577,c79f418b
172,12,17,2,0,2100000172,1,0,1,819,1,12,0,17,3080,0,STEADY,273,3.73026,2.64256,0.204982,0.194139,0.245421,198,37,6,1,5,3,2,124,99,0,0,84,4a424577,c79f418b
173,13,18,3,0,2100000173,0,1,1,993,1,6,0,20,3570,0,STEADY,331,4.24554,3.30052,0.241148,0.326284,0.0302115,56,0,17,0,2,0,1,129,98,0,0,30,4a424577,c79f418b
173,13,18,3,0,2100000173,1,1,1,993,1,6,0,20,3540,0,STEADY,331,4.67759,4.01853,0.175891,0.353474,0.0271903,64,5,17,1,2,0,0,129,98,0,0,39,4a424577,c79f418b
174,14,19,4,0,2100000174,0,2,1,495,1,71,0,12,1800,0,STEADY,165,2.35501,5.63484,0.242879,0.030303,0.0363636,0,0,3,5,1,1,2,132,42,0,9,0,4a424577,c79f418b
174,14,19,4,0,2100000174,1,2,1,564,1,62,0,13,1960,0,STEADY,188,2.55947,7.3821,0.261755,0.0425532,0.0638298,0,0,2,7,2,1,1,132,51,0,9,0,4a424577,c79f418b
175,15,20,5,0,2100000175,0,3,0,991,1,0,70,19,3290,0,STEADY,331,5.66074,4.66111,0.297659,0.435045,0.111782,55,0,3,9,0,3,4,12,118,0,0,0,4a424577,c79f418b
175,15,20,5,0,2100000175,1,3,1,1012,1,88,0,20,3070,0,STEADY,338,5.77336,3.06823,0.334601,0.535503,0.16568,0,0,9,7,0,2,2,42,30,0,0,424,4a424577,c79f418b
176,16,21,0,0,2100000176,0,0,1,2631,1,55,0,48,8370,0,STEADY,877,2.86037,6.10503,0.105063,0.018244,0.0114025,0,0,45,3,0,0,0,124,60,0,0,12,4a424577,c79f418b
176,16,21,0,0,2100000176,1,0,1,2040,1,85,0,38,6630,0,STEADY,680,2.5619,5.06082,0.106978,0.0147059,0.0102941,0,0,35,2,0,0,1,124,30,0,0,15,4a424577,c79f418b
177,17,22,1,0,2100000177,0,1,1,1437,1,40,0,26,4580,0,STEADY,479,2.90483,4.14856,0.211795,0.202505,0.11691,269,41,8,4,0,9,5,175,78,54,0,169,4a424577,c79f418b
177,17,22,1,0,2100000177,1,1,1,2011,1,38,0,35,6180,0,STEADY,671,2.88846,7.63817,0.184478,0.213115,0.105812,220,21,10,3,0,13,9,161,96,72,0,46,4a424577,c79f418b
178,18,23,2,0,2100000178,0,2,1,329,1,81,0,9,1650,0,STEADY,110,4.65343,3.79046,0.532882,0.336364,0.172727,0,0,5,4,0,0,0,113,48,0,0,0,4a424577,c79f418b
178,18,23,2,0,2100000178,1,2,0,1175,1,0,21,23,3490,0,STEADY,392,3.01207,2.55852,0.172418,0.0739796,0.469388,73,30,18,3,0,0,2,104,129,0,0,205,4a424577,c79f418b
179,19,24,3,0,2100000179,0,3,1,2107,1,94,0,39,6760,0,STEADY,703,3.88801,1.89385,0.130057,0.483642,0.248933,0,0,36,1,0,2,0,125,38,0,17,467,4a424577,c79f418b
179,19,24,3,0,2100000179,1,3,1,821,1,68,0,17,3020,0,STEADY,274,3.84564,2.15248,0.220274,0.434307,0.156934,0,0,14,1,0,1,1,125,64,0,17,62,4a424577,c79f418b
180,20,25,4,0,2100000180,0,0,1,527,1,84,0,11,2220,0,STEADY,176,6.54806,2.91631,0.355114,0.426136,0.238636,0,0,8,2,0,1,0,104,18,0,14,199,4a424577,c79f418b
180,20,25,4,0,2100000180,1,0,1,751,1,86,0,15,2930,0,STEADY,251,5.74025,4.74235,0.264661,0.354582,0.0677291,0,0,11,2,0,2,0,104,16,0,0,66,4a424577,c79f418b
181,21,26,5,0,2100000181,0,1,1,463,1,20,0,12,1790,0,STEADY,155,3.33449,3.53214,0.329645,0.0193548,0.0774194,31,2,3,7,1,0,1,108,104,0,0,79,4a424577,c79f418b
181,21,26,5,0,2100000181,1,1,1,1303,1,13,0,29,3990,0,STEADY,435,2.54592,4.39022,0.134345,0,0.158621,31,1,7,20,0,0,2,108,111,0,0,57,4a424577,c79f418b
182,22,27,0,0,2100000182,0,2,1,816,1,157,0,14,3470,0,STEADY,272,4.50947,6.02485,0.208029,0.161765,0.143382,0,0,2,7,4,0,1,145,18,0,70,50,4a424577,c79f418b
182,22,27,0,0,2100000182,1,2,1,923,1,90,0,15,3780,0,STEADY,308,4.39429,3.69377,0.198474,0.188312,0.246753,0,0,3,8,4,0,0,145,85,0,51,149,4a424577,c79f418b
183,23,28,1,0,2100000183,0,3,1,622,1,82,0,15,2250,0,STEADY,208,3.19952,6.66343,0.294207,0.134615,0.0432692,0,0,8,5,1,0,1,107,40,17,0,56,4a424577,c79f418b
183,23,28,1,0,2100000183,1,3,1,367,1,60,0,10,1600,0,STEADY,123,3.70176,4.96928,0.390488,0.186992,0,0,0,4,4,1,0,1,95,60,15,0,20,4a424577,c79f418b
184,24,29,2,0,2100000184,0,0,1,1954,1,59,0,39,5920,0,STEADY,652,3.3456,2.04912,0.122347,0.483129,0.263804,0,0,28,5,4,2,0,102,66,0,12,521,4a424577,c79f418b
184,24,29,2,0,2100000184,1,0,1,1699,1,28,0,36,5040,0,STEADY,567,3.2119,2.22782,0.126966,0.412698,0.241623,64,12,28,2,0,3,3,102,97,0,0,477,4a424577,c79f418b
185,25,30,3,0,2100000185,0,1,0,1560,1,0,48,29,5020,0,STEADY,520,4.18536,3.61514,0.15399,0.296154,0.05,139,26,3,18,3,0,5,77,104,0,24,333,4a424577,c79f418b
185,25,30,3,0,2100000185,1,1,0,877,1,0,55,17,2960,0,STEADY,293,4.22997,2.96854,0.229181,0.293515,0.00682594,94,0,1,12,1,0,3,70,104,0,0,265,4a424577,c79f418b
186,26,31,4,0,2100000186,0,2,1,616,1,9,0,15,2260,0,STEADY,206,3.55513,4.12242,0.293956,0.208738,0.0631068,31,1,7,6,0,0,2,141,99,0,0,108,4a424577,c79f418b
186,26,31,4,0,2100000186,1,2,0,577,1,0,8,14,2130,0,STEADY,193,3.21026,5.80056,0.298031,0.150259,0.0673575,32,7,7,5,1,0,1,124,108,0,0,79,4a424577,c79f418b
187,27,32,5,0,2100000187,0,3,1,1379,2,128,70,26,4550,0,STEADY,460,5.01004,2.99799,0.179076,0.43913,0.169565,0,0,23,1,0,0,2,51,17,0,0,600,4a424577,c79f418b
187,27,32,5,0,2100000187,1,3,1,1609,1,60,0,30,5290,0,STEADY,537,4.10383,2.77987,0.163482,0.335196,0.24581,0,0,25,1,0,0,4,121,85,0,0,274,4a424577,c79f418b
188,28,33,0,0,2100000188,0,0,1,566,1,78,0,12,2270,0,STEADY,189,5.66881,3.31165,0.24828,0.365079,0.0793651,0,0,1,8,1,0,2,152,33,0,0,36,4a424577,c79f418b
188,28,33,0,0,2100000188,1,0,1,436,1,15,0,10,1900,0,STEADY,146,4.05349,2.12025,0.296849,0.273973,0.417808,20,12,2,6,0,0,2,152,96,0,0,180,4a424577,c79f418b
189,29,34,1,0,2100000189,0,1,0,858,1,0,89,17,3040,0,STEADY,286,4.04443,3.2635,0.238969,0.258741,0.321678,75,30,6,2,3,0,6,51,102,0,25,187,4a424577,c79f418b
189,29,34,1,0,2100000189,1,1,0,1642,1,0,11,33,5080,0,STEADY,548,3.70208,2.5733,0.185319,0.328467,0.239051,54,8,22,3,6,0,2,129,102,0,43,119,4a424577,c79f418b
190,30,35,2,0,2100000190,0,2,1,944,1,116,0,25,2950,0,STEADY,315,3.66547,6.15475,0.166511,0.0571429,0.0285714,0,0,21,2,0,0,2,101,9,0,0,58,4a424577,c79f418b
190,30,35,2,0,2100000190,1,2,1,470,1,125,0,14,1850,0,STEADY,157,4.2913,4.54392,0.319713,0.11465,0.044586,0,0,11,2,0,0,1,101,0,0,0,40,4a424577,c79f418b
191,31,36,3,0,2100000191,0,3,0,590,1,0,29,14,2040,0,STEADY,197,3.90738,2.29574,0.278198,0.390863,0.0253807,64,0,8,4,0,0,2,64,132,0,0,132,4a424577,c79f418b
191,31,36,3,0,2100000191,1,3,0,674,1,0,78,16,2330,0,STEADY,225,4.38365,2.66972,0.302067,0.475556,0.04,77,0,9,5,0,0,2,15,132,0,0,86,4a424577,c79f418b
192,32,37,4,0,2100000192,0,0,0,2641,1,0,31,48,8380,0,STEADY,881,2.71695,9.25389,0.082412,0.014756,0.110102,80,0,45,0,1,1,1,17,121,0,0,0,4a424577,c79f418b
192,32,37,4,0,2100000192,1,0,0,1537,1,0,36,29,5220,0,STEADY,513,1.6366,1.41384,0.0995419,0.0409357,0.037037,174,0,26,1,1,1,0,114,121,0,0,78,4a424577,c79f418b
193,33,38,5,0,2100000193,0,1,1,394,1,86,0,9,1550,0,STEADY,132,5.4078,3.76005,0.451136,0.19697,0.106061,0,0,3,2,3,0,1,104,66,0,0,86,4a424577,c79f418b
193,33,38,5,0,2100000193,1,1,1,742,1,114,0,17,2560,0,STEADY,248,3.27271,6.10764,0.238206,0.104839,0.0524194,0,0,4,2,10,0,1,104,38,0,0,58,4a424577,c79f418b
194,34,39,0,0,2100000194,0,2,1,1240,1,104,0,24,4210,0,STEADY,414,3.92579,5.86313,0.217572,0.253623,0.0821256,0,0,0,21,0,1,2,114,36,0,0,46,4a424577,c79f418b
194,34,39,0,0,2100000194,1,2,1,625,1,54,0,15,2250,0,STEADY,209,3.38268,2.31381,0.290718,0.435407,0.129187,15,0,8,5,0,1,1,114,86,0,0,184,4a424577,c79f418b
195,35,0,1,0,2100000195,0,3,1,1330,1,31,0,27,4450,0,STEADY,444,3.50517,5.50457,0.132894,0.0045045,0.0427928,34,0,21,4,0,1,1,109,70,0,10,55,4a424577,c79f418b
195,35,0,1,0,2100000195,1,3,1,2122,1,6,0,41,6710,0,STEADY,708,3.36905,6.2064,0.0996822,0.00282486,0.0960452,31,0,31,7,0,1,2,105,95,0,10,42,4a424577,c79f418b
196,36,1,2,0,2100000196,0,0,0,905,1,0,102,18,3230,0,STEADY,302,4.60373,2.59918,0.151358,0.115894,0.519868,96,71,2,15,0,0,1,34,93,0,0,160,4a424577,c79f418b
196,36,1,2,0,2100000196,1,0,0,715,1,0,81,15,2720,0,STEADY,239,3.43532,2.09758,0.175188,0.334728,0.238494,95,28,2,12,0,0,1,55,93,0,0,149,4a424577,c79f418b
197,37,2,3,0,2100000197,0,1,1,994,1,103,0,19,3430,0,STEADY,332,4.3789,6.95398,0.220482,0.063253,0.256024,0,0,15,0,2,0,2,94,47,0,0,84,4a424577,c79f418b
197,37,2,3,0,2100000197,1,1,1,639,1,19,0,14,2510,0,STEADY,213,3.20725,4.44977,0.261948,0.056338,0.0187793,37,0,11,0,1,0,2,94,131,0,0,8,4a424577,c79f418b
198,38,3,4,0,2100000198,0,2,0,776,1,0,30,16,2780,0,STEADY,259,4.4453,2.46282,0.284826,0.737452,0.0810811,96,0,8,6,0,0,2,76,104,0,0,211,4a424577,c79f418b
198,38,3,4,0,2100000198,1,2,1,430,1,49,0,10,1850,0,STEADY,144,4.69528,2.82714,0.384132,0.673611,0.0625,0,0,4,4,0,1,1,106,55,0,0,88,4a424577,c79f418b
199,39,4,5,0,2100000199,0,3,1,940,1,3,0,19,3160,0,STEADY,314,3.87026,3.34879,0.315669,0.194268,0.0382166,84,0,10,3,0,4,2,123,111,0,15,115,4a424577,c79f418b
199,39,4,5,0,2100000199,1,3,0,990,1,0,3,21,3120,0,STEADY,330,3.05638,5.39427,0.209303,0.0909091,0.0242424,52,0,15,2,1,2,1,120,114,0,0,30,4a424577,c79f418b
200,0,12,1,0,2100000200,0,1,1,600,1,36,0,15,2130,0,STEADY,200,3.2324,2.07962,0.29325,0.145,0.255,4,4,9,5,0,0,1,111,77,0,0,101,4a424577,c79f418b
200,0,12,1,0,2100000200,1,1,0,1501,1,0,60,30,4900,0,STEADY,501,3.95683,8.13546,0.234142,0.123752,0.383234,152,56,12,7,0,1,10,51,113,0,0,27,4a424577,c79f418b
201,1,13,2,0,2100000201,0,2,0,727,1,0,37,15,2670,0,STEADY,243,5.03427,5.25909,0.255165,0.308642,0,146,0,2,8,1,2,2,67,150,14,22,77,4a424577,c79f418b
201,1,13,2,0,2100000201,1,2,1,745,1,11,0,17,2520,0,STEADY,249,3.64587,2.11272,0.220542,0.445783,0,74,0,10,5,1,1,0,104,137,12,40,182,4a424577,c79f418b
202,2,14,3,0,2100000202,0,3,1,929,1,28,0,18,3340,0,STEADY,310,3.32163,4.1254,0.217597,0.441935,0.16129,116,15,4,14,0,0,0,113,66,0,0,35,4a424577,c79f418b
202,2,14,3,0,2100000202,1,3,1,1500,1,28,0,27,5040,0,STEADY,500,3.05016,9.44155,0.13911,0.37,0.59,274,176,6,20,0,0,1,113,66,0,0,0,4a424577,c79f418b
203,3,15,4,0,2100000203,0,0,0,1105,1,0,8,22,3850,0,STEADY,369,2.74602,4.64134,0.177453,0.281843,0.0325203,58,0,19,0,1,1,1,110,106,0,0,14,4a424577,c79f418b
203,3,15,4,0,2100000203,1,0,1,982,1,22,0,20,3490,0,STEADY,328,2.50923,5.25173,0.172104,0.277439,0.00609756,25,0,17,0,0,1,2,118,84,0,12,0,4a424577,c79f418b
204,4,16,5,0,2100000204,0,1,0,1605,1,0,115,32,5550,0,STEADY,535,4.87063,6.33228,0.291196,0.295327,0.0728972,133,3,2,23,0,1,6,0,123,0,0,0,4a424577,c79f418b
204,4,16,5,0,2100000204,1,1,0,1420,1,0,59,29,4980,0,STEADY,474,4.40042,5.02146,0.20146,0.316456,0.0780591,149,1,2,22,0,0,5,56,123,0,0,240,4a424577,c79f418b
205,5,17,0,0,2100000205,0,2,1,517,1,79,0,12,2040,0,STEADY,173,3.49734,2.45591,0.274827,0.387283,0.300578,0,0,6,2,1,2,1,94,62,0,0,284,4a424577,c79f418b
205,5,17,0,0,2100000205,1,2,1,2146,1,42,0,39,6880,0,STEADY,716,2.94418,6.88953,0.171795,0.24581,0.0656425,35,0,18,13,0,6,2,95,99,0,28,86,4a424577,c79f418b
206,6,18,1,0,2100000206,0,3,1,1509,1,65,0,29,5100,0,STEADY,503,3.4857,3.70411,0.12665,0.00596421,0.2167,0,0,27,1,1,0,0,129,66,0,0,198,4a424577,c79f418b
206,6,18,1,0,2100000206,1,3,1,1281,1,33,0,25,4410,0,STEADY,427,2.65624,5.51093,0.137178,0.0140515,0.114754,32,13,22,0,1,0,2,129,98,0,0,5,4a424577,c79f418b
207,7,19,2,0,2100000207,0,0,1,325,1,70,0,9,1430,0,STEADY,109,2.9634,3.2513,0.296055,0.119266,0.00917431,0,0,5,2,0,1,1,132,30,0,0,21,4a424577,c79f418b
207,7,19,2,0,2100000207,1,0,1,472,1,85,0,12,1870,0,STEADY,158,2.59163,4.15556,0.2225,0.0822785,0.0126582,0,0,7,2,0,1,2,132,15,0,0,0,4a424577,c79f418b
208,8,20,3,0,2100000208,0,1,0,440,1,0,61,9,1520,0,STEADY,147,6.18791,2.82319,0.449796,0.217687,0.272109,28,16,4,1,2,0,2,9,116,0,10,214,4a424577,c79f418b
208,8,20,3,0,2100000208,1,1,0,931,1,0,21,19,2990,0,STEADY,311,4.16864,4.71287,0.228666,0.234727,0.163987,49,11,11,1,6,0,1,73,116,0,10,77,4a424577,c79f418b
209,9,21,4,0,2100000209,0,2,1,982,1,115,0,21,3280,0,STEADY,328,3.05922,3.55479,0.175991,0.0304878,0.0426829,0,0,4,14,0,1,2,124,34,0,0,32,4a424577,c79f418b
209,9,21,4,0,2100000209,1,2,1,1909,1,98,0,37,6000,0,STEADY,637,3.06534,7.19333,0.122221,0.00941915,0.0235479,0,0,9,23,0,2,3,124,51,0,0,11,4a424577,c79f418b
210,10,22,5,0,2100000210,0,3,1,2286,1,60,0,42,7290,0,STEADY,762,2.39173,8.54932,0.123609,0.0223097,0.104987,0,0,39,1,1,0,1,157,64,0,0,80,4a424577,c79f418b
210,10,22,5,0,2100000210,1,3,1,2566,1,85,0,47,8060,0,STEADY,856,1.76483,10.0134,0.105333,0.0268692,0.126168,0,0,44,2,0,0,1,128,39,0,0,0,4a424577,c79f418b
211,11,23,0,0,2100000211,0,0,1,1808,1,22,0,30,6200,0,STEADY,603,3.58952,4.00909,0.197106,0.237148,0.104478,236,39,7,19,0,3,1,122,119,24,20,118,4a424577,c79f418b
211,11,23,0,0,2100000211,1,0,0,1990,1,0,62,33,6720,0,STEADY,664,3.33863,6.11938,0.235173,0.28012,0.0662651,236,4,9,21,0,1,2,54,117,0,0,2,4a424577,c79f418b
212,12,24,1,0,2100000212,0,1,0,277,1,0,43,8,1470,0,STEADY,93,3.42382,3.17908,0.421129,0.322581,0.193548,28,16,3,1,2,1,1,82,111,0,0,33,4a424577,c79f418b
212,12,24,1,0,2100000212,1,1,0,394,1,0,2,10,1710,0,STEADY,132,3.26606,3.35773,0.315871,0.166667,0.409091,32,10,5,1,2,1,1,123,111,0,0,78,4a424577,c79f418b
213,13,25,2,0,2100000213,0,2,1,630,1,6,0,14,2480,0,STEADY,210,4.1377,4.45343,0.201333,0.433333,0.114286,58,19,11,1,1,0,1,104,98,0,0,27,4a424577,c79f418b
213,13,25,2,0,2100000213,1,2,1,688,1,13,0,15,2680,0,STEADY,230,4.49191,2.79855,0.182391,0.391304,0.217391,113,39,12,0,1,0,2,104,91,0,0,218,4a424577,c79f418b
214,14,26,3,0,2100000214,0,3,1,946,1,31,0,21,2960,0,STEADY,316,2.58737,4.76228,0.308228,0.0443038,0.0443038,114,0,4,12,1,1,3,108,82,0,17,0,4a424577,c79f418b
214,14,26,3,0,2100000214,1,3,1,639,1,49,0,15,2200,0,STEADY,213,2.92854,4.77612,0.322019,0.0375587,0.0140845,0,0,2,9,2,1,1,108,64,0,0,43,4a424577,c79f418b
215,15,27,4,0,2100000215,0,0,0,948,1,0,85,20,3090,0,STEADY,316,3.68153,3.13045,0.223038,0.335443,0.123418,58,0,8,9,0,2,1,60,118,0,26,155,4a424577,c79f418b
215,15,27,4,0,2100000215,1,0,0,741,1,0,25,17,2580,0,STEADY,247,3.83153,3.46894,0.277126,0.352227,0.0323887,39,2,8,6,0,1,2,120,118,0,0,190,4a424577,c79f418b
216,16,28,5,0,2100000216,0,1,0,1249,1,0,57,24,4280,0,STEADY,417,2.7926,9.87709,0.198921,0.0407674,0.00239808,187,0,20,2,0,0,2,54,115,0,0,0,4a424577,c79f418b
216,16,28,5,0,2100000216,1,1,1,1545,1,101,0,29,5140,0,STEADY,515,2.08229,7.72381,0.142107,0.0368932,0.023301,0,0,26,2,1,0,0,111,14,0,0,0,4a424577,c79f418b
217,17,29,0,0,2100000217,0,2,1,853,1,65,0,17,2860,0,STEADY,285,2.89279,4.384,0.243035,0.154386,0.0596491,0,0,6,2,0,5,4,102,43,24,0,6,4a424577,c79f418b
217,17,29,0,0,2100000217,1,2,1,542,1,91,0,11,2100,0,STEADY,181,3.20001,5.29716,0.318729,0.359116,0.00552486,0,0,2,1,0,5,3,102,31,16,0,0,4a424577,c79f418b
218,18,30,1,0,2100000218,0,3,1,1268,1,17,0,23,3370,0,STEADY,423,3.93519,3.91233,0.201303,0.0283688,0.158392,222,40,19,2,0,0,2,104,112,0,0,209,4a424577,c79f418b
218,18,30,1,0,2100000218,1,3,1,631,1,90,0,15,2330,0,STEADY,211,4.76582,3.92219,0.279441,0.0853081,0.0616114,0,0,11,2,0,0,2,122,39,0,0,54,4a424577,c79f418b
219,19,31,2,0,2100000219,0,0,0,929,1,0,6,19,3290,0,STEADY,310,4.6008,2.83034,0.167242,0.277419,0.33871,57,39,17,0,0,1,1,135,132,0,10,270,4a424577,c79f418b
219,19,31,2,0,2100000219,1,0,1,651,1,69,0,14,2510,0,STEADY,217,4.37689,2.64677,0.226613,0.35023,0.147465,0,0,11,1,0,1,1,141,63,0,18,102,4a424577,c79f418b
220,20,32,3,0,2100000220,0,1,0,1237,1,0,53,20,4570,0,STEADY,413,5.70012,6.22154,0.307603,0.198547,0.118644,114,36,5,5,1,4,5,68,102,0,22,34,4a424577,c79f418b
220,20,32,3,0,2100000220,1,1,1,497,1,73,0,10,2180,0,STEADY,166,5.63666,2.27034,0.32244,0.439759,0.0301205,0,0,5,2,1,2,0,121,29,0,13,280,4a424577,c79f418b
221,21,33,4,0,2100000221,0,2,0,505,1,0,26,13,1950,0,STEADY,169,2.50958,3.52322,0.215503,0.0295858,0.142012,32,3,3,7,0,0,3,126,124,0,0,18,4a424577,c79f418b
221,21,33,4,0,2100000221,1,2,0,412,1,0,47,11,1700,0,STEADY,138,2.55947,2.63574,0.251051,0.0362319,0.224638,32,4,2,6,1,0,2,105,124,0,0,52,4a424577,c79f418b
222,22,34,5,0,2100000222,0,3,0,1720,1,0,92,26,5710,0,STEADY,574,3.31418,5.04957,0.191606,0.198606,0.221254,172,29,3,5,6,0,12,48,175,0,38,0,4a424577,c79f418b
222,22,34,5,0,2100000222,1,3,0,972,2,158,140,14,3070,0,STEADY,324,6.59642,6.05625,0.35188,0.141975,0.54321,0,0,0,3,4,0,7,0,17,0,8,42,4a424577,c79f418b
223,23,35,0,0,2100000223,0,0,1,1282,1,71,0,26,4180,0,STEADY,428,2.8396,5.38733,0.142103,0.14486,0.0116822,0,0,8,14,1,0,3,101,44,10,0,0,4a424577,c79f418b
223,23,35,0,0,2100000223,1,0,1,1180,1,43,0,24,3980,0,STEADY,394,3.33646,4.05324,0.18736,0.177665,0.0253807,15,0,4,18,1,0,1,101,72,10,0,39,4a424577,c79f418b
224,24,36,1,0,2100000224,0,1,1,319,1,55,0,8,1480,0,STEADY,107,4.04557,2.74679,0.423131,0.364486,0.046729,0,0,3,2,1,1,1,93,70,0,20,81,4a424577,c79f418b
224,24,36,1,0,2100000224,1,1,1,1468,1,20,0,27,4920,0,STEADY,490,4.08331,4.21946,0.172469,0.273469,0.00408163,107,2,11,8,2,4,2,93,105,0,15,0,4a424577,c79f418b
225,25,37,2,0,2100000225,0,2,0,1430,1,0,115,27,4800,0,STEADY,477,3.73455,3.52717,0.228836,0.312369,0.0859539,316,24,0,20,3,0,4,35,104,0,55,174,4a424577,c79f418b
225,25,37,2,0,2100000225,1,2,0,2194,1,0,9,41,6910,0,STEADY,732,3.38883,3.98235,0.145048,0.26776,0.0806011,55,0,6,27,3,0,5,141,104,0,19,125,4a424577,c79f418b
226,26,38,3,0,2100000226,0,3,1,1667,1,27,0,32,5150,0,STEADY,556,3.9033,3.78348,0.15848,0.160072,0.356115,153,65,9,19,1,0,3,104,81,0,0,565,4a424577,c79f418b
226,26,38,3,0,2100000226,1,3,1,1447,1,108,0,29,4590,0,STEADY,483,3.71506,6.91246,0.166884,0.161491,0.124224,0,0,10,15,1,0,3,104,0,0,0,20,4a424577,c79f418b
227,27,39,4,0,2100000227,0,0,1,2055,1,56,0,38,6610,0,STEADY,685,3.73173,2.51581,0.127182,0.357664,0.389781,20,0,35,1,0,1,1,114,89,0,0,383,4a424577,c79f418b
227,27,39,4,0,2100000227,1,0,1,2169,1,45,0,40,6930,0,STEADY,723,3.67206,3.58321,0.124979,0.381743,0.29184,42,17,37,1,0,0,2,114,100,0,0,126,4a424577,c79f418b
228,28,0,5,0,2100000228,0,1,1,411,1,95,0,9,1730,0,STEADY,137,6.44914,4.25519,0.400511,0.540146,0.116788,0,0,1,6,1,0,1,113,16,0,0,0,4a424577,c79f418b
228,28,0,5,0,2100000228,1,1,1,507,1,50,0,10,2010,0,STEADY,169,5.38949,2.85232,0.353195,0.627219,0.0710059,0,0,4,5,0,0,1,113,61,0,0,109,4a424577,c79f418b
229,29,1,0,0,2100000229,0,2,0,976,1,0,96,19,3440,0,STEADY,326,3.49403,2.96633,0.209954,0.319018,0.279141,131,54,7,1,5,0,6,54,102,0,22,92,4a424577,c79f418b
229,29,1,0,0,2100000229,1,2,0,1295,1,0,108,25,4360,0,STEADY,432,3.42413,2.60701,0.208287,0.282407,0.217593,77,14,12,2,8,0,3,28,102,0,22,63,4a424577,c79f418b
230,30,2,1,0,2100000230,0,3,1,266,1,71,0,7,1430,0,STEADY,89,6.44719,2.99904,0.549225,0.337079,0,0,0,3,3,0,1,0,94,54,0,12,60,4a424577,c79f418b
230,30,2,1,0,2100000230,1,3,0,247,1,0,23,7,1430,0,STEADY,83,7.1862,2.90046,0.492843,0.277108,0.216867,13,13,3,3,0,1,0,71,125,0,20,110,4a424577,c79f418b
231,31,3,2,0,2100000231,0,0,0,933,1,0,57,21,3010,0,STEADY,311,3.51011,2.7049,0.199743,0.299035,0.0868167,116,7,13,5,0,0,3,49,132,0,0,191,4a424577,c79f418b
231,31,3,2,0,2100000231,1,0,1,913,1,8,0,21,3010,0,STEADY,305,3.63465,2.48978,0.184295,0.327869,0.177049,150,14,13,5,0,0,3,94,124,0,0,194,4a424577,c79f418b
232,32,4,3,0,2100000232,0,1,1,2394,1,70,0,44,7700,0,STEADY,798,2.15741,7.81037,0.0880388,0.0200501,0.0225564,0,0,41,0,1,1,1,85,51,0,0,0,4a424577,c79f418b
232,32,4,3,0,2100000232,1,1,1,821,1,31,0,17,3110,0,STEADY,274,2.75877,7.23501,0.146478,0.0656934,0.0766423,74,10,14,0,1,1,1,123,90,0,0,49,4a424577,c79f418b
233,33,5,4,0,2100000233,0,2,1,1018,1,80,0,23,3280,0,STEADY,340,2.95757,2.36349,0.168309,0.0941176,0.373529,0,0,4,2,16,0,1,141,72,0,0,181,4a424577,c79f418b
233,33,5,4,0,2100000233,1,2,1,580,1,80,0,14,2180,0,STEADY,194,2.86366,2.753,0.244253,0.103093,0.108247,0,0,2,2,8,0,2,141,72,0,0,36,4a424577,c79f418b
234,34,6,5,0,2100000234,0,3,0,2287,1,0,8,44,6990,0,STEADY,763,5.25267,5.38105,0.120629,0.477064,0.034076,345,10,11,31,0,0,2,123,140,0,0,452,4a424577,c79f418b
234,34,6,5,0,2100000234,1,3,1,1966,1,78,0,37,6150,0,STEADY,656,5.14355,8.64957,0.176555,0.291159,0.0121951,0,0,4,31,0,0,2,119,62,0,0,0,4a424577,c79f418b
235,35,7,0,0,2100000235,0,0,0,2098,1,0,22,40,6690,0,STEADY,700,1.99107,2.10644,0.101843,0.00285714,0.337143,34,6,33,4,0,1,2,78,101,0,6,133,4a424577,c79f418b
235,35,7,0,0,2100000235,1,0,1,2158,1,21,0,41,6890,0,STEADY,720,1.75444,1.96702,0.0959583,0.00555556,0.268056,34,1,33,4,0,1,3,100,80,0,6,83,4a424577,c79f418b
236,36,8,1,0,2100000236,0,1,0,663,1,0,31,14,2550,0,STEADY,221,3.70649,5.42726,0.191629,0.307692,0.113122,38,5,2,11,0,1,0,85,93,0,12,77,4a424577,c79f418b
236,36,8,1,0,2100000236,1,1,0,554,1,0,34,12,2180,0,STEADY,185,4.17734,2.08444,0.216351,0.172973,0.394595,30,19,2,10,0,0,0,82,93,0,0,280,4a424577,c79f418b
237,37,9,2,0,2100000237,0,2,0,2332,1,0,7,43,7480,0,STEADY,778,3.10879,2.84478,0.120668,0.0462725,0.53856,97,63,41,1,1,0,0,142,150,0,0,159,4a424577,c79f418b
237,37,9,2,0,2100000237,1,2,1,1188,1,96,0,23,4080,0,STEADY,396,4.1239,4.1824,0.149394,0.0580808,0.348485,0,0,20,0,2,0,1,153,54,0,0,113,4a424577,c79f418b
238,38,10,3,0,2100000238,0,3,0,760,1,0,27,15,2730,0,STEADY,254,5.20108,2.51166,0.287008,0.712598,0.161417,116,25,7,5,0,1,2,97,104,0,0,332,4a424577,c79f418b
238,38,10,3,0,2100000238,1,3,0,954,1,0,101,19,3440,0,STEADY,318,6.06586,4.69191,0.256352,0.578616,0.0849057,41,0,10,5,0,1,3,23,104,0,0,0,4a424577,c79f418b
239,39,11,4,0,2100000239,0,0,0,769,1,0,1,17,2680,0,STEADY,257,2.84411,2.14807,0.224669,0.155642,0.0972763,48,0,11,1,1,3,1,128,114,0,8,158,4a424577,c79f418b
239,39,11,4,0,2100000239,1,0,0,643,1,0,16,14,2400,0,STEADY,215,3.01695,3.66204,0.258419,0.195349,0.0186047,48,0,7,1,1,3,2,113,114,0,8,72,4a424577,c79f418b
240,0,19,0,1,2100000240,0,2,1,1350,1,83,0,27,4270,0,STEADY,450,3.67287,5.2242,0.181667,0.166667,0.133333,0,0,9,16,0,1,1,132,30,0,0,120,4a424577,c79f418b
240,0,19,0,1,2100000240,1,2,1,1324,1,66,0,28,4120,0,STEADY,442,3.53131,4.19442,0.161652,0.11086,0.176471,0,0,16,9,0,1,2,132,47,0,0,128,4a424577,c79f418b
241,1,20,1,1,2100000241,0,3,1,421,1,63,0,10,1620,0,STEADY,141,4.81041,3.40696,0.341879,0.432624,0.0283688,0,0,4,2,0,1,3,54,73,0,0,92,4a424577,c79f418b
241,1,20,1,1,2100000241,1,3,0,931,1,0,82,19,3130,0,STEADY,311,4.23797,2.05056,0.264196,0.440514,0.135048,205,27,5,9,0,3,2,0,136,0,72,286,4a424577,c79f418b
242,2,21,2,1,2100000242,0,0,1,686,1,49,0,14,2620,0,STEADY,229,4.67037,4.65391,0.21441,0.41048,0.148472,0,0,3,10,0,0,1,124,45,0,0,46,4a424577,c79f418b
242,2,21,2,1,2100000242,1,0,1,622,1,79,0,13,2450,0,STEADY,208,4.55568,4.73264,0.230986,0.490385,0.245192,0,0,3,9,0,0,1,124,15,0,0,134,4a424577,c79f418b
243,3,22,3,1,2100000243,0,1,1,2700,3,28,76,49,8390,0,STEADY,900,2.57402,1.92869,0.106061,0.354444,0.172222,342,80,47,0,0,1,1,99,78,0,0,580,4a424577,c79f418b
243,3,22,3,1,2100000243,1,1,1,2700,3,28,43,49,8390,0,STEADY,900,2.46667,2.08902,0.0989056,0.347778,0.158889,342,80,47,0,0,1,1,132,78,0,0,419,4a424577,c79f418b
244,4,23,4,1,2100000244,0,2,0,2008,1,0,76,41,7000,0,STEADY,670,3.51054,7.53493,0.164391,0.259701,0.191045,237,25,6,24,0,1,10,42,123,0,0,36,4a424577,c79f418b
244,4,23,4,1,2100000244,1,2,0,1578,1,0,59,34,5440,0,STEADY,526,3.65389,2.10654,0.162369,0.536122,0.15019,124,29,10,21,1,1,1,60,123,0,0,324,4a424577,c79f418b
245,5,24,5,1,2100000245,0,3,1,907,1,51,0,19,2800,0,STEADY,303,3.90625,6.45147,0.325611,0.429043,0.128713,15,0,14,2,1,2,0,125,90,0,7,0,4a424577,c79f418b
245,5,24,5,1,2100000245,1,3,1,592,1,81,0,13,2160,0,STEADY,198,3.72756,2.38757,0.373207,0.5,0.0757576,0,0,7,2,1,2,1,125,60,0,20,159,4a424577,c79f418b
246,6,25,0,1,2100000246,0,0,1,1388,1,131,0,27,4720,0,STEADY,463,4.73455,3.60886,0.13703,0.0302376,0.429806,0,0,25,0,1,0,1,104,0,0,0,110,4a424577,c79f418b
246,6,25,0,1,2100000246,1,0,1,1479,1,110,0,28,4980,0,STEADY,493,5.04799,6.6274,0.126055,0.0263692,0.401623,0,0,25,1,1,1,0,104,21,0,0,100,4a424577,c79f418b
247,7,26,1,1,2100000247,0,1,1,1243,1,35,0,28,3930,0,STEADY,415,2.71112,5.05029,0.114145,0.053012,0.0240964,143,3,21,4,1,1,1,108,65,0,0,30,4a424577,c79f418b
247,7,26,1,1,2100000247,1,1,1,1291,1,48,0,29,3980,0,STEADY,431,2.72401,2.70906,0.119838,0.0649652,0.0232019,0,0,22,5,0,1,1,108,52,0,0,8,4a424577,c79f418b
248,8,27,2,1,2100000248,0,2,0,666,1,0,71,16,2330,0,STEADY,222,3.90599,2.32313,0.237072,0.216216,0.396396,78,33,5,1,9,0,1,74,116,0,0,313,4a424577,c79f418b
248,8,27,2,1,2100000248,1,2,1,1113,1,7,0,22,3800,0,STEADY,371,4.82487,6.25669,0.175067,0.272237,0.150943,165,25,17,1,2,1,1,145,109,0,10,88,4a424577,c79f418b
249,9,28,3,1,2100000249,0,3,1,2165,1,98,0,41,6670,0,STEADY,722,3.60315,5.7038,0.124079,0.034626,0.313019,0,0,9,25,1,1,5,111,51,0,0,330,4a424577,c79f418b
249,9,28,3,1,2100000249,1,3,0,1590,1,0,26,33,4670,0,STEADY,530,3.46637,4.64674,0.136632,0.0377358,0.307547,100,48,3,27,1,1,1,85,155,6,0,430,4a424577,c79f418b
250,10,29,4,1,2100000250,0,0,0,1093,1,0,3,22,3810,0,STEADY,365,2.86027,2.00664,0.151315,0.0876712,0.312329,170,61,19,2,0,0,1,99,124,0,0,166,4a424577,c79f418b
250,10,29,4,1,2100000250,1,0,1,649,1,76,0,14,2520,0,STEADY,217,3.40765,2.54276,0.198963,0.0967742,0.119816,0,0,11,2,1,0,0,102,48,0,0,143,4a424577,c79f418b
251,11,30,5,1,2100000251,0,1,1,925,1,54,0,19,3200,0,STEADY,309,3.85044,3.71332,0.245615,0.165049,0.0711974,0,0,10,4,1,2,2,125,75,12,10,30,4a424577,c79f418b
251,11,30,5,1,2100000251,1,1,1,1126,1,104,0,25,3480,0,STEADY,376,2.95904,4.23152,0.193231,0.0718085,0.0212766,0,0,20,2,0,2,1,125,13,0,0,20,4a424577,c79f418b
252,12,31,0,1,2100000252,0,2,1,448,1,41,0,11,1840,0,STEADY,150,3.01923,3.92272,0.2547,0.286667,0.126667,31,7,6,1,1,1,2,141,70,0,0,33,4a424577,c79f418b
252,12,31,0,1,2100000252,1,2,0,457,1,0,33,11,1830,0,STEADY,153,3.20227,3.53667,0.286078,0.143791,0.163399,32,9,6,1,2,1,1,99,111,0,0,4,4a424577,c79f418b
253,13,32,1,1,2100000253,0,3,1,1173,1,19,0,23,4110,0,STEADY,391,4.25394,2.58234,0.156777,0.317136,0.161125,133,9,19,0,2,0,2,121,85,0,0,331,4a424577,c79f418b
253,13,32,1,1,2100000253,1,3,0,593,1,0,29,13,2380,0,STEADY,198,5.07197,3.35706,0.232778,0.363636,0.222222,40,6,10,0,2,0,1,92,104,0,0,159,4a424577,c79f418b
254,14,33,2,1,2100000254,0,0,0,478,1,0,64,12,1800,0,STEADY,160,2.50884,2.53978,0.237094,0.03125,0.04375,32,0,3,5,1,1,2,88,113,0,0,13,4a424577,c79f418b
254,14,33,2,1,2100000254,1,0,1,924,1,5,0,20,3120,0,STEADY,308,2.15712,3.46086,0.191299,0.0357143,0.0454545,109,3,1,12,4,1,2,152,108,0,17,7,4a424577,c79f418b
255,15,34,3,1,2100000255,0,1,0,1177,1,0,56,25,3670,0,STEADY,393,3.60185,2.67808,0.222863,0.516539,0.0992366,176,20,14,7,0,1,3,84,118,0,24,66,4a424577,c79f418b
255,15,34,3,1,2100000255,1,1,1,987,2,54,108,20,2940,0,STEADY,329,4.23103,2.05709,0.246641,0.604863,0.0759878,0,0,11,6,0,2,1,32,64,0,15,600,4a424577,c79f418b
256,16,35,4,1,2100000256,0,2,1,709,1,67,0,15,2720,0,STEADY,237,3.26358,3.25487,0.189662,0.0759494,0.383966,0,0,12,1,1,0,1,101,48,0,0,60,4a424577,c79f418b
256,16,35,4,1,2100000256,1,2,1,994,1,115,0,20,3530,0,STEADY,332,3.52952,4.34746,0.152907,0.0240964,0.283133,0,0,17,1,0,0,2,101,0,0,0,61,4a424577,c79f418b
257,17,36,5,1,2100000257,0,3,1,592,1,20,0,13,1700,0,STEADY,198,4.41628,4.57453,0.38798,0.121212,0.176768,30,3,8,1,1,1,2,93,62,5,0,0,4a424577,c79f418b
257,17,36,5,1,2100000257,1,3,1,370,1,66,0,8,1480,0,STEADY,124,4.32288,3.38365,0.56879,0.193548,0.0322581,0,0,2,2,0,2,2,93,40,6,0,51,4a424577,c79f418b
258,18,37,0,1,2100000258,0,0,1,2700,3,39,9,45,6300,0,STEADY,900,3.39273,4.07562,0.104269,0.0355556,0.771111,15,8,40,2,0,0,3,126,90,0,0,203,4a424577,c79f418b
258,18,37,0,1,2100000258,1,0,1,2583,1,27,0,43,6020,0,STEADY,861,3.40443,3.05155,0.104693,0.0348432,0.583043,25,16,39,3,0,0,1,150,102,0,0,335,4a424577,c79f418b
259,19,38,1,1,2100000259,0,1,1,1998,1,7,0,36,6360,0,STEADY,666,4.75824,6.5527,0.151772,0.234234,0.28979,57,24,28,0,0,2,6,104,125,0,22,116,4a424577,c79f418b
259,19,38,1,1,2100000259,1,1,0,919,1,0,29,18,3120,0,STEADY,307,5.21949,2.86484,0.253713,0.312704,0.198697,55,19,16,0,0,1,1,75,132,0,22,328,4a424577,c79f418b
260,20,39,2,1,2100000260,0,2,1,1155,1,60,0,22,4150,0,STEADY,385,6.53983,2.75223,0.201948,0.412987,0.324675,0,0,17,2,0,2,1,114,42,0,0,430,4a424577,c79f418b
260,20,39,2,1,2100000260,1,2,1,1906,1,52,0,31,6130,0,STEADY,636,5.62757,5.24293,0.306211,0.482704,0.221698,0,0,24,5,0,1,1,91,50,0,10,381,4a424577,c79f418b
261,21,0,3,1,2100000261,0,3,1,477,1,119,0,11,1920,0,STEADY,159,3.84609,5.98207,0.32239,0.0251572,0.150943,0,0,8,1,1,0,1,113,5,0,0,24,4a424577,c79f418b
261,21,0,3,1,2100000261,1,3,1,1363,1,79,0,27,4420,0,STEADY,455,3.22055,6.68727,0.150703,0.0153846,0.140659,0,0,18,6,1,0,2,113,45,0,0,32,4a424577,c79f418b
262,22,1,4,1,2100000262,0,0,1,2700,3,87,112,46,9710,0,STEADY,900,2.79407,2.4373,0.145859,0.181111,0.264444,0,0,1,5,14,1,25,38,88,0,6,525,4a424577,c79f418b
262,22,1,4,1,2100000262,1,0,1,2700,3,7,95,48,9980,0,STEADY,900,2.12235,2.19986,0.135899,0.21,0.275556,388,122,1,4,15,0,28,26,168,0,11,89,4a424577,c79f418b
263,23,2,5,1,2100000263,0,1,1,568,1,29,0,12,1960,0,STEADY,190,3.9095,8.14143,0.375842,0.157895,0.0421053,27,0,5,4,2,0,1,94,90,14,0,20,4a424577,c79f418b
263,23,2,5,1,2100000263,1,1,1,649,1,86,0,15,2200,0,STEADY,217,2.98003,7.14164,0.284608,0.105991,0.0460829,0,0,9,4,1,0,1,94,30,11,0,0,4a424577,c79f418b
264,24,3,0,1,2100000264,0,2,1,1312,1,26,0,27,4120,0,STEADY,438,2.8877,4.335,0.163653,0.431507,0.139269,69,24,18,2,2,1,4,97,99,0,11,158,4a424577,c79f418b
264,24,3,0,1,2100000264,1,2,1,499,1,91,0,11,2000,0,STEADY,167,3.65736,2.76063,0.284162,0.197605,0.0538922,0,0,4,2,1,1,3,94,34,0,0,34,4a424577,c79f418b
265,25,4,1,1,2100000265,0,3,0,630,1,0,9,14,2190,0,STEADY,210,3.87749,2.52533,0.249595,0.319048,0.114286,60,11,5,7,1,0,1,127,104,0,0,166,4a424577,c79f418b
265,25,4,1,1,2100000265,1,3,0,646,1,0,67,14,2480,0,STEADY,216,4.98513,2.06797,0.366111,0.138889,0.356481,76,30,1,8,3,0,2,56,104,0,36,266,4a424577,c79f418b
266,26,5,2,1,2100000266,0,0,1,1303,1,72,0,28,4110,0,STEADY,435,3.13108,2.95748,0.152989,0.126437,0.349425,0,0,15,11,1,0,1,141,36,0,0,107,4a424577,c79f418b
266,26,5,2,1,2100000266,1,0,1,1588,1,18,0,33,4950,0,STEADY,530,3.07093,2.99275,0.130943,0.141509,0.460377,31,1,15,15,0,0,3,141,90,0,0,103,4a424577,c79f418b
267,27,6,3,1,2100000267,0,1,0,1790,1,0,46,33,5740,0,STEADY,597,5.4879,9.66903,0.185377,0.38191,0.0335008,97,0,30,1,0,0,2,85,145,0,0,53,4a424577,c79f418b
267,27,6,3,1,2100000267,1,1,0,2311,1,0,9,43,7370,0,STEADY,771,5.39468,9.28138,0.141219,0.357977,0.0376135,89,0,41,0,0,0,2,68,145,0,0,68,4a424577,c79f418b
268,28,7,4,1,2100000268,0,2,1,292,1,111,0,7,1430,0,STEADY,98,4.84008,2.78323,0.50949,0.561224,0.204082,0,0,3,3,0,0,1,100,0,0,0,66,4a424577,c79f418b
268,28,7,4,1,2100000268,1,2,1,269,1,101,0,7,1390,0,STEADY,90,4.45067,2.96767,0.465611,0.555556,0.155556,0,0,2,3,0,0,2,100,10,0,0,53,4a424577,c79f418b
269,29,8,5,1,2100000269,0,3,0,733,1,0,53,16,2600,0,STEADY,245,3.94848,5.22068,0.271143,0.37551,0.0816327,32,0,9,2,3,0,2,63,102,0,3,0,4a424577,c79f418b
269,29,8,5,1,2100000269,1,3,0,682,1,0,36,15,2480,0,STEADY,228,3.5643,3.28764,0.277544,0.342105,0.0921053,30,0,8,2,3,0,2,80,102,0,6,70,4a424577,c79f418b
270,30,9,0,1,2100000270,0,0,1,2404,1,47,0,60,6120,0,STEADY,802,4.86549,4.84494,0.133501,0.0486284,0.32793,1,1,57,3,0,0,0,152,78,0,0,205,4a424577,c79f418b
270,30,9,0,1,2100000270,1,0,1,1996,1,4,0,46,5340,0,STEADY,666,4.21789,9.55138,0.174532,0.130631,0.253754,57,8,41,5,0,0,0,107,121,0,0,0,4a424577,c79f418b
271,31,10,1,1,2100000271,0,1,0,2086,1,0,49,37,6630,0,STEADY,696,4.21084,7.59725,0.245884,0.267241,0.0962644,324,22,1,23,0,0,13,75,132,0,0,64,4a424577,c79f418b
271,31,10,1,1,2100000271,1,1,0,579,1,0,109,12,2230,0,STEADY,193,4.7837,2.60538,0.405415,0.42487,0.0880829,65,12,0,8,1,0,3,15,141,9,0,158,4a424577,c79f418b
272,32,11,2,1,2100000272,0,2,0,1111,1,0,36,22,3960,0,STEADY,371,2.55605,5.06427,0.116429,0.0592992,0.196765,97,19,19,0,1,1,1,105,121,0,0,49,4a424577,c79f418b
272,32,11,2,1,2100000272,1,2,1,1521,1,19,0,29,5100,0,STEADY,507,2.49889,4.86237,0.122032,0.0571992,0.185404,96,19,26,0,2,0,1,153,102,0,0,3,4a424577,c79f418b
273,33,12,3,1,2100000273,0,3,1,826,1,68,0,19,2800,0,STEADY,276,3.13762,4.52497,0.227101,0.0869565,0.224638,0,0,4,2,12,0,1,111,84,0,0,36,4a424577,c79f418b
273,33,12,3,1,2100000273,1,3,1,364,1,107,0,10,1600,0,STEADY,122,3.51344,2.40698,0.384918,0.0901639,0.0327869,0,0,4,1,4,0,1,111,45,0,0,23,4a424577,c79f418b
274,34,13,4,1,2100000274,0,0,1,414,1,65,0,10,1750,0,STEADY,138,4.58863,3.20866,0.470616,0.413043,0.0217391,0,0,1,7,0,1,1,104,75,0,0,128,4a424577,c79f418b
274,34,13,4,1,2100000274,1,0,1,877,1,14,0,20,2910,0,STEADY,293,4.1057,3.53902,0.271809,0.409556,0.0750853,56,14,11,7,0,0,2,104,126,0,0,315,4a424577,c79f418b
275,35,14,5,1,2100000275,0,1,0,792,1,0,17,18,2690,0,STEADY,264,2.97528,2.97405,0.218182,0.0833333,0.295455,67,24,7,9,1,1,0,96,101,0,0,113,4a424577,c79f418b
275,35,14,5,1,2100000275,1,1,0,801,1,0,19,18,2740,0,STEADY,267,2.90253,4.44125,0.182509,0.071161,0.258427,32,2,8,8,1,1,0,94,101,0,0,137,4a424577,c79f418b
276,36,15,0,1,2100000276,0,2,1,997,2,31,70,20,3570,0,STEADY,333,3.8855,1.9523,0.141562,0.216216,0.33033,154,73,2,17,0,0,1,78,62,0,0,600,4a424577,c79f418b
276,36,15,0,1,2100000276,1,2,1,591,1,29,0,13,2350,0,STEADY,197,3.53501,3.3596,0.191802,0.299492,0.142132,15,0,2,11,0,0,0,118,64,0,0,97,4a424577,c79f418b
277,37,16,1,1,2100000277,0,3,1,1081,1,124,0,21,3700,0,STEADY,361,4.39919,5.87252,0.174238,0.0249307,0.149584,0,0,18,0,1,0,2,115,26,0,0,47,4a424577,c79f418b
277,37,16,1,1,2100000277,1,3,1,1302,1,79,0,25,4380,0,STEADY,434,4.59062,3.91015,0.16,0.0299539,0.101382,0,0,22,0,1,0,2,115,71,0,0,95,4a424577,c79f418b
278,38,17,2,1,2100000278,0,0,1,1168,1,104,0,23,4050,0,STEADY,390,4.69263,4.59159,0.176731,0.564103,0.369231,0,0,11,8,1,0,3,126,0,0,0,0,4a424577,c79f418b
278,38,17,2,1,2100000278,1,0,1,1100,1,104,0,22,3800,0,STEADY,367,4.5472,6.26693,0.172234,0.583106,0.395095,0,0,11,9,0,0,2,162,0,0,0,0,4a424577,c79f418b
279,39,18,3,1,2100000279,0,1,1,604,1,51,0,13,2160,0,STEADY,202,3.10854,3.36408,0.310297,0.173267,0.0346535,0,0,7,1,1,2,2,129,63,0,25,71,4a424577,c79f418b
279,39,18,3,1,2100000279,1,1,1,775,1,4,0,17,2640,0,STEADY,259,2.8475,2.75069,0.214035,0.0965251,0,77,0,11,2,1,2,1,129,110,0,8,33,4a424577,c79f418b
280,0,26,5,1,2100000280,0,3,1,719,1,47,0,17,2450,0,STEADY,240,3.16853,4.67252,0.216812,0.129167,0.0958333,0,0,10,5,0,0,2,108,66,0,0,42,4a424577,c79f418b
280,0,26,5,1,2100000280,1,3,1,412,1,52,0,11,1680,0,STEADY,138,3.52538,2.82917,0.34163,0.144928,0.0507246,0,0,5,4,0,0,2,108,61,0,0,0,4a424577,c79f418b
281,1,27,0,1,2100000281,0,0,0,1180,1,0,112,23,3870,0,STEADY,394,3.88483,8.09205,0.177602,0.340102,0.00253807,117,0,2,19,0,1,1,33,136,0,52,141,4a424577,c79f418b
281,1,27,0,1,2100000281,1,0,0,467,1,0,55,12,1780,0,STEADY,156,3.18252,3.05596,0.246859,0.397436,0.0320513,49,0,7,2,0,1,2,90,136,0,10,9,4a424577,c79f418b
282,2,28,1,1,2100000282,0,1,1,362,1,45,0,8,1640,0,STEADY,121,8.6895,4.61258,0.42938,0.528926,0,0,0,4,4,0,0,0,95,49,0,0,0,4a424577,c79f418b
282,2,28,1,1,2100000282,1,1,0,286,1,0,29,7,1470,0,STEADY,96,9.39471,5.74481,0.471875,0.5625,0.0208333,26,2,4,3,0,0,0,66,94,0,0,0,4a424577,c79f418b
283,3,29,2,1,2100000283,0,2,0,1489,1,0,41,29,4990,0,STEADY,497,2.71857,2.47174,0.127042,0.259557,0.275654,95,44,27,0,0,1,1,61,106,0,0,340,4a424577,c79f418b
283,3,29,2,1,2100000283,1,2,0,1606,1,0,37,31,5330,0,STEADY,536,2.77874,1.85432,0.123871,0.268657,0.311567,251,95,29,0,0,1,1,65,106,0,0,391,4a424577,c79f418b
284,4,30,3,1,2100000284,0,3,0,1335,1,0,70,29,4600,0,STEADY,445,4.37931,3.40376,0.201335,0.359551,0.0674157,183,18,9,16,0,0,4,55,123,0,0,279,4a424577,c79f418b
284,4,30,3,1,2100000284,1,3,0,644,1,0,94,15,2540,0,STEADY,215,4.94276,2.39911,0.302605,0.404651,0.055814,82,5,2,10,0,1,2,31,123,0,0,217,4a424577,c79f418b
285,5,31,4,1,2100000285,0,0,1,625,1,57,0,14,2280,0,STEADY,209,3.5161,3.61053,0.330646,0.397129,0.0430622,0,0,8,3,0,2,1,141,84,0,3,119,4a424577,c79f418b
285,5,31,4,1,2100000285,1,0,1,2161,1,48,0,42,6640,0,STEADY,721,3.08352,4.95809,0.122545,0.402219,0.167822,143,52,24,3,1,8,6,126,93,0,38,14,4a424577,c79f418b
286,6,32,5,1,2100000286,0,1,1,2088,1,80,0,39,6800,0,STEADY,696,1.82285,4.34665,0.1175,0.0100575,0.0847701,0,0,37,1,1,0,0,121,51,0,0,259,4a424577,c79f418b
286,6,32,5,1,2100000286,1,1,1,1233,1,114,0,24,4240,0,STEADY,411,2.32914,5.58439,0.152348,0,0.0462287,0,0,21,0,1,0,2,121,17,0,0,40,4a424577,c79f418b
287,7,33,0,1,2100000287,0,2,0,547,1,0,10,13,2200,0,STEADY,183,3.3829,4.54297,0.18918,0.196721,0.010929,16,1,4,7,1,1,0,142,100,0,0,31,4a424577,c79f418b
287,7,33,0,1,2100000287,1,2,0,424,1,0,42,11,1770,0,STEADY,142,3.07928,2.67979,0.23169,0.0422535,0.112676,32,2,5,4,0,1,1,110,100,0,0,6,4a424577,c79f418b
288,8,34,1,1,2100000288,0,3,1,605,1,8,0,13,2190,0,STEADY,202,4.04475,2.94008,0.265396,0.207921,0.212871,112,19,8,1,3,1,0,140,108,0,10,151,4a424577,c79f418b
288,8,34,1,1,2100000288,1,3,1,1223,2,85,51,24,3940,0,STEADY,408,4.08695,1.92048,0.174559,0.328431,0.264706,0,0,15,1,6,1,1,89,31,0,10,600,4a424577,c79f418b
289,9,35,2,1,2100000289,0,0,1,2062,1,77,0,42,6190,0,STEADY,688,2.87361,4.01074,0.110945,0.00145349,0.175872,0,0,3,30,1,0,8,101,78,6,0,83,4a424577,c79f418b
289,9,35,2,1,2100000289,1,0,1,1477,1,117,0,32,4480,0,STEADY,493,2.86843,3.25077,0.116582,0,0.115619,0,0,3,26,0,1,2,110,32,0,0,119,4a424577,c79f418b
290,10,36,3,1,2100000290,0,1,1,483,1,84,0,11,2010,0,STEADY,161,4.41577,2.84493,0.340932,0.136646,0.118012,0,0,8,2,1,0,0,93,40,0,0,31,4a424577,c79f418b
290,10,36,3,1,2100000290,1,1,1,597,1,124,0,13,2350,0,STEADY,199,3.27252,4.41733,0.241181,0.0854271,0.0201005,0,0,10,2,1,0,0,93,0,0,0,45,4a424577,c79f418b
291,11,37,4,1,2100000291,0,2,0,1301,1,0,64,27,4160,0,STEADY,434,3.34653,4.33273,0.167316,0.133641,0.0253456,66,0,18,5,0,2,2,86,129,12,10,29,4a424577,c79f418b
291,11,37,4,1,2100000291,1,2,1,1723,1,7,0,37,5120,0,STEADY,575,2.90127,5.07221,0.11953,0.0991304,0.161739,273,40,30,3,0,2,2,150,122,12,10,198,4a424577,c79f418b
292,12,38,5,1,2100000292,0,3,0,909,1,0,11,18,2930,0,STEADY,303,3.919,7.21311,0.232706,0.161716,0.0660066,58,9,10,1,4,2,1,93,111,0,0,0,4a424577,c79f418b
292,12,38,5,1,2100000292,1,3,1,469,1,29,0,10,1720,0,STEADY,157,4.61117,4.52487,0.380127,0.235669,0.10828,20,7,5,1,1,1,2,104,82,0,0,30,4a424577,c79f418b
293,13,39,0,1,2100000293,0,0,1,882,1,42,0,18,3230,0,STEADY,294,3.82472,2.88506,0.178827,0.248299,0.554422,0,0,15,0,2,0,1,114,62,0,0,273,4a424577,c79f418b
293,13,39,0,1,2100000293,1,0,1,1052,1,24,0,21,3710,0,STEADY,351,4.75509,3.36872,0.147236,0.42735,0.319088,18,0,18,1,2,0,0,114,80,0,0,222,4a424577,c79f418b
294,14,0,1,1,2100000294,0,1,1,489,1,105,0,11,1680,0,STEADY,163,2.99501,6.52053,0.46138,0.0429448,0.0122699,0,0,1,6,1,2,1,105,8,0,0,11,4a424577,c79f418b
294,14,0,1,1,2100000294,1,1,1,354,1,77,0,8,1480,0,STEADY,118,3.35086,4.58777,0.533178,0.0932203,0.0254237,0,0,0,3,3,1,1,97,36,0,14,12,4a424577,c79f418b
295,15,1,2,1,2100000295,0,2,1,1353,2,65,136,29,4020,0,STEADY,451,3.41658,2.43373,0.140366,0.503326,0.155211,0,0,20,6,0,1,2,0,53,0,8,600,4a424577,c79f418b
295,15,1,2,1,2100000295,1,2,0,2651,1,0,124,50,8110,0,STEADY,884,3.24284,3.1505,0.126007,0.501131,0.156109,268,19,12,31,0,4,3,12,118,0,33,174,4a424577,c79f418b
296,16,2,3,1,2100000296,0,3,1,770,1,82,0,15,2900,0,STEADY,257,5.52964,8.21641,0.229183,0.198444,0.0505837,0,0,10,5,0,0,0,94,33,0,0,58,4a424577,c79f418b
296,16,2,3,1,2100000296,1,3,1,1435,1,95,0,26,4790,0,STEADY,479,4.36407,4.6409,0.158987,0.0375783,0.304802,0,0,23,2,0,1,0,94,20,0,0,176,4a424577,c79f418b
297,17,3,4,1,2100000297,0,0,1,595,1,29,0,15,2000,0,STEADY,199,3.35761,4.96243,0.24402,0.135678,0.125628,38,6,9,1,0,2,3,106,55,6,0,0,4a424577,c79f418b
297,17,3,4,1,2100000297,1,0,1,328,1,54,0,8,1360,0,STEADY,110,3.61471,4.73375,0.545364,0.281818,0.0272727,0,0,3,2,0,2,1,106,48,6,0,73,4a424577,c79f418b
298,18,4,5,1,2100000298,0,1,1,1228,1,7,0,23,3230,0,STEADY,410,3.57227,4.60257,0.176427,0.12439,0.265854,69,13,21,2,0,0,0,123,122,0,0,232,4a424577,c79f418b
298,18,4,5,1,2100000298,1,1,1,1292,1,8,0,24,3360,0,STEADY,431,3.25799,4.64114,0.182993,0.0881671,0.0835267,211,0,22,2,0,0,0,123,121,0,0,0,4a424577,c79f418b
299,19,5,0,1,2100000299,0,2,1,1576,1,39,0,30,5230,0,STEADY,526,3.91186,2.82904,0.127852,0.243346,0.380228,1,0,27,1,0,1,1,141,93,0,0,156,4a424577,c79f418b
299,19,5,0,1,2100000299,1,2,1,1543,1,60,0,29,5190,0,STEADY,515,3.08813,6.56469,0.153573,0.258252,0.440777,0,0,23,2,0,1,3,141,72,0,0,18,4a424577,c79f418b
300,20,6,1,1,2100000300,0,3,1,1982,1,91,0,25,5840,0,STEADY,661,8.30301,5.70781,0.646634,0.319213,0.0907716,0,0,9,8,1,5,2,95,11,0,22,44,4a424577,c79f418b
300,20,6,1,1,2100000300,1,3,0,724,1,0,68,13,2750,0,STEADY,242,6.93411,2.83343,0.308884,0.46281,0.157025,40,11,8,3,0,2,0,63,102,0,26,214,4a424577,c79f418b
301,21,7,2,1,2100000301,0,0,1,1303,1,44,0,27,4250,0,STEADY,435,2.8783,2.503,0.12977,0.0091954,0.485057,15,6,13,10,1,0,3,100,80,0,0,98,4a424577,c79f418b
301,21,7,2,1,2100000301,1,0,1,1537,1,74,0,30,5030,0,STEADY,513,2.79309,3.38113,0.130604,0.00584795,0.520468,0,0,23,4,1,0,2,100,50,0,0,39,4a424577,c79f418b
302,22,8,3,1,2100000302,0,1,1,2116,1,45,0,35,7940,0,STEADY,706,3.09605,4.15508,0.14847,0.206799,0.186969,146,19,11,8,11,0,5,96,130,0,46,111,4a424577,c79f418b
302,22,8,3,1,2100000302,1,1,1,1258,1,6,0,22,4830,0,STEADY,420,2.54081,2.12298,0.170671,0.188095,0.319048,172,55,8,3,6,0,5,116,169,0,63,278,4a424577,c79f418b
303,23,9,4,1,2100000303,0,2,1,1067,1,28,0,22,3620,0,STEADY,356,3.22498,4.03081,0.180913,0.205056,0.13764,76,10,5,14,1,0,2,151,95,18,0,130,4a424577,c79f418b
303,23,9,4,1,2100000303,1,2,1,1405,1,3,0,30,4410,0,STEADY,469,2.84721,3.83222,0.160597,0.185501,0.164179,31,13,15,13,0,0,2,151,115,13,0,379,4a424577,c79f418b
304,24,10,5,1,2100000304,0,3,0,813,1,0,107,14,2920,0,STEADY,271,5.38691,6.0336,0.300111,0.431734,0.0442804,40,7,2,6,1,3,2,17,125,0,20,0,4a424577,c79f418b
304,24,10,5,1,2100000304,1,3,0,1318,1,0,107,23,4320,0,STEADY,440,3.82315,4.31093,0.206011,0.268182,0.102273,158,12,6,4,1,5,7,17,125,0,36,93,4a424577,c79f418b
305,25,11,0,1,2100000305,0,0,1,1688,1,52,0,33,5380,0,STEADY,563,3.45537,3.19285,0.219982,0.31794,0.062167,0,0,7,22,2,0,2,177,52,0,0,305,4a424577,c79f418b
305,25,11,0,1,2100000305,1,0,0,2521,1,0,14,46,7940,0,STEADY,841,2.771,5.43437,0.173894,0.197384,0.135553,70,3,9,18,2,0,17,103,104,0,18,90,4a424577,c79f418b
306,26,12,1,1,2100000306,0,1,1,511,1,12,0,13,1960,0,STEADY,171,2.66487,3.09535,0.279211,0.128655,0.105263,31,0,7,4,1,0,1,111,96,0,0,0,4a424577,c79f418b
306,26,12,1,1,2100000306,1,1,1,556,1,30,0,14,2080,0,STEADY,186,2.73635,4.23392,0.272016,0.150538,0.107527,24,0,8,4,1,0,1,111,78,0,0,0,4a424577,c79f418b
307,27,13,2,1,2100000307,0,2,0,598,1,0,2,13,2340,0,STEADY,200,6.38216,4.75133,0.28725,0.32,0.15,97,15,10,1,0,0,2,102,145,0,0,105,4a424577,c79f418b
307,27,13,2,1,2100000307,1,2,0,2173,1,0,19,40,6970,0,STEADY,725,4.60319,2.88062,0.133703,0.271724,0.308966,418,130,37,2,0,0,1,85,145,0,0,551,4a424577,c79f418b
308,28,14,3,1,2100000308,0,3,1,640,1,95,0,13,2480,0,STEADY,214,3.77427,3.33851,0.247523,0.556075,0.378505,0,0,2,9,1,0,1,113,16,0,0,24,4a424577,c79f418b
308,28,14,3,1,2100000308,1,3,1,677,1,73,0,14,2620,0,STEADY,226,3.53809,3.50548,0.221327,0.486726,0.256637,0,0,2,11,1,0,0,113,38,0,0,0,4a424577,c79f418b
309,29,15,4,1,2100000309,0,0,1,1005,2,67,47,21,3320,0,STEADY,335,3.47343,1.42318,0.162985,0.61791,0.080597,0,0,13,2,4,0,2,71,35,0,25,600,4a424577,c79f418b
309,29,15,4,1,2100000309,1,0,0,1078,1,0,34,22,3560,0,STEADY,360,3.34529,2.50757,0.172208,0.322222,0.175,166,59,12,3,3,0,4,84,102,0,0,233,4a424577,c79f418b
310,30,16,5,1,2100000310,0,1,1,906,1,105,0,22,2780,0,STEADY,302,3.39093,5.16653,0.228997,0.109272,0.0529801,0,0,18,3,0,1,0,115,20,0,20,171,4a424577,c79f418b
310,30,16,5,1,2100000310,1,1,1,822,1,44,0,22,2570,0,STEADY,274,3.40204,3.7281,0.252876,0.0693431,0.0437956,32,0,19,2,0,0,1,115,81,0,0,111,4a424577,c79f418b
311,31,17,0,1,2100000311,0,2,1,673,1,78,0,15,2380,0,STEADY,225,3.66162,1.68848,0.287689,0.213333,0.284444,0,0,4,10,0,0,1,126,54,0,0,132,4a424577,c79f418b
311,31,17,0,1,2100000311,1,2,1,1792,1,57,0,34,5800,0,STEADY,598,3.55071,5.87234,0.173077,0.259197,0.22408,0,0,4,25,1,0,4,119,84,9,0,87,4a424577,c79f418b
312,32,18,1,1,2100000312,0,3,0,1149,1,0,21,22,3990,0,STEADY,383,2.02965,2.94148,0.117076,0.0339426,0.0417755,104,0,18,0,1,1,2,108,121,0,0,37,4a424577,c79f418b
312,32,18,1,1,2100000312,1,3,0,1350,1,0,19,26,4710,0,STEADY,450,1.77981,2.34967,0.105789,0.0422222,0.0111111,56,2,23,1,1,1,0,110,121,0,0,64,4a424577,c79f418b
313,33,19,2,1,2100000313,0,0,1,931,1,137,0,20,3180,0,STEADY,311,3.04713,4.36987,0.168633,0.0289389,0.14791,0,0,10,1,7,0,2,132,15,0,0,61,4a424577,c79f418b
313,33,19,2,1,2100000313,1,0,1,1225,1,122,0,27,3730,0,STEADY,409,2.99965,5.63585,0.122408,0.0317848,0.112469,0,0,5,1,20,1,0,132,30,0,0,67,4a424577,c79f418b
314,34,20,3,1,2100000314,0,1,1,511,1,67,0,11,1780,0,STEADY,171,5.23004,3.67892,0.478538,0.339181,0.0116959,0,0,3,6,0,0,2,62,73,0,0,72,4a424577,c79f418b
314,34,20,3,1,2100000314,1,1,1,721,1,24,0,16,2550,0,STEADY,241,4.70876,3.20456,0.382531,0.385892,0.0580913,27,6,4,11,0,0,1,76,116,0,0,191,4a424577,c79f418b
315,35,21,4,1,2100000315,0,2,0,1081,1,0,16,24,3540,0,STEADY,361,3.13398,3.37591,0.123227,0.0110803,0.033241,32,0,10,12,0,1,1,108,101,0,0,34,4a424577,c79f418b
315,35,21,4,1,2100000315,1,2,1,1555,1,2,0,33,4850,0,STEADY,519,2.95082,4.71307,0.10104,0.00578035,0.0732177,31,4,13,17,0,1,2,124,99,0,0,38,4a424577,c79f418b
316,36,22,5,1,2100000316,0,3,0,1322,1,0,81,25,4350,0,STEADY,441,3.10816,8.86629,0.170907,0.285714,0.281179,136,55,1,23,0,0,1,94,93,0,0,22,4a424577,c79f418b
316,36,22,5,1,2100000316,1,3,1,1893,1,67,0,35,6120,0,STEADY,631,2.32793,8.98832,0.135063,0.263074,0.283677,0,0,2,32,0,0,1,175,26,0,0,0,4a424577,c79f418b
317,37,23,0,1,2100000317,0,0,1,1511,1,71,0,29,5060,0,STEADY,504,2.89503,4.62008,0.134534,0.0277778,0.43254,0,0,26,0,1,0,2,113,79,0,0,15,4a424577,c79f418b
317,37,23,0,1,2100000317,1,0,1,759,1,90,0,16,2850,0,STEADY,253,2.51665,2.50669,0.18249,0.0474308,0.16996,0,0,13,0,1,0,2,113,60,0,0,82,4a424577,c79f418b
318,38,24,1,1,2100000318,0,1,0,644,1,0,47,14,2500,0,STEADY,215,4.85482,3.02435,0.268837,0.525581,0.293023,102,62,7,6,0,1,0,78,104,0,0,245,4a424577,c79f418b
318,38,24,1,1,2100000318,1,1,0,529,1,0,55,12,2160,0,STEADY,177,5.47722,3.46263,0.314209,0.559322,0.163842,64,29,6,5,0,1,0,70,104,0,0,201,4a424577,c79f418b
319,39,25,2,1,2100000319,0,2,1,793,1,30,0,16,2920,0,STEADY,265,3.54213,4.32004,0.236491,0.211321,0.184906,14,0,7,1,2,5,1,104,84,0,8,46,4a424577,c79f418b
319,39,25,2,1,2100000319,1,2,1,451,1,67,0,11,1840,0,STEADY,151,3.77086,3.78717,0.335166,0.15894,0.13245,0,0,6,1,1,2,1,104,47,0,25,61,4a424577,c79f418b
320,0,33,4,1,2100000320,0,0,0.5,541,1,0,0,14,2040,0,STEADY,181,2.97204,3.54097,0.236271,0.132597,0.0883978,31,4,8,4,0,0,2,152,113,0,0,3,4a424577,c79f418b
320,0,33,4,1,2100000320,1,0,0,583,1,0,46,14,2230,0,STEADY,195,3.59243,2.07548,0.262692,0.2,0.271795,32,1,7,4,1,1,1,106,113,0,0,72,4a424577,c79f418b
321,1,34,5,1,2100000321,0,1,0,1237,1,0,46,26,3870,0,STEADY,413,4.99285,5.56377,0.255085,0.508475,0.198547,64,1,14,7,0,3,2,94,136,0,54,0,4a424577,c79f418b
321,1,34,5,1,2100000321,1,1,1,967,1,37,0,19,2900,0,STEADY,323,4.55118,4.06653,0.313839,0.433437,0.151703,15,0,9,6,0,2,2,140,99,0,15,218,4a424577,c79f418b
322,2,35,0,1,2100000322,0,2,1,592,1,52,0,12,2350,0,STEADY,198,5.42163,5.37703,0.235783,0.479798,0.166667,0,0,4,7,0,0,1,101,42,0,0,0,4a424577,c79f418b
322,2,35,0,1,2100000322,1,2,1,459,1,66,0,10,1940,0,STEADY,153,5.86767,4.79396,0.285098,0.555556,0.202614,0,0,3,6,0,0,1,101,28,0,0,0,4a424577,c79f418b
323,3,36,1,1,2100000323,0,3,0,694,1,0,82,15,2610,0,STEADY,232,3.65452,3.43542,0.212091,0.310345,0,57,0,13,0,0,1,1,11,106,0,10,35,4a424577,c79f418b
323,3,36,1,1,2100000323,1,3,0,861,1,0,21,18,3160,0,STEADY,287,3.08526,2.4107,0.194355,0.222997,0.135889,133,0,16,1,0,1,0,72,106,0,15,177,4a424577,c79f418b
324,4,37,2,1,2100000324,0,0,0,980,1,0,71,21,3580,0,STEADY,327,3.90094,1.88475,0.222263,0.422018,0.333333,93,37,1,18,0,1,1,79,136,13,0,384,4a424577,c79f418b
324,4,37,2,1,2100000324,1,0,0,1530,1,0,54,31,5520,0,STEADY,510,4.18351,3.10691,0.207702,0.32549,0.25098,359,104,0,25,1,1,4,96,136,13,0,281,4a424577,c79f418b
325,5,38,3,1,2100000325,0,1,0,1222,1,0,55,24,3680,0,STEADY,408,3.62696,6.99484,0.212267,0.301471,0.0637255,141,17,15,1,1,3,4,49,141,0,0,47,4a424577,c79f418b
325,5,38,3,1,2100000325,1,1,0,921,1,0,10,18,3000,0,STEADY,307,3.4929,6.42625,0.288306,0.407166,0.107492,79,4,10,3,2,2,1,94,141,0,0,106,4a424577,c79f418b
326,6,39,4,1,2100000326,0,2,1,1994,1,131,0,37,6460,0,STEADY,665,3.70149,5.56614,0.11418,0.0120301,0.559398,0,0,35,1,1,0,0,114,0,0,0,144,4a424577,c79f418b
326,6,39,4,1,2100000326,1,2,1,1170,1,131,0,23,4040,0,STEADY,390,4.0096,5.27334,0.143141,0,0.348718,0,0,21,0,1,0,1,114,0,0,0,82,4a424577,c79f418b
327,7,0,5,1,2100000327,0,3,0,508,1,0,3,13,2040,0,STEADY,170,3.40257,3.4707,0.218529,0.105882,0.0411765,32,3,7,3,0,1,2,110,100,0,0,22,4a424577,c79f418b
327,7,0,5,1,2100000327,1,3,1,619,1,10,0,15,2380,0,STEADY,207,3.86103,3.92019,0.171449,0.21256,0.0724638,31,0,7,5,0,1,2,105,90,0,0,30,4a424577,c79f418b
328,8,1,0,1,2100000328,0,0,1,2700,3,2,5,49,8310,0,STEADY,900,3.4807,4.38235,0.138989,0.165556,0.502222,144,102,28,1,9,1,10,131,114,0,10,300,4a424577,c79f418b
328,8,1,0,1,2100000328,1,0,0,811,1,0,76,17,2900,0,STEADY,271,3.87738,2.88705,0.239225,0.321033,0.202952,65,2,11,1,3,1,1,60,116,0,10,42,4a424577,c79f418b
329,9,2,1,1,2100000329,0,1,1,1300,1,50,0,27,4000,0,STEADY,434,3.09753,4.7728,0.166452,0.00921659,0.193548,131,16,4,20,0,1,2,94,105,6,0,126,4a424577,c79f418b
329,9,2,1,1,2100000329,1,1,1,1376,1,111,0,25,4550,0,STEADY,459,3.72283,9.02325,0.171471,0.0544662,0.111111,0,0,8,11,1,1,4,94,42,4,0,27,4a424577,c79f418b
330,10,3,2,1,2100000330,0,2,1,1263,1,85,0,25,4320,0,STEADY,421,2.20151,2.86648,0.128088,0.0261283,0.0522565,0,0,22,2,0,0,1,106,39,0,0,39,4a424577,c79f418b
330,10,3,2,1,2100000330,1,2,1,702,1,80,0,15,2690,0,STEADY,234,3.04629,2.48669,0.181774,0.0769231,0.119658,0,0,12,2,1,0,0,106,44,0,0,69,4a424577,c79f418b
331,11,4,3,1,2100000331,0,3,0,1470,1,0,7,31,4520,0,STEADY,490,3.93577,5.45749,0.152898,0.12449,0.261224,290,90,23,3,1,2,2,116,129,12,9,98,4a424577,c79f418b
331,11,4,3,1,2100000331,1,3,0,1135,1,0,9,25,3600,0,STEADY,379,3.12024,3.86767,0.149776,0.126649,0.113456,139,20,19,2,1,1,2,114,117,0,9,157,4a424577,c79f418b
332,12,5,4,1,2100000332,0,0,1,713,1,39,0,16,2540,0,STEADY,238,3.18743,3.98274,0.217227,0.197479,0.298319,126,50,10,1,3,2,0,141,72,0,0,45,4a424577,c79f418b
332,12,5,4,1,2100000332,1,0,0,865,1,0,28,18,3030,0,STEADY,289,3.30633,2.21791,0.177266,0.207612,0.304498,48,10,10,2,3,2,1,113,111,0,0,56,4a424577,c79f418b
333,13,6,5,1,2100000333,0,1,0,712,1,0,22,15,2720,0,STEADY,238,6.06004,4.44387,0.237395,0.386555,0.121849,57,6,12,0,2,0,1,109,104,0,0,0,4a424577,c79f418b
333,13,6,5,1,2100000333,1,1,0,1380,1,0,63,27,4690,0,STEADY,460,3.57256,3.64762,0.166859,0.434783,0.106522,58,2,24,1,1,0,1,68,104,0,0,246,4a424577,c79f418b
334,14,7,0,1,2100000334,0,2,1,424,1,83,0,10,1600,0,STEADY,142,2.6784,2.80001,0.420176,0.084507,0.0985915,0,0,2,4,2,1,1,100,30,0,10,37,4a424577,c79f418b
334,14,7,0,1,2100000334,1,2,1,526,1,53,0,13,1920,0,STEADY,176,2.38149,5.62812,0.318182,0.0340909,0.0511364,0,0,2,7,1,1,2,100,60,0,6,0,4a424577,c79f418b
335,15,8,1,1,2100000335,0,3,1,1360,1,47,0,27,4400,0,STEADY,454,3.51822,3.0774,0.191663,0.363436,0.0154185,15,0,5,20,0,1,1,116,71,0,9,90,4a424577,c79f418b
335,15,8,1,1,2100000335,1,3,0,529,1,0,56,13,1970,0,STEADY,177,3.92076,2.21319,0.254492,0.60452,0.0508475,64,0,6,5,0,1,1,60,118,0,11,139,4a424577,c79f418b
336,16,9,2,1,2100000336,0,0,1,1451,1,97,0,27,4960,0,STEADY,484,3.81085,6.90757,0.118409,0.10124,0.231405,0,0,24,2,0,1,0,149,18,0,0,22,4a424577,c79f418b
336,16,9,2,1,2100000336,1,0,1,1196,1,97,0,22,4250,0,STEADY,399,4.45847,7.21559,0.143985,0.122807,0.0827068,0,0,17,4,0,1,0,151,18,0,0,30,4a424577,c79f418b
337,17,10,3,1,2100000337,0,1,1,1709,1,69,0,28,5760,0,STEADY,570,3.22341,7.28301,0.301018,0.187719,0.0350877,74,7,1,2,0,10,15,124,95,60,0,70,4a424577,c79f418b
337,17,10,3,1,2100000337,1,1,1,836,1,17,0,13,2780,0,STEADY,279,3.54866,4.81988,0.389785,0.258065,0,134,0,0,2,0,5,6,124,121,30,0,92,4a424577,c79f418b
338,18,11,4,1,2100000338,0,2,1,2700,3,3,9,45,6040,0,STEADY,900,2.20626,2.54495,0.0975967,0.0444444,0.382222,202,46,43,1,0,0,1,228,126,0,0,381,4a424577,c79f418b
338,18,11,4,1,2100000338,1,2,0,1619,1,0,15,29,4200,0,STEADY,540,2.40418,1.9752,0.144819,0.0777778,0.238889,159,55,25,3,0,0,1,174,129,0,0,96,4a424577,c79f418b
339,19,12,5,1,2100000339,0,3,0,1579,1,0,96,30,5260,0,STEADY,527,3.56909,6.40532,0.123046,0.404175,0.417457,151,59,26,1,0,1,2,15,132,0,0,0,4a424577,c79f418b
339,19,12,5,1,2100000339,1,3,0,1209,1,0,66,22,3900,0,STEADY,403,3.01633,4.09599,0.15897,0.394541,0.295285,159,83,18,1,0,1,2,45,132,0,0,0,4a424577,c79f418b
340,20,13,0,1,2100000340,0,0,1,286,1,85,0,7,1440,0,STEADY,96,7.2231,4.02551,0.510573,0.1875,0.197917,0,0,3,1,0,1,2,104,17,0,0,41,4a424577,c79f418b
340,20,13,0,1,2100000340,1,0,1,1651,1,8,0,30,5570,0,STEADY,551,6.17114,3.09728,0.24627,0.343013,0.281307,50,32,23,2,0,4,1,104,94,0,0,318,4a424577,c79f418b
341,21,14,1,1,2100000341,0,1,1,1036,1,58,0,22,3490,0,STEADY,346,2.78458,3.55117,0.168714,0.00867052,0.601156,0,0,13,7,1,0,1,113,66,0,0,72,4a424577,c79f418b
341,21,14,1,1,2100000341,1,1,1,1987,1,14,0,41,5940,0,STEADY,663,2.59923,5.22514,0.114065,0.00754148,0.669683,62,40,18,22,1,0,0,113,110,0,0,54,4a424577,c79f418b
342,22,15,2,1,2100000342,0,2,1,1588,1,91,0,28,5990,0,STEADY,530,2.28437,2.80429,0.143619,0.090566,0.130189,0,0,6,3,8,0,11,118,84,0,54,27,4a424577,c79f418b
342,22,15,2,1,2100000342,1,2,1,2700,3,7,22,45,9390,0,STEADY,900,1.88554,3.50147,0.124546,0.0944444,0.157778,299,29,6,3,13,0,23,96,168,0,70,124,4a424577,c79f418b
343,23,16,3,1,2100000343,0,3,1,1105,1,88,0,22,3640,0,STEADY,369,3.35196,8.03714,0.183117,0.170732,0.0243902,0,0,5,12,0,0,5,115,26,9,0,62,4a424577,c79f418b
343,23,16,3,1,2100000343,1,3,1,1174,1,70,0,25,3640,0,STEADY,392,3.08984,6.11566,0.220523,0.0994898,0.0280612,0,0,14,8,0,0,3,115,53,18,0,91,4a424577,c79f418b
344,24,17,4,1,2100000344,0,0,1,907,1,45,0,19,3160,0,STEADY,303,3.19744,2.69546,0.191815,0.392739,0.10231,15,7,11,4,2,1,1,97,80,0,20,142,4a424577,c79f418b
344,24,17,4,1,2100000344,1,0,1,1390,1,68,0,28,4480,0,STEADY,464,3.46889,4.25311,0.152231,0.297414,0.0711207,0,0,17,5,1,3,2,115,57,0,0,110,4a424577,c79f418b
345,25,18,5,1,2100000345,0,1,0,749,1,0,55,16,2510,0,STEADY,250,3.99006,3.27831,0.22792,0.412,0.012,97,0,6,7,2,0,1,74,104,0,0,136,4a424577,c79f418b
345,25,18,5,1,2100000345,1,1,0,1221,1,0,19,25,3770,0,STEADY,407,3.58219,3.57684,0.184386,0.41769,0.113022,67,0,12,9,2,0,2,110,104,0,0,126,4a424577,c79f418b
346,26,19,0,1,2100000346,0,2,1,701,1,33,0,15,2410,0,STEADY,234,2.84961,4.09292,0.211389,0.0854701,0.115385,34,9,4,9,0,0,2,132,75,0,0,21,4a424577,c79f418b
346,26,19,0,1,2100000346,1,2,1,1003,1,3,0,21,3150,0,STEADY,335,2.67359,5.66415,0.175955,0.146269,0.0656716,175,3,9,11,0,0,1,132,105,0,0,22,4a424577,c79f418b
347,27,20,1,1,2100000347,0,3,1,901,1,100,0,18,3120,0,STEADY,301,5.66183,6.27003,0.217641,0.295681,0.249169,0,0,16,0,0,0,2,85,45,0,0,60,4a424577,c79f418b
347,27,20,1,1,2100000347,1,3,1,937,1,38,0,19,3290,0,STEADY,313,5.38566,3.48954,0.256102,0.335463,0.220447,22,16,17,0,0,0,2,86,107,0,0,40,4a424577,c79f418b
348,28,21,2,1,2100000348,0,0,1,454,1,81,0,10,1940,0,STEADY,152,4.53103,2.98535,0.294836,0.434211,0.197368,0,0,3,6,0,0,1,124,30,0,0,155,4a424577,c79f418b
348,28,21,2,1,2100000348,1,0,1,604,1,92,0,12,2450,0,STEADY,202,5.82182,6.99015,0.258911,0.391089,0.0148515,0,0,4,6,1,0,1,124,19,0,0,0,4a424577,c79f418b
349,29,22,3,1,2100000349,0,1,0,1366,1,0,48,28,4160,0,STEADY,456,3.30167,2.07652,0.194956,0.484649,0.41886,35,15,20,2,4,0,2,127,102,0,25,168,4a424577,c79f418b
349,29,22,3,1,2100000349,1,1,0,1850,1,0,67,38,5560,0,STEADY,617,2.84838,1.54471,0.145259,0.512156,0.296596,127,62,28,4,5,0,1,108,102,0,0,262,4a424577,c79f418b
350,30,23,4,1,2100000350,0,2,1,758,1,77,0,20,2520,0,STEADY,253,2.62397,6.06944,0.226925,0.106719,0.0592885,0,0,17,3,0,0,0,111,48,0,0,31,4a424577,c79f418b
350,30,23,4,1,2100000350,1,2,0,1481,1,0,7,38,4140,0,STEADY,494,3.45134,6.23957,0.147933,0.0870445,0.285425,164,93,35,3,0,0,0,117,125,0,0,62,4a424577,c79f418b
351,31,24,5,1,2100000351,0,3,1,2680,1,69,0,54,7760,0,STEADY,894,5.29822,5.09602,0.169144,0.49217,0.291946,0,0,33,17,1,1,2,44,63,0,0,0,4a424577,c79f418b
351,31,24,5,1,2100000351,1,3,1,933,2,132,119,20,2980,0,STEADY,311,5.01158,2.0625,0.248842,0.752412,0.0578778,0,0,11,7,1,0,1,6,0,0,0,600,4a424577,c79f418b
352,32,25,0,1,2100000352,0,0,1,648,1,93,0,14,2600,0,STEADY,216,3.17792,3.77666,0.166227,0.0555556,0.157407,0,0,11,0,1,1,1,104,28,0,0,51,4a424577,c79f418b
352,32,25,0,1,2100000352,1,0,1,756,1,121,0,16,2850,0,STEADY,252,2.74585,2.75788,0.183591,0.0873016,0.0992063,0,0,13,0,1,0,2,104,0,0,0,26,4a424577,c79f418b
353,33,26,1,1,2100000353,0,1,1,2377,1,84,0,50,6880,0,STEADY,793,2.74305,6.59607,0.0989786,0.0126103,0.153846,0,0,12,1,35,0,2,108,68,0,0,0,4a424577,c79f418b
353,33,26,1,1,2100000353,1,1,1,1831,1,11,0,38,5560,0,STEADY,611,3.1531,4.06291,0.11928,0.0360065,0.260229,207,83,12,2,22,0,2,108,141,0,0,218,4a424577,c79f418b
354,34,27,2,1,2100000354,0,2,1,670,1,38,0,15,2460,0,STEADY,224,3.87041,4.23957,0.219754,0.316964,0.0535714,80,8,3,10,0,0,2,145,102,0,0,42,4a424577,c79f418b
354,34,27,2,1,2100000354,1,2,0,1007,1,0,54,22,3350,0,STEADY,336,4.01954,4.19701,0.19936,0.33631,0.139881,110,46,9,11,0,0,2,91,140,0,0,215,4a424577,c79f418b
355,35,28,3,1,2100000355,0,3,0,1567,1,0,51,32,4950,0,STEADY,523,3.7003,6.61851,0.119359,0.0248566,0.258126,39,16,19,11,0,1,1,60,101,0,10,100,4a424577,c79f418b
355,35,28,3,1,2100000355,1,3,1,833,1,25,0,18,2970,0,STEADY,278,4.20518,9.3258,0.190881,0.0539568,0.165468,17,6,13,3,0,1,1,111,76,0,0,11,4a424577,c79f418b
356,36,29,4,1,2100000356,0,0,1,1065,1,11,0,21,3740,0,STEADY,355,3.25058,2.09639,0.170028,0.369014,0.166197,39,3,2,18,0,0,1,102,82,0,0,172,4a424577,c79f418b
356,36,29,4,1,2100000356,1,0,1,936,1,15,0,19,3330,0,STEADY,312,2.89527,1.54492,0.171907,0.384615,0.173077,1,1,1,17,0,0,1,102,78,0,0,177,4a424577,c79f418b
357,37,30,5,1,2100000357,0,1,1,2190,1,56,0,40,6900,0,STEADY,730,2.98166,6.53723,0.136822,0.0273973,0.183562,173,8,38,0,1,0,1,125,94,0,0,0,4a424577,c79f418b
357,37,30,5,1,2100000357,1,1,1,2241,1,56,0,41,7140,0,STEADY,747,1.90688,6.09464,0.126513,0.0254351,0.0575636,89,7,38,0,2,0,1,101,94,0,0,0,4a424577,c79f418b
358,38,31,0,1,2100000358,0,2,1,535,1,95,0,12,2190,0,STEADY,179,6.05562,4.06381,0.259777,0.664804,0.156425,0,0,5,5,0,1,1,141,9,0,0,0,4a424577,c79f418b
358,38,31,0,1,2100000358,1,2,1,645,1,89,0,14,2530,0,STEADY,215,5.43871,2.9019,0.213488,0.432558,0.251163,0,0,6,6,0,1,1,132,15,0,0,226,4a424577,c79f418b
359,39,32,1,1,2100000359,0,3,1,1513,1,63,0,28,4960,0,STEADY,505,3.45429,3.18315,0.174129,0.154455,0.049505,0,0,13,2,2,8,3,121,51,0,13,243,4a424577,c79f418b
359,39,32,1,1,2100000359,1,3,1,831,1,71,0,14,3120,0,STEADY,277,4.78721,5.44192,0.333484,0.252708,0.0649819,0,0,1,1,2,8,2,121,43,0,25,1,4a424577,c79f418b
360,0,0,3,1,2100000360,0,1,1,559,1,34,0,14,2110,0,STEADY,187,3.69387,2.93283,0.279439,0.165775,0.171123,15,1,8,4,0,1,1,113,79,0,0,106,4a424577,c79f418b
360,0,0,3,1,2100000360,1,1,1,802,1,39,0,18,2840,0,STEADY,268,3.98044,3.24776,0.242108,0.19403,0.104478,31,2,7,9,0,1,1,113,74,0,0,73,4a424577,c79f418b
361,1,1,4,1,2100000361,0,2,0,1618,1,0,100,35,4720,0,STEADY,540,3.25618,2.70439,0.149639,0.522222,0.0351852,64,0,27,4,0,2,2,36,136,0,54,261,4a424577,c79f418b
361,1,1,4,1,2100000361,1,2,1,1298,2,37,64,29,3870,0,STEADY,433,2.88929,1.76882,0.166559,0.676674,0.0415704,143,0,23,3,0,1,2,72,99,0,72,600,4a424577,c79f418b
362,2,2,5,1,2100000362,0,3,1,680,1,15,0,13,2690,0,STEADY,227,7.00599,6.17344,0.335969,0.356828,0.185022,19,1,3,7,2,0,1,94,79,0,0,72,4a424577,c79f418b
362,2,2,5,1,2100000362,1,3,1,765,1,80,0,15,2880,0,STEADY,255,6.26577,5.1612,0.160608,0.380392,0.0666667,0,0,3,11,1,0,0,94,14,0,0,0,4a424577,c79f418b
363,3,3,0,1,2100000363,0,0,1,696,1,84,0,15,2610,0,STEADY,232,3.39946,3.79783,0.218879,0.280172,0.0215517,0,0,13,0,0,0,2,100,22,0,0,6,4a424577,c79f418b
363,3,3,0,1,2100000363,1,0,0,878,1,0,95,18,3150,0,STEADY,293,3.94136,3.82367,0.177509,0.279863,0.129693,62,9,15,0,0,1,2,11,106,0,6,4,4a424577,c79f418b
364,4,4,1,1,2100000364,0,1,0,1480,1,0,15,32,5200,0,STEADY,494,4.21111,3.48363,0.180806,0.334008,0.172065,108,50,6,24,0,1,1,134,123,0,0,298,4a424577,c79f418b
364,4,4,1,1,2100000364,1,1,0,1901,1,0,60,39,6700,0,STEADY,634,4.82428,6.17705,0.228293,0.290221,0.0394322,494,22,1,34,0,1,3,63,136,13,0,52,4a424577,c79f418b
365,5,5,2,1,2100000365,0,2,0,1489,1,0,15,31,4560,0,STEADY,497,3.05224,2.73019,0.134326,0.305835,0.193159,62,4,22,2,1,4,2,126,141,0,0,7,4a424577,c79f418b
365,5,5,2,1,2100000365,1,2,1,1953,2,137,127,40,5760,0,STEADY,651,3.49416,3.28748,0.124485,0.443932,0.138249,0,0,30,3,1,4,2,14,4,0,24,600,4a424577,c79f418b
366,6,6,3,1,2100000366,0,3,0,1924,1,0,68,36,6250,0,STEADY,642,4.22301,10.3352,0.120195,0.172897,0.143302,233,80,34,0,1,0,1,36,131,0,0,71,4a424577,c79f418b
366,6,6,3,1,2100000366,1,3,0,1583,1,0,111,30,5230,0,STEADY,528,4.77958,8.68249,0.14465,0.0625,0.0871212,96,23,28,0,1,0,1,20,131,0,0,108,4a424577,c79f418b
367,7,7,4,1,2100000367,0,0,1,412,1,40,0,11,1800,0,STEADY,138,3.05451,2.77766,0.229203,0.137681,0.0507246,0,0,5,3,0,1,2,100,60,0,0,9,4a424577,c79f418b
367,7,7,4,1,2100000367,1,0,1,574,1,30,0,14,2180,0,STEADY,192,2.84508,2.15399,0.20776,0.161458,0.015625,28,0,7,5,0,1,1,100,70,0,0,37,4a424577,c79f418b
368,8,8,5,1,2100000368,0,1,1,1039,1,40,0,23,3340,0,STEADY,347,3.92904,2.72304,0.242853,0.242075,0.170029,15,4,10,1,12,0,0,116,76,0,0,32,4a424577,c79f418b
368,8,8,5,1,2100000368,1,1,0,757,1,0,15,17,2570,0,STEADY,253,4.52623,3.07145,0.274368,0.209486,0.288538,63,37,6,1,9,1,0,101,116,0,6,149,4a424577,c79f418b
369,9,9,0,1,2100000369,0,2,1,1313,1,137,0,21,4670,0,STEADY,438,3.74339,8.59974,0.288094,0.111872,0.155251,0,0,13,3,1,3,1,151,18,6,0,35,4a424577,c79f418b
369,9,9,0,1,2100000369,1,2,1,1946,1,70,0,31,6670,0,STEADY,649,3.78507,5.0827,0.186834,0.0354391,0.329738,0,0,17,6,1,5,2,158,99,20,0,167,4a424577,c79f418b
370,10,10,1,1,2100000370,0,3,1,816,1,1,0,17,3060,0,STEADY,272,3.29046,3.15603,0.182077,0.0294118,0.0882353,199,20,13,2,1,0,1,124,123,0,0,164,4a424577,c79f418b
370,10,10,1,1,2100000370,1,3,0,267,1,0,65,7,1330,0,STEADY,89,7.07027,2.48912,0.465674,0.134831,0.359551,39,21,4,2,1,0,0,59,124,0,0,139,4a424577,c79f418b
371,11,11,2,1,2100000371,0,0,1,1069,1,9,0,23,3560,0,STEADY,357,2.912,2.79531,0.171204,0.117647,0.291317,79,24,15,4,0,2,2,129,120,12,0,256,4a424577,c79f418b
371,11,11,2,1,2100000371,1,0,1,865,1,26,0,19,3000,0,STEADY,289,3.0606,3.08028,0.188374,0.17301,0.117647,31,0,12,3,1,2,1,141,103,12,0,82,4a424577,c79f418b
372,12,12,3,1,2100000372,0,1,1,1255,1,24,0,27,3960,0,STEADY,419,3.11739,2.90091,0.131098,0.224344,0.200477,235,77,19,1,5,1,1,111,87,0,0,282,4a424577,c79f418b
372,12,12,3,1,2100000372,1,1,1,439,1,27,0,10,1820,0,STEADY,147,3.97876,2.12981,0.434524,0.503401,0.0612245,15,3,4,1,3,2,0,111,84,0,0,74,4a424577,c79f418b
373,13,13,4,1,2100000373,0,2,0,789,1,0,53,16,3010,0,STEADY,263,5.5081,4.85787,0.169772,0.323194,0.0456274,114,0,12,0,2,1,1,51,104,0,0,99,4a424577,c79f418b
373,13,13,4,1,2100000373,1,2,0,879,1,0,70,18,3160,0,STEADY,293,4.7573,3.53161,0.203754,0.416382,0.170648,37,0,15,1,1,0,1,34,104,0,0,188,4a424577,c79f418b
374,14,14,5,1,2100000374,0,3,1,391,1,70,0,10,1400,0,STEADY,131,3.37118,4.35763,0.546908,0.0687023,0.10687,0,0,4,4,1,1,0,113,43,0,17,0,4a424577,c79f418b
374,14,14,5,1,2100000374,1,3,0,748,1,0,7,17,2440,0,STEADY,250,2.45062,5.79257,0.25932,0.032,0.032,50,0,5,8,2,1,1,106,113,0,17,19,4a424577,c79f418b
375,15,15,0,1,2100000375,0,0,1,577,1,40,0,14,2140,0,STEADY,193,3.32939,2.53559,0.255622,0.300518,0.0984456,15,8,6,6,0,1,1,118,78,0,14,129,4a424577,c79f418b
375,15,15,0,1,2100000375,1,0,0,616,1,0,54,15,2240,0,STEADY,206,3.37634,2.71036,0.235728,0.514563,0.038835,46,0,8,4,0,2,1,64,118,0,31,127,4a424577,c79f418b
376,16,16,1,1,2100000376,0,1,1,1708,1,89,0,32,5710,0,STEADY,570,3.80113,6.86741,0.127026,0.0508772,0.0666667,0,0,27,3,0,0,2,115,26,0,0,106,4a424577,c79f418b
376,16,16,1,1,2100000376,1,1,1,975,1,54,0,19,3600,0,STEADY,325,4.72938,3.81849,0.163723,0.0861538,0.104615,0,0,16,2,0,1,0,115,61,0,0,135,4a424577,c79f418b
377,17,17,2,1,2100000377,0,2,0,253,1,0,2,7,1280,0,STEADY,85,3.39835,3.23292,0.501,0.188235,0.164706,16,6,2,2,0,2,1,104,100,0,0,15,4a424577,c79f418b
377,17,17,2,1,2100000377,1,2,0,1328,1,0,37,25,4400,0,STEADY,443,3.35123,8.30906,0.254537,0.250564,0.0767494,35,3,7,1,0,10,7,104,146,60,0,53,4a424577,c79f418b
378,18,18,3,1,2100000378,0,3,0,1120,1,0,35,21,3090,0,STEADY,374,3.6619,2.69169,0.18485,0.139037,0.294118,86,15,18,3,0,0,0,94,129,0,0,238,4a424577,c79f418b
378,18,18,3,1,2100000378,1,3,0,1037,1,0,35,21,3110,0,STEADY,346,2.96344,2.0898,0.194373,0.150289,0.346821,90,47,17,2,0,0,2,94,129,0,0,255,4a424577,c79f418b
379,19,19,4,1,2100000379,0,0,0,1358,1,0,128,26,4550,0,STEADY,453,3.8966,2.2375,0.152748,0.536424,0.154525,192,40,23,1,0,1,1,4,132,0,0,550,4a424577,c79f418b
379,19,19,4,1,2100000379,1,0,0,681,1,0,68,14,2440,0,STEADY,227,3.93886,2.82931,0.238877,0.374449,0.0352423,61,0,12,0,0,1,1,64,132,0,11,33,4a424577,c79f418b
380,20,20,5,1,2100000380,0,1,1,961,1,19,0,18,3470,0,STEADY,321,8.6218,6.63912,0.225966,0.423676,0.398754,92,59,13,2,0,2,1,78,83,0,0,0,4a424577,c79f418b
380,20,20,5,1,2100000380,1,1,1,929,1,46,0,16,3480,0,STEADY,310,6.71888,4.63601,0.367629,0.370968,0.0741935,0,0,8,4,0,3,1,98,56,0,4,228,4a424577,c79f418b
381,21,21,0,1,2100000381,0,2,1,2100,1,60,0,41,6470,0,STEADY,700,3.09328,6.13844,0.110493,0.0171429,0.0414286,0,0,27,12,1,0,1,124,64,0,0,4,4a424577,c79f418b
381,21,21,0,1,2100000381,1,2,1,2116,1,91,0,41,6480,0,STEADY,706,2.93568,6.13818,0.096289,0.00283286,0.0169972,0,0,28,11,0,0,2,123,33,0,0,14,4a424577,c79f418b
382,22,22,1,1,2100000382,0,3,1,2700,3,45,88,44,9350,0,STEADY,900,2.34678,2.72756,0.130521,0.151111,0.512222,135,97,14,3,12,0,15,87,130,0,78,382,4a424577,c79f418b
382,22,22,1,1,2100000382,1,3,1,2700,3,4,55,44,9520,0,STEADY,900,2.45051,2.68108,0.134001,0.168889,0.403333,373,178,18,4,13,0,9,120,171,0,26,361,4a424577,c79f418b
383,23,23,2,1,2100000383,0,0,1,1918,1,63,0,39,5890,0,STEADY,640,2.37373,4.84368,0.108969,0.15625,0.040625,0,0,16,21,0,0,2,113,60,18,0,29,4a424577,c79f418b
383,23,23,2,1,2100000383,1,0,1,1912,1,63,0,39,5870,0,STEADY,638,2.39769,5.00557,0.10547,0.144201,0.031348,0,0,17,19,0,0,3,111,60,18,0,0,4a424577,c79f418b
384,24,24,3,1,2100000384,0,1,0,2333,1,0,17,48,6680,0,STEADY,778,3.06497,1.88021,0.118374,0.489717,0.154242,597,108,39,4,1,2,2,108,125,0,20,415,4a424577,c79f418b
384,24,24,3,1,2100000384,1,1,1,2005,1,63,0,40,6040,0,STEADY,669,3.3861,5.528,0.159081,0.496263,0.136024,0,0,29,6,3,1,1,125,62,0,20,79,4a424577,c79f418b
385,25,25,4,1,2100000385,0,2,1,518,1,58,0,13,1920,0,STEADY,173,3.84877,1.94655,0.332919,0.583815,0.115607,0,0,7,4,1,0,1,104,46,0,14,243,4a424577,c79f418b
385,25,25,4,1,2100000385,1,2,1,755,1,12,0,17,2630,0,STEADY,252,3.59411,3.31009,0.222698,0.388889,0.0238095,31,0,7,7,2,0,1,104,92,0,0,40,4a424577,c79f418b
386,26,26,5,1,2100000386,0,3,1,508,1,22,0,13,1920,0,STEADY,170,2.87062,2.80657,0.276853,0.117647,0.0117647,31,0,7,4,0,0,2,108,86,0,0,18,4a424577,c79f418b
386,26,26,5,1,2100000386,1,3,1,862,1,30,0,20,2860,0,STEADY,288,2.69512,3.30287,0.185313,0.111111,0.190972,15,0,12,6,0,0,2,108,78,0,0,83,4a424577,c79f418b
387,27,27,0,1,2100000387,0,0,0,1092,1,0,43,21,3720,0,STEADY,364,5.16198,4.56431,0.175701,0.277473,0.203297,213,27,18,1,0,1,1,102,145,0,0,220,4a424577,c79f418b
387,27,27,0,1,2100000387,1,0,0,1838,1,0,60,34,5910,0,STEADY,613,4.02977,2.63769,0.127977,0.344209,0.230016,116,33,31,1,0,0,2,85,145,0,0,442,4a424577,c79f418b
388,28,28,1,1,2100000388,0,1,1,408,1,36,0,8,1640,0,STEADY,136,8.12984,1.85206,0.535221,0.544118,0,53,0,4,4,0,0,0,111,75,0,0,332,4a424577,c79f418b
388,28,28,1,1,2100000388,1,1,1,328,1,79,0,7,1470,0,STEADY,110,9.38891,3.51981,0.530864,0.490909,0,0,0,4,3,0,0,0,111,32,0,0,46,4a424577,c79f418b
389,29,29,2,1,2100000389,0,2,0,1852,1,0,34,39,5480,0,STEADY,618,2.92302,1.62585,0.117152,0.343042,0.331715,368,128,31,1,4,0,3,68,102,0,0,314,4a424577,c79f418b
389,29,29,2,1,2100000389,1,2,0,1084,1,0,39,20,3920,0,STEADY,362,3.31599,4.04843,0.220124,0.323204,0.232044,53,16,5,4,7,1,3,63,102,0,34,2,4a424577,c79f418b
390,30,30,3,1,2100000390,0,3,0,1071,1,0,31,26,3140,0,STEADY,357,3.08269,6.53573,0.178759,0.0784314,0.0168067,54,0,22,3,0,1,0,94,125,0,0,33,4a424577,c79f418b
390,30,30,3,1,2100000390,1,3,0,1158,1,0,86,31,3380,0,STEADY,386,3.71183,7.95747,0.181547,0.0777202,0.00518135,60,0,28,2,0,0,1,39,125,0,0,24,4a424577,c79f418b
391,31,31,4,1,2100000391,0,0,1,1112,2,105,117,24,3490,0,STEADY,371,4.56391,2.23806,0.213477,0.657682,0.0404313,0,0,13,9,0,0,2,15,27,0,0,600,4a424577,c79f418b
391,31,31,4,1,2100000391,1,0,0,2383,1,0,11,48,6970,0,STEADY,795,4.16579,6.55128,0.149748,0.43522,0.192453,155,40,29,15,2,0,2,97,150,18,0,488,4a424577,c79f418b
392,32,32,5,1,2100000392,0,1,1,833,1,30,0,17,3150,0,STEADY,278,3.18663,5.6595,0.184281,0.0863309,0.0359712,57,0,14,0,2,1,0,121,91,0,0,0,4a424577,c79f418b
392,32,32,5,1,2100000392,1,1,1,1886,1,92,0,35,6240,0,STEADY,629,3.20736,8.44081,0.0968124,0.0333863,0.0349762,0,0,32,1,1,1,0,121,29,0,0,21,4a424577,c79f418b
393,33,33,0,1,2100000393,0,2,1,1957,1,49,0,40,5940,0,STEADY,653,2.69458,5.41473,0.106409,0.0490046,0.148545,15,2,18,1,20,1,0,152,103,0,0,0,4a424577,c79f418b
393,33,33,0,1,2100000393,1,2,1,1405,1,44,0,29,4490,0,STEADY,469,2.71742,4.14527,0.134638,0.0447761,0.144989,15,0,13,2,13,1,0,152,108,0,0,29,4a424577,c79f418b
394,34,34,1,1,2100000394,0,3,0,1420,1,0,52,28,4470,0,STEADY,474,4.26366,5.63566,0.210432,0.468354,0.280591,95,46,7,19,0,0,2,88,140,0,0,67,4a424577,c79f418b
394,34,34,1,1,2100000394,1,3,0,1686,1,0,41,32,5240,0,STEADY,562,4.71253,3.83964,0.309466,0.459075,0.220641,432,106,6,24,0,1,1,99,140,0,0,591,4a424577,c79f418b
395,35,35,2,1,2100000395,0,0,1,1519,1,53,0,32,4800,0,STEADY,507,3.05287,3.38406,0.108225,0.00591716,0.13215,0,0,16,14,0,1,1,101,48,0,0,124,4a424577,c79f418b
395,35,35,2,1,2100000395,1,0,1,1627,1,37,0,34,5090,0,STEADY,543,3.01154,3.16617,0.0980663,0.00552486,0.241252,15,3,17,15,0,1,1,101,64,0,0,176,4a424577,c79f418b
396,36,36,3,1,2100000396,0,1,0,862,1,0,15,17,3060,0,STEADY,288,3.53196,2.7837,0.201163,0.309028,0.149306,96,5,2,14,0,0,1,78,93,0,0,93,4a424577,c79f418b
396,36,36,3,1,2100000396,1,1,0,933,1,0,39,19,3330,0,STEADY,311,3.79586,3.2418,0.181093,0.305466,0.189711,93,16,1,17,0,1,0,54,93,0,0,114,4a424577,c79f418b
397,37,37,4,1,2100000397,0,2,1,945,1,116,0,19,3360,0,STEADY,315,3.06403,2.77524,0.167333,0.0412698,0.307937,0,0,16,0,1,0,2,150,34,0,0,128,4a424577,c79f418b
397,37,37,4,1,2100000397,1,2,1,1646,1,74,0,31,5440,0,STEADY,549,2.96872,1.23711,0.121794,0.102004,0.391621,0,0,28,0,2,0,1,150,76,0,0,339,4a424577,c79f418b
398,38,38,5,1,2100000398,0,3,1,1660,2,81,104,30,5280,0,STEADY,554,5.43233,2.65936,0.220054,0.584838,0.0758123,0,0,15,12,0,1,2,0,23,0,0,600,4a424577,c79f418b
398,38,38,5,1,2100000398,1,3,0,731,1,0,18,14,2560,0,STEADY,244,6.14882,4.51459,0.408893,0.586066,0.139344,40,9,8,3,0,1,2,86,104,0,0,73,4a424577,c79f418b
399,39,39,0,1,2100000399,0,0,1,2062,1,3,0,37,6720,0,STEADY,688,3.07528,3.22665,0.144789,0.125,0.462209,51,26,16,1,4,11,5,114,111,0,16,454,4a424577,c79f418b
399,39,39,0,1,2100000399,1,0,0,2096,1,0,3,37,6760,0,STEADY,699,3.34373,2.5459,0.146724,0.144492,0.466381,319,131,15,2,2,12,6,111,114,0,0,353,4a424577,c79f418b
400,0,7,2,1,2100000400,0,2,1,720,1,67,0,15,2660,0,STEADY,240,3.65856,6.52773,0.333229,0.170833,0.283333,0,0,3,7,1,1,3,100,46,0,0,0,4a424577,c79f418b
400,0,7,2,1,2100000400,1,2,1,757,1,55,0,16,2850,0,STEADY,253,3.09333,2.15404,0.197075,0.185771,0.379447,0,0,1,9,0,0,6,100,58,0,0,61,4a424577,c79f418b
401,1,8,3,1,2100000401,0,3,1,976,1,49,0,21,3260,0,STEADY,326,3.96087,2.52533,0.204739,0.52454,0.0337423,63,0,10,7,1,2,1,116,87,0,75,89,4a424577,c79f418b
401,1,8,3,1,2100000401,1,3,1,658,1,50,0,15,2220,0,STEADY,220,3.64122,2.29471,0.263273,0.509091,0.0863636,15,6,9,2,0,2,2,116,86,0,36,254,4a424577,c79f418b
402,2,9,4,1,2100000402,0,0,1,983,1,76,0,19,3470,0,STEADY,328,5.35399,5.14521,0.177027,0.487805,0.295732,0,0,3,15,0,0,1,149,18,0,0,0,4a424577,c79f418b
402,2,9,4,1,2100000402,1,0,1,1439,1,94,0,27,4830,0,STEADY,480,4.08681,2.56372,0.139979,0.466667,0.283333,0,0,3,23,0,0,1,149,0,0,0,320,4a424577,c79f418b
403,3,10,5,1,2100000403,0,1,0,722,1,0,124,14,2440,0,STEADY,241,6.39647,7.54433,0.278548,0.286307,0.443983,49,0,12,0,0,1,1,0,106,0,0,0,4a424577,c79f418b
403,3,10,5,1,2100000403,1,1,0,716,1,0,113,15,2640,0,STEADY,239,6.00502,5.67496,0.270397,0.330544,0.251046,64,0,12,0,0,1,2,11,106,0,6,0,4a424577,c79f418b
404,4,11,0,1,2100000404,0,2,1,2471,1,39,0,49,8650,0,STEADY,824,3.56719,5.99396,0.238942,0.242718,0.320388,32,23,4,30,1,1,13,117,84,0,0,44,4a424577,c79f418b
404,4,11,0,1,2100000404,1,2,0,1480,1,0,20,32,5180,0,STEADY,494,3.56494,2.5238,0.206822,0.283401,0.234818,44,13,9,19,1,1,2,111,123,0,0,345,4a424577,c79f418b
405,5,12,1,1,2100000405,0,3,1,1468,1,35,0,30,4640,0,STEADY,490,3.01732,4.90985,0.175031,0.302041,0.0591837,28,0,18,2,0,6,4,111,106,0,46,0,4a424577,c79f418b
405,5,12,1,1,2100000405,1,3,1,1087,1,55,0,22,3680,0,STEADY,363,2.90075,3.64238,0.199862,0.30303,0.077135,15,0,11,3,1,3,4,111,86,0,67,26,4a424577,c79f418b
406,6,13,2,1,2100000406,0,0,1,727,1,107,0,15,2780,0,STEADY,243,4.52461,5.86408,0.219424,0,0.144033,0,0,12,0,2,0,1,104,24,0,0,37,4a424577,c79f418b
406,6,13,2,1,2100000406,1,0,1,439,1,131,0,10,1920,0,STEADY,147,4.74767,5.84961,0.321497,0.0680272,0.278912,0,0,7,1,1,1,0,104,0,0,0,11,4a424577,c79f418b
407,7,14,3,1,2100000407,0,1,1,463,1,22,0,12,1960,0,STEADY,155,2.98923,1.86543,0.194613,0.135484,0.0451613,30,0,6,3,1,1,1,113,78,0,0,26,4a424577,c79f418b
407,7,14,3,1,2100000407,1,1,1,514,1,100,0,13,2000,0,STEADY,172,2.8797,2.99471,0.192238,0.122093,0.0988372,0,0,8,3,1,1,0,113,0,0,0,5,4a424577,c79f418b
408,8,15,4,1,2100000408,0,2,1,844,1,80,0,18,2970,0,STEADY,282,4.02016,4.07908,0.216897,0.237589,0,0,0,10,2,5,1,0,118,36,0,0,29,4a424577,c79f418b
408,8,15,4,1,2100000408,1,2,1,691,1,80,0,16,2460,0,STEADY,231,4.20793,4.49481,0.253203,0.164502,0.25974,0,0,6,2,7,0,1,118,36,0,0,0,4a424577,c79f418b
409,9,16,5,1,2100000409,0,3,1,2350,1,51,0,43,7240,0,STEADY,784,2.98626,4.69011,0.136939,0.0140306,0.107143,2,0,11,23,0,1,8,115,102,4,0,130,4a424577,c79f418b
409,9,16,5,1,2100000409,1,3,1,808,1,106,0,16,2800,0,STEADY,270,3.41872,6.42333,0.253481,0.0481481,0.140741,0,0,4,8,0,2,2,115,43,0,0,60,4a424577,c79f418b
410,10,17,0,1,2100000410,0,0,1,1114,1,9,0,22,3880,0,STEADY,372,2.43077,4.47798,0.134839,0.0403226,0.174731,98,28,19,2,1,0,0,104,115,0,0,3,4a424577,c79f418b
410,10,17,0,1,2100000410,1,0,1,1109,1,102,0,22,3880,0,STEADY,370,3.25183,4.57734,0.140892,0.0486486,0.181081,0,0,19,2,1,0,0,116,22,0,0,33,4a424577,c79f418b
411,11,18,1,1,2100000411,0,1,1,673,1,85,0,16,2400,0,STEADY,225,3.06286,3.32663,0.216933,0.106667,0.0355556,0,0,11,2,0,1,2,129,32,0,10,53,4a424577,c79f418b
411,11,18,1,1,2100000411,1,1,1,751,1,45,0,17,2640,0,STEADY,251,3.35837,3.36693,0.219263,0.123506,0.00398406,18,0,11,3,0,2,1,129,84,12,20,22,4a424577,c79f418b
412,12,19,2,1,2100000412,0,2,1,833,1,51,0,17,2840,0,STEADY,278,2.82249,4.16076,0.150486,0.21223,0.122302,0,0,8,1,5,1,2,132,60,0,0,65,4a424577,c79f418b
412,12,19,2,1,2100000412,1,2,0,1243,1,0,64,25,3970,0,STEADY,415,2.83179,5.5281,0.119494,0.110843,0.195181,96,26,14,1,4,1,5,68,111,0,0,33,4a424577,c79f418b
413,13,20,3,1,2100000413,0,3,0,1244,1,0,29,24,4220,0,STEADY,415,5.89175,4.27447,0.175566,0.462651,0.262651,134,29,21,1,2,0,0,41,104,0,0,207,4a424577,c79f418b
413,13,20,3,1,2100000413,1,3,1,1047,1,6,0,21,3710,0,STEADY,349,5.32443,3.43472,0.172407,0.512894,0.111748,108,31,17,2,2,0,0,82,98,0,0,145,4a424577,c79f418b
414,14,21,4,1,2100000414,0,0,1,1477,1,92,0,32,4440,0,STEADY,493,2.45363,3.36648,0.160375,0.020284,0.00811359,0,0,9,17,3,1,2,124,21,0,15,54,4a424577,c79f418b
414,14,21,4,1,2100000414,1,0,1,1666,1,56,0,36,4960,0,STEADY,556,2.64812,5.28216,0.140396,0.0143885,0.00179856,0,0,8,21,2,1,4,124,57,0,0,3,4a424577,c79f418b
415,15,22,5,1,2100000415,0,1,0,1538,1,0,87,32,4680,0,STEADY,513,2.9887,4.19632,0.153967,0.385965,0.152047,135,12,17,12,0,2,1,88,118,0,0,0,4a424577,c79f418b
415,15,22,5,1,2100000415,1,1,1,1663,1,14,0,35,4790,0,STEADY,555,2.75672,2.75848,0.147676,0.457658,0.194595,128,3,25,7,0,2,1,175,104,0,0,326,4a424577,c79f418b
416,16,23,0,1,2100000416,0,2,1,934,1,103,0,19,3400,0,STEADY,312,2.85612,3.51204,0.157292,0.0544872,0.0865385,0,0,16,2,0,0,1,107,12,0,0,14,4a424577,c79f418b
416,16,23,0,1,2100000416,1,2,1,939,1,53,0,19,3400,0,STEADY,313,2.43335,3.80062,0.164425,0.0127796,0.0894569,0,0,16,1,1,0,1,115,62,0,0,0,4a424577,c79f418b
417,17,24,1,1,2100000417,0,3,1,439,1,16,0,11,1560,0,STEADY,147,2.97162,2.51973,0.413605,0.156463,0.170068,23,12,6,1,0,2,2,125,86,12,0,76,4a424577,c79f418b
417,17,24,1,1,2100000417,1,3,1,554,1,57,0,12,2080,0,STEADY,185,3.12099,3.99509,0.283919,0.237838,0.162162,0,0,4,2,0,4,2,125,53,18,0,69,4a424577,c79f418b
418,18,25,2,1,2100000418,0,0,1,852,1,115,0,18,2650,0,STEADY,284,3.53955,3.10818,0.217873,0.0633803,0.644366,0,0,15,2,0,0,1,104,14,0,0,141,4a424577,c79f418b
418,18,25,2,1,2100000418,1,0,1,857,1,87,0,18,2720,0,STEADY,286,4.3711,2.82174,0.216168,0.125874,0.346154,0,0,14,2,0,0,2,104,42,0,0,171,4a424577,c79f418b
419,19,26,3,1,2100000419,0,1,0,1368,1,0,3,26,4660,0,STEADY,456,3.81657,7.03726,0.150746,0.239035,0.379386,120,25,18,0,0,1,7,105,132,0,0,18,4a424577,c79f418b
419,19,26,3,1,2100000419,1,1,0,1095,1,0,48,22,3800,0,STEADY,365,3.76794,2.31096,0.166959,0.517808,0.326027,152,56,20,0,0,1,1,60,132,0,0,364,4a424577,c79f418b
420,20,27,4,1,2100000420,0,2,1,1238,1,45,0,21,4330,0,STEADY,413,6.04412,7.64586,0.270133,0.33414,0.0968523,0,0,13,4,0,2,2,145,57,0,0,47,4a424577,c79f418b
420,20,27,4,1,2100000420,1,2,1,1949,1,86,0,33,6520,0,STEADY,650,5.47995,8.03725,0.184492,0.373846,0.127692,0,0,20,4,0,6,3,139,16,0,0,0,4a424577,c79f418b
421,21,28,5,1,2100000421,0,3,1,883,1,124,0,20,2780,0,STEADY,295,2.82651,8.68024,0.184525,0.0101695,0.108475,0,0,2,15,1,0,2,111,0,0,0,0,4a424577,c79f418b
421,21,28,5,1,2100000421,1,3,1,607,1,99,0,15,2110,0,STEADY,203,2.80963,7.97676,0.261453,0.0246305,0.0541872,0,0,3,10,0,0,2,107,25,0,0,0,4a424577,c79f418b
422,22,29,0,1,2100000422,0,0,1,2700,3,129,36,43,9500,0,STEADY,900,2.38843,1.9262,0.138518,0.133333,0.322222,0,0,18,6,12,0,7,66,46,0,108,342,4a424577,c79f418b
422,22,29,0,1,2100000422,1,0,1,2675,1,73,0,42,9370,0,STEADY,892,2.50279,1.80295,0.138632,0.141256,0.34417,0,0,8,9,12,0,13,102,102,0,25,241,4a424577,c79f418b
423,23,30,1,1,2100000423,0,1,1,1192,1,29,0,24,3860,0,STEADY,398,3.38535,5.70305,0.189435,0.173367,0,167,0,7,14,1,0,2,125,97,21,0,36,4a424577,c79f418b
423,23,30,1,1,2100000423,1,1,1,1090,1,80,0,24,3510,0,STEADY,364,2.68613,3.55655,0.167871,0.10989,0.010989,0,0,14,7,1,0,2,119,45,20,0,1,4a424577,c79f418b
424,24,31,2,1,2100000424,0,2,0,1242,1,0,10,26,3920,0,STEADY,414,3.39335,2.60919,0.152258,0.471014,0.190821,236,53,18,4,0,2,2,140,125,0,3,282,4a424577,c79f418b
424,24,31,2,1,2100000424,1,2,1,1390,1,52,0,26,4720,0,STEADY,464,4.19529,5.92568,0.185647,0.306034,0.12069,0,0,11,9,1,3,2,141,73,0,29,31,4a424577,c79f418b
425,25,32,3,1,2100000425,0,3,0,678,1,0,16,14,2500,0,STEADY,226,3.71097,3.69485,0.223982,0.287611,0.039823,96,0,0,10,1,0,3,105,104,0,23,27,4a424577,c79f418b
425,25,32,3,1,2100000425,1,3,0,1677,1,0,65,30,5400,0,STEADY,559,4.03509,4.12179,0.219419,0.280859,0.0608229,93,5,0,20,4,0,6,56,104,0,51,166,4a424577,c79f418b
426,26,33,4,1,2100000426,0,0,0,631,1,0,50,16,2230,0,STEADY,211,3.1206,1.92004,0.235,0.0805687,0.417062,16,0,11,3,0,0,2,102,108,0,0,185,4a424577,c79f418b
426,26,33,4,1,2100000426,1,0,0,451,1,0,61,12,1800,0,STEADY,151,3.15291,2.80986,0.280629,0.145695,0.0927152,16,0,6,4,0,0,2,91,108,0,0,9,4a424577,c79f418b
427,27,34,5,1,2100000427,0,1,1,2641,1,72,0,48,8220,0,STEADY,881,5.07402,3.4135,0.147491,0.374574,0.305335,0,0,46,0,0,0,2,136,73,0,0,576,4a424577,c79f418b
427,27,34,5,1,2100000427,1,1,0,1016,2,89,106,20,3460,0,STEADY,339,5.5641,4.64522,0.272434,0.309735,0.353982,0,0,18,0,0,0,2,34,56,0,0,102,4a424577,c79f418b
428,28,35,0,1,2100000428,0,2,1,406,1,69,0,9,1800,0,STEADY,136,5.49538,2.81309,0.324338,0.375,0.132353,0,0,2,5,1,0,1,101,42,0,0,115,4a424577,c79f418b
428,28,35,0,1,2100000428,1,2,1,967,1,55,0,19,3430,0,STEADY,323,4.8602,4.31827,0.170232,0.414861,0.294118,0,0,2,15,0,0,2,101,56,0,0,122,4a424577,c79f418b
429,29,36,1,1,2100000429,0,3,0,655,1,0,3,14,2360,0,STEADY,219,3.47137,2.88775,0.227991,0.324201,0.0593607,59,5,7,1,3,0,3,90,102,0,25,68,4a424577,c79f418b
429,29,36,1,1,2100000429,1,3,0,571,1,0,46,13,2160,0,STEADY,191,4.27143,3.14096,0.273482,0.324607,0.0942408,58,9,7,1,3,0,2,47,102,0,15,60,4a424577,c79f418b
430,30,37,2,1,2100000430,0,0,1,2104,1,57,0,54,5450,0,STEADY,702,3.60604,5.49701,0.131499,0.0413105,0.334758,0,0,51,2,0,0,1,129,68,0,0,69,4a424577,c79f418b
430,30,37,2,1,2100000430,1,0,1,1442,1,91,0,37,4030,0,STEADY,481,4.09657,5.54752,0.129705,0.037422,0.237006,0,0,33,2,0,0,2,150,34,0,0,57,4a424577,c79f418b
431,31,38,3,1,2100000431,0,1,0,781,1,0,76,15,2490,0,STEADY,261,5.16486,4.00246,0.363927,0.333333,0.130268,36,16,5,6,1,0,3,28,141,9,0,118,4a424577,c79f418b
431,31,38,3,1,2100000431,1,1,0,647,1,0,85,14,2140,0,STEADY,216,4.68681,3.49872,0.374815,0.351852,0.101852,40,13,8,3,1,0,2,19,132,0,0,162,4a424577,c79f418b
432,32,39,4,1,2100000432,0,2,1,1057,1,30,0,21,3790,0,STEADY,353,2.76316,5.65225,0.119108,0.11898,0.175637,40,16,18,0,1,1,1,114,91,0,0,12,4a424577,c79f418b
432,32,39,4,1,2100000432,1,2,1,1115,1,5,0,22,3960,0,STEADY,372,2.21568,5.18934,0.12293,0.0483871,0.0887097,74,7,19,0,1,1,1,114,116,0,0,33,4a424577,c79f418b
433,33,0,5,1,2100000433,0,3,1,481,1,55,0,12,1900,0,STEADY,161,3.65826,3.68749,0.297205,0.0248447,0.111801,31,8,6,0,4,0,2,109,97,0,0,62,4a424577,c79f418b
433,33,0,5,1,2100000433,1,3,1,640,1,98,0,15,2310,0,STEADY,214,3.57354,4.58771,0.24229,0.0140187,0.17757,0,0,7,0,6,0,2,109,54,0,0,58,4a424577,c79f418b
434,34,1,0,1,2100000434,0,0,0,1396,1,0,26,30,4280,0,STEADY,466,3.10162,2.53269,0.148863,0.527897,0.135193,244,28,19,8,0,1,2,110,140,0,0,447,4a424577,c79f418b
434,34,1,0,1,2100000434,1,0,1,861,2,118,116,19,2930,0,STEADY,287,4.41419,2.01627,0.234303,0.491289,0.209059,0,0,8,9,0,1,1,20,22,0,0,600,4a424577,c79f418b
435,35,2,1,1,2100000435,0,1,0,515,1,0,80,13,1920,0,STEADY,172,3.58149,2.50528,0.248285,0.0174419,0.302326,21,8,4,7,0,1,1,14,101,0,10,176,4a424577,c79f418b
435,35,2,1,1,2100000435,1,1,1,1696,1,77,0,34,5340,0,STEADY,566,3.47713,4.8254,0.129435,0,0.226148,0,0,22,10,0,1,1,94,24,0,10,91,4a424577,c79f418b
436,36,3,2,1,2100000436,0,2,0,651,1,0,16,14,2520,0,STEADY,217,4.41077,2.66012,0.205,0.285714,0.364055,54,8,2,12,0,0,0,81,93,0,0,110,4a424577,c79f418b
436,36,3,2,1,2100000436,1,2,0,538,1,0,28,12,2180,0,STEADY,180,4.22217,2.04332,0.198528,0.305556,0.277778,58,17,2,10,0,0,0,78,93,0,0,95,4a424577,c79f418b
437,37,4,3,1,2100000437,0,3,1,714,1,84,0,15,2720,0,STEADY,238,3.45785,2.16781,0.231387,0.327731,0.0798319,0,0,12,0,2,0,1,123,66,0,0,97,4a424577,c79f418b
437,37,4,3,1,2100000437,1,3,1,853,1,67,0,17,3130,0,STEADY,285,3.40196,1.83448,0.206,0.119298,0.22807,0,0,14,1,2,0,0,123,83,0,0,316,4a424577,c79f418b
438,38,5,4,1,2100000438,0,0,1,971,1,65,0,19,3370,0,STEADY,324,3.78393,5.76164,0.208951,0.506173,0.382716,0,0,9,6,1,0,3,141,39,0,0,6,4a424577,c79f418b
438,38,5,4,1,2100000438,1,0,0,688,1,0,34,15,2610,0,STEADY,230,3.40173,4.23326,0.293283,0.517391,0.1,34,2,7,6,0,0,2,107,104,0,0,0,4a424577,c79f418b
439,39,6,5,1,2100000439,0,1,0,1858,1,0,5,33,5960,0,STEADY,620,3.36929,6.51821,0.179315,0.208065,0.0564516,131,0,15,2,5,9,2,126,114,0,25,0,4a424577,c79f418b
439,39,6,5,1,2100000439,1,1,1,697,1,50,0,15,2400,0,STEADY,233,3.23005,2.3711,0.254356,0.261803,0.158798,0,0,9,2,1,2,1,131,64,0,20,280,4a424577,c79f418b
440,0,14,1,1,2100000440,0,3,0,1011,1,0,52,22,3400,0,STEADY,337,2.72921,6.8615,0.185371,0.163205,0.510386,177,121,10,9,0,1,2,61,113,0,0,0,4a424577,c79f418b
440,0,14,1,1,2100000440,1,3,1,787,1,23,0,19,2690,0,STEADY,263,2.44655,5.07539,0.189125,0.106464,0.353612,113,28,12,5,0,0,2,113,90,0,0,0,4a424577,c79f418b
441,1,15,2,1,2100000441,0,0,1,868,1,92,0,20,2890,0,STEADY,290,3.47365,2.2125,0.197707,0.475862,0.0896552,0,0,12,5,0,1,2,129,44,0,74,482,4a424577,c79f418b
441,1,15,2,1,2100000441,1,0,1,457,1,46,0,12,1800,0,STEADY,153,3.587,2.80309,0.315621,0.379085,0,15,0,6,4,0,1,1,118,90,0,22,0,4a424577,c79f418b
442,2,16,3,1,2100000442,0,1,0.5,1187,1,0,0,22,4130,0,STEADY,396,5.85082,4.04454,0.166452,0.441919,0.224747,138,12,3,16,1,0,2,115,94,0,0,150,4a424577,c79f418b
442,2,16,3,1,2100000442,1,1,1,1572,1,2,0,27,5240,0,STEADY,524,6.28932,5.71327,0.146708,0.444656,0.146947,347,52,8,16,0,0,3,115,92,0,0,0,4a424577,c79f418b
443,3,17,4,1,2100000443,0,2,1,1456,1,75,0,28,4860,0,STEADY,486,3.45436,7.30895,0.132603,0.279835,0.148148,0,0,26,1,0,1,0,96,31,0,0,92,4a424577,c79f418b
443,3,17,4,1,2100000443,1,2,1,1398,1,81,0,27,4680,0,STEADY,466,3.96567,3.95089,0.125923,0.285408,0.122318,0,0,24,0,0,1,2,100,25,0,0,113,4a424577,c79f418b
444,4,18,5,1,2100000444,0,3,1,720,1,15,0,17,2650,0,STEADY,240,4.31282,2.51676,0.312325,0.395833,0.0541667,46,2,8,6,1,1,1,129,108,0,0,252,4a424577,c79f418b
444,4,18,5,1,2100000444,1,3,0,1254,1,0,31,29,4210,0,STEADY,418,4.01158,4.13016,0.20634,0.392344,0.239234,180,73,17,10,1,1,0,98,123,0,0,313,4a424577,c79f418b
445,5,19,0,1,2100000445,0,0,0,1186,1,0,96,22,3520,0,STEADY,396,2.86497,4.5899,0.181932,0.209596,0.0555556,98,0,12,1,1,3,5,36,141,0,24,108,4a424577,c79f418b
445,5,19,0,1,2100000445,1,0,0,1252,1,0,51,24,3560,0,STEADY,418,2.98487,7.31628,0.160455,0.287081,0,154,0,17,2,1,4,0,81,141,0,36,8,4a424577,c79f418b
446,6,20,1,1,2100000446,0,1,1,862,1,73,0,18,3190,0,STEADY,288,3.00541,5.90628,0.200087,0.0173611,0.204861,0,0,16,0,1,0,1,78,58,0,0,31,4a424577,c79f418b
446,6,20,1,1,2100000446,1,1,1,885,1,47,0,18,3260,0,STEADY,295,2.97568,6.19668,0.219119,0,0.152542,74,0,16,0,2,0,0,82,84,0,0,75,4a424577,c79f418b
447,7,21,2,1,2100000447,0,2,1,1534,1,79,0,34,4610,0,STEADY,512,2.80517,2.33592,0.091875,0.0449219,0.00585938,0,0,27,4,0,1,2,124,21,0,0,41,4a424577,c79f418b
447,7,21,2,1,2100000447,1,2,1,1660,1,51,0,35,5090,0,STEADY,554,3.38932,5.26243,0.09787,0.110108,0.00902527,0,0,21,12,1,1,0,124,49,0,0,12,4a424577,c79f418b
448,8,22,3,1,2100000448,0,3,1,2452,1,90,0,49,7240,0,STEADY,818,3.5614,2.29602,0.124352,0.290954,0.306846,0,0,18,1,27,2,1,175,26,0,0,375,4a424577,c79f418b
448,8,22,3,1,2100000448,1,3,0,2371,1,0,136,32,5660,0,STEADY,791,12.5251,11.6279,0.533818,0.664981,0.273072,75,0,27,3,0,1,1,9,116,0,0,10,4a424577,c79f418b
449,9,23,4,1,2100000449,0,0,1,1747,1,123,0,35,5430,0,STEADY,583,2.91259,5.50012,0.133877,0.0120069,0.348199,0,0,7,24,1,0,3,111,36,10,0,44,4a424577,c79f418b
449,9,23,4,1,2100000449,1,0,1,1864,1,133,0,38,5710,0,STEADY,622,2.81031,5.16965,0.111953,0.0418006,0.389068,0,0,5,27,1,0,5,107,24,8,0,18,4a424577,c79f418b
450,10,24,5,1,2100000450,0,1,0,1159,1,0,19,23,3980,0,STEADY,387,2.46018,6.26798,0.156305,0.0258398,0.0516796,193,14,20,2,0,0,1,106,124,0,0,46,4a424577,c79f418b
450,10,24,5,1,2100000450,1,1,1,1461,1,22,0,28,4900,0,STEADY,487,2.51184,6.87422,0.129979,0.0657084,0.143737,38,3,25,2,1,0,0,125,102,0,0,76,4a424577,c79f418b
451,11,25,0,1,2100000451,0,2,1,1363,1,36,0,28,4360,0,STEADY,455,3.46221,3.79121,0.167253,0.151648,0.195604,14,5,19,7,0,1,1,104,81,0,10,76,4a424577,c79f418b
451,11,25,0,1,2100000451,1,2,1,1047,2,90,86,23,3360,0,STEADY,349,4.28379,2.11448,0.174298,0.117479,0.449857,0,0,17,2,1,2,1,18,39,12,10,600,4a424577,c79f418b
452,12,26,1,1,2100000452,0,3,0,853,1,0,39,19,2980,0,STEADY,285,3.08507,2.73838,0.204263,0.0736842,0.298246,48,37,12,1,3,2,1,69,111,0,0,238,4a424577,c79f418b
452,12,26,1,1,2100000452,1,3,0,784,1,0,36,16,2850,0,STEADY,262,3.45733,3.05973,0.17145,0.183206,0.164122,99,20,6,1,4,2,3,72,111,0,0,66,4a424577,c79f418b
453,13,27,2,1,2100000453,0,0,1,641,1,19,0,14,2520,0,STEADY,214,4.98975,4.2208,0.226612,0.448598,0.0373832,31,0,11,1,2,0,0,145,85,0,0,55,4a424577,c79f418b
453,13,27,2,1,2100000453,1,0,0,808,1,0,87,17,2990,0,STEADY,270,4.13438,2.09141,0.172481,0.440741,0.17037,182,42,14,1,1,0,1,58,104,0,0,125,4a424577,c79f418b
454,14,28,3,1,2100000454,0,1,1,588,1,113,0,13,2000,0,STEADY,196,2.93797,5.02247,0.318469,0.0255102,0.0153061,0,0,3,5,1,1,3,111,0,0,0,27,4a424577,c79f418b
454,14,28,3,1,2100000454,1,1,0,360,1,0,34,9,1440,0,STEADY,120,3.51577,7.38761,0.430875,0.0583333,0.0166667,46,2,1,4,1,2,1,77,113,0,17,0,4a424577,c79f418b
455,15,29,4,1,2100000455,0,2,1,1009,1,33,0,21,3420,0,STEADY,337,3.68658,3.07148,0.242359,0.439169,0.127596,31,0,8,7,1,2,3,102,85,0,24,92,4a424577,c79f418b
455,15,29,4,1,2100000455,1,2,0,1192,1,0,30,25,3890,0,STEADY,398,3.07022,2.51271,0.163455,0.467337,0.040201,48,3,9,13,0,1,2,72,118,0,0,150,4a424577,c79f418b
456,16,30,5,1,2100000456,0,3,1,1099,1,47,0,21,3940,0,STEADY,367,3.48015,6.43446,0.17951,0.0708447,0.141689,0,0,18,2,0,1,0,125,68,0,0,0,4a424577,c79f418b
456,16,30,5,1,2100000456,1,3,1,1524,1,8,0,29,5170,0,STEADY,508,2.23815,4.45281,0.161181,0.0531496,0.0216535,57,0,25,3,0,0,1,125,107,0,0,0,4a424577,c79f418b
457,17,31,0,1,2100000457,0,0,1,451,1,16,0,11,1680,0,STEADY,151,3.0059,3.17475,0.333411,0.0860927,0.0596026,36,5,5,1,0,2,3,132,84,6,0,2,4a424577,c79f418b
457,17,31,0,1,2100000457,1,0,1,685,1,83,0,15,2300,0,STEADY,229,2.93055,4.15522,0.242598,0.152838,0.161572,0,0,7,2,0,3,3,141,15,18,0,7,4a424577,c79f418b
458,18,32,1,1,2100000458,0,1,1,493,1,83,0,12,2060,0,STEADY,165,4.40862,2.90423,0.312648,0.193939,0.133333,0,0,7,3,0,1,1,121,46,0,18,129,4a424577,c79f418b
458,18,32,1,1,2100000458,1,1,1,1528,1,84,0,28,3970,0,STEADY,510,4.32952,3.77347,0.131798,0.0235294,0.286275,0,0,24,1,0,1,2,121,45,0,18,271,4a424577,c79f418b
459,19,33,2,1,2100000459,0,2,0,1300,1,0,30,25,4420,0,STEADY,434,4.06639,2.60582,0.127062,0.410138,0.251152,117,13,22,2,0,1,0,122,132,0,22,115,4a424577,c79f418b
459,19,33,2,1,2100000459,1,2,0,1177,1,0,32,23,4040,0,STEADY,393,3.65205,2.88682,0.132837,0.26972,0.407125,141,55,20,1,0,1,1,120,132,0,22,118,4a424577,c79f418b
460,20,34,3,1,2100000460,0,3,1,1462,2,54,15,26,4990,0,STEADY,488,5.3678,3.14131,0.180922,0.420082,0.141393,0,0,18,2,1,3,2,125,48,0,8,600,4a424577,c79f418b
460,20,34,3,1,2100000460,1,3,1,999,2,57,19,18,3470,0,STEADY,333,4.78027,1.88606,0.232898,0.66967,0.045045,0,0,13,2,0,2,1,121,45,0,10,600,4a424577,c79f418b
461,21,35,4,1,2100000461,0,0,1,514,1,46,0,13,1990,0,STEADY,172,2.90229,3.43101,0.221076,0.00581395,0.104651,15,0,3,7,1,0,2,101,78,0,0,1,4a424577,c79f418b
461,21,35,4,1,2100000461,1,0,1,2227,1,46,0,45,6700,0,STEADY,743,2.88432,6.16105,0.0941723,0.00403769,0.188425,13,8,22,21,1,0,1,101,78,0,0,20,4a424577,c79f418b
462,22,36,5,1,2100000462,0,1,1,1726,1,12,0,29,6230,0,STEADY,576,2.57633,2.77873,0.163842,0.295139,0.138889,206,17,6,3,8,1,11,93,163,0,52,133,4a424577,c79f418b
462,22,36,5,1,2100000462,1,1,1,2206,1,88,0,37,7950,0,STEADY,736,2.31132,6.4379,0.153569,0.182065,0.298913,0,0,10,3,11,2,11,25,87,0,64,370,4a424577,c79f418b
463,23,37,0,1,2100000463,0,2,1,1695,1,88,0,32,5410,0,STEADY,565,2.96535,5.69964,0.143389,0.189381,0.0353982,0,0,5,21,1,0,5,150,38,21,0,82,4a424577,c79f418b
463,23,37,0,1,2100000463,1,2,1,1426,1,105,0,28,4620,0,STEADY,476,3.27813,5.84398,0.196197,0.19958,0.012605,0,0,4,22,0,0,2,150,21,21,0,43,4a424577,c79f418b
464,24,38,1,1,2100000464,0,3,1,343,1,49,0,8,1480,0,STEADY,115,4.44789,4.11198,0.463261,0.269565,0.182609,12,8,3,2,1,1,1,104,76,0,20,61,4a424577,c79f418b
464,24,38,1,1,2100000464,1,3,1,1049,1,20,0,20,3400,0,STEADY,350,4.62938,4.59801,0.2634,0.311429,0.162857,70,3,10,5,0,2,3,104,105,0,40,110,4a424577,c79f418b
465,25,39,2,1,2100000465,0,0,1,848,1,36,0,18,2920,0,STEADY,283,3.11467,1.58952,0.188816,0.441696,0.254417,0,0,4,12,1,0,1,114,68,0,0,256,4a424577,c79f418b
465,25,39,2,1,2100000465,1,0,0,1405,1,0,20,29,4420,0,STEADY,469,3.00287,2.0273,0.13533,0.434968,0.270789,150,55,12,14,1,0,2,94,104,0,0,293,4a424577,c79f418b
466,26,0,3,1,2100000466,0,1,1,1105,1,17,0,23,3670,0,STEADY,369,3.88603,2.9821,0.221667,0.249322,0.200542,80,18,6,15,0,0,2,113,91,0,0,183,4a424577,c79f418b
466,26,0,3,1,2100000466,1,1,1,2117,1,44,0,42,6450,0,STEADY,706,3.19774,3.75479,0.126048,0.240793,0.263456,0,0,15,25,0,0,2,113,64,0,0,94,4a424577,c79f418b
467,27,1,4,1,2100000467,0,2,0,2700,3,68,78,49,8390,0,STEADY,900,4.68664,3.32374,0.111522,0.495556,0.19,0,0,47,0,0,0,2,34,77,0,0,120,4a424577,c79f418b
467,27,1,4,1,2100000467,1,2,0,1343,1,0,86,26,4520,0,STEADY,448,3.55033,2.19506,0.174219,0.5,0.183036,117,18,24,1,0,0,1,50,145,0,0,63,4a424577,c79f418b
468,28,2,5,1,2100000468,0,3,1,600,1,33,0,11,2140,0,STEADY,200,6.2029,5.39287,0.3974,0.29,0.095,4,0,3,6,0,0,2,94,78,0,0,65,4a424577,c79f418b
468,28,2,5,1,2100000468,1,3,0,478,1,0,75,9,1880,0,STEADY,160,7.77137,3.32647,0.499094,0.43125,0,38,0,5,4,0,0,0,19,111,0,0,0,4a424577,c79f418b
469,29,3,0,1,2100000469,0,0,1,1189,1,2,0,24,3960,0,STEADY,397,3.03627,4.3335,0.173917,0.219144,0.221662,122,35,13,1,4,1,5,103,100,0,11,128,4a424577,c79f418b
469,29,3,0,1,2100000469,1,0,1,790,1,19,0,17,2840,0,STEADY,264,3.1285,2.96855,0.221496,0.212121,0.140152,30,0,9,1,4,0,3,91,83,0,22,86,4a424577,c79f418b
470,30,4,1,1,2100000470,0,1,1,516,1,108,0,15,1940,0,STEADY,172,4.03171,4.0333,0.289692,0.104651,0.0348837,0,0,12,2,0,0,1,123,17,0,0,0,4a424577,c79f418b
470,30,4,1,1,2100000470,1,1,1,666,1,76,0,18,2290,0,STEADY,222,3.57296,2.28207,0.227207,0.0405405,0.225225,0,0,14,2,0,1,1,123,49,0,0,199,4a424577,c79f418b
471,31,5,2,1,2100000471,0,2,0,1498,1,0,27,32,4520,0,STEADY,500,2.83847,2.37052,0.12563,0.304,0.31,239,37,23,5,1,1,2,114,141,9,12,203,4a424577,c79f418b
471,31,5,2,1,2100000471,1,2,1,2005,1,96,0,41,5980,0,STEADY,669,3.55219,4.85521,0.109806,0.372197,0.334828,0,0,23,15,1,0,2,141,36,0,0,309,4a424577,c79f418b
472,32,6,3,1,2100000472,0,3,1,1993,1,73,0,37,6510,0,STEADY,665,4.62922,5.54842,0.111677,0.043609,0.144361,0,0,34,0,1,1,1,131,48,0,0,386,4a424577,c79f418b
472,32,6,3,1,2100000472,1,3,1,1844,1,81,0,34,6000,0,STEADY,615,4.65653,8.82725,0.106098,0.16748,0.162602,0,0,31,0,1,1,1,122,40,0,0,92,4a424577,c79f418b
473,33,7,4,1,2100000473,0,0,1,649,1,122,0,14,2500,0,STEADY,217,3.55239,3.01679,0.213295,0.110599,0.294931,0,0,10,2,1,0,1,100,30,0,0,59,4a424577,c79f418b
473,33,7,4,1,2100000473,1,0,1,535,1,122,0,12,2140,0,STEADY,179,3.1732,3.75449,0.280112,0.117318,0.27933,0,0,6,2,2,0,2,100,30,0,0,45,4a424577,c79f418b
474,34,8,5,1,2100000474,0,1,1,1070,2,131,116,23,3270,0,STEADY,357,4.43635,1.6472,0.215476,0.736695,0.00840336,0,0,14,7,0,0,2,0,9,0,0,600,4a424577,c79f418b
474,34,8,5,1,2100000474,1,1,1,649,1,19,0,15,2330,0,STEADY,217,3.95103,3.53161,0.280507,0.40553,0.00921659,31,0,7,6,1,0,1,116,121,0,0,122,4a424577,c79f418b
475,35,9,0,1,2100000475,0,2,1,1763,1,62,0,34,5660,0,STEADY,588,4.06755,7.50426,0.123452,0.0969388,0.290816,0,0,28,4,1,1,0,169,39,0,10,172,4a424577,c79f418b
475,35,9,0,1,2100000475,1,2,1,1144,1,101,0,22,3800,0,STEADY,382,4.35458,9.55136,0.284359,0.091623,0.183246,0,0,20,0,0,1,1,151,0,0,0,11,4a424577,c79f418b
476,36,10,1,1,2100000476,0,3,0,329,1,0,73,8,1500,0,STEADY,110,5.49119,2.64033,0.388182,0.4,0.309091,30,17,2,6,0,0,0,51,93,0,0,124,4a424577,c79f418b
476,36,10,1,1,2100000476,1,3,0,441,1,0,81,10,1840,0,STEADY,147,5.1701,2.39804,0.298401,0.272109,0.217687,84,32,2,8,0,0,0,43,93,0,0,200,4a424577,c79f418b
477,37,11,2,1,2100000477,0,0,1,1003,1,62,0,20,3570,0,STEADY,335,3.16465,4.26085,0.161448,0.0776119,0.232836,0,0,17,0,2,0,1,141,88,0,0,72,4a424577,c79f418b
477,37,11,2,1,2100000477,1,0,0,1858,1,0,15,35,6080,0,STEADY,620,2.40731,1.91834,0.114306,0.0516129,0.445161,154,99,32,0,1,0,2,162,150,0,0,279,4a424577,c79f418b
478,38,12,3,1,2100000478,0,1,1,729,1,35,0,15,2730,0,STEADY,243,4.13971,4.43027,0.282284,0.794239,0.0534979,8,0,7,5,0,1,2,111,69,0,0,0,4a424577,c79f418b
478,38,12,3,1,2100000478,1,1,0,1201,1,0,2,23,4110,0,STEADY,401,3.92107,2.56138,0.192294,0.660848,0.204489,32,23,11,9,1,1,1,109,104,0,0,526,4a424577,c79f418b
479,39,13,4,1,2100000479,0,2,1,979,1,29,0,21,3240,0,STEADY,327,3.08289,3.52047,0.19289,0.122324,0.235474,8,0,14,1,1,3,2,104,85,0,0,202,4a424577,c79f418b
479,39,13,4,1,2100000479,1,2,1,931,1,63,0,20,3160,0,STEADY,311,3.53446,4.49449,0.226141,0.125402,0.144695,0,0,12,2,0,3,3,104,51,0,0,174,4a424577,c79f418b
480,0,21,0,2,2100000480,0,0,1,1053,1,68,0,22,3520,0,STEADY,351,3.98598,4.93952,0.155157,0.190883,0.022792,0,0,7,13,0,1,1,124,45,0,0,74,4a424577,c79f418b
480,0,21,0,2,2100000480,1,0,1,2131,1,26,0,45,6260,0,STEADY,711,3.45404,4.94327,0.101343,0.102672,0.0492264,15,7,29,14,0,0,2,124,87,0,0,118,4a424577,c79f418b
481,1,22,1,2,2100000481,0,1,1,1648,1,112,0,36,4730,0,STEADY,550,2.71541,2.6858,0.122591,0.552727,0.0781818,0,0,29,5,0,1,1,175,24,0,54,280,4a424577,c79f418b
481,1,22,1,2,2100000481,1,1,0,1534,1,0,90,34,4490,0,STEADY,512,3.07933,3.33171,0.144287,0.400391,0.03125,203,7,27,5,0,1,1,85,136,0,40,73,4a424577,c79f418b
482,2,23,2,2,2100000482,0,2,1,552,1,58,0,12,2240,0,STEADY,184,4.60974,3.30997,0.249484,0.483696,0.440217,0,0,2,8,0,0,2,111,36,0,0,132,4a424577,c79f418b
482,2,23,2,2,2100000482,1,2,1,277,1,46,0,7,1430,0,STEADY,93,5.52657,4.60329,0.431828,0.709677,0.0430108,0,0,3,3,0,0,1,111,48,0,0,84,4a424577,c79f418b
483,3,24,3,2,2100000483,0,3,1,1227,1,42,0,24,4210,0,STEADY,409,2.86167,5.80886,0.167408,0.339853,0.136919,195,43,21,1,0,1,1,125,64,0,0,10,4a424577,c79f418b
483,3,24,3,2,2100000483,1,3,0,916,1,0,85,19,3290,0,STEADY,306,2.70552,2.22507,0.175719,0.437908,0.0196078,97,3,17,0,0,1,1,40,106,0,0,213,4a424577,c79f418b
484,4,25,4,2,2100000484,0,0,1,600,1,81,0,15,2390,0,STEADY,200,4.68918,3.56637,0.29053,0.365,0.045,0,0,5,7,0,1,2,104,42,0,0,96,4a424577,c79f418b
484,4,25,4,2,2100000484,1,0,0,533,1,0,26,14,2160,0,STEADY,178,4.65042,2.0667,0.366539,0.52809,0,92,0,7,5,1,1,0,78,136,13,0,328,4a424577,c79f418b
485,5,26,5,2,2100000485,0,1,0,1315,1,0,54,28,3920,0,STEADY,439,3.15913,6.08619,0.209647,0.362187,0.0683371,229,6,22,1,1,2,2,54,141,0,0,0,4a424577,c79f418b
485,5,26,5,2,2100000485,1,1,1,703,1,96,0,15,2400,0,STEADY,235,3.55579,3.3716,0.340809,0.344681,0.0680851,0,0,9,3,0,2,1,108,45,0,22,97,4a424577,c79f418b
486,6,27,0,2,2100000486,0,2,0,838,1,0,15,17,3090,0,STEADY,280,4.46422,10.3071,0.221518,0.289286,0.160714,59,8,15,0,2,0,0,130,131,0,0,68,4a424577,c79f418b
486,6,27,0,2,2100000486,1,2,0,1531,1,0,25,29,5130,0,STEADY,511,4.0832,9.19637,0.145245,0.199609,0.131115,327,64,27,0,2,0,0,120,131,0,0,38,4a424577,c79f418b
487,7,28,1,2,2100000487,0,3,1,559,1,81,0,14,2200,0,STEADY,187,2.87994,7.19594,0.23484,0.112299,0.026738,0,0,8,3,1,1,1,103,19,0,0,28,4a424577,c79f418b
487,7,28,1,2,2100000487,1,3,1,616,1,71,0,15,2250,0,STEADY,206,3.13798,7.98552,0.238398,0.11165,0,0,0,9,4,0,1,1,99,29,0,0,23,4a424577,c79f418b
488,8,29,2,2,2100000488,0,0,1,2554,1,21,0,53,7270,0,STEADY,852,3.199,3.45563,0.0893955,0.124413,0.480047,441,239,12,1,38,1,1,102,95,0,0,174,4a424577,c79f418b
488,8,29,2,2,2100000488,1,0,1,1408,1,86,0,30,4310,0,STEADY,470,3.76636,2.6784,0.147723,0.119149,0.465957,0,0,8,1,19,1,1,102,30,0,10,339,4a424577,c79f418b
489,9,30,3,2,2100000489,0,1,1,2506,1,118,0,49,7480,0,STEADY,836,2.78195,5.8608,0.111094,0.0191388,0.0586124,0,0,9,34,0,1,5,90,101,70,0,76,4a424577,c79f418b
489,9,30,3,2,2100000489,1,1,1,2521,1,10,0,49,7630,0,STEADY,841,3.07908,7.38514,0.11047,0.0475624,0.0380499,36,2,8,32,1,0,8,50,276,137,0,31,4a424577,c79f418b
490,10,31,4,2,2100000490,0,2,1,587,1,94,0,13,2350,0,STEADY,196,4.35022,3.48601,0.255332,0.158163,0.255102,0,0,10,2,1,0,0,141,30,0,0,168,4a424577,c79f418b
490,10,31,4,2,2100000490,1,2,1,576,1,50,0,13,2280,0,STEADY,192,2.99853,4.26917,0.239062,0.0520833,0.0104167,0,0,10,2,0,0,1,141,74,0,0,48,4a424577,c79f418b
491,11,32,5,2,2100000491,0,3,1,1060,1,49,0,23,3400,0,STEADY,354,3.4718,4.04693,0.201511,0.175141,0.0508475,0,0,17,3,1,1,1,121,68,0,0,202,4a424577,c79f418b
491,11,32,5,2,2100000491,1,3,0,694,1,0,36,15,2480,0,STEADY,232,3.95185,3.53169,0.28125,0.133621,0.146552,40,13,8,2,1,1,3,85,117,0,0,71,4a424577,c79f418b
492,12,33,0,2,2100000492,0,0,0,1124,1,0,26,24,3530,0,STEADY,375,2.66086,4.52954,0.14444,0.157333,0.088,295,30,17,1,4,1,1,126,111,0,0,0,4a424577,c79f418b
492,12,33,0,2,2100000492,1,0,0,1321,1,0,2,28,4170,0,STEADY,441,2.90404,4.33991,0.111066,0.0975057,0.108844,32,13,19,1,4,1,3,150,111,0,0,77,4a424577,c79f418b
493,13,34,1,2,2100000493,0,1,1,542,1,6,0,12,2210,0,STEADY,181,6.55882,3.70162,0.295801,0.508287,0.165746,34,8,9,0,2,0,1,140,98,0,0,68,4a424577,c79f418b
493,13,34,1,2,2100000493,1,1,0,450,1,0,82,10,1870,0,STEADY,150,6.65451,3.61294,0.293733,0.386667,0.266667,37,30,7,0,2,0,1,58,104,0,0,124,4a424577,c79f418b
494,14,35,2,2,2100000494,0,2,1,1791,1,113,0,36,5480,0,STEADY,597,2.66479,4.30271,0.146951,0.0201005,0.0134003,0,0,3,20,3,3,7,101,0,0,0,10,4a424577,c79f418b
494,14,35,2,2,2100000494,1,2,1,1855,1,58,0,39,5480,0,STEADY,619,2.54567,4.73638,0.136874,0.0113086,0.00807754,0,0,6,24,2,2,5,110,55,0,17,8,4a424577,c79f418b
495,15,36,3,2,2100000495,0,3,0,707,1,0,29,16,2410,0,STEADY,236,3.36058,3.87862,0.217775,0.360169,0,55,0,8,5,0,1,2,64,118,0,24,26,4a424577,c79f418b
495,15,36,3,2,2100000495,1,3,1,652,1,31,0,15,2260,0,STEADY,218,4.34568,2.24219,0.326193,0.495413,0,33,0,7,6,0,1,1,93,87,0,20,114,4a424577,c79f418b
496,16,37,4,2,2100000496,0,0,1,1584,1,64,0,30,5340,0,STEADY,528,3.62439,5.99961,0.11392,0.0833333,0.125,0,0,26,3,0,0,1,150,51,0,0,20,4a424577,c79f418b
496,16,37,4,2,2100000496,1,0,1,1295,1,96,0,25,4420,0,STEADY,432,3.92323,6.53823,0.130521,0.115741,0.284722,0,0,22,2,0,0,1,150,19,0,0,103,4a424577,c79f418b
497,17,38,5,2,2100000497,0,1,1,436,1,8,0,9,1400,0,STEADY,146,5.00891,6.4535,0.531336,0.178082,0,27,0,4,1,0,2,2,104,96,6,0,0,4a424577,c79f418b
497,17,38,5,2,2100000497,1,1,1,358,1,54,0,6,1080,0,STEADY,120,5.61927,4.53117,0.752,0.2,0.0333333,0,0,2,2,0,2,0,104,52,6,0,0,4a424577,c79f418b
498,18,39,0,2,2100000498,0,2,1,2700,3,77,7,45,6280,0,STEADY,900,3.12159,4.72035,0.105793,0.0233333,0.623333,0,0,41,3,0,0,1,98,52,0,0,152,4a424577,c79f418b
498,18,39,0,2,2100000498,1,2,1,1443,1,70,0,26,3740,0,STEADY,481,3.29952,2.73125,0.161333,0.027027,0.426195,0,0,23,3,0,0,0,114,59,0,0,129,4a424577,c79f418b
499,19,0,1,2,2100000499,0,3,0,1237,1,0,41,24,4200,0,STEADY,413,4.43306,2.98631,0.217712,0.40678,0.0774818,61,17,20,0,0,3,1,60,132,0,1,202,4a424577,c79f418b
499,19,0,1,2,2100000499,1,3,1,1176,1,73,0,23,4070,0,STEADY,392,4.78407,2.62178,0.177972,0.339286,0.193878,0,0,19,1,0,3,0,105,59,0,66,176,4a424577,c79f418b
500,20,1,2,2,2100000500,0,0,1,1907,2,72,22,33,6330,0,STEADY,636,6.20099,3.65223,0.194057,0.429245,0.245283,0,0,22,3,0,4,4,128,30,0,11,600,4a424577,c79f418b
500,20,1,2,2,2100000500,1,0,1,1231,1,16,0,23,4380,0,STEADY,411,5.71927,5.77588,0.197956,0.442822,0.321168,123,51,16,2,0,2,3,136,86,0,11,193,4a424577,c79f418b
501,21,2,3,2,2100000501,0,1,1,463,1,104,0,11,1680,0,STEADY,155,3.88491,6.46713,0.339484,0,0.109677,0,0,4,5,0,0,2,94,20,0,0,36,4a424577,c79f418b
501,21,2,3,2,2100000501,1,1,0,840,1,0,13,18,2690,0,STEADY,280,3.33712,8.48816,0.202661,0.0928571,0.221429,86,28,9,8,0,0,1,81,124,0,0,20,4a424577,c79f418b
502,22,3,4,2,2100000502,0,2,1,709,1,127,0,13,2950,0,STEADY,237,3.14657,3.31944,0.201772,0.118143,0.0168776,0,0,4,3,3,0,3,106,48,0,45,60,4a424577,c79f418b
502,22,3,4,2,2100000502,1,2,1,1474,1,82,0,26,5590,0,STEADY,492,2.29824,2.47688,0.149825,0.113821,0.152439,0,0,6,3,7,0,10,103,93,0,69,185,4a424577,c79f418b
503,23,4,5,2,2100000503,0,3,1,688,1,62,0,16,2470,0,STEADY,230,3.28624,6.85287,0.278935,0.165217,0.026087,0,0,7,7,1,0,1,123,64,21,0,24,4a424577,c79f418b
503,23,4,5,2,2100000503,1,3,1,622,1,105,0,15,2260,0,STEADY,208,3.74277,3.97675,0.279952,0.197115,0.0192308,0,0,7,6,0,0,2,123,0,0,0,68,4a424577,c79f418b
504,24,5,0,2,2100000504,0,0,0,1372,1,0,28,28,4280,0,STEADY,458,3.00461,4.61699,0.159334,0.382096,0.168122,32,21,19,5,0,1,3,113,125,0,0,8,4a424577,c79f418b
504,24,5,0,2,2100000504,1,0,0,2161,1,0,61,39,6920,0,STEADY,721,2.68032,7.56788,0.145576,0.262136,0.317614,100,30,18,12,2,1,6,62,125,0,10,4,4a424577,c79f418b
505,25,6,1,2,2100000505,0,1,0,1120,1,0,59,22,3700,0,STEADY,374,4.5425,3.20246,0.276618,0.352941,0.026738,78,0,5,10,4,0,3,72,104,0,38,352,4a424577,c79f418b
505,25,6,1,2,2100000505,1,1,0,1603,1,0,3,30,5130,0,STEADY,535,4.31194,4.15598,0.261626,0.390654,0.0336449,221,0,3,21,3,0,3,128,104,0,24,196,4a424577,c79f418b
506,26,7,2,2,2100000506,0,2,1,1001,1,48,0,21,3440,0,STEADY,334,3.22556,3.99534,0.200973,0.158683,0.562874,0,0,5,12,0,0,4,100,60,0,0,24,4a424577,c79f418b
506,26,7,2,2,2100000506,1,2,0,1290,1,0,21,26,4250,0,STEADY,430,3.21778,2.93203,0.165628,0.144186,0.569767,255,164,7,13,0,0,6,79,108,0,0,174,4a424577,c79f418b
507,27,8,3,2,2100000507,0,3,0,1181,1,0,41,23,4040,0,STEADY,394,4.47573,2.99137,0.170673,0.388325,0.27665,118,42,20,1,0,0,2,75,145,0,0,275,4a424577,c79f418b
507,27,8,3,2,2100000507,1,3,0,1121,1,0,31,22,3870,0,STEADY,374,4.70769,3.26654,0.197527,0.377005,0.259358,96,14,19,1,0,0,2,85,145,0,0,132,4a424577,c79f418b
508,28,9,4,2,2100000508,0,0,1,1454,1,65,0,27,4850,0,STEADY,485,3.7971,1.67732,0.161021,0.57732,0.171134,0,0,3,23,0,1,0,227,46,0,0,180,4a424577,c79f418b
508,28,9,4,2,2100000508,1,0,1,1697,1,70,0,31,5550,0,STEADY,566,4.41016,2.48984,0.151016,0.577739,0.181979,0,0,4,27,0,0,0,255,41,0,0,219,4a424577,c79f418b
509,29,10,5,2,2100000509,0,1,0,1251,1,0,108,21,4280,0,STEADY,417,5.03477,7.86907,0.171415,0.155875,0.371703,278,143,1,3,3,1,13,16,102,0,25,0,4a424577,c79f418b
509,29,10,5,2,2100000509,1,1,0,581,1,0,57,12,2240,0,STEADY,194,4.78338,2.75447,0.363402,0.443299,0.206186,84,37,4,2,4,0,2,67,102,0,25,205,4a424577,c79f418b
510,30,11,0,2,2100000510,0,2,1,815,1,101,0,21,2610,0,STEADY,272,4.72105,3.58562,0.212379,0.0661765,0.349265,0,0,18,3,0,0,0,141,24,0,0,242,4a424577,c79f418b
510,30,11,0,2,2100000510,1,2,0,1441,1,0,117,37,3970,0,STEADY,481,4.30429,3.27974,0.163266,0.0665281,0.424116,190,91,33,2,0,2,0,3,125,0,28,263,4a424577,c79f418b
511,31,12,1,2,2100000511,0,3,0,1074,1,0,1,21,3590,0,STEADY,358,3.00071,2.60788,0.227235,0.385475,0.212291,75,17,6,8,1,1,5,110,141,9,12,64,4a424577,c79f418b
511,31,12,1,2,2100000511,1,3,0,2081,2,15,77,43,6220,0,STEADY,694,5.43869,3.8099,0.141513,0.350144,0.334294,407,143,28,6,0,1,8,34,117,0,12,104,4a424577,c79f418b
512,32,13,2,2,2100000512,0,0,1,591,1,70,0,13,2430,0,STEADY,197,4.09553,5.89975,0.176853,0.0609137,0.0862944,0,0,10,0,1,1,1,104,51,0,0,69,4a424577,c79f418b
512,32,13,2,2,2100000512,1,0,1,957,1,121,0,19,3450,0,STEADY,319,3.79474,7.00135,0.138903,0.0376176,0.159875,0,0,16,0,1,1,1,104,0,0,0,101,4a424577,c79f418b
513,33,14,3,2,2100000513,0,1,1,1033,1,97,0,23,3350,0,STEADY,345,2.96733,3.02456,0.174899,0.101449,0.217391,0,0,7,2,14,0,0,113,55,0,0,55,4a424577,c79f418b
513,33,14,3,2,2100000513,1,1,1,433,1,108,0,11,1820,0,STEADY,145,3.56823,2.87121,0.290586,0.0758621,0.324138,0,0,6,1,3,0,1,113,44,0,0,64,4a424577,c79f418b
514,34,15,4,2,2100000514,0,2,1,388,1,100,0,10,1680,0,STEADY,130,4.57591,3.3084,0.423846,0.330769,0.0461538,0,0,3,4,0,1,2,118,40,0,0,79,4a424577,c79f418b
514,34,15,4,2,2100000514,1,2,1,628,1,48,0,15,2290,0,STEADY,210,3.68156,3.28859,0.299024,0.309524,0,15,0,7,5,0,0,3,118,92,0,0,18,4a424577,c79f418b
515,35,16,5,2,2100000515,0,3,1,1399,1,15,0,29,4290,0,STEADY,467,3.50209,4.29773,0.14152,0.0278373,0.0364026,60,1,11,15,1,1,1,115,86,0,0,161,4a424577,c79f418b
515,35,16,5,2,2100000515,1,3,1,1261,1,24,0,27,3900,0,STEADY,421,3.38449,7.04104,0.138895,0.0190024,0.0926366,34,0,10,15,0,1,1,115,77,0,0,39,4a424577,c79f418b
516,36,17,0,2,2100000516,0,0,1,1487,1,71,0,28,4900,0,STEADY,496,3.417,5.26259,0.133256,0.239919,0.120968,0,0,2,26,0,0,0,107,22,0,0,16,4a424577,c79f418b
516,36,17,0,2,2100000516,1,0,1,1129,1,93,0,22,3880,0,STEADY,377,3.61835,4.41711,0.126034,0.244032,0.167109,0,0,2,20,0,0,0,123,0,0,0,152,4a424577,c79f418b
517,37,18,1,2,2100000517,0,1,1,1168,1,136,0,23,4040,0,STEADY,390,3.69419,6.65882,0.164487,0.0307692,0.202564,0,0,20,0,1,0,2,129,14,0,0,54,4a424577,c79f418b
517,37,18,1,2,2100000517,1,1,1,990,1,14,0,20,3530,0,STEADY,330,2.67457,2.21231,0.181742,0.0363636,0.215152,77,8,17,0,1,0,2,129,136,0,0,151,4a424577,c79f418b
518,38,19,2,2,2100000518,0,2,1,373,1,36,0,9,1650,0,STEADY,125,6.54674,3.23378,0.4408,0.752,0.016,10,0,5,3,0,1,0,132,68,0,0,177,4a424577,c79f418b
518,38,19,2,2,2100000518,1,2,0,335,1,0,69,8,1480,0,STEADY,112,6.71315,3.60946,0.42942,0.651786,0,39,0,4,3,0,1,0,63,104,0,0,65,4a424577,c79f418b
519,39,20,3,2,2100000519,0,3,1,1006,1,84,0,19,3440,0,STEADY,336,4.26878,4.48052,0.298839,0.196429,0.119048,0,0,8,2,1,6,2,94,30,0,25,120,4a424577,c79f418b
519,39,20,3,2,2100000519,1,3,1,631,1,20,0,12,2280,0,STEADY,211,4.26,3.74011,0.368602,0.270142,0.0805687,26,3,4,2,1,4,1,86,94,0,25,224,4a424577,c79f418b
520,0,28,5,2,2100000520,0,1,1,532,1,19,0,12,1970,0,STEADY,178,5.2293,6.02291,0.382556,0.207865,0,56,0,4,6,0,1,1,111,94,0,0,55,4a424577,c79f418b
520,0,28,5,2,2100000520,1,1,0,468,1,0,20,11,1870,0,STEADY,156,4.31334,4.68347,0.421635,0.192308,0.025641,0,0,4,4,1,1,1,91,113,0,0,0,4a424577,c79f418b
521,1,29,0,2,2100000521,0,2,1,712,1,83,0,16,2490,0,STEADY,238,3.10967,3.34043,0.252269,0.336134,0.10084,0,0,7,5,0,1,3,102,53,0,18,204,4a424577,c79f418b
521,1,29,0,2,2100000521,1,2,1,709,1,41,0,17,2370,0,STEADY,237,3.21459,2.37125,0.2727,0.468354,0.0759494,31,0,11,5,0,1,0,102,95,0,16,207,4a424577,c79f418b
522,2,30,1,2,2100000522,0,3,0,377,1,0,13,9,1770,0,STEADY,126,8.15817,4.38573,0.416905,0.547619,0.0238095,51,3,3,5,0,0,1,112,94,0,0,45,4a424577,c79f418b
522,2,30,1,2,2100000522,1,3,1,571,1,36,0,12,2280,0,STEADY,191,5.23842,3.71667,0.261911,0.47644,0.225131,20,3,3,8,0,0,1,119,58,0,0,172,4a424577,c79f418b
523,3,31,2,2,2100000523,0,0,1,689,1,64,0,15,2650,0,STEADY,230,3.45139,5.03539,0.257065,0.308696,0.00869565,0,0,13,1,0,1,0,141,42,0,15,59,4a424577,c79f418b
523,3,31,2,2,2100000523,1,0,1,915,1,7,0,19,3290,0,STEADY,305,3.27126,3.36954,0.196344,0.272131,0.0852459,135,11,17,0,0,1,1,141,99,0,15,100,4a424577,c79f418b
524,4,32,3,2,2100000524,0,1,0,1809,1,0,31,39,6060,0,STEADY,603,4.01828,2.2091,0.144226,0.424544,0.0779436,212,22,17,15,1,1,5,90,136,13,0,566,4a424577,c79f418b
524,4,32,3,2,2100000524,1,1,0,1510,1,0,64,32,5250,0,STEADY,504,4.05098,2.40897,0.184611,0.424603,0.121032,59,8,8,17,0,1,6,57,123,0,0,438,4a424577,c79f418b
525,5,33,4,2,2100000525,0,2,0,1159,1,0,49,25,3640,0,STEADY,387,2.88658,7.28489,0.152713,0.379845,0.0335917,32,0,19,2,2,2,0,103,141,0,0,0,4a424577,c79f418b
525,5,33,4,2,2100000525,1,2,0,688,1,0,56,15,2480,0,STEADY,230,2.95423,2.7325,0.252109,0.313043,0.0434783,80,0,9,3,2,1,0,96,141,0,0,92,4a424577,c79f418b
526,6,34,5,2,2100000526,0,3,1,1290,1,119,0,25,4380,0,STEADY,430,2.66381,5.95116,0.17443,0.0162791,0.102326,0,0,23,0,1,0,1,140,12,0,0,62,4a424577,c79f418b
526,6,34,5,2,2100000526,1,3,1,834,1,111,0,17,3060,0,STEADY,278,2.47324,8.57485,0.213435,0.0107914,0.00719424,0,0,15,1,1,0,0,140,20,0,0,10,4a424577,c79f418b
527,7,35,0,2,2100000527,0,0,1,1165,1,100,0,25,3870,0,STEADY,389,3.22823,4.46964,0.128445,0.120823,0.00257069,0,0,12,10,1,1,1,101,0,0,0,40,4a424577,c79f418b
527,7,35,0,2,2100000527,1,0,1,670,1,68,0,16,2420,0,STEADY,224,3.18143,3.94702,0.171228,0.0892857,0.0491071,0,0,9,5,0,1,1,101,32,0,0,51,4a424577,c79f418b
528,8,36,1,2,2100000528,0,1,1,583,1,98,0,13,2220,0,STEADY,195,4.43734,4.55659,0.249154,0.241026,0.0717949,0,0,7,1,3,1,1,93,18,0,9,40,4a424577,c79f418b
528,8,36,1,2,2100000528,1,1,1,484,1,48,0,12,1900,0,STEADY,162,4.12114,3.32432,0.304043,0.203704,0,0,0,6,1,4,0,1,93,68,0,10,0,4a424577,c79f418b
529,9,37,2,2,2100000529,0,2,1,2485,1,88,0,49,7470,0,STEADY,829,3.2562,2.90833,0.114047,0.0277443,0.231604,0,0,8,35,1,2,3,150,119,58,0,284,4a424577,c79f418b
529,9,37,2,2,2100000529,1,2,1,2581,1,136,0,49,7920,0,STEADY,861,3.15995,4.30758,0.114779,0.0127758,0.162602,0,0,12,31,0,3,3,150,55,42,0,165,4a424577,c79f418b
530,10,38,3,2,2100000530,0,3,1,620,1,83,0,13,2280,0,STEADY,207,4.08155,5.38034,0.274879,0.0483092,0.0917874,0,0,10,2,0,0,1,104,41,0,0,84,4a424577,c79f418b
530,10,38,3,2,2100000530,1,3,1,551,1,105,0,12,2180,0,STEADY,184,4.42813,3.98056,0.283995,0.0923913,0.141304,0,0,9,2,1,0,0,104,19,0,0,94,4a424577,c79f418b
531,11,39,4,2,2100000531,0,0,1,883,1,33,0,20,2920,0,STEADY,295,2.99315,1.96056,0.189254,0.315254,0.162712,15,5,15,3,0,1,1,114,96,12,0,286,4a424577,c79f418b
531,11,39,4,2,2100000531,1,0,1,691,1,18,0,16,2440,0,STEADY,231,2.93577,1.79586,0.229221,0.225108,0.025974,62,0,11,3,0,1,1,114,111,12,0,47,4a424577,c79f418b
532,12,0,5,2,2100000532,0,1,1,763,1,69,0,16,2780,0,STEADY,255,3.41279,4.99458,0.257118,0.188235,0.027451,0,0,7,1,3,2,3,113,42,0,0,40,4a424577,c79f418b
532,12,0,5,2,2100000532,1,1,1,565,1,95,0,12,2230,0,STEADY,189,3.97771,4.92286,0.399153,0.148148,0.047619,0,0,4,1,2,2,3,101,16,0,0,57,4a424577,c79f418b
533,13,1,0,2,2100000533,0,2,0,1077,1,0,15,21,3740,0,STEADY,359,3.69273,2.92647,0.15415,0.325905,0.239554,78,8,17,1,2,0,1,121,104,0,0,174,4a424577,c79f418b
533,13,1,0,2,2100000533,1,2,0,754,1,0,35,16,2820,0,STEADY,252,3.48581,2.89623,0.180298,0.507937,0.0595238,91,7,13,1,1,0,1,101,104,0,0,227,4a424577,c79f418b
534,14,2,1,2,2100000534,0,3,1,327,1,65,0,8,1240,0,STEADY,109,3.53627,6.10092,0.497156,0.0458716,0.0642202,0,0,1,4,1,1,1,94,48,0,17,11,4a424577,c79f418b
534,14,2,1,2,2100000534,1,3,1,355,1,87,0,9,1360,0,STEADY,119,3.87299,6.38776,0.48,0.0420168,0.0420168,0,0,2,4,1,1,1,94,26,0,17,32,4a424577,c79f418b
535,15,3,2,2,2100000535,0,0,1,574,1,34,0,14,2140,0,STEADY,192,3.5229,3.30438,0.252708,0.369792,0.00520833,35,0,6,6,0,1,1,94,84,0,0,0,4a424577,c79f418b
535,15,3,2,2,2100000535,1,0,1,805,1,11,0,19,2720,0,STEADY,269,3.46526,2.60183,0.17803,0.39777,0.111524,59,2,12,4,0,2,1,97,107,0,42,131,4a424577,c79f418b
536,16,4,3,2,2100000536,0,1,1,696,1,81,0,15,2720,0,STEADY,232,3.23133,4.96771,0.183082,0.0862069,0.0517241,0,0,12,2,0,0,1,123,34,0,0,3,4a424577,c79f418b
536,16,4,3,2,2100000536,1,1,1,811,1,115,0,17,3060,0,STEADY,271,3.7348,7.04528,0.194668,0.0701107,0.0147601,0,0,14,2,0,0,1,123,0,0,0,29,4a424577,c79f418b
537,17,5,4,2,2100000537,0,2,1,397,1,4,0,10,1520,0,STEADY,133,2.86853,1.81688,0.407143,0.285714,0.112782,21,1,5,2,0,2,1,141,90,6,0,57,4a424577,c79f418b
537,17,5,4,2,2100000537,1,2,0,361,1,0,70,9,1440,0,STEADY,121,3.34575,3.03187,0.439339,0.247934,0.14876,31,4,4,2,0,2,1,71,98,6,0,0,4a424577,c79f418b
538,18,6,5,2,2100000538,0,3,1,2700,3,80,41,45,6230,0,STEADY,900,2.64789,4.82348,0.10868,0.0744444,0.134444,0,0,41,2,0,0,2,84,49,0,0,53,4a424577,c79f418b
538,18,6,5,2,2100000538,1,3,0,1811,1,0,5,32,4470,0,STEADY,604,3.00398,6.93485,0.14955,0.109272,0.15894,143,38,29,2,0,0,1,126,129,0,0,38,4a424577,c79f418b
539,19,7,0,2,2100000539,0,0,1,829,1,52,0,17,3020,0,STEADY,277,3.56059,2.46401,0.168032,0.227437,0.447653,26,12,14,1,0,1,1,100,80,0,0,193,4a424577,c79f418b
539,19,7,0,2,2100000539,1,0,0,1227,1,0,10,24,4170,0,STEADY,409,3.56364,2.68891,0.127408,0.232274,0.391198,118,46,21,0,0,1,2,90,132,0,0,192,4a424577,c79f418b
540,20,8,1,2,2100000540,0,1,1,599,1,41,0,13,2430,0,STEADY,200,5.58198,2.38804,0.25365,0.48,0.29,0,0,10,1,0,2,0,116,61,0,18,290,4a424577,c79f418b
540,20,8,1,2,2100000540,1,1,0,1028,1,0,62,20,3750,0,STEADY,343,5.22874,2.61555,0.209052,0.428571,0.276968,56,14,17,2,0,1,0,54,102,0,9,275,4a424577,c79f418b
541,21,9,2,2,2100000541,0,2,0,2122,1,0,15,42,6530,0,STEADY,708,3.24301,5.45022,0.113284,0.0127119,0.242938,32,18,25,15,2,0,0,268,124,0,0,90,4a424577,c79f418b
541,21,9,2,2,2100000541,1,2,0,1771,1,0,59,36,5500,0,STEADY,591,3.41046,3.4542,0.0996785,0.00676819,0.311337,32,18,18,15,1,0,2,202,124,0,0,201,4a424577,c79f418b
542,22,10,3,2,2100000542,0,3,0,846,1,0,124,15,3380,0,STEADY,282,4.06024,2.35312,0.211567,0.269504,0.202128,191,49,1,4,4,0,6,0,175,0,0,207,4a424577,c79f418b
542,22,10,3,2,2100000542,1,3,0.5,2236,1,0,0,32,7160,0,STEADY,746,3.38146,6.16407,0.145948,0.154155,0.11126,108,21,2,8,7,0,15,76,175,0,119,98,4a424577,c79f418b
543,23,11,4,2,2100000543,0,0,1,460,1,55,0,12,1840,0,STEADY,154,3.17715,5.24437,0.35013,0.149351,0.0649351,0,0,6,4,1,0,1,129,69,19,0,66,4a424577,c79f418b
543,23,11,4,2,2100000543,1,0,1,616,1,55,0,15,2220,0,STEADY,206,3.06721,4.96522,0.295898,0.160194,0,0,0,8,6,1,0,0,117,69,19,0,49,4a424577,c79f418b
544,24,12,5,2,2100000544,0,1,0,814,1,0,34,17,2800,0,STEADY,272,4.86088,4.88656,0.201379,0.386029,0.183824,64,4,9,2,1,2,3,77,125,0,20,0,4a424577,c79f418b
544,24,12,5,2,2100000544,1,1,0,790,1,0,47,15,2880,0,STEADY,264,4.19173,2.44374,0.279261,0.367424,0.219697,32,0,4,4,1,1,5,64,125,0,0,184,4a424577,c79f418b
545,25,13,0,2,2100000545,0,2,0,508,1,0,26,12,1830,0,STEADY,170,3.5779,4.05626,0.278353,0.417647,0.0352941,37,4,6,3,1,0,2,78,104,0,0,41,4a424577,c79f418b
545,25,13,0,2,2100000545,1,2,0,501,1,0,37,12,1800,0,STEADY,167,3.49298,2.76928,0.286228,0.377246,0,44,0,6,4,1,0,1,67,104,0,17,12,4a424577,c79f418b
546,26,14,1,2,2100000546,0,3,1,1231,1,42,0,27,3870,0,STEADY,411,2.55388,2.55426,0.151423,0.148418,0.545012,15,0,15,11,0,0,1,113,66,0,0,240,4a424577,c79f418b
546,26,14,1,2,2100000546,1,3,1,1969,1,20,0,41,5900,0,STEADY,657,2.6886,3.81069,0.128645,0.146119,0.471842,179,64,22,18,0,0,1,113,88,0,0,49,4a424577,c79f418b
547,27,15,2,2,2100000547,0,0,0,1522,1,0,14,29,5060,0,STEADY,508,3.65539,2.41897,0.138346,0.372047,0.246063,97,23,26,1,0,0,2,122,145,0,0,210,4a424577,c79f418b
547,27,15,2,2,2100000547,1,0,1,1736,2,25,91,32,5610,0,STEADY,579,4.62993,2.22039,0.114214,0.499136,0.200345,415,66,29,2,0,0,1,27,120,0,0,600,4a424577,c79f418b
548,28,16,3,2,2100000548,0,1,1,794,1,32,0,15,2790,0,STEADY,265,4.85097,2.63173,0.292811,0.471698,0.120755,76,10,3,11,0,0,1,115,79,0,0,274,4a424577,c79f418b
548,28,16,3,2,2100000548,1,1,0,1283,1,0,11,22,4370,0,STEADY,428,6.99252,3.96861,0.215117,0.588785,0.0957944,299,34,9,13,0,0,0,104,111,0,0,15,4a424577,c79f418b
549,29,17,4,2,2100000549,0,2,0,535,1,0,40,13,1960,0,STEADY,179,3.36678,1.68464,0.234274,0.290503,0.223464,57,17,9,1,2,0,1,54,102,0,25,228,4a424577,c79f418b
549,29,17,4,2,2100000549,1,2,0,701,1,0,22,16,2440,0,STEADY,234,3.02383,3.66475,0.201474,0.354701,0.0897436,35,0,11,1,2,1,1,79,102,0,22,2,4a424577,c79f418b
550,30,18,5,2,2100000550,0,3,1,1493,1,83,0,38,4120,0,STEADY,498,2.20142,6.88494,0.150297,0.0341365,0.0923695,0,0,34,2,0,0,2,129,42,0,0,55,4a424577,c79f418b
550,30,18,5,2,2100000550,1,3,1,1581,1,69,0,40,4320,0,STEADY,527,2.1447,4.53774,0.148051,0.0512334,0.0132827,0,0,37,3,0,0,0,129,56,0,0,14,4a424577,c79f418b
551,31,19,0,2,2100000551,0,0,1,763,1,12,0,16,2380,0,STEADY,255,3.52331,2.65284,0.208039,0.286275,0.0823529,51,2,8,6,0,0,2,132,120,0,0,249,4a424577,c79f418b
551,31,19,0,2,2100000551,1,0,1,817,1,27,0,17,2650,0,STEADY,273,3.3082,2.38744,0.228425,0.175824,0.0769231,30,0,8,5,0,1,3,132,105,0,0,107,4a424577,c79f418b
552,32,20,1,2,2100000552,0,1,1,536,1,51,0,12,2260,0,STEADY,179,5.17791,1.8913,0.242207,0.111732,0.407821,0,0,9,0,1,1,1,78,70,0,0,290,4a424577,c79f418b
552,32,20,1,2,2100000552,1,1,0,559,1,0,1,12,2300,0,STEADY,187,4.32304,2.75765,0.185214,0.0909091,0.176471,106,8,9,0,2,1,0,85,121,0,0,156,4a424577,c79f418b
553,33,21,2,2,2100000553,0,2,1,1768,1,122,0,37,5350,0,STEADY,590,3.63965,3.78954,0.120432,0.0305085,0.0372881,0,0,11,3,23,0,0,124,30,0,0,109,4a424577,c79f418b
553,33,21,2,2,2100000553,1,2,1,1471,1,46,0,32,4480,0,STEADY,491,3.21589,3.10518,0.120448,0.0386965,0.0203666,15,0,8,2,22,0,0,124,106,0,0,120,4a424577,c79f418b
554,34,22,3,2,2100000554,0,3,1,1372,1,88,0,30,4180,0,STEADY,458,2.96192,1.4153,0.156376,0.556769,0.104803,0,0,21,6,0,1,2,175,52,0,0,386,4a424577,c79f418b
554,34,22,3,2,2100000554,1,3,1,1153,1,62,0,26,3590,0,STEADY,385,3.19745,1.49465,0.202416,0.558442,0.0207792,0,0,18,7,0,1,0,175,78,0,0,287,4a424577,c79f418b
555,35,23,4,2,2100000555,0,0,1,1315,1,10,0,30,4010,0,STEADY,439,2.59532,2.76619,0.108815,0.150342,0.218679,256,71,5,23,0,1,1,120,91,0,0,79,4a424577,c79f418b
555,35,23,4,2,2100000555,1,0,0,844,1,0,11,20,2840,0,STEADY,282,2.45477,2.94071,0.134113,0.0070922,0.0248227,64,0,4,13,0,1,2,110,101,0,7,39,4a424577,c79f418b
556,36,24,5,2,2100000556,0,1,0,509,1,0,64,11,2040,0,STEADY,170,3.84675,1.96267,0.243265,0.3,0.0529412,79,0,2,8,0,0,1,61,93,0,0,88,4a424577,c79f418b
556,36,24,5,2,2100000556,1,1,1,1079,1,16,0,21,3740,0,STEADY,360,2.82966,3.05794,0.152889,0.311111,0.0222222,157,0,2,18,0,0,1,125,77,0,0,117,4a424577,c79f418b
557,37,25,0,2,2100000557,0,2,1,588,1,80,0,13,2340,0,STEADY,196,2.83291,4.12544,0.246811,0.0459184,0.132653,0,0,10,0,1,0,2,104,70,0,0,16,4a424577,c79f418b
557,37,25,0,2,2100000557,1,2,1,531,1,73,0,12,2170,0,STEADY,177,2.88066,3.52205,0.296045,0.20904,0.242938,0,0,9,0,1,0,2,104,77,0,0,94,4a424577,c79f418b
558,38,26,1,2,2100000558,0,3,1,596,1,56,0,13,2390,0,STEADY,199,5.1121,3.23658,0.247186,0.693467,0.21608,0,0,6,4,0,1,2,108,48,0,0,13,4a424577,c79f418b
558,38,26,1,2,2100000558,1,3,1,476,1,42,0,11,2020,0,STEADY,159,4.72238,2.83465,0.260283,0.754717,0.125786,0,0,4,5,0,1,1,108,62,0,0,147,4a424577,c79f418b
559,39,27,2,2,2100000559,0,0,0,1035,1,0,52,22,3360,0,STEADY,345,3.19983,2.44214,0.170304,0.130435,0.333333,39,20,15,1,1,3,2,93,114,0,0,374,4a424577,c79f418b
559,39,27,2,2,2100000559,1,0,0,551,1,0,34,13,2040,0,STEADY,184,3.40454,3.48241,0.273641,0.179348,0.103261,91,10,8,1,0,2,2,111,114,0,3,138,4a424577,c79f418b
560,0,35,4,2,2100000560,0,2,1,499,1,49,0,13,1920,0,STEADY,167,2.86724,2.32648,0.263862,0.197605,0.0658683,0,0,7,4,0,0,2,101,64,0,0,112,4a424577,c79f418b
560,0,35,4,2,2100000560,1,2,1,751,1,81,0,18,2590,0,STEADY,251,3.04945,2.94991,0.187211,0.123506,0.0438247,0,0,12,4,0,1,1,101,32,0,0,5,4a424577,c79f418b
561,1,36,5,2,2100000561,0,3,0,811,1,0,3,18,2650,0,STEADY,271,3.87416,4.58296,0.262491,0.365314,0.0738007,57,0,10,5,0,2,1,90,136,0,22,0,4a424577,c79f418b
561,1,36,5,2,2100000561,1,3,1,1069,1,82,0,22,3160,0,STEADY,357,4.07217,2.19573,0.286106,0.591036,0.0616246,0,0,14,4,0,2,2,93,54,0,30,273,4a424577,c79f418b
562,2,37,0,2,2100000562,0,0,0,976,1,0,37,19,3470,0,STEADY,326,5.37079,4.04467,0.167132,0.481595,0.248466,230,67,3,15,0,0,1,113,94,0,0,137,4a424577,c79f418b
562,2,37,0,2,2100000562,1,0,0,1081,1,0,12,20,3850,0,STEADY,361,4.52437,3.74045,0.173421,0.470914,0.401662,292,134,6,13,0,0,1,138,94,0,0,163,4a424577,c79f418b
563,3,38,1,2,2100000563,0,1,0,714,1,0,57,15,2610,0,STEADY,238,5.29491,6.856,0.292857,0.243697,0.0168067,36,4,13,0,0,2,0,47,106,0,15,72,4a424577,c79f418b
563,3,38,1,2,2100000563,1,1,0,489,1,0,68,11,1930,0,STEADY,163,6.09071,3.55268,0.407945,0.208589,0.208589,66,5,9,0,0,1,1,36,106,0,15,180,4a424577,c79f418b
564,4,39,2,2,2100000564,0,2,1,1675,1,69,0,35,5850,0,STEADY,559,3.45619,5.28122,0.183055,0.336315,0.264758,0,0,5,25,0,0,5,114,54,0,0,88,4a424577,c79f418b
564,4,39,2,2,2100000564,1,2,1,1500,1,42,0,34,5070,0,STEADY,500,3.57961,2.08461,0.156048,0.366,0.338,191,85,18,12,1,1,2,114,81,0,0,318,4a424577,c79f418b
565,5,0,3,2,2100000565,0,3,1,1474,1,38,0,28,4760,0,STEADY,492,3.52925,7.68201,0.199807,0.294715,0.0386179,54,5,14,5,2,4,3,113,103,0,23,16,4a424577,c79f418b
565,5,0,3,2,2100000565,1,3,0,1838,1,0,11,37,5600,0,STEADY,613,3.20018,7.53692,0.135734,0.306688,0.0244698,278,9,24,3,0,6,4,102,141,0,39,27,4a424577,c79f418b
566,6,1,4,2,2100000566,0,0,1,2476,1,1,0,45,7780,0,STEADY,826,3.27141,7.4093,0.0999697,0.0387409,0.398305,85,0,43,0,1,0,1,44,130,0,0,258,4a424577,c79f418b
566,6,1,4,2,2100000566,1,0,0,2227,1,0,51,41,7200,0,STEADY,743,1.99401,6.52929,0.109226,0.0309556,0.111709,38,0,38,0,2,0,1,46,131,0,0,49,4a424577,c79f418b
567,7,2,5,2,2100000567,0,1,1,232,1,32,0,7,1360,0,STEADY,78,4.65911,5.22224,0.539103,0.269231,0.0384615,23,3,1,3,1,1,1,94,68,0,0,0,4a424577,c79f418b
567,7,2,5,2,2100000567,1,1,1,340,1,40,0,9,1550,0,STEADY,114,3.54785,4.5348,0.378772,0.140351,0.0175439,0,0,4,2,1,1,1,94,60,0,0,0,4a424577,c79f418b
568,8,3,0,2,2100000568,0,2,1,691,1,40,0,16,2380,0,STEADY,231,3.22505,2.91102,0.201039,0.134199,0.0909091,15,0,3,1,10,1,1,97,76,0,10,60,4a424577,c79f418b
568,8,3,0,2,2100000568,1,2,1,523,1,90,0,13,1920,0,STEADY,175,3.62908,3.17157,0.2814,0.125714,0.0628571,0,0,4,1,7,0,1,106,26,0,10,77,4a424577,c79f418b
569,9,4,1,2,2100000569,0,3,1,1381,1,106,0,31,4120,0,STEADY,461,2.92339,3.49754,0.12397,0.010846,0.132321,0,0,1,27,0,1,2,136,97,54,0,81,4a424577,c79f418b
569,9,4,1,2,2100000569,1,3,1,1738,1,147,0,38,5080,0,STEADY,580,3.2564,4.2807,0.106603,0.0241379,0.181034,0,0,2,33,0,1,2,123,56,54,0,50,4a424577,c79f418b
570,10,5,2,2,2100000570,0,0,1,2268,1,28,0,42,7280,0,STEADY,756,2.41913,4.80943,0.103968,0.0291005,0.231481,116,0,39,2,1,0,0,111,96,0,0,100,4a424577,c79f418b
570,10,5,2,2,2100000570,1,0,0,2020,1,0,17,38,6530,0,STEADY,674,2.39765,2.63355,0.102849,0.0178042,0.188427,116,14,35,2,0,0,1,124,124,0,0,31,4a424577,c79f418b
571,11,6,3,2,2100000571,0,1,1,1541,1,93,0,26,5320,0,STEADY,514,5.17231,8.39278,0.224125,0.31323,0.0077821,0,0,6,15,0,3,2,131,48,24,4,3,4a424577,c79f418b
571,11,6,3,2,2100000571,1,1,1,1846,1,49,0,34,5840,0,STEADY,616,4.6456,5.31826,0.172273,0.217532,0.0146104,0,0,18,12,0,2,2,126,80,12,4,45,4a424577,c79f418b
572,12,7,4,2,2100000572,0,2,1,415,1,21,0,11,1840,0,STEADY,139,2.76325,1.85474,0.277698,0.215827,0.143885,31,10,6,1,1,1,2,100,90,0,0,0,4a424577,c79f418b
572,12,7,4,2,2100000572,1,2,1,403,1,51,0,10,1710,0,STEADY,135,3.04485,2.25864,0.299185,0.222222,0.155556,0,0,5,1,2,1,1,100,60,0,0,27,4a424577,c79f418b
573,13,8,5,2,2100000573,0,3,0,798,1,0,48,17,2960,0,STEADY,266,4.53954,5.54215,0.216278,0.530075,0.0827068,38,0,14,2,1,0,0,68,104,0,0,0,4a424577,c79f418b
573,13,8,5,2,2100000573,1,3,0,931,1,0,41,19,3370,0,STEADY,311,4.68295,7.60395,0.197251,0.453376,0.157556,19,0,16,1,2,0,0,75,104,0,0,0,4a424577,c79f418b
574,14,9,0,2,2100000574,0,0,0,1921,1,0,97,36,5360,0,STEADY,641,2.63427,7.32064,0.433448,0.0530421,0.126365,487,74,4,22,6,1,3,155,113,0,17,25,4a424577,c79f418b
574,14,9,0,2,2100000574,1,0,0,2446,1,0,52,51,6680,0,STEADY,816,2.49139,6.93597,0.505901,0.0208333,0.118873,224,75,8,37,2,2,2,176,113,0,13,20,4a424577,c79f418b
575,15,10,1,2,2100000575,0,1,0,999,1,0,100,19,3390,0,STEADY,333,3.99203,2.34001,0.222733,0.267267,0.021021,133,0,1,11,0,2,5,24,118,0,30,251,4a424577,c79f418b
575,15,10,1,2,2100000575,1,1,0,674,1,0,48,15,2360,0,STEADY,225,4.02556,2.45222,0.301756,0.493333,0.08,59,10,5,8,0,1,1,76,118,0,14,197,4a424577,c79f418b
576,16,11,2,2,2100000576,0,2,1,751,1,11,0,15,2920,0,STEADY,251,2.58673,4.03791,0.17241,0.10757,0.250996,156,37,12,2,0,1,0,141,104,0,0,160,4a424577,c79f418b
576,16,11,2,2,2100000576,1,2,1,765,1,63,0,15,2950,0,STEADY,255,3.0865,3.15071,0.18349,0.109804,0.0627451,0,0,11,2,0,1,1,129,52,0,0,112,4a424577,c79f418b
577,17,12,3,2,2100000577,0,3,1,470,1,22,0,9,1700,0,STEADY,157,3.61123,3.70976,0.477516,0.216561,0.121019,9,0,2,2,0,3,2,111,96,18,0,0,4a424577,c79f418b
577,17,12,3,2,2100000577,1,3,1,226,1,42,0,5,840,0,STEADY,76,4.19291,2.58238,0.727237,0.355263,0.105263,4,0,2,1,0,2,0,111,70,6,0,16,4a424577,c79f418b
578,18,13,4,2,2100000578,0,0,1,588,1,71,0,14,2320,0,STEADY,196,4.96968,4.07933,0.352622,0.173469,0.193878,0,0,9,3,0,0,2,104,58,0,0,183,4a424577,c79f418b
578,18,13,4,2,2100000578,1,0,1,817,1,78,0,17,2710,0,STEADY,273,4.43909,6.30213,0.248172,0.102564,0.0805861,0,0,12,3,0,0,2,104,51,0,0,89,4a424577,c79f418b
579,19,14,5,2,2100000579,0,1,1,1257,1,22,0,24,4280,0,STEADY,419,3.14871,4.18973,0.136396,0.460621,0.329356,19,9,21,1,1,1,0,113,110,0,0,0,4a424577,c79f418b
579,19,14,5,2,2100000579,1,1,1,1213,1,44,0,23,4110,0,STEADY,405,2.97031,6.2967,0.148383,0.358025,0.451852,43,23,20,1,1,1,0,113,88,0,0,0,4a424577,c79f418b
580,20,15,0,2,2100000580,0,2,1,2358,2,10,40,41,7690,0,STEADY,786,5.3871,4.10615,0.128365,0.390585,0.216285,411,120,30,3,0,5,3,66,92,0,12,600,4a424577,c79f418b
580,20,15,0,2,2100000580,1,2,1,1446,2,78,90,27,4970,0,STEADY,482,5.58268,2.47703,0.182054,0.381743,0.358921,0,0,23,2,0,2,0,28,24,0,0,600,4a424577,c79f418b
581,21,16,1,2,2100000581,0,3,1,937,1,107,0,19,3090,0,STEADY,313,3.63013,7.44213,0.228211,0.0127796,0.105431,0,0,9,6,1,0,3,115,17,0,0,8,4a424577,c79f418b
581,21,16,1,2,2100000581,1,3,1,1521,1,10,0,29,4880,0,STEADY,507,3.39995,5.91576,0.136036,0.0216963,0.0591716,295,12,20,5,2,0,2,115,114,0,0,14,4a424577,c79f418b
582,22,17,2,2,2100000582,0,0,1,914,1,175,0,15,3760,0,STEADY,305,3.89188,4.99851,0.19098,0.170492,0.052459,0,0,2,8,4,0,1,101,0,0,0,52,4a424577,c79f418b
582,22,17,2,2,2100000582,1,0,0,2214,1,0,51,33,7430,0,STEADY,738,2.78442,6.21137,0.132873,0.0867209,0.138211,93,20,10,7,8,0,8,72,175,0,95,59,4a424577,c79f418b
583,23,18,3,2,2100000583,0,1,1,547,1,100,0,14,2040,0,STEADY,183,2.82538,2.11509,0.269481,0.10929,0.0437158,0,0,8,4,0,0,2,129,24,19,0,103,4a424577,c79f418b
583,23,18,3,2,2100000583,1,1,1,670,1,105,0,16,2400,0,STEADY,224,3.02491,4.27161,0.232746,0.125,0.0625,0,0,9,4,1,0,2,129,0,0,0,0,4a424577,c79f418b
584,24,19,4,2,2100000584,0,2,1,796,1,5,0,17,2560,0,STEADY,266,3.12999,5.14067,0.211805,0.398496,0.0714286,79,0,12,2,1,1,1,132,120,0,0,90,4a424577,c79f418b
584,24,19,4,2,2100000584,1,2,0,837,1,0,4,16,2640,0,STEADY,279,3.18879,2.76833,0.225771,0.329749,0.00358423,57,0,9,3,1,2,1,128,125,0,0,115,4a424577,c79f418b
585,25,20,5,2,2100000585,0,3,0,707,1,0,60,15,2490,0,STEADY,236,5.56957,4.04232,0.276525,0.432203,0.0423729,85,0,3,9,2,0,1,42,104,0,0,104,4a424577,c79f418b
585,25,20,5,2,2100000585,1,3,1,566,1,77,0,12,1980,0,STEADY,189,4.97444,4.27087,0.353862,0.296296,0,0,0,3,6,2,0,1,78,27,0,14,23,4a424577,c79f418b
586,26,21,0,2,2100000586,0,0,1,1556,1,108,0,31,4950,0,STEADY,519,3.78735,4.43362,0.177139,0.202312,0.111753,0,0,7,23,0,0,1,124,0,0,0,137,4a424577,c79f418b
586,26,21,0,2,2100000586,1,0,1,1661,1,48,0,33,5270,0,STEADY,554,4.0753,4.28364,0.112374,0.173285,0.0361011,0,0,8,23,0,0,2,124,60,0,0,140,4a424577,c79f418b
587,27,22,1,2,2100000587,0,1,1,1863,1,119,0,35,6080,0,STEADY,621,3.19679,2.42576,0.135982,0.270531,0.484702,0,0,32,1,0,0,2,175,26,0,0,415,4a424577,c79f418b
587,27,22,1,2,2100000587,1,1,1,2368,2,15,21,43,7520,0,STEADY,790,3.41663,2.51838,0.129259,0.329114,0.563291,721,445,40,3,0,0,0,154,130,0,0,600,4a424577,c79f418b
588,28,23,2,2,2100000588,0,2,0,766,1,0,17,15,2890,0,STEADY,256,4.46786,3.2388,0.206426,0.527344,0.113281,96,0,3,10,1,0,1,104,111,0,0,120,4a424577,c79f418b
588,28,23,2,2,2100000588,1,2,1,387,1,63,0,9,1730,0,STEADY,129,5.12244,3.10279,0.319651,0.426357,0.116279,0,0,2,5,0,0,2,111,48,0,0,59,4a424577,c79f418b
589,29,24,3,2,2100000589,0,3,0,844,1,0,61,18,2960,0,STEADY,282,3.69015,6.81565,0.246152,0.382979,0.159574,48,0,10,1,3,1,3,64,102,0,0,0,4a424577,c79f418b
589,29,24,3,2,2100000589,1,3,0,1694,1,0,46,34,5160,0,STEADY,565,3.4988,6.0737,0.180292,0.419469,0.125664,160,46,24,2,6,1,1,79,102,0,17,19,4a424577,c79f418b
590,30,25,4,2,2100000590,0,0,1,357,1,79,0,10,1620,0,STEADY,119,3.7688,2.63906,0.420521,0.226891,0.0840336,0,0,7,3,0,0,0,104,46,0,0,82,4a424577,c79f418b
590,30,25,4,2,2100000590,1,0,1,504,1,76,0,14,1960,0,STEADY,168,3.39953,4.06084,0.314077,0.125,0.047619,0,0,10,2,0,0,2,104,49,0,0,83,4a424577,c79f418b
591,31,26,5,2,2100000591,0,1,0,1027,1,0,1,23,3220,0,STEADY,343,3.68181,2.73569,0.174665,0.472303,0.0758017,48,9,15,6,0,0,2,107,132,0,0,178,4a424577,c79f418b
591,31,26,5,2,2100000591,1,1,1,919,1,13,0,21,2920,0,STEADY,307,3.51307,3.25067,0.189691,0.37785,0.0651466,47,9,15,4,0,1,1,108,119,0,12,110,4a424577,c79f418b
592,32,27,0,2,2100000592,0,2,0,660,1,0,9,14,2600,0,STEADY,220,2.7802,2.31618,0.174977,0.104545,0.195455,57,11,11,0,1,1,1,136,121,0,0,321,4a424577,c79f418b
592,32,27,0,2,2100000592,1,2,1,1008,1,2,0,20,3620,0,STEADY,336,3.09735,2.91,0.135015,0.0654762,0.279762,54,0,17,0,1,1,1,145,119,0,0,320,4a424577,c79f418b
593,33,28,1,2,2100000593,0,3,1,289,1,90,0,8,1410,0,STEADY,97,4.89978,5.73906,0.546959,0.0927835,0.0206186,0,0,5,1,1,0,1,107,62,0,0,20,4a424577,c79f418b
593,33,28,1,2,2100000593,1,3,1,523,1,110,0,13,2010,0,STEADY,175,3.83866,6.54493,0.335714,0.0514286,0.0857143,0,0,5,1,6,0,1,107,42,0,0,68,4a424577,c79f418b
594,34,29,2,2,2100000594,0,0,1,424,1,63,0,11,1770,0,STEADY,142,4.09391,3.49638,0.384648,0.288732,0.056338,0,0,4,5,0,1,1,102,77,0,0,85,4a424577,c79f418b
594,34,29,2,2,2100000594,1,0,1,1672,1,43,0,37,4890,0,STEADY,558,3.19013,2.33657,0.137357,0.551971,0.231183,18,8,30,5,0,1,1,102,97,0,0,578,4a424577,c79f418b
595,35,30,3,2,2100000595,0,1,0,1700,1,0,31,36,5180,0,STEADY,567,3.2684,4.5706,0.117187,0.0246914,0.0758377,293,39,14,20,0,1,1,94,101,0,0,116,4a424577,c79f418b
595,35,30,3,2,2100000595,1,1,0,1852,1,0,51,38,5670,0,STEADY,618,3.40942,7.97113,0.110809,0.02589,0.0194175,43,0,19,17,0,1,1,74,101,0,0,64,4a424577,c79f418b
596,36,31,4,2,2100000596,0,2,0,530,1,0,45,12,2140,0,STEADY,177,4.19074,3.17354,0.264689,0.378531,0.0621469,38,8,1,10,0,1,0,87,93,0,0,139,4a424577,c79f418b
596,36,31,4,2,2100000596,1,2,0,709,1,0,24,15,2650,0,STEADY,237,4.24393,5.30131,0.266308,0.333333,0.0970464,58,8,1,13,0,0,1,108,93,0,0,174,4a424577,c79f418b
597,37,32,5,2,2100000597,0,3,1,1293,1,48,0,25,4350,0,STEADY,431,2.64213,5.39166,0.171009,0.0208817,0.0324826,18,0,23,0,1,0,1,121,102,0,0,67,4a424577,c79f418b
597,37,32,5,2,2100000597,1,3,1,1251,1,31,0,24,4250,0,STEADY,417,2.82352,3.38991,0.179197,0.103118,0.0839329,36,0,22,1,1,0,0,121,119,0,0,234,4a424577,c79f418b
598,38,33,0,2,2100000598,0,0,0,650,1,0,29,14,2560,0,STEADY,217,5.0037,3.34189,0.190922,0.534562,0.156682,39,0,6,5,0,1,2,123,104,0,0,78,4a424577,c79f418b
598,38,33,0,2,2100000598,1,0,0,510,1,0,49,12,2100,0,STEADY,170,5.07759,8.26037,0.270324,0.688235,0.264706,91,26,5,5,0,0,2,103,104,0,0,0,4a424577,c79f418b
599,39,34,1,2,2100000599,0,1,1,547,1,15,0,12,2040,0,STEADY,183,3.17979,4.41203,0.306393,0.273224,0.15847,31,11,6,1,0,3,2,140,99,0,15,58,4a424577,c79f418b
599,39,34,1,2,2100000599,1,1,1,976,1,4,0,19,3320,0,STEADY,326,4.07192,2.6481,0.336288,0.239264,0.392638,184,94,9,2,2,4,2,140,110,0,33,419,4a424577,c79f418b
600,0,2,3,2,2100000600,0,3,0,369,1,0,46,8,1490,0,STEADY,123,4.58181,5.74783,0.463984,0.235772,0.0813008,37,0,0,5,1,0,2,48,113,0,0,25,4a424577,c79f418b
600,0,2,3,2,2100000600,1,3,0,798,1,0,60,17,2720,0,STEADY,266,3.89936,7.78902,0.272613,0.199248,0.105263,39,5,6,9,0,1,1,34,113,0,0,57,4a424577,c79f418b
601,1,3,4,2,2100000601,0,0,1,631,1,52,0,15,2190,0,STEADY,211,4.09628,3.10715,0.254858,0.407583,0,4,0,9,3,0,1,2,106,84,0,0,0,4a424577,c79f418b
601,1,3,4,2,2100000601,1,0,1,598,1,82,0,15,2140,0,STEADY,200,3.34821,1.82379,0.23565,0.56,0.02,0,0,10,2,0,1,2,94,54,0,42,214,4a424577,c79f418b
602,2,4,5,2,2100000602,0,1,0,1770,1,0,1,31,5720,0,STEADY,590,6.16533,4.01749,0.147551,0.486441,0.188136,44,20,6,24,0,0,1,122,94,0,0,187,4a424577,c79f418b
602,2,4,5,2,2100000602,1,1,1,708,1,94,0,14,2690,0,STEADY,236,7.02906,5.15995,0.310657,0.474576,0.0889831,0,0,4,9,0,0,1,123,0,0,0,0,4a424577,c79f418b
603,3,5,0,2,2100000603,0,2,0,592,1,0,74,13,2310,0,STEADY,198,3.01224,3.05366,0.238914,0.257576,0.136364,32,10,11,1,0,1,0,67,106,0,10,91,4a424577,c79f418b
603,3,5,0,2,2100000603,1,2,0,1783,1,0,72,34,5840,0,STEADY,595,2.75843,7.13671,0.119042,0.260504,0.142857,155,20,32,0,0,1,1,69,106,0,0,47,4a424577,c79f418b
604,4,6,1,2,2100000604,0,3,0,2569,1,0,56,52,8820,0,STEADY,857,5.15277,5.14354,0.39253,0.285881,0.00700117,136,2,4,42,0,0,6,54,123,0,0,268,4a424577,c79f418b
604,4,6,1,2,2100000604,1,3,0,2667,1,0,11,54,9080,0,STEADY,889,5.00912,5.31442,0.407323,0.345332,0.00674916,261,1,5,44,0,1,4,42,136,13,0,252,4a424577,c79f418b
605,5,7,2,2,2100000605,0,0,1,2443,1,97,0,46,7520,0,STEADY,815,2.6447,5.76624,0.149479,0.294479,0.193865,0,0,25,6,2,9,4,100,44,0,53,51,4a424577,c79f418b
605,5,7,2,2,2100000605,1,0,1,1015,1,41,0,21,3480,0,STEADY,339,3.35673,2.63442,0.236165,0.412979,0.129794,14,0,12,4,2,2,1,100,100,0,28,151,4a424577,c79f418b
606,6,8,3,2,2100000606,0,1,1,1329,1,71,0,26,4580,0,STEADY,443,3.29388,4.52623,0.12807,0.013544,0.345372,0,0,23,0,1,0,2,116,60,0,0,170,4a424577,c79f418b
606,6,8,3,2,2100000606,1,1,0,1404,1,0,46,27,4760,0,STEADY,468,3.54607,6.39549,0.141848,0.0128205,0.279915,38,0,25,1,1,0,0,70,131,0,0,73,4a424577,c79f418b
607,7,9,4,2,2100000607,0,2,0,715,1,0,75,16,2710,0,STEADY,239,3.47993,7.13363,0.179017,0.221757,0.0209205,32,1,4,10,1,1,0,100,100,0,0,74,4a424577,c79f418b
607,7,9,4,2,2100000607,1,2,0,733,1,0,21,17,2580,0,STEADY,245,3.44548,2.13514,0.208755,0.110204,0.236735,32,3,10,5,1,1,0,150,100,0,0,243,4a424577,c79f418b
608,8,10,5,2,2100000608,0,3,0,898,1,0,58,19,2770,0,STEADY,300,4.29457,2.25609,0.221517,0.236667,0.266667,59,13,5,2,11,0,1,66,116,0,10,306,4a424577,c79f418b
608,8,10,5,2,2100000608,1,3,0,1749,1,0,37,28,4910,0,STEADY,583,8.19591,10.0244,0.412221,0.536878,0.246998,69,0,17,4,4,2,1,87,116,0,10,149,4a424577,c79f418b
609,9,11,0,2,2100000609,0,0,1,2326,1,137,0,43,7230,0,STEADY,776,2.90695,7.64955,0.152648,0.0154639,0.300258,0,0,10,23,1,0,9,157,47,35,0,60,4a424577,c79f418b
609,9,11,0,2,2100000609,1,0,1,2341,1,123,0,45,7030,0,STEADY,781,2.80986,6.22968,0.116863,0.0665813,0.279129,0,0,9,31,1,2,2,157,70,44,0,77,4a424577,c79f418b
610,10,12,1,2,2100000610,0,1,1,526,1,73,0,12,2190,0,STEADY,176,3.22205,1.92298,0.21017,0.119318,0.130682,0,0,9,1,1,0,1,111,51,0,0,80,4a424577,c79f418b
610,10,12,1,2,2100000610,1,1,1,819,1,55,0,17,3030,0,STEADY,273,3.16978,3.23261,0.163407,0.0952381,0.260073,0,0,14,2,1,0,0,111,69,0,0,66,4a424577,c79f418b
611,11,13,2,2,2100000611,0,2,1,1198,1,98,0,25,3840,0,STEADY,400,3.85968,5.39255,0.158413,0.1225,0.055,0,0,17,5,0,2,1,104,31,12,10,56,4a424577,c79f418b
611,11,13,2,2,2100000611,1,2,1,460,1,83,0,11,1960,0,STEADY,154,4.16524,2.45531,0.340325,0.246753,0.188312,0,0,5,3,1,1,1,104,34,0,10,152,4a424577,c79f418b
612,12,14,3,2,2100000612,0,3,1,1004,1,89,0,19,3210,0,STEADY,335,3.42283,6.41644,0.328269,0.271642,0.0925373,0,0,8,1,8,1,1,113,22,0,0,4,4a424577,c79f418b
612,12,14,3,2,2100000612,1,3,0,736,1,0,14,16,2720,0,STEADY,246,3.15653,2.65131,0.263801,0.256098,0.0609756,64,1,9,2,2,2,1,99,111,0,0,32,4a424577,c79f418b
613,13,15,4,2,2100000613,0,0,1,715,1,32,0,15,2760,0,STEADY,239,4.44507,3.56239,0.221653,0.401674,0,9,0,12,0,3,0,0,118,72,0,0,0,4a424577,c79f418b
613,13,15,4,2,2100000613,1,0,0,1063,1,0,16,21,3780,0,STEADY,355,5.32813,5.955,0.160817,0.43662,0.0366197,59,13,18,0,3,0,0,102,104,0,0,0,4a424577,c79f418b
614,14,16,5,2,2100000614,0,1,0,563,1,0,15,12,2000,0,STEADY,188,3.88533,9.86024,0.396383,0.164894,0.382979,41,37,2,4,2,2,2,100,113,0,0,0,4a424577,c79f418b
614,14,16,5,2,2100000614,1,1,1,486,1,79,0,11,1800,0,STEADY,162,4.19021,5.11305,0.408488,0.0555556,0.037037,0,0,2,4,2,1,2,115,34,0,0,0,4a424577,c79f418b
615,15,17,0,2,2100000615,0,2,0,694,1,0,36,16,2430,0,STEADY,232,3.56014,2.02812,0.206983,0.280172,0.0732759,52,0,7,7,0,1,1,72,118,0,0,187,4a424577,c79f418b
615,15,17,0,2,2100000615,1,2,0,524,1,0,84,12,2040,0,STEADY,175,3.76394,3.66799,0.277543,0.125714,0.228571,24,8,3,4,0,1,4,32,118,0,0,31,4a424577,c79f418b
616,16,18,1,2,2100000616,0,3,1,753,1,49,0,16,2890,0,STEADY,251,3.51957,5.03415,0.173845,0.0717131,0.0318725,0,0,13,2,0,0,1,129,66,0,0,0,4a424577,c79f418b
616,16,18,1,2,2100000616,1,3,1,933,1,49,0,19,3430,0,STEADY,311,3.11556,3.5584,0.149309,0.0610932,0.0675241,0,0,15,2,0,0,2,129,66,0,0,10,4a424577,c79f418b
617,17,19,2,2,2100000617,0,0,1,361,1,35,0,9,1260,0,STEADY,121,3.10961,5.11437,0.322975,0.115702,0,26,0,5,1,1,1,1,132,60,6,0,0,4a424577,c79f418b
617,17,19,2,2,2100000617,1,0,1,421,1,22,0,11,1420,0,STEADY,141,3.02971,6.21132,0.301986,0.113475,0,33,0,7,1,0,1,2,132,64,0,0,2,4a424577,c79f418b
618,18,20,3,2,2100000618,0,1,0,1232,1,0,2,22,3170,0,STEADY,411,4.69161,4.63895,0.216659,0.0827251,0.260341,63,33,19,2,0,0,1,84,129,0,0,73,4a424577,c79f418b
618,18,20,3,2,2100000618,1,1,0,1112,1,0,102,21,3090,0,STEADY,371,5.32562,4.09554,0.248137,0.113208,0.342318,282,121,18,3,0,0,0,0,129,0,0,473,4a424577,c79f418b
619,19,21,4,2,2100000619,0,2,0,1346,1,0,49,26,4540,0,STEADY,449,3.94315,3.25332,0.135702,0.360802,0.0222717,228,8,22,0,0,2,2,75,132,0,0,279,4a424577,c79f418b
619,19,21,4,2,2100000619,1,2,1,1334,1,51,0,26,4510,0,STEADY,445,3.19563,1.56118,0.121966,0.494382,0.0674157,1,0,23,0,0,1,2,124,81,0,0,382,4a424577,c79f418b
620,20,22,5,2,2100000620,0,3,1,2146,1,50,0,38,7150,0,STEADY,716,5.0312,5.52059,0.241732,0.371508,0.138268,0,0,28,3,0,3,4,120,52,0,0,163,4a424577,c79f418b
620,20,22,5,2,2100000620,1,3,0,1411,1,0,129,26,4730,0,STEADY,471,5.5397,2.42841,0.192473,0.471338,0.231423,210,64,20,1,0,3,2,46,102,0,0,366,4a424577,c79f418b
621,21,23,0,2,2100000621,0,0,1,1740,1,81,0,34,5570,0,STEADY,580,2.95854,3.96653,0.109991,0.00344828,0.17069,0,0,25,6,0,0,3,112,43,0,0,75,4a424577,c79f418b
621,21,23,0,2,2100000621,1,0,1,2395,1,124,0,45,7530,0,STEADY,799,2.87968,4.9428,0.135832,0.00625782,0.321652,0,0,41,3,0,0,1,105,0,0,0,45,4a424577,c79f418b
622,22,24,1,2,2100000622,0,1,1,1804,1,112,0,29,6540,0,STEADY,602,2.79343,6.17106,0.150002,0.131229,0.112957,0,0,10,6,8,0,5,125,63,0,44,39,4a424577,c79f418b
622,22,24,1,2,2100000622,1,1,1,2700,3,71,15,45,9740,0,STEADY,900,2.31295,4.62914,0.13573,0.16,0.401111,0,0,19,4,14,0,8,68,104,0,146,277,4a424577,c79f418b
623,23,25,2,2,2100000623,0,2,1,559,1,105,0,14,2090,0,STEADY,187,3.04409,3.05602,0.247326,0.13369,0.026738,0,0,7,5,0,0,2,104,0,0,0,20,4a424577,c79f418b
623,23,25,2,2,2100000623,1,2,1,367,1,71,0,10,1600,0,STEADY,123,3.36684,3.47764,0.354268,0.186992,0.0650407,0,0,4,4,1,0,1,104,51,17,0,67,4a424577,c79f418b
624,24,26,3,2,2100000624,0,3,0,1109,1,0,108,22,3720,0,STEADY,370,3.54102,7.77914,0.181189,0.281081,0.1,210,35,10,2,1,1,8,0,125,0,20,0,4a424577,c79f418b
624,24,26,3,2,2100000624,1,3,0,1448,1,0,82,31,4200,0,STEADY,483,3.17599,2.00188,0.135362,0.436853,0.0559006,245,22,26,1,1,1,2,26,125,0,0,166,4a424577,c79f418b
625,25,27,4,2,2100000625,0,0,0,682,1,0,73,15,2390,0,STEADY,228,3.32555,6.01772,0.232982,0.412281,0.0131579,56,0,5,7,1,0,2,72,104,0,0,74,4a424577,c79f418b
625,25,27,4,2,2100000625,1,0,0,812,1,0,55,18,2750,0,STEADY,271,4.08027,2.1054,0.274317,0.472325,0.0332103,57,0,8,7,2,0,1,90,104,0,40,320,4a424577,c79f418b
626,26,28,5,2,2100000626,0,1,1,673,1,108,0,16,2360,0,STEADY,225,3.40143,7.36505,0.292178,0.0933333,0.00888889,0,0,9,4,0,0,3,111,0,0,0,0,4a424577,c79f418b
626,26,28,5,2,2100000626,1,1,1,487,1,71,0,12,1920,0,STEADY,163,3.5689,5.55633,0.369847,0.153374,0.0552147,0,0,5,4,1,0,2,111,37,0,0,0,4a424577,c79f418b
627,27,29,0,2,2100000627,0,2,0,1037,1,0,64,20,3500,0,STEADY,346,5.43914,4.19939,0.247428,0.306358,0.343931,108,57,18,1,0,0,1,38,145,0,0,68,4a424577,c79f418b
627,27,29,0,2,2100000627,1,2,1,884,1,83,0,18,3190,0,STEADY,295,4.7264,2.80439,0.204237,0.301695,0.233898,0,0,15,1,0,0,2,102,62,0,0,144,4a424577,c79f418b
628,28,30,1,2,2100000628,0,3,1,415,1,35,0,9,1770,0,STEADY,139,6.26013,2.77873,0.399281,0.503597,0.0791367,10,0,3,5,0,0,1,125,76,0,0,155,4a424577,c79f418b
628,28,30,1,2,2100000628,1,3,0,308,1,0,69,7,1430,0,STEADY,103,7.44036,3.34709,0.487184,0.446602,0,52,0,3,3,0,0,1,56,111,0,0,78,4a424577,c79f418b
629,29,31,2,2,2100000629,0,0,0,1108,1,0,26,24,3520,0,STEADY,370,3.47942,3.08227,0.168216,0.364865,0.202703,32,2,17,3,2,0,2,115,102,0,18,347,4a424577,c79f418b
629,29,31,2,2,2100000629,1,0,1,1046,2,38,28,22,3320,0,STEADY,349,3.94062,2.14654,0.173367,0.372493,0.169054,187,38,15,2,3,0,2,122,64,0,45,600,4a424577,c79f418b
630,30,32,3,2,2100000630,0,1,1,1643,1,13,0,41,4490,0,STEADY,548,4.39549,4.60155,0.139823,0.0948905,0.291971,263,104,37,3,0,1,0,121,112,0,20,230,4a424577,c79f418b
630,30,32,3,2,2100000630,1,1,1,1861,1,23,0,47,4930,0,STEADY,621,4.49323,4.87013,0.128171,0.0853462,0.338164,226,100,43,2,0,0,2,117,102,0,0,96,4a424577,c79f418b
631,31,33,4,2,2100000631,0,2,0,520,1,0,55,13,1950,0,STEADY,174,3.6743,2.5924,0.231207,0.333333,0.0287356,32,0,7,3,0,0,3,97,132,0,0,43,4a424577,c79f418b
631,31,33,4,2,2100000631,1,2,0,724,1,0,76,17,2430,0,STEADY,242,3.17116,1.44423,0.191343,0.487603,0.103306,32,0,11,3,0,0,3,76,132,0,0,89,4a424577,c79f418b
632,32,34,5,2,2100000632,0,3,1,1722,1,59,0,32,5800,0,STEADY,574,2.76136,5.69065,0.143023,0.0801394,0.0278746,0,0,27,0,3,1,1,140,62,0,0,0,4a424577,c79f418b
632,32,34,5,2,2100000632,1,3,1,705,1,22,0,15,2770,0,STEADY,235,2.70434,4.50753,0.171574,0.106383,0.106383,58,4,12,0,1,1,1,140,99,0,0,20,4a424577,c79f418b
633,33,35,0,2,2100000633,0,0,1,742,1,152,0,15,2750,0,STEADY,248,3.60633,4.12775,0.209274,0.0725806,0.016129,0,0,11,2,0,0,2,101,0,0,0,18,4a424577,c79f418b
633,33,35,0,2,2100000633,1,0,1,2098,1,92,0,43,6280,0,STEADY,700,3.53176,4.76814,0.0996143,0.0242857,0.191429,0,0,16,2,24,0,1,101,60,0,0,227,4a424577,c79f418b
634,34,36,1,2,2100000634,0,1,1,484,1,32,0,12,1900,0,STEADY,162,4.1757,3.17476,0.301543,0.320988,0,31,0,4,6,0,0,2,93,108,0,0,60,4a424577,c79f418b
634,34,36,1,2,2100000634,1,1,0,864,1,0,33,20,2880,0,STEADY,288,3.46178,2.69345,0.212934,0.28125,0.03125,93,2,13,4,0,1,2,60,140,0,0,164,4a424577,c79f418b
635,35,37,2,2,2100000635,0,2,0,1960,1,0,10,40,5960,0,STEADY,654,3.15791,2.97194,0.0921483,0.0168196,0.327217,39,9,20,18,0,1,1,140,101,0,2,300,4a424577,c79f418b
635,35,37,2,2,2100000635,1,2,0,1630,1,0,24,34,5070,0,STEADY,544,3.24898,3.97596,0.0953125,0.0128676,0.231618,146,35,15,16,0,1,2,126,101,0,0,117,4a424577,c79f418b
636,36,38,3,2,2100000636,0,3,0,741,1,0,74,14,2550,0,STEADY,247,5.04278,2.05974,0.309332,0.388664,0.210526,14,4,2,11,0,0,1,30,93,0,0,483,4a424577,c79f418b
636,36,38,3,2,2100000636,1,3,0,595,1,0,58,12,2210,0,STEADY,199,4.41217,6.05889,0.290427,0.306533,0.0351759,41,4,2,9,0,0,1,46,93,0,0,41,4a424577,c79f418b
637,37,39,4,2,2100000637,0,0,1,949,1,66,0,19,3400,0,STEADY,317,2.38999,3.45759,0.169101,0.100946,0.201893,0,0,16,0,1,1,1,114,84,0,0,33,4a424577,c79f418b
637,37,39,4,2,2100000637,1,0,1,1228,1,11,0,24,4210,0,STEADY,410,2.26958,1.45568,0.144963,0.0780488,0.190244,113,10,21,0,1,0,2,114,139,0,0,122,4a424577,c79f418b
638,38,0,5,2,2100000638,0,1,0,647,1,0,31,14,2440,0,STEADY,216,4.57363,2.64163,0.332569,0.759259,0.134259,39,0,6,6,0,0,2,82,104,0,0,148,4a424577,c79f418b
638,38,0,5,2,2100000638,1,1,1,644,1,42,0,14,2440,0,STEADY,215,5.18641,3.46212,0.39014,0.562791,0.251163,0,0,5,7,0,0,2,105,62,0,0,168,4a424577,c79f418b
639,39,1,0,2,2100000639,0,2,0,1219,1,0,60,23,4160,0,STEADY,407,2.81023,4.90774,0.191744,0.316953,0.265356,178,68,10,1,3,6,3,76,114,0,16,89,4a424577,c79f418b
639,39,1,0,2,2100000639,1,2,0,706,1,0,46,15,2560,0,STEADY,236,3.21331,3.04005,0.290636,0.241525,0.20339,32,9,8,1,1,4,1,90,114,0,25,80,4a424577,c79f418b
640,0,9,2,2,2100000640,0,0,0,2341,1,0,8,43,7420,0,STEADY,781,4.57076,9.01029,0.225743,0.28169,0.0435339,75,16,1,39,0,1,2,210,113,0,0,23,4a424577,c79f418b
640,0,9,2,2,2100000640,1,0,0,2566,1,0,46,45,7530,0,STEADY,856,4.67632,6.93018,0.211904,0.225467,0.0969626,421,38,5,38,0,1,1,181,113,0,0,77,4a424577,c79f418b
641,1,10,3,2,2100000641,0,1,0,369,1,0,124,8,1540,0,STEADY,123,6.23767,3.52261,0.623171,0.317073,0.154472,39,0,0,2,0,2,4,0,136,0,22,40,4a424577,c79f418b
641,1,10,3,2,2100000641,1,1,1,910,1,76,0,21,2880,0,STEADY,304,3.49604,2.03494,0.228487,0.605263,0.0328947,0,0,15,4,0,1,1,124,60,0,52,347,4a424577,c79f418b
642,2,11,4,2,2100000642,0,2,1,1026,1,59,0,20,3640,0,STEADY,342,4.14117,4.0798,0.160673,0.508772,0.137427,0,0,3,16,0,0,1,161,35,0,0,28,4a424577,c79f418b
642,2,11,4,2,2100000642,1,2,1,1315,1,42,0,25,4490,0,STEADY,439,3.5851,2.90218,0.138405,0.594533,0,0,0,3,21,0,0,1,153,52,0,0,216,4a424577,c79f418b
643,3,12,5,2,2100000643,0,3,0,1187,1,0,99,23,4000,0,STEADY,396,3.18499,5.11663,0.173485,0.313131,0.108586,142,6,20,0,0,1,2,12,106,0,0,47,4a424577,c79f418b
643,3,12,5,2,2100000643,1,3,0,439,1,0,91,10,1830,0,STEADY,147,5.45676,3.1117,0.375102,0.394558,0.122449,7,0,7,1,0,1,1,20,106,0,0,105,4a424577,c79f418b
644,4,13,0,2,2100000644,0,0,1,427,1,20,0,11,1800,0,STEADY,143,4.61869,2.15078,0.419035,0.356643,0,37,0,4,5,1,1,0,104,116,13,0,202,4a424577,c79f418b
644,4,13,0,2,2100000644,1,0,0,619,1,0,36,15,2390,0,STEADY,207,4.33172,3.03292,0.345923,0.275362,0.0917874,66,0,5,7,0,1,2,68,136,13,0,164,4a424577,c79f418b
645,5,14,1,2,2100000645,0,1,0,1626,1,0,5,31,5200,0,STEADY,542,3.19984,2.83933,0.201421,0.394834,0.136531,48,0,18,10,1,2,0,108,141,0,0,170,4a424577,c79f418b
645,5,14,1,2,2100000645,1,1,0,2236,1,0,45,43,6880,0,STEADY,746,3.08044,8.26764,0.164397,0.329759,0.179625,62,9,27,10,1,4,1,44,141,0,0,15,4a424577,c79f418b
646,6,15,2,2,2100000646,0,2,1,996,1,127,0,20,3600,0,STEADY,332,1.93655,5.15559,0.15244,0.00903614,0.0361446,0,0,17,1,1,0,1,118,4,0,0,64,4a424577,c79f418b
646,6,15,2,2,2100000646,1,2,1,1644,1,47,0,31,5490,0,STEADY,548,2.48022,6.47723,0.116004,0.0328467,0.260949,19,9,28,1,1,1,0,118,84,0,0,25,4a424577,c79f418b
647,7,16,3,2,2100000647,0,3,1,1393,1,19,0,27,4490,0,STEADY,465,4.54615,5.13053,0.172301,0.221505,0,117,0,5,20,0,1,1,115,81,0,0,137,4a424577,c79f418b
647,7,16,3,2,2100000647,1,3,0,730,1,0,5,16,2470,0,STEADY,244,3.38201,5.74778,0.198238,0.139344,0.00409836,59,0,8,6,0,1,1,110,100,0,0,77,4a424577,c79f418b
648,8,17,4,2,2100000648,0,0,0,466,1,0,29,12,1830,0,STEADY,156,3.87306,2.70474,0.25234,0.173077,0.288462,16,0,3,1,6,0,2,76,116,0,0,40,4a424577,c79f418b
648,8,17,4,2,2100000648,1,0,1,604,1,34,0,15,2180,0,STEADY,202,3.72526,2.4669,0.273985,0.247525,0.227723,47,6,6,1,8,0,0,97,82,0,0,153,4a424577,c79f418b
649,9,18,5,2,2100000649,0,1,1,1099,1,139,0,24,3510,0,STEADY,367,3.219,5.05698,0.171076,0.0245232,0.013624,0,0,2,18,1,0,3,129,42,32,0,0,4a424577,c79f418b
649,9,18,5,2,2100000649,1,1,1,475,1,125,0,11,1910,0,STEADY,159,3.85951,4.14003,0.331635,0.0440252,0,0,0,3,6,1,0,1,129,38,14,0,6,4a424577,c79f418b
650,10,19,0,2,2100000650,0,2,1,598,1,106,0,13,2350,0,STEADY,200,3.96601,3.66279,0.237575,0.09,0.185,0,0,10,2,1,0,0,132,18,0,0,175,4a424577,c79f418b
650,10,19,0,2,2100000650,1,2,1,609,1,30,0,13,2350,0,STEADY,203,2.915,3.3668,0.229557,0.103448,0.0837438,19,0,10,2,1,0,0,132,94,0,0,143,4a424577,c79f418b
651,11,20,1,2,2100000651,0,3,1,538,1,70,0,12,2040,0,STEADY,180,4.14263,3.39707,0.35475,0.177778,0.122222,0,0,6,3,0,1,2,82,47,0,10,114,4a424577,c79f418b
651,11,20,1,2,2100000651,1,3,0,292,1,0,86,6,1280,0,STEADY,98,5.84888,2.66551,0.668163,0.408163,0.0714286,21,0,1,3,1,1,0,0,129,12,10,105,4a424577,c79f418b
652,12,21,2,2,2100000652,0,0,1,1810,1,53,0,39,5350,0,STEADY,604,3.07634,3.03231,0.0915977,0.0562914,0.0248344,0,0,33,2,3,1,0,124,58,0,0,107,4a424577,c79f418b
652,12,21,2,2,2100000652,1,0,1,1804,1,83,0,37,5530,0,STEADY,602,3.33097,3.36775,0.116752,0.0863787,0.0681063,0,0,26,2,5,2,2,124,28,0,0,115,4a424577,c79f418b
653,13,22,3,2,2100000653,0,1,0,1783,1,0,38,33,5820,0,STEADY,595,3.30784,1.94865,0.156487,0.502521,0.127731,68,3,29,1,3,0,0,137,104,0,0,199,4a424577,c79f418b
653,13,22,3,2,2100000653,1,1,1,2033,1,104,0,38,6600,0,STEADY,678,3.34616,1.984,0.12056,0.575221,0.110619,0,0,35,1,2,0,0,175,0,0,0,88,4a424577,c79f418b
654,14,23,4,2,2100000654,0,2,1,843,1,70,0,19,2840,0,STEADY,281,2.65367,2.72612,0.249662,0.0498221,0.0320285,0,0,3,10,2,1,3,109,43,0,0,66,4a424577,c79f418b
654,14,23,4,2,2100000654,1,2,1,820,1,82,0,19,2760,0,STEADY,274,2.86323,3.34646,0.276679,0.0437956,0.0328467,0,0,4,10,2,1,2,108,31,0,0,30,4a424577,c79f418b
655,15,24,5,2,2100000655,0,3,0,847,1,0,33,19,2770,0,STEADY,283,4.56471,5.15498,0.230512,0.5053,0.0883392,32,4,11,5,0,2,1,92,118,0,0,0,4a424577,c79f418b
655,15,24,5,2,2100000655,1,3,1,965,2,118,125,21,2960,0,STEADY,322,4.33414,1.50291,0.27073,0.763975,0.00931677,0,0,14,4,0,2,1,0,0,0,17,600,4a424577,c79f418b
656,16,25,0,2,2100000656,0,0,1,657,1,115,0,14,2590,0,STEADY,219,3.68938,3.88102,0.225388,0.0913242,0.310502,0,0,11,2,1,0,0,104,0,0,0,183,4a424577,c79f418b
656,16,25,0,2,2100000656,1,0,1,717,1,94,0,15,2760,0,STEADY,239,3.41791,4.21099,0.204038,0.0627615,0.154812,0,0,12,2,1,0,0,104,21,0,0,33,4a424577,c79f418b
657,17,26,1,2,2100000657,0,1,1,547,1,1,0,13,1880,0,STEADY,183,3.04696,4.55928,0.304344,0.153005,0.0163934,49,3,7,2,0,2,2,108,91,12,0,15,4a424577,c79f418b
657,17,26,1,2,2100000657,1,1,1,419,1,40,0,9,1700,0,STEADY,140,3.17713,5.48666,0.366214,0.271429,0,1,0,2,2,0,3,2,108,72,12,0,1,4a424577,c79f418b
658,18,27,2,2,2100000658,0,2,1,543,1,55,0,13,2190,0,STEADY,181,4.38653,3.09994,0.274199,0.0662983,0.331492,0,0,8,3,0,1,1,145,74,0,9,132,4a424577,c79f418b
658,18,27,2,2,2100000658,1,2,1,2566,1,95,0,43,6020,0,STEADY,856,3.5475,5.76559,0.105381,0.0934579,0.411215,0,0,39,3,0,0,1,132,34,0,0,80,4a424577,c79f418b
659,19,28,3,2,2100000659,0,3,0,626,1,0,51,13,2270,0,STEADY,209,6.00951,4.892,0.339067,0.311005,0.0239234,20,0,11,0,0,1,1,60,132,0,5,61,4a424577,c79f418b
659,19,28,3,2,2100000659,1,3,1,719,2,80,111,15,2680,0,STEADY,240,7.04908,1.9224,0.278396,0.516667,0.05,0,0,12,1,0,2,0,0,52,0,15,600,4a424577,c79f418b
660,20,29,4,2,2100000660,0,0,1,438,1,63,0,10,2020,0,STEADY,146,5.45532,1.92857,0.397911,0.458904,0.130137,0,0,6,1,1,2,0,102,39,0,16,259,4a424577,c79f418b
660,20,29,4,2,2100000660,1,0,1,541,1,66,0,11,2220,0,STEADY,181,4.6067,1.70808,0.392928,0.519337,0.0828729,0,0,8,2,0,1,0,102,36,0,16,234,4a424577,c79f418b
661,21,30,5,2,2100000661,0,1,1,1471,1,33,0,30,4650,0,STEADY,491,2.72313,5.53766,0.147037,0.00814664,0.0407332,55,2,17,11,1,0,1,125,91,0,0,0,4a424577,c79f418b
661,21,30,5,2,2100000661,1,1,1,1561,1,98,0,32,4740,0,STEADY,521,2.8461,5.22542,0.135749,0.00575816,0.0537428,0,0,14,16,1,0,1,125,26,0,0,0,4a424577,c79f418b
662,22,31,0,2,2100000662,0,2,1,814,1,110,0,14,3200,0,STEADY,272,3.21388,2.47572,0.187603,0.0882353,0.272059,0,0,2,4,3,0,5,141,65,0,34,135,4a424577,c79f418b
662,22,31,0,2,2100000662,1,2,1,883,1,117,0,16,3660,0,STEADY,295,2.97177,2.67095,0.18501,0.0881356,0.0983051,0,0,5,4,4,0,3,150,58,0,87,0,4a424577,c79f418b
663,23,32,1,2,2100000663,0,3,1,1354,1,98,0,28,4320,0,STEADY,452,3.93629,4.52696,0.138241,0.154867,0.0154867,0,0,10,16,0,0,2,121,17,10,0,87,4a424577,c79f418b
663,23,32,1,2,2100000663,1,3,1,853,1,85,0,19,2930,0,STEADY,285,3.73578,4.91699,0.214737,0.178947,0.0491228,0,0,8,9,1,0,1,121,40,20,0,51,4a424577,c79f418b
664,24,33,2,2,2100000664,0,0,0,1183,1,0,23,24,3920,0,STEADY,395,3.05009,3.90213,0.152203,0.372152,0.156962,32,12,14,5,1,2,2,129,125,0,0,97,4a424577,c79f418b
664,24,33,2,2,2100000664,1,0,0,1132,1,0,93,24,3640,0,STEADY,378,3.2303,4.01521,0.15373,0.359788,0.0793651,116,19,16,3,0,3,2,59,125,0,31,34,4a424577,c79f418b
665,25,34,3,2,2100000665,0,1,0,838,1,0,13,18,2830,0,STEADY,280,3.62103,3.41414,0.344464,0.457143,0.0464286,33,0,7,7,1,0,3,127,104,0,16,147,4a424577,c79f418b
665,25,34,3,2,2100000665,1,1,0,817,1,0,10,16,2720,0,STEADY,273,4.38758,4.94699,0.406813,0.399267,0.047619,47,0,3,8,3,0,2,130,104,0,42,162,4a424577,c79f418b
666,26,35,4,2,2100000666,0,2,1,772,1,76,0,18,2660,0,STEADY,258,3.38163,3.90435,0.201318,0.0968992,0.0658915,0,0,10,6,1,0,1,110,32,0,0,77,4a424577,c79f418b
666,26,35,4,2,2100000666,1,2,1,805,1,60,0,19,2740,0,STEADY,269,3.01296,4.35453,0.181524,0.111524,0.137546,0,0,11,6,0,0,2,101,48,0,0,48,4a424577,c79f418b
667,27,36,5,2,2100000667,0,3,1,1404,1,61,0,27,4650,0,STEADY,468,3.56146,1.46409,0.165598,0.643162,0.130342,0,0,25,0,0,0,2,93,84,0,0,554,4a424577,c79f418b
667,27,36,5,2,2100000667,1,3,1,890,1,43,0,18,3120,0,STEADY,297,4.04843,5.71904,0.22968,0.326599,0.175084,54,0,16,0,0,0,2,93,102,0,0,0,4a424577,c79f418b
668,28,37,0,2,2100000668,0,0,1,401,1,37,0,9,1770,0,STEADY,134,5.79926,2.71397,0.367351,0.380597,0.216418,1,0,3,5,0,0,1,150,74,0,0,110,4a424577,c79f418b
668,28,37,0,2,2100000668,1,0,1,498,1,60,0,11,2070,0,STEADY,166,4.66432,2.72223,0.27512,0.421687,0.246988,0,0,2,7,0,0,2,150,51,0,0,217,4a424577,c79f418b
669,29,38,1,2,2100000669,0,1,0,735,1,0,73,16,2400,0,STEADY,245,4.24674,3.85637,0.247939,0.334694,0.0938776,15,0,11,1,2,0,2,31,102,0,25,172,4a424577,c79f418b
669,29,38,1,2,2100000669,1,1,1,700,1,26,0,14,2480,0,STEADY,234,5.04824,3.37602,0.366774,0.25641,0.153846,23,1,6,2,4,0,2,104,76,0,50,177,4a424577,c79f418b
670,30,39,2,2,2100000670,0,2,1,754,1,25,0,20,2520,0,STEADY,252,3.23354,1.91463,0.223857,0.107143,0.329365,49,14,17,3,0,0,0,114,100,0,0,214,4a424577,c79f418b
670,30,39,2,2,2100000670,1,2,1,589,1,66,0,15,2150,0,STEADY,197,3.80521,2.4362,0.248452,0.167513,0.365482,0,0,11,3,0,1,0,114,59,0,0,159,4a424577,c79f418b
671,31,0,3,2,2100000671,0,3,1,1486,1,3,0,33,4340,0,STEADY,496,3.1949,2.18911,0.15503,0.443548,0.0120968,334,1,26,6,0,0,1,113,129,0,0,294,4a424577,c79f418b
671,31,0,3,2,2100000671,1,3,0,1306,1,0,75,28,4000,0,STEADY,436,3.63811,2.88195,0.153807,0.389908,0.0298165,160,0,17,8,0,0,3,38,132,0,0,191,4a424577,c79f418b
672,32,1,4,2,2100000672,0,0,0,880,1,0,86,18,3280,0,STEADY,294,2.33293,1.66329,0.136207,0.14966,0.0816327,77,0,15,0,1,1,1,50,121,0,0,85,4a424577,c79f418b
672,32,1,4,2,2100000672,1,0,0,1053,1,0,86,21,3790,0,STEADY,351,2.23129,2.86049,0.134444,0.190883,0.0968661,78,15,18,0,1,1,1,50,121,0,0,136,4a424577,c79f418b
673,33,2,5,2,2100000673,0,1,1,514,1,94,0,11,1940,0,STEADY,172,4.72966,5.56086,0.3525,0.104651,0.0406977,0,0,6,2,2,0,1,94,58,0,0,6,4a424577,c79f418b
673,33,2,5,2,2100000673,1,1,1,334,1,72,0,8,1430,0,STEADY,112,5.76417,5.32631,0.507187,0.169643,0.125,0,0,3,2,2,0,1,94,80,0,0,46,4a424577,c79f418b
674,34,3,0,2,2100000674,0,2,1,733,1,41,0,17,2500,0,STEADY,245,3.65663,4.18588,0.284306,0.281633,0.00408163,40,0,9,6,0,0,2,100,99,0,0,106,4a424577,c79f418b
674,34,3,0,2,2100000674,1,2,1,691,1,20,0,16,2470,0,STEADY,231,3.94981,4.67739,0.266017,0.294372,0.12987,49,0,7,7,0,1,1,94,120,0,0,8,4a424577,c79f418b
675,35,4,1,2,2100000675,0,3,1,784,1,90,0,19,2690,0,STEADY,262,2.9259,5.45482,0.172882,0.0305344,0.187023,0,0,5,12,0,1,1,136,11,0,0,24,4a424577,c79f418b
675,35,4,1,2,2100000675,1,3,1,2356,1,86,0,48,6920,0,STEADY,786,3.66613,5.68873,0.0788804,0.0458015,0.195929,0,0,20,26,0,1,1,100,15,0,5,5,4a424577,c79f418b
676,36,5,2,2,2100000676,0,0,0,1285,1,0,49,25,4390,0,STEADY,429,2.81594,2.7154,0.137517,0.272727,0.34965,209,64,2,23,0,0,0,92,93,0,0,108,4a424577,c79f418b
676,36,5,2,2,2100000676,1,0,0,1987,1,0,20,37,6460,0,STEADY,663,2.49684,3.43803,0.102519,0.257919,0.337858,135,12,2,34,0,1,0,121,93,0,13,162,4a424577,c79f418b
677,37,6,3,2,2100000677,0,1,1,1479,1,24,0,28,4930,0,STEADY,493,4.41205,5.66657,0.175375,0.10142,0.0283976,78,0,26,1,1,0,0,131,126,0,0,105,4a424577,c79f418b
677,37,6,3,2,2100000677,1,1,1,1732,1,102,0,33,5670,0,STEADY,578,3.91892,4.15175,0.140415,0.0224913,0.128028,0,0,31,0,0,0,2,131,48,0,0,249,4a424577,c79f418b
678,38,7,4,2,2100000678,0,2,1,434,1,54,0,10,1880,0,STEADY,145,3.93303,2.64054,0.403276,0.655172,0.151724,0,0,4,3,0,1,2,100,50,0,0,73,4a424577,c79f418b
678,38,7,4,2,2100000678,1,2,1,522,1,44,0,12,2100,0,STEADY,174,4.25452,2.38057,0.377816,0.729885,0.0287356,0,0,4,6,0,0,2,100,60,0,0,122,4a424577,c79f418b
679,39,8,5,2,2100000679,0,3,0,709,1,0,26,15,2400,0,STEADY,237,3.91812,1.43737,0.28884,0.64135,0.0253165,48,0,9,2,1,2,1,90,114,0,18,201,4a424577,c79f418b
679,39,8,5,2,2100000679,1,3,0,676,1,0,6,14,2440,0,STEADY,226,3.734,2.32294,0.305575,0.429204,0.0265487,32,0,7,2,2,3,0,110,114,0,17,112,4a424577,c79f418b
680,0,16,1,2,2100000680,0,1,0,1598,1,0,9,31,4960,0,STEADY,533,3.66147,6.79481,0.174287,0.146341,0.0600375,113,12,12,13,1,1,4,106,113,0,0,165,4a424577,c79f418b
680,0,16,1,2,2100000680,1,1,1,679,1,88,0,16,2380,0,STEADY,227,3.77305,6.51677,0.253304,0.15859,0.0396476,0,0,8,6,0,0,2,115,25,0,0,29,4a424577,c79f418b
681,1,17,2,2,2100000681,0,2,1,1012,1,50,0,22,3250,0,STEADY,338,3.31922,2.11881,0.164216,0.349112,0.0207101,39,0,13,6,1,1,1,82,92,6,0,211,4a424577,c79f418b
681,1,17,2,2,2100000681,1,2,0,382,1,0,2,10,1560,0,STEADY,128,3.76113,2.53642,0.336328,0.453125,0.046875,12,0,4,4,0,1,1,76,136,0,18,152,4a424577,c79f418b
682,2,18,3,2,2100000682,0,3,1,782,1,24,0,16,2950,0,STEADY,261,4.91525,6.07103,0.244732,0.344828,0.176245,2,0,2,11,0,0,3,129,70,0,0,60,4a424577,c79f418b
682,2,18,3,2,2100000682,1,3,1,893,1,14,0,18,3260,0,STEADY,298,4.04982,2.39114,0.198674,0.506711,0.0302013,39,0,2,14,0,0,2,129,80,0,0,192,4a424577,c79f418b
683,3,19,4,2,2100000683,0,0,0,648,1,0,60,14,2440,0,STEADY,216,3.23138,4.94715,0.224375,0.305556,0,57,0,12,0,0,1,1,72,106,0,0,14,4a424577,c79f418b
683,3,19,4,2,2100000683,1,0,0,702,1,0,48,15,2680,0,STEADY,234,2.94081,3.93646,0.215491,0.286325,0.0213675,58,0,12,1,0,1,1,84,106,0,0,38,4a424577,c79f418b
684,4,20,5,2,2100000684,0,1,0,506,1,0,102,11,2030,0,STEADY,169,6.57455,4.55078,0.366734,0.532544,0.106509,38,0,0,8,1,1,1,0,123,0,0,0,4a424577,c79f418b
684,4,20,5,2,2100000684,1,1,0,601,1,0,97,14,2310,0,STEADY,201,6.23269,2.61324,0.454826,0.422886,0.0646766,36,0,4,8,1,0,1,5,123,0,0,265,4a424577,c79f418b
685,5,21,0,2,2100000685,0,2,1,2700,3,75,13,52,7960,0,STEADY,900,3.39025,3.10217,0.1218,0.227778,0.0311111,0,0,34,7,0,7,4,111,66,0,12,341,4a424577,c79f418b
685,5,21,0,2,2100000685,1,2,1,2700,3,40,86,44,8800,0,STEADY,900,3.94272,5.9914,0.204728,0.195556,0.0822222,19,0,7,10,4,14,9,38,101,0,7,69,4a424577,c79f418b
686,6,22,1,2,2100000686,0,3,1,1614,1,105,0,31,5400,0,STEADY,538,2.6799,7.44288,0.126561,0.0111524,0.197026,0,0,29,0,1,0,1,175,26,0,0,42,4a424577,c79f418b
686,6,22,1,2,2100000686,1,3,1,1624,1,1,0,31,5400,0,STEADY,542,2.62862,9.26708,0.131181,0.0202952,0.263838,238,77,29,0,1,0,1,175,130,0,0,45,4a424577,c79f418b
687,7,23,2,2,2100000687,0,0,1,1582,1,100,0,34,4850,0,STEADY,528,2.8493,5.2429,0.0891667,0.0871212,0.00757576,0,0,23,8,1,1,1,105,0,0,0,10,4a424577,c79f418b
687,7,23,2,2,2100000687,1,0,1,1225,1,76,0,27,3890,0,STEADY,409,2.95077,4.37482,0.110342,0.105134,0.00733496,0,0,17,8,0,1,1,105,24,0,0,0,4a424577,c79f418b
688,8,24,3,2,2100000688,0,1,1,751,1,23,0,17,2520,0,STEADY,251,3.98971,2.28223,0.304641,0.258964,0.314741,15,0,5,1,10,1,0,125,93,0,10,309,4a424577,c79f418b
688,8,24,3,2,2100000688,1,1,1,1510,1,13,0,33,4470,0,STEADY,504,3.47304,2.92028,0.143016,0.355159,0.208333,31,19,4,2,26,1,0,125,103,0,20,229,4a424577,c79f418b
689,9,25,4,2,2100000689,0,2,1,628,1,99,0,14,2350,0,STEADY,210,3.6469,6.02903,0.261024,0.0571429,0.257143,0,0,3,8,1,0,2,104,64,14,0,94,4a424577,c79f418b
689,9,25,4,2,2100000689,1,2,1,469,1,124,0,11,1910,0,STEADY,157,3.47491,5.20275,0.320669,0.0828025,0.159236,0,0,2,6,1,1,1,104,35,10,0,44,4a424577,c79f418b
690,10,26,5,2,2100000690,0,3,1,2176,1,83,0,40,6880,0,STEADY,726,2.51757,4.60394,0.099573,0.0123967,0.137741,0,0,37,1,0,0,2,96,41,0,0,32,4a424577,c79f418b
690,10,26,5,2,2100000690,1,3,0,1069,1,0,4,21,3720,0,STEADY,357,2.41046,5.84262,0.17021,0.0336134,0.0504202,137,14,18,1,1,0,1,104,124,0,0,21,4a424577,c79f418b
691,11,27,0,2,2100000691,0,0,1,946,1,32,0,19,3320,0,STEADY,316,4.21074,4.17429,0.207278,0.224684,0.0664557,4,0,9,6,0,3,1,145,119,34,10,65,4a424577,c79f418b
691,11,27,0,2,2100000691,1,0,1,1435,1,5,0,29,4600,0,STEADY,479,3.70764,5.09602,0.17715,0.206681,0.139875,57,9,19,7,1,1,1,145,124,12,10,264,4a424577,c79f418b
692,12,28,1,2,2100000692,0,1,0,374,1,0,60,8,1550,0,STEADY,125,4.06432,5.40973,0.39508,0.304,0.056,35,0,2,1,2,1,2,51,111,0,0,12,4a424577,c79f418b
692,12,28,1,2,2100000692,1,1,0,571,1,0,6,12,2230,0,STEADY,191,3.69807,6.81471,0.221309,0.235602,0.0471204,20,0,4,1,2,2,3,93,111,0,0,34,4a424577,c79f418b
693,13,29,2,2,2100000693,0,2,1,415,1,2,0,10,1840,0,STEADY,139,6.73247,4.69406,0.285288,0.604317,0.151079,33,17,7,1,2,0,0,102,102,0,0,0,4a424577,c79f418b
693,13,29,2,2,2100000693,1,2,1,1401,1,45,0,27,4760,0,STEADY,467,3.95937,2.16585,0.124936,0.398287,0.289079,0,0,23,1,2,0,1,102,59,0,0,228,4a424577,c79f418b
694,14,30,3,2,2100000694,0,3,1,1189,1,113,0,25,3720,0,STEADY,397,2.60713,7.56594,0.19267,0.0251889,0.0176322,0,0,5,12,2,1,5,125,0,0,0,7,4a424577,c79f418b
694,14,30,3,2,2100000694,1,3,1,535,1,29,0,13,1920,0,STEADY,179,2.91943,3.60204,0.317123,0.027933,0,15,0,4,5,1,1,2,122,84,0,13,2,4a424577,c79f418b
695,15,31,4,2,2100000695,0,0,0,1084,1,0,84,22,3610,0,STEADY,362,4.17308,3.01926,0.213218,0.483425,0.0883978,48,2,5,13,0,2,2,48,118,0,7,246,4a424577,c79f418b
695,15,31,4,2,2100000695,1,0,0,697,1,0,36,16,2410,0,STEADY,233,3.96534,3.416,0.258133,0.407725,0.0257511,32,2,8,5,0,2,1,96,118,0,6,150,4a424577,c79f418b
696,16,32,5,2,2100000696,0,1,1,873,1,98,0,18,3230,0,STEADY,291,3.76423,6.1689,0.174416,0.0996564,0.0515464,0,0,15,2,0,0,1,121,17,0,0,24,4a424577,c79f418b
696,16,32,5,2,2100000696,1,1,1,1327,1,81,0,25,4620,0,STEADY,443,3.41158,6.35186,0.160147,0.0722348,0.0451467,0,0,22,2,0,1,0,121,34,0,0,64,4a424577,c79f418b
697,17,33,0,2,2100000697,0,2,0,1364,1,0,2,28,4140,0,STEADY,455,2.94477,6.67888,0.179352,0.145055,0.0769231,202,26,14,2,0,7,5,150,82,30,0,3,4a424577,c79f418b
697,17,33,0,2,2100000697,1,2,0,1006,1,0,78,21,3280,0,STEADY,336,2.93997,4.91818,0.181146,0.127976,0.0208333,40,0,9,2,1,4,5,74,91,24,0,0,4a424577,c79f418b
698,18,34,1,2,2100000698,0,3,1,500,1,75,0,12,2110,0,STEADY,167,5.86798,3.42574,0.390257,0.203593,0.263473,0,0,7,4,0,0,1,140,54,0,0,76,4a424577,c79f418b
698,18,34,1,2,2100000698,1,3,1,1857,2,39,12,32,4760,0,STEADY,619,4.44677,2.40861,0.155637,0.106624,0.44588,268,115,27,5,0,0,0,128,90,0,0,600,4a424577,c79f418b
699,19,35,2,2,2100000699,0,0,1,817,1,74,0,17,3020,0,STEADY,273,4.34401,3.28136,0.192015,0.373626,0.194139,0,0,14,1,0,2,0,110,58,0,14,192,4a424577,c79f418b
699,19,35,2,2,2100000699,1,0,1,1093,1,60,0,22,3800,0,STEADY,365,3.51342,2.29363,0.134671,0.375342,0.336986,0,0,20,0,0,1,1,101,72,0,14,371,4a424577,c79f418b
700,20,36,3,2,2100000700,0,1,1,301,1,85,0,7,1440,0,STEADY,101,5.37364,3.08292,0.460693,0.445545,0.108911,0,0,3,1,0,1,2,93,17,0,22,78,4a424577,c79f418b
700,20,36,3,2,2100000700,1,1,1,666,1,34,0,13,2620,0,STEADY,222,4.91423,4.3522,0.333986,0.342342,0.157658,1,0,8,2,0,1,2,93,68,0,16,96,4a424577,c79f418b
701,21,37,4,2,2100000701,0,2,1,1966,1,95,0,40,5840,0,STEADY,656,3.16624,6.67914,0.0949466,0.00914634,0.295732,0,0,16,21,0,0,3,147,29,0,0,241,4a424577,c79f418b
701,21,37,4,2,2100000701,1,2,1,1693,1,107,0,33,5380,0,STEADY,565,3.52368,7.12544,0.109593,0.0212389,0.162832,0,0,22,8,2,0,1,150,17,0,0,29,4a424577,c79f418b
702,22,38,5,2,2100000702,0,3,0,1573,1,0,104,22,4890,0,STEADY,525,3.20451,2.7309,0.184053,0.234286,0.152381,146,20,2,5,4,0,11,0,175,0,0,250,4a424577,c79f418b
702,22,38,5,2,2100000702,1,3,0,1437,1,0,80,22,4910,0,STEADY,479,3.59876,6.87319,0.187376,0.114823,0.146138,92,16,3,5,5,0,9,24,175,0,37,0,4a424577,c79f418b
703,23,39,0,2,2100000703,0,0,1,595,1,103,0,15,2080,0,STEADY,199,2.81308,3.77014,0.250201,0.100503,0.0904523,0,0,10,4,0,0,1,114,18,16,0,27,4a424577,c79f418b
703,23,39,0,2,2100000703,1,0,1,664,1,105,0,16,2330,0,STEADY,222,2.8224,2.50651,0.226126,0.0900901,0.126126,0,0,9,5,0,0,2,114,0,0,0,42,4a424577,c79f418b
704,24,0,1,2,2100000704,0,1,0,1272,1,0,48,23,4240,0,STEADY,424,3.83373,4.20935,0.1852,0.247642,0.143868,200,32,8,5,2,2,6,61,125,0,3,95,4a424577,c79f418b
704,24,0,1,2,2100000704,1,1,1,910,1,3,0,17,3320,0,STEADY,304,3.70067,4.56,0.292747,0.328947,0.0493421,173,1,6,6,4,1,0,113,122,0,20,134,4a424577,c79f418b
705,25,1,2,2,2100000705,0,2,0,898,1,0,119,19,3020,0,STEADY,300,3.52067,2.30948,0.17805,0.52,0.103333,75,8,6,10,1,0,2,21,104,0,8,95,4a424577,c79f418b
705,25,1,2,2,2100000705,1,2,1,1151,2,45,81,25,3460,0,STEADY,384,3.63199,1.28121,0.15793,0.591146,0.1875,0,0,17,6,1,0,1,63,59,0,11,600,4a424577,c79f418b
706,26,2,3,2,2100000706,0,3,1,841,1,108,0,18,2850,0,STEADY,281,3.90504,4.53168,0.227331,0.16726,0.0462633,0,0,6,9,0,0,3,94,0,0,0,39,4a424577,c79f418b
706,26,2,3,2,2100000706,1,3,1,799,1,62,0,18,2740,0,STEADY,267,3.34119,6.96733,0.205955,0.123596,0.194757,0,0,9,6,1,0,2,94,46,0,0,27,4a424577,c79f418b
707,27,3,4,2,2100000707,0,0,0,2151,1,0,70,40,6930,0,STEADY,717,3.23584,1.59817,0.126339,0.712692,0.108787,174,6,37,1,0,0,2,36,145,0,0,98,4a424577,c79f418b
707,27,3,4,2,2100000707,1,0,1,919,1,61,0,19,3290,0,STEADY,307,3.50409,3.42478,0.19987,0.361564,0.0553746,0,0,17,0,0,0,2,106,84,0,0,43,4a424577,c79f418b
708,28,4,5,2,2100000708,0,1,1,823,1,66,0,16,2990,0,STEADY,275,5.91763,3.09625,0.207218,0.625455,0.152727,0,0,2,12,1,0,1,149,45,0,0,405,4a424577,c79f418b
708,28,4,5,2,2100000708,1,1,1,1279,1,107,0,24,4320,0,STEADY,427,4.32905,4.01813,0.170796,0.398126,0.103044,0,0,3,20,0,0,1,123,4,0,0,87,4a424577,c79f418b
709,29,5,0,2,2100000709,0,2,0,838,1,0,93,19,2880,0,STEADY,280,2.9178,3.59599,0.182679,0.271429,0.303571,32,6,13,1,3,0,2,48,102,0,21,52,4a424577,c79f418b
709,29,5,0,2,2100000709,1,2,0,1282,1,0,96,28,3920,0,STEADY,428,2.86863,1.63619,0.135549,0.42757,0.200935,272,49,23,1,2,2,0,45,102,0,0,14,4a424577,c79f418b
710,30,6,1,2,2100000710,0,3,1,1791,1,77,0,45,4770,0,STEADY,597,4.25213,8.48417,0.140729,0.0670017,0.0619765,0,0,42,3,0,0,0,131,48,0,0,96,4a424577,c79f418b
710,30,6,1,2,2100000710,1,3,0,836,1,0,89,21,2690,0,STEADY,279,4.57412,5.95277,0.191806,0.193548,0.139785,78,12,17,3,0,1,0,42,125,0,0,112,4a424577,c79f418b
711,31,7,2,2,2100000711,0,0,0,1108,1,0,32,23,3620,0,STEADY,370,2.80507,1.85153,0.198135,0.302703,0.183784,216,52,10,6,0,0,7,68,132,0,0,95,4a424577,c79f418b
711,31,7,2,2,2100000711,1,0,0,1198,1,0,47,25,3860,0,STEADY,400,2.83101,1.96502,0.166287,0.3425,0.2375,253,63,12,6,0,0,7,53,132,0,0,141,4a424577,c79f418b
712,32,8,3,2,2100000712,0,1,0,609,1,0,12,13,2500,0,STEADY,203,3.45824,2.08113,0.161232,0.211823,0.0246305,39,0,10,1,1,1,0,104,121,0,0,112,4a424577,c79f418b
712,32,8,3,2,2100000712,1,1,0,834,1,0,18,17,3150,0,STEADY,278,2.93011,4.31127,0.141439,0.111511,0.0143885,77,0,14,0,2,1,0,98,121,0,0,104,4a424577,c79f418b
713,33,9,4,2,2100000713,0,2,1,2700,3,51,13,53,8010,0,STEADY,900,3.64554,8.47431,0.106517,0.0511111,0.185556,19,13,29,1,22,0,1,193,101,0,0,63,4a424577,c79f418b
713,33,9,4,2,2100000713,1,2,1,2700,3,47,53,56,7740,0,STEADY,900,3.26772,3.51526,0.0878056,0.0544444,0.404444,353,156,14,2,39,0,1,133,105,0,0,339,4a424577,c79f418b
714,34,10,5,2,2100000714,0,3,1,898,1,9,0,20,2890,0,STEADY,300,4.17324,1.66949,0.208217,0.723333,0.05,49,2,12,5,0,0,3,124,131,0,0,356,4a424577,c79f418b
714,34,10,5,2,2100000714,1,3,0,1806,1,0,27,36,5480,0,STEADY,602,3.86729,4.01155,0.146852,0.476744,0.0398671,369,17,14,20,0,0,2,94,140,0,0,250,4a424577,c79f418b
715,35,11,0,2,2100000715,0,0,0,835,1,0,11,19,2910,0,STEADY,279,3.52201,3.60986,0.151828,0.0143369,0.111111,32,4,11,7,0,1,0,106,101,0,0,131,4a424577,c79f418b
715,35,11,0,2,2100000715,1,0,1,1849,1,32,0,37,5820,0,STEADY,617,2.98085,5.54166,0.101645,0.0534846,0.359806,36,9,26,10,0,1,0,117,69,0,0,35,4a424577,c79f418b
716,36,12,1,2,2100000716,0,1,1,421,1,30,0,10,1840,0,STEADY,141,3.30039,2.65906,0.261986,0.283688,0.0638298,1,0,2,8,0,0,0,111,63,0,0,96,4a424577,c79f418b
716,36,12,1,2,2100000716,1,1,0,775,1,0,15,16,2920,0,STEADY,259,2.90961,2.45983,0.17695,0.223938,0.100386,18,0,2,12,0,1,1,96,93,0,13,88,4a424577,c79f418b
717,37,13,2,2,2100000717,0,2,1,538,1,133,0,12,2170,0,STEADY,180,3.81903,3.04057,0.283861,0.0722222,0.127778,0,0,9,0,1,0,2,104,17,0,0,56,4a424577,c79f418b
717,37,13,2,2,2100000717,1,2,1,1232,1,99,0,24,4210,0,STEADY,411,4.19808,10.7174,0.145949,0.201946,0.163017,0,0,21,0,1,0,2,104,51,0,0,14,4a424577,c79f418b
718,38,14,3,2,2100000718,0,3,1,1169,1,43,0,23,3990,0,STEADY,390,3.31783,2.69824,0.194218,0.712821,0.0615385,0,0,10,11,1,0,1,113,61,0,0,417,4a424577,c79f418b
718,38,14,3,2,2100000718,1,3,1,1224,1,82,0,24,4160,0,STEADY,408,3.27392,8.87926,0.21674,0.632353,0.303922,0,0,12,10,1,0,1,113,22,0,0,0,4a424577,c79f418b
719,39,15,4,2,2100000719,0,0,1,508,1,50,0,12,1960,0,STEADY,170,3.57372,3.73829,0.322765,0.147059,0.176471,0,0,7,1,1,2,1,118,64,0,0,102,4a424577,c79f418b
719,39,15,4,2,2100000719,1,0,1,616,1,22,0,14,2280,0,STEADY,206,3.15244,5.17069,0.272354,0.11165,0.0145631,31,0,8,1,1,2,2,133,92,0,4,62,4a424577,c79f418b
