case,species,opponent,arena,weather,seed,seat,style,score,ticks,reason,own_hp,enemy_hp,casts,energy_spent,overflow,personality,decisions,distance,objective_distance,mean_energy,stationary_fraction,retreat_fraction,low_hp_decisions,low_hp_retreats,casts_1,casts_2,casts_3,casts_4,casts_5,damage,damage_taken,healed,shielded,control,model_checksum,opponent_checksum
0,0,17,0,0,2100000000,0,0,1,901,1,38,0,19,3030,0,STEADY,301,3.4619,2.79702,0.197043,0.149502,0.707641,27,23,8,9,0,2,0,123,75,0,0,154,3852470a,0
0,0,17,0,0,2100000000,1,0,1,1669,1,43,0,33,5210,0,STEADY,557,3.69534,3.48933,0.130323,0.18851,0.701975,392,286,10,22,0,1,0,141,70,0,0,169,3852470a,0
1,1,18,1,0,2100000001,0,1,1,1367,1,12,0,25,4440,0,STEADY,456,3.46867,1.96717,0.192533,0.517544,0.114035,328,52,0,21,1,3,0,129,138,14,160,219,3852470a,0
1,1,18,1,0,2100000001,1,1,1,1697,1,50,0,31,5400,0,STEADY,566,3.42353,3.25761,0.175486,0.44523,0.185512,61,0,1,24,0,6,0,129,86,0,178,144,3852470a,0
2,2,19,2,0,2100000002,0,2,0,320,1,0,26,6,1230,0,STEADY,107,6.79358,3.30998,0.504766,0.560748,0.214953,29,15,3,3,0,0,0,106,94,0,0,0,3852470a,0
2,2,19,2,0,2100000002,1,2,0,569,1,0,47,11,2080,0,STEADY,190,6.3639,3.49335,0.351316,0.421053,0.378947,93,54,3,8,0,0,0,85,94,0,0,36,3852470a,0
3,3,20,3,0,2100000003,0,3,0,351,1,0,102,8,1470,0,STEADY,117,6.16739,2.74645,0.429145,0.478632,0.145299,44,14,5,0,1,2,0,0,106,0,30,199,3852470a,0
3,3,20,3,0,2100000003,1,3,0,541,1,0,102,11,2020,0,STEADY,181,4.47797,3.49799,0.262624,0.303867,0.171271,115,26,8,1,1,1,0,0,106,0,15,0,3852470a,0
4,4,21,4,0,2100000004,0,0,0,547,1,0,113,12,2200,0,STEADY,183,4.14863,2.36814,0.421257,0.644809,0.196721,60,16,0,9,1,2,0,11,136,13,0,96,3852470a,0
4,4,21,4,0,2100000004,1,0,0,661,1,0,20,14,2560,0,STEADY,221,4.02803,2.289,0.280118,0.420814,0.425339,41,28,1,10,2,1,0,104,136,13,0,154,3852470a,0
5,5,22,5,0,2100000005,0,1,0,1578,1,0,85,30,4760,0,STEADY,526,3.01501,6.64008,0.212557,0.380228,0.344106,65,27,19,4,3,4,0,90,141,0,40,0,3852470a,0
5,5,22,5,0,2100000005,1,1,1,781,1,45,0,16,2560,0,STEADY,261,3.29532,4.43417,0.276667,0.421456,0.203065,4,0,10,3,1,2,0,175,96,0,31,0,3852470a,0
6,6,23,0,0,2100000006,0,2,1,1149,1,85,0,22,3890,0,STEADY,383,4.69851,7.8932,0.174765,0.0182768,0.906005,0,0,20,0,1,1,0,109,46,0,0,0,3852470a,0
6,6,23,0,0,2100000006,1,2,0,1570,1,0,41,29,5180,0,STEADY,524,3.89169,5.67019,0.134981,0.0229008,0.824427,92,64,26,0,2,1,0,86,131,0,0,74,3852470a,0
7,7,24,1,0,2100000007,0,3,1,1555,1,49,0,34,4430,0,STEADY,519,2.62707,2.08651,0.207148,0.0481696,0.100193,0,0,27,7,0,0,0,125,51,0,0,0,3852470a,0
7,7,24,1,0,2100000007,1,3,1,1402,1,87,0,30,4170,0,STEADY,468,2.7197,2.05487,0.154209,0.0491453,0.145299,0,0,21,8,0,1,0,125,13,0,0,2,3852470a,0
8,8,25,2,0,2100000008,0,0,1,755,1,24,0,14,2770,0,STEADY,252,3.42868,2.3005,0.296528,0.369048,0.436508,37,24,8,3,0,3,0,104,92,0,20,164,3852470a,0
8,8,25,2,0,2100000008,1,0,1,1080,1,30,0,20,3740,0,STEADY,360,3.28318,2.05541,0.258167,0.280556,0.338889,144,63,10,3,3,4,0,104,86,0,10,194,3852470a,0
9,9,26,3,0,2100000009,0,1,1,920,2,50,39,12,2850,0,STEADY,307,4.89569,1.7702,0.674511,0.332248,0.338762,6,6,8,1,3,0,0,69,99,0,0,600,3852470a,0
9,9,26,3,0,2100000009,1,1,1,2120,1,20,0,32,7230,0,STEADY,707,4.03219,4.10854,0.382723,0.142857,0.311174,196,102,17,6,9,0,0,108,141,12,0,521,3852470a,0
10,10,27,4,0,2100000010,0,2,1,695,1,26,0,14,2480,0,STEADY,232,6.15696,3.80409,0.436466,0.202586,0.336207,37,8,9,5,0,0,0,145,98,0,0,48,3852470a,0
10,10,27,4,0,2100000010,1,2,1,1028,1,107,0,20,3560,0,STEADY,343,5.2545,5.11004,0.240641,0.157434,0.183673,0,0,12,8,0,0,0,145,17,0,0,9,3852470a,0
11,11,28,5,0,2100000011,0,3,0,550,1,0,63,10,1960,0,STEADY,184,4.09181,2.97884,0.528832,0.36413,0.0597826,47,9,3,5,0,2,0,36,138,21,20,143,3852470a,0
11,11,28,5,0,2100000011,1,3,0,490,1,0,111,10,1960,0,STEADY,164,4.95364,3.76839,0.458841,0.292683,0.054878,62,4,3,5,0,2,0,0,141,24,10,0,3852470a,0
12,12,29,0,0,2100000012,0,0,1,1977,1,68,0,32,6750,0,STEADY,659,4.15418,5.64015,0.310106,0.286798,0.376328,0,0,4,7,16,5,0,102,43,0,0,38,3852470a,0
12,12,29,0,0,2100000012,1,0,1,2700,3,95,23,46,8670,0,STEADY,900,3.45393,3.1653,0.181883,0.24,0.341111,0,0,16,7,16,7,0,79,16,0,0,132,3852470a,0
13,13,30,1,0,2100000013,0,1,0,278,1,0,79,7,1450,0,STEADY,93,5.27866,2.53002,0.495215,0.258065,0.204301,33,19,3,1,2,1,0,46,104,0,0,65,3852470a,0
13,13,30,1,0,2100000013,1,1,0,225,1,0,62,5,990,0,STEADY,75,6.44973,4.11701,0.664933,0.706667,0,24,0,2,1,2,0,0,63,104,0,0,0,3852470a,0
14,14,31,2,0,2100000014,0,2,1,1305,1,3,0,26,3880,0,STEADY,435,2.65931,3.82752,0.542759,0.0321839,0.0735632,157,2,2,15,1,8,0,141,110,0,15,57,3852470a,0
14,14,31,2,0,2100000014,1,2,1,1909,1,54,0,38,5640,0,STEADY,637,2.29279,7.70807,0.671013,0.0408163,0.0800628,0,0,4,21,1,12,0,132,59,0,75,0,3852470a,0
15,15,32,3,0,2100000015,0,3,0,775,1,0,67,13,2370,0,STEADY,259,4.16917,2.17024,0.402915,0.660232,0.0579151,58,12,0,10,1,2,0,54,118,0,48,130,3852470a,0
15,15,32,3,0,2100000015,1,3,0,873,1,0,71,16,2860,0,STEADY,291,4.16418,2.80711,0.342955,0.4811,0.130584,58,9,1,11,1,3,0,50,127,9,54,80,3852470a,0
16,16,33,4,0,2100000016,0,0,0,771,1,0,17,15,2990,0,STEADY,257,4.25651,4.16628,0.172938,0.14786,0.599222,160,146,11,3,0,1,0,135,115,0,0,16,3852470a,0
16,16,33,4,0,2100000016,1,0,1,1230,1,82,0,23,4350,0,STEADY,410,4.28152,4.18087,0.130707,0.0926829,0.631707,0,0,19,3,0,1,0,152,33,0,0,27,3852470a,0
17,17,34,5,0,2100000017,0,1,1,394,1,19,0,7,1460,0,STEADY,132,3.98279,4.2673,0.710985,0.280303,0.0530303,28,7,1,3,0,3,0,140,88,9,0,0,3852470a,0
17,17,34,5,0,2100000017,1,1,0,289,1,0,55,6,1080,0,STEADY,97,4.69452,4.43411,0.708454,0.257732,0.0515464,28,3,2,2,0,2,0,85,106,6,0,0,3852470a,0
18,18,35,0,0,2100000018,0,2,1,530,1,73,0,12,2280,0,STEADY,177,4.77891,2.25518,0.435718,0.254237,0.497175,0,0,6,6,0,0,0,110,56,0,0,152,3852470a,0
18,18,35,0,0,2100000018,1,2,0,2304,1,0,34,39,5910,0,STEADY,768,3.67651,2.40745,0.144517,0.0976562,0.248698,311,28,32,7,0,0,0,94,129,0,0,272,3852470a,0
19,19,36,1,0,2100000019,0,3,1,1114,1,1,0,21,3730,0,STEADY,372,3.98563,2.4289,0.196734,0.456989,0.268817,239,80,18,0,1,2,0,93,131,0,9,10,3852470a,0
19,19,36,1,0,2100000019,1,3,1,634,1,45,0,13,2370,0,STEADY,212,4.26912,2.51346,0.263491,0.367925,0.127358,18,10,10,0,1,2,0,93,87,0,39,66,3852470a,0
20,20,37,2,0,2100000020,0,0,1,1739,1,21,0,29,5920,0,STEADY,580,4.66237,7.95626,0.175198,0.344828,0.486207,249,119,18,4,2,5,0,150,81,0,0,0,3852470a,0
20,20,37,2,0,2100000020,1,0,0,1115,1,0,99,21,3920,0,STEADY,372,4.38489,2.57799,0.160766,0.405914,0.303763,165,46,16,1,1,3,0,51,102,0,10,233,3852470a,0
21,21,38,3,0,2100000021,0,1,0,1718,1,0,46,31,5410,0,STEADY,573,3.39759,6.23771,0.208002,0.0104712,0.136126,17,17,29,0,2,0,0,58,124,0,0,32,3852470a,0
21,21,38,3,0,2100000021,1,1,0,2700,3,28,33,50,8190,0,STEADY,900,3.46253,4.55542,0.1414,0.0122222,0.252222,76,33,39,9,2,0,0,71,96,0,0,73,3852470a,0
22,22,39,4,0,2100000022,0,2,1,2461,1,74,0,37,8950,0,STEADY,821,2.71291,2.41187,0.176263,0.304507,0.152253,0,0,10,15,12,0,0,114,101,0,47,202,3852470a,0
22,22,39,4,0,2100000022,1,2,1,1159,1,67,0,19,4620,0,STEADY,387,2.54703,2.08066,0.231501,0.204134,0.124031,15,5,5,8,6,0,0,114,108,0,73,166,3852470a,0
23,23,0,5,0,2100000023,0,3,1,595,1,17,0,13,2080,0,STEADY,199,3.49182,4.10174,0.434925,0.231156,0.180905,17,15,4,8,1,0,0,113,107,19,0,0,3852470a,0
23,23,0,5,0,2100000023,1,3,1,508,1,7,0,11,1840,0,STEADY,170,3.16543,3.14254,0.477441,0.276471,0.217647,32,16,2,8,1,0,0,113,117,19,0,0,3852470a,0
24,24,1,0,0,2100000024,0,0,0,616,1,0,59,12,2200,0,STEADY,206,3.4221,2.39278,0.331432,0.490291,0.194175,44,8,5,4,1,2,0,77,125,0,31,85,3852470a,0
24,24,1,0,0,2100000024,1,0,0,1285,1,0,14,23,4440,0,STEADY,429,3.31543,2.16489,0.224324,0.463869,0.400932,61,27,7,8,2,6,0,122,125,0,44,124,3852470a,0
25,25,2,1,0,2100000025,0,1,0,694,1,0,50,14,2420,0,STEADY,232,3.25054,1.77396,0.429073,0.331897,0.146552,81,27,1,10,3,0,0,44,104,0,35,71,3852470a,0
25,25,2,1,0,2100000025,1,1,0,871,1,0,17,17,2900,0,STEADY,291,3.89382,2.26871,0.325825,0.398625,0.127148,221,34,1,14,2,0,0,77,104,0,48,183,3852470a,0
26,26,3,2,0,2100000026,0,2,1,1066,1,72,0,21,3470,0,STEADY,356,3.93954,3.34872,0.575225,0.255618,0.370787,0,0,2,19,0,0,0,103,36,0,0,217,3852470a,0
26,26,3,2,0,2100000026,1,2,1,1110,1,86,0,22,3690,0,STEADY,370,3.76261,3.85941,0.548486,0.27027,0.364865,0,0,1,21,0,0,0,106,22,0,0,27,3852470a,0
27,27,4,3,0,2100000027,0,3,0,570,1,0,114,10,1940,0,STEADY,190,6.4232,2.42989,0.4085,0.547368,0.194737,70,29,7,2,1,0,0,9,145,0,0,322,3852470a,0
27,27,4,3,0,2100000027,1,3,1,1433,1,10,0,26,4630,0,STEADY,478,4.20092,2.7487,0.194969,0.562762,0.213389,319,97,23,3,0,0,0,136,135,0,0,199,3852470a,0
28,28,5,4,0,2100000028,0,0,1,377,1,34,0,8,1670,0,STEADY,126,4.42631,2.51812,0.481349,0.674603,0.0714286,14,0,3,4,1,0,0,141,77,0,0,147,3852470a,0
28,28,5,4,0,2100000028,1,0,1,960,1,11,0,17,3390,0,STEADY,320,5.21045,2.7964,0.209453,0.546875,0.309375,50,24,5,10,1,1,0,141,100,0,0,154,3852470a,0
29,29,6,5,0,2100000029,0,1,0,920,1,0,69,15,3280,0,STEADY,307,4.49972,1.97647,0.331156,0.628664,0.120521,56,11,1,5,9,0,0,62,102,0,48,219,3852470a,0
29,29,6,5,0,2100000029,1,1,0,805,1,0,84,16,2720,0,STEADY,269,4.99526,3.50211,0.268569,0.650558,0.241636,92,33,8,4,4,0,0,47,102,0,100,0,3852470a,0
30,30,7,0,0,2100000030,0,2,1,731,1,75,0,18,2420,0,STEADY,244,3.82288,7.85127,0.213426,0.106557,0.831967,0,0,14,3,0,1,0,100,50,0,10,0,3852470a,0
30,30,7,0,0,2100000030,1,2,1,394,1,97,0,12,1640,0,STEADY,132,4.3876,6.20234,0.314977,0.0681818,0.795455,0,0,9,2,0,1,0,100,28,0,20,0,3852470a,0
31,31,8,1,0,2100000031,0,3,0,395,1,0,53,8,1560,0,STEADY,132,4.47605,2.6499,0.499811,0.643939,0.0984848,38,7,0,6,2,0,0,63,141,9,0,22,3852470a,0
31,31,8,1,0,2100000031,1,3,0,440,1,0,37,10,1750,0,STEADY,147,4.19771,2.71355,0.420034,0.571429,0.14966,50,18,3,5,2,0,0,79,146,14,0,0,3852470a,0
32,32,9,2,0,2100000032,0,0,0,2507,1,0,58,44,7880,0,STEADY,836,4.053,3.89164,0.105431,0.0729665,0.727273,71,37,39,0,4,1,0,125,121,0,0,122,3852470a,0
32,32,9,2,0,2100000032,1,0,0,2700,3,89,12,48,8630,0,STEADY,900,3.78551,2.89856,0.0995056,0.0822222,0.694444,0,0,42,0,5,1,0,159,32,0,0,227,3852470a,0
33,33,10,3,0,2100000033,0,1,0,717,1,0,11,15,2440,0,STEADY,239,3.59557,2.783,0.353745,0.188285,0.175732,82,23,8,2,5,0,0,113,152,0,0,114,3852470a,0
33,33,10,3,0,2100000033,1,1,0,708,1,0,105,16,2360,0,STEADY,236,4.86601,4.75039,0.269915,0.211864,0.313559,85,43,4,2,10,0,0,19,152,0,0,0,3852470a,0
34,34,11,4,0,2100000034,0,2,0,448,1,0,60,9,1750,0,STEADY,150,3.45787,2.24054,0.4569,0.573333,0.16,23,9,1,5,2,1,0,57,140,0,0,87,3852470a,0
34,34,11,4,0,2100000034,1,2,0,580,1,0,8,13,2180,0,STEADY,194,3.77184,2.10329,0.354433,0.64433,0.0773196,44,0,4,7,1,1,0,121,140,0,0,128,3852470a,0
35,35,12,5,0,2100000035,0,3,0,580,1,0,47,13,2070,0,STEADY,194,3.21935,3.29695,0.355412,0.0979381,0.154639,6,0,5,5,1,2,0,64,110,9,0,42,3852470a,0
35,35,12,5,0,2100000035,1,3,0,449,1,0,63,10,1680,0,STEADY,150,2.99989,4.23438,0.316233,0.146667,0.226667,36,14,4,3,2,1,0,48,101,0,10,3,3852470a,0
36,36,13,0,0,2100000036,0,0,1,874,1,18,0,16,2960,0,STEADY,292,5.06354,7.36031,0.253219,0.212329,0.0136986,0,0,3,12,0,1,0,104,75,0,0,0,3852470a,0
36,36,13,0,0,2100000036,1,0,1,784,1,76,0,15,2790,0,STEADY,262,5.2802,4.4828,0.248626,0.164122,0.270992,0,0,3,11,0,1,0,104,17,0,0,157,3852470a,0
37,37,14,1,0,2100000037,0,1,1,1293,1,90,0,24,4350,0,STEADY,431,3.20273,3.6588,0.180626,0.0533643,0.788863,0,0,21,2,1,0,0,113,60,0,0,48,3852470a,0
37,37,14,1,0,2100000037,1,1,1,648,1,134,0,13,2450,0,STEADY,216,3.86426,3.19176,0.299514,0.115741,0.740741,0,0,10,1,2,0,0,113,16,0,0,13,3852470a,0
38,38,15,2,0,2100000038,0,2,1,583,1,16,0,12,2160,0,STEADY,195,3.92629,2.82084,0.407385,0.728205,0.133333,58,21,6,5,0,1,0,118,88,0,0,60,3852470a,0
38,38,15,2,0,2100000038,1,2,1,460,1,28,0,10,1820,0,STEADY,154,4.47712,3.48295,0.488604,0.733766,0.116883,42,10,5,4,0,1,0,118,76,0,0,0,3852470a,0
39,39,16,3,0,2100000039,0,3,0,1342,1,0,49,23,4280,0,STEADY,448,3.37505,2.24148,0.321842,0.207589,0.200893,165,50,8,7,1,7,0,66,114,0,34,7,3852470a,0
39,39,16,3,0,2100000039,1,3,1,1603,1,10,0,28,5280,0,STEADY,535,3.07796,1.75789,0.193813,0.261682,0.207477,212,70,9,9,1,9,0,115,104,0,96,181,3852470a,0
40,0,24,5,0,2100000040,0,1,1,1537,1,54,0,28,4860,0,STEADY,513,3.16512,5.45527,0.210906,0.263158,0.549708,0,0,2,24,0,2,0,125,59,0,0,0,3852470a,0
40,0,24,5,0,2100000040,1,1,1,1456,1,52,0,27,4640,0,STEADY,486,3.2887,6.40193,0.183909,0.265432,0.602881,0,0,1,25,0,1,0,125,61,0,0,0,3852470a,0
41,1,25,0,0,2100000041,0,2,1,1282,1,83,0,24,4240,0,STEADY,428,3.37963,2.04931,0.213411,0.516355,0.310748,0,0,0,21,1,2,0,104,67,14,131,213,3852470a,0
41,1,25,0,0,2100000041,1,2,1,796,1,96,0,16,2780,0,STEADY,266,3.39901,2.17695,0.278534,0.511278,0.24812,0,0,0,14,0,2,0,104,40,0,135,92,3852470a,0
42,2,26,1,0,2100000042,0,3,1,563,1,27,0,11,2130,0,STEADY,188,4.51841,3.45397,0.337447,0.675532,0.154255,88,29,3,7,0,1,0,108,67,0,0,0,3852470a,0
42,2,26,1,0,2100000042,1,3,0,658,1,0,15,13,2490,0,STEADY,220,5.55885,6.16499,0.2645,0.559091,0.286364,113,53,4,9,0,0,0,93,94,0,0,0,3852470a,0
43,3,27,2,0,2100000043,0,0,0,680,1,0,112,14,2490,0,STEADY,227,3.96928,2.20506,0.264449,0.312775,0.317181,39,26,11,0,1,2,0,33,106,0,15,110,3852470a,0
43,3,27,2,0,2100000043,1,0,0,947,1,0,90,18,3210,0,STEADY,316,4.75524,5.60486,0.196218,0.297468,0.129747,105,0,15,1,1,1,0,55,106,0,15,10,3852470a,0
44,4,28,3,0,2100000044,0,1,0,256,1,0,82,5,980,0,STEADY,86,6.36114,3.10652,0.757907,0.453488,0.0813953,12,6,0,3,1,1,0,29,136,13,0,137,3852470a,0
44,4,28,3,0,2100000044,1,1,0,253,1,0,80,5,980,0,STEADY,85,6.28698,3.29072,0.745859,0.494118,0.0941176,14,8,0,3,1,1,0,31,136,13,0,0,3852470a,0
45,5,29,4,0,2100000045,0,2,1,697,1,54,0,14,2520,0,STEADY,233,2.89036,2.14134,0.366695,0.51073,0.0686695,15,1,6,3,2,3,0,102,87,0,14,111,3852470a,0
45,5,29,4,0,2100000045,1,2,1,1096,1,80,0,18,3840,0,STEADY,366,3.5658,4.65752,0.325437,0.270492,0.0928962,0,0,2,8,2,6,0,102,61,0,4,55,3852470a,0
46,6,30,5,0,2100000046,0,3,0,1774,1,0,44,32,5690,0,STEADY,592,4.06857,2.50544,0.154071,0.0692568,0.501689,246,122,29,0,2,1,0,81,131,0,0,159,3852470a,0
46,6,30,5,0,2100000046,1,3,0,674,1,0,45,13,2360,0,STEADY,225,3.26824,3.08616,0.310356,0.04,0.475556,134,88,11,0,1,1,0,80,131,0,0,6,3852470a,0
47,7,31,0,0,2100000047,0,0,0,1476,1,0,71,28,4730,0,STEADY,492,3.30828,5.50254,0.177581,0.23374,0.308943,183,94,3,24,0,1,0,70,100,0,0,5,3852470a,0
47,7,31,0,0,2100000047,1,0,0,1378,1,0,71,30,4000,0,STEADY,460,3.62562,3.36058,0.159663,0.0543478,0.413043,288,111,22,8,0,0,0,70,100,0,0,134,3852470a,0
48,8,32,1,0,2100000048,0,1,0,1122,1,0,55,19,3780,0,STEADY,374,4.31929,4.09206,0.281243,0.28877,0.176471,119,35,7,5,2,5,0,66,116,0,20,124,3852470a,0
48,8,32,1,0,2100000048,1,1,0,875,1,0,48,17,3010,0,STEADY,292,3.66233,2.09011,0.231318,0.219178,0.236301,71,10,7,4,4,2,0,73,116,0,20,190,3852470a,0
49,9,33,2,0,2100000049,0,2,0,691,1,0,110,11,2490,0,STEADY,231,3.52512,1.90818,0.46381,0.181818,0.480519,149,76,6,2,3,0,0,42,153,4,0,116,3852470a,0
49,9,33,2,0,2100000049,1,2,0,823,1,0,110,13,3120,0,STEADY,275,5.29938,2.77906,0.529236,0.16,0.370909,127,24,8,1,4,0,0,42,151,2,0,316,3852470a,0
50,10,34,3,0,2100000050,0,3,0,1804,1,0,10,32,5800,0,STEADY,602,6.75994,5.90459,0.184776,0.181063,0.400332,230,97,18,13,1,0,0,130,124,0,0,49,3852470a,0
50,10,34,3,0,2100000050,1,3,1,719,1,39,0,14,2600,0,STEADY,240,6.7096,7.22258,0.257333,0.220833,0.4125,100,29,7,6,1,0,0,140,85,0,0,0,3852470a,0
51,11,35,4,0,2100000051,0,0,1,1653,1,95,0,29,5600,0,STEADY,551,3.64974,2.24092,0.187377,0.313975,0.292196,0,0,9,13,0,7,0,137,74,52,30,300,3852470a,0
51,11,35,4,0,2100000051,1,0,1,1519,1,67,0,27,5160,0,STEADY,507,3.39108,1.97758,0.212604,0.30572,0.266272,0,0,9,12,0,6,0,119,100,50,28,265,3852470a,0
52,12,36,5,0,2100000052,0,1,1,766,1,49,0,13,2730,0,STEADY,256,3.99422,4.7216,0.490469,0.285156,0.1875,0,0,2,3,6,2,0,93,62,0,0,38,3852470a,0
52,12,36,5,0,2100000052,1,1,0,653,1,0,34,13,2320,0,STEADY,218,3.69725,4.61344,0.341193,0.380734,0.0963303,85,15,5,1,5,2,0,59,111,0,0,0,3852470a,0
53,13,37,0,0,2100000053,0,2,0,588,1,0,111,12,2300,0,STEADY,196,4.75147,2.3745,0.264643,0.443878,0.321429,65,28,8,1,2,1,0,39,104,0,0,177,3852470a,0
53,13,37,0,0,2100000053,1,2,0,503,1,0,133,10,2030,0,STEADY,168,4.83492,2.48877,0.286399,0.482143,0.39881,37,10,6,0,3,1,0,17,104,0,0,196,3852470a,0
54,14,38,1,0,2100000054,0,3,0,1468,1,0,22,29,4320,0,STEADY,490,2.21434,1.96422,0.470265,0.0387755,0.0326531,324,13,2,17,1,9,0,82,113,0,64,0,3852470a,0
54,14,38,1,0,2100000054,1,3,1,2538,1,27,0,50,7360,0,STEADY,846,2.04941,1.82093,0.281738,0.0224586,0.06974,288,11,4,30,2,14,0,104,86,0,68,7,3852470a,0
55,15,39,2,0,2100000055,0,0,0,2700,3,52,40,48,8540,0,STEADY,900,3.26486,3.2508,0.162289,0.487778,0.295556,0,0,0,40,2,6,0,74,87,21,54,140,3852470a,0
55,15,39,2,0,2100000055,1,0,1,2700,3,58,26,47,8430,0,STEADY,900,3.09218,2.16789,0.150933,0.464444,0.367778,0,0,0,37,2,8,0,88,78,18,15,164,3852470a,0
56,16,0,3,0,2100000056,0,1,1,1160,1,28,0,21,4080,0,STEADY,387,4.83134,4.7217,0.201615,0.152455,0.705426,55,55,16,4,0,1,0,113,87,0,0,57,3852470a,0
56,16,0,3,0,2100000056,1,1,0,870,1,0,77,16,3230,0,STEADY,290,5.60347,8.37735,0.226121,0.158621,0.696552,85,85,11,4,0,1,0,36,115,0,0,0,3852470a,0
57,17,1,4,0,2100000057,0,2,0,433,1,0,19,8,1680,0,STEADY,145,3.18271,2.97296,0.645345,0.42069,0.0827586,35,9,1,3,0,4,0,125,110,12,0,0,3852470a,0
57,17,1,4,0,2100000057,1,2,0,439,1,0,23,8,1680,0,STEADY,147,3.34814,3.36141,0.65932,0.428571,0.0544218,35,8,1,3,0,4,0,121,110,12,0,0,3852470a,0
58,18,2,5,0,2100000058,0,3,1,2700,3,67,52,42,6300,0,STEADY,900,2.38768,2.33203,0.169529,0.0911111,0.122222,0,0,35,7,0,0,0,42,62,0,0,511,3852470a,0
58,18,2,5,0,2100000058,1,3,1,2136,1,17,0,35,5270,0,STEADY,712,2.82125,3.13562,0.164265,0.0842697,0.307584,105,14,29,6,0,0,0,94,112,0,0,57,3852470a,0
59,19,3,0,0,2100000059,0,0,0,910,1,0,25,17,3050,0,STEADY,304,3.65645,3.19651,0.272039,0.194079,0.519737,63,34,14,0,1,2,0,75,132,0,34,79,3852470a,0
59,19,3,0,0,2100000059,1,0,0,749,1,0,1,15,2680,0,STEADY,250,3.92301,2.866,0.26656,0.376,0.304,89,32,13,0,1,1,0,105,132,0,22,102,3852470a,0
60,20,4,1,0,2100000060,0,1,1,1128,1,59,0,20,3940,0,STEADY,376,4.54465,3.05556,0.251848,0.337766,0.422872,0,0,13,2,1,4,0,136,43,0,0,213,3852470a,0
60,20,4,1,0,2100000060,1,1,1,625,1,102,0,12,2550,0,STEADY,209,6.31627,3.79617,0.422608,0.464115,0.244019,0,0,6,2,1,3,0,136,0,0,0,0,3852470a,0
61,21,5,2,0,2100000061,0,2,0,2700,3,10,90,50,8140,0,STEADY,900,2.68151,2.85286,0.150772,0.00555556,0.153333,43,15,38,10,2,0,0,51,114,0,0,46,3852470a,0
61,21,5,2,0,2100000061,1,2,0,2700,3,106,68,51,8120,0,STEADY,900,2.60264,2.30356,0.173983,0,0.0444444,0,0,40,11,0,0,0,73,18,0,0,15,3852470a,0
62,22,6,3,0,2100000062,0,3,0,1780,1,0,1,27,6600,0,STEADY,594,3.86164,2.09167,0.18283,0.585859,0.227273,340,60,6,12,8,0,1,130,175,0,109,0,3852470a,0
62,22,6,3,0,2100000062,1,3,0,1416,1,0,27,23,5340,0,STEADY,472,3.18429,1.9226,0.189117,0.402542,0.135593,147,15,10,6,7,0,0,104,175,0,97,0,3852470a,0
63,23,7,4,0,2100000063,0,0,0,1021,1,0,2,22,3190,0,STEADY,341,2.83607,2.92863,0.296349,0.196481,0.571848,17,4,11,11,0,0,0,98,119,14,0,69,3852470a,0
63,23,7,4,0,2100000063,1,0,1,1052,1,17,0,21,3490,0,STEADY,351,2.76325,3.96034,0.234858,0.250712,0.552707,58,43,3,17,1,0,0,100,102,14,0,19,3852470a,0
64,24,8,5,0,2100000064,0,1,0,691,1,0,42,12,2320,0,STEADY,231,4.04238,4.05669,0.369307,0.380952,0.038961,64,8,4,4,2,2,0,74,125,0,9,0,3852470a,0
64,24,8,5,0,2100000064,1,1,0,1612,1,0,38,25,5440,0,STEADY,538,3.34763,4.97043,0.20895,0.33829,0.157993,395,85,2,12,3,8,0,78,125,0,65,0,3852470a,0
65,25,9,0,0,2100000065,0,2,0,1999,1,0,43,37,6430,0,STEADY,667,3.60221,5.51781,0.351042,0.373313,0.172414,54,15,2,27,8,0,0,114,104,0,71,47,3852470a,0
65,25,9,0,0,2100000065,1,2,1,1712,1,19,0,30,5310,0,STEADY,571,4.0744,7.10069,0.504448,0.411559,0.234676,262,101,0,23,7,0,0,159,85,0,38,52,3852470a,0
66,26,10,1,0,2100000066,0,3,0,714,1,0,124,15,2510,0,STEADY,238,3.25044,2.52543,0.214223,0.214286,0.151261,76,18,2,11,0,0,2,0,108,0,0,3,3852470a,0
66,26,10,1,0,2100000066,1,3,0,679,1,0,102,15,2350,0,STEADY,227,3.17608,2.44246,0.370859,0.215859,0.0837004,88,15,4,11,0,0,0,22,108,0,0,0,3852470a,0
67,27,11,2,0,2100000067,0,0,1,2433,1,7,0,44,7620,0,STEADY,811,3.12324,1.58443,0.160277,0.422935,0.318126,57,10,42,2,0,0,0,201,138,0,0,199,3852470a,0
67,27,11,2,0,2100000067,1,0,0,2302,1,0,20,41,7280,0,STEADY,768,3.24899,1.80251,0.141934,0.429688,0.273438,166,24,37,3,1,0,0,201,145,0,0,299,3852470a,0
68,28,12,3,0,2100000068,0,1,1,900,1,39,0,16,3030,0,STEADY,300,5.64919,2.4763,0.27025,0.696667,0.19,37,11,3,12,1,0,0,111,72,0,0,346,3852470a,0
68,28,12,3,0,2100000068,1,1,1,377,1,18,0,8,1720,0,STEADY,126,4.73765,2.87161,0.554603,0.642857,0.134921,34,10,3,3,1,1,0,111,93,0,0,56,3852470a,0
69,29,13,4,0,2100000069,0,2,0,934,1,0,47,17,3200,0,STEADY,312,3.88561,1.49451,0.349567,0.682692,0.0833333,28,4,6,4,7,0,0,57,102,0,83,227,3852470a,0
69,29,13,4,0,2100000069,1,2,1,602,1,61,0,10,2280,0,STEADY,201,5.74427,6.11444,0.576194,0.343284,0,0,0,0,3,7,0,0,104,41,0,38,43,3852470a,0
70,30,14,5,0,2100000070,0,3,0,607,1,0,74,15,2070,0,STEADY,203,3.25044,2.7918,0.335138,0.137931,0.26601,41,18,12,3,0,0,0,39,125,0,0,54,3852470a,0
70,30,14,5,0,2100000070,1,3,0,956,1,0,61,24,2960,0,STEADY,319,3.32466,2.73603,0.192781,0.0971787,0.388715,40,28,20,3,0,1,0,52,125,0,0,14,3852470a,0
71,31,15,0,0,2100000071,0,0,1,1123,1,34,0,21,3620,0,STEADY,375,3.268,2.29892,0.227707,0.544,0.304,52,8,3,16,2,0,0,136,116,18,0,186,3852470a,0
71,31,15,0,0,2100000071,1,0,1,946,1,29,0,19,3130,0,STEADY,316,4.05365,2.50837,0.221535,0.525316,0.306962,26,0,4,14,1,0,0,127,112,9,0,242,3852470a,0
72,32,16,1,0,2100000072,0,1,1,1525,1,13,0,27,4920,0,STEADY,509,4.73148,4.3257,0.17669,0.0628684,0.744597,97,97,23,0,3,1,0,115,108,0,0,163,3852470a,0
72,32,16,1,0,2100000072,1,1,1,945,1,60,0,17,3360,0,STEADY,315,4.93318,4.40983,0.209381,0.149206,0.749206,0,0,11,0,5,1,0,115,61,0,0,4,3852470a,0
73,33,17,2,0,2100000073,0,2,0,1589,1,0,14,32,4810,0,STEADY,530,2.70578,1.78942,0.19667,0.0169811,0.216981,413,92,17,1,14,0,0,100,152,0,0,56,3852470a,0
73,33,17,2,0,2100000073,1,2,0,1939,1,0,12,39,5900,0,STEADY,647,2.78996,2.92683,0.130479,0.015456,0.333849,129,67,22,1,16,0,0,116,152,0,0,1,3852470a,0
74,34,18,3,0,2100000074,0,3,1,979,1,60,0,18,3210,0,STEADY,327,3.97167,2.54509,0.282294,0.498471,0.302752,0,0,1,15,2,0,0,129,80,0,0,7,3852470a,0
74,34,18,3,0,2100000074,1,3,0,1186,1,0,14,22,3640,0,STEADY,396,3.31991,2.56967,0.252361,0.467172,0.214646,55,26,6,14,2,0,0,115,140,0,0,0,3852470a,0
75,35,19,4,0,2100000075,0,0,1,2700,3,71,24,53,8020,0,STEADY,900,2.43693,2.16419,0.112528,0.02,0.158889,0,0,28,22,1,2,0,108,34,4,5,92,3852470a,0
75,35,19,4,0,2100000075,1,0,0,2700,3,86,102,51,8110,0,STEADY,900,2.76741,4.52745,0.104578,0.0233333,0.103333,0,0,33,14,1,3,0,30,15,0,3,2,3852470a,0
76,36,20,5,0,2100000076,0,1,0,692,1,0,56,13,2350,0,STEADY,231,4.97464,2.08218,0.317814,0.376623,0.238095,112,18,2,11,0,0,0,42,93,0,0,443,3852470a,0
76,36,20,5,0,2100000076,1,1,0,492,1,0,90,10,1840,0,STEADY,164,5.15638,3.54109,0.39628,0.310976,0.0853659,69,0,2,8,0,0,0,12,93,0,0,63,3852470a,0
77,37,21,0,0,2100000077,0,2,1,1289,1,90,0,24,4380,0,STEADY,430,4.61915,7.92941,0.190035,0.055814,0.748837,0,0,21,3,0,0,0,124,60,0,0,65,3852470a,0
77,37,21,0,0,2100000077,1,2,1,2463,1,54,0,44,7850,0,STEADY,821,4.03233,5.23563,0.237028,0.0316687,0.38246,145,99,40,3,1,0,0,124,96,0,0,99,3852470a,0
78,38,22,1,0,2100000078,0,3,0,190,1,0,131,4,680,0,STEADY,64,8.12877,3.81434,0.83125,0.625,0.015625,14,0,2,2,0,0,0,44,104,0,0,0,3852470a,0
78,38,22,1,0,2100000078,1,3,0,726,1,0,94,15,2670,0,STEADY,242,4.15446,2.54578,0.273202,0.607438,0.268595,59,16,7,7,0,1,0,81,104,0,0,37,3852470a,0
79,39,23,2,0,2100000079,0,0,0,2434,1,0,41,41,8080,0,STEADY,812,2.80921,4.05689,0.378824,0.235222,0.236453,127,59,11,11,1,18,0,80,114,0,103,26,3852470a,0
79,39,23,2,0,2100000079,1,0,1,1004,1,24,0,18,3600,0,STEADY,335,2.96702,2.18042,0.337955,0.253731,0.444776,117,65,4,6,1,7,0,120,90,0,68,213,3852470a,0
80,0,31,4,0,2100000080,0,2,0,394,1,0,95,9,1580,0,STEADY,132,2.97298,2.14918,0.396136,0.30303,0.371212,42,25,3,4,0,2,0,41,113,0,0,130,3852470a,0
80,0,31,4,0,2100000080,1,2,0,404,1,0,84,9,1580,0,STEADY,135,5.24523,4.06215,0.420148,0.266667,0.333333,45,21,3,4,0,2,0,66,113,0,0,0,3852470a,0
81,1,32,5,0,2100000081,0,3,1,1295,1,87,0,22,3930,0,STEADY,432,4.1307,1.56456,0.313032,0.712963,0.0763889,0,0,0,18,1,3,0,121,49,0,240,376,3852470a,0
81,1,32,5,0,2100000081,1,3,1,1270,1,31,0,23,3880,0,STEADY,424,3.67435,3.29384,0.285991,0.379717,0.0754717,102,19,5,13,1,4,0,121,117,12,50,146,3852470a,0
82,2,33,0,0,2100000082,0,0,0,569,1,0,9,11,2150,0,STEADY,190,3.84186,2.38961,0.325921,0.421053,0.473684,125,90,4,7,0,0,0,143,94,0,0,129,3852470a,0
82,2,33,0,0,2100000082,1,0,1,542,1,2,0,11,2150,0,STEADY,181,3.93002,6.05534,0.303398,0.425414,0.475138,120,63,4,7,0,0,0,152,92,0,0,0,3852470a,0
83,3,34,1,0,2100000083,0,1,0,499,1,0,98,11,1980,0,STEADY,167,4.38171,2.26106,0.31985,0.383234,0.173653,46,12,8,0,1,2,0,42,106,0,15,40,3852470a,0
83,3,34,1,0,2100000083,1,1,0,560,1,0,96,12,2150,0,STEADY,187,4.21924,2.44702,0.267914,0.26738,0.240642,107,32,9,0,1,2,0,44,106,0,30,47,3852470a,0
84,4,35,2,0,2100000084,0,2,0,1661,1,0,87,32,5730,0,STEADY,554,3.79599,2.33411,0.21852,0.429603,0.355596,366,157,0,27,2,3,0,23,162,39,0,188,3852470a,0
84,4,35,2,0,2100000084,1,2,0,2005,1,0,45,40,6920,0,STEADY,669,4.01803,2.80399,0.221034,0.523169,0.301943,160,36,4,30,2,4,0,74,175,52,0,200,3852470a,0
85,5,36,3,0,2100000085,0,3,1,499,1,51,0,10,1960,0,STEADY,167,3.38584,3.25556,0.466737,0.437126,0.101796,5,1,3,3,2,2,0,93,90,0,16,0,3852470a,0
85,5,36,3,0,2100000085,1,3,0,1183,1,0,62,24,3720,0,STEADY,395,3.27157,2.20922,0.228785,0.681013,0.035443,106,0,16,3,2,3,0,31,141,0,36,0,3852470a,0
86,6,37,4,0,2100000086,0,0,0,718,1,0,85,14,2630,0,STEADY,240,3.62204,1.90514,0.23175,0.170833,0.495833,78,50,11,0,2,1,0,65,131,0,0,98,3852470a,0
86,6,37,4,0,2100000086,1,0,0,1050,1,0,16,20,3650,0,STEADY,350,4.53134,7.92785,0.166957,0.205714,0.402857,94,31,17,0,2,1,0,134,131,0,0,0,3852470a,0
87,7,38,5,0,2100000087,0,1,0,1331,1,0,64,25,4170,0,STEADY,444,3.30743,6.4721,0.25205,0.231982,0.027027,19,3,4,20,0,1,0,40,100,0,0,0,3852470a,0
87,7,38,5,0,2100000087,1,1,0,806,1,0,54,17,2610,0,STEADY,269,3.54812,5.65503,0.306952,0.159851,0.0408922,184,10,8,8,0,1,0,50,100,0,0,0,3852470a,0
88,8,39,0,0,2100000088,0,2,1,976,2,41,61,16,3360,0,STEADY,326,5.54075,2.00109,0.308175,0.365031,0.300613,18,8,6,3,1,6,0,53,75,0,20,600,3852470a,0
88,8,39,0,0,2100000088,1,2,1,2020,1,34,0,35,6650,0,STEADY,674,3.30184,1.97931,0.18905,0.249258,0.406528,228,115,20,5,3,7,0,114,82,0,10,238,3852470a,0
89,9,0,1,0,2100000089,0,3,0,877,1,0,56,13,3150,0,STEADY,293,4.91949,2.7607,0.398857,0.204778,0.341297,232,94,7,1,5,0,0,57,155,6,0,219,3852470a,0
89,9,0,1,0,2100000089,1,3,1,2302,1,15,0,41,7110,0,STEADY,768,2.98189,2.19068,0.210163,0.0481771,0.303385,467,107,12,24,5,0,0,109,178,44,0,12,3852470a,0
90,10,1,2,0,2100000090,0,0,0,2488,1,0,16,44,7980,0,STEADY,830,6.96462,6.67462,0.258247,0.142169,0.442169,73,34,27,15,2,0,0,120,124,0,0,11,3852470a,0
90,10,1,2,0,2100000090,1,0,1,2420,1,52,0,44,7680,0,STEADY,807,4.16868,3.83478,0.111506,0.0458488,0.659232,0,0,38,5,1,0,0,136,72,0,0,71,3852470a,0
91,11,2,3,0,2100000091,0,1,0,604,1,0,40,11,2280,0,STEADY,202,4.90268,5.80699,0.489802,0.39604,0.039604,56,0,2,6,0,3,0,54,153,36,30,0,3852470a,0
91,11,2,3,0,2100000091,1,1,0,2423,1,0,41,40,7960,0,STEADY,808,3.71027,5.12695,0.199022,0.259901,0.181931,113,65,10,19,0,11,0,53,237,120,60,1,3852470a,0
92,12,3,4,0,2100000092,0,2,1,962,1,84,0,17,3370,0,STEADY,321,4.23513,4.0616,0.433941,0.392523,0.264798,0,0,3,2,9,3,0,106,27,0,0,27,3852470a,0
92,12,3,4,0,2100000092,1,2,1,877,1,100,0,17,3190,0,STEADY,293,3.20848,3.02049,0.298891,0.31058,0.31058,0,0,5,2,7,2,1,106,11,0,0,69,3852470a,0
93,13,4,5,0,2100000093,0,3,0,541,1,0,119,10,2050,0,STEADY,181,6.76789,2.72128,0.436271,0.790055,0.0497238,51,4,5,0,5,0,0,17,104,0,0,353,3852470a,0
93,13,4,5,0,2100000093,1,3,0,810,1,0,115,15,2760,0,STEADY,270,6.68131,3.56044,0.272944,0.57037,0.148148,60,3,10,2,3,0,0,34,104,0,0,0,3852470a,0
94,14,5,0,0,2100000094,0,0,0,940,1,0,1,19,3000,0,STEADY,314,2.42594,7.33732,0.475876,0.149682,0.175159,111,18,2,9,2,6,0,140,113,0,68,17,3852470a,0
94,14,5,0,0,2100000094,1,0,0,2700,3,34,21,53,7760,0,STEADY,900,2.43813,3.936,0.393883,0.0322222,0.0977778,171,18,3,33,1,16,0,120,79,0,27,27,3852470a,0
95,15,6,1,0,2100000095,0,1,0,1756,1,0,83,32,5620,0,STEADY,586,4.83157,4.14112,0.202858,0.653584,0.257679,473,151,0,26,0,6,0,48,118,0,88,176,3852470a,0
95,15,6,1,0,2100000095,1,1,0,1768,1,0,89,32,5820,0,STEADY,590,4.59905,3.08177,0.244195,0.659322,0.125424,58,0,0,24,2,6,0,42,140,22,73,229,3852470a,0
96,16,7,2,0,2100000096,0,2,1,738,1,95,0,14,2890,0,STEADY,246,4.93181,6.21726,0.206606,0.178862,0.642276,0,0,9,4,0,1,0,100,20,0,0,21,3852470a,0
96,16,7,2,0,2100000096,1,2,1,1345,1,5,0,25,4690,0,STEADY,449,3.90579,8.27478,0.124265,0.0801782,0.893096,112,112,21,3,0,1,0,100,110,0,0,0,3852470a,0
97,17,8,3,0,2100000097,0,3,1,648,1,51,0,10,2100,0,STEADY,216,3.62919,2.73668,0.59838,0.259259,0.134259,0,0,1,3,0,5,1,116,71,24,0,0,3852470a,0
97,17,8,3,0,2100000097,1,3,1,647,1,15,0,9,2040,0,STEADY,216,3.89436,3.03112,0.779861,0.37037,0.0833333,80,5,0,3,0,6,0,116,117,30,0,0,3852470a,0
98,18,9,4,0,2100000098,0,0,0,820,1,0,49,16,2680,0,STEADY,274,3.34706,2.12192,0.308942,0.182482,0.281022,164,29,11,5,0,0,0,100,129,0,0,184,3852470a,0
98,18,9,4,0,2100000098,1,0,0,1949,1,0,27,33,4840,0,STEADY,650,3.32632,4.49597,0.147477,0.0830769,0.184615,89,18,28,4,0,1,0,128,129,0,13,19,3852470a,0
99,19,10,5,0,2100000099,0,1,0,570,1,0,103,11,2000,0,STEADY,190,6.11349,3.01919,0.341921,0.636842,0.147368,34,10,9,0,1,1,0,21,132,0,22,0,3852470a,0
99,19,10,5,0,2100000099,1,1,0,891,1,0,104,16,2950,0,STEADY,297,5.14259,4.73201,0.239411,0.427609,0.222222,162,54,12,1,1,2,0,20,132,0,22,0,3852470a,0
100,20,11,0,0,2100000100,0,2,0,2699,1,0,103,48,8540,0,STEADY,900,3.98326,2.80842,0.117217,0.498889,0.308889,433,119,42,1,1,4,0,134,102,0,36,375,3852470a,0
100,20,11,0,0,2100000100,1,2,0,2700,3,42,34,45,8790,0,STEADY,900,4.19772,4.4446,0.133756,0.343333,0.435556,0,0,31,5,1,8,0,188,60,0,17,146,3852470a,0
101,21,12,1,0,2100000101,0,3,0,1030,1,0,68,22,3330,0,STEADY,344,3.07578,2.17429,0.15968,0.0406977,0.546512,174,100,9,11,2,0,0,43,124,0,0,11,3852470a,0
101,21,12,1,0,2100000101,1,3,0,551,1,0,32,13,1950,0,STEADY,184,3.33132,2.79314,0.247283,0.0706522,0.586957,108,76,3,8,2,0,0,79,124,0,0,0,3852470a,0
102,22,13,2,0,2100000102,0,0,1,779,1,76,0,13,3340,0,STEADY,260,4.2682,3.18429,0.291496,0.196154,0.130769,0,0,1,8,4,0,0,104,99,0,14,133,3852470a,0
102,22,13,2,0,2100000102,1,0,1,554,1,146,0,10,2630,0,STEADY,185,6.36164,4.27287,0.363162,0.237838,0,0,0,0,7,3,0,0,104,29,0,40,58,3852470a,0
103,23,14,3,0,2100000103,0,1,0,696,1,0,77,15,2350,0,STEADY,232,2.71155,5.4528,0.409677,0.237069,0.568966,138,107,4,11,0,0,0,36,110,5,0,0,3852470a,0
103,23,14,3,0,2100000103,1,1,0.5,1248,1,0,0,24,4050,0,STEADY,416,2.51985,9.17776,0.216707,0.259615,0.639423,155,115,2,21,1,0,0,113,120,15,0,0,3852470a,0
104,24,15,4,0,2100000104,0,2,1,1240,1,120,0,22,4280,0,STEADY,414,2.87139,1.83498,0.270121,0.550725,0.181159,0,0,6,8,1,7,0,118,5,0,67,271,3852470a,0
104,24,15,4,0,2100000104,1,2,1,1210,1,36,0,21,4240,0,STEADY,404,3.13848,3.24033,0.22,0.405941,0.0519802,4,0,5,8,3,5,0,118,89,0,23,116,3852470a,0
105,25,16,5,0,2100000105,0,3,1,473,1,16,0,9,1360,0,STEADY,158,4.40761,3.47679,0.611044,0.405063,0.0949367,27,2,4,4,1,0,0,115,88,0,24,0,3852470a,0
105,25,16,5,0,2100000105,1,3,0,670,1,0,27,12,1950,0,STEADY,224,3.63816,3.15489,0.443661,0.366071,0.1875,110,30,3,7,2,0,0,88,104,0,41,36,3852470a,0
106,26,17,0,0,2100000106,0,0,0,1858,1,0,63,37,5740,0,STEADY,620,2.81137,5.36178,0.146677,0.196774,0.401613,25,18,11,26,0,0,0,64,108,0,0,15,3852470a,0
106,26,17,0,0,2100000106,1,0,1,1173,1,63,0,24,3780,0,STEADY,391,3.14687,7.06136,0.181931,0.230179,0.639386,0,0,6,18,0,0,0,128,45,0,0,2,3852470a,0
107,27,18,1,0,2100000107,0,1,0,650,1,0,61,12,2280,0,STEADY,217,3.98649,2.25914,0.316198,0.451613,0.336406,105,58,9,2,1,0,0,68,145,0,0,118,3852470a,0
107,27,18,1,0,2100000107,1,1,0,534,1,0,92,11,2110,0,STEADY,178,4.48546,2.78897,0.321938,0.426966,0.280899,86,40,8,2,1,0,0,37,145,0,0,154,3852470a,0
108,28,19,2,0,2100000108,0,2,0,452,1,0,50,8,1740,0,STEADY,151,6.9265,3.37734,0.463113,0.543046,0.198675,51,19,4,3,1,0,0,82,111,0,0,0,3852470a,0
108,28,19,2,0,2100000108,1,2,0,458,1,0,51,8,1740,0,STEADY,153,7.70106,4.13109,0.454314,0.477124,0.287582,47,17,4,3,1,0,0,81,111,0,0,0,3852470a,0
109,29,20,3,0,2100000109,0,3,1,712,1,19,0,13,2600,0,STEADY,238,4.38041,2.12084,0.471008,0.508403,0.214286,87,17,3,4,6,0,0,98,83,0,47,170,3852470a,0
109,29,20,3,0,2100000109,1,3,0,2254,1,0,44,38,7320,0,STEADY,752,2.89484,2.06557,0.176144,0.321809,0.143617,388,61,11,12,15,0,0,54,102,0,26,73,3852470a,0
110,30,21,4,0,2100000110,0,0,1,866,1,65,0,21,2690,0,STEADY,289,4.26851,3.1651,0.203619,0.15917,0.66782,0,0,17,3,0,1,0,124,60,0,0,108,3852470a,0
110,30,21,4,0,2100000110,1,0,1,1087,1,95,0,27,3230,0,STEADY,363,4.32728,2.6873,0.159793,0.0853994,0.366391,0,0,23,3,0,1,0,124,30,0,15,221,3852470a,0
111,31,22,5,0,2100000111,0,1,0,742,1,0,53,14,2380,0,STEADY,248,3.83699,4.76182,0.412702,0.435484,0.173387,123,39,2,11,1,0,0,122,141,9,0,0,3852470a,0
111,31,22,5,0,2100000111,1,1,0,2257,1,0,28,41,6870,0,STEADY,753,3.53252,5.12518,0.188274,0.422311,0.26826,65,8,6,33,2,0,0,147,141,9,0,83,3852470a,0
112,32,23,0,0,2100000112,0,2,0,1141,1,0,86,21,3900,0,STEADY,381,3.66125,5.35437,0.167533,0.0892388,0.845144,77,77,17,0,3,1,0,40,121,0,0,85,3852470a,0
112,32,23,0,0,2100000112,1,2,0,736,1,0,82,14,2710,0,STEADY,246,3.74668,6.13832,0.222663,0.101626,0.764228,78,78,10,0,3,1,0,40,121,0,0,109,3852470a,0
113,33,24,1,0,2100000113,0,3,1,949,1,75,0,19,3200,0,STEADY,317,2.74403,2.06173,0.314653,0,0.182965,0,0,16,1,2,0,0,125,77,0,0,30,3852470a,0
113,33,24,1,0,2100000113,1,3,1,1714,1,97,0,34,5250,0,STEADY,572,2.48414,1.99509,0.195778,0.0157343,0.034965,0,0,21,1,12,0,0,125,55,0,0,0,3852470a,0
114,34,25,2,0,2100000114,0,0,0,559,1,0,1,12,2010,0,STEADY,187,3.44715,2.41332,0.29639,0.593583,0.235294,75,29,4,6,1,1,0,103,140,0,0,159,3852470a,0
114,34,25,2,0,2100000114,1,0,0,678,1,0,32,14,2430,0,STEADY,226,3.79632,2.92517,0.300752,0.681416,0.159292,77,14,3,9,2,0,0,72,140,0,0,0,3852470a,0
115,35,26,3,0,2100000115,0,1,0,1129,1,0,52,22,3620,0,STEADY,377,3.2213,1.94797,0.182268,0.0450928,0.440318,172,101,14,5,2,1,0,56,101,0,10,100,3852470a,0
115,35,26,3,0,2100000115,1,1,0,1268,1,0,35,25,4030,0,STEADY,423,3.12861,2.16159,0.164161,0.0425532,0.340426,50,11,17,6,1,1,0,73,101,0,0,155,3852470a,0
116,36,27,4,0,2100000116,0,2,0,1421,1,0,25,26,4590,0,STEADY,474,4.31936,4.3233,0.234525,0.28481,0.227848,59,0,2,23,0,1,0,120,93,0,13,119,3852470a,0
116,36,27,4,0,2100000116,1,2,0,765,1,0,78,15,2760,0,STEADY,255,5.07826,2.45479,0.241431,0.309804,0.443137,81,36,3,12,0,0,0,67,93,0,0,147,3852470a,0
117,37,28,5,0,2100000117,0,3,0,528,1,0,35,10,1970,0,STEADY,176,3.52681,3.98529,0.371477,0.159091,0.414773,93,64,7,2,1,0,0,76,150,0,0,15,3852470a,0
117,37,28,5,0,2100000117,1,3,0,396,1,0,71,8,1560,0,STEADY,132,4.27075,3.71996,0.532841,0.136364,0.0530303,26,6,6,2,0,0,0,40,150,0,0,24,3852470a,0
118,38,29,0,0,2100000118,0,0,1,755,1,57,0,15,2670,0,STEADY,252,4.26885,3.0657,0.350119,0.626984,0.190476,0,0,7,7,0,1,0,102,47,0,0,22,3852470a,0
118,38,29,0,0,2100000118,1,0,1,469,1,71,0,10,1820,0,STEADY,157,4.54582,3.98549,0.467834,0.656051,0.165605,0,0,5,4,0,1,0,102,33,0,0,0,3852470a,0
119,39,30,1,0,2100000119,0,1,0,473,1,0,51,10,1960,0,STEADY,158,4.05901,2.36269,0.409652,0.468354,0.177215,35,21,3,2,1,4,0,74,114,0,42,174,3852470a,0
119,39,30,1,0,2100000119,1,1,0,373,1,0,63,7,1600,0,STEADY,125,4.22418,2.67163,0.469,0.232,0.128,54,12,0,2,2,3,0,59,114,0,50,86,3852470a,0
120,0,38,3,0,2100000120,0,3,0,405,1,0,47,8,1510,0,STEADY,135,4.17741,5.35104,0.578519,0.296296,0.281481,32,22,1,5,0,2,0,57,113,0,0,0,3852470a,0
120,0,38,3,0,2100000120,1,3,0,509,1,0,48,10,1850,0,STEADY,170,4.4196,5.09398,0.454441,0.305882,0.347059,30,25,1,7,0,2,0,56,113,0,0,0,3852470a,0
121,1,39,4,0,2100000121,0,0,1,2700,3,132,37,48,8350,0,STEADY,900,4.24788,2.72187,0.126028,0.586667,0.24,0,0,0,44,1,3,0,77,4,0,100,497,3852470a,0
121,1,39,4,0,2100000121,1,0,1,2017,1,136,0,37,6370,0,STEADY,673,3.52916,2.10828,0.154495,0.625557,0.135215,0,0,4,26,1,6,0,114,0,0,78,544,3852470a,0
122,2,0,5,0,2100000122,0,1,0.5,348,1,0,0,6,1230,0,STEADY,116,6.58882,2.87192,0.640776,0.646552,0.0948276,14,7,3,3,0,0,0,113,94,0,0,231,3852470a,0
122,2,0,5,0,2100000122,1,1,0,510,1,0,60,10,2120,0,STEADY,170,7.77105,4.13292,0.620471,0.611765,0.0294118,28,0,6,4,0,0,0,53,94,0,0,0,3852470a,0
123,3,1,0,0,2100000123,0,2,0,811,1,0,82,16,2800,0,STEADY,271,3.75958,2.37298,0.218672,0.287823,0.217712,46,1,14,0,1,1,0,54,106,0,11,120,3852470a,0
123,3,1,0,0,2100000123,1,2,0,1025,1,0,45,20,3510,0,STEADY,342,3.54802,2.23366,0.182047,0.321637,0.371345,82,38,17,0,1,2,0,91,106,0,17,275,3852470a,0
124,4,2,1,0,2100000124,0,3,0,273,1,0,94,5,880,0,STEADY,91,6.10897,2.63399,0.793209,0.395604,0.0879121,50,8,0,4,0,1,0,0,136,13,0,136,3852470a,0
124,4,2,1,0,2100000124,1,3,0,341,1,0,48,7,1420,0,STEADY,114,6.52139,3.11291,0.669702,0.482456,0.192982,65,22,0,4,2,1,0,46,136,13,0,88,3852470a,0
125,5,3,2,0,2100000125,0,0,0,949,1,0,25,18,3400,0,STEADY,317,3.01286,5.08662,0.356987,0.302839,0.239748,85,27,6,6,1,5,0,78,141,0,104,0,3852470a,0
125,5,3,2,0,2100000125,1,0,1,1396,1,49,0,26,4720,0,STEADY,466,2.8367,5.12792,0.173594,0.32618,0.229614,4,0,10,7,1,8,0,103,92,0,158,22,3852470a,0
126,6,4,3,0,2100000126,0,1,0,1590,1,0,58,29,5180,0,STEADY,530,6.11714,4.54213,0.184151,0.0849057,0.630189,62,37,26,0,2,1,0,104,131,0,0,435,3852470a,0
126,6,4,3,0,2100000126,1,1,0,2040,1,0,62,36,6520,0,STEADY,680,5.33278,6.00482,0.153669,0.0529412,0.613235,60,33,31,0,3,2,0,102,131,0,0,198,3852470a,0
127,7,5,4,0,2100000127,0,2,0,2449,1,0,13,51,6770,0,STEADY,817,2.38558,3.15429,0.135422,0.0807834,0.0758874,27,5,38,13,0,0,0,128,100,0,0,86,3852470a,0
127,7,5,4,0,2100000127,1,2,1,1591,1,16,0,34,4680,0,STEADY,531,2.73245,2.13863,0.199369,0.122411,0.145009,13,0,22,12,0,0,0,141,84,0,0,139,3852470a,0
128,8,6,5,0,2100000128,0,3,0,1546,1,0,23,26,4820,0,STEADY,516,3.18629,2.49037,0.284893,0.385659,0.253876,63,20,14,5,3,4,0,108,116,0,42,44,3852470a,0
128,8,6,5,0,2100000128,1,3,1,1042,1,26,0,19,3520,0,STEADY,348,2.88906,2.62384,0.287328,0.479885,0.181034,59,9,11,3,2,3,0,131,90,0,28,106,3852470a,0
129,9,7,0,0,2100000129,0,0,1,1075,1,39,0,19,3840,0,STEADY,359,4.74084,2.28586,0.369011,0.183844,0.493036,47,38,8,7,4,0,0,100,120,10,0,290,3852470a,0
129,9,7,0,0,2100000129,1,0,1,592,1,21,0,13,2190,0,STEADY,198,2.89132,3.65842,0.30303,0.0555556,0.712121,26,26,3,8,1,1,0,100,134,6,0,4,3852470a,0
130,10,8,1,0,2100000130,0,1,1,1947,1,51,0,35,6330,0,STEADY,649,5.7771,5.84544,0.19755,0.127889,0.557781,0,0,20,14,1,0,0,116,73,0,0,24,3852470a,0
130,10,8,1,0,2100000130,1,1,0,1431,1,0,12,27,4850,0,STEADY,477,5.0917,7.03804,0.177107,0.178197,0.607966,53,9,18,8,1,0,0,104,124,0,0,15,3852470a,0
131,11,9,2,0,2100000131,0,2,0,2545,1,0,17,43,8400,0,STEADY,849,3.40226,3.1562,0.232886,0.255595,0.28033,32,8,13,20,1,9,0,136,177,60,8,77,3852470a,0
131,11,9,2,0,2100000131,1,2,0,2700,3,48,88,45,8760,0,STEADY,900,3.43274,3.20946,0.195356,0.301111,0.225556,0,0,14,22,0,9,0,71,149,80,10,0,3852470a,0
132,12,10,3,0,2100000132,0,3,0,399,1,0,28,8,1580,0,STEADY,133,3.68918,5.22142,0.44297,0.390977,0.203008,61,22,2,1,3,2,0,96,111,0,0,0,3852470a,0
132,12,10,3,0,2100000132,1,3,0,500,1,0,22,10,1990,0,STEADY,167,3.36331,4.37999,0.337335,0.419162,0.227545,104,33,3,2,3,2,0,102,111,0,0,0,3852470a,0
133,13,11,4,0,2100000133,0,0,1,1609,1,7,0,29,5280,0,STEADY,537,4.2107,2.2073,0.161583,0.528864,0.309125,157,60,24,0,5,0,0,165,97,0,0,325,3852470a,0
133,13,11,4,0,2100000133,1,0,0,1322,1,0,76,24,4360,0,STEADY,441,4.50695,2.85323,0.169558,0.408163,0.469388,172,88,19,1,4,0,0,65,104,0,0,188,3852470a,0
134,14,12,5,0,2100000134,0,1,0,545,1,0,23,12,1920,0,STEADY,182,3.22158,5.55203,0.464258,0.126374,0.285714,67,32,1,6,2,3,0,88,113,0,34,0,3852470a,0
134,14,12,5,0,2100000134,1,1,0,858,1,0,35,18,2720,0,STEADY,286,2.64312,3.92591,0.281171,0.0524476,0.311189,147,64,3,9,2,4,0,76,113,0,34,6,3852470a,0
135,15,13,0,0,2100000135,0,2,0,781,1,0,34,15,2710,0,STEADY,261,5.11525,2.96199,0.313276,0.582375,0.241379,44,18,0,12,1,2,0,70,136,18,48,127,3852470a,0
135,15,13,0,0,2100000135,1,2,0,1540,1,0,14,28,5070,0,STEADY,514,5.26191,3.83124,0.489669,0.35214,0.142023,57,18,0,20,1,7,0,90,118,0,72,421,3852470a,0
136,16,14,1,0,2100000136,0,3,0,2032,1,0,33,36,6630,0,STEADY,678,3.64344,3.88457,0.109086,0.0722714,0.634218,55,34,31,4,0,1,0,80,115,0,0,2,3852470a,0
136,16,14,1,0,2100000136,1,3,0,1836,1,0,13,33,6050,0,STEADY,612,3.59853,3.98608,0.107042,0.0947712,0.607843,71,45,29,3,0,1,0,100,115,0,0,0,3852470a,0
137,17,15,2,0,2100000137,0,0,1,440,1,72,0,6,1360,0,STEADY,147,3.38329,2.02306,0.814252,0.285714,0.190476,0,0,0,2,0,4,0,118,60,24,0,21,3852470a,0
137,17,15,2,0,2100000137,1,0,1,695,1,98,0,9,2020,0,STEADY,232,3.78546,2.55783,0.839849,0.293103,0.310345,0,0,0,2,0,7,0,130,46,36,0,150,3852470a,0
138,18,16,3,0,2100000138,0,1,0,773,1,0,1,15,2550,0,STEADY,258,4.59492,2.19373,0.402957,0.25969,0.313953,137,52,10,5,0,0,0,114,129,0,0,189,3852470a,0
138,18,16,3,0,2100000138,1,1,0,986,1,0,59,19,3070,0,STEADY,329,4.16408,1.60646,0.298043,0.276596,0.182371,113,14,14,5,0,0,0,56,129,0,0,426,3852470a,0
139,19,17,4,0,2100000139,0,2,0,613,1,0,22,12,2170,0,STEADY,205,3.33021,1.82357,0.31822,0.419512,0.356098,31,17,10,0,1,1,0,78,132,0,12,146,3852470a,0
139,19,17,4,0,2100000139,1,2,0,1097,1,0,64,20,3600,0,STEADY,366,3.58037,2.98031,0.181011,0.472678,0.215847,88,10,17,1,1,1,0,60,132,0,22,153,3852470a,0
140,20,18,5,0,2100000140,0,3,0,618,1,0,81,11,2190,0,STEADY,206,5.16686,2.20486,0.401311,0.519417,0.131068,23,3,7,1,1,2,0,48,102,0,38,295,3852470a,0
140,20,18,5,0,2100000140,1,3,0,1117,1,0,20,19,3740,0,STEADY,373,3.85372,3.11399,0.326166,0.479893,0.198391,43,13,13,2,1,3,0,109,102,0,0,262,3852470a,0
141,21,19,0,0,2100000141,0,0,0,2700,3,45,59,48,8220,0,STEADY,900,3.19134,4.5679,0.2544,0.0177778,0.101111,579,58,42,3,3,0,0,73,79,0,0,10,3852470a,0
141,21,19,0,0,2100000141,1,0,0,2700,3,77,89,49,8300,0,STEADY,900,3.08806,4.63261,0.269789,0.00555556,0.0644444,0,0,46,2,1,0,0,43,47,0,0,0,3852470a,0
142,22,20,1,0,2100000142,0,1,0,1956,1,0,22,32,7350,0,STEADY,652,5.5434,5.43117,0.184551,0.254601,0.285276,317,123,7,9,10,0,6,52,175,0,81,142,3852470a,0
142,22,20,1,0,2100000142,1,1,1,841,1,141,0,14,3560,0,STEADY,281,4.82538,2.97757,0.264979,0.220641,0.213523,0,0,2,8,4,0,0,82,34,0,28,103,3852470a,0
143,23,21,2,0,2100000143,0,2,0,2293,1,0,12,45,7000,0,STEADY,765,3.44779,2.65573,0.425399,0.202614,0.075817,96,1,13,32,0,0,0,112,121,16,0,150,3852470a,0
143,23,21,2,0,2100000143,1,2,0,2485,1,0,38,48,7560,0,STEADY,829,3.42261,3.01596,0.492057,0.200241,0.079614,30,0,12,36,0,0,0,86,117,12,0,134,3852470a,0
144,24,22,3,0,2100000144,0,3,0,1682,1,0,49,32,5200,0,STEADY,561,3.00085,2.38314,0.198984,0.368984,0.151515,253,50,18,5,1,7,1,126,125,0,79,0,3852470a,0
144,24,22,3,0,2100000144,1,3,0,2700,3,11,44,50,8120,0,STEADY,900,3.18214,3.36192,0.1385,0.465556,0.288889,176,61,29,10,1,10,0,131,114,0,100,2,3852470a,0
145,25,23,4,0,2100000145,0,0,0,530,1,0,31,12,1900,0,STEADY,177,3.08116,1.54121,0.383729,0.649718,0.0621469,33,0,4,6,2,0,0,88,104,0,36,66,3852470a,0
145,25,23,4,0,2100000145,1,0,0,1049,1,0,55,22,3250,0,STEADY,350,2.98232,2.56988,0.2169,0.662857,0.222857,152,41,11,9,2,0,0,65,104,0,24,113,3852470a,0
146,26,24,5,0,2100000146,0,1,1,1528,1,82,0,29,4780,0,STEADY,510,2.90981,4.99767,0.253569,0.254902,0.252941,0,0,3,26,0,0,0,125,26,0,0,22,3852470a,0
146,26,24,5,0,2100000146,1,1,1,1761,1,40,0,33,5510,0,STEADY,587,2.64524,7.87649,0.240997,0.262351,0.076661,0,0,2,31,0,0,0,125,68,0,0,0,3852470a,0
147,27,25,0,0,2100000147,0,2,0,627,1,0,20,12,2350,0,STEADY,209,4.28572,2.41081,0.325789,0.502392,0.272727,119,43,8,3,1,0,0,84,145,0,0,112,3852470a,0
147,27,25,0,0,2100000147,1,2,1,852,1,24,0,16,3030,0,STEADY,284,3.77598,2.42766,0.265229,0.278169,0.28169,76,21,12,3,1,0,0,104,121,0,0,229,3852470a,0
148,28,26,1,0,2100000148,0,3,1,463,1,23,0,10,1940,0,STEADY,155,4.02245,3.56744,0.343839,0.716129,0.109677,70,11,2,7,1,0,0,108,88,0,0,0,3852470a,0
148,28,26,1,0,2100000148,1,3,1,827,1,24,0,16,3030,0,STEADY,276,5.29299,5.6523,0.21683,0.536232,0.307971,73,31,3,12,1,0,0,108,87,0,0,0,3852470a,0
149,29,27,2,0,2100000149,0,0,0,564,1,0,52,10,2160,0,STEADY,188,5.07493,2.52815,0.378511,0.367021,0.218085,66,10,1,3,6,0,0,93,102,0,66,221,3852470a,0
149,29,27,2,0,2100000149,1,0,0,690,1,0,38,12,2600,0,STEADY,230,5.45127,4.17996,0.325391,0.36087,0.217391,108,25,1,4,7,0,0,107,102,0,51,9,3852470a,0
150,30,28,3,0,2100000150,0,1,0,301,1,0,53,7,1430,0,STEADY,101,6.62643,2.26979,0.49897,0.306931,0.316832,32,22,3,3,0,1,0,58,125,0,20,223,3852470a,0
150,30,28,3,0,2100000150,1,1,0,820,1,0,10,21,2530,0,STEADY,274,5.45667,8.2015,0.245438,0.0875912,0.689781,28,27,17,2,0,2,0,97,125,0,30,0,3852470a,0
151,31,29,4,0,2100000151,0,2,1,900,1,112,0,17,3040,0,STEADY,300,3.68232,2.09777,0.28075,0.643333,0.176667,0,0,1,14,2,0,0,102,38,18,0,126,3852470a,0
151,31,29,4,0,2100000151,1,2,1,2020,1,84,0,39,6130,0,STEADY,674,4.15432,2.03724,0.16701,0.673591,0.12908,0,0,14,23,2,0,0,102,66,18,0,418,3852470a,0
152,32,30,5,0,2100000152,0,3,0,1991,1,0,68,35,6420,0,STEADY,664,2.98565,2.75706,0.162304,0.10994,0.302711,484,170,29,0,5,1,0,57,121,0,0,39,3852470a,0
152,32,30,5,0,2100000152,1,3,0,1488,1,0,57,27,4920,0,STEADY,496,2.80041,2.52564,0.159093,0.0705645,0.407258,131,65,23,0,3,1,0,68,121,0,0,36,3852470a,0
153,33,31,0,0,2100000153,0,0,1,1618,1,93,0,31,5140,0,STEADY,540,3.1621,5.0509,0.211287,0,0.161111,0,0,26,1,4,0,0,141,59,0,0,20,3852470a,0
153,33,31,0,0,2100000153,1,0,1,1879,1,82,0,38,5630,0,STEADY,627,2.97694,2.61952,0.152241,0.0143541,0.076555,0,0,19,1,18,0,0,141,70,0,0,116,3852470a,0
154,34,32,1,0,2100000154,0,1,0,461,1,0,20,10,1770,0,STEADY,154,4.06092,2.25939,0.456494,0.551948,0.181818,67,22,2,6,1,1,0,101,140,0,0,125,3852470a,0
154,34,32,1,0,2100000154,1,1,0,426,1,0,72,9,1750,0,STEADY,142,5.29347,2.27204,0.371972,0.359155,0.352113,68,41,1,5,2,1,0,49,140,0,0,185,3852470a,0
155,35,33,2,0,2100000155,0,2,0,1852,1,0,76,36,5780,0,STEADY,618,3.4183,2.49557,0.120987,0.0177994,0.553398,37,0,24,9,1,2,0,76,110,9,0,158,3852470a,0
155,35,33,2,0,2100000155,1,2,0,1943,1,0,91,37,6080,0,STEADY,648,3.41883,3.44848,0.153318,0.0262346,0.49537,93,42,26,7,1,3,0,61,115,14,10,92,3852470a,0
156,36,34,3,0,2100000156,0,3,0,430,1,0,92,9,1670,0,STEADY,144,4.24536,2.31872,0.345625,0.3125,0.333333,40,30,2,7,0,0,0,48,93,0,0,41,3852470a,0
156,36,34,3,0,2100000156,1,3,0,597,1,0,74,12,2180,0,STEADY,199,4.14801,2.30977,0.27505,0.331658,0.201005,47,31,2,10,0,0,0,66,93,0,0,0,3852470a,0
157,37,35,4,0,2100000157,0,0,1,2321,1,34,0,41,7440,0,STEADY,774,3.71612,4.4394,0.349658,0.0645995,0.244186,37,27,36,4,1,0,0,120,116,0,0,38,3852470a,0
157,37,35,4,0,2100000157,1,0,1,753,1,22,0,15,2750,0,STEADY,251,3.94968,2.23373,0.284243,0.139442,0.438247,73,28,13,2,0,0,0,112,128,0,0,186,3852470a,0
158,38,36,5,0,2100000158,0,1,0,776,1,0,11,14,2500,0,STEADY,259,4.52119,2.0104,0.568938,0.675676,0.0772201,39,12,7,6,0,1,0,82,104,0,0,413,3852470a,0
158,38,36,5,0,2100000158,1,1,0,462,1,0,11,9,1650,0,STEADY,154,5.01364,3.03953,0.517825,0.681818,0.0519481,62,8,4,4,0,1,0,82,104,0,0,0,3852470a,0
159,39,37,0,0,2100000159,0,2,0,2700,3,33,55,44,8880,0,STEADY,900,3.5304,3.11951,0.151528,0.221111,0.0966667,285,12,8,18,1,17,0,95,81,0,39,104,3852470a,0
159,39,37,0,0,2100000159,1,2,0,1610,1,0,132,27,5480,0,STEADY,537,3.83759,3.17933,0.167393,0.193669,0.217877,331,31,5,10,1,11,0,18,114,0,54,171,3852470a,0
160,0,5,2,0,2100000160,0,0,0,2700,3,109,75,47,8390,0,STEADY,900,2.96607,1.93501,0.392667,0.258889,0.294444,0,0,0,43,0,4,0,66,4,0,0,103,3852470a,0
160,0,5,2,0,2100000160,1,0,0,2700,3,25,15,49,8280,0,STEADY,900,3.14839,3.06623,0.125439,0.211111,0.626667,800,511,5,42,0,2,0,126,88,0,0,137,3852470a,0
161,1,6,3,0,2100000161,0,1,0,2273,2,87,29,40,6870,0,STEADY,758,3.69924,2.16753,0.151365,0.708443,0.0989446,0,0,3,32,1,4,0,102,53,4,346,440,3852470a,0
161,1,6,3,0,2100000161,1,1,0,2700,3,91,47,48,8300,0,STEADY,900,3.77068,3.51866,0.211172,0.623333,0.0733333,0,0,4,35,1,8,0,84,59,14,291,0,3852470a,0
162,2,7,4,0,2100000162,0,2,0,574,1,0,9,12,2250,0,STEADY,192,3.5211,2.93608,0.27862,0.59375,0.166667,65,17,3,9,0,0,0,91,94,0,0,0,3852470a,0
162,2,7,4,0,2100000162,1,2,0,540,1,0,47,11,2150,0,STEADY,180,4.12224,4.36076,0.327167,0.616667,0.3,44,29,4,7,0,0,0,53,94,0,0,0,3852470a,0
163,3,8,5,0,2100000163,0,3,0,715,1,0,116,14,2440,0,STEADY,239,3.84384,2.34187,0.288682,0.376569,0.0711297,43,11,12,0,0,2,0,0,106,0,12,58,3852470a,0
163,3,8,5,0,2100000163,1,3,0,619,1,0,94,12,2190,0,STEADY,207,3.96375,3.2468,0.269203,0.338164,0.125604,44,14,9,1,1,1,0,22,106,0,10,0,3852470a,0
164,4,9,0,0,2100000164,0,0,0,1149,1,0,46,24,4190,0,STEADY,383,4.2655,3.69479,0.284397,0.399478,0.527415,178,99,3,17,2,2,0,125,136,13,0,268,3852470a,0
164,4,9,0,0,2100000164,1,0,0,2678,1,0,17,52,9060,0,STEADY,893,4.26764,5.44798,0.171944,0.387458,0.50056,62,28,0,47,1,4,0,134,175,52,0,207,3852470a,0
165,5,10,1,0,2100000165,0,1,0,1290,1,0,33,24,4240,0,STEADY,430,3.92543,5.27402,0.198674,0.437209,0.0674419,174,24,11,6,2,5,0,91,141,0,62,21,3852470a,0
165,5,10,1,0,2100000165,1,1,0,1241,1,0,93,22,4400,0,STEADY,414,3.55193,7.04178,0.234058,0.31401,0.111111,66,10,5,8,2,7,0,31,141,0,60,44,3852470a,0
166,6,11,2,0,2100000166,0,2,0,2204,1,0,83,39,7080,0,STEADY,735,3.55629,4.47791,0.172381,0.00136054,0.438095,70,20,34,0,4,1,0,89,131,0,0,44,3852470a,0
166,6,11,2,0,2100000166,1,2,0,2700,3,28,53,49,8480,0,STEADY,900,3.28695,3.53016,0.156011,0.00888889,0.234444,93,8,47,0,1,1,0,124,103,0,0,24,3852470a,0
167,7,12,3,0,2100000167,0,3,0,388,1,0,51,10,1520,0,STEADY,130,3.41994,2.06438,0.338423,0.292308,0.176923,28,8,6,3,0,1,0,60,100,0,0,143,3852470a,0
167,7,12,3,0,2100000167,1,3,0,307,1,0,71,8,1210,0,STEADY,103,4.77156,3.52935,0.524029,0.330097,0.135922,24,8,3,5,0,0,0,40,100,0,0,31,3852470a,0
168,8,13,4,0,2100000168,0,0,0,514,1,0,13,9,1870,0,STEADY,172,4.70182,2.90305,0.566715,0.331395,0.0872093,90,13,2,3,1,3,0,91,116,0,20,146,3852470a,0
168,8,13,4,0,2100000168,1,0,0,657,1,0,14,12,2430,0,STEADY,219,5.38564,6.4628,0.371918,0.383562,0.00913242,88,0,6,3,0,3,0,90,116,0,30,0,3852470a,0
169,9,14,5,0,2100000169,0,1,1,897,1,41,0,17,2970,0,STEADY,299,3.07069,6.02979,0.335167,0.083612,0.61204,0,0,4,10,3,0,0,113,110,2,0,0,3852470a,0
169,9,14,5,0,2100000169,1,1,1,1039,1,33,0,20,3380,0,STEADY,347,2.85294,7.89556,0.22719,0.0259366,0.717579,154,149,5,12,2,0,1,113,126,10,0,0,3852470a,0
170,10,15,0,0,2100000170,0,2,1,1167,1,100,0,21,3990,0,STEADY,389,6.55453,7.10559,0.384409,0.192802,0.413882,0,0,8,11,2,0,0,118,24,0,0,47,3852470a,0
170,10,15,0,0,2100000170,1,2,1,1152,1,88,0,22,3920,0,STEADY,384,4.70794,5.07074,0.176667,0.078125,0.648438,0,0,17,4,1,0,0,118,36,0,0,46,3852470a,0
171,11,16,1,0,2100000171,0,3,1,1426,1,43,0,25,4720,0,STEADY,476,3.32562,2.25283,0.32896,0.226891,0.0987395,13,0,9,11,0,5,0,115,134,60,25,37,3852470a,0
171,11,16,1,0,2100000171,1,3,1,1993,1,30,0,37,6200,0,STEADY,665,2.67446,1.86545,0.159707,0.0992481,0.112782,18,7,20,10,0,7,0,115,171,84,20,39,3852470a,0
172,12,17,2,0,2100000172,0,0,0,677,1,0,7,13,2660,0,STEADY,226,3.80084,5.36525,0.378429,0.314159,0.367257,19,19,3,3,5,2,0,123,111,0,0,0,3852470a,0
172,12,17,2,0,2100000172,1,0,0,412,1,0,64,10,1820,0,STEADY,138,3.37625,3.87844,0.319493,0.304348,0.413043,26,24,4,1,3,2,0,48,111,0,0,69,3852470a,0
173,13,18,3,0,2100000173,0,1,0,296,1,0,77,6,1280,0,STEADY,99,5.64216,3.08846,0.578384,0.626263,0.0505051,35,5,2,1,2,1,0,52,104,0,0,0,3852470a,0
173,13,18,3,0,2100000173,1,1,0,320,1,0,72,7,1330,0,STEADY,107,5.76747,3.58493,0.546869,0.448598,0.271028,26,12,3,2,2,0,0,57,104,0,0,0,3852470a,0
174,14,19,4,0,2100000174,0,2,1,2700,3,89,32,49,7520,0,STEADY,900,2.37324,4.94098,0.550233,0.0522222,0.0522222,0,0,3,27,3,16,0,100,24,0,18,15,3852470a,0
174,14,19,4,0,2100000174,1,2,0,2700,3,104,23,52,7880,0,STEADY,900,2.34907,4.42301,0.418617,0.05,0.0688889,0,0,2,31,3,16,0,109,9,0,27,0,3852470a,0
175,15,20,5,0,2100000175,0,3,0,2356,1,0,98,37,6630,0,STEADY,786,9.83732,6.15412,0.384866,0.692112,0.225191,675,177,0,28,1,8,0,4,118,0,32,0,3852470a,0
175,15,20,5,0,2100000175,1,3,0,1155,1,0,50,21,3640,0,STEADY,385,3.49323,3.26824,0.272299,0.420779,0.132468,286,51,3,13,1,4,0,44,124,6,43,52,3852470a,0
176,16,21,0,0,2100000176,0,0,1,824,1,115,0,16,3160,0,STEADY,275,4.61462,8.63444,0.165418,0.145455,0.821818,0,0,12,3,0,1,0,124,0,0,0,0,3852470a,0
176,16,21,0,0,2100000176,1,0,1,956,1,115,0,18,3570,0,STEADY,319,5.08015,7.7179,0.153574,0.137931,0.789969,0,0,13,4,0,1,0,124,0,0,0,0,3852470a,0
177,17,22,1,0,2100000177,0,1,1,625,1,12,0,12,2140,0,STEADY,209,3.07868,2.6077,0.476268,0.287081,0.368421,71,40,4,3,0,5,0,175,104,30,0,107,3852470a,0
177,17,22,1,0,2100000177,1,1,1,560,1,8,0,10,2140,0,STEADY,187,3.40988,3.9412,0.460428,0.336898,0.374332,130,65,1,4,0,5,0,175,114,30,0,1,3852470a,0
178,18,23,2,0,2100000178,0,2,0,1655,1,0,83,29,4370,0,STEADY,552,3.19157,2.75053,0.160623,0.0815217,0.478261,344,175,24,5,0,0,0,42,129,0,0,130,3852470a,0
178,18,23,2,0,2100000178,1,2,0,1686,1,0,22,29,4370,0,STEADY,562,3.17333,2.42786,0.163754,0.0836299,0.414591,334,134,24,5,0,0,0,100,129,0,0,199,3852470a,0
179,19,24,3,0,2100000179,0,3,1,862,1,26,0,16,2920,0,STEADY,288,3.11981,2.65922,0.239878,0.430556,0.361111,139,66,13,1,1,1,0,125,106,0,15,3,3852470a,0
179,19,24,3,0,2100000179,1,3,1,2445,2,26,20,44,7570,0,STEADY,815,3.68146,2.66956,0.145258,0.463804,0.304294,157,38,41,0,0,3,0,105,106,0,0,600,3852470a,0
180,20,25,4,0,2100000180,0,0,1,483,1,84,0,9,2010,0,STEADY,161,4.91467,1.9543,0.428292,0.496894,0.26087,0,0,4,2,1,2,0,104,18,0,0,217,3852470a,0
180,20,25,4,0,2100000180,1,0,0,714,1,0,32,14,2700,0,STEADY,238,4.92711,2.85094,0.289538,0.512605,0.180672,27,11,10,1,1,2,0,72,102,0,0,114,3852470a,0
181,21,26,5,0,2100000181,0,1,0,2659,1,0,36,48,8130,0,STEADY,887,2.99252,3.29269,0.225823,0.00450958,0.341601,80,27,45,2,1,0,0,72,124,0,0,47,3852470a,0
181,21,26,5,0,2100000181,1,1,0,2167,1,0,59,40,6820,0,STEADY,723,2.88914,3.68771,0.294523,0.00691563,0.366528,73,29,38,1,1,0,0,49,124,0,0,5,3852470a,0
182,22,27,0,0,2100000182,0,2,1,871,1,78,0,14,3630,0,STEADY,291,4.16261,2.23386,0.275052,0.274914,0.199313,0,0,1,9,4,0,0,145,97,0,62,212,3852470a,0
182,22,27,0,0,2100000182,1,2,1,1513,1,47,0,23,5760,0,STEADY,505,4.31246,4.28358,0.206168,0.213861,0.112871,220,0,4,12,7,0,0,145,128,0,51,159,3852470a,0
183,23,28,1,0,2100000183,0,3,0,497,1,0,19,11,1720,0,STEADY,166,4.18374,3.43508,0.445452,0.246988,0.301205,71,41,3,8,0,0,0,84,119,14,0,0,3852470a,0
183,23,28,1,0,2100000183,1,3,1,1000,1,5,0,21,3240,0,STEADY,334,3.39807,2.80886,0.278488,0.173653,0.230539,129,27,8,12,1,0,0,99,115,15,0,50,3852470a,0
184,24,29,2,0,2100000184,0,0,1,1813,1,49,0,32,5920,0,STEADY,605,3.02664,1.94263,0.188397,0.510744,0.219835,79,2,12,11,1,8,0,102,76,0,40,192,3852470a,0
184,24,29,2,0,2100000184,1,0,0,2596,1,0,20,46,8200,0,STEADY,866,3.00116,1.78286,0.144249,0.37067,0.163972,61,7,20,13,2,11,0,82,125,0,32,245,3852470a,0
185,25,30,3,0,2100000185,0,1,0,1097,1,0,6,20,3520,0,STEADY,366,4.22947,5.81341,0.305519,0.423497,0.18306,146,39,0,16,4,0,0,119,104,0,61,0,3852470a,0
185,25,30,3,0,2100000185,1,1,0,654,1,0,47,13,2270,0,STEADY,218,4.31917,4.5241,0.395528,0.495413,0.183486,118,40,0,11,2,0,0,78,104,0,48,0,3852470a,0
186,26,31,4,0,2100000186,0,2,0,1321,1,0,7,27,4090,0,STEADY,441,2.80474,2.12527,0.198016,0.217687,0.23356,143,34,10,17,0,0,0,125,108,0,0,159,3852470a,0
186,26,31,4,0,2100000186,1,2,0,808,1,0,35,18,2610,0,STEADY,270,3.20214,2.23344,0.228907,0.17037,0.166667,149,30,9,9,0,0,0,106,108,0,0,45,3852470a,0
187,27,32,5,0,2100000187,0,3,0,1232,1,0,19,21,3850,0,STEADY,411,4.00239,2.15428,0.298455,0.450122,0.0729927,166,17,17,4,0,0,0,102,145,0,0,46,3852470a,0
187,27,32,5,0,2100000187,1,3,0,806,1,0,104,14,2590,0,STEADY,269,5.19705,2.54832,0.372249,0.539033,0.0594796,28,0,11,3,0,0,0,17,145,0,0,239,3852470a,0
188,28,33,0,0,2100000188,0,0,0,548,1,0,44,11,2160,0,STEADY,183,3.83696,2.37686,0.308033,0.497268,0.42623,40,24,2,7,1,1,0,108,111,0,0,133,3852470a,0
188,28,33,0,0,2100000188,1,0,1,642,1,59,0,13,2520,0,STEADY,214,4.17442,4.07723,0.244766,0.429907,0.490654,0,0,3,9,1,0,0,152,52,0,0,0,3852470a,0
189,29,34,1,0,2100000189,0,1,0,730,1,0,11,14,2720,0,STEADY,244,3.55886,2.72539,0.332582,0.393443,0.262295,166,48,4,4,6,0,0,129,102,0,70,135,3852470a,0
189,29,34,1,0,2100000189,1,1,0,425,1,0,97,9,1720,0,STEADY,142,4.64408,3.27363,0.465282,0.394366,0.246479,67,22,3,2,4,0,0,43,102,0,45,89,3852470a,0
190,30,35,2,0,2100000190,0,2,1,2144,1,60,0,41,5930,0,STEADY,715,4.62604,4.20942,0.18748,0.116084,0.276923,0,0,31,9,0,1,0,110,65,0,14,101,3852470a,0
190,30,35,2,0,2100000190,1,2,1,2431,1,21,0,55,6390,0,STEADY,811,3.94606,3.28836,0.135756,0.0764488,0.200986,172,45,47,5,0,3,0,110,104,0,14,173,3852470a,0
191,31,36,3,0,2100000191,0,3,0,950,1,0,40,18,2960,0,STEADY,317,4.01207,2.6662,0.349984,0.51735,0.123028,63,15,6,10,2,0,0,53,150,18,0,79,3852470a,0
191,31,36,3,0,2100000191,1,3,1,967,1,15,0,18,3260,0,STEADY,323,4.13097,3.52003,0.37339,0.517028,0.0681115,58,11,0,16,2,0,0,93,135,18,0,0,3852470a,0
192,32,37,4,0,2100000192,0,0,0,848,1,0,42,16,3050,0,STEADY,283,4.97079,4.7118,0.20258,0.151943,0.65371,116,110,12,0,3,1,0,108,121,0,0,147,3852470a,0
192,32,37,4,0,2100000192,1,0,0,1511,1,0,31,28,5020,0,STEADY,504,4.49047,6.59806,0.126657,0.0376984,0.894841,39,39,25,0,2,1,0,119,121,0,0,0,3852470a,0
193,33,38,5,0,2100000193,0,1,0,1000,1,0,34,19,3150,0,STEADY,334,3.33448,5.53924,0.293383,0.0299401,0.0748503,209,5,15,1,3,0,0,70,152,0,0,19,3852470a,0
193,33,38,5,0,2100000193,1,1,0,475,1,0,33,10,1740,0,STEADY,159,3.76352,5.24632,0.454528,0.18239,0.289308,86,46,6,2,2,0,0,71,152,0,0,0,3852470a,0
194,34,39,0,0,2100000194,0,2,1,2689,1,81,0,49,8280,0,STEADY,897,3.33721,2.23569,0.145669,0.469342,0.442586,0,0,7,39,3,0,0,114,59,0,0,150,3852470a,0
194,34,39,0,0,2100000194,1,2,1,2680,1,81,0,50,8150,0,STEADY,894,3.54987,2.26327,0.133501,0.514541,0.383669,0,0,9,40,1,0,0,114,59,0,0,430,3852470a,0
195,35,0,1,0,2100000195,0,3,0,639,1,0,66,14,2160,0,STEADY,213,5.09547,4.75846,0.281995,0.150235,0.352113,29,0,4,7,2,1,0,43,101,0,6,19,3852470a,0
195,35,0,1,0,2100000195,1,3,0,866,1,0,67,19,2960,0,STEADY,289,3.53905,2.60174,0.190484,0.0449827,0.176471,101,43,10,7,1,1,0,42,110,9,9,0,3852470a,0
196,36,1,2,0,2100000196,0,0,0,759,1,0,62,15,2760,0,STEADY,253,3.16062,2.24342,0.250968,0.280632,0.26087,39,23,3,12,0,0,0,74,93,0,0,57,3852470a,0
196,36,1,2,0,2100000196,1,0,0,927,1,0,82,18,3200,0,STEADY,309,3.11425,2.36256,0.186246,0.291262,0.288026,102,43,2,16,0,0,0,54,93,0,0,104,3852470a,0
197,37,2,3,0,2100000197,0,1,0,2088,1,0,3,37,6560,0,STEADY,696,3.21925,3.83309,0.189562,0.0488506,0.215517,456,114,34,2,1,0,0,91,150,0,0,94,3852470a,0
197,37,2,3,0,2100000197,1,1,0,2156,1,0,5,38,6830,0,STEADY,719,3.20122,5.76459,0.490542,0.069541,0.137691,39,15,34,3,1,0,0,89,150,0,0,0,3852470a,0
198,38,3,4,0,2100000198,0,2,0,1103,1,0,21,21,3690,0,STEADY,368,4.07638,2.23449,0.344457,0.720109,0.168478,168,46,11,9,0,1,0,85,104,0,0,87,3852470a,0
198,38,3,4,0,2100000198,1,2,1,526,1,29,0,11,1990,0,STEADY,176,4.64219,2.11934,0.456648,0.721591,0.0909091,71,14,5,5,0,1,0,106,75,0,0,205,3852470a,0
199,39,4,5,0,2100000199,0,3,0,1320,1,0,97,22,4360,0,STEADY,440,4.25738,1.78615,0.318557,0.565909,0.0840909,158,25,5,8,1,8,0,44,114,0,45,460,3852470a,0
199,39,4,5,0,2100000199,1,3,0,602,1,0,69,10,2280,0,STEADY,201,4.54902,4.25198,0.41893,0.39801,0.179104,61,18,0,3,2,5,0,67,114,0,41,0,3852470a,0
200,0,12,1,0,2100000200,0,1,1,240,1,41,0,7,1190,0,STEADY,80,4.09211,3.22978,0.543125,0.35,0.15,4,1,2,4,0,1,0,111,72,0,0,0,3852470a,0
200,0,12,1,0,2100000200,1,1,0,886,1,0,7,20,2900,0,STEADY,296,3.40855,3.27173,0.182128,0.162162,0.665541,106,66,12,7,0,1,0,104,113,0,0,83,3852470a,0
201,1,13,2,0,2100000201,0,2,1,1618,1,26,0,31,5080,0,STEADY,540,5.56526,3.32321,0.175519,0.585185,0.198148,53,0,7,21,1,2,0,104,124,14,269,176,3852470a,0
201,1,13,2,0,2100000201,1,2,1,797,1,49,0,16,2810,0,STEADY,266,4.5101,2.23771,0.291335,0.518797,0.221805,20,9,0,13,0,3,0,104,87,0,121,136,3852470a,0
202,2,14,3,0,2100000202,0,3,0,504,1,0,41,10,1960,0,STEADY,168,3.87331,2.44955,0.393036,0.547619,0.285714,20,13,2,7,1,0,0,72,94,0,0,130,3852470a,0
202,2,14,3,0,2100000202,1,3,0,451,1,0,72,9,1810,0,STEADY,151,5.27417,3.1751,0.486921,0.596026,0.0860927,15,3,4,5,0,0,0,41,94,0,0,0,3852470a,0
203,3,15,4,0,2100000203,0,0,0,1513,1,0,52,28,4870,0,STEADY,505,2.49956,2.90114,0.146545,0.346535,0.0871287,108,18,25,0,1,2,0,66,106,0,0,226,3852470a,0
203,3,15,4,0,2100000203,1,0,0,1201,1,0,46,23,4020,0,STEADY,401,2.86936,2.35584,0.160025,0.321696,0.269327,118,34,20,0,1,2,0,72,106,0,15,189,3852470a,0
204,4,16,5,0,2100000204,0,1,0,692,1,0,90,11,1930,0,STEADY,231,4.94633,4.65494,0.764,0.428571,0.147186,93,22,0,9,0,2,0,25,149,26,0,5,3852470a,0
204,4,16,5,0,2100000204,1,1,0,1187,1,0,85,23,4070,0,STEADY,396,4.33057,1.74884,0.317131,0.54798,0.171717,187,57,0,20,1,2,0,30,149,26,0,308,3852470a,0
205,5,17,0,0,2100000205,0,2,0,1423,1,0,10,29,4440,0,STEADY,475,2.7896,4.34454,0.122874,0.416842,0.322105,90,18,19,3,1,6,0,90,141,0,106,0,3852470a,0
205,5,17,0,0,2100000205,1,2,0,1173,1,0,42,25,3600,0,STEADY,391,2.90338,5.36316,0.125512,0.491049,0.457801,75,36,19,2,1,3,0,72,141,0,44,0,3852470a,0
206,6,18,1,0,2100000206,0,3,0,2700,3,27,97,48,8410,0,STEADY,900,2.51395,2.0615,0.108267,0.01,0.1,445,10,45,0,2,1,0,32,104,0,0,1,3852470a,0
206,6,18,1,0,2100000206,1,3,0,608,1,0,77,12,2290,0,STEADY,203,3.98205,3.22722,0.262685,0.0640394,0.394089,113,51,9,0,2,1,0,52,131,0,0,0,3852470a,0
207,7,19,2,0,2100000207,0,0,1,1603,1,55,0,31,4920,0,STEADY,535,3.769,3.27219,0.246794,0.185047,0.0392523,0,0,7,24,0,0,0,132,45,0,0,187,3852470a,0
207,7,19,2,0,2100000207,1,0,1,2155,1,53,0,43,6360,0,STEADY,719,3.27259,3.91133,0.222288,0.146036,0.0445063,0,0,19,24,0,0,0,132,47,0,0,55,3852470a,0
208,8,20,3,0,2100000208,0,1,1,1258,2,10,42,21,4320,0,STEADY,420,5.2916,2.39202,0.284631,0.388095,0.197619,339,81,10,5,0,6,0,60,106,0,20,600,3852470a,0
208,8,20,3,0,2100000208,1,1,0,709,1,0,67,13,2630,0,STEADY,237,4.43277,3.81986,0.307954,0.316456,0.189873,166,34,3,4,2,4,0,31,116,0,14,0,3852470a,0
209,9,21,4,0,2100000209,0,2,0,1184,1,0,29,20,4080,0,STEADY,395,3.92019,4.0276,0.357684,0.182278,0.18481,39,6,9,7,4,0,0,95,157,8,0,197,3852470a,0
209,9,21,4,0,2100000209,1,2,0,1004,1,0,88,17,3750,0,STEADY,335,4.83689,3.5293,0.406657,0.152239,0.262687,119,33,8,4,5,0,0,36,173,24,0,260,3852470a,0
210,10,22,5,0,2100000210,0,3,1,1791,1,72,0,32,5730,0,STEADY,597,4.89176,4.68346,0.199916,0.0938023,0.482412,0,0,23,7,1,1,0,175,52,0,0,126,3852470a,0
210,10,22,5,0,2100000210,1,3,1,414,1,72,0,8,1540,0,STEADY,138,6.40151,6.00553,0.436232,0.202899,0.384058,0,0,3,4,1,0,0,175,52,0,0,0,3852470a,0
211,11,23,0,0,2100000211,0,0,1,2023,1,103,0,36,6520,0,STEADY,675,2.93577,2.11452,0.200067,0.133333,0.696296,0,0,15,13,0,8,0,118,98,84,40,157,3852470a,0
211,11,23,0,0,2100000211,1,0,1,2166,1,31,0,40,6800,0,STEADY,722,2.74945,2.05958,0.157715,0.121884,0.585873,73,53,21,12,0,7,0,126,158,72,40,221,3852470a,0
212,12,24,1,0,2100000212,0,1,1,2066,1,77,0,36,6610,0,STEADY,689,3.12621,2.57665,0.225087,0.245283,0.150943,0,0,14,6,13,3,0,125,34,0,0,400,3852470a,0
212,12,24,1,0,2100000212,1,1,1,1097,1,52,0,18,3780,0,STEADY,366,3.70265,7.86119,0.283607,0.352459,0.262295,0,0,2,3,9,4,0,125,59,0,0,0,3852470a,0
213,13,25,2,0,2100000213,0,2,0,809,1,0,36,16,2930,0,STEADY,270,4.24752,3.60599,0.224648,0.42963,0.466667,185,122,12,1,3,0,0,68,104,0,0,50,3852470a,0
213,13,25,2,0,2100000213,1,2,0,424,1,0,53,9,1790,0,STEADY,142,4.54772,2.89663,0.328275,0.28169,0.366197,69,37,5,1,2,1,0,51,104,0,0,15,3852470a,0
214,14,26,3,0,2100000214,0,3,0,1692,1,0,32,32,4880,0,STEADY,564,2.44452,2.12872,0.401401,0.0549645,0.129433,269,18,1,19,2,10,0,76,113,0,58,0,3852470a,0
214,14,26,3,0,2100000214,1,3,1,1359,1,51,0,25,3760,0,STEADY,453,2.54297,2.52615,0.605519,0.0419426,0.163355,0,0,1,15,1,8,0,108,62,0,40,0,3852470a,0
215,15,27,4,0,2100000215,0,0,0,1748,1,0,127,31,5640,0,STEADY,583,5.05019,5.11274,0.454983,0.361921,0.166381,396,10,0,21,1,9,0,18,145,27,113,50,3852470a,0
215,15,27,4,0,2100000215,1,0,0,1964,1,0,133,35,6230,0,STEADY,655,5.62516,3.35866,0.19855,0.557252,0.268702,263,82,0,28,1,6,0,12,141,23,113,299,3852470a,0
216,16,28,5,0,2100000216,0,1,0,376,1,0,102,7,1700,0,STEADY,126,7.35382,3.81095,0.545198,0.444444,0.174603,36,11,2,4,0,1,0,9,115,0,0,0,3852470a,0
216,16,28,5,0,2100000216,1,1,0,1226,1,0,40,22,4320,0,STEADY,409,6.46578,6.91073,0.17923,0.134474,0.581907,198,160,16,5,0,1,0,71,115,0,0,82,3852470a,0
217,17,29,0,0,2100000217,0,2,1,545,1,72,0,8,1660,0,STEADY,182,3.81624,2.64197,0.650302,0.21978,0.181319,0,0,1,2,0,5,0,102,62,30,0,57,3852470a,0
217,17,29,0,0,2100000217,1,2,1,905,1,47,0,13,2800,0,STEADY,302,3.73582,4.29347,0.563063,0.311258,0.201987,110,15,1,4,0,8,0,102,93,48,0,83,3852470a,0
218,18,30,1,0,2100000218,0,3,0,469,1,0,65,11,2030,0,STEADY,157,4.98008,2.85628,0.473854,0.292994,0.292994,98,46,6,5,0,0,0,60,129,0,0,0,3852470a,0
218,18,30,1,0,2100000218,1,3,0,511,1,0,70,12,2160,0,STEADY,171,5.12759,2.95501,0.450807,0.28655,0.28655,78,30,7,5,0,0,0,52,129,0,0,0,3852470a,0
219,19,31,2,0,2100000219,0,0,0,698,1,0,30,14,2510,0,STEADY,233,4.03341,2.71823,0.271223,0.472103,0.180258,54,6,12,0,1,1,0,111,132,0,22,104,3852470a,0
219,19,31,2,0,2100000219,1,0,0,2162,1,0,41,39,6850,0,STEADY,721,3.70643,4.22958,0.165603,0.309293,0.31484,263,130,34,0,1,4,0,96,132,0,31,0,3852470a,0
220,20,32,3,0,2100000220,0,1,0,666,1,0,44,12,2360,0,STEADY,222,5.87995,1.60767,0.397635,0.468468,0.283784,56,28,8,1,1,2,0,77,102,0,22,402,3852470a,0
220,20,32,3,0,2100000220,1,1,0,711,1,0,34,13,2530,0,STEADY,237,4.59051,1.99763,0.3223,0.459916,0.244726,39,3,9,1,1,2,0,87,102,0,7,158,3852470a,0
221,21,33,4,0,2100000221,0,2,1,1097,1,110,0,21,3710,0,STEADY,366,4.47394,6.25278,0.223525,0.0163934,0.814208,0,0,19,0,2,0,0,152,14,0,0,11,3852470a,0
221,21,33,4,0,2100000221,1,2,0,1158,1,0,109,22,3880,0,STEADY,386,3.78254,4.7953,0.202319,0.015544,0.588083,57,56,20,0,2,0,0,43,124,0,0,17,3852470a,0
222,22,34,5,0,2100000222,0,3,1,1027,1,20,0,17,4110,0,STEADY,343,3.13609,2.58564,0.267335,0.48688,0.12828,73,4,4,7,5,0,1,140,155,0,112,113,3852470a,0
222,22,34,5,0,2100000222,1,3,1,1381,1,76,0,23,5370,0,STEADY,461,2.70971,3.08297,0.219065,0.119306,0.212581,0,0,7,7,7,0,2,140,99,0,120,91,3852470a,0
223,23,35,0,0,2100000223,0,0,1,2454,1,38,0,43,7160,0,STEADY,818,3.9004,4.89915,0.674523,0.220049,0.105134,34,0,3,40,0,0,0,101,84,17,0,3,3852470a,0
223,23,35,0,0,2100000223,1,0,1,2614,1,9,0,49,7830,0,STEADY,872,3.50424,3.56432,0.468739,0.146789,0.103211,90,10,10,39,0,0,0,122,116,20,0,100,3852470a,0
224,24,36,1,0,2100000224,0,1,0,1100,1,0,15,20,3760,0,STEADY,367,3.5423,2.3603,0.264046,0.485014,0.19346,239,59,7,7,1,5,0,78,125,0,89,207,3852470a,0
224,24,36,1,0,2100000224,1,1,0,1052,1,0,6,20,3560,0,STEADY,351,3.51347,2.19017,0.241368,0.421652,0.330484,198,80,9,5,2,4,0,87,125,0,69,116,3852470a,0
225,25,37,2,0,2100000225,0,2,0,1145,1,0,101,23,3770,0,STEADY,382,4.64673,3.56762,0.456427,0.47644,0.146597,204,46,4,17,2,0,0,49,104,0,24,80,3852470a,0
225,25,37,2,0,2100000225,1,2,0,560,1,0,83,13,1990,0,STEADY,187,3.82636,2.05835,0.294733,0.59893,0.213904,74,26,5,7,1,0,0,67,104,0,2,158,3852470a,0
226,26,38,3,0,2100000226,0,3,0,947,1,0,22,19,3030,0,STEADY,316,3.51445,2.90633,0.264272,0.237342,0.367089,166,51,4,15,0,0,0,82,108,0,0,114,3852470a,0
226,26,38,3,0,2100000226,1,3,1,850,1,20,0,18,2760,0,STEADY,284,3.18657,2.85421,0.375088,0.228873,0.232394,31,11,6,12,0,0,0,104,88,0,0,29,3852470a,0
227,27,39,4,0,2100000227,0,0,1,2700,3,97,57,48,8330,0,STEADY,900,3.57726,2.10253,0.130783,0.487778,0.286667,0,0,46,1,1,0,0,57,48,0,0,395,3852470a,0
227,27,39,4,0,2100000227,1,0,1,932,2,101,111,17,3200,0,STEADY,311,4.88982,2.03469,0.241961,0.524116,0.199357,0,0,13,3,1,0,0,3,44,0,0,600,3852470a,0
228,28,0,5,0,2100000228,0,1,0,643,1,0,26,11,2220,0,STEADY,215,5.65932,2.59566,0.502581,0.693023,0.0976744,55,13,5,6,0,0,0,87,111,0,0,266,3852470a,0
228,28,0,5,0,2100000228,1,1,1,540,1,17,0,10,2010,0,STEADY,180,6.32042,3.65584,0.3835,0.594444,0.155556,39,19,3,6,1,0,0,113,94,0,0,0,3852470a,0
229,29,1,0,0,2100000229,0,2,0,1414,1,0,35,24,4760,0,STEADY,472,3.28564,2.30138,0.263845,0.411017,0.360169,90,30,6,7,11,0,0,115,102,0,56,78,3852470a,0
229,29,1,0,0,2100000229,1,2,0,1398,1,0,27,24,4760,0,STEADY,466,3.64711,2.19909,0.225,0.43133,0.304721,189,66,6,7,11,0,0,109,102,0,71,287,3852470a,0
230,30,2,1,0,2100000230,0,3,1,417,1,94,0,10,1700,0,STEADY,139,5.80445,4.08336,0.412906,0.208633,0.266187,0,0,6,3,0,1,0,94,31,0,0,42,3852470a,0
230,30,2,1,0,2100000230,1,3,1,422,1,95,0,11,1710,0,STEADY,141,5.89478,4.3166,0.415447,0.191489,0.148936,0,0,8,3,0,0,0,94,30,0,0,1,3852470a,0
231,31,3,2,0,2100000231,0,0,0,673,1,0,46,13,2310,0,STEADY,225,3.43524,1.92276,0.590911,0.48,0.24,79,29,0,12,1,0,0,60,141,9,0,106,3852470a,0
231,31,3,2,0,2100000231,1,0,0,373,1,0,61,9,1580,0,STEADY,125,3.95055,2.99011,0.47024,0.472,0.176,40,7,1,7,1,0,0,45,132,0,0,0,3852470a,0
232,32,4,3,0,2100000232,0,1,0,1283,1,0,17,23,4240,0,STEADY,428,4.35381,2.62696,0.174521,0.231308,0.481308,288,164,19,0,3,1,0,119,121,0,0,366,3852470a,0
232,32,4,3,0,2100000232,1,1,1,1870,1,19,0,33,6010,0,STEADY,624,4.23704,2.34615,0.141154,0.166667,0.608974,354,237,28,0,4,1,0,123,102,0,0,461,3852470a,0
233,33,5,4,0,2100000233,0,2,1,2014,1,95,0,42,5830,0,STEADY,672,2.50041,3.32518,0.126756,0.0252976,0.0238095,0,0,11,2,29,0,0,141,57,0,0,70,3852470a,0
233,33,5,4,0,2100000233,1,2,1,1666,1,71,0,36,4890,0,STEADY,556,2.52004,4.30589,0.169892,0.0233813,0.127698,0,0,9,1,26,0,0,141,81,0,0,31,3852470a,0
234,34,6,5,0,2100000234,0,3,1,873,1,22,0,16,2890,0,STEADY,291,3.89906,1.80109,0.360653,0.61512,0.137457,57,11,0,14,1,1,0,131,118,0,0,61,3852470a,0
234,34,6,5,0,2100000234,1,3,0,743,1,0,107,15,2550,0,STEADY,248,5.51896,2.67224,0.298185,0.762097,0.00806452,78,2,4,9,2,0,0,24,140,0,0,19,3852470a,0
235,35,7,0,0,2100000235,0,0,1,834,1,71,0,18,2890,0,STEADY,278,3.29932,5.87601,0.183183,0.0323741,0.809353,0,0,11,5,1,1,0,100,30,0,0,0,3852470a,0
235,35,7,0,0,2100000235,1,0,0,780,1,0,11,17,2620,0,STEADY,260,3.08935,7.5895,0.197038,0.0653846,0.815385,123,117,8,7,1,1,0,89,101,0,10,0,3852470a,0
236,36,8,1,0,2100000236,0,1,1,950,1,3,0,18,3270,0,STEADY,317,3.4044,1.96242,0.258738,0.157729,0.312303,31,16,3,15,0,0,0,116,90,0,0,82,3852470a,0
236,36,8,1,0,2100000236,1,1,0,473,1,0,54,10,1840,0,STEADY,158,4.01842,2.42326,0.302278,0.291139,0.341772,85,43,2,8,0,0,0,62,93,0,0,118,3852470a,0
237,37,9,2,0,2100000237,0,2,0,2700,3,109,48,47,8760,0,STEADY,900,3.54655,3.21157,0.309094,0.0666667,0.174444,0,0,39,7,1,0,0,107,41,0,0,33,3852470a,0
237,37,9,2,0,2100000237,1,2,0,2700,3,96,36,47,8660,0,STEADY,900,3.81622,3.71958,0.242911,0.0644444,0.336667,0,0,40,6,1,0,0,131,54,0,0,51,3852470a,0
238,38,10,3,0,2100000238,0,3,0,348,1,0,52,7,1360,0,STEADY,116,4.81012,3.00157,0.551293,0.62069,0,17,0,3,2,1,1,0,72,104,0,0,0,3852470a,0
238,38,10,3,0,2100000238,1,3,0,499,1,0,13,10,1870,0,STEADY,167,4.00696,2.77382,0.383084,0.622754,0.167665,59,18,4,4,1,1,0,111,104,0,0,0,3852470a,0
239,39,11,4,0,2100000239,0,0,0,1726,1,0,79,28,5920,0,STEADY,576,3.09129,4.88374,0.19342,0.229167,0.109375,95,4,3,11,2,12,0,110,114,0,93,81,3852470a,0
239,39,11,4,0,2100000239,1,0,0,1801,1,0,7,30,6040,0,STEADY,601,2.96294,3.36814,0.183303,0.257903,0.171381,137,31,6,11,1,12,0,158,114,0,106,112,3852470a,0
240,0,19,0,1,2100000240,0,2,1,840,1,53,0,15,2700,0,STEADY,280,5.31297,2.94851,0.24925,0.278571,0.278571,0,0,1,12,0,2,0,132,60,0,0,272,3852470a,0
240,0,19,0,1,2100000240,1,2,1,733,1,64,0,13,2510,0,STEADY,245,4.86988,2.97461,0.413878,0.253061,0.2,0,0,0,10,0,3,0,132,49,0,0,86,3852470a,0
241,1,20,1,1,2100000241,0,3,1,763,2,128,86,14,2700,0,STEADY,255,6.77386,1.57926,0.451255,0.486275,0.25098,0,0,0,8,2,4,0,0,24,16,14,600,3852470a,0
241,1,20,1,1,2100000241,1,3,0,1861,1,0,6,36,5680,0,STEADY,621,3.5332,2.00197,0.130741,0.640902,0.201288,380,77,12,21,1,2,0,88,150,14,183,6,3852470a,0
242,2,21,2,1,2100000242,0,0,1,902,1,64,0,17,3170,0,STEADY,301,4.22913,3.93384,0.217176,0.471761,0.498339,0,0,4,13,0,0,0,124,30,0,0,4,3852470a,0
242,2,21,2,1,2100000242,1,0,1,1067,1,79,0,20,3680,0,STEADY,356,4.20744,6.36244,0.183216,0.379213,0.603933,0,0,4,16,0,0,0,124,15,0,0,0,3852470a,0
243,3,22,3,1,2100000243,0,1,0,951,1,0,120,19,3310,0,STEADY,317,3.13735,2.1153,0.216293,0.378549,0.350158,113,62,17,0,1,1,0,55,106,0,0,0,3852470a,0
243,3,22,3,1,2100000243,1,1,0,607,1,0,112,12,2190,0,STEADY,203,3.43302,5.28655,0.26766,0.285714,0.334975,68,34,9,1,1,1,0,63,106,0,15,0,3852470a,0
244,4,23,4,1,2100000244,0,2,0,686,1,0,98,15,2680,0,STEADY,229,3.32492,1.53183,0.29007,0.497817,0.327511,61,26,0,13,1,1,0,25,123,0,0,102,3852470a,0
244,4,23,4,1,2100000244,1,2,0,1082,1,0,76,22,3800,0,STEADY,361,3.95098,2.1278,0.23656,0.645429,0.188366,155,32,2,17,1,2,0,46,148,25,0,335,3852470a,0
245,5,24,5,1,2100000245,0,3,1,904,1,68,0,17,3080,0,STEADY,302,2.75914,4.64777,0.332533,0.370861,0.162252,0,0,7,4,2,4,0,125,73,0,46,0,3852470a,0
245,5,24,5,1,2100000245,1,3,1,733,1,81,0,15,2560,0,STEADY,245,2.86095,3.23462,0.325082,0.42449,0.163265,0,0,8,3,2,2,0,125,60,0,36,26,3852470a,0
246,6,25,0,1,2100000246,0,0,1,881,1,19,0,17,3140,0,STEADY,294,3.37825,2.57471,0.200646,0.0578231,0.496599,75,38,14,0,2,1,0,104,112,0,0,102,3852470a,0
246,6,25,0,1,2100000246,1,0,1,643,1,16,0,13,2460,0,STEADY,215,3.26431,2.942,0.23914,0.0744186,0.562791,75,52,10,0,2,1,0,104,115,0,0,0,3852470a,0
247,7,26,1,1,2100000247,0,1,0,1007,1,0,78,20,3320,0,STEADY,336,3.14177,1.95929,0.201696,0.157738,0.214286,188,25,4,15,0,1,0,30,100,0,0,115,3852470a,0
247,7,26,1,1,2100000247,1,1,0,1177,1,0,28,26,3570,0,STEADY,393,3.00009,1.75238,0.173562,0.0559796,0.24173,227,58,17,9,0,0,0,80,100,0,0,155,3852470a,0
248,8,27,2,1,2100000248,0,2,0,1966,1,0,41,35,6470,0,STEADY,656,3.83535,2.54748,0.312889,0.321646,0.140244,144,43,13,9,7,6,0,104,116,0,10,180,3852470a,0
248,8,27,2,1,2100000248,1,2,1,2269,1,42,0,40,7530,0,STEADY,757,4.44634,4.15638,0.195178,0.221929,0.129458,81,26,13,11,8,8,0,145,74,0,24,16,3852470a,0
249,9,28,3,1,2100000249,0,3,0,433,1,0,84,7,1620,0,STEADY,145,5.55952,1.728,0.602759,0.22069,0.337931,72,38,4,1,2,0,0,27,149,0,0,360,3852470a,0
249,9,28,3,1,2100000249,1,3,0,389,1,0,34,7,1620,0,STEADY,130,3.4865,2.99401,0.648192,0.161538,0.2,17,7,3,1,2,1,0,73,149,0,0,0,3852470a,0
250,10,29,4,1,2100000250,0,0,0,1780,1,0,44,33,5770,0,STEADY,594,3.3424,2.36311,0.126995,0.0959596,0.46633,62,34,29,3,1,0,0,58,124,0,0,349,3852470a,0
250,10,29,4,1,2100000250,1,0,1,2700,3,49,9,48,8500,0,STEADY,900,6.09356,4.71057,0.153483,0.147778,0.47,154,86,35,12,1,0,0,93,75,0,0,204,3852470a,0
251,11,30,5,1,2100000251,0,1,1,2143,1,35,0,37,6840,0,STEADY,715,2.93751,3.69664,0.23107,0.237762,0.327273,2,0,14,14,0,8,1,125,166,84,50,0,3852470a,0
251,11,30,5,1,2100000251,1,1,0,510,1,0,89,10,1960,0,STEADY,170,4.68248,4.33672,0.459824,0.341176,0.435294,76,43,3,5,0,2,0,36,129,12,17,0,3852470a,0
252,12,31,0,1,2100000252,0,2,1,662,1,37,0,12,2540,0,STEADY,221,3.71856,5.81105,0.324027,0.393665,0.294118,103,47,2,3,5,2,0,141,74,0,0,0,3852470a,0
252,12,31,0,1,2100000252,1,2,0,718,1,0,12,14,2730,0,STEADY,240,4.50174,2.54883,0.311583,0.308333,0.270833,143,45,4,2,5,3,0,120,111,0,0,187,3852470a,0
253,13,32,1,1,2100000253,0,3,0,520,1,0,53,11,2150,0,STEADY,174,4.7465,3.584,0.346207,0.643678,0.0402299,122,7,7,0,4,0,0,68,104,0,0,0,3852470a,0
253,13,32,1,1,2100000253,1,3,0,522,1,0,46,11,2080,0,STEADY,174,5.40704,3.98706,0.315144,0.58046,0.103448,116,18,7,1,3,0,0,75,104,0,0,0,3852470a,0
254,14,33,2,1,2100000254,0,0,0,1697,1,0,43,33,5240,0,STEADY,566,2.74801,3.1398,0.482686,0.0477032,0.254417,68,20,1,18,4,10,0,109,113,0,48,92,3852470a,0
254,14,33,2,1,2100000254,1,0,0,1192,1,0,98,24,3680,0,STEADY,398,2.94686,2.72797,0.669837,0.0427136,0.236181,122,29,1,14,2,7,0,54,113,0,76,83,3852470a,0
255,15,34,3,1,2100000255,0,1,0,635,1,0,108,12,2150,0,STEADY,212,4.99222,3.88091,0.361156,0.674528,0.0424528,30,3,1,8,1,2,0,32,118,0,28,0,3852470a,0
255,15,34,3,1,2100000255,1,1,0,766,1,0,128,14,2540,0,STEADY,256,5.8831,4.10399,0.275684,0.707031,0.0390625,97,6,0,11,1,2,0,12,122,4,34,0,3852470a,0
256,16,35,4,1,2100000256,0,2,0,2284,1,0,20,41,7550,0,STEADY,762,3.96981,3.6009,0.102539,0.107612,0.32021,73,16,35,5,0,1,0,90,115,0,0,187,3852470a,0
256,16,35,4,1,2100000256,1,2,1,942,1,101,0,18,3500,0,STEADY,314,5.69431,6.30704,0.154315,0.130573,0.754777,0,0,14,3,0,1,0,110,14,0,0,0,3852470a,0
257,17,36,5,1,2100000257,0,3,1,356,1,81,0,5,1140,0,STEADY,119,4.12435,4.04079,0.802227,0.277311,0.0336134,0,0,0,2,0,3,0,93,45,18,0,0,3852470a,0
257,17,36,5,1,2100000257,1,3,1,389,1,46,0,6,1220,0,STEADY,130,4.22445,3.51341,0.790192,0.253846,0.1,12,3,1,2,0,3,0,93,76,18,0,0,3852470a,0
258,18,37,0,1,2100000258,0,0,1,2700,3,40,8,44,6320,0,STEADY,900,3.42678,3.08781,0.122859,0.0633333,0.328889,43,0,39,5,0,0,0,142,89,0,0,166,3852470a,0
258,18,37,0,1,2100000258,1,0,0,982,1,0,32,19,3070,0,STEADY,328,3.93419,2.33754,0.250851,0.0945122,0.493902,57,22,14,5,0,0,0,118,129,0,0,204,3852470a,0
259,19,38,1,1,2100000259,0,1,0,644,1,0,11,13,2340,0,STEADY,215,4.49314,2.37109,0.283791,0.437209,0.209302,81,24,11,0,1,1,0,93,132,0,20,106,3852470a,0
259,19,38,1,1,2100000259,1,1,0,412,1,0,71,9,1660,0,STEADY,138,6.58774,3.07003,0.385978,0.478261,0.152174,21,10,7,0,1,1,0,33,132,0,22,116,3852470a,0
260,20,39,2,1,2100000260,0,2,0,2700,3,55,36,46,8680,0,STEADY,900,4.30093,4.99484,0.123672,0.442222,0.378889,0,0,35,3,2,6,0,78,47,0,0,82,3852470a,0
260,20,39,2,1,2100000260,1,2,1,2700,3,33,67,48,8480,0,STEADY,900,4.07856,3.69517,0.100978,0.46,0.348889,612,195,44,1,1,2,0,47,69,0,22,403,3852470a,0
261,21,0,3,1,2100000261,0,3,0,1200,1,0,32,23,3880,0,STEADY,400,3.34028,3.04794,0.241188,0.0625,0.35,72,11,20,2,1,0,0,81,124,0,0,102,3852470a,0
261,21,0,3,1,2100000261,1,3,1,424,1,82,0,9,1620,0,STEADY,142,3.38861,3.18359,0.465775,0.0422535,0.316901,0,0,6,1,2,0,0,113,42,0,0,0,3852470a,0
262,22,1,4,1,2100000262,0,0,1,712,1,95,0,13,3040,0,STEADY,238,3.04841,1.94046,0.33342,0.268908,0.134454,0,0,4,4,4,0,1,136,80,0,70,131,3852470a,0
262,22,1,4,1,2100000262,1,0,0,994,1,0,38,17,4060,0,STEADY,332,2.78024,3.46215,0.233627,0.240964,0.129518,72,20,6,6,5,0,0,98,175,0,71,66,3852470a,0
263,23,2,5,1,2100000263,0,1,1,1269,1,22,0,23,3810,0,STEADY,423,3.47174,7.34749,0.406548,0.248227,0.0283688,205,0,2,21,0,0,0,94,97,14,0,0,3852470a,0
263,23,2,5,1,2100000263,1,1,0,1478,1,0,22,27,4590,0,STEADY,493,3.93463,5.81323,0.45359,0.273834,0.010142,195,0,0,27,0,0,0,72,117,12,0,0,3852470a,0
264,24,3,0,1,2100000264,0,2,1,637,1,30,0,12,2400,0,STEADY,213,3.89819,2.45852,0.446831,0.455399,0.187793,34,17,3,5,1,3,0,106,95,0,37,156,3852470a,0
264,24,3,0,1,2100000264,1,2,0,915,1,0,34,17,3160,0,STEADY,305,3.53457,2.67824,0.248197,0.4,0.298361,42,22,6,4,2,4,1,66,125,0,51,196,3852470a,0
265,25,4,1,1,2100000265,0,3,0,466,1,0,39,10,1710,0,STEADY,156,3.56015,2.73541,0.455737,0.467949,0.0641026,56,7,1,7,2,0,0,84,104,0,33,4,3852470a,0
265,25,4,1,1,2100000265,1,3,0,574,1,0,81,11,1930,0,STEADY,192,4.61313,2.64114,0.438932,0.526042,0.0520833,35,1,0,9,2,0,0,42,104,0,26,0,3852470a,0
266,26,5,2,1,2100000266,0,0,0,2650,1,0,32,51,7970,0,STEADY,884,2.5331,2.41059,0.21914,0.191176,0.175339,28,4,14,37,0,0,0,109,108,0,0,94,3852470a,0
266,26,5,2,1,2100000266,1,0,1,2404,1,33,0,47,7240,0,STEADY,802,2.66537,2.70732,0.194352,0.185786,0.15586,6,0,15,32,0,0,0,141,75,0,0,144,3852470a,0
267,27,6,3,1,2100000267,0,1,0,849,1,0,88,16,2890,0,STEADY,283,4.2271,2.51028,0.283657,0.579505,0.144876,76,18,14,1,1,0,0,43,145,0,0,197,3852470a,0
267,27,6,3,1,2100000267,1,1,0,684,1,0,97,13,2420,0,STEADY,228,5.12637,2.5155,0.345724,0.679825,0.114035,87,18,10,3,0,0,0,34,145,0,0,148,3852470a,0
268,28,7,4,1,2100000268,0,2,1,539,1,39,0,11,2180,0,STEADY,180,3.71156,3.79127,0.307694,0.583333,0.355556,18,12,3,7,1,0,0,100,72,0,0,0,3852470a,0
268,28,7,4,1,2100000268,1,2,1,390,1,59,0,8,1670,0,STEADY,130,4.53067,4.28012,0.393269,0.646154,0.276923,0,0,3,4,1,0,0,100,52,0,0,0,3852470a,0
269,29,8,5,1,2100000269,0,3,1,718,1,19,0,13,2520,0,STEADY,240,3.6381,3.27417,0.468104,0.329167,0.129167,20,11,4,3,6,0,0,116,83,0,47,22,3852470a,0
269,29,8,5,1,2100000269,1,3,1,845,1,40,0,14,3040,0,STEADY,282,5.14836,4.29087,0.324716,0.478723,0.035461,57,2,1,5,8,0,0,116,62,0,72,0,3852470a,0
270,30,9,0,1,2100000270,0,0,1,1927,1,89,0,49,5050,0,STEADY,643,4.09709,2.43698,0.121233,0.0326594,0.620529,0,0,45,2,0,2,0,169,36,0,14,189,3852470a,0
270,30,9,0,1,2100000270,1,0,1,1360,1,101,0,34,3860,0,STEADY,454,4.45195,3.98794,0.138819,0.0550661,0.746696,0,0,30,3,0,1,0,159,24,0,0,145,3852470a,0
271,31,10,1,1,2100000271,0,1,0,759,1,0,57,16,2570,0,STEADY,253,3.91984,2.21248,0.248103,0.521739,0.272727,100,56,7,7,2,0,0,67,150,18,0,142,3852470a,0
271,31,10,1,1,2100000271,1,1,0,372,1,0,97,8,1560,0,STEADY,124,5.23961,3.78096,0.452903,0.596774,0.0887097,42,4,0,6,2,0,0,27,141,9,0,0,3852470a,0
272,32,11,2,1,2100000272,0,2,1,1359,1,77,0,25,4580,0,STEADY,453,4.42621,5.5617,0.144691,0.0662252,0.84989,0,0,21,0,3,1,0,141,44,0,0,72,3852470a,0
272,32,11,2,1,2100000272,1,2,0,1651,1,0,102,30,5430,0,STEADY,551,3.88301,2.26419,0.132858,0.0580762,0.515426,469,273,26,0,3,1,0,51,121,0,0,349,3852470a,0
273,33,12,3,1,2100000273,0,3,1,469,1,41,0,11,1760,0,STEADY,157,3.60465,2.05494,0.38707,0.191083,0.261146,42,23,4,2,5,0,0,111,111,0,0,1,3852470a,0
273,33,12,3,1,2100000273,1,3,0,740,1,0,6,16,2360,0,STEADY,247,3.36281,2.17444,0.259696,0.226721,0.222672,130,50,4,2,10,0,0,105,152,0,0,0,3852470a,0
274,34,13,4,1,2100000274,0,0,0,448,1,0,7,9,1600,0,STEADY,150,5.26831,2.11468,0.5828,0.626667,0.0533333,45,8,2,5,1,1,0,97,140,0,0,265,3852470a,0
274,34,13,4,1,2100000274,1,0,1,1286,2,64,31,25,4200,0,STEADY,429,5.91197,3.12234,0.323415,0.477855,0.0862471,0,0,3,21,1,0,0,73,76,0,0,600,3852470a,0
275,35,14,5,1,2100000275,0,1,1,973,1,73,0,20,3180,0,STEADY,325,2.60902,5.42374,0.235262,0.0492308,0.701538,0,0,10,7,2,1,0,113,28,0,10,6,3852470a,0
275,35,14,5,1,2100000275,1,1,1,937,1,57,0,20,3030,0,STEADY,313,2.84763,6.32693,0.193642,0.028754,0.747604,0,0,9,9,1,1,0,113,44,0,0,0,3852470a,0
276,36,15,0,1,2100000276,0,2,1,1158,1,29,0,22,3880,0,STEADY,386,3.06392,1.88743,0.154145,0.212435,0.38601,54,39,2,20,0,0,0,151,64,0,0,132,3852470a,0
276,36,15,0,1,2100000276,1,2,1,806,1,19,0,16,2860,0,STEADY,269,3.67322,2.54356,0.191933,0.412639,0.319703,53,8,2,14,0,0,0,139,74,0,0,61,3852470a,0
277,37,16,1,1,2100000277,0,3,0,589,1,0,60,11,2140,0,STEADY,197,3.13701,3.05497,0.342234,0.126904,0.152284,59,6,8,2,1,0,0,55,150,0,0,15,3852470a,0
277,37,16,1,1,2100000277,1,3,1,783,1,26,0,15,2820,0,STEADY,261,4.18184,2.61992,0.24228,0.091954,0.187739,35,0,12,2,1,0,0,115,124,0,0,3,3852470a,0
278,38,17,2,1,2100000278,0,0,0,352,1,0,65,8,1530,0,STEADY,118,3.51678,3.43529,0.537924,0.661017,0.118644,30,4,4,2,1,1,0,51,104,0,0,0,3852470a,0
278,38,17,2,1,2100000278,1,0,0,521,1,0,11,11,1990,0,STEADY,174,3.28813,4.75606,0.396034,0.626437,0.252874,87,33,5,5,0,1,0,117,104,0,0,0,3852470a,0
279,39,18,3,1,2100000279,0,1,1,1483,1,21,0,25,4920,0,STEADY,495,3.34349,2.73745,0.223313,0.220202,0.161616,410,77,6,9,2,8,0,129,93,0,69,113,3852470a,0
279,39,18,3,1,2100000279,1,1,1,1142,1,23,0,19,4040,0,STEADY,381,3.62378,2.75293,0.234042,0.309711,0.254593,123,52,2,7,2,8,0,129,91,0,47,113,3852470a,0
280,0,26,5,1,2100000280,0,3,0,745,1,0,20,15,2550,0,STEADY,249,3.64037,4.84522,0.327711,0.273092,0.337349,28,7,4,9,0,2,0,88,113,0,0,0,3852470a,0
280,0,26,5,1,2100000280,1,3,1,1327,1,89,0,26,4120,0,STEADY,443,3.13257,2.68708,0.189684,0.230248,0.24605,0,0,10,14,0,2,0,108,24,0,0,144,3852470a,0
281,1,27,0,1,2100000281,0,0,1,1942,1,40,0,35,6100,0,STEADY,648,4.02711,2.42686,0.177809,0.558642,0.270062,51,3,0,30,0,5,0,145,96,0,162,147,3852470a,0
281,1,27,0,1,2100000281,1,0,1,2700,3,66,28,49,8310,0,STEADY,900,3.49809,2.16187,0.134983,0.61,0.251111,0,0,6,36,1,6,0,117,84,14,256,146,3852470a,0
282,2,28,1,1,2100000282,0,1,1,225,1,20,0,5,1060,0,STEADY,75,8.56194,3.09125,0.716133,0.626667,0,3,0,3,2,0,0,0,103,74,0,0,26,3852470a,0
282,2,28,1,1,2100000282,1,1,0,214,1,0,99,5,1060,0,STEADY,72,9.71128,4.23768,0.69375,0.625,0,19,0,3,2,0,0,0,0,94,0,0,0,3852470a,0
283,3,29,2,1,2100000283,0,2,0,2065,1,0,80,38,6570,0,STEADY,689,3.21997,2.58158,0.150363,0.251089,0.134978,468,59,35,0,1,2,0,22,106,0,15,198,3852470a,0
283,3,29,2,1,2100000283,1,2,0,1825,1,0,46,34,5890,0,STEADY,609,3.14273,2.25738,0.127545,0.287356,0.123153,138,15,31,0,1,2,0,56,106,0,15,299,3852470a,0
284,4,30,3,1,2100000284,0,3,0,727,1,0,84,15,2710,0,STEADY,243,3.82186,2.59163,0.331062,0.567901,0.17284,52,9,0,12,1,2,0,41,136,13,0,106,3852470a,0
284,4,30,3,1,2100000284,1,3,0,852,1,0,19,17,3000,0,STEADY,284,3.74057,2.88844,0.30293,0.485915,0.228873,100,30,1,13,1,2,0,106,136,13,0,6,3852470a,0
285,5,31,4,1,2100000285,0,0,1,694,1,21,0,15,2440,0,STEADY,232,2.99412,2.32429,0.316789,0.534483,0.0603448,47,2,9,2,2,2,0,141,120,0,19,77,3852470a,0
285,5,31,4,1,2100000285,1,0,1,511,1,45,0,12,1960,0,STEADY,171,3.11958,2.20348,0.297456,0.473684,0.140351,11,0,7,2,1,2,0,141,96,0,31,70,3852470a,0
286,6,32,5,1,2100000286,0,1,0,1040,1,0,70,18,3310,0,STEADY,347,4.54074,4.7783,0.255562,0.0461095,0.371758,138,48,15,0,2,1,0,51,131,0,0,19,3852470a,0
286,6,32,5,1,2100000286,1,1,1,2700,3,8,25,47,8240,0,STEADY,900,2.34979,2.50333,0.120572,0.0455556,0.2,130,26,44,0,2,1,0,96,123,0,0,211,3852470a,0
287,7,33,0,1,2100000287,0,2,0,1198,1,0,92,25,3770,0,STEADY,400,3.56367,5.46073,0.178288,0.1675,0.5175,85,36,12,12,0,1,0,60,100,0,0,22,3852470a,0
287,7,33,0,1,2100000287,1,2,0,844,1,0,122,19,2800,0,STEADY,282,3.42892,2.5631,0.210177,0.120567,0.41844,108,26,11,7,0,1,0,30,100,0,0,151,3852470a,0
288,8,34,1,1,2100000288,0,3,0,1053,1,0,26,19,3690,0,STEADY,351,5.89828,2.38312,0.211966,0.481481,0.247863,94,32,13,2,0,4,0,114,116,0,20,517,3852470a,0
288,8,34,1,1,2100000288,1,3,0,960,1,0,23,18,3380,0,STEADY,320,5.61518,2.65591,0.224563,0.403125,0.309375,217,79,9,4,2,3,0,117,116,0,24,415,3852470a,0
289,9,35,2,1,2100000289,0,0,0,1632,1,0,41,23,5370,0,STEADY,544,4.57004,4.96509,0.556664,0.139706,0.229779,153,74,13,3,7,0,0,87,161,12,0,131,3852470a,0
289,9,35,2,1,2100000289,1,0,0,1840,1,0,23,32,6120,0,STEADY,614,3.65336,2.81209,0.268591,0.0765472,0.301303,52,2,14,14,4,0,0,99,161,12,0,208,3852470a,0
290,10,36,3,1,2100000290,0,1,0,1529,1,0,10,29,4990,0,STEADY,510,3.91554,2.84471,0.159461,0.105882,0.55098,187,136,26,3,0,0,0,83,124,0,0,265,3852470a,0
290,10,36,3,1,2100000290,1,1,1,1214,1,46,0,23,4070,0,STEADY,405,4.24993,10.5475,0.160691,0.540741,0.360494,17,0,19,3,1,0,0,93,78,0,0,1,3852470a,0
291,11,37,4,1,2100000291,0,2,1,1756,1,18,0,35,5440,0,STEADY,586,2.78117,1.34703,0.149241,0.319113,0.279863,225,93,23,7,0,5,0,150,147,48,20,147,3852470a,0
291,11,37,4,1,2100000291,1,2,1,2695,1,34,0,53,7960,0,STEADY,899,3.10215,1.60335,0.119889,0.294772,0.189099,45,2,37,7,1,8,0,150,179,96,34,320,3852470a,0
292,12,38,5,1,2100000292,0,3,0,535,1,0,80,11,1990,0,STEADY,179,3.50102,3.62133,0.460223,0.374302,0.117318,30,1,5,2,3,1,0,24,111,0,0,29,3852470a,0
292,12,38,5,1,2100000292,1,3,0,494,1,0,32,10,1750,0,STEADY,165,3.67355,4.92071,0.372909,0.345455,0.290909,66,47,5,1,2,2,0,72,111,0,0,0,3852470a,0
293,13,39,0,1,2100000293,0,0,1,1198,1,86,0,22,4090,0,STEADY,400,4.05974,4.94115,0.189475,0.375,0.5725,0,0,17,0,5,0,0,114,18,0,0,123,3852470a,0
293,13,39,0,1,2100000293,1,0,1,1269,1,68,0,24,4290,0,STEADY,423,3.68092,4.29672,0.160319,0.371158,0.451537,0,0,20,1,3,0,0,114,36,0,0,0,3852470a,0
294,14,0,1,1,2100000294,0,1,1,843,1,76,0,17,2560,0,STEADY,281,2.73649,3.23995,0.666512,0.0462633,0.0711744,0,0,1,10,1,5,0,109,37,0,34,78,3852470a,0
294,14,0,1,1,2100000294,1,1,0,840,1,0,25,16,2440,0,STEADY,280,2.77502,6.9428,0.480929,0.0464286,0.0178571,111,4,0,10,1,5,0,88,113,0,46,0,3852470a,0
295,15,1,2,1,2100000295,0,2,0,1474,1,0,30,27,4870,0,STEADY,492,3.13672,1.6422,0.256758,0.485772,0.199187,43,17,2,17,2,6,0,106,118,0,66,143,3852470a,0
295,15,1,2,1,2100000295,1,2,0,1348,1,0,74,26,4410,0,STEADY,450,3.22749,2.92529,0.146467,0.657778,0.175556,193,26,4,18,1,3,0,62,129,11,46,157,3852470a,0
296,16,2,3,1,2100000296,0,3,1,1154,1,49,0,21,4150,0,STEADY,385,5.10995,4.45939,0.196026,0.158442,0.405195,0,0,15,5,0,1,0,94,66,0,0,2,3852470a,0
296,16,2,3,1,2100000296,1,3,1,1189,1,82,0,22,4250,0,STEADY,397,5.30872,4.64646,0.180831,0.123426,0.433249,0,0,17,4,0,1,0,94,33,0,0,1,3852470a,0
297,17,3,4,1,2100000297,0,0,1,491,1,29,0,9,1920,0,STEADY,164,3.36175,3.63312,0.570762,0.365854,0.20122,44,19,1,4,0,4,0,106,81,18,0,41,3852470a,0
297,17,3,4,1,2100000297,1,0,1,270,1,50,0,5,1000,0,STEADY,90,3.88672,3.61879,0.756333,0.4,0.0888889,0,0,1,2,0,2,0,106,60,6,0,0,3852470a,0
298,18,4,5,1,2100000298,0,1,1,549,1,86,0,12,2160,0,STEADY,183,5.64417,3.38477,0.48682,0.47541,0.289617,0,0,7,5,0,0,0,136,43,0,0,0,3852470a,0
298,18,4,5,1,2100000298,1,1,0,946,1,0,84,18,2940,0,STEADY,316,4.27442,5.39402,0.311851,0.221519,0.212025,193,45,13,5,0,0,0,52,129,0,0,0,3852470a,0
299,19,5,0,1,2100000299,0,2,0,2473,1,0,69,44,7640,0,STEADY,825,3.65768,2.0723,0.121291,0.334545,0.450909,313,126,41,0,1,2,0,72,132,0,40,576,3852470a,0
299,19,5,0,1,2100000299,1,2,1,1857,1,36,0,34,5940,0,STEADY,619,3.27638,4.47749,0.188021,0.305331,0.434572,67,34,31,0,1,2,0,141,96,0,21,92,3852470a,0
300,20,6,1,1,2100000300,0,3,1,931,1,16,0,17,3370,0,STEADY,311,4.76933,3.38399,0.200482,0.562701,0.186495,79,14,12,2,1,2,0,131,86,0,7,45,3852470a,0
300,20,6,1,1,2100000300,1,3,0,767,1,0,65,15,2900,0,STEADY,256,4.80112,3.09662,0.194863,0.5625,0.222656,115,44,10,1,1,3,0,66,102,0,23,33,3852470a,0
301,21,7,2,1,2100000301,0,0,1,609,1,94,0,13,2300,0,STEADY,203,3.25897,3.27941,0.258424,0.0344828,0.79803,0,0,10,1,2,0,0,100,30,0,0,11,3852470a,0
301,21,7,2,1,2100000301,1,0,1,751,1,74,0,16,2710,0,STEADY,251,3.32428,7.18809,0.224602,0.0438247,0.824701,0,0,11,3,2,0,0,100,50,0,0,1,3852470a,0
302,22,8,3,1,2100000302,0,1,0,883,1,0,66,14,3420,0,STEADY,295,3.3674,1.92466,0.283831,0.332203,0.0440678,65,1,4,6,4,0,0,50,175,0,49,125,3852470a,0
302,22,8,3,1,2100000302,1,1,1,743,1,59,0,13,3200,0,STEADY,248,3.77822,2.12327,0.315911,0.362903,0.0645161,38,0,3,6,4,0,0,116,116,0,60,138,3852470a,0
303,23,9,4,1,2100000303,0,2,0,424,1,0,103,10,1670,0,STEADY,142,3.09388,1.891,0.50338,0.239437,0.394366,49,27,2,7,1,0,0,48,113,8,0,66,3852470a,0
303,23,9,4,1,2100000303,1,2,0,1750,1,0,51,34,5280,0,STEADY,584,2.96974,2.09994,0.310051,0.243151,0.166096,62,27,10,24,0,0,0,98,115,10,0,147,3852470a,0
304,24,10,5,1,2100000304,0,3,0,807,1,0,63,15,2760,0,STEADY,269,4.09604,3.68552,0.306784,0.572491,0.118959,115,7,6,5,1,3,0,61,125,0,57,0,3852470a,0
304,24,10,5,1,2100000304,1,3,0,496,1,0,52,9,1840,0,STEADY,166,3.94221,3.68899,0.448494,0.644578,0.0180723,70,3,2,4,1,2,0,72,125,0,40,0,3852470a,0
305,25,11,0,1,2100000305,0,0,0,2053,1,0,18,38,6460,0,STEADY,685,3.30739,4.92336,0.26435,0.324088,0.0948905,151,9,3,30,5,0,0,147,104,0,82,74,3852470a,0
305,25,11,0,1,2100000305,1,0,0,1712,1,0,93,33,5300,0,STEADY,571,3.30622,2.12266,0.187715,0.499124,0.2662,83,25,8,22,3,0,0,60,104,0,66,215,3852470a,0
306,26,12,1,1,2100000306,0,1,0,278,1,0,64,8,1210,0,STEADY,93,3.37731,2.88745,0.437419,0.258065,0.225806,30,6,4,3,0,1,0,47,108,0,0,0,3852470a,0
306,26,12,1,1,2100000306,1,1,0,413,1,0,68,11,1620,0,STEADY,138,3.88682,2.82752,0.329964,0.224638,0.536232,42,30,5,6,0,0,0,43,108,0,0,18,3852470a,0
307,27,13,2,1,2100000307,0,2,1,399,1,4,0,8,1600,0,STEADY,133,6.44406,3.9455,0.492594,0.578947,0.0300752,58,4,5,2,1,0,0,104,141,0,0,0,3852470a,0
307,27,13,2,1,2100000307,1,2,0,541,1,0,98,10,1870,0,STEADY,181,7.68316,3.43482,0.455221,0.149171,0.41989,105,60,8,1,1,0,0,6,145,0,0,0,3852470a,0
308,28,14,3,1,2100000308,0,3,1,514,1,23,0,10,2010,0,STEADY,172,3.67136,2.59793,0.342209,0.552326,0.313953,60,34,3,6,1,0,0,113,88,0,0,43,3852470a,0
308,28,14,3,1,2100000308,1,3,1,600,1,45,0,12,2350,0,STEADY,200,4.53783,3.81909,0.327125,0.51,0.355,0,0,3,8,1,0,0,113,66,0,0,0,3852470a,0
309,29,15,4,1,2100000309,0,0,1,965,1,58,0,17,3480,0,STEADY,322,3.19572,1.60652,0.290404,0.636646,0.180124,0,0,3,6,8,0,0,118,44,0,46,137,3852470a,0
309,29,15,4,1,2100000309,1,0,1,2500,1,22,0,42,8120,0,STEADY,834,2.44486,1.91829,0.181193,0.356115,0.13789,31,7,12,13,17,0,0,118,80,0,25,272,3852470a,0
310,30,16,5,1,2100000310,0,1,1,2052,1,17,0,48,5200,0,STEADY,684,2.80006,2.64039,0.171436,0.0628655,0.252924,200,16,43,3,0,2,0,115,108,0,34,178,3852470a,0
310,30,16,5,1,2100000310,1,1,0,988,1,0,8,24,2960,0,STEADY,330,4.06585,5.67167,0.21923,0.0636364,0.109091,175,28,20,3,0,1,0,107,125,0,18,14,3852470a,0
311,31,17,0,1,2100000311,0,2,0,891,1,0,62,19,2980,0,STEADY,297,3.85651,3.26146,0.207458,0.434343,0.461279,154,91,7,11,1,0,0,48,141,9,0,158,3852470a,0
311,31,17,0,1,2100000311,1,2,0,521,1,0,43,12,1940,0,STEADY,174,3.40613,2.64199,0.279914,0.505747,0.373563,36,25,4,7,1,0,0,90,132,0,0,138,3852470a,0
312,32,18,1,1,2100000312,0,3,0,446,1,0,50,9,1860,0,STEADY,149,4.00486,2.8672,0.356007,0.201342,0.288591,48,11,5,0,3,1,0,79,121,0,0,17,3852470a,0
312,32,18,1,1,2100000312,1,3,0,418,1,0,66,9,1860,0,STEADY,140,4.69425,3.09539,0.33025,0.214286,0.5,75,55,5,0,3,1,0,63,121,0,0,0,3852470a,0
313,33,19,2,1,2100000313,0,0,1,1609,1,71,0,30,5120,0,STEADY,537,3.26219,5.82165,0.379758,0.0167598,0.0353818,0,0,28,1,1,0,0,132,81,0,0,21,3852470a,0
313,33,19,2,1,2100000313,1,0,1,1069,1,41,0,20,3420,0,STEADY,357,2.98061,7.69229,0.361877,0.0252101,0.0364146,166,7,18,1,1,0,0,132,111,0,0,0,3852470a,0
314,34,20,3,1,2100000314,0,1,0,733,1,0,71,14,2580,0,STEADY,245,6.01556,2.41622,0.323102,0.62449,0.195918,157,44,0,12,2,0,0,23,140,0,0,466,3852470a,0
314,34,20,3,1,2100000314,1,1,0,1201,1,0,48,23,3930,0,STEADY,401,4.20536,5.75932,0.223242,0.46384,0.179551,324,67,3,18,1,1,0,46,140,0,0,0,3852470a,0
315,35,21,4,1,2100000315,0,2,0,2336,1,0,110,45,7040,0,STEADY,779,3.5238,5.31814,0.121091,0.042362,0.097561,128,38,26,15,1,3,0,14,106,5,10,33,3852470a,0
315,35,21,4,1,2100000315,1,2,0,380,1,0,81,9,1560,0,STEADY,127,3.9674,1.86684,0.359134,0.251969,0.314961,33,11,4,2,2,1,0,43,101,0,0,129,3852470a,0
316,36,22,5,1,2100000316,0,3,0,607,1,0,103,11,2040,0,STEADY,203,3.54608,3.31152,0.41431,0.275862,0.241379,41,15,2,8,0,1,0,72,93,0,0,0,3852470a,0
316,36,22,5,1,2100000316,1,3,0,1227,1,0,97,22,3950,0,STEADY,409,3.71612,3.4193,0.183802,0.276284,0.303178,146,54,3,19,0,0,0,78,93,0,0,52,3852470a,0
317,37,23,0,1,2100000317,0,0,0,2071,1,0,2,37,6630,0,STEADY,691,3.17633,3.10648,0.163712,0.040521,0.668596,252,185,33,2,2,0,0,125,150,0,0,150,3852470a,0
317,37,23,0,1,2100000317,1,0,0.5,2417,1,0,0,43,7680,0,STEADY,806,3.00213,3.80363,0.135434,0.0471464,0.57196,111,63,38,2,2,0,1,118,150,0,0,39,3852470a,0
318,38,24,1,1,2100000318,0,1,1,759,1,32,0,15,2670,0,STEADY,253,3.3945,2.00682,0.331067,0.679842,0.189723,38,13,7,7,0,1,0,125,72,0,0,95,3852470a,0
318,38,24,1,1,2100000318,1,1,0,848,1,0,51,17,3010,0,STEADY,283,5.14776,3.8426,0.254894,0.724382,0.201413,57,17,8,8,0,1,0,74,104,0,0,0,3852470a,0
319,39,25,2,1,2100000319,0,2,0,1096,1,0,22,20,3720,0,STEADY,366,2.78099,2.23097,0.197801,0.245902,0.204918,92,39,7,6,1,6,0,82,114,0,62,260,3852470a,0
319,39,25,2,1,2100000319,1,2,0,973,1,0,89,17,3600,0,STEADY,325,3.41363,2.69605,0.2228,0.298462,0.236923,157,55,2,6,1,8,0,15,114,0,25,168,3852470a,0
320,0,33,4,1,2100000320,0,0,0,274,1,0,65,7,1190,0,STEADY,92,3.43671,1.7389,0.612663,0.369565,0.336957,11,8,2,4,0,1,0,87,113,0,0,102,3852470a,0
320,0,33,4,1,2100000320,1,0,0,985,1,0,98,20,3150,0,STEADY,329,3.38545,1.7118,0.205547,0.288754,0.392097,87,25,9,9,0,2,0,54,113,0,0,214,3852470a,0
321,1,34,5,1,2100000321,0,1,1,1727,1,86,0,31,5280,0,STEADY,576,4.79938,3.05108,0.175286,0.647569,0.244792,0,0,3,25,1,2,0,140,57,7,203,38,3852470a,0
321,1,34,5,1,2100000321,1,1,0,1339,1,0,13,25,4210,0,STEADY,447,4.2933,3.80136,0.196588,0.621924,0.00447427,128,1,4,18,1,2,0,127,142,6,194,0,3852470a,0
322,2,35,0,1,2100000322,0,2,0,614,1,0,33,12,2320,0,STEADY,205,5.37875,4.12894,0.297415,0.6,0.302439,34,10,4,8,0,0,0,77,94,0,0,0,3852470a,0
322,2,35,0,1,2100000322,1,2,1,672,1,80,0,13,2560,0,STEADY,224,5.61131,7.08002,0.238549,0.477679,0.486607,0,0,5,8,0,0,0,110,14,0,0,0,3852470a,0
323,3,36,1,1,2100000323,0,3,1,435,1,33,0,10,1780,0,STEADY,145,4.02995,2.27536,0.419931,0.462069,0.117241,18,0,8,0,1,1,0,93,73,0,15,44,3852470a,0
323,3,36,1,1,2100000323,1,3,0,683,1,0,16,14,2440,0,STEADY,228,3.70297,2.53534,0.262018,0.267544,0.153509,61,5,12,0,0,2,0,77,106,0,15,0,3852470a,0
324,4,37,2,1,2100000324,0,0,0,685,1,0,110,15,2760,0,STEADY,229,4.00331,1.88814,0.314655,0.467249,0.327511,106,43,1,10,2,2,0,40,149,26,0,159,3852470a,0
324,4,37,2,1,2100000324,1,0,0,763,1,0,90,16,2910,0,STEADY,255,4.02482,2.08321,0.267702,0.552941,0.27451,87,46,0,12,1,3,0,60,162,39,0,200,3852470a,0
325,5,38,3,1,2100000325,0,1,1,1438,1,26,0,28,4160,0,STEADY,480,3.12162,2.57969,0.273021,0.579167,0.16875,298,45,20,3,1,4,0,104,115,0,24,402,3852470a,0
325,5,38,3,1,2100000325,1,1,0,1921,1,0,10,34,6040,0,STEADY,641,3.42368,6.08676,0.195062,0.340094,0.0670827,445,33,15,8,3,8,0,94,141,0,48,16,3852470a,0
326,6,39,4,1,2100000326,0,2,1,2673,1,60,0,48,8410,0,STEADY,891,3.1084,2.44265,0.105943,0.0516274,0.457912,0,0,45,0,2,1,0,114,71,0,0,260,3852470a,0
326,6,39,4,1,2100000326,1,2,0,2700,3,95,12,48,8410,0,STEADY,900,3.84925,5.04028,0.104122,0.0411111,0.615556,0,0,45,0,2,1,0,102,36,0,0,173,3852470a,0
327,7,0,5,1,2100000327,0,3,0,547,1,0,5,12,1810,0,STEADY,183,3.10422,3.33345,0.381339,0.125683,0.20765,30,12,7,4,0,1,0,100,100,0,0,4,3852470a,0
327,7,0,5,1,2100000327,1,3,0,532,1,0,53,12,1860,0,STEADY,178,3.55315,2.90568,0.487556,0.174157,0.196629,54,21,6,5,0,1,0,60,100,0,0,8,3852470a,0
328,8,1,0,1,2100000328,0,0,1,1347,2,50,52,20,3900,0,STEADY,449,4.36545,2.18465,0.344176,0.278396,0.405345,0,0,7,5,3,5,0,84,66,0,10,600,3852470a,0
328,8,1,0,1,2100000328,1,0,1,1107,1,68,0,20,3820,0,STEADY,369,3.65606,2.45793,0.292222,0.317073,0.355014,0,0,10,4,2,4,0,136,48,0,10,142,3852470a,0
329,9,2,1,1,2100000329,0,1,0,694,1,0,43,11,2490,0,STEADY,232,4.65509,7.31679,0.500022,0.0991379,0.228448,123,37,6,2,3,0,0,51,153,4,0,3,3852470a,0
329,9,2,1,1,2100000329,1,1,0,1126,1,0,32,18,3840,0,STEADY,376,3.75598,7.90713,0.40887,0.164894,0.0984043,186,23,9,5,4,0,0,62,161,12,0,12,3852470a,0
330,10,3,2,1,2100000330,0,2,1,1669,1,50,0,30,5540,0,STEADY,557,6.79223,5.02647,0.34333,0.147217,0.495512,0,0,16,12,2,0,0,106,74,0,0,247,3852470a,0
330,10,3,2,1,2100000330,1,2,1,1203,1,13,0,23,4070,0,STEADY,401,4.67783,10.5111,0.152319,0.374065,0.521197,76,0,19,3,1,0,0,106,111,0,0,0,3852470a,0
331,11,4,3,1,2100000331,0,3,0,1561,1,0,50,28,5040,0,STEADY,521,3.28189,2.02098,0.272553,0.393474,0.213052,51,3,12,10,0,6,0,86,177,60,26,95,3852470a,0
331,11,4,3,1,2100000331,1,3,0,1705,1,0,28,31,5600,0,STEADY,569,3.09473,2.04892,0.233023,0.309315,0.137083,151,40,13,11,0,7,0,121,189,72,45,0,3852470a,0
332,12,5,4,1,2100000332,0,0,0,811,1,0,59,17,2830,0,STEADY,271,3.17785,2.05906,0.31441,0.269373,0.202952,53,14,10,2,3,2,0,82,111,0,0,138,3852470a,0
332,12,5,4,1,2100000332,1,0,0,1612,1,0,39,31,5100,0,STEADY,538,2.61869,6.0607,0.203727,0.215613,0.284387,157,45,17,2,8,4,0,102,111,0,0,29,3852470a,0
333,13,6,5,1,2100000333,0,1,0,1350,1,0,80,24,4360,0,STEADY,450,4.73676,2.39841,0.204611,0.708889,0.0911111,218,23,20,0,4,0,0,51,104,0,0,429,3852470a,0
333,13,6,5,1,2100000333,1,1,0,880,1,0,131,16,3050,0,STEADY,294,5.1204,4.64093,0.269983,0.513605,0.323129,106,54,12,0,3,1,0,0,104,0,0,0,3852470a,0
334,14,7,0,1,2100000334,0,2,0,1087,1,0,62,20,3200,0,STEADY,363,2.50191,2.75073,0.677094,0.0247934,0.311295,186,40,0,11,2,7,0,38,113,0,112,26,3852470a,0
334,14,7,0,1,2100000334,1,2,0,559,1,0,46,13,2120,0,STEADY,187,2.49005,2.69532,0.670829,0.0695187,0.406417,74,35,0,7,2,4,0,54,113,0,61,39,3852470a,0
335,15,8,1,1,2100000335,0,3,0,802,1,0,84,15,2710,0,STEADY,268,4.47845,2.33469,0.308302,0.686567,0.126866,57,0,0,12,1,2,0,32,136,18,43,169,3852470a,0
335,15,8,1,1,2100000335,1,3,0,1122,1,0,32,21,3730,0,STEADY,374,3.49082,2.17487,0.186564,0.545455,0.294118,59,17,0,18,1,2,0,84,139,21,42,9,3852470a,0
336,16,9,2,1,2100000336,0,0,1,1415,1,101,0,26,4860,0,STEADY,472,4.50621,4.77741,0.1334,0.0635593,0.860169,0,0,22,3,0,1,0,159,14,0,0,47,3852470a,0
336,16,9,2,1,2100000336,1,0,1,1050,1,83,0,20,3840,0,STEADY,350,4.66023,5.08686,0.138529,0.0914286,0.851429,0,0,16,3,0,1,0,149,32,0,0,77,3852470a,0
337,17,10,3,1,2100000337,0,1,0,528,1,0,98,8,1820,0,STEADY,176,4.15011,3.62537,0.677841,0.346591,0.0113636,70,0,0,3,0,5,0,26,126,24,0,24,3852470a,0
337,17,10,3,1,2100000337,1,1,1,791,1,26,0,13,2820,0,STEADY,264,3.70308,3.20007,0.559867,0.386364,0.0568182,140,15,1,5,0,7,0,124,102,42,0,208,3852470a,0
338,18,11,4,1,2100000338,0,2,1,1316,1,31,0,24,3600,0,STEADY,439,3.01183,1.64029,0.181954,0.261959,0.371298,270,108,20,4,0,0,0,141,98,0,0,142,3852470a,0
338,18,11,4,1,2100000338,1,2,0,1927,1,0,67,33,4890,0,STEADY,643,3.03215,4.09799,0.16,0.0746501,0.108865,96,34,28,5,0,0,0,74,129,0,0,20,3852470a,0
339,19,12,5,1,2100000339,0,3,0,433,1,0,49,8,1560,0,STEADY,145,4.30632,2.12635,0.484276,0.6,0.0689655,23,5,5,1,1,1,0,62,132,0,0,241,3852470a,0
339,19,12,5,1,2100000339,1,3,0,496,1,0,34,9,1730,0,STEADY,166,3.9645,3.2232,0.39762,0.385542,0.126506,51,9,6,1,1,1,0,77,132,0,0,0,3852470a,0
340,20,13,0,1,2100000340,0,0,0,1891,1,0,14,29,6560,0,STEADY,631,6.60809,5.28802,0.324422,0.301109,0.104596,322,48,12,7,3,7,0,90,102,0,44,42,3852470a,0
340,20,13,0,1,2100000340,1,0,0,1436,1,0,51,22,5240,0,STEADY,479,7.45546,4.7411,0.469489,0.338205,0.194154,230,42,7,7,2,6,0,53,102,0,28,245,3852470a,0
341,21,14,1,1,2100000341,0,1,1,1072,1,91,0,21,3610,0,STEADY,358,2.8193,6.10087,0.197053,0.0223464,0.854749,0,0,17,2,2,0,0,113,33,0,0,6,3852470a,0
341,21,14,1,1,2100000341,1,1,1,2085,1,108,0,39,6420,0,STEADY,695,3.35878,6.04628,0.133993,0.00863309,0.856115,0,0,30,7,2,0,0,113,16,0,0,20,3852470a,0
342,22,15,2,1,2100000342,0,2,1,1129,1,81,0,19,4550,0,STEADY,377,3.02126,2.06711,0.227133,0.190981,0.230769,0,0,6,7,6,0,0,138,94,0,54,117,3852470a,0
342,22,15,2,1,2100000342,1,2,1,2335,1,3,0,37,8720,0,STEADY,779,2.32683,2.6513,0.162044,0.139923,0.0706033,342,15,12,12,12,0,1,118,172,0,61,154,3852470a,0
343,23,16,3,1,2100000343,0,3,1,1028,1,2,0,20,3250,0,STEADY,343,3.1301,2.09526,0.299111,0.323615,0.28863,94,27,3,17,0,0,0,115,122,19,0,25,3852470a,0
343,23,16,3,1,2100000343,1,3,0,821,1,0,26,16,2690,0,STEADY,274,3.32396,2.42055,0.344161,0.29927,0.124088,98,13,2,13,1,0,0,89,118,13,0,122,3852470a,0
344,24,17,4,1,2100000344,0,0,1,836,2,56,44,15,2960,0,STEADY,279,4.38731,1.71177,0.269588,0.433692,0.333333,0,0,4,5,2,4,0,61,69,0,14,600,3852470a,0
344,24,17,4,1,2100000344,1,0,0,361,1,0,42,8,1520,0,STEADY,121,3.7263,2.3698,0.439174,0.504132,0.14876,24,9,3,2,2,1,0,72,125,0,20,84,3852470a,0
345,25,18,5,1,2100000345,0,1,0,1051,1,0,59,21,3180,0,STEADY,351,3.97906,2.12389,0.302208,0.603989,0.0655271,79,11,9,10,2,0,0,70,104,0,24,240,3852470a,0
345,25,18,5,1,2100000345,1,1,0,728,1,0,66,15,2360,0,STEADY,243,4.48913,5.05905,0.350391,0.580247,0.0452675,55,1,5,8,2,0,0,63,104,0,48,0,3852470a,0
346,26,19,0,1,2100000346,0,2,1,2660,1,93,0,49,8080,0,STEADY,887,3.57868,5.74187,0.491815,0.231116,0.0710259,0,0,5,44,0,0,0,132,15,0,0,1,3852470a,0
346,26,19,0,1,2100000346,1,2,0,2700,3,16,6,51,7970,0,STEADY,900,3.07996,4.40685,0.320517,0.151111,0.0966667,327,25,14,37,0,0,0,126,92,0,0,23,3852470a,0
347,27,20,1,1,2100000347,0,3,1,913,1,58,0,17,3130,0,STEADY,305,5.54689,2.14562,0.268131,0.563934,0.22623,0,0,14,2,1,0,0,82,87,0,0,388,3852470a,0
347,27,20,1,1,2100000347,1,3,1,887,1,10,0,17,3130,0,STEADY,296,5.1458,2.7318,0.253615,0.486486,0.25,169,50,14,2,1,0,0,86,135,0,0,23,3852470a,0
348,28,21,2,1,2100000348,0,0,1,1680,1,51,0,29,5590,0,STEADY,560,4.03706,3.51184,0.152964,0.508929,0.446429,0,0,8,20,1,0,0,124,60,0,0,88,3852470a,0
348,28,21,2,1,2100000348,1,0,1,1144,1,96,0,20,4060,0,STEADY,382,4.1488,6.41497,0.189175,0.515707,0.468586,0,0,8,11,1,0,0,124,15,0,0,0,3852470a,0
349,29,22,3,1,2100000349,0,1,0,1221,1,0,132,20,4160,0,STEADY,407,3.02122,5.94716,0.305541,0.304668,0.41769,204,114,3,7,10,0,0,43,102,0,49,0,3852470a,0
349,29,22,3,1,2100000349,1,1,0,1495,1,0,101,25,5040,0,STEADY,499,3.14859,6.23981,0.240862,0.286573,0.446894,158,97,5,9,11,0,0,74,102,0,65,0,3852470a,0
350,30,23,4,1,2100000350,0,2,1,1313,1,65,0,34,3700,0,STEADY,438,3.50851,2.92143,0.143281,0.0456621,0.538813,0,0,30,2,0,2,0,114,60,0,20,153,3852470a,0
350,30,23,4,1,2100000350,1,2,1,1211,1,34,0,30,3500,0,STEADY,404,3.51752,3.2119,0.157408,0.111386,0.529703,135,89,26,3,0,1,0,120,91,0,20,145,3852470a,0
351,31,24,5,1,2100000351,0,3,1,1807,1,67,0,33,5560,0,STEADY,603,3.76628,4.87436,0.206418,0.46932,0.242123,0,0,5,26,2,0,0,125,83,18,0,0,3852470a,0
351,31,24,5,1,2100000351,1,3,1,1859,2,81,70,33,5660,0,STEADY,620,4.24674,2.65863,0.208169,0.575806,0.196774,0,0,5,25,3,0,0,55,78,27,0,600,3852470a,0
352,32,25,0,1,2100000352,0,0,1,665,1,53,0,13,2540,0,STEADY,222,3.58105,2.48117,0.241577,0.157658,0.531532,0,0,9,0,3,1,0,104,68,0,0,164,3852470a,0
352,32,25,0,1,2100000352,1,0,1,1271,1,32,0,23,4380,0,STEADY,424,5.3123,5.73981,0.174057,0.117925,0.71934,134,134,17,0,5,1,0,104,89,0,0,0,3852470a,0
353,33,26,1,1,2100000353,0,1,1,1864,1,25,0,36,5760,0,STEADY,622,2.81827,2.0444,0.186318,0.0321543,0.120579,244,7,24,2,10,0,0,108,127,0,0,155,3852470a,0
353,33,26,1,1,2100000353,1,1,0,2426,1,0,11,47,7150,0,STEADY,809,2.70074,2.02524,0.166842,0.0247219,0.0457355,332,3,23,3,21,0,0,97,152,0,0,136,3852470a,0
354,34,27,2,1,2100000354,0,2,0,884,1,0,9,17,3040,0,STEADY,295,5.78984,2.90504,0.304525,0.467797,0.20339,51,6,1,14,2,0,0,136,140,0,0,152,3852470a,0
354,34,27,2,1,2100000354,1,2,0,827,1,0,113,15,2850,0,STEADY,276,6.14987,3.53749,0.467953,0.496377,0.130435,149,14,0,12,3,0,0,32,140,0,0,0,3852470a,0
355,35,28,3,1,2100000355,0,3,0,350,1,0,34,9,1510,0,STEADY,117,3.21463,2.68776,0.500812,0.0769231,0.213675,17,13,5,2,1,1,0,73,101,0,10,5,3852470a,0
355,35,28,3,1,2100000355,1,3,0,600,1,0,16,13,2140,0,STEADY,200,3.3333,2.59921,0.31785,0.055,0.36,90,52,8,3,1,1,0,87,101,0,8,0,3852470a,0
356,36,29,4,1,2100000356,0,0,0,922,1,0,34,18,3200,0,STEADY,308,2.91319,1.72906,0.181818,0.376623,0.123377,116,22,2,16,0,0,0,68,93,0,0,142,3852470a,0
356,36,29,4,1,2100000356,1,0,0,2122,1,0,54,38,6600,0,STEADY,708,3.33961,4.97328,0.121977,0.300847,0.166667,53,11,2,36,0,0,0,48,93,0,0,94,3852470a,0
357,37,30,5,1,2100000357,0,1,1,1751,1,53,0,31,5610,0,STEADY,584,3.52888,6.04402,0.194461,0.0565068,0.559932,131,100,27,2,2,0,0,125,97,0,0,0,3852470a,0
357,37,30,5,1,2100000357,1,1,0,934,1,0,57,17,3260,0,STEADY,312,3.65934,5.41037,0.264888,0.102564,0.483974,209,118,13,3,1,0,0,68,150,0,0,4,3852470a,0
358,38,31,0,1,2100000358,0,2,1,473,1,31,0,10,1870,0,STEADY,158,4.66625,2.16969,0.447342,0.594937,0.208861,44,13,4,4,1,1,0,141,73,0,0,94,3852470a,0
358,38,31,0,1,2100000358,1,2,1,466,1,21,0,10,1870,0,STEADY,156,4.72532,2.86952,0.470128,0.634615,0.160256,37,13,4,4,1,1,0,132,83,0,0,78,3852470a,0
359,39,32,1,1,2100000359,0,3,0,1240,1,0,40,22,4080,0,STEADY,414,3.1214,2.18664,0.202657,0.161836,0.231884,123,13,8,6,2,6,0,81,114,0,51,1,3852470a,0
359,39,32,1,1,2100000359,1,3,1,1471,1,49,0,27,4840,0,STEADY,491,2.78589,1.85653,0.16335,0.118126,0.118126,0,0,11,8,2,6,0,121,65,0,64,0,3852470a,0
360,0,0,3,1,2100000360,0,1,0,391,1,0,21,8,1560,0,STEADY,131,4.2711,4.5469,0.563969,0.465649,0.175573,47,13,0,6,0,2,0,92,113,0,0,0,3852470a,0
360,0,0,3,1,2100000360,1,1,0.5,604,1,0,0,12,2240,0,STEADY,202,4.39428,6.06265,0.359035,0.321782,0.351485,38,28,0,10,0,2,0,113,113,0,0,0,3852470a,0
361,1,1,4,1,2100000361,0,2,1,1639,1,68,0,31,5080,0,STEADY,547,3.70861,2.10645,0.168812,0.776965,0.104205,0,0,7,21,1,2,0,144,68,0,192,498,3852470a,0
361,1,1,4,1,2100000361,1,2,1,1663,1,50,0,34,4970,0,STEADY,555,2.62249,2.02241,0.194,0.803604,0.0486486,47,0,20,10,1,3,0,136,86,0,374,228,3852470a,0
362,2,2,5,1,2100000362,0,3,1,406,1,10,0,7,1470,0,STEADY,136,5.97027,2.70264,0.640331,0.632353,0.00735294,11,0,4,3,0,0,0,94,84,0,0,240,3852470a,0
362,2,2,5,1,2100000362,1,3,1,304,1,52,0,5,1060,0,STEADY,102,6.76466,3.37622,0.749461,0.558824,0,0,0,3,2,0,0,0,94,42,0,0,0,3852470a,0
363,3,3,0,1,2100000363,0,0,1,1069,1,21,0,21,3630,0,STEADY,357,3.83965,5.18049,0.250462,0.268908,0.551821,38,28,19,0,0,2,0,100,85,0,15,0,3852470a,0
363,3,3,0,1,2100000363,1,0,0,1203,1,0,1,23,4020,0,STEADY,401,3.69519,3.99501,0.198865,0.261845,0.374065,77,47,20,0,1,2,0,102,106,0,26,33,3852470a,0
364,4,4,1,1,2100000364,0,1,0.5,870,1,0,0,18,3220,0,STEADY,290,4.05255,2.66346,0.364269,0.437931,0.427586,60,40,0,15,1,2,0,149,149,26,0,189,3852470a,0
364,4,4,1,1,2100000364,1,1,0,750,1,0,50,15,2740,0,STEADY,250,4.32614,2.78338,0.362216,0.448,0.368,100,49,0,11,1,3,0,73,159,36,0,143,3852470a,0
365,5,5,2,1,2100000365,0,2,0,949,1,0,1,20,3120,0,STEADY,317,2.84093,2.1417,0.280804,0.37224,0.119874,60,4,13,3,1,3,0,140,141,0,38,121,3852470a,0
365,5,5,2,1,2100000365,1,2,0,1987,1,0,37,35,6440,0,STEADY,663,2.81189,5.34382,0.177104,0.262443,0.161388,74,11,13,10,2,10,0,104,141,0,79,57,3852470a,0
366,6,6,3,1,2100000366,0,3,1,1063,1,4,0,20,3650,0,STEADY,355,3.70524,2.57894,0.184296,0.169014,0.428169,154,84,17,0,2,1,0,131,127,0,0,91,3852470a,0
366,6,6,3,1,2100000366,1,3,1,923,1,17,0,18,3210,0,STEADY,308,3.7413,2.61931,0.221721,0.152597,0.428571,74,42,16,0,1,1,0,131,114,0,0,0,3852470a,0
367,7,7,4,1,2100000367,0,0,0,461,1,0,30,11,1690,0,STEADY,154,2.76958,2.17727,0.29737,0.168831,0.37013,24,16,6,4,0,1,0,70,100,0,0,36,3852470a,0
367,7,7,4,1,2100000367,1,0,0,611,1,0,70,15,2050,0,STEADY,204,3.04763,2.50531,0.287843,0.132353,0.637255,61,55,10,5,0,0,0,30,100,0,0,58,3852470a,0
368,8,8,5,1,2100000368,0,1,0,789,1,0,8,14,2690,0,STEADY,263,3.72526,3.96503,0.339221,0.361217,0.281369,39,17,8,2,1,3,0,108,116,0,20,0,3852470a,0
368,8,8,5,1,2100000368,1,1,1,940,1,35,0,16,3270,0,STEADY,314,4.20828,4.27228,0.345701,0.353503,0.0382166,18,3,7,5,0,4,0,116,81,0,30,58,3852470a,0
369,9,9,0,1,2100000369,0,2,0,1139,1,0,109,20,3960,0,STEADY,380,4.22482,1.97915,0.295526,0.152632,0.447368,184,73,8,8,4,0,0,83,159,10,0,492,3852470a,0
369,9,9,0,1,2100000369,1,2,0,1886,1,0,73,27,6600,0,STEADY,629,4.93232,6.62521,0.49066,0.227345,0.356121,265,126,18,1,8,0,0,162,161,12,0,56,3852470a,0
370,10,10,1,1,2100000370,0,3,0,930,1,0,57,18,3250,0,STEADY,310,7.11686,6.32245,0.172081,0.116129,0.435484,45,6,14,2,1,1,0,67,124,0,0,0,3852470a,0
370,10,10,1,1,2100000370,1,3,0,804,1,0,112,16,2930,0,STEADY,268,4.46636,2.91887,0.180354,0.175373,0.320896,96,46,11,3,1,1,0,12,124,0,0,0,3852470a,0
371,11,11,2,1,2100000371,0,0,0,1969,1,0,8,34,6640,0,STEADY,657,3.11249,2.48686,0.187458,0.251142,0.210046,55,12,10,16,0,8,0,163,201,84,30,189,3852470a,0
371,11,11,2,1,2100000371,1,0,1,2110,1,66,0,37,6960,0,STEADY,704,3.02948,2.65102,0.159439,0.242898,0.166193,0,0,13,15,0,9,0,135,127,76,30,221,3852470a,0
372,12,12,3,1,2100000372,0,1,1,505,1,39,0,10,1940,0,STEADY,169,3.92075,3.79937,0.493905,0.420118,0.0414201,64,1,3,2,4,1,0,111,72,0,0,166,3852470a,0
372,12,12,3,1,2100000372,1,1,0,343,1,0,27,8,1470,0,STEADY,115,3.86135,3.7756,0.450087,0.408696,0.0956522,20,7,3,1,2,1,1,84,111,0,0,68,3852470a,0
373,13,13,4,1,2100000373,0,2,0,368,1,0,29,8,1620,0,STEADY,123,5.19311,1.59938,0.480081,0.650407,0.130081,24,10,5,0,2,1,0,75,104,0,0,297,3852470a,0
373,13,13,4,1,2100000373,1,2,0,487,1,0,59,10,1910,0,STEADY,163,5.96447,2.53621,0.403834,0.503067,0.226994,55,24,6,1,3,0,0,45,104,0,0,131,3852470a,0
374,14,14,5,1,2100000374,0,3,1,658,1,82,0,14,2200,0,STEADY,220,2.47218,4.49176,0.506477,0.0318182,0.195455,0,0,1,7,1,4,1,113,31,0,51,0,3852470a,0
374,14,14,5,1,2100000374,1,3,1,459,1,40,0,11,1600,0,STEADY,153,2.8914,3.71708,0.53951,0.0522876,0.281046,10,10,2,6,1,2,0,113,73,0,34,0,3852470a,0
375,15,15,0,1,2100000375,0,0,1,1502,1,12,0,27,4810,0,STEADY,501,3.29775,2.29804,0.172585,0.562874,0.313373,56,24,0,22,1,4,0,118,106,0,14,178,3852470a,0
375,15,15,0,1,2100000375,1,0,1,2278,1,6,0,41,7170,0,STEADY,760,4.14135,2.82091,0.192428,0.589474,0.202632,33,3,6,23,2,10,0,118,112,0,24,362,3852470a,0
376,16,16,1,1,2100000376,0,1,0,1283,1,0,8,23,4490,0,STEADY,428,5.11994,5.33656,0.187126,0.179907,0.719626,198,181,17,5,0,1,0,107,115,0,0,76,3852470a,0
376,16,16,1,1,2100000376,1,1,1,914,1,18,0,17,3470,0,STEADY,305,5.33524,6.38852,0.203377,0.177049,0.721311,76,76,11,5,0,1,0,115,97,0,0,10,3852470a,0
377,17,17,2,1,2100000377,0,2,0,229,1,0,5,6,1080,0,STEADY,77,3.25368,2.35273,0.753636,0.246753,0.246753,12,11,2,2,0,2,0,103,106,6,0,8,3852470a,0
377,17,17,2,1,2100000377,1,2,0,287,1,0,31,6,1220,0,STEADY,96,3.47696,2.90447,0.614375,0.375,0.302083,33,10,1,2,0,3,0,87,122,18,0,0,3852470a,0
378,18,18,3,1,2100000378,0,3,0,818,1,0,39,16,2680,0,STEADY,273,3.78761,2.70438,0.331128,0.315018,0.234432,88,15,11,5,0,0,0,90,129,0,0,27,3852470a,0
378,18,18,3,1,2100000378,1,3,0,1117,1,0,9,21,3330,0,STEADY,373,3.44503,2.15698,0.253088,0.211796,0.187668,223,62,16,5,0,0,0,120,129,0,0,9,3852470a,0
379,19,19,4,1,2100000379,0,0,0,1706,1,0,53,31,5430,0,STEADY,569,3.36709,1.41347,0.148111,0.585237,0.149385,198,35,28,0,1,2,0,79,132,0,22,494,3852470a,0
379,19,19,4,1,2100000379,1,0,0,923,1,0,82,17,3090,0,STEADY,308,4.57324,2.43964,0.197062,0.685065,0.100649,161,19,14,1,1,1,0,50,132,0,9,195,3852470a,0
380,20,20,5,1,2100000380,0,1,0,1141,1,0,45,19,3710,0,STEADY,381,5.69812,2.41148,0.282126,0.56168,0.212598,48,4,14,2,1,2,0,57,102,0,0,498,3852470a,0
380,20,20,5,1,2100000380,1,1,0,506,1,0,70,9,1850,0,STEADY,169,6.67332,2.95068,0.451065,0.52071,0.147929,28,7,5,1,1,2,0,32,102,0,36,189,3852470a,0
381,21,21,0,1,2100000381,0,2,0,1496,1,0,15,29,4850,0,STEADY,499,4.11516,4.08667,0.260281,0.00801603,0.488978,169,101,25,3,1,0,0,109,124,0,0,134,3852470a,0
381,21,21,0,1,2100000381,1,2,1,2193,1,49,0,41,6910,0,STEADY,731,4.06353,4.88387,0.12935,0.0191518,0.398085,130,42,35,4,2,0,0,124,75,0,0,98,3852470a,0
382,22,22,1,1,2100000382,0,3,1,1459,1,55,0,23,5620,0,STEADY,487,2.57119,1.91626,0.210524,0.145791,0.0677618,11,0,6,10,7,0,0,175,120,0,28,91,3852470a,0
382,22,22,1,1,2100000382,1,3,1,1133,1,101,0,19,4620,0,STEADY,378,2.90851,2.043,0.219495,0.174603,0.23545,0,0,5,8,6,0,0,175,74,0,72,24,3852470a,0
383,23,23,2,1,2100000383,0,0,0,879,1,0,19,18,2960,0,STEADY,293,3.02775,2.66991,0.268498,0.273038,0.539249,77,50,2,16,0,0,0,103,119,14,0,130,3852470a,0
383,23,23,2,1,2100000383,1,0,1,868,1,41,0,18,3030,0,STEADY,290,2.89408,2.11026,0.350328,0.213793,0.462069,134,82,2,15,1,0,0,116,80,16,0,121,3852470a,0
384,24,24,3,1,2100000384,0,1,1,1182,2,70,112,19,3960,0,STEADY,394,4.43281,2.32586,0.3525,0.510152,0.261421,0,0,3,10,0,6,0,13,55,0,0,600,3852470a,0
384,24,24,3,1,2100000384,1,1,1,1828,1,5,0,32,5920,0,STEADY,610,2.81207,3.70342,0.207451,0.447541,0.0918033,202,19,12,9,3,8,0,125,120,0,43,11,3852470a,0
385,25,25,4,1,2100000385,0,2,0,884,1,0,44,17,2750,0,STEADY,295,3.37687,2.3614,0.300966,0.60678,0.155932,53,15,4,11,2,0,0,60,104,0,19,167,3852470a,0
385,25,25,4,1,2100000385,1,2,0,980,1,0,34,20,3140,0,STEADY,327,3.4302,5.5511,0.308012,0.48318,0.183486,43,14,7,10,3,0,0,70,104,0,72,0,3852470a,0
386,26,26,5,1,2100000386,0,3,1,841,1,26,0,17,2690,0,STEADY,281,3.20992,3.67466,0.318274,0.231317,0.384342,1,0,4,13,0,0,0,108,82,0,0,9,3852470a,0
386,26,26,5,1,2100000386,1,3,0,720,1,0,45,15,2250,0,STEADY,240,3.21943,2.70557,0.369875,0.25,0.2375,57,24,6,9,0,0,0,63,108,0,0,11,3852470a,0
387,27,27,0,1,2100000387,0,0,1,839,1,26,0,16,2960,0,STEADY,280,4.40436,2.25539,0.275679,0.510714,0.264286,75,17,13,2,1,0,0,145,119,0,0,155,3852470a,0
387,27,27,0,1,2100000387,1,0,0,1217,1,0,68,22,4050,0,STEADY,406,5.36804,3.30175,0.206663,0.477833,0.300493,280,95,18,3,1,0,0,77,145,0,0,126,3852470a,0
388,28,28,1,1,2100000388,0,1,1,295,1,29,0,6,1230,0,STEADY,99,8.20624,2.98152,0.605909,0.666667,0.010101,27,1,3,3,0,0,0,103,82,0,0,81,3852470a,0
388,28,28,1,1,2100000388,1,1,0,212,1,0,99,5,1090,0,STEADY,71,9.66727,4.2048,0.701408,0.577465,0,21,0,2,2,1,0,0,0,111,0,0,0,3852470a,0
389,29,29,2,1,2100000389,0,2,1,2329,1,32,0,40,7520,0,STEADY,777,2.89383,1.99167,0.166873,0.298584,0.0978121,15,0,13,13,14,0,0,102,70,0,100,332,3852470a,0
389,29,29,2,1,2100000389,1,2,0,1384,1,0,58,23,4840,0,STEADY,462,3.8441,2.42544,0.290433,0.311688,0.151515,60,6,3,8,12,0,0,44,102,0,0,237,3852470a,0
390,30,30,3,1,2100000390,0,3,1,860,1,5,0,21,2610,0,STEADY,287,4.44905,2.96526,0.253544,0.167247,0.344948,51,25,18,3,0,0,0,125,120,0,0,0,3852470a,0
390,30,30,3,1,2100000390,1,3,1,696,1,34,0,19,2270,0,STEADY,232,3.84859,3.22611,0.248228,0.12069,0.525862,25,15,16,2,0,1,0,125,91,0,17,0,3852470a,0
391,31,31,4,1,2100000391,0,0,0,830,1,0,23,16,2720,0,STEADY,277,3.74856,1.91024,0.29009,0.66065,0.176895,94,21,2,13,1,0,0,109,141,9,0,125,3852470a,0
391,31,31,4,1,2100000391,1,0,0,640,1,0,79,14,2180,0,STEADY,214,4.28033,2.45511,0.324159,0.719626,0.0841121,48,4,6,7,1,0,0,56,141,9,0,200,3852470a,0
392,32,32,5,1,2100000392,0,1,0,720,1,0,87,13,2540,0,STEADY,240,4.5639,2.83917,0.34475,0.233333,0.3875,101,66,9,0,3,1,0,34,121,0,0,387,3852470a,0
392,32,32,5,1,2100000392,1,1,1,1529,1,19,0,27,4920,0,STEADY,510,4.19849,3.27607,0.178686,0.12549,0.258824,155,60,23,0,3,1,0,121,102,0,0,282,3852470a,0
393,33,33,0,1,2100000393,0,2,0,1843,1,0,69,36,5690,0,STEADY,615,3.31049,5.51179,0.174959,0.0292683,0.463415,127,57,25,1,10,0,0,83,152,0,0,11,3852470a,0
393,33,33,0,1,2100000393,1,2,0,729,1,0,44,15,2570,0,STEADY,243,3.48656,2.28673,0.275988,0.0617284,0.440329,159,84,13,1,1,0,0,108,152,0,0,91,3852470a,0
394,34,34,1,1,2100000394,0,3,0,343,1,0,79,8,1530,0,STEADY,115,4.69864,2.8707,0.466696,0.686957,0,47,0,2,3,2,1,0,61,140,0,0,105,3852470a,0
394,34,34,1,1,2100000394,1,3,0,361,1,0,116,8,1530,0,STEADY,121,5.07759,2.56308,0.459628,0.396694,0.31405,51,35,2,3,2,1,0,24,140,0,0,68,3852470a,0
395,35,35,2,1,2100000395,0,0,0,1978,1,0,94,38,6190,0,STEADY,660,3.54526,4.4391,0.242523,0.0333333,0.0833333,52,26,21,10,1,6,0,30,105,4,20,55,3852470a,0
395,35,35,2,1,2100000395,1,0,0,2203,1,0,69,42,6810,0,STEADY,735,3.45163,3.12209,0.189483,0.0176871,0.0462585,26,0,29,9,0,4,0,32,101,0,0,76,3852470a,0
396,36,36,3,1,2100000396,0,1,1,546,1,13,0,11,2010,0,STEADY,182,3.53445,2.01054,0.302143,0.428571,0.10989,78,10,2,9,0,0,0,93,80,0,0,122,3852470a,0
396,36,36,3,1,2100000396,1,1,1,599,1,41,0,12,2180,0,STEADY,200,3.90922,2.16255,0.2757,0.54,0.17,0,0,2,10,0,0,0,93,52,0,0,102,3852470a,0
397,37,37,4,1,2100000397,0,2,0,899,1,0,12,17,3160,0,STEADY,300,3.07805,2.03711,0.205,0.243333,0.34,58,24,14,2,1,0,0,138,150,0,0,158,3852470a,0
397,37,37,4,1,2100000397,1,2,0,1571,1,0,72,29,5200,0,STEADY,524,4.33535,5.39295,0.179828,0.0935115,0.251908,68,31,26,2,1,0,0,78,150,0,0,58,3852470a,0
398,38,38,5,1,2100000398,0,3,1,740,2,39,59,12,2210,0,STEADY,247,5.21021,1.64081,0.553745,0.619433,0.0931174,89,21,6,4,1,1,0,45,65,0,0,600,3852470a,0
398,38,38,5,1,2100000398,1,3,0,669,1,0,46,11,2040,0,STEADY,223,4.48972,2.8925,0.761121,0.434978,0.0627803,30,0,6,3,1,1,0,58,104,0,0,144,3852470a,0
399,39,39,0,1,2100000399,0,0,0,1652,1,0,6,29,5320,0,STEADY,551,2.6407,1.86834,0.168058,0.15245,0.31216,58,11,11,8,1,9,0,108,114,0,94,211,3852470a,0
399,39,39,0,1,2100000399,1,0,1,1366,1,71,0,23,4800,0,STEADY,456,3.20567,2.15075,0.177906,0.127193,0.541667,0,0,3,9,2,9,0,114,43,0,26,241,3852470a,0
400,0,7,2,1,2100000400,0,2,0,390,1,0,54,9,1730,0,STEADY,130,3.10321,2.66964,0.343077,0.330769,0.484615,44,31,0,7,0,2,0,46,113,0,0,3,3852470a,0
400,0,7,2,1,2100000400,1,2,1,304,1,17,0,8,1480,0,STEADY,102,3.67253,2.58886,0.372353,0.333333,0.372549,42,28,1,5,1,1,0,100,96,0,0,0,3852470a,0
401,1,8,3,1,2100000401,0,3,1,2014,1,11,0,37,6180,0,STEADY,672,3.95876,2.71445,0.171778,0.620536,0.136905,366,72,4,30,0,3,0,116,125,0,281,28,3852470a,0
401,1,8,3,1,2100000401,1,3,0,1765,1,0,50,32,5530,0,STEADY,589,3.69726,2.40378,0.184525,0.641766,0.113752,47,0,0,29,0,3,0,66,136,0,223,0,3852470a,0
402,2,9,4,1,2100000402,0,0,0,742,1,0,4,14,2660,0,STEADY,248,3.81161,2.07607,0.283609,0.633065,0.225806,29,4,4,10,0,0,0,145,94,0,0,295,3852470a,0
402,2,9,4,1,2100000402,1,0,1,1251,1,57,0,23,4190,0,STEADY,417,4.4065,4.00805,0.171847,0.438849,0.491607,0,0,4,19,0,0,0,151,37,0,0,16,3852470a,0
403,3,10,5,1,2100000403,0,1,0,367,1,0,113,8,1510,0,STEADY,123,5.13671,3.5213,0.485325,0.422764,0.0813008,57,10,5,1,1,1,0,11,106,0,15,0,3852470a,0
403,3,10,5,1,2100000403,1,1,0,330,1,0,102,8,1440,0,STEADY,110,5.75496,3.61162,0.559545,0.445455,0.0818182,42,9,6,0,1,1,0,22,106,0,15,0,3852470a,0
404,4,11,0,1,2100000404,0,2,0,1802,1,0,107,36,6280,0,STEADY,601,4.14269,5.72105,0.166789,0.507488,0.306156,530,177,0,33,1,2,0,48,136,13,0,78,3852470a,0
404,4,11,0,1,2100000404,1,2,0,2700,3,64,117,53,9140,0,STEADY,900,4.31783,4.41559,0.140127,0.467778,0.278889,0,0,0,51,1,1,0,91,72,13,0,254,3852470a,0
405,5,12,1,1,2100000405,0,3,1,628,1,23,0,14,2320,0,STEADY,210,2.86433,2.14612,0.260738,0.614286,0.0142857,35,2,8,2,2,2,0,111,118,0,38,0,3852470a,0
405,5,12,1,1,2100000405,1,3,1,445,1,87,0,11,1840,0,STEADY,149,3.03047,3.13496,0.296409,0.52349,0.107383,0,0,6,2,1,2,0,111,54,0,43,0,3852470a,0
406,6,13,2,1,2100000406,0,0,0,1453,1,0,16,27,4840,0,STEADY,485,4.88062,6.41547,0.154227,0.0329897,0.214433,286,2,24,0,2,1,0,88,131,0,0,117,3852470a,0
406,6,13,2,1,2100000406,1,0,1,1455,1,42,0,27,4840,0,STEADY,485,4.33792,5.6199,0.140062,0.028866,0.119588,214,5,24,0,2,1,0,104,89,0,0,14,3852470a,0
407,7,14,3,1,2100000407,0,1,1,742,1,45,0,17,2410,0,STEADY,248,2.7813,5.88981,0.251109,0.0967742,0.685484,0,0,12,4,0,1,0,113,55,0,0,0,3852470a,0
407,7,14,3,1,2100000407,1,1,1,883,1,45,0,20,2770,0,STEADY,295,2.83245,5.32196,0.209407,0.105085,0.742373,0,0,15,4,0,1,0,113,55,0,0,0,3852470a,0
408,8,15,4,1,2100000408,0,2,1,1067,1,32,0,21,3530,0,STEADY,356,3.12981,1.86517,0.20073,0.497191,0.320225,15,3,11,2,6,2,0,118,84,0,0,149,3852470a,0
408,8,15,4,1,2100000408,1,2,1,1271,1,72,0,23,4130,0,STEADY,424,3.50995,4.48013,0.219233,0.431604,0.193396,0,0,12,4,4,3,0,118,44,0,9,47,3852470a,0
409,9,16,5,1,2100000409,0,3,0,723,1,0,28,11,2340,0,STEADY,241,3.04412,3.75396,0.59361,0.0539419,0.244813,103,46,6,3,2,0,0,87,149,0,0,23,3852470a,0
409,9,16,5,1,2100000409,1,3,1,1321,1,78,0,20,4350,0,STEADY,441,4.22136,4.20006,0.373866,0.138322,0.292517,0,0,10,5,5,0,0,115,81,10,0,154,3852470a,0
410,10,17,0,1,2100000410,0,0,0,500,1,0,18,11,2030,0,STEADY,167,4.13152,4.61275,0.272575,0.155689,0.586826,97,84,7,3,1,0,0,99,124,0,0,0,3852470a,0
410,10,17,0,1,2100000410,1,0,0,850,1,0,42,17,3090,0,STEADY,284,5.14084,5.01095,0.192183,0.112676,0.535211,23,10,11,5,1,0,0,68,124,0,0,63,3852470a,0
411,11,18,1,1,2100000411,0,1,1,1846,1,75,0,33,6080,0,STEADY,616,3.01803,2.14791,0.202127,0.186688,0.108766,0,0,13,13,0,7,0,129,102,60,30,192,3852470a,0
411,11,18,1,1,2100000411,1,1,0,1042,1,0,25,21,3440,0,STEADY,348,3.22479,3.3766,0.241997,0.112069,0.112069,246,24,12,5,0,4,0,104,165,48,20,115,3852470a,0
412,12,19,2,1,2100000412,0,2,1,986,1,19,0,17,3280,0,STEADY,329,3.79639,5.10243,0.222052,0.276596,0.151976,105,29,5,3,7,2,0,132,92,0,0,48,3852470a,0
412,12,19,2,1,2100000412,1,2,1,1463,1,19,0,24,4930,0,STEADY,488,3.59992,6.4149,0.185482,0.286885,0.129098,198,22,4,4,11,5,0,132,92,0,0,12,3852470a,0
413,13,20,3,1,2100000413,0,3,1,818,1,74,0,15,2900,0,STEADY,273,6.4221,2.62589,0.287637,0.571429,0.227106,0,0,9,1,5,0,0,102,30,0,0,149,3852470a,0
413,13,20,3,1,2100000413,1,3,1,1069,1,2,0,20,3660,0,STEADY,357,4.90328,2.63478,0.187745,0.467787,0.302521,46,8,16,1,2,1,0,98,102,0,0,154,3852470a,0
414,14,21,4,1,2100000414,0,0,0,1927,1,0,20,38,5880,0,STEADY,643,3.16689,5.6887,0.590941,0.0466563,0.101089,90,27,2,21,3,12,0,104,113,0,17,26,3852470a,0
414,14,21,4,1,2100000414,1,0,0,1906,1,0,14,37,5600,0,STEADY,636,3.0662,4.09506,0.625259,0.0518868,0.0786164,87,30,3,21,3,10,0,110,113,0,34,72,3852470a,0
415,15,22,5,1,2100000415,0,1,0,1687,1,0,89,31,5280,0,STEADY,563,3.01374,4.65361,0.255995,0.362345,0.213144,68,25,6,17,1,7,0,86,118,0,15,0,3852470a,0
415,15,22,5,1,2100000415,1,1,0,1609,1,0,115,28,4980,0,STEADY,537,2.95176,6.88147,0.189302,0.404097,0.27933,276,75,0,23,1,4,0,60,118,0,38,0,3852470a,0
416,16,23,0,1,2100000416,0,2,1,1114,1,45,0,21,4010,0,STEADY,372,4.28433,6.49576,0.13793,0.0913978,0.787634,33,33,17,3,0,1,0,114,70,0,0,21,3852470a,0
416,16,23,0,1,2100000416,1,2,1,1000,1,50,0,19,3670,0,STEADY,334,4.29479,8.70248,0.143278,0.113772,0.832335,0,0,15,2,1,1,0,112,65,0,0,0,3852470a,0
417,17,24,1,1,2100000417,0,3,1,509,1,25,0,10,1840,0,STEADY,170,3.10722,2.39942,0.492735,0.264706,0.294118,95,45,3,3,0,4,0,125,89,24,0,0,3852470a,0
417,17,24,1,1,2100000417,1,3,1,1082,1,72,0,17,3720,0,STEADY,361,3.02049,2.12456,0.481302,0.33518,0.146814,0,0,1,6,0,10,0,125,68,60,0,0,3852470a,0
418,18,25,2,1,2100000418,0,0,1,501,1,49,0,12,2160,0,STEADY,167,4.02928,2.69549,0.437653,0.299401,0.413174,38,35,7,5,0,0,0,104,80,0,0,39,3852470a,0
418,18,25,2,1,2100000418,1,0,1,498,1,28,0,12,2160,0,STEADY,166,4.14291,3.12197,0.434265,0.331325,0.331325,54,35,7,5,0,0,0,104,101,0,0,31,3852470a,0
419,19,26,3,1,2100000419,0,1,0,850,1,0,12,16,2920,0,STEADY,284,3.58765,1.85943,0.226813,0.577465,0.271127,103,22,13,1,1,1,0,96,132,0,0,110,3852470a,0
419,19,26,3,1,2100000419,1,1,0,771,1,0,18,15,2680,0,STEADY,257,3.99464,2.95906,0.257393,0.474708,0.276265,80,25,13,0,1,1,0,90,132,0,9,97,3852470a,0
420,20,27,4,1,2100000420,0,2,1,1033,1,62,0,19,3640,0,STEADY,345,5.23202,2.35522,0.253014,0.626087,0.191304,0,0,14,2,0,3,0,145,40,0,26,200,3852470a,0
420,20,27,4,1,2100000420,1,2,0,791,1,0,111,15,2870,0,STEADY,264,5.99226,2.61109,0.21142,0.484848,0.325758,103,50,11,1,1,2,0,34,102,0,0,209,3852470a,0
421,21,28,5,1,2100000421,0,3,0,577,1,0,4,12,2130,0,STEADY,193,3.51639,3.4673,0.328601,0.0932642,0.533679,104,79,9,1,2,0,0,107,124,0,0,119,3852470a,0
421,21,28,5,1,2100000421,1,3,1,901,1,28,0,19,2870,0,STEADY,301,2.92456,3.6401,0.223904,0.0332226,0.368771,83,21,7,10,2,0,0,99,96,0,0,66,3852470a,0
422,22,29,0,1,2100000422,0,0,1,2300,1,22,0,34,8450,0,STEADY,767,2.95407,3.98127,0.177984,0.173403,0.104302,181,10,6,17,11,0,0,102,153,0,28,106,3852470a,0
422,22,29,0,1,2100000422,1,0,1,1445,1,108,0,22,5610,0,STEADY,482,2.9343,2.23511,0.221224,0.178423,0.0809129,0,0,2,13,7,0,0,102,67,0,52,221,3852470a,0
423,23,30,1,1,2100000423,0,1,0,527,1,0,101,12,1940,0,STEADY,176,4.09906,2.90566,0.518977,0.244318,0.369318,87,43,2,10,0,0,0,24,109,4,0,97,3852470a,0
423,23,30,1,1,2100000423,1,1,1,2037,1,34,0,40,6200,0,STEADY,679,3.33971,2.20137,0.356105,0.197349,0.106038,140,20,12,28,0,0,0,122,89,18,0,109,3852470a,0
424,24,31,2,1,2100000424,0,2,0,1057,1,0,64,19,3720,0,STEADY,353,3.16881,1.6862,0.235269,0.470255,0.286119,110,51,5,6,2,6,0,68,125,0,63,114,3852470a,0
424,24,31,2,1,2100000424,1,2,0,466,1,0,75,11,1880,0,STEADY,156,3.61327,1.97156,0.295769,0.525641,0.25641,49,22,6,2,2,1,0,66,125,0,20,143,3852470a,0
425,25,32,3,1,2100000425,0,3,0,590,1,0,72,12,1900,0,STEADY,197,4.34828,2.27612,0.415736,0.695431,0.0203046,45,0,4,6,2,0,0,49,104,0,48,5,3852470a,0
425,25,32,3,1,2100000425,1,3,0,586,1,0,86,13,1970,0,STEADY,196,3.78625,2.61366,0.334923,0.55102,0.0204082,43,0,6,5,2,0,0,35,104,0,23,0,3852470a,0
426,26,33,4,1,2100000426,0,0,0,1624,1,0,12,32,4960,0,STEADY,542,3.06627,3.79286,0.192076,0.197417,0.396679,431,205,11,20,1,0,0,140,108,0,0,109,3852470a,0
426,26,33,4,1,2100000426,1,0,0,916,1,0,55,20,2920,0,STEADY,306,3.18123,2.4275,0.220719,0.156863,0.431373,245,120,11,8,1,0,0,97,108,0,0,156,3852470a,0
427,27,34,5,1,2100000427,0,1,1,776,2,69,134,14,2620,0,STEADY,259,5.80274,2.2523,0.293224,0.567568,0.169884,0,0,11,2,1,0,0,6,76,0,0,600,3852470a,0
427,27,34,5,1,2100000427,1,1,0,553,1,0,108,11,2110,0,STEADY,185,4.96293,3.46648,0.350568,0.524324,0.108108,33,18,8,2,1,0,0,32,145,0,0,0,3852470a,0
428,28,35,0,1,2100000428,0,2,1,1259,1,27,0,23,4290,0,STEADY,420,5.39878,3.79593,0.181738,0.540476,0.359524,231,84,4,18,1,0,0,128,84,0,0,0,3852470a,0
428,28,35,0,1,2100000428,1,2,1,1237,1,69,0,21,4300,0,STEADY,413,5.27644,5.62729,0.18655,0.523002,0.457627,0,0,9,11,1,0,0,115,42,0,0,0,3852470a,0
429,29,36,1,1,2100000429,0,3,1,698,1,65,0,12,2720,0,STEADY,233,4.38957,2.48472,0.473112,0.39485,0.240343,0,0,0,4,8,0,0,93,37,0,75,12,3852470a,0
429,29,36,1,1,2100000429,1,3,1,1075,1,5,0,20,3760,0,STEADY,359,3.83084,2.37335,0.23688,0.328691,0.233983,56,5,7,5,8,0,0,93,97,0,70,0,3852470a,0
430,30,37,2,1,2100000430,0,0,0,799,1,0,59,20,2520,0,STEADY,267,4.54425,3.17635,0.230989,0.101124,0.617978,158,121,17,3,0,0,0,91,125,0,0,120,3852470a,0
430,30,37,2,1,2100000430,1,0,0,1298,1,0,43,32,3680,0,STEADY,433,4.19156,2.52284,0.147524,0.0669746,0.408776,121,26,28,3,0,1,0,107,125,0,20,323,3852470a,0
431,31,38,3,1,2100000431,0,1,0,481,1,0,41,8,1560,0,STEADY,161,5.29656,5.03448,0.66472,0.304348,0.0124224,89,0,0,6,2,0,0,63,141,9,0,0,3852470a,0
431,31,38,3,1,2100000431,1,1,0,604,1,0,89,11,1970,0,STEADY,202,5.49898,4.6156,0.570223,0.366337,0.00990099,54,2,0,10,1,0,0,15,141,9,0,0,3852470a,0
432,32,39,4,1,2100000432,0,2,1,2550,2,65,98,45,7980,0,STEADY,850,3.67041,1.96244,0.111382,0.181176,0.436471,0,0,41,0,3,1,0,16,56,0,0,600,3852470a,0
432,32,39,4,1,2100000432,1,2,1,1753,1,73,0,32,5770,0,STEADY,585,4.22342,6.70095,0.121453,0.0529915,0.815385,0,0,28,0,3,1,0,114,48,0,0,54,3852470a,0
433,33,0,5,1,2100000433,0,3,1,436,1,7,0,9,1690,0,STEADY,146,3.18134,3.71458,0.546815,0.226027,0.0684932,35,10,5,3,1,0,0,113,145,0,0,0,3852470a,0
433,33,0,5,1,2100000433,1,3,1,451,1,8,0,9,1740,0,STEADY,151,3.24968,4.93361,0.514868,0.18543,0.0794702,68,12,6,3,0,0,0,113,144,0,0,0,3852470a,0
434,34,1,0,1,2100000434,0,0,0,733,1,0,21,15,2520,0,STEADY,245,3.58771,2.50443,0.261592,0.538776,0.253061,67,29,6,6,2,1,0,119,140,0,0,211,3852470a,0
434,34,1,0,1,2100000434,1,0,0,770,1,0,81,15,2750,0,STEADY,257,3.37548,2.57598,0.287451,0.649805,0.214008,102,29,0,13,2,0,0,55,140,0,0,86,3852470a,0
435,35,2,1,1,2100000435,0,1,0,655,1,0,36,13,2340,0,STEADY,219,4.14235,6.61976,0.292374,0.0958904,0.118721,120,14,10,0,2,1,0,58,101,0,4,14,3852470a,0
435,35,2,1,1,2100000435,1,1,0,786,1,0,64,16,2650,0,STEADY,262,3.41442,3.11529,0.226412,0.0343511,0.0496183,163,0,11,3,1,1,0,30,101,0,0,0,3852470a,0
436,36,3,2,1,2100000436,0,2,0,721,1,0,46,14,2550,0,STEADY,241,3.79124,2.28975,0.235851,0.228216,0.431535,41,36,2,11,0,1,0,60,93,0,0,226,3852470a,0
436,36,3,2,1,2100000436,1,2,1,677,1,30,0,14,2520,0,STEADY,226,3.81102,4.73466,0.232058,0.225664,0.473451,24,20,2,12,0,0,0,106,63,0,0,4,3852470a,0
437,37,4,3,1,2100000437,0,3,1,1318,1,58,0,24,4350,0,STEADY,440,3.72764,3.95208,0.230955,0.111364,0.540909,230,145,21,2,1,0,0,149,92,0,0,0,3852470a,0
437,37,4,3,1,2100000437,1,3,0,658,1,0,90,12,2240,0,STEADY,220,4.34239,3.05889,0.335568,0.259091,0.163636,70,11,10,2,0,0,0,33,150,0,0,0,3852470a,0
438,38,5,4,1,2100000438,0,0,1,1413,2,3,47,26,4540,0,STEADY,471,4.29307,1.66924,0.226189,0.677282,0.225053,89,27,13,12,0,1,0,94,101,0,0,600,3852470a,0
438,38,5,4,1,2100000438,1,0,1,901,2,74,112,17,2890,0,STEADY,301,5.46147,2.12558,0.367458,0.710963,0.149502,0,0,10,7,0,0,0,29,30,0,0,600,3852470a,0
439,39,6,5,1,2100000439,0,1,0,990,2,96,131,16,3560,0,STEADY,330,5.12836,3.6037,0.360424,0.8,0.0030303,0,0,0,7,0,9,0,0,18,0,52,0,3852470a,0
439,39,6,5,1,2100000439,1,1,0,1761,1,0,105,33,5200,0,STEADY,587,4.65449,6.0118,0.158535,0.405451,0.144804,300,37,21,5,1,6,0,26,114,0,54,0,3852470a,0
440,0,14,1,1,2100000440,0,3,0,1044,1,0,34,20,3450,0,STEADY,348,3.08719,3.02413,0.193606,0.241379,0.551724,249,156,3,15,0,2,0,79,113,0,0,0,3852470a,0
440,0,14,1,1,2100000440,1,3,0,2056,1,0,16,42,5890,0,STEADY,686,2.78641,2.02787,0.113987,0.112245,0.733236,490,415,27,14,0,1,0,97,113,0,0,44,3852470a,0
441,1,15,2,1,2100000441,0,0,1,1345,1,110,0,25,4360,0,STEADY,449,2.85683,1.39206,0.195523,0.545657,0.331849,0,0,1,21,1,2,0,118,40,14,116,241,3852470a,0
441,1,15,2,1,2100000441,1,0,1,1509,1,102,0,28,4950,0,STEADY,503,3.08746,2.30154,0.20839,0.481113,0.272366,0,0,0,24,1,3,0,118,48,14,92,142,3852470a,0
442,2,16,3,1,2100000442,0,1,0,1037,1,0,71,17,3170,0,STEADY,346,5.29112,2.89527,0.299769,0.488439,0.286127,116,63,4,13,0,0,0,44,94,0,0,378,3852470a,0
442,2,16,3,1,2100000442,1,1,0,1382,1,0,19,24,4480,0,STEADY,461,5.81948,2.92084,0.1832,0.520607,0.29718,231,120,5,18,0,1,0,96,94,0,0,538,3852470a,0
443,3,17,4,1,2100000443,0,2,0,424,1,0,55,9,1680,0,STEADY,142,3.08339,2.47587,0.324965,0.373239,0.274648,27,13,6,1,1,1,0,49,106,0,0,91,3852470a,0
443,3,17,4,1,2100000443,1,2,0,756,1,0,76,15,2650,0,STEADY,252,4.66997,1.95507,0.21123,0.373016,0.289683,20,8,13,1,0,1,0,34,106,0,0,335,3852470a,0
444,4,18,5,1,2100000444,0,3,0,720,1,0,57,15,2510,0,STEADY,240,3.31726,3.41504,0.439425,0.4375,0.05,64,11,4,8,1,2,0,72,149,26,0,4,3852470a,0
444,4,18,5,1,2100000444,1,3,1,810,1,39,0,16,2780,0,STEADY,270,3.58387,2.69465,0.426822,0.422222,0.185185,7,5,4,8,2,2,0,129,84,0,0,58,3852470a,0
445,5,19,0,1,2100000445,0,0,1,1882,1,98,0,34,5840,0,STEADY,628,3.25953,4.27437,0.177237,0.350318,0.0859873,0,0,17,7,3,7,0,132,43,0,19,113,3852470a,0
445,5,19,0,1,2100000445,1,0,1,1846,1,44,0,31,6000,0,STEADY,616,3.17105,5.6188,0.189075,0.279221,0.086039,203,28,9,11,2,9,0,132,97,0,14,72,3852470a,0
446,6,20,1,1,2100000446,0,1,1,1108,1,84,0,21,3770,0,STEADY,370,6.45764,3.9452,0.196378,0.0567568,0.586486,0,0,19,0,2,0,0,90,47,0,0,285,3852470a,0
446,6,20,1,1,2100000446,1,1,1,770,1,29,0,15,2800,0,STEADY,257,4.43999,2.94947,0.224163,0.0505837,0.599222,34,25,12,0,2,1,0,98,102,0,0,107,3852470a,0
447,7,21,2,1,2100000447,0,2,0,2227,1,0,54,45,6600,0,STEADY,743,3.25595,2.27418,0.20465,0.142665,0.0942127,81,2,21,24,0,0,0,70,100,0,0,125,3852470a,0
447,7,21,2,1,2100000447,1,2,0,2632,1,0,94,54,7630,0,STEADY,878,3.40193,2.61167,0.25455,0.137813,0.0785877,59,18,31,23,0,0,0,30,100,0,0,121,3852470a,0
448,8,22,3,1,2100000448,0,3,1,682,1,30,0,14,2340,0,STEADY,228,2.80473,2.99306,0.335373,0.245614,0.27193,55,26,4,2,6,2,0,175,86,0,10,0,3852470a,0
448,8,22,3,1,2100000448,1,3,1,1464,1,40,0,27,4580,0,STEADY,488,3.44878,2.1266,0.200943,0.372951,0.331967,209,69,16,3,6,2,0,175,76,0,0,191,3852470a,0
449,9,23,4,1,2100000449,0,0,1,1075,1,66,0,19,3800,0,STEADY,359,3.05337,3.37873,0.271045,0.150418,0.345404,0,0,7,7,4,0,1,115,93,10,0,157,3852470a,0
449,9,23,4,1,2100000449,1,0,0,1233,1,0,50,24,3860,0,STEADY,411,2.97795,1.74169,0.231484,0.153285,0.3309,288,113,5,16,2,0,1,67,149,0,0,226,3852470a,0
450,10,24,5,1,2100000450,0,1,1,1175,1,107,0,22,3900,0,STEADY,392,4.08421,7.99783,0.183278,0.0612245,0.772959,0,0,18,3,1,0,0,125,17,0,0,20,3852470a,0
450,10,24,5,1,2100000450,1,1,1,1275,1,63,0,24,4240,0,STEADY,425,3.7871,9.22073,0.160306,0.202353,0.595294,0,0,20,3,1,0,0,125,61,0,0,0,3852470a,0
451,11,25,0,1,2100000451,0,2,0,1199,1,0,24,23,3920,0,STEADY,400,3.10152,2.1974,0.185725,0.255,0.4625,145,97,12,7,0,4,0,80,165,48,10,309,3852470a,0
451,11,25,0,1,2100000451,1,2,0,1355,1,0,17,28,4280,0,STEADY,452,3.02254,2.10506,0.169314,0.179204,0.325221,84,19,19,5,0,4,0,87,165,48,28,313,3852470a,0
452,12,26,1,1,2100000452,0,3,1,562,1,80,0,11,2300,0,STEADY,188,3.3382,2.55907,0.335505,0.420213,0.191489,0,0,2,2,4,3,0,108,31,0,0,3,3852470a,0
452,12,26,1,1,2100000452,1,3,1,1820,1,54,0,32,5890,0,STEADY,607,3.2888,2.43508,0.149654,0.268534,0.344316,0,0,12,5,12,3,0,108,57,0,0,34,3852470a,0
453,13,27,2,1,2100000453,0,0,0,824,1,0,111,16,2980,0,STEADY,275,4.21331,2.43743,0.208582,0.472727,0.323636,199,79,12,1,2,1,0,34,104,0,0,185,3852470a,0
453,13,27,2,1,2100000453,1,0,0,839,1,0,66,17,3030,0,STEADY,280,5.50923,3.14033,0.209357,0.435714,0.464286,194,118,13,2,2,0,0,79,104,0,0,145,3852470a,0
454,14,28,3,1,2100000454,0,1,1,688,1,65,0,13,2000,0,STEADY,230,2.54178,7.75513,0.722239,0.0478261,0.0565217,0,0,1,7,1,4,0,95,48,0,15,0,3852470a,0
454,14,28,3,1,2100000454,1,1,0,1399,1,0,34,29,4120,0,STEADY,467,2.49293,6.85818,0.401338,0.0342612,0,278,0,3,18,0,8,0,77,113,0,15,0,3852470a,0
455,15,29,4,1,2100000455,0,2,0,1691,1,0,16,32,5330,0,STEADY,564,3.58802,1.62362,0.177872,0.657801,0.161348,75,34,6,22,1,3,0,86,118,0,16,309,3852470a,0
455,15,29,4,1,2100000455,1,2,1,2638,1,36,0,47,8230,0,STEADY,880,3.27158,3.89794,0.204528,0.573864,0.107955,15,5,2,36,1,8,0,102,98,16,0,190,3852470a,0
456,16,30,5,1,2100000456,0,3,1,1656,1,44,0,30,5610,0,STEADY,552,3.79392,2.72917,0.154384,0.139493,0.438406,418,203,25,4,0,1,0,125,71,0,0,51,3852470a,0
456,16,30,5,1,2100000456,1,3,1,849,1,8,0,16,3300,0,STEADY,283,5.65751,5.23082,0.219435,0.212014,0.367491,59,28,10,5,0,1,0,125,107,0,0,0,3852470a,0
457,17,31,0,1,2100000457,0,0,1,419,1,41,0,8,1680,0,STEADY,140,3.7683,2.61774,0.605321,0.371429,0.157143,46,14,1,3,0,4,0,132,81,24,0,35,3852470a,0
457,17,31,0,1,2100000457,1,0,1,314,1,50,0,7,1300,0,STEADY,105,3.87833,2.37046,0.60819,0.361905,0.190476,16,7,2,2,0,3,0,141,65,15,0,54,3852470a,0
458,18,32,1,1,2100000458,0,1,1,1403,1,22,0,25,3850,0,STEADY,468,3.79358,2.19205,0.205585,0.0982906,0.273504,290,62,20,5,0,0,0,121,107,0,0,182,3852470a,0
458,18,32,1,1,2100000458,1,1,0,623,1,0,59,14,2420,0,STEADY,208,5.21794,3.10454,0.361476,0.216346,0.451923,128,77,9,5,0,0,0,62,129,0,0,122,3852470a,0
459,19,33,2,1,2100000459,0,2,0,1018,1,0,89,20,3560,0,STEADY,340,3.48116,2.09417,0.180926,0.417647,0.364706,136,64,17,0,1,2,0,63,132,0,44,191,3852470a,0
459,19,33,2,1,2100000459,1,2,0,1489,1,0,14,28,4890,0,STEADY,497,3.60423,2.7062,0.142525,0.344064,0.511066,117,72,26,0,1,1,0,138,132,0,22,250,3852470a,0
460,20,34,3,1,2100000460,0,3,0,817,1,0,88,15,2840,0,STEADY,273,5.76649,2.02684,0.212106,0.512821,0.344322,70,23,12,1,1,1,0,52,102,0,14,573,3852470a,0
460,20,34,3,1,2100000460,1,3,0,481,1,0,140,9,1820,0,STEADY,161,6.82185,2.91353,0.317857,0.695652,0.0559006,24,0,6,1,1,1,0,0,102,0,12,0,3852470a,0
461,21,35,4,1,2100000461,0,0,1,2128,1,62,0,41,6570,0,STEADY,710,3.41308,3.44404,0.226789,0.0056338,0.153521,0,0,33,8,0,0,0,119,62,0,0,137,3852470a,0
461,21,35,4,1,2100000461,1,0,1,1446,1,36,0,29,4570,0,STEADY,482,3.07685,2.01332,0.173102,0.0394191,0.342324,102,40,17,10,2,0,0,119,88,0,0,172,3852470a,0
462,22,36,5,1,2100000462,0,1,1,1241,1,60,0,19,4760,0,STEADY,414,3.30784,4.71119,0.266703,0.164251,0.00483092,37,0,3,10,6,0,0,93,115,0,78,47,3852470a,0
462,22,36,5,1,2100000462,1,1,1,880,1,94,0,14,3560,0,STEADY,294,3.66132,3.90917,0.314092,0.180272,0,0,0,2,8,4,0,0,93,81,0,64,8,3852470a,0
463,23,37,0,1,2100000463,0,2,1,2254,1,28,0,42,6960,0,STEADY,752,4.12479,4.23971,0.433318,0.231383,0.140957,118,19,5,36,1,0,0,150,102,25,0,86,3852470a,0
463,23,37,0,1,2100000463,1,2,1,1306,1,75,0,25,4200,0,STEADY,436,4.44928,5.74422,0.509392,0.254587,0.254587,0,0,1,24,0,0,0,150,53,23,0,37,3852470a,0
464,24,38,1,1,2100000464,0,3,0,939,1,0,15,17,3400,0,STEADY,313,3.00228,2.03752,0.248498,0.28754,0.303514,31,1,4,5,3,5,0,89,125,0,39,0,3852470a,0
464,24,38,1,1,2100000464,1,3,0,538,1,0,41,10,2160,0,STEADY,180,4.24584,2.20317,0.361889,0.372222,0.261111,67,16,1,5,1,3,0,63,125,0,60,0,3852470a,0
465,25,39,2,1,2100000465,0,0,0,2165,1,0,5,43,6370,0,STEADY,722,2.91378,2.18516,0.156309,0.581717,0.198061,403,78,20,21,2,0,0,109,104,0,0,124,3852470a,0
465,25,39,2,1,2100000465,1,0,0,2521,1,0,9,47,7780,0,STEADY,841,2.86034,1.45503,0.155184,0.419738,0.262782,46,0,6,38,3,0,0,105,104,0,18,112,3852470a,0
466,26,0,3,1,2100000466,0,1,0,2117,1,0,22,40,6400,0,STEADY,706,3.21776,5.80325,0.214008,0.250708,0.330028,495,162,8,32,0,0,0,91,108,0,0,0,3852470a,0
466,26,0,3,1,2100000466,1,1,0,720,1,0,40,14,2450,0,STEADY,240,3.62266,5.85407,0.345563,0.283333,0.4625,112,73,0,13,1,0,0,73,108,0,0,0,3852470a,0
467,27,1,4,1,2100000467,0,2,0,1903,1,0,52,34,6020,0,STEADY,635,3.42628,1.60824,0.144717,0.647244,0.234646,175,32,31,2,1,0,0,84,145,0,0,386,3852470a,0
467,27,1,4,1,2100000467,1,2,0,954,1,0,22,18,3270,0,STEADY,318,3.25095,2.37834,0.260786,0.685535,0.125786,97,14,15,3,0,0,0,114,145,0,0,77,3852470a,0
468,28,2,5,1,2100000468,0,3,0,511,1,0,34,9,1860,0,STEADY,171,6.11479,2.80406,0.664327,0.602339,0.0643275,12,0,4,4,0,1,0,60,111,0,0,359,3852470a,0
468,28,2,5,1,2100000468,1,3,1,346,1,24,0,6,1330,0,STEADY,116,6.67959,3.44916,0.699224,0.560345,0.00862069,20,1,3,2,1,0,0,94,87,0,0,0,3852470a,0
469,29,3,0,1,2100000469,0,0,0,1414,1,0,17,24,4840,0,STEADY,472,3.5814,4.64742,0.23625,0.300847,0.523305,263,178,5,8,11,0,0,89,102,0,98,70,3852470a,0
469,29,3,0,1,2100000469,1,0,0,1108,1,0,5,21,3720,0,STEADY,370,4.19122,2.52963,0.211257,0.32973,0.464865,188,125,9,5,6,0,1,86,102,0,44,179,3852470a,0
470,30,4,1,1,2100000470,0,1,1,935,1,77,0,23,2870,0,STEADY,312,4.43937,3.25337,0.207458,0.134615,0.682692,0,0,19,3,0,1,0,149,48,0,7,110,3852470a,0
470,30,4,1,1,2100000470,1,1,0,766,1,0,39,19,2510,0,STEADY,256,3.8055,3.366,0.214988,0.238281,0.1875,80,24,15,3,0,1,0,97,125,0,15,76,3852470a,0
471,31,5,2,1,2100000471,0,2,0,1764,1,0,81,32,5540,0,STEADY,588,3.17242,1.70274,0.166981,0.408163,0.311224,86,33,2,28,2,0,0,60,141,9,0,124,3852470a,0
471,31,5,2,1,2100000471,1,2,0,1635,1,0,57,33,5060,0,STEADY,545,3.12653,2.14648,0.154183,0.480734,0.306422,80,26,13,19,1,0,0,84,141,9,0,253,3852470a,0
472,32,6,3,1,2100000472,0,3,0,797,1,0,91,15,2880,0,STEADY,266,3.88663,2.38062,0.229004,0.368421,0.37594,141,84,11,0,3,1,0,40,121,0,0,34,3852470a,0
472,32,6,3,1,2100000472,1,3,0,816,1,0,46,15,2880,0,STEADY,272,4.59078,2.85847,0.239798,0.371324,0.419118,65,28,11,0,3,1,0,85,121,0,0,0,3852470a,0
473,33,7,4,1,2100000473,0,0,0,487,1,0,5,12,1860,0,STEADY,163,2.68864,1.8875,0.271503,0.0736196,0.564417,48,36,6,1,5,0,0,95,152,0,0,26,3852470a,0
473,33,7,4,1,2100000473,1,0,0,608,1,0,75,14,2170,0,STEADY,203,2.89925,3.95589,0.27367,0.167488,0.536946,37,32,5,2,7,0,0,25,152,0,0,59,3852470a,0
474,34,8,5,1,2100000474,0,1,0,1399,1,0,20,27,4290,0,STEADY,467,4.61697,2.51989,0.245782,0.640257,0.0899358,122,19,10,15,2,0,0,96,140,0,0,468,3852470a,0
474,34,8,5,1,2100000474,1,1,0,930,1,0,47,17,3010,0,STEADY,310,3.8306,5.65049,0.332984,0.393548,0.148387,93,23,1,14,1,1,0,69,140,0,0,0,3852470a,0
475,35,9,0,1,2100000475,0,2,0,2700,3,78,149,50,8340,0,STEADY,900,2.99873,3.14688,0.119294,0.0233333,0.0844444,0,0,38,7,2,3,0,43,37,14,10,46,3852470a,0
475,35,9,0,1,2100000475,1,2,0,2700,3,65,139,51,8370,0,STEADY,900,2.95148,3.51631,0.0975667,0.0233333,0.0877778,0,0,33,11,2,5,0,32,68,32,20,12,3852470a,0
476,36,10,1,1,2100000476,0,3,0,254,1,0,96,6,1160,0,STEADY,85,5.04086,2.20011,0.468941,0.388235,0.0941176,36,8,2,4,0,0,0,28,93,0,0,52,3852470a,0
476,36,10,1,1,2100000476,1,3,0,549,1,0,103,12,2180,0,STEADY,183,3.99127,2.6276,0.260355,0.284153,0.218579,65,15,2,10,0,0,0,21,93,0,0,0,3852470a,0
477,37,11,2,1,2100000477,0,0,0,2143,1,0,92,38,6930,0,STEADY,715,2.95734,3.23409,0.203427,0.0559441,0.12028,132,9,33,4,1,0,0,85,150,0,0,44,3852470a,0
477,37,11,2,1,2100000477,1,0,0,2059,1,0,96,37,6660,0,STEADY,687,3.15383,2.60879,0.153552,0.0509461,0.250364,109,18,33,3,1,0,0,105,150,0,0,172,3852470a,0
478,38,12,3,1,2100000478,0,1,1,480,1,38,0,10,1820,0,STEADY,160,3.9751,2.17546,0.419187,0.71875,0.08125,28,3,4,5,0,1,0,111,66,0,0,24,3852470a,0
478,38,12,3,1,2100000478,1,1,0,440,1,0,26,9,1650,0,STEADY,147,4.29771,2.83936,0.491429,0.748299,0.0612245,60,7,4,4,0,1,0,85,104,0,0,69,3852470a,0
479,39,13,4,1,2100000479,0,2,1,1301,1,39,0,21,4360,0,STEADY,434,4.18199,4.45959,0.266106,0.301843,0.14977,31,0,3,8,1,9,0,104,75,0,73,165,3852470a,0
479,39,13,4,1,2100000479,1,2,0,1196,1,0,12,22,4000,0,STEADY,399,4.2054,4.20006,0.226479,0.283208,0.180451,78,29,9,5,2,6,0,92,114,0,61,249,3852470a,0
480,0,21,0,2,2100000480,0,0,1,1750,1,14,0,33,5660,0,STEADY,584,3.73143,3.98218,0.196438,0.25,0.246575,144,26,5,25,0,3,0,124,99,0,0,172,3852470a,0
480,0,21,0,2,2100000480,1,0,0,1049,1,0,17,20,3700,0,STEADY,350,4.01689,6.29161,0.2414,0.294286,0.505714,144,82,0,17,0,3,0,107,113,0,0,0,3852470a,0
481,1,22,1,2,2100000481,0,1,1,931,1,112,0,19,3040,0,STEADY,311,3.23294,1.93168,0.246141,0.504823,0.29582,0,0,7,9,1,2,0,175,26,2,94,164,3852470a,0
481,1,22,1,2,2100000481,1,1,1,790,1,74,0,17,2600,0,STEADY,264,3.3496,2.1392,0.240436,0.674242,0.0681818,0,0,9,5,1,2,0,175,74,12,98,163,3852470a,0
482,2,23,2,2,2100000482,0,2,0,612,1,0,41,12,2320,0,STEADY,204,4.03578,4.0136,0.289069,0.622549,0.29902,57,39,4,8,0,0,0,78,94,0,0,0,3852470a,0
482,2,23,2,2,2100000482,1,2,0,503,1,0,6,10,1980,0,STEADY,168,3.99899,6.05092,0.32128,0.595238,0.327381,60,36,4,6,0,0,0,113,94,0,0,0,3852470a,0
483,3,24,3,2,2100000483,0,3,0,2413,1,0,18,43,7420,0,STEADY,805,2.73231,1.52617,0.11923,0.392547,0.175155,92,24,40,0,1,2,0,107,106,0,9,27,3852470a,0
483,3,24,3,2,2100000483,1,3,0,1285,1,0,41,24,4140,0,STEADY,429,3.14583,1.87785,0.17669,0.421911,0.160839,130,21,22,0,0,2,0,84,106,0,0,82,3852470a,0
484,4,25,4,2,2100000484,0,0,0,820,1,0,51,18,2820,0,STEADY,274,3.778,2.19567,0.286672,0.693431,0.149635,63,15,8,7,1,2,0,53,149,26,0,175,3852470a,0
484,4,25,4,2,2100000484,1,0,0,1031,1,0,11,22,3700,0,STEADY,344,4.35243,2.55246,0.25636,0.639535,0.18314,63,24,4,15,1,2,0,93,136,13,0,183,3852470a,0
485,5,26,5,2,2100000485,0,1,1,1988,2,51,62,37,6040,0,STEADY,663,3.65938,2.8303,0.186757,0.53997,0.111614,64,0,21,6,2,8,0,46,90,0,22,600,3852470a,0
485,5,26,5,2,2100000485,1,1,1,2080,1,65,0,36,6640,0,STEADY,694,3.27756,5.88204,0.172788,0.291066,0.23487,0,0,13,9,3,11,0,108,76,0,88,117,3852470a,0
486,6,27,0,2,2100000486,0,2,1,1830,1,12,0,33,5960,0,STEADY,610,5.48662,4.55587,0.157492,0.0540984,0.516393,324,151,29,0,3,1,0,145,119,0,0,117,3852470a,0
486,6,27,0,2,2100000486,1,2,0,875,1,0,95,17,3140,0,STEADY,292,5.37646,5.4751,0.199572,0.0787671,0.260274,88,0,14,0,2,1,0,50,131,0,0,0,3852470a,0
487,7,28,1,2,2100000487,0,3,0,195,1,0,87,5,920,0,STEADY,65,5.38819,3.66209,0.759308,0.307692,0.0153846,12,0,1,3,0,1,0,20,100,0,0,24,3852470a,0
487,7,28,1,2,2100000487,1,3,0,256,1,0,95,7,1040,0,STEADY,86,6.51324,4.05679,0.650698,0.255814,0.0581395,30,3,3,4,0,0,0,0,100,0,0,0,3852470a,0
488,8,29,2,2,2100000488,0,0,1,1975,1,70,0,36,6310,0,STEADY,659,3.16331,1.68444,0.143847,0.446131,0.368741,0,0,23,3,6,4,0,102,46,0,10,227,3852470a,0
488,8,29,2,2,2100000488,1,0,0,914,1,0,44,17,3310,0,STEADY,305,3.91359,2.13709,0.271148,0.301639,0.354098,123,51,7,4,2,4,0,58,116,0,20,173,3852470a,0
489,9,30,3,2,2100000489,0,1,0,1406,1,0,84,28,4260,0,STEADY,469,2.86513,1.61362,0.200362,0.434968,0.304904,321,100,5,21,2,0,0,41,231,82,0,101,3852470a,0
489,9,30,3,2,2100000489,1,1,1,2180,1,123,0,37,6990,0,STEADY,727,2.96174,6.90983,0.221616,0.144429,0.178817,0,0,15,17,5,0,0,122,147,121,0,10,3852470a,0
490,10,31,4,2,2100000490,0,2,1,745,1,7,0,15,2690,0,STEADY,249,5.13777,1.60441,0.232831,0.148594,0.433735,101,68,12,2,1,0,0,150,117,0,0,575,3852470a,0
490,10,31,4,2,2100000490,1,2,1,1251,1,7,0,24,4240,0,STEADY,417,5.03493,3.933,0.159688,0.196643,0.388489,73,71,20,3,1,0,0,150,117,0,0,141,3852470a,0
491,11,32,5,2,2100000491,0,3,1,835,1,83,0,16,2800,0,STEADY,279,3.16443,2.89986,0.434785,0.265233,0.172043,0,0,8,6,0,2,0,121,57,23,12,17,3852470a,0
491,11,32,5,2,2100000491,1,3,1,1432,1,37,0,29,4320,0,STEADY,478,2.6661,2.74567,0.210889,0.135983,0.240586,44,12,21,5,0,3,0,121,104,24,20,123,3852470a,0
492,12,33,0,2,2100000492,0,0,0,919,1,0,50,20,3090,0,STEADY,307,2.88173,2.25743,0.18456,0.234528,0.228013,151,33,13,1,4,2,0,102,111,0,0,242,3852470a,0
492,12,33,0,2,2100000492,1,0,0,1015,1,0,56,20,3470,0,STEADY,339,3.42743,2.36156,0.165177,0.415929,0.336283,155,36,9,2,7,2,0,96,111,0,0,113,3852470a,0
493,13,34,1,2,2100000493,0,1,0,324,1,0,25,7,1330,0,STEADY,108,5.80305,3.23216,0.519306,0.722222,0,34,0,3,2,2,0,0,115,104,0,0,0,3852470a,0
493,13,34,1,2,2100000493,1,1,0,325,1,0,129,8,1500,0,STEADY,109,6.97243,4.90745,0.443532,0.733945,0.0733945,38,8,4,2,2,0,0,11,104,0,0,0,3852470a,0
494,14,35,2,2,2100000494,0,2,0,2700,3,19,11,45,6680,0,STEADY,900,3.55138,5.18944,0.69765,0.0366667,0.0177778,500,16,2,27,0,16,0,99,94,0,69,30,3852470a,0
494,14,35,2,2,2100000494,1,2,0,2700,3,71,72,40,6280,0,STEADY,900,3.56141,4.0156,0.700628,0.0411111,0.0222222,0,0,0,22,1,17,0,38,42,0,30,34,3852470a,0
495,15,36,3,2,2100000495,0,3,0,715,1,0,53,13,2370,0,STEADY,239,3.88664,1.78634,0.396925,0.740586,0,58,0,0,10,1,2,0,40,118,0,0,167,3852470a,0
495,15,36,3,2,2100000495,1,3,0,1435,1,0,63,26,4610,0,STEADY,479,4.31281,4.5774,0.297829,0.661795,0.0521921,37,0,0,22,1,3,0,30,118,0,24,0,3852470a,0
496,16,37,4,2,2100000496,0,0,0,2471,1,0,42,44,7990,0,STEADY,824,4.31224,5.11808,0.0956553,0.104369,0.548544,127,9,39,4,0,1,0,108,115,0,0,0,3852470a,0
496,16,37,4,2,2100000496,1,0,0,551,1,0,69,11,2310,0,STEADY,184,4.37383,3.18268,0.209022,0.190217,0.36413,89,55,7,2,1,1,0,81,115,0,0,72,3852470a,0
497,17,38,5,2,2100000497,0,1,1,441,1,12,0,6,1380,0,STEADY,147,4.07535,4.97489,0.814966,0.258503,0.0748299,3,0,0,3,0,3,0,104,108,18,0,0,3852470a,0
497,17,38,5,2,2100000497,1,1,0,738,1,0,1,13,2360,0,STEADY,246,3.93756,6.00065,0.449167,0.260163,0.00406504,133,1,4,3,0,6,0,103,116,30,0,0,3852470a,0
498,18,39,0,2,2100000498,0,2,1,2700,3,7,33,44,6560,0,STEADY,900,3.41705,2.43576,0.119554,0.09,0.31,234,20,37,7,0,0,0,81,122,0,0,539,3852470a,0
498,18,39,0,2,2100000498,1,2,1,2700,3,33,41,44,6320,0,STEADY,900,3.11246,1.92207,0.120891,0.0533333,0.161111,19,0,39,5,0,0,0,73,96,0,0,237,3852470a,0
499,19,0,1,2,2100000499,0,3,1,779,1,29,0,15,2680,0,STEADY,260,4.03419,1.76651,0.267615,0.534615,0.246154,37,12,13,0,1,1,0,113,103,0,4,147,3852470a,0
499,19,0,1,2,2100000499,1,3,0,617,1,0,1,12,2170,0,STEADY,206,4.64547,2.5497,0.361675,0.587379,0.126214,76,24,10,0,1,1,0,108,132,0,22,40,3852470a,0
500,20,1,2,2,2100000500,0,0,1,524,1,102,0,10,2180,0,STEADY,175,6.29937,2.65395,0.346943,0.537143,0.2,0,0,5,2,1,2,0,142,0,0,0,267,3852470a,0
500,20,1,2,2,2100000500,1,0,0,1280,1,0,13,23,4580,0,STEADY,427,4.81801,3.03319,0.192295,0.423888,0.334895,47,15,16,3,1,3,0,123,102,0,0,130,3852470a,0
501,21,2,3,2,2100000501,0,1,0,1126,1,0,36,21,3730,0,STEADY,376,3.41127,7.87948,0.317301,0.0345745,0.018617,257,1,17,1,3,0,0,58,124,0,0,0,3852470a,0
501,21,2,3,2,2100000501,1,1,1,2700,3,71,15,49,8170,0,STEADY,900,3.07223,4.46154,0.145761,0.0255556,0.131111,0,0,41,6,2,0,0,79,53,0,0,13,3852470a,0
502,22,3,4,2,2100000502,0,2,1,870,1,91,0,15,3690,0,STEADY,290,3.34256,2.12192,0.284724,0.358621,0.248276,0,0,3,7,5,0,0,106,84,0,83,105,3852470a,0
502,22,3,4,2,2100000502,1,2,1,739,1,99,0,13,3270,0,STEADY,247,3.86741,4.57724,0.304672,0.246964,0.117409,0,0,2,7,4,0,0,106,76,0,24,41,3852470a,0
503,23,4,5,2,2100000503,0,3,1,1189,1,20,0,24,3800,0,STEADY,397,2.60123,2.86475,0.234106,0.297229,0.214106,29,0,7,16,1,0,0,136,107,22,0,38,3852470a,0
503,23,4,5,2,2100000503,1,3,1,1423,1,38,0,28,4380,0,STEADY,475,2.45989,2.77101,0.241842,0.214737,0.189474,75,19,9,18,1,0,0,136,89,22,0,51,3852470a,0
504,24,5,0,2,2100000504,0,0,0,1561,1,0,88,27,5240,0,STEADY,521,2.74847,6.06616,0.171631,0.424184,0.318618,24,14,8,8,4,7,0,53,125,0,40,11,3852470a,0
504,24,5,0,2,2100000504,1,0,0,1567,1,0,108,27,5200,0,STEADY,523,2.87921,6.96651,0.164503,0.437859,0.403442,162,73,8,10,1,8,0,33,125,0,58,0,3852470a,0
505,25,6,1,2,2100000505,0,1,0,526,1,0,61,12,2000,0,STEADY,176,5.0714,3.704,0.304602,0.914773,0,35,0,2,8,2,0,0,70,104,0,46,0,3852470a,0
505,25,6,1,2,2100000505,1,1,0,710,1,0,40,15,2590,0,STEADY,237,5.01702,4.62775,0.262658,0.919831,0.0253165,35,6,1,11,3,0,0,91,104,0,32,0,3852470a,0
506,26,7,2,2,2100000506,0,2,0,1213,1,0,4,23,4000,0,STEADY,405,2.76735,3.51412,0.43,0.249383,0.350617,124,76,1,20,2,0,0,96,108,0,0,46,3852470a,0
506,26,7,2,2,2100000506,1,2,1,799,1,14,0,18,2760,0,STEADY,267,3.10194,3.36017,0.229082,0.202247,0.595506,109,61,6,12,0,0,0,100,94,0,0,54,3852470a,0
507,27,8,3,2,2100000507,0,3,0,691,1,0,55,13,2380,0,STEADY,231,3.98254,2.80058,0.360714,0.411255,0.121212,39,5,11,1,1,0,0,61,145,0,0,102,3852470a,0
507,27,8,3,2,2100000507,1,3,0,618,1,0,31,12,2230,0,STEADY,206,4.61222,2.94591,0.360825,0.65534,0.0679612,39,7,9,2,0,1,0,85,145,0,0,0,3852470a,0
508,28,9,4,2,2100000508,0,0,0,1564,1,0,68,28,5120,0,STEADY,522,4.02344,2.90862,0.157682,0.653257,0.237548,406,106,3,23,1,1,0,183,111,0,0,305,3852470a,0
508,28,9,4,2,2100000508,1,0,1,1125,1,10,0,21,3950,0,STEADY,375,4.29652,3.80043,0.171747,0.541333,0.312,13,0,4,16,1,0,0,223,101,0,0,0,3852470a,0
509,29,10,5,2,2100000509,0,1,0,372,1,0,108,7,1480,0,STEADY,124,6.09653,2.99565,0.634597,0.669355,0,39,0,1,2,4,0,0,16,102,0,50,0,3852470a,0
509,29,10,5,2,2100000509,1,1,0,567,1,0,46,10,2160,0,STEADY,189,5.481,3.98817,0.473413,0.47619,0.0687831,84,6,1,3,6,0,0,78,102,0,75,0,3852470a,0
510,30,11,0,2,2100000510,0,2,1,559,1,104,0,14,2060,0,STEADY,187,4.87602,3.29961,0.282925,0.112299,0.540107,0,0,10,3,0,1,0,129,21,0,0,55,3852470a,0
510,30,11,0,2,2100000510,1,2,1,717,1,77,0,18,2420,0,STEADY,239,4.61266,2.72186,0.220502,0.0878661,0.435146,0,0,14,3,0,1,0,129,48,0,18,212,3852470a,0
511,31,12,1,2,2100000511,0,3,0,1406,1,0,78,31,4170,0,STEADY,469,3.91461,3.07219,0.147249,0.882729,0.0021322,168,0,24,6,1,0,0,33,141,9,0,0,3852470a,0
511,31,12,1,2,2100000511,1,3,0,659,1,0,51,15,2150,0,STEADY,220,3.53402,3.71528,0.231273,0.663636,0.231818,88,33,10,4,1,0,0,60,141,9,0,0,3852470a,0
512,32,13,2,2,2100000512,0,0,0,570,1,0,87,11,2270,0,STEADY,190,5.59573,7.54738,0.382421,0.315789,0.147368,37,0,6,0,4,1,0,17,121,0,0,0,3852470a,0
512,32,13,2,2,2100000512,1,0,0,653,1,0,64,12,2560,0,STEADY,218,6.35597,4.4889,0.284564,0.197248,0.0963303,103,11,6,0,4,2,0,40,121,0,0,21,3852470a,0
513,33,14,3,2,2100000513,0,1,1,361,1,47,0,9,1520,0,STEADY,121,3.14537,1.37506,0.438099,0.190083,0.46281,20,20,4,2,3,0,0,113,105,0,0,38,3852470a,0
513,33,14,3,2,2100000513,1,1,1,526,1,41,0,12,1930,0,STEADY,176,3.28549,3.55205,0.334631,0.130682,0.426136,13,12,5,2,5,0,0,113,111,0,0,11,3852470a,0
514,34,15,4,2,2100000514,0,2,1,499,1,16,0,11,1890,0,STEADY,167,3.2493,2.33642,0.337246,0.700599,0.0718563,33,0,5,3,2,1,0,118,124,0,0,157,3852470a,0
514,34,15,4,2,2100000514,1,2,1,1480,1,68,0,29,4780,0,STEADY,494,4.10484,2.54209,0.170364,0.58502,0.242915,0,0,7,20,2,0,0,118,72,0,0,288,3852470a,0
515,35,16,5,2,2100000515,0,3,1,796,1,5,0,17,2520,0,STEADY,266,2.80634,3.34175,0.263853,0.0526316,0.488722,172,99,6,9,1,1,0,115,96,0,0,32,3852470a,0
515,35,16,5,2,2100000515,1,3,0,1646,1,0,7,34,4790,0,STEADY,549,3.4394,2.6858,0.166794,0.0856102,0.296903,198,74,11,21,0,2,0,108,110,9,0,136,3852470a,0
516,36,17,0,2,2100000516,0,0,1,764,1,25,0,15,2760,0,STEADY,255,4.78283,1.72425,0.245784,0.247059,0.556863,184,113,3,12,0,0,0,112,68,0,0,334,3852470a,0
516,36,17,0,2,2100000516,1,0,0,472,1,0,7,10,1840,0,STEADY,158,4.03367,2.39376,0.260633,0.278481,0.449367,12,0,2,8,0,0,0,105,93,0,0,217,3852470a,0
517,37,18,1,2,2100000517,0,1,0,803,1,0,78,15,2820,0,STEADY,268,3.30015,2.3398,0.232743,0.171642,0.156716,163,31,12,2,1,0,0,51,150,0,0,226,3852470a,0
517,37,18,1,2,2100000517,1,1,1,773,1,60,0,15,2790,0,STEADY,258,3.8436,2.44869,0.260407,0.0968992,0.24031,0,0,12,1,2,0,0,129,90,0,0,163,3852470a,0
518,38,19,2,2,2100000518,0,2,1,381,1,6,0,8,1480,0,STEADY,127,5.13866,2.16855,0.579331,0.692913,0.0629921,35,7,4,3,0,1,0,132,98,0,0,125,3852470a,0
518,38,19,2,2,2100000518,1,2,0,751,1,0,16,15,2550,0,STEADY,251,6.01211,3.59836,0.448705,0.645418,0.115538,170,25,8,7,0,0,0,116,104,0,0,0,3852470a,0
519,39,20,3,2,2100000519,0,3,1,2621,1,87,0,47,8160,0,STEADY,874,2.58283,1.81706,0.135749,0.184211,0.139588,0,0,22,12,2,11,0,102,27,0,35,271,3852470a,0
519,39,20,3,2,2100000519,1,3,1,2700,3,19,102,46,8440,0,STEADY,900,2.6729,2.26163,0.128489,0.217778,0.113333,523,75,17,14,1,14,0,0,95,0,34,164,3852470a,0
520,0,28,5,2,2100000520,0,1,0,389,1,0,46,8,1510,0,STEADY,130,4.63151,3.61553,0.495115,0.361538,0.00769231,62,0,1,5,0,2,0,65,113,0,0,0,3852470a,0
520,0,28,5,2,2100000520,1,1,0,541,1,0,42,11,1970,0,STEADY,181,4.8291,3.43913,0.38279,0.281768,0,120,0,2,7,0,2,0,69,113,0,0,19,3852470a,0
521,1,29,0,2,2100000521,0,2,0,2700,3,87,54,48,8270,0,STEADY,900,4.12591,3.25465,0.119889,0.635556,0.261111,0,0,1,44,1,2,0,48,63,14,74,157,3852470a,0
521,1,29,0,2,2100000521,1,2,1,811,2,125,98,15,2770,0,STEADY,271,5.8813,1.93985,0.440074,0.535055,0.332103,0,0,0,10,1,4,0,4,25,14,54,600,3852470a,0
522,2,30,1,2,2100000522,0,3,0,233,1,0,32,5,1060,0,STEADY,78,6.60149,3.65264,0.678333,0.75641,0,27,0,3,2,0,0,0,93,94,0,0,0,3852470a,0
522,2,30,1,2,2100000522,1,3,0,247,1,0,125,6,1230,0,STEADY,83,8.50143,6.30147,0.527229,0.626506,0,18,0,3,3,0,0,0,0,94,0,0,0,3852470a,0
523,3,31,2,2,2100000523,0,0,0,852,1,0,22,17,3000,0,STEADY,284,3.43671,2.12663,0.196567,0.387324,0.119718,60,12,14,0,1,2,0,119,106,0,19,194,3852470a,0
523,3,31,2,2,2100000523,1,0,0,886,1,0,46,18,3170,0,STEADY,296,3.3875,2.70002,0.175541,0.320946,0.0743243,54,1,15,0,1,2,0,95,106,0,15,218,3852470a,0
524,4,32,3,2,2100000524,0,1,0,785,1,0,44,15,2660,0,STEADY,262,6.08696,3.06031,0.474977,0.572519,0.10687,140,12,1,11,1,2,0,77,149,26,0,44,3852470a,0
524,4,32,3,2,2100000524,1,1,0,440,1,0,97,9,1760,0,STEADY,147,6.37005,2.71686,0.533265,0.544218,0.156463,37,15,0,6,2,1,0,24,136,13,0,298,3852470a,0
525,5,33,4,2,2100000525,0,2,0,1048,1,0,79,21,3560,0,STEADY,350,3.36856,7.7979,0.216957,0.491429,0.0885714,72,0,11,4,2,4,0,73,141,0,37,16,3852470a,0
525,5,33,4,2,2100000525,1,2,0,739,1,0,31,15,2640,0,STEADY,247,3.21652,2.9173,0.254109,0.433198,0.1417,56,1,7,3,2,3,0,121,141,0,57,143,3852470a,0
526,6,34,5,2,2100000526,0,3,1,1647,1,27,0,30,5350,0,STEADY,549,2.9193,3.12715,0.145328,0.0637523,0.360656,204,93,27,0,2,1,0,140,104,0,0,309,3852470a,0
526,6,34,5,2,2100000526,1,3,0,673,1,0,43,13,2460,0,STEADY,225,3.29586,4.99216,0.268556,0.173333,0.284444,34,7,10,0,2,1,0,97,131,0,0,0,3852470a,0
527,7,35,0,2,2100000527,0,0,0,2700,3,56,51,53,7980,0,STEADY,900,3.65406,5.21742,0.416083,0.148889,0.127778,0,0,23,29,0,1,0,60,44,0,0,28,3852470a,0
527,7,35,0,2,2100000527,1,0,0,2700,3,100,78,53,7830,0,STEADY,900,3.48626,4.72281,0.310628,0.145556,0.13,0,0,26,26,0,1,0,50,0,0,0,28,3852470a,0
528,8,36,1,2,2100000528,0,1,0,508,1,0,15,10,1960,0,STEADY,170,3.63651,2.23229,0.347265,0.552941,0.241176,59,27,6,2,0,2,0,78,116,0,20,82,3852470a,0
528,8,36,1,2,2100000528,1,1,1,737,1,23,0,14,2670,0,STEADY,246,4.54353,2.83769,0.362683,0.410569,0.138211,35,10,6,3,2,3,0,93,93,0,26,165,3852470a,0
529,9,37,2,2,2100000529,0,2,1,1615,1,127,0,30,5280,0,STEADY,539,3.93899,2.85141,0.169378,0.0630798,0.330241,0,0,9,17,4,0,0,150,126,104,0,173,3852470a,0
529,9,37,2,2,2100000529,1,2,1,2700,3,149,4,53,7800,0,STEADY,900,3.42685,2.15654,0.120683,0.0655556,0.177778,290,82,7,42,4,0,0,146,174,174,0,303,3852470a,0
530,10,38,3,2,2100000530,0,3,0,767,1,0,6,15,2710,0,STEADY,256,4.60889,3.85586,0.239863,0.191406,0.425781,96,58,11,3,1,0,0,98,124,0,0,81,3852470a,0
530,10,38,3,2,2100000530,1,3,0,590,1,0,13,12,2200,0,STEADY,197,4.21536,2.76276,0.363122,0.203046,0.319797,22,22,8,3,1,0,0,91,124,0,0,11,3852470a,0
531,11,39,4,2,2100000531,0,0,1,1617,1,73,0,32,5040,0,STEADY,539,2.8986,1.44114,0.189703,0.330241,0.176252,0,0,20,6,0,6,0,114,86,42,0,168,3852470a,0
531,11,39,4,2,2100000531,1,0,1,733,1,6,0,16,2560,0,STEADY,245,3.13405,1.86829,0.296204,0.497959,0.0612245,32,7,10,4,0,2,0,114,123,12,0,120,3852470a,0
532,12,0,5,2,2100000532,0,1,0,917,1,0,41,17,3110,0,STEADY,306,3.59695,5.50769,0.305801,0.264706,0.30719,229,89,6,2,7,2,0,72,111,0,0,0,3852470a,0
532,12,0,5,2,2100000532,1,1,0,1461,1,0,17,25,4790,0,STEADY,487,3.43891,6.53096,0.246057,0.273101,0.143737,36,0,8,5,10,2,0,96,111,0,0,0,3852470a,0
533,13,1,0,2,2100000533,0,2,0,671,1,0,84,13,2470,0,STEADY,224,3.91907,2.50498,0.272031,0.522321,0.205357,35,9,10,0,2,1,0,52,104,0,0,64,3852470a,0
533,13,1,0,2,2100000533,1,2,0,1547,1,0,14,28,5110,0,STEADY,516,4.08695,6.35004,0.158421,0.432171,0.51938,116,65,22,1,5,0,0,122,104,0,0,33,3852470a,0
534,14,2,1,2,2100000534,0,3,1,672,1,36,0,13,2120,0,STEADY,224,2.51666,4.59205,0.556161,0.0625,0.138393,105,18,0,7,2,4,0,94,77,0,26,0,3852470a,0
534,14,2,1,2,2100000534,1,3,1,2062,1,75,0,41,6080,0,STEADY,688,2.27797,2.08804,0.482267,0.0377907,0.0639535,0,0,0,27,1,13,0,94,38,0,62,7,3852470a,0
535,15,3,2,2,2100000535,0,0,0,1082,1,0,20,20,3620,0,STEADY,361,3.22022,2.42501,0.27838,0.509695,0.299169,77,34,0,15,1,4,0,86,118,0,67,113,3852470a,0
535,15,3,2,2,2100000535,1,0,0,788,1,0,6,16,2830,0,STEADY,263,3.19768,2.63056,0.221996,0.585551,0.186312,80,12,1,12,1,2,0,100,148,30,48,225,3852470a,0
536,16,4,3,2,2100000536,0,1,1,2293,2,30,81,40,7520,0,STEADY,765,5.50912,3.42759,0.141869,0.215686,0.447059,25,1,32,7,0,1,0,98,85,0,0,600,3852470a,0
536,16,4,3,2,2100000536,1,1,1,1539,1,91,0,28,5270,0,STEADY,513,5.66223,7.96075,0.172573,0.105263,0.744639,0,0,23,4,0,1,0,162,24,0,0,66,3852470a,0
537,17,5,4,2,2100000537,0,2,0,1153,1,0,36,19,3900,0,STEADY,385,2.80371,5.92718,0.492403,0.267532,0.116883,96,13,3,7,0,9,0,105,120,54,0,2,3852470a,0
537,17,5,4,2,2100000537,1,2,1,2125,1,23,0,33,6440,0,STEADY,709,3.11469,5.29919,0.618639,0.327221,0.117066,15,1,7,8,0,18,0,141,123,102,0,62,3852470a,0
538,18,6,5,2,2100000538,0,3,0,1142,1,0,45,21,3330,0,STEADY,381,3.47531,2.45805,0.259619,0.244094,0.131234,240,32,16,5,0,0,0,86,129,0,0,74,3852470a,0
538,18,6,5,2,2100000538,1,3,0,745,1,0,51,15,2550,0,STEADY,249,5.02601,2.10503,0.361076,0.550201,0.0963855,73,13,10,5,0,0,0,80,129,0,0,126,3852470a,0
539,19,7,0,2,2100000539,0,0,0,640,1,0,70,14,2510,0,STEADY,214,2.7881,3.84546,0.19993,0.242991,0.546729,65,44,12,0,1,1,0,30,132,0,22,0,3852470a,0
539,19,7,0,2,2100000539,1,0,0,598,1,0,97,13,2340,0,STEADY,200,3.18824,5.35626,0.220625,0.34,0.58,106,70,11,0,1,1,0,3,132,0,22,0,3852470a,0
540,20,8,1,2,2100000540,0,1,1,1493,1,27,0,27,4970,0,STEADY,498,4.96072,3.87669,0.159518,0.536145,0.297189,290,106,21,1,1,4,0,116,75,0,45,210,3852470a,0
540,20,8,1,2,2100000540,1,1,0,1069,1,0,68,20,3720,0,STEADY,357,5.14046,3.23901,0.157129,0.526611,0.294118,120,49,16,1,1,2,0,48,102,0,24,134,3852470a,0
541,21,9,2,2,2100000541,0,2,0,2245,1,0,127,41,7110,0,STEADY,749,3.31118,3.40452,0.362383,0.00934579,0.0373832,57,0,39,0,2,0,0,45,124,0,0,48,3852470a,0
541,21,9,2,2,2100000541,1,2,0,2128,1,0,89,40,6690,0,STEADY,710,3.38637,2.7399,0.307542,0.0084507,0.084507,91,11,33,5,2,0,0,125,124,0,0,83,3852470a,0
542,22,10,3,2,2100000542,0,3,0,809,1,0,98,13,3270,0,STEADY,270,3.04013,1.66127,0.287107,0.462963,0.0185185,75,2,2,7,4,0,0,26,175,0,60,83,3852470a,0
542,22,10,3,2,2100000542,1,3,0,834,1,0,72,13,3270,0,STEADY,278,3.30062,1.84578,0.280698,0.417266,0.111511,82,18,2,7,4,0,0,52,175,0,60,35,3852470a,0
543,23,11,4,2,2100000543,0,0,1,1096,1,58,0,23,3510,0,STEADY,366,2.84069,2.20881,0.324781,0.218579,0.125683,0,0,8,15,0,0,0,153,68,21,0,151,3852470a,0
543,23,11,4,2,2100000543,1,0,1,862,1,29,0,19,2830,0,STEADY,288,3.09696,3.24943,0.233802,0.260417,0.229167,104,39,8,11,0,0,0,141,96,20,0,67,3852470a,0
544,24,12,5,2,2100000544,0,1,0,767,1,0,56,15,2560,0,STEADY,256,3.78275,7.01745,0.297031,0.554688,0.203125,92,17,8,3,2,2,0,55,125,0,20,65,3852470a,0
544,24,12,5,2,2100000544,1,1,0,475,1,0,28,10,1840,0,STEADY,159,4.1494,3.74484,0.455126,0.433962,0.157233,36,14,4,2,2,2,0,83,125,0,40,0,3852470a,0
545,25,13,0,2,2100000545,0,2,1,1311,1,63,0,24,4260,0,STEADY,437,5.52527,7.95352,0.415984,0.334096,0,0,0,0,18,6,0,0,104,41,0,48,0,3852470a,0
545,25,13,0,2,2100000545,1,2,1,1031,1,39,0,19,3350,0,STEADY,344,5.71373,5.67211,0.574099,0.252907,0.0145349,0,0,0,15,4,0,0,104,65,0,17,22,3852470a,0
546,26,14,1,2,2100000546,0,3,1,1309,1,10,0,27,4110,0,STEADY,437,2.9974,2.28476,0.161876,0.157895,0.489703,164,92,11,15,1,0,0,113,98,0,0,113,3852470a,0
546,26,14,1,2,2100000546,1,3,1,1020,1,76,0,21,3420,0,STEADY,340,3.17404,2.30409,0.210044,0.235294,0.514706,0,0,3,18,0,0,0,113,32,0,0,64,3852470a,0
547,27,15,2,2,2100000547,0,0,1,850,1,49,0,16,2960,0,STEADY,284,3.38842,2.52023,0.253609,0.510563,0.267606,18,0,13,2,1,0,0,118,96,0,0,91,3852470a,0
547,27,15,2,2,2100000547,1,0,1,923,1,37,0,18,3270,0,STEADY,308,3.45188,2.81534,0.228685,0.551948,0.285714,37,19,15,3,0,0,0,118,108,0,0,91,3852470a,0
548,28,16,3,2,2100000548,0,1,1,869,1,9,0,15,2900,0,STEADY,290,5.15707,3.14079,0.334672,0.689655,0.103448,124,18,5,10,0,0,0,115,102,0,0,129,3852470a,0
548,28,16,3,2,2100000548,1,1,0,622,1,0,41,11,2250,0,STEADY,208,5.07822,2.53467,0.429856,0.649038,0.149038,61,19,4,6,1,0,0,74,111,0,0,122,3852470a,0
549,29,17,4,2,2100000549,0,2,0,283,1,0,29,7,1280,0,STEADY,95,3.40087,2.29968,0.579474,0.526316,0.0947368,13,0,3,1,2,1,0,75,102,0,25,29,3852470a,0
549,29,17,4,2,2100000549,1,2,0,391,1,0,29,9,1520,0,STEADY,131,3.53073,3.99028,0.436031,0.458015,0.160305,23,5,5,1,2,1,0,79,102,0,21,42,3852470a,0
550,30,18,5,2,2100000550,0,3,0,1872,1,0,14,46,4860,0,STEADY,624,2.17386,2.18343,0.162534,0.0785256,0.235577,362,89,43,3,0,0,0,115,125,0,0,116,3852470a,0
550,30,18,5,2,2100000550,1,3,0,826,1,0,77,20,2520,0,STEADY,276,3.67848,3.30482,0.269826,0.0978261,0.152174,112,42,17,3,0,0,0,52,125,0,0,20,3852470a,0
551,31,19,0,2,2100000551,0,0,1,1523,2,24,90,26,4720,0,STEADY,508,5.21934,4.01931,0.418661,0.366142,0.143701,28,12,0,23,3,0,0,42,135,27,0,600,3852470a,0
551,31,19,0,2,2100000551,1,0,0,929,1,0,93,18,2960,0,STEADY,310,4.978,2.75529,0.232484,0.770968,0.1,167,22,6,10,2,0,0,39,146,14,0,279,3852470a,0
552,32,20,1,2,2100000552,0,1,0,1918,1,0,35,34,6110,0,STEADY,640,6.467,6.6546,0.124625,0.184375,0.551562,165,36,30,0,3,1,0,51,121,0,0,252,3852470a,0
552,32,20,1,2,2100000552,1,1,1,1816,1,12,0,33,5940,0,STEADY,606,5.47079,3.12221,0.124068,0.0676568,0.658416,291,201,29,0,3,1,0,94,109,0,0,457,3852470a,0
553,33,21,2,2,2100000553,0,2,0,2064,1,0,21,40,6310,0,STEADY,688,3.34753,2.72767,0.154397,0.0406977,0.0523256,71,1,23,3,14,0,0,103,152,0,0,167,3852470a,0
553,33,21,2,2,2100000553,1,2,0,1858,1,0,124,35,5860,0,STEADY,620,3.90052,3.80113,0.311395,0.0580645,0.0887097,43,38,26,3,6,0,0,0,152,0,0,45,3852470a,0
554,34,22,3,2,2100000554,0,3,1,1183,1,42,0,24,3730,0,STEADY,395,3.82612,2.34484,0.276873,0.708861,0.0708861,2,0,11,11,2,0,0,175,98,0,0,109,3852470a,0
554,34,22,3,2,2100000554,1,3,0,883,1,0,41,17,2890,0,STEADY,295,3.78734,3.17732,0.331763,0.637288,0.0610169,65,6,4,11,2,0,0,134,140,0,0,0,3852470a,0
555,35,23,4,2,2100000555,0,0,1,1801,1,12,0,36,5550,0,STEADY,601,2.96057,5.01298,0.122712,0.0199667,0.432612,25,0,21,13,1,1,0,117,89,0,0,80,3852470a,0
555,35,23,4,2,2100000555,1,0,0,967,1,0,89,21,3250,0,STEADY,323,2.80421,2.28099,0.187446,0.0464396,0.260062,163,56,11,8,1,1,0,29,101,0,10,73,3852470a,0
556,36,24,5,2,2100000556,0,1,0,1348,1,0,83,25,4390,0,STEADY,450,3.43473,2.52993,0.231144,0.344444,0.126667,112,26,2,23,0,0,0,42,93,0,0,352,3852470a,0
556,36,24,5,2,2100000556,1,1,1,1530,1,25,0,28,4900,0,STEADY,510,2.91566,4.74078,0.166118,0.27451,0.133333,78,38,2,26,0,0,0,125,68,0,0,0,3852470a,0
557,37,25,0,2,2100000557,0,2,1,1701,1,73,0,31,5540,0,STEADY,567,2.9318,2.3479,0.160688,0.0246914,0.356261,0,0,28,2,1,0,0,104,77,0,0,242,3852470a,0
557,37,25,0,2,2100000557,1,2,1,1186,1,66,0,22,4040,0,STEADY,396,4.23833,5.2335,0.192955,0.040404,0.679293,0,0,19,3,0,0,0,104,84,0,0,18,3852470a,0
558,38,26,1,2,2100000558,0,3,0,539,1,0,39,11,2040,0,STEADY,180,3.86488,2.22617,0.338278,0.616667,0.261111,79,23,5,4,1,1,0,69,104,0,0,2,3852470a,0
558,38,26,1,2,2100000558,1,3,1,443,1,17,0,10,1820,0,STEADY,148,4.20123,3.62579,0.391689,0.783784,0.0608108,22,0,5,4,0,1,0,108,87,0,0,0,3852470a,0
559,39,27,2,2,2100000559,0,0,0,2677,1,0,13,49,8160,0,STEADY,893,2.93411,2.77797,0.138494,0.118701,0.0895857,503,30,26,12,1,10,0,132,114,0,93,174,3852470a,0
559,39,27,2,2,2100000559,1,0,1,2233,1,34,0,38,7360,0,STEADY,745,4.36105,5.50517,0.187067,0.221477,0.155705,285,46,11,11,1,15,0,145,80,0,81,45,3852470a,0
560,0,35,4,2,2100000560,0,2,1,1040,1,13,0,20,3350,0,STEADY,347,3.8975,1.87119,0.26902,0.40634,0.334294,58,38,3,16,0,1,0,110,100,0,0,228,3852470a,0
560,0,35,4,2,2100000560,1,2,0,812,1,0,31,16,2770,0,STEADY,271,4.11712,1.51401,0.315185,0.439114,0.357934,77,36,3,11,0,2,0,82,113,0,0,368,3852470a,0
561,1,36,5,2,2100000561,0,3,1,1044,2,132,82,18,3250,0,STEADY,348,5.10376,1.97594,0.38454,0.706897,0.0689655,0,0,0,14,1,3,0,11,17,13,68,600,3852470a,0
561,1,36,5,2,2100000561,1,3,0,759,1,0,27,14,2570,0,STEADY,253,3.82675,3.40464,0.443281,0.359684,0.0632411,58,15,0,10,1,3,0,66,146,10,27,0,3852470a,0
562,2,37,0,2,2100000562,0,0,0,568,1,0,63,11,2150,0,STEADY,190,4.66487,2.8741,0.320763,0.573684,0.257895,80,24,4,7,0,0,0,87,94,0,0,144,3852470a,0
562,2,37,0,2,2100000562,1,0,1,519,1,23,0,11,2130,0,STEADY,173,5.2081,5.59692,0.285723,0.578035,0.323699,96,55,3,7,0,1,0,150,71,0,0,0,3852470a,0
563,3,38,1,2,2100000563,0,1,0,557,1,0,68,12,2150,0,STEADY,186,3.77111,2.18984,0.282527,0.290323,0.107527,18,0,9,0,1,2,0,36,106,0,15,148,3852470a,0
563,3,38,1,2,2100000563,1,1,0,431,1,0,80,10,1810,0,STEADY,144,4.78886,2.66797,0.327812,0.361111,0.0486111,45,1,7,0,1,2,0,24,106,0,30,89,3852470a,0
564,4,39,2,2,2100000564,0,2,1,1710,1,98,0,34,5940,0,STEADY,570,3.89353,4.65507,0.179204,0.450877,0.477193,0,0,0,31,1,2,0,114,51,26,0,108,3852470a,0
564,4,39,2,2,2100000564,1,2,1,1800,1,52,0,36,6300,0,STEADY,600,3.9389,3.60855,0.151013,0.496667,0.325,0,0,1,32,2,1,0,114,84,13,0,196,3852470a,0
565,5,0,3,2,2100000565,0,3,1,862,1,56,0,17,2960,0,STEADY,288,3.05379,1.97836,0.281007,0.388889,0.0694444,14,0,8,3,2,4,0,113,85,0,58,97,3852470a,0
565,5,0,3,2,2100000565,1,3,1,715,1,19,0,15,2440,0,STEADY,239,3.10865,2.01406,0.297301,0.430962,0.0334728,39,1,9,3,1,2,0,113,122,0,31,87,3852470a,0
566,6,1,4,2,2100000566,0,0,0,856,1,0,50,17,3140,0,STEADY,286,2.89037,2.08223,0.199161,0.185315,0.384615,108,61,14,0,2,1,0,86,131,0,0,201,3852470a,0
566,6,1,4,2,2100000566,1,0,0,1474,1,0,56,27,4840,0,STEADY,492,3.36073,2.28887,0.13753,0.109756,0.447154,149,63,24,0,2,1,0,84,131,0,0,338,3852470a,0
567,7,2,5,2,2100000567,0,1,1,1099,1,12,0,21,3540,0,STEADY,367,3.513,9.04172,0.432112,0.242507,0,27,0,3,17,0,1,0,94,88,0,0,0,3852470a,0
567,7,2,5,2,2100000567,1,1,0,1244,1,0,64,23,4000,0,STEADY,415,3.79339,5.22238,0.292096,0.231325,0.00481928,18,0,3,18,0,2,0,30,100,0,0,8,3852470a,0
568,8,3,0,2,2100000568,0,2,1,725,1,10,0,14,2640,0,STEADY,242,3.8235,2.6847,0.302913,0.454545,0.27686,76,21,10,2,0,2,0,100,106,0,10,75,3852470a,0
568,8,3,0,2,2100000568,1,2,0,1697,1,0,39,29,5760,0,STEADY,566,4.99559,2.70011,0.276723,0.30742,0.24735,306,110,9,6,5,9,0,64,116,0,30,376,3852470a,0
569,9,4,1,2,2100000569,0,3,1,766,2,63,31,10,2460,0,STEADY,256,5.78346,1.90221,0.664004,0.257812,0.339844,0,0,8,0,2,0,0,105,130,44,0,600,3852470a,0
569,9,4,1,2,2100000569,1,3,0,1171,1,0,41,20,4050,0,STEADY,391,3.96688,4.89962,0.385153,0.084399,0.450128,221,135,10,7,3,0,0,95,225,76,0,56,3852470a,0
570,10,5,2,2,2100000570,0,0,1,1505,1,75,0,28,5040,0,STEADY,502,6.06952,5.95672,0.18741,0.0936255,0.579681,0,0,18,9,1,0,0,141,49,0,0,113,3852470a,0
570,10,5,2,2,2100000570,1,0,1,2648,1,6,0,48,8340,0,STEADY,883,3.16826,2.29114,0.102678,0.0702152,0.386183,41,15,43,4,1,0,0,141,118,0,0,143,3852470a,0
571,11,6,3,2,2100000571,0,1,1,675,2,115,131,12,2640,0,STEADY,225,5.69765,1.95925,0.473489,0.644444,0.231111,0,0,1,8,0,3,0,0,26,24,21,600,3852470a,0
571,11,6,3,2,2100000571,1,1,0,796,1,0,113,17,2640,0,STEADY,266,4.58715,2.45244,0.24859,0.541353,0.199248,113,20,11,3,0,3,0,18,145,28,30,78,3852470a,0
572,12,7,4,2,2100000572,0,2,0,521,1,0,16,12,1940,0,STEADY,174,3.31683,3.08636,0.274569,0.356322,0.281609,99,38,7,1,3,1,0,84,111,0,0,59,3852470a,0
572,12,7,4,2,2100000572,1,2,0,679,1,0,52,14,2540,0,STEADY,227,3.64116,5.55147,0.242974,0.264317,0.471366,153,85,6,2,4,2,0,48,111,0,0,3,3852470a,0
573,13,8,5,2,2100000573,0,3,1,792,2,14,92,14,2800,0,STEADY,264,5.90541,1.98646,0.328333,0.693182,0.125,60,20,8,0,6,0,0,24,90,0,0,600,3852470a,0
573,13,8,5,2,2100000573,1,3,0,880,1,0,99,16,2930,0,STEADY,294,6.11507,2.84849,0.291207,0.721088,0.105442,107,19,12,1,3,0,0,17,104,0,0,6,3852470a,0
574,14,9,0,2,2100000574,0,0,0,981,1,0,85,17,2760,0,STEADY,327,2.74444,5.40564,0.81367,0.0519878,0.0458716,161,2,1,8,2,6,0,120,113,0,51,0,3852470a,0
574,14,9,0,2,2100000574,1,0,0,1936,1,0,134,34,5360,0,STEADY,646,2.89934,5.01886,0.829071,0.0557276,0.0464396,440,24,0,19,2,12,1,98,113,0,48,0,3852470a,0
575,15,10,1,2,2100000575,0,1,0,495,1,0,96,10,1890,0,STEADY,165,4.40242,2.32704,0.385697,0.660606,0.145455,102,24,0,6,1,3,0,28,118,0,69,114,3852470a,0
575,15,10,1,2,2100000575,1,1,0,681,1,0,94,14,2490,0,STEADY,227,5.12951,3.51017,0.244449,0.810573,0.0440529,98,9,1,10,1,2,0,30,151,33,48,0,3852470a,0
576,16,11,2,2,2100000576,0,2,0,2167,1,0,102,39,7070,0,STEADY,723,3.97612,2.96538,0.108555,0.0525588,0.496542,44,10,35,3,0,1,0,63,115,0,0,227,3852470a,0
576,16,11,2,2,2100000576,1,2,1,2014,1,61,0,36,6700,0,STEADY,672,5.2203,5.36661,0.111682,0.078869,0.834821,0,0,30,5,0,1,0,165,54,0,0,82,3852470a,0
577,17,12,3,2,2100000577,0,3,1,370,1,24,0,7,1460,0,STEADY,124,3.63988,2.19203,0.658629,0.306452,0.193548,41,13,1,3,0,3,0,111,92,18,0,60,3852470a,0
577,17,12,3,2,2100000577,1,3,1,407,1,26,0,8,1680,0,STEADY,136,4.02244,2.66156,0.601654,0.382353,0.154412,14,2,1,3,0,4,0,111,90,18,0,69,3852470a,0
578,18,13,4,2,2100000578,0,0,1,383,1,29,0,8,1640,0,STEADY,128,5.54434,1.4936,0.608961,0.453125,0.171875,11,2,3,5,0,0,0,104,100,0,0,307,3852470a,0
578,18,13,4,2,2100000578,1,0,1,586,1,23,0,13,2410,0,STEADY,196,6.10249,4.58679,0.414929,0.280612,0,63,0,7,6,0,0,0,104,106,0,0,59,3852470a,0
579,19,14,5,2,2100000579,0,1,0,604,1,0,6,12,2240,0,STEADY,202,3.16566,3.36886,0.331634,0.50495,0.272277,55,29,9,1,1,1,0,107,132,0,22,0,3852470a,0
579,19,14,5,2,2100000579,1,1,1,574,1,5,0,11,2070,0,STEADY,192,3.33162,3.35392,0.345573,0.46875,0.135417,42,16,8,1,1,1,0,113,127,0,16,24,3852470a,0
580,20,15,0,2,2100000580,0,2,1,1189,1,42,0,22,4090,0,STEADY,397,4.39221,2.57489,0.181096,0.503778,0.309824,0,0,17,1,1,3,0,118,60,0,0,83,3852470a,0
580,20,15,0,2,2100000580,1,2,0,2182,1,0,6,38,7260,0,STEADY,728,5.79541,2.96608,0.183599,0.57967,0.271978,44,11,29,3,2,4,0,112,102,0,0,327,3852470a,0
581,21,16,1,2,2100000581,0,3,0,1771,1,0,66,32,5530,0,STEADY,591,2.96125,2.28132,0.185702,0.0101523,0.0761421,213,1,29,1,2,0,0,49,124,0,0,7,3852470a,0
581,21,16,1,2,2100000581,1,3,0,625,1,0,66,13,2080,0,STEADY,209,3.41052,2.4744,0.326651,0,0.119617,103,10,8,4,1,0,0,49,124,0,0,24,3852470a,0
582,22,17,2,2,2100000582,0,0,1,865,1,45,0,16,3750,0,STEADY,289,2.9761,2.85012,0.227931,0.214533,0.470588,20,0,5,5,5,0,1,92,130,0,112,101,3852470a,0
582,22,17,2,2,2100000582,1,0,0,737,1,0,20,14,3280,0,STEADY,246,3.04406,2.33885,0.230683,0.182927,0.658537,102,72,6,4,4,0,0,100,175,0,103,94,3852470a,0
583,23,18,3,2,2100000583,0,1,1,1282,1,34,0,25,4120,0,STEADY,428,3.26051,5.68208,0.261145,0.257009,0.292056,11,0,4,20,1,0,0,129,80,9,0,0,3852470a,0
583,23,18,3,2,2100000583,1,1,1,1293,1,58,0,24,4100,0,STEADY,431,3.46448,5.15724,0.292042,0.269142,0.141531,0,0,1,22,1,0,0,129,56,9,0,6,3852470a,0
584,24,19,4,2,2100000584,0,2,1,1840,1,12,0,34,5520,0,STEADY,614,3.51879,2.03144,0.174161,0.584691,0.125407,142,5,20,6,2,6,0,132,113,0,39,524,3852470a,0
584,24,19,4,2,2100000584,1,2,1,2089,1,30,0,38,6280,0,STEADY,697,2.80327,1.44527,0.140552,0.549498,0.192253,60,0,21,8,1,8,0,132,95,0,29,274,3852470a,0
585,25,20,5,2,2100000585,0,3,0,1849,1,0,102,33,5570,0,STEADY,617,6.19131,2.70124,0.182156,0.844408,0.0470016,35,0,2,29,2,0,0,0,104,0,16,557,3852470a,0
585,25,20,5,2,2100000585,1,3,0,1033,1,0,102,20,3310,0,STEADY,345,4.78365,2.25721,0.266145,0.547826,0.0898551,44,20,3,15,2,0,0,0,104,0,27,407,3852470a,0
586,26,21,0,2,2100000586,0,0,1,1397,1,3,0,29,4330,0,STEADY,466,3.63072,3.33619,0.162049,0.124464,0.418455,287,122,12,17,0,0,0,124,105,0,0,162,3852470a,0
586,26,21,0,2,2100000586,1,0,1,1723,1,6,0,35,5300,0,STEADY,575,3.64398,4.1525,0.176687,0.18087,0.26087,437,111,13,22,0,0,0,124,102,0,0,157,3852470a,0
587,27,22,1,2,2100000587,0,1,1,1362,1,23,0,25,4490,0,STEADY,454,2.86278,1.71803,0.185606,0.486784,0.38326,44,9,22,2,1,0,0,175,122,0,0,187,3852470a,0
587,27,22,1,2,2100000587,1,1,0,774,1,0,103,15,2790,0,STEADY,258,3.76907,2.75941,0.253333,0.511628,0.263566,132,44,12,2,1,0,0,72,145,0,0,165,3852470a,0
588,28,23,2,2,2100000588,0,2,1,483,1,22,0,10,2060,0,STEADY,161,4.2132,4.24681,0.318043,0.670807,0.204969,36,19,3,5,1,1,0,118,89,0,0,0,3852470a,0
588,28,23,2,2,2100000588,1,2,1,2149,1,22,0,37,7070,0,STEADY,717,3.57332,5.20443,0.12341,0.535565,0.37099,164,44,9,26,1,1,0,118,89,0,0,0,3852470a,0
589,29,24,3,2,2100000589,0,3,0,1723,1,0,22,29,5760,0,STEADY,575,2.69865,1.50887,0.197974,0.497391,0.273043,44,14,7,9,13,0,0,103,102,0,50,72,3852470a,0
589,29,24,3,2,2100000589,1,3,1,1288,1,17,0,22,4400,0,STEADY,430,3.66487,2.33591,0.316558,0.437209,0.176744,66,21,5,7,10,0,0,125,85,0,42,62,3852470a,0
590,30,25,4,2,2100000590,0,0,1,636,1,44,0,16,2240,0,STEADY,212,3.45423,1.93461,0.2625,0.301887,0.278302,10,4,12,3,0,1,0,104,81,0,0,146,3852470a,0
590,30,25,4,2,2100000590,1,0,1,1116,1,5,0,28,3320,0,STEADY,372,3.41856,2.30787,0.160398,0.260753,0.260753,129,42,24,3,0,1,0,104,120,0,0,125,3852470a,0
591,31,26,5,2,2100000591,0,1,0,1691,1,0,68,30,5150,0,STEADY,564,3.70401,4.42642,0.321348,0.409574,0.0744681,314,42,5,22,3,0,0,40,150,18,0,0,3852470a,0
591,31,26,5,2,2100000591,1,1,1,1993,1,14,0,36,6120,0,STEADY,665,3.40019,4.93519,0.363729,0.440602,0.102256,46,7,6,27,3,0,0,108,145,27,0,0,3852470a,0
592,32,27,0,2,2100000592,0,2,0,570,1,0,54,11,2200,0,STEADY,190,4.62762,2.49374,0.282105,0.384211,0.373684,58,20,7,0,3,1,0,91,121,0,0,176,3852470a,0
592,32,27,0,2,2100000592,1,2,0,1985,1,0,20,35,6490,0,STEADY,662,5.82707,5.0222,0.13639,0.128399,0.515106,134,39,28,0,6,1,0,125,121,0,0,150,3852470a,0
593,33,28,1,2,2100000593,0,3,1,222,1,13,0,5,870,0,STEADY,74,4.54569,3.88111,0.752838,0.189189,0.0405405,9,0,3,1,1,0,0,107,139,0,0,0,3852470a,0
593,33,28,1,2,2100000593,1,3,0,530,1,0,18,12,1930,0,STEADY,177,4.51962,2.9149,0.311497,0.163842,0.0960452,101,8,5,2,5,0,0,77,152,0,0,0,3852470a,0
594,34,29,2,2,2100000594,0,0,1,1855,1,27,0,36,5720,0,STEADY,619,3.23625,2.23787,0.178716,0.531502,0.240711,17,2,12,22,2,0,0,102,113,0,0,103,3852470a,0
594,34,29,2,2,2100000594,1,0,1,2700,3,35,16,49,8230,0,STEADY,900,4.08457,3.21937,0.117556,0.516667,0.36,34,11,6,41,2,0,0,86,105,0,0,141,3852470a,0
595,35,30,3,2,2100000595,0,1,0,913,1,0,125,20,2880,0,STEADY,305,3.30435,1.74986,0.188148,0.15082,0.252459,164,39,6,12,1,1,0,0,101,0,10,152,3852470a,0
595,35,30,3,2,2100000595,1,1,0,1645,1,0,51,32,5200,0,STEADY,549,3.16043,5.16909,0.13663,0.0382514,0.0710383,59,17,22,7,1,2,0,74,110,9,10,33,3852470a,0
596,36,31,4,2,2100000596,0,2,0,394,1,0,96,9,1670,0,STEADY,132,3.72172,1.40411,0.338561,0.5,0.0530303,53,1,2,7,0,0,0,45,93,0,0,93,3852470a,0
596,36,31,4,2,2100000596,1,2,0,796,1,0,111,16,2860,0,STEADY,266,4.98033,2.05243,0.194098,0.593985,0.139098,122,17,2,14,0,0,0,30,93,0,0,578,3852470a,0
597,37,32,5,2,2100000597,0,3,0,1378,1,0,2,24,4350,0,STEADY,460,2.54973,2.91079,0.208739,0.0586957,0.391304,237,115,21,2,1,0,0,119,150,0,0,27,3852470a,0
597,37,32,5,2,2100000597,1,3,0,958,1,0,2,17,3230,0,STEADY,320,3.44963,1.81027,0.304031,0.334375,0.31875,99,42,13,2,2,0,0,119,150,0,0,103,3852470a,0
598,38,33,0,2,2100000598,0,0,0,321,1,0,81,8,1480,0,STEADY,107,4.13457,3.07213,0.586682,0.775701,0.0186916,31,2,4,3,0,1,0,71,104,0,0,0,3852470a,0
598,38,33,0,2,2100000598,1,0,0,545,1,0,68,12,2160,0,STEADY,182,3.87221,4.21135,0.301126,0.686813,0.21978,38,1,6,5,0,1,0,84,104,0,0,0,3852470a,0
599,39,34,1,2,2100000599,0,1,0,544,1,0,54,11,2040,0,STEADY,182,3.24991,2.42024,0.30522,0.307692,0.142857,72,5,4,3,1,3,0,86,114,0,42,156,3852470a,0
599,39,34,1,2,2100000599,1,1,0,439,1,0,51,9,1720,0,STEADY,147,4.19147,2.69905,0.402449,0.204082,0.156463,56,23,3,2,1,3,0,89,114,0,42,0,3852470a,0
600,0,2,3,2,2100000600,0,3,0,616,1,0,60,12,2240,0,STEADY,206,4.81918,2.55023,0.405583,0.402913,0.242718,11,4,0,10,0,2,0,34,113,0,0,288,3852470a,0
600,0,2,3,2,2100000600,1,3,0,1212,1,0,27,22,4040,0,STEADY,404,3.53664,2.64813,0.243738,0.306931,0.0173267,40,0,0,19,0,3,0,67,113,0,0,87,3852470a,0
601,1,3,4,2,2100000601,0,0,1,1891,1,26,0,35,5890,0,STEADY,631,3.23186,2.1096,0.16004,0.646593,0.128368,28,6,5,26,1,3,0,106,110,0,215,255,3852470a,0
601,1,3,4,2,2100000601,1,0,1,1642,1,109,0,31,5230,0,STEADY,548,3.08802,2.7591,0.169836,0.766423,0.15146,0,0,4,24,1,2,0,106,27,0,282,241,3852470a,0
602,2,4,5,2,2100000602,0,1,0,616,1,0,89,11,2150,0,STEADY,206,6.40678,2.78463,0.376335,0.84466,0.0242718,56,3,4,7,0,0,0,60,94,0,0,207,3852470a,0
602,2,4,5,2,2100000602,1,1,0,570,1,0,83,10,2190,0,STEADY,190,8.08309,4.43708,0.586158,0.626316,0.0368421,40,4,7,3,0,0,0,53,94,0,0,0,3852470a,0
603,3,5,0,2,2100000603,0,2,0,1573,1,0,64,29,5010,0,STEADY,525,2.81848,1.92442,0.137419,0.251429,0.20381,220,45,27,0,1,1,0,77,106,0,15,201,3852470a,0
603,3,5,0,2,2100000603,1,2,0,2158,1,0,69,40,6910,0,STEADY,720,2.96665,4.38578,0.11466,0.205556,0.156944,93,37,37,0,1,2,0,72,106,0,27,54,3852470a,0
604,4,6,1,2,2100000604,0,3,0,705,1,0,80,15,2710,0,STEADY,235,5.34553,3.95753,0.275668,0.889362,0.0510638,125,6,0,12,1,2,0,51,149,26,0,0,3852470a,0
604,4,6,1,2,2100000604,1,3,0,439,1,0,126,11,1850,0,STEADY,147,5.9841,4.38833,0.355007,0.870748,0,45,0,3,6,1,1,0,5,136,13,0,0,3852470a,0
605,5,7,2,2,2100000605,0,0,0,1519,1,0,90,31,4720,0,STEADY,507,2.56685,3.98377,0.141617,0.382643,0.282051,164,36,21,3,2,5,0,10,141,0,94,114,3852470a,0
605,5,7,2,2,2100000605,1,0,0,1261,1,0,100,28,3880,0,STEADY,421,2.70593,4.49513,0.144454,0.43943,0.437055,243,107,23,2,1,2,0,0,141,0,48,44,3852470a,0
606,6,8,3,2,2100000606,0,1,1,667,1,31,0,13,2460,0,STEADY,223,3.65677,3.48319,0.270874,0.0986547,0.421525,37,23,10,0,2,1,0,116,100,0,0,0,3852470a,0
606,6,8,3,2,2100000606,1,1,0,1021,1,0,19,19,3480,0,STEADY,341,3.54303,7.19583,0.1889,0.0351906,0.59824,60,58,16,0,2,1,0,97,131,0,0,0,3852470a,0
607,7,9,4,2,2100000607,0,2,0,598,1,0,125,14,2150,0,STEADY,200,3.11214,2.92278,0.259725,0.15,0.105,17,3,7,6,0,1,0,50,100,0,0,45,3852470a,0
607,7,9,4,2,2100000607,1,2,0,607,1,0,75,14,2050,0,STEADY,203,3.12607,1.73151,0.245493,0.172414,0.285714,58,24,9,4,0,1,0,100,100,0,0,69,3852470a,0
608,8,10,5,2,2100000608,0,3,0,690,1,0,94,12,2410,0,STEADY,230,4.05775,2.4635,0.399457,0.43913,0.0130435,45,1,4,4,1,3,0,30,116,0,40,0,3852470a,0
608,8,10,5,2,2100000608,1,3,0,495,1,0,115,10,1860,0,STEADY,165,5.63562,3.53989,0.441788,0.442424,0.0787879,40,0,4,2,2,2,0,9,116,0,18,0,3852470a,0
609,9,11,0,2,2100000609,0,0,0,2700,3,76,32,47,8370,0,STEADY,900,3.61874,4.98483,0.217761,0.192222,0.324444,322,159,14,26,7,0,0,169,255,182,0,37,3852470a,0
609,9,11,0,2,2100000609,1,0,1,1981,1,93,0,34,6540,0,STEADY,661,3.18225,4.96595,0.191679,0.0816944,0.394856,0,0,13,15,6,0,0,189,168,112,0,91,3852470a,0
610,10,12,1,2,2100000610,0,1,1,747,1,100,0,15,2710,0,STEADY,249,5.84012,3.72982,0.226807,0.140562,0.433735,0,0,11,3,1,0,0,111,24,0,0,36,3852470a,0
610,10,12,1,2,2100000610,1,1,0,1328,1,0,7,25,4440,0,STEADY,443,2.88618,2.43257,0.132788,0.200903,0.544018,128,92,21,2,1,1,0,104,124,0,0,292,3852470a,0
611,11,13,2,2,2100000611,0,2,1,689,1,50,0,12,2640,0,STEADY,230,5.19942,5.39353,0.555391,0.3,0,0,0,1,8,0,3,0,104,103,36,20,30,3852470a,0
611,11,13,2,2,2100000611,1,2,1,584,1,65,0,9,2080,0,STEADY,195,6.04507,5.75731,0.626256,0.34359,0,0,0,0,7,0,2,0,104,76,24,10,47,3852470a,0
612,12,14,3,2,2100000612,0,3,1,829,1,17,0,17,2830,0,STEADY,277,3.19162,2.39108,0.242978,0.519856,0.241877,51,6,10,2,3,2,0,113,94,0,0,8,3852470a,0
612,12,14,3,2,2100000612,1,3,0,853,1,0,15,16,2970,0,STEADY,285,4.0725,3.89104,0.23714,0.266667,0.417544,20,20,6,2,5,3,0,98,111,0,0,0,3852470a,0
613,13,15,4,2,2100000613,0,0,1,923,2,76,26,17,3170,0,STEADY,308,3.9536,1.43609,0.261201,0.603896,0.279221,0,0,13,0,4,0,0,116,28,0,0,600,3852470a,0
613,13,15,4,2,2100000613,1,0,0,2182,1,0,118,39,6840,0,STEADY,728,5.27811,2.72962,0.126456,0.563187,0.200549,413,86,35,1,3,0,0,34,104,0,0,590,3852470a,0
614,14,16,5,2,2100000614,0,1,1,990,1,52,0,17,2800,0,STEADY,330,3.36183,6.16329,0.734273,0.0575758,0.0242424,0,0,1,8,3,5,0,115,61,0,9,0,3852470a,0
614,14,16,5,2,2100000614,1,1,1,1698,1,20,0,33,5000,0,STEADY,566,3.06381,5.38383,0.553233,0.0477032,0.0459364,103,13,2,19,2,10,0,115,93,0,17,5,3852470a,0
615,15,17,0,2,2100000615,0,2,0,589,1,0,28,12,2100,0,STEADY,197,2.89995,2.09922,0.292589,0.477157,0.375635,24,13,2,7,1,2,0,74,118,0,39,125,3852470a,0
615,15,17,0,2,2100000615,1,2,0,665,1,0,67,14,2390,0,STEADY,222,3.22744,2.97526,0.231824,0.563063,0.328829,41,14,3,8,1,2,0,58,118,0,22,61,3852470a,0
616,16,18,1,2,2100000616,0,3,0,554,1,0,102,11,2310,0,STEADY,185,4.49312,3.47863,0.238676,0.227027,0.0648649,101,11,7,3,0,1,0,27,115,0,0,0,3852470a,0
616,16,18,1,2,2100000616,1,3,0,714,1,0,48,14,2820,0,STEADY,238,4.55803,3.11148,0.175147,0.12605,0.533613,145,96,10,2,1,1,0,81,115,0,0,24,3852470a,0
617,17,19,2,2,2100000617,0,0,1,739,1,5,0,11,2380,0,STEADY,247,3.36091,6.91235,0.53834,0.279352,0.0647773,83,6,1,5,0,5,0,132,111,30,0,0,3852470a,0
617,17,19,2,2,2100000617,1,0,1,1337,1,27,0,19,4320,0,STEADY,446,3.90904,3.54223,0.579888,0.286996,0.0201794,126,0,0,7,0,12,0,132,117,66,0,79,3852470a,0
618,18,20,3,2,2100000618,0,1,1,722,2,89,52,15,2550,0,STEADY,241,5.89114,1.69845,0.349531,0.248963,0.423237,0,0,10,5,0,0,0,50,40,0,0,600,3852470a,0
618,18,20,3,2,2100000618,1,1,0,1931,1,0,8,33,4890,0,STEADY,644,3.00525,1.83896,0.16137,0.124224,0.122671,507,63,28,5,0,0,0,82,129,0,0,262,3852470a,0
619,19,21,4,2,2100000619,0,2,0,832,1,0,64,16,2850,0,STEADY,278,3.79386,2.19223,0.214371,0.647482,0.143885,27,5,14,0,1,1,0,60,132,0,0,118,3852470a,0
619,19,21,4,2,2100000619,1,2,0,573,1,0,64,12,2200,0,STEADY,191,3.46501,2.2144,0.315026,0.518325,0.151832,68,10,9,0,1,2,0,60,132,0,22,144,3852470a,0
620,20,22,5,2,2100000620,0,3,1,830,2,12,156,15,2930,0,STEADY,277,5.16586,1.42246,0.308845,0.552347,0.180505,38,15,9,1,1,4,0,19,90,0,22,600,3852470a,0
620,20,22,5,2,2100000620,1,3,0,783,1,0,88,13,2660,0,STEADY,261,4.08599,3.23665,0.349138,0.555556,0.111111,50,8,9,2,1,1,0,87,102,0,0,0,3852470a,0
621,21,23,0,2,2100000621,0,0,0,1431,1,0,90,27,4610,0,STEADY,477,3.07457,2.57503,0.171111,0.0104822,0.526205,97,60,25,1,1,0,0,30,124,0,0,180,3852470a,0
621,21,23,0,2,2100000621,1,0,1,1272,1,25,0,25,4170,0,STEADY,424,4.01923,6.78493,0.195307,0.00707547,0.808962,192,185,21,3,1,0,0,119,99,0,0,3,3852470a,0
622,22,24,1,2,2100000622,0,1,1,777,1,53,0,13,3340,0,STEADY,259,2.96401,2.26562,0.30583,0.250965,0.142857,27,8,1,8,4,0,0,125,122,0,50,91,3852470a,0
622,22,24,1,2,2100000622,1,1,1,1390,1,74,0,22,5400,0,STEADY,464,3.05605,3.92003,0.224696,0.189655,0.375,0,0,5,10,7,0,0,125,101,0,74,45,3852470a,0
623,23,25,2,2,2100000623,0,2,1,1768,1,36,0,35,5450,0,STEADY,590,2.87112,2.65354,0.232864,0.215254,0.166102,76,7,10,25,0,0,0,104,84,15,0,147,3852470a,0
623,23,25,2,2,2100000623,1,2,1,1759,1,26,0,36,5320,0,STEADY,587,2.88363,2.58407,0.20477,0.170358,0.170358,406,47,16,20,0,0,0,104,96,17,0,239,3852470a,0
624,24,26,3,2,2100000624,0,3,1,910,1,46,0,17,3200,0,STEADY,304,3.07127,2.12466,0.242566,0.384868,0.269737,14,5,6,4,3,4,0,108,79,0,29,9,3852470a,0
624,24,26,3,2,2100000624,1,3,0,1356,1,0,19,25,4360,0,STEADY,452,3.17917,2.0733,0.180752,0.603982,0.15708,224,32,12,5,3,5,0,89,125,0,55,21,3852470a,0
625,25,27,4,2,2100000625,0,0,0,1108,1,0,96,22,3330,0,STEADY,370,4.29891,1.80619,0.393865,0.632432,0.216216,104,16,10,9,3,0,0,49,104,0,57,150,3852470a,0
625,25,27,4,2,2100000625,1,0,0,953,1,0,110,18,3100,0,STEADY,318,5.87076,2.16808,0.315566,0.597484,0.163522,59,1,1,14,3,0,0,35,104,0,29,395,3852470a,0
626,26,28,5,2,2100000626,0,1,1,680,1,38,0,14,2300,0,STEADY,227,3.60845,6.01745,0.353811,0.23348,0.0704846,53,5,3,10,1,0,0,111,70,0,0,0,3852470a,0
626,26,28,5,2,2100000626,1,1,0,387,1,0,50,9,1500,0,STEADY,129,3.95537,4.51351,0.479961,0.263566,0.0465116,47,6,2,6,1,0,0,61,108,0,0,0,3852470a,0
627,27,29,0,2,2100000627,0,2,0,1982,1,0,49,35,6190,0,STEADY,661,3.81286,2.71313,0.149834,0.511346,0.26475,33,2,32,2,1,0,0,53,145,0,0,165,3852470a,0
627,27,29,0,2,2100000627,1,2,1,1700,1,5,0,30,5580,0,STEADY,567,4.217,2.30636,0.27545,0.511464,0.255732,310,54,24,4,2,0,0,102,140,0,0,493,3852470a,0
628,28,30,1,2,2100000628,0,3,0,353,1,0,52,7,1500,0,STEADY,118,7.20484,3.32564,0.468602,0.737288,0.00847458,20,0,3,3,1,0,0,73,111,0,0,0,3852470a,0
628,28,30,1,2,2100000628,1,3,0,228,1,0,120,5,1090,0,STEADY,76,6.61164,4.61874,0.610132,0.736842,0,25,0,2,2,1,0,0,5,111,0,0,0,3852470a,0
629,29,31,2,2,2100000629,0,0,0,1198,1,0,35,22,4080,0,STEADY,400,3.14643,2.54211,0.205,0.365,0.09,38,8,8,6,8,0,0,106,102,0,69,256,3852470a,0
629,29,31,2,2,2100000629,1,0,0,760,1,0,82,14,2840,0,STEADY,254,3.48342,2.47616,0.285276,0.448819,0.106299,21,2,3,4,7,0,0,59,102,0,28,194,3852470a,0
630,30,32,3,2,2100000630,0,1,1,671,1,11,0,16,2240,0,STEADY,224,4.54505,1.63076,0.290036,0.325893,0.348214,68,37,12,3,0,1,0,121,114,0,17,228,3852470a,0
630,30,32,3,2,2100000630,1,1,0,809,1,0,1,20,2600,0,STEADY,270,4.29429,2.02355,0.223174,0.296296,0.266667,126,40,16,3,0,1,0,120,125,0,7,178,3852470a,0
631,31,33,4,2,2100000631,0,2,0,679,1,0,61,14,2430,0,STEADY,227,3.78932,1.99669,0.298458,0.634361,0.229075,63,18,3,9,2,0,0,91,150,18,0,86,3852470a,0
631,31,33,4,2,2100000631,1,2,0,644,1,0,140,14,2280,0,STEADY,215,4.67423,2.63715,0.267791,0.781395,0.0790698,39,10,6,6,2,0,0,12,150,18,0,63,3852470a,0
632,32,34,5,2,2100000632,0,3,0,472,1,0,123,9,1860,0,STEADY,158,4.96991,1.91505,0.350253,0.512658,0.107595,20,5,5,0,3,1,0,17,121,0,0,277,3852470a,0
632,32,34,5,2,2100000632,1,3,0,817,1,0,140,15,2880,0,STEADY,273,5.56413,2.04547,0.245147,0.311355,0.304029,68,42,11,0,3,1,0,0,121,0,0,394,3852470a,0
633,33,35,0,2,2100000633,0,0,1,1415,1,110,0,27,4580,0,STEADY,472,3.63976,3.77729,0.219153,0.0423729,0.0826271,0,0,22,2,3,0,0,110,42,0,0,123,3852470a,0
633,33,35,0,2,2100000633,1,0,1,919,1,109,0,19,3120,0,STEADY,307,3.70608,2.01331,0.227606,0.0846906,0.192182,0,0,12,2,5,0,0,101,43,0,0,119,3852470a,0
634,34,36,1,2,2100000634,0,1,1,421,1,73,0,9,1700,0,STEADY,141,5.20965,2.84081,0.506383,0.666667,0.070922,0,0,0,7,1,1,0,93,67,0,0,77,3852470a,0
634,34,36,1,2,2100000634,1,1,1,515,1,11,0,11,1990,0,STEADY,172,4.32523,2.67061,0.346483,0.546512,0.203488,83,21,3,5,2,1,0,93,129,0,0,11,3852470a,0
635,35,37,2,2,2100000635,0,2,1,2700,3,76,90,53,7950,0,STEADY,900,2.99612,2.43242,0.09105,0.0266667,0.07,0,0,23,25,2,3,0,60,43,18,10,176,3852470a,0
635,35,37,2,2,2100000635,1,2,0,2700,3,26,135,52,8020,0,STEADY,900,3.37835,4.40007,0.113239,0.05,0.0788889,186,0,24,21,1,6,0,15,111,36,10,43,3852470a,0
636,36,38,3,2,2100000636,0,3,0,368,1,0,56,7,1330,0,STEADY,123,4.79977,2.0026,0.465976,0.365854,0.195122,14,10,2,5,0,0,0,48,93,0,0,274,3852470a,0
636,36,38,3,2,2100000636,1,3,0,671,1,0,56,13,2380,0,STEADY,224,3.49954,2.24694,0.27058,0.348214,0.0848214,65,3,2,10,0,1,0,48,93,0,13,0,3852470a,0
637,37,39,4,2,2100000637,0,0,1,1989,1,132,0,36,6290,0,STEADY,663,3.16957,4.06236,0.14175,0.0904977,0.413273,0,0,34,1,1,0,0,114,18,0,0,98,3852470a,0
637,37,39,4,2,2100000637,1,0,1,2690,1,42,0,48,8430,0,STEADY,897,3.05563,3.74902,0.151187,0.0301003,0.341137,98,24,45,2,1,0,0,114,108,0,0,41,3852470a,0
638,38,0,5,2,2100000638,0,1,0,1149,1,0,55,21,3620,0,STEADY,383,5.25748,2.32023,0.421371,0.785901,0.075718,47,0,11,9,1,0,0,58,104,0,0,507,3852470a,0
638,38,0,5,2,2100000638,1,1,0,960,1,0,90,18,3180,0,STEADY,320,5.67219,2.18738,0.352828,0.68125,0.125,170,40,10,7,0,1,0,23,104,0,0,424,3852470a,0
639,39,1,0,2,2100000639,0,2,0,748,1,0,35,15,2760,0,STEADY,250,3.14932,2.36302,0.31706,0.164,0.36,53,31,6,3,1,5,0,101,114,0,36,125,3852470a,0
639,39,1,0,2,2100000639,1,2,0,787,1,0,62,16,2840,0,STEADY,263,3.33691,2.13016,0.261787,0.235741,0.338403,49,6,7,4,1,4,0,84,114,0,64,130,3852470a,0
640,0,9,2,2,2100000640,0,0,0,1346,1,0,135,25,4500,0,STEADY,449,3.44772,1.9611,0.260657,0.293987,0.367483,326,126,1,21,0,3,0,96,113,0,0,133,3852470a,0
640,0,9,2,2,2100000640,1,0,0,2692,1,0,110,48,8360,0,STEADY,898,3.1565,1.71671,0.258875,0.273942,0.174833,90,12,2,43,0,3,0,123,113,0,0,170,3852470a,0
641,1,10,3,2,2100000641,0,1,0,2310,1,0,116,41,7080,0,STEADY,770,4.06615,2.16699,0.131383,0.833766,0.0675325,351,0,1,37,1,2,0,8,150,14,556,133,3852470a,0
641,1,10,3,2,2100000641,1,1,0,1254,1,0,32,23,4070,0,STEADY,418,4.16991,1.96423,0.185718,0.717703,0.0813397,96,0,0,20,1,2,0,92,150,14,240,279,3852470a,0
642,2,11,4,2,2100000642,0,2,1,1085,1,4,0,20,3680,0,STEADY,362,5.51402,2.78412,0.240249,0.69337,0.220994,177,56,4,16,0,0,0,177,90,0,0,329,3852470a,0
642,2,11,4,2,2100000642,1,2,0,1058,1,0,12,20,3680,0,STEADY,353,4.77849,3.55183,0.190368,0.594901,0.235127,126,40,4,16,0,0,0,153,94,0,0,162,3852470a,0
643,3,12,5,2,2100000643,0,3,0,472,1,0,99,10,1810,0,STEADY,158,5.0753,1.96798,0.356297,0.550633,0.126582,22,15,7,0,1,2,0,12,106,0,15,350,3852470a,0
643,3,12,5,2,2100000643,1,3,0,463,1,0,87,10,1810,0,STEADY,155,3.74468,3.79441,0.362613,0.354839,0.154839,43,24,7,0,1,2,0,24,106,0,29,0,3852470a,0
644,4,13,0,2,2100000644,0,0,1,510,1,9,0,11,2000,0,STEADY,170,6.89287,3.69332,0.471753,0.576471,0.194118,39,14,0,9,1,1,0,104,127,13,0,0,3852470a,0
644,4,13,0,2,2100000644,1,0,0,479,1,0,60,10,1860,0,STEADY,160,6.69071,2.67292,0.463963,0.58125,0.1625,72,26,0,7,1,2,0,44,149,26,0,344,3852470a,0
645,5,14,1,2,2100000645,0,1,0,691,1,0,13,15,2440,0,STEADY,231,2.85449,3.76805,0.241753,0.636364,0.0952381,47,0,9,3,1,2,0,100,141,0,41,0,3852470a,0
645,5,14,1,2,2100000645,1,1,1,724,1,13,0,16,2560,0,STEADY,242,2.78868,3.37689,0.197831,0.710744,0.144628,83,0,10,3,1,2,0,113,128,0,12,29,3852470a,0
646,6,15,2,2,2100000646,0,2,1,1406,1,91,0,26,4670,0,STEADY,469,4.75655,6.14464,0.147761,0.0298507,0.808102,0,0,23,0,2,1,0,123,40,0,0,0,3852470a,0
646,6,15,2,2,2100000646,1,2,1,1508,1,131,0,28,5010,0,STEADY,503,4.29249,4.95268,0.134354,0.0159046,0.693837,0,0,25,0,2,1,0,118,0,0,0,114,3852470a,0
647,7,16,3,2,2100000647,0,3,1,556,1,41,0,13,1930,0,STEADY,186,2.74139,1.82346,0.368629,0.193548,0.274194,0,0,8,4,0,1,0,115,59,0,0,136,3852470a,0
647,7,16,3,2,2100000647,1,3,1,517,1,24,0,13,1810,0,STEADY,173,3.44308,1.7236,0.37841,0.179191,0.138728,16,0,8,5,0,0,0,115,76,0,0,123,3852470a,0
648,8,17,4,2,2100000648,0,0,0,471,1,0,25,11,1730,0,STEADY,157,3.26614,1.98523,0.321879,0.248408,0.484076,69,63,2,2,6,1,0,83,116,0,10,121,3852470a,0
648,8,17,4,2,2100000648,1,0,0,377,1,0,14,9,1490,0,STEADY,126,3.38286,4.78213,0.448214,0.134921,0.452381,20,20,2,2,4,1,0,95,116,0,10,0,3852470a,0
649,9,18,5,2,2100000649,0,1,0,1398,1,0,97,22,4560,0,STEADY,466,3.22285,7.40354,0.284249,0.0793991,0.0472103,223,8,11,7,4,0,0,32,231,82,0,0,3852470a,0
649,9,18,5,2,2100000649,1,1,1,1924,1,45,0,31,6330,0,STEADY,642,2.85695,6.72378,0.253653,0.0919003,0.109034,300,59,13,11,7,0,0,129,228,124,0,0,3852470a,0
650,10,19,0,2,2100000650,0,2,1,1056,1,52,0,19,3610,0,STEADY,352,6.73814,6.1279,0.378054,0.161932,0.3125,0,0,8,9,2,0,0,132,72,0,0,97,3852470a,0
650,10,19,0,2,2100000650,1,2,1,1501,1,19,0,27,4790,0,STEADY,501,5.13408,2.62942,0.142505,0.127745,0.447106,273,141,21,5,1,0,0,132,105,0,0,342,3852470a,0
651,11,20,1,2,2100000651,0,3,1,1996,1,117,0,40,5960,0,STEADY,666,3.42753,1.58218,0.17259,0.144144,0.165165,0,0,28,5,0,7,0,90,28,28,12,372,3852470a,0
651,11,20,1,2,2100000651,1,3,0,2700,3,114,24,51,8120,0,STEADY,900,3.12897,1.90373,0.145517,0.141111,0.206667,0,0,31,10,0,9,1,70,111,108,20,0,3852470a,0
652,12,21,2,2,2100000652,0,0,1,867,1,30,0,17,3070,0,STEADY,289,3.90595,2.39329,0.245709,0.304498,0.249135,146,45,6,2,7,1,1,124,81,0,0,185,3852470a,0
652,12,21,2,2,2100000652,1,0,1,1454,1,45,0,24,5100,0,STEADY,485,4.31639,5.23247,0.21067,0.278351,0.206186,0,0,3,5,11,5,0,124,66,0,0,129,3852470a,0
653,13,22,3,2,2100000653,0,1,0,859,1,0,106,16,2980,0,STEADY,287,3.71204,2.54081,0.215976,0.536585,0.243902,77,23,13,0,2,1,0,69,104,0,0,151,3852470a,0
653,13,22,3,2,2100000653,1,1,0,405,1,0,170,8,1620,0,STEADY,135,5.75129,3.07221,0.419111,0.577778,0.133333,54,16,4,1,2,1,0,5,104,0,0,0,3852470a,0
654,14,23,4,2,2100000654,0,2,1,993,1,43,0,19,3000,0,STEADY,331,2.72633,5.6853,0.505801,0.0634441,0.0906344,66,19,3,8,2,6,0,115,70,0,51,51,3852470a,0
654,14,23,4,2,2100000654,1,2,1,1074,1,29,0,21,3440,0,STEADY,358,2.73314,5.14872,0.364679,0.0670391,0.0418994,29,0,2,9,3,7,0,117,84,0,17,13,3852470a,0
655,15,24,5,2,2100000655,0,3,0,1330,1,0,45,25,4120,0,STEADY,444,4.27332,1.9311,0.358063,0.637387,0.0855856,40,20,7,13,1,4,0,80,118,0,0,566,3852470a,0
655,15,24,5,2,2100000655,1,3,1,1097,2,118,125,19,3480,0,STEADY,366,5.09866,1.97398,0.482541,0.663934,0.00273224,0,0,0,13,1,5,0,0,0,0,0,600,3852470a,0
656,16,25,0,2,2100000656,0,0,1,663,1,73,0,13,2720,0,STEADY,221,4.6096,3.36278,0.195339,0.235294,0.511312,0,0,8,4,0,1,0,104,42,0,0,16,3852470a,0
656,16,25,0,2,2100000656,1,0,1,1436,1,115,0,26,5000,0,STEADY,479,5.87448,8.16713,0.131545,0.114823,0.722338,0,0,20,5,0,1,0,104,0,0,0,0,3852470a,0
657,17,26,1,2,2100000657,0,1,0,792,1,0,19,13,2980,0,STEADY,264,3.44841,3.10717,0.442689,0.30303,0.219697,157,38,0,6,0,7,0,89,126,42,0,142,3852470a,0
657,17,26,1,2,2100000657,1,1,1,668,1,33,0,11,2360,0,STEADY,223,3.4612,2.68716,0.571256,0.345291,0.246637,3,0,1,4,0,6,0,108,95,36,0,84,3852470a,0
658,18,27,2,2,2100000658,0,2,1,2700,3,4,17,44,6320,0,STEADY,900,3.07516,1.88469,0.125886,0.0588889,0.103333,481,14,39,5,0,0,0,128,125,0,0,209,3852470a,0
658,18,27,2,2,2100000658,1,2,0,1085,1,0,41,21,3450,0,STEADY,362,4.21434,3.49004,0.234583,0.146409,0.248619,152,5,15,6,0,0,0,104,129,0,0,138,3852470a,0
659,19,28,3,2,2100000659,0,3,0,614,1,0,81,12,2200,0,STEADY,205,4.12635,2.27174,0.346098,0.443902,0.097561,103,17,9,0,1,2,0,30,132,0,22,9,3852470a,0
659,19,28,3,2,2100000659,1,3,0,496,1,0,60,10,1830,0,STEADY,166,5.07404,3.20424,0.391325,0.53012,0.0361446,63,2,8,0,1,1,0,51,132,0,21,18,3852470a,0
660,20,29,4,2,2100000660,0,0,0,2659,1,0,5,47,8400,0,STEADY,887,4.12643,3.67897,0.119386,0.544532,0.219842,656,151,40,1,1,5,0,97,102,0,38,545,3852470a,0
660,20,29,4,2,2100000660,1,0,1,1060,2,74,91,19,3610,0,STEADY,354,5.05385,2.01468,0.198446,0.511299,0.194915,0,0,13,1,1,4,0,11,28,0,18,600,3852470a,0
661,21,30,5,2,2100000661,0,1,0,596,1,0,104,12,2250,0,STEADY,199,3.37827,5.11744,0.398492,0.0452261,0.0552764,34,0,9,0,3,0,0,21,124,0,0,6,3852470a,0
661,21,30,5,2,2100000661,1,1,0,1223,1,0,87,23,4000,0,STEADY,408,3.54824,4.36273,0.240478,0.0147059,0.171569,182,50,20,1,2,0,0,38,124,0,0,20,3852470a,0
662,22,31,0,2,2100000662,0,2,1,1036,1,43,0,17,4200,0,STEADY,346,3.2239,2.07894,0.246419,0.219653,0.213873,58,11,4,8,5,0,0,141,132,0,75,122,3852470a,0
662,22,31,0,2,2100000662,1,2,1,790,1,89,0,14,3420,0,STEADY,264,3.8311,2.17584,0.279511,0.272727,0.295455,0,0,4,6,4,0,0,132,86,0,74,278,3852470a,0
663,23,32,1,2,2100000663,0,3,0,925,1,0,11,20,2820,0,STEADY,309,2.53904,2.02738,0.265356,0.0809061,0.168285,169,15,13,6,1,0,0,110,118,13,0,21,3852470a,0
663,23,32,1,2,2100000663,1,3,1,959,1,46,0,20,3100,0,STEADY,320,3.13508,2.11314,0.369312,0.15625,0.146875,0,0,6,14,0,0,0,121,74,15,0,7,3852470a,0
664,24,33,2,2,2100000664,0,0,0,1546,1,0,120,28,5200,0,STEADY,516,3.42657,5.02827,0.173062,0.494186,0.379845,238,115,10,9,1,8,0,32,125,0,28,20,3852470a,0
664,24,33,2,2,2100000664,1,0,0,398,1,0,95,8,1840,0,STEADY,133,3.79132,3.32564,0.366955,0.398496,0.165414,56,16,0,3,3,2,0,57,125,0,20,28,3852470a,0
665,25,34,3,2,2100000665,0,1,0,628,1,0,105,13,2170,0,STEADY,210,5.37152,3.56993,0.348214,0.719048,0,90,0,2,9,2,0,0,35,104,0,48,0,3852470a,0
665,25,34,3,2,2100000665,1,1,0,544,1,0,105,12,1950,0,STEADY,182,5.76861,3.594,0.374615,0.505495,0.0604396,18,11,3,7,2,0,0,35,104,0,40,0,3852470a,0
666,26,35,4,2,2100000666,0,2,0,759,1,0,31,16,2520,0,STEADY,253,3.53943,1.79385,0.359229,0.383399,0.241107,94,36,4,12,0,0,0,70,108,0,0,134,3852470a,0
666,26,35,4,2,2100000666,1,2,1,1438,1,34,0,29,4580,0,STEADY,480,3.46754,1.78464,0.245344,0.302083,0.247917,14,0,7,22,0,0,0,110,74,0,0,187,3852470a,0
667,27,36,5,2,2100000667,0,3,1,744,1,31,0,13,2400,0,STEADY,248,3.82792,0.876357,0.428427,0.649194,0.116935,76,25,10,2,0,1,0,93,114,0,0,326,3852470a,0
667,27,36,5,2,2100000667,1,3,0,1071,1,0,12,19,3470,0,STEADY,357,4.40783,2.10344,0.370672,0.509804,0.134454,56,9,16,2,1,0,0,81,145,0,0,306,3852470a,0
668,28,37,0,2,2100000668,0,0,0,665,1,0,25,13,2500,0,STEADY,222,4.61193,3.13505,0.255315,0.594595,0.297297,81,37,2,9,1,1,0,125,111,0,0,0,3852470a,0
668,28,37,0,2,2100000668,1,0,0,529,1,0,62,11,2160,0,STEADY,177,5.01136,4.50722,0.291723,0.474576,0.412429,101,43,2,7,1,1,0,88,111,0,0,0,3852470a,0
669,29,38,1,2,2100000669,0,1,0,811,1,0,26,15,2960,0,STEADY,271,3.71555,2.14747,0.348137,0.354244,0.107011,71,7,4,4,7,0,0,78,102,0,75,134,3852470a,0
669,29,38,1,2,2100000669,1,1,0,523,1,0,72,10,2040,0,STEADY,175,5.41231,2.98599,0.506257,0.48,0.08,86,14,2,3,5,0,0,32,102,0,25,62,3852470a,0
670,30,39,2,2,2100000670,0,2,1,2048,1,42,0,51,5310,0,STEADY,683,3.6983,3.01801,0.13343,0.0395315,0.396779,0,0,48,3,0,0,0,114,83,0,0,212,3852470a,0
670,30,39,2,2,2100000670,1,2,1,1725,1,77,0,43,4670,0,STEADY,575,3.73101,2.06415,0.124962,0.0626087,0.393043,0,0,39,3,0,1,0,114,48,0,20,321,3852470a,0
671,31,0,3,2,2100000671,0,3,0,518,1,0,46,10,1800,0,STEADY,173,4.25682,3.66338,0.603555,0.549133,0.0693642,54,9,2,6,2,0,0,67,150,18,0,0,3852470a,0
671,31,0,3,2,2100000671,1,3,0,748,1,0,46,15,2500,0,STEADY,250,3.76745,2.50948,0.2968,0.58,0.168,130,30,3,11,1,0,0,67,141,9,0,0,3852470a,0
672,32,1,4,2,2100000672,0,0,1,1733,2,20,37,31,5600,0,STEADY,578,3.65602,1.9756,0.132699,0.197232,0.423875,187,122,27,0,3,1,0,113,101,0,0,600,3852470a,0
672,32,1,4,2,2100000672,1,0,0,1267,1,0,51,23,4240,0,STEADY,423,3.39278,2.15241,0.159374,0.165485,0.470449,46,22,19,0,3,1,0,85,121,0,0,178,3852470a,0
673,33,2,5,2,2100000673,0,1,1,1798,1,78,0,34,5470,0,STEADY,600,2.90134,8.39825,0.161342,0.03,0.03,0,0,23,2,9,0,0,94,74,0,0,0,3852470a,0
673,33,2,5,2,2100000673,1,1,1,1732,1,18,0,34,5170,0,STEADY,578,2.94282,5.50575,0.175415,0.0432526,0.0380623,500,22,17,2,15,0,0,94,134,0,0,0,3852470a,0
674,34,3,0,2,2100000674,0,2,0,425,1,0,19,9,1650,0,STEADY,142,3.85868,3.36918,0.550106,0.316901,0.190141,42,17,1,6,1,1,0,81,140,0,0,0,3852470a,0
674,34,3,0,2,2100000674,1,2,0,884,1,0,21,17,3040,0,STEADY,295,6.01426,2.57602,0.324864,0.671186,0.138983,60,19,1,14,2,0,0,82,140,0,0,353,3852470a,0
675,35,4,1,2,2100000675,0,3,0,2125,1,0,91,40,6610,0,STEADY,709,2.57378,1.81816,0.136678,0.0239774,0.111425,529,52,31,6,1,2,0,45,110,9,10,147,3852470a,0
675,35,4,1,2,2100000675,1,3,0,2700,3,79,123,49,8290,0,STEADY,900,2.51661,1.91374,0.113433,0.01,0.0533333,0,0,43,3,1,2,0,0,31,9,6,0,3852470a,0
676,36,5,2,2,2100000676,0,0,0,1957,1,0,63,36,6260,0,STEADY,653,2.76642,1.61803,0.13049,0.25268,0.151608,96,25,2,34,0,0,0,78,93,0,0,73,3852470a,0
676,36,5,2,2,2100000676,1,0,0,1495,1,0,69,28,4930,0,STEADY,499,2.74387,1.9954,0.1351,0.242485,0.158317,117,27,2,25,0,1,0,72,93,0,0,220,3852470a,0
677,37,6,3,2,2100000677,0,1,0,1742,1,0,38,31,5670,0,STEADY,581,4.04862,2.84602,0.211084,0.137694,0.104991,344,26,27,4,0,0,0,93,150,0,0,330,3852470a,0
677,37,6,3,2,2100000677,1,1,0,1592,1,0,93,28,5060,0,STEADY,531,4.67529,7.31572,0.349718,0.105461,0.263653,243,71,25,3,0,0,0,38,150,0,0,0,3852470a,0
678,38,7,4,2,2100000678,0,2,0,598,1,0,10,13,2330,0,STEADY,200,3.34922,4.72939,0.377575,0.795,0.13,32,11,6,6,0,1,0,90,104,0,0,0,3852470a,0
678,38,7,4,2,2100000678,1,2,1,396,1,34,0,9,1650,0,STEADY,132,3.9142,2.48232,0.545909,0.772727,0.0454545,15,0,4,4,0,1,0,100,70,0,0,47,3852470a,0
679,39,8,5,2,2100000679,0,3,0,679,1,0,2,12,2400,0,STEADY,227,3.81082,3.01178,0.415088,0.264317,0.180617,44,22,3,3,2,4,0,114,114,0,48,27,3852470a,0
679,39,8,5,2,2100000679,1,3,0,391,1,0,45,8,1480,0,STEADY,131,4.35875,4.37758,0.446718,0.259542,0.114504,21,10,3,2,1,2,0,71,114,0,34,0,3852470a,0
680,0,16,1,2,2100000680,0,1,0,468,1,0,9,9,1730,0,STEADY,156,4.63554,3.91646,0.497276,0.589744,0.128205,57,8,0,7,0,2,0,106,113,0,0,6,3852470a,0
680,0,16,1,2,2100000680,1,1,0,792,1,0,28,15,2750,0,STEADY,264,4.15223,1.91139,0.290852,0.375,0.310606,120,47,0,13,0,2,0,87,113,0,0,102,3852470a,0
681,1,17,2,2,2100000681,0,2,0,385,1,0,3,9,1540,0,STEADY,129,2.80535,2.43021,0.387054,0.496124,0.155039,24,10,3,3,1,2,0,89,140,4,62,50,3852470a,0
681,1,17,2,2,2100000681,1,2,0,1391,1,0,73,28,4400,0,STEADY,464,2.89797,2.66353,0.143147,0.577586,0.262931,112,36,11,13,1,3,0,59,138,2,207,198,3852470a,0
682,2,18,3,2,2100000682,0,3,0,419,1,0,11,8,1640,0,STEADY,140,4.96328,1.60989,0.528714,0.771429,0.00714286,63,1,4,4,0,0,0,118,94,0,0,195,3852470a,0
682,2,18,3,2,2100000682,1,3,0,308,1,0,89,6,1230,0,STEADY,103,6.65532,2.8559,0.619029,0.679612,0,26,0,3,3,0,0,0,40,94,0,0,115,3852470a,0
683,3,19,4,2,2100000683,0,0,0,920,1,0,84,18,3210,0,STEADY,307,2.93718,1.55997,0.17772,0.384365,0.0716612,216,14,15,1,1,1,0,48,106,0,8,232,3852470a,0
683,3,19,4,2,2100000683,1,0,0,1089,1,0,72,21,3680,0,STEADY,363,2.76435,1.77349,0.170689,0.385675,0.0826446,78,14,18,0,1,2,0,60,106,0,16,82,3852470a,0
684,4,20,5,2,2100000684,0,1,1,824,2,20,67,17,3050,0,STEADY,275,5.33765,1.58709,0.342567,0.64,0.167273,116,33,0,14,1,2,0,35,128,25,0,600,3852470a,0
684,4,20,5,2,2100000684,1,1,0,961,1,0,95,20,3410,0,STEADY,321,5.255,2.56055,0.284087,0.732087,0.0965732,149,26,3,14,1,2,0,7,148,25,0,368,3852470a,0
685,5,21,0,2,2100000685,0,2,0,2033,1,0,28,37,6560,0,STEADY,678,3.75409,3.85597,0.150656,0.264012,0.0943953,183,44,16,9,2,10,0,96,141,0,94,139,3852470a,0
685,5,21,0,2,2100000685,1,2,1,2197,1,17,0,40,7160,0,STEADY,733,3.62818,6.98281,0.171821,0.357435,0.204638,85,20,17,11,2,10,0,124,124,0,40,72,3852470a,0
686,6,22,1,2,2100000686,0,3,0,2700,3,31,60,48,8410,0,STEADY,900,2.52546,2.2078,0.107206,0.0222222,0.245556,72,9,45,0,2,1,0,115,100,0,0,34,3852470a,0
686,6,22,1,2,2100000686,1,3,1,2670,1,5,0,48,8410,0,STEADY,890,2.80432,2.55594,0.104938,0.00898876,0.257303,386,45,45,0,2,1,0,175,126,0,0,78,3852470a,0
687,7,23,2,2,2100000687,0,0,0,1160,1,0,59,25,3570,0,STEADY,387,2.93945,2.82284,0.189302,0.100775,0.281654,218,76,16,8,0,1,0,60,100,0,0,139,3852470a,0
687,7,23,2,2,2100000687,1,0,0,533,1,0,67,13,2030,0,STEADY,178,3.17656,1.98871,0.300225,0.174157,0.314607,54,21,6,6,0,1,0,50,100,0,0,0,3852470a,0
688,8,24,3,2,2100000688,0,1,0,1703,1,0,14,28,5740,0,STEADY,568,4.93611,2.53249,0.370792,0.510563,0.204225,120,13,14,6,0,8,0,111,116,0,40,572,3852470a,0
688,8,24,3,2,2100000688,1,1,1,2056,1,56,0,36,6590,0,STEADY,686,3.22712,5.2721,0.174942,0.456268,0.341108,0,0,24,4,3,5,0,125,60,0,10,59,3852470a,0
689,9,25,4,2,2100000689,0,2,1,793,1,97,0,15,2700,0,STEADY,265,3.22236,3.58917,0.307849,0.158491,0.433962,0,0,4,8,2,1,0,104,98,46,0,182,3852470a,0
689,9,25,4,2,2100000689,1,2,1,895,1,61,0,18,2940,0,STEADY,299,2.67622,2.25101,0.331087,0.120401,0.254181,24,4,4,12,2,0,0,104,134,46,0,117,3852470a,0
690,10,26,5,2,2100000690,0,3,0,880,1,0,9,16,2910,0,STEADY,294,3.93449,3.07813,0.2325,0.12585,0.479592,129,82,12,2,1,1,0,99,124,0,0,52,3852470a,0
690,10,26,5,2,2100000690,1,3,0,904,1,0,56,18,3220,0,STEADY,302,4.10043,3.949,0.205033,0.122517,0.470199,69,33,14,3,1,0,0,52,124,0,0,10,3852470a,0
691,11,27,0,2,2100000691,0,0,1,2700,3,31,23,51,8000,0,STEADY,900,2.73449,1.8049,0.1631,0.123333,0.366667,148,45,33,11,0,7,0,122,158,72,40,151,3852470a,0
691,11,27,0,2,2100000691,1,0,1,2700,3,47,4,50,8160,0,STEADY,900,3.96815,2.91014,0.137656,0.158889,0.322222,63,35,29,11,1,9,0,141,178,108,26,193,3852470a,0
692,12,28,1,2,2100000692,0,1,0,409,1,0,75,8,1700,0,STEADY,137,4.56328,5.92177,0.512409,0.532847,0.116788,66,14,1,2,4,1,0,24,111,0,0,2,3852470a,0
692,12,28,1,2,2100000692,1,1,1,601,1,8,0,12,2300,0,STEADY,201,4.09059,6.78456,0.401866,0.278607,0.199005,40,33,4,2,4,2,0,99,103,0,0,0,3852470a,0
693,13,29,2,2,2100000693,0,2,0,1472,1,0,51,27,4850,0,STEADY,491,4.40571,2.83613,0.143971,0.503055,0.293279,233,54,23,1,2,1,0,51,104,0,0,107,3852470a,0
693,13,29,2,2,2100000693,1,2,0,1873,1,0,68,34,5990,0,STEADY,625,4.12045,2.79523,0.129152,0.4832,0.3536,49,2,30,1,3,0,0,34,104,0,0,242,3852470a,0
694,14,30,3,2,2100000694,0,3,1,1389,1,52,0,28,4200,0,STEADY,463,2.36393,2.04703,0.436879,0.049676,0.107991,0,0,1,17,1,9,0,125,61,0,80,1,3852470a,0
694,14,30,3,2,2100000694,1,3,0,488,1,0,31,11,1680,0,STEADY,163,2.83318,2.83221,0.46089,0.0797546,0.208589,103,24,2,5,1,3,0,94,113,0,34,0,3852470a,0
695,15,31,4,2,2100000695,0,0,0,911,1,0,108,17,3050,0,STEADY,304,4.46014,1.71032,0.237138,0.717105,0.1875,45,22,0,14,1,2,0,34,118,0,21,475,3852470a,0
695,15,31,4,2,2100000695,1,0,0,931,1,0,120,18,3220,0,STEADY,311,5.82594,2.82133,0.227781,0.771704,0.0996785,59,9,0,15,1,2,0,18,118,0,36,304,3852470a,0
696,16,32,5,2,2100000696,0,1,0,1113,1,0,40,20,3980,0,STEADY,371,3.99531,2.25419,0.251456,0.242588,0.28841,188,58,14,5,0,1,0,81,115,0,0,347,3852470a,0
696,16,32,5,2,2100000696,1,1,0,869,1,0,86,16,3300,0,STEADY,290,5.93345,6.15668,0.214741,0.193103,0.206897,84,10,10,5,0,1,0,35,115,0,0,0,3852470a,0
697,17,33,0,2,2100000697,0,2,0,490,1,0,79,8,1680,0,STEADY,164,3.65882,5.52736,0.731006,0.396341,0.121951,7,0,1,3,0,4,0,73,122,24,0,0,3852470a,0
697,17,33,0,2,2100000697,1,2,0,1024,1,0,22,16,3620,0,STEADY,342,3.46392,6.60585,0.651988,0.365497,0.21345,58,6,0,6,1,9,0,130,127,48,0,0,3852470a,0
698,18,34,1,2,2100000698,0,3,0,739,1,0,8,15,2550,0,STEADY,247,4.00392,2.24581,0.337385,0.279352,0.352227,152,66,10,5,0,0,0,132,129,0,0,104,3852470a,0
698,18,34,1,2,2100000698,1,3,0,387,1,0,64,9,1770,0,STEADY,129,5.66339,3.87059,0.566264,0.356589,0.263566,58,17,4,5,0,0,0,76,129,0,0,0,3852470a,0
699,19,35,2,2,2100000699,0,0,0,1462,1,0,1,28,4820,0,STEADY,488,3.75094,2.44493,0.199754,0.411885,0.25,114,25,26,0,0,2,0,109,132,0,28,298,3852470a,0
699,19,35,2,2,2100000699,1,0,0,1081,1,0,53,21,3730,0,STEADY,361,4.03833,2.35911,0.196565,0.509695,0.34349,101,46,18,0,1,2,0,48,132,0,0,194,3852470a,0
700,20,36,3,2,2100000700,0,1,1,847,2,33,16,15,2900,0,STEADY,283,4.6843,1.59341,0.273322,0.512367,0.240283,12,8,10,1,1,3,0,77,69,0,22,600,3852470a,0
700,20,36,3,2,2100000700,1,1,0,1226,1,0,78,22,4090,0,STEADY,409,4.56641,3.9767,0.192751,0.591687,0.144254,122,31,17,1,1,3,0,15,102,0,18,21,3852470a,0
701,21,37,4,2,2100000701,0,2,1,2566,1,69,0,49,7820,0,STEADY,856,3.40958,3.77143,0.109258,0.0128505,0.110981,0,0,34,13,2,0,0,150,55,0,0,87,3852470a,0
701,21,37,4,2,2100000701,1,2,1,2359,1,50,0,47,6980,0,STEADY,787,3.06046,2.07972,0.109765,0.0304956,0.232529,0,0,22,23,2,0,0,150,74,0,0,235,3852470a,0
702,22,38,5,2,2100000702,0,3,1,1183,2,124,104,17,4390,0,STEADY,395,4.90007,1.88058,0.32579,0.531646,0.106329,0,0,0,11,6,0,0,0,51,0,8,600,3852470a,0
702,22,38,5,2,2100000702,1,3,1,1363,2,11,78,20,5100,0,STEADY,455,4.47217,1.77436,0.275558,0.615385,0.0813187,208,31,1,12,7,0,0,26,164,0,52,600,3852470a,0
703,23,39,0,2,2100000703,0,0,1,2542,1,47,0,49,7630,0,STEADY,848,2.70496,2.24919,0.161079,0.123821,0.1875,0,0,14,35,0,0,0,114,76,18,0,121,3852470a,0
703,23,39,0,2,2100000703,1,0,1,2700,3,79,9,52,7940,0,STEADY,900,2.80209,1.9212,0.162378,0.106667,0.157778,0,0,18,34,0,0,0,105,44,18,0,175,3852470a,0
704,24,0,1,2,2100000704,0,1,0,621,1,0,39,11,2280,0,STEADY,207,3.73252,2.23,0.382778,0.415459,0.0821256,109,1,2,5,1,3,0,74,125,0,53,184,3852470a,0
704,24,0,1,2,2100000704,1,1,0,1228,1,0,37,22,3960,0,STEADY,410,3.45747,2.61777,0.221537,0.558537,0.178049,150,39,9,6,1,6,0,76,125,0,74,119,3852470a,0
705,25,1,2,2,2100000705,0,2,0,1116,1,0,98,21,3640,0,STEADY,372,3.12907,1.55066,0.341263,0.486559,0.115591,78,21,1,16,4,0,0,38,104,0,35,65,3852470a,0
705,25,1,2,2,2100000705,1,2,0,502,1,0,100,12,1900,0,STEADY,168,3.48333,2.2795,0.337024,0.678571,0.0297619,32,5,4,6,2,0,0,48,104,0,43,0,3852470a,0
706,26,2,3,2,2100000706,0,3,0,496,1,0,75,11,1770,0,STEADY,166,3.77506,2.15952,0.485452,0.391566,0.228916,71,31,2,9,0,0,0,19,108,0,0,9,3852470a,0
706,26,2,3,2,2100000706,1,3,0,554,1,0,31,12,1940,0,STEADY,185,4.06423,3.03362,0.602838,0.275676,0.140541,21,15,2,10,0,0,0,63,108,0,0,45,3852470a,0
707,27,3,4,2,2100000707,0,0,0,494,1,0,19,10,1940,0,STEADY,165,3.15912,2.44928,0.361939,0.593939,0.145455,58,14,7,2,1,0,0,87,145,0,0,69,3852470a,0
707,27,3,4,2,2100000707,1,0,0,1036,1,0,53,19,3440,0,STEADY,346,4.36055,2.45988,0.271647,0.557803,0.104046,61,9,16,3,0,0,0,53,145,0,0,258,3852470a,0
708,28,4,5,2,2100000708,0,1,0,570,1,0,50,10,2150,0,STEADY,190,5.79434,2.13292,0.592579,0.789474,0.0473684,65,0,5,4,1,0,0,86,111,0,0,481,3852470a,0
708,28,4,5,2,2100000708,1,1,0,480,1,0,95,9,1890,0,STEADY,160,6.39629,3.32583,0.401656,0.63125,0.15,55,23,3,4,1,1,0,41,111,0,0,0,3852470a,0
709,29,5,0,2,2100000709,0,2,0,1093,1,0,31,20,3760,0,STEADY,365,3.67596,1.70212,0.329603,0.287671,0.378082,32,8,7,5,8,0,0,110,102,0,47,406,3852470a,0
709,29,5,0,2,2100000709,1,2,0,1588,1,0,66,26,5440,0,STEADY,530,3.30588,6.38404,0.214142,0.333962,0.458491,460,224,4,8,14,0,0,75,102,0,18,0,3852470a,0
710,30,6,1,2,2100000710,0,3,1,796,1,19,0,20,2600,0,STEADY,266,3.82785,2.68485,0.197274,0.308271,0.176692,60,25,16,3,0,1,0,131,106,0,20,0,3852470a,0
710,30,6,1,2,2100000710,1,3,0,781,1,0,131,20,2600,0,STEADY,261,4.25366,3.5221,0.18572,0.249042,0.302682,121,63,16,3,0,1,0,0,125,0,20,7,3852470a,0
711,31,7,2,2,2100000711,0,0,0,580,1,0,85,13,2210,0,STEADY,194,3.04407,2.70754,0.289072,0.56701,0.319588,80,38,2,10,1,0,0,15,132,0,0,78,3852470a,0
711,31,7,2,2,2100000711,1,0,0,1027,1,0,49,21,3470,0,STEADY,343,2.97324,3.02307,0.188411,0.553936,0.358601,160,78,6,13,2,0,0,51,150,18,0,96,3852470a,0
712,32,8,3,2,2100000712,0,1,0,633,1,0,109,12,2370,0,STEADY,211,4.30866,3.61956,0.278318,0.308057,0.232227,39,28,8,0,3,1,0,7,121,0,0,16,3852470a,0
712,32,8,3,2,2100000712,1,1,0,1103,1,0,48,20,3730,0,STEADY,368,4.27557,2.3511,0.189049,0.190217,0.559783,220,164,16,0,3,1,0,68,121,0,0,212,3852470a,0
713,33,9,4,2,2100000713,0,2,1,568,1,23,0,14,2000,0,STEADY,190,2.66099,1.63523,0.247237,0.105263,0.115789,31,3,4,1,9,0,0,171,129,0,0,78,3852470a,0
713,33,9,4,2,2100000713,1,2,0,604,1,0,23,13,2220,0,STEADY,202,3.28047,1.3223,0.337649,0.237624,0.321782,48,15,6,3,4,0,0,144,152,0,0,170,3852470a,0
714,34,10,5,2,2100000714,0,3,0,686,1,0,92,13,2330,0,STEADY,229,4.87286,1.9802,0.363013,0.68559,0.00873362,109,0,1,10,1,1,0,32,140,0,0,169,3852470a,0
714,34,10,5,2,2100000714,1,3,0,501,1,0,124,9,1650,0,STEADY,167,5.77184,3.77173,0.458114,0.532934,0.0658683,34,11,1,6,1,1,0,0,140,0,0,0,3852470a,0
715,35,11,0,2,2100000715,0,0,0,2057,1,0,100,40,6390,0,STEADY,686,2.94953,4.54407,0.126633,0.0204082,0.196793,72,39,25,11,1,3,0,77,119,18,20,29,3852470a,0
715,35,11,0,2,2100000715,1,0,0,1040,1,0,97,21,3530,0,STEADY,347,2.89393,4.30633,0.153473,0.0317003,0.21902,61,26,15,3,1,2,0,44,110,9,20,2,3852470a,0
716,36,12,1,2,2100000716,0,1,0,274,1,0,68,7,1330,0,STEADY,92,3.86688,3.11773,0.394837,0.456522,0.141304,24,12,2,5,0,0,0,43,93,0,0,0,3852470a,0
716,36,12,1,2,2100000716,1,1,0,311,1,0,30,8,1500,0,STEADY,104,3.83933,3.78927,0.35101,0.365385,0.259615,41,17,2,6,0,0,0,81,93,0,0,0,3852470a,0
717,37,13,2,2,2100000717,0,2,1,878,1,75,0,16,3120,0,STEADY,293,4.49836,5.42546,0.491826,0.105802,0.143345,0,0,12,4,0,0,0,104,75,0,0,47,3852470a,0
717,37,13,2,2,2100000717,1,2,0,1394,1,0,31,24,4620,0,STEADY,465,4.11236,4.91346,0.24814,0.103226,0.103226,220,34,18,4,2,0,0,73,150,0,0,30,3852470a,0
718,38,14,3,2,2100000718,0,3,0,448,1,0,39,9,1650,0,STEADY,150,3.58198,1.90758,0.5755,0.646667,0.0466667,32,2,5,3,0,1,0,74,104,0,0,88,3852470a,0
718,38,14,3,2,2100000718,1,3,0,1137,1,0,76,21,3690,0,STEADY,379,4.68776,2.26596,0.241478,0.69657,0.205805,247,67,10,10,0,1,0,37,104,0,0,375,3852470a,0
719,39,15,4,2,2100000719,0,0,1,2410,1,66,0,42,7720,0,STEADY,804,2.19594,1.7072,0.138507,0.241294,0.222637,0,0,15,14,1,12,0,118,48,0,44,409,3852470a,0
719,39,15,4,2,2100000719,1,0,1,2700,3,30,47,45,8560,0,STEADY,900,2.48767,3.61721,0.13605,0.214444,0.13,13,1,13,17,1,14,0,71,84,0,57,185,3852470a,0
