case,species,opponent,arena,weather,seed,seat,style,score,ticks,reason,own_hp,enemy_hp,casts,energy_spent,overflow,personality,decisions,distance,objective_distance,mean_energy,stationary_fraction,retreat_fraction,low_hp_decisions,low_hp_retreats,casts_1,casts_2,casts_3,casts_4,casts_5,damage,damage_taken,healed,shielded,control,model_checksum,opponent_checksum
0,0,17,0,0,2100000000,0,0,0,2700,3,72,27,47,8490,0,STEADY,900,4.10531,6.32291,0.256322,0.218889,0.667778,0,0,0,35,0,2,10,92,41,0,0,95,c79f418b,0
0,0,17,0,0,2100000000,1,0,1,1560,1,15,0,29,5130,0,STEADY,520,3.40914,4.25685,0.199971,0.196154,0.744231,180,135,3,19,0,2,5,137,98,0,0,180,c79f418b,0
1,1,18,1,0,2100000001,0,1,1,1545,1,14,0,29,5060,0,STEADY,515,3.52921,2.11737,0.202777,0.549515,0.165049,380,84,1,22,0,6,0,129,122,0,172,213,c79f418b,0
1,1,18,1,0,2100000001,1,1,1,1430,1,40,0,27,4740,0,STEADY,477,3.45163,1.96867,0.217862,0.486373,0.201258,37,6,0,22,0,2,3,129,96,0,106,113,c79f418b,0
2,2,19,2,0,2100000002,0,2,1,262,1,17,0,6,1230,0,STEADY,88,9.27508,6.70361,0.40892,0.852273,0,27,0,3,3,0,0,0,132,77,0,0,0,c79f418b,0
2,2,19,2,0,2100000002,1,2,1,261,1,17,0,6,1230,0,STEADY,87,9.01993,6.4025,0.412586,0.758621,0,27,0,3,3,0,0,0,132,77,0,0,0,c79f418b,0
3,3,20,3,0,2100000003,0,3,0,955,1,0,102,18,3180,0,STEADY,319,4.58977,3.54701,0.221693,0.282132,0.188088,143,27,14,0,0,1,3,0,106,0,11,0,c79f418b,0
3,3,20,3,0,2100000003,1,3,0,481,1,0,91,11,1930,0,STEADY,161,7.90223,5.09717,0.333913,0.434783,0.236025,45,23,9,0,0,1,1,11,106,0,15,0,c79f418b,0
4,4,21,4,0,2100000004,0,0,0,1752,1,0,107,34,6100,0,STEADY,584,4.48777,7.43259,0.487709,0.460616,0.121575,20,3,0,28,2,3,1,17,162,39,0,0,c79f418b,0
4,4,21,4,0,2100000004,1,0,0,1097,1,0,40,23,4080,0,STEADY,366,4.22384,3.58371,0.254016,0.483607,0.188525,105,5,1,17,1,1,3,84,123,0,0,66,c79f418b,0
5,5,22,5,0,2100000005,0,1,0,2005,1,0,118,35,6240,0,STEADY,669,3.1777,6.96572,0.17367,0.375187,0.28849,109,14,15,9,2,8,1,57,141,0,11,59,c79f418b,0
5,5,22,5,0,2100000005,1,1,0,2700,3,50,175,42,8440,0,STEADY,900,2.55188,4.58603,0.197867,0.226667,0.321111,370,123,5,9,2,15,11,0,91,0,38,115,c79f418b,0
6,6,23,0,0,2100000006,0,2,0,987,1,0,56,19,3550,0,STEADY,329,4.19813,8.414,0.194362,0.12462,0.726444,75,62,12,0,1,2,4,65,131,0,0,0,c79f418b,0
6,6,23,0,0,2100000006,1,2,1,985,1,35,0,19,3530,0,STEADY,329,4.20176,8.15699,0.163116,0.100304,0.723404,21,21,12,0,1,1,5,121,96,0,0,1,c79f418b,0
7,7,24,1,0,2100000007,0,3,0,703,1,0,55,16,2470,0,STEADY,235,3.5675,2.20767,0.305213,0.204255,0.238298,151,40,5,11,0,0,0,70,100,0,0,20,c79f418b,0
7,7,24,1,0,2100000007,1,3,0,1321,1,0,75,26,4370,0,STEADY,441,2.97257,1.70338,0.268878,0.163265,0.258503,97,44,1,25,0,0,0,50,100,0,0,23,c79f418b,0
8,8,25,2,0,2100000008,0,0,0,1916,1,0,55,32,6550,0,STEADY,639,3.29275,5.22666,0.265509,0.197183,0.516432,379,208,4,10,1,5,12,49,116,0,80,78,c79f418b,0
8,8,25,2,0,2100000008,1,0,1,412,1,38,0,9,1790,0,STEADY,138,4.16408,2.68346,0.510906,0.347826,0.289855,19,0,5,2,0,2,0,104,78,0,20,107,c79f418b,0
9,9,26,3,0,2100000009,0,1,0,2700,3,99,90,43,8840,0,STEADY,900,3.22624,4.42568,0.317389,0.0288889,0.321111,0,0,6,0,0,0,37,18,50,0,0,44,c79f418b,0
9,9,26,3,0,2100000009,1,1,0,2111,1,0,90,35,6720,0,STEADY,704,3.52839,3.90912,0.243224,0.0511364,0.428977,223,87,5,6,0,0,24,18,159,10,0,129,c79f418b,0
10,10,27,4,0,2100000010,0,2,0,1817,2,34,75,33,5840,0,STEADY,606,5.15028,5.46065,0.157302,0.169967,0.176568,312,19,22,10,0,0,1,70,90,0,0,0,c79f418b,0
10,10,27,4,0,2100000010,1,2,1,1335,1,23,0,24,4540,0,STEADY,445,7.52207,7.61551,0.398933,0.208989,0.359551,163,29,10,10,2,0,2,145,101,0,0,0,c79f418b,0
11,11,28,5,0,2100000011,0,3,0,658,1,0,75,10,2240,0,STEADY,220,6.20823,4.71852,0.530841,0.322727,0.159091,74,21,0,6,0,2,2,36,129,12,15,0,c79f418b,0
11,11,28,5,0,2100000011,1,3,0,1111,1,0,85,19,3640,0,STEADY,371,5.23172,3.47212,0.280593,0.350404,0.274933,36,0,5,6,0,3,5,18,141,24,10,193,c79f418b,0
12,12,29,0,0,2100000012,0,0,1,1661,1,71,0,27,5840,0,STEADY,554,3.79824,6.0866,0.282049,0.305054,0.185921,0,0,1,7,15,1,3,102,40,0,0,43,c79f418b,0
12,12,29,0,0,2100000012,1,0,1,2120,1,111,0,34,7320,0,STEADY,707,3.10727,5.9185,0.222171,0.275813,0.268741,0,0,0,7,19,2,6,102,0,0,0,17,c79f418b,0
13,13,30,1,0,2100000013,0,1,0,280,1,0,60,6,1310,0,STEADY,94,5.84572,3.42295,0.47766,0.489362,0.308511,45,28,2,0,2,1,1,65,104,0,0,0,c79f418b,0
13,13,30,1,0,2100000013,1,1,0,290,1,0,67,7,1390,0,STEADY,97,6.82001,4.44186,0.464897,0.42268,0.103093,37,6,3,0,2,0,2,58,104,0,0,0,c79f418b,0
14,14,31,2,0,2100000014,0,2,0,2700,3,70,110,48,8400,0,STEADY,900,2.31685,4.03893,0.326294,0.04,0.141111,0,0,0,15,0,15,18,22,43,0,39,114,c79f418b,0
14,14,31,2,0,2100000014,1,2,0,1340,1,0,55,25,4360,0,STEADY,447,2.93921,4.69571,0.357103,0.0313199,0.221477,71,44,1,7,0,7,10,77,113,0,32,81,c79f418b,0
15,15,32,3,0,2100000015,0,3,0,710,1,0,121,11,1980,0,STEADY,237,9.16847,7.54027,0.496814,0.71308,0.0843882,37,0,1,7,1,1,1,0,130,12,24,0,c79f418b,0
15,15,32,3,0,2100000015,1,3,0,782,1,0,121,14,2290,0,STEADY,261,7.80804,6.74588,0.401724,0.517241,0.210728,36,0,3,9,0,1,1,0,118,0,10,0,c79f418b,0
16,16,33,4,0,2100000016,0,0,1,1353,1,63,0,24,4780,0,STEADY,451,4.31833,5.84457,0.185388,0.141907,0.75388,0,0,14,5,0,1,4,152,52,0,0,26,c79f418b,0
16,16,33,4,0,2100000016,1,0,1,1691,1,21,0,28,6010,0,STEADY,564,3.99556,6.52294,0.164433,0.248227,0.576241,182,124,9,12,0,1,6,152,94,0,0,58,c79f418b,0
17,17,34,5,0,2100000017,0,1,0,1002,1,0,140,15,2960,0,STEADY,334,4.32279,5.92352,0.460898,0.0928144,0.365269,35,32,1,1,2,2,9,0,106,6,0,0,c79f418b,0
17,17,34,5,0,2100000017,1,1,0,883,1,0,87,14,2760,0,STEADY,295,4.04031,5.75621,0.49939,0.118644,0.298305,193,75,1,1,1,2,9,53,108,3,0,0,c79f418b,0
18,18,35,0,0,2100000018,0,2,1,2565,1,17,0,41,6690,0,STEADY,855,4.06051,3.73722,0.15894,0.168421,0.403509,294,129,28,9,0,0,4,128,112,0,0,187,c79f418b,0
18,18,35,0,0,2100000018,1,2,0,1610,1,0,50,27,4920,0,STEADY,537,4.59858,4.85049,0.233384,0.18622,0.314711,143,82,14,10,0,0,3,60,129,0,0,62,c79f418b,0
19,19,36,1,0,2100000019,0,3,1,507,1,89,0,11,2030,0,STEADY,169,4.87452,2.96383,0.353817,0.473373,0.0887574,0,0,8,0,1,2,0,93,43,0,41,0,c79f418b,0
19,19,36,1,0,2100000019,1,3,1,456,1,77,0,10,1900,0,STEADY,152,4.50485,2.92743,0.332697,0.513158,0.144737,0,0,7,1,1,1,0,93,55,0,21,0,c79f418b,0
20,20,37,2,0,2100000020,0,0,1,1709,1,33,0,27,5760,0,STEADY,570,4.65201,8.0751,0.227623,0.326316,0.385965,197,95,14,6,0,3,4,150,69,0,4,0,c79f418b,0
20,20,37,2,0,2100000020,1,0,0,1116,1,0,12,20,4100,0,STEADY,372,4.62014,2.99699,0.169019,0.424731,0.491935,208,117,12,3,1,3,1,138,102,0,22,252,c79f418b,0
21,21,38,3,0,2100000021,0,1,0,1179,1,0,44,22,3790,0,STEADY,393,4.59857,3.54286,0.22542,0.0407125,0.381679,185,69,15,2,0,0,5,60,124,0,0,79,c79f418b,0
21,21,38,3,0,2100000021,1,1,0,947,1,0,59,18,3300,0,STEADY,316,5.08248,6.082,0.240237,0.00316456,0.275316,143,45,10,0,0,0,8,45,124,0,0,67,c79f418b,0
22,22,39,4,0,2100000022,0,2,0,2260,1,0,79,35,8170,0,STEADY,754,2.98646,3.82683,0.172568,0.201592,0.145889,189,50,0,13,11,0,11,35,175,0,54,126,c79f418b,0
22,22,39,4,0,2100000022,1,2,1,2456,1,11,0,36,8770,0,STEADY,819,3.08318,1.54281,0.168534,0.387057,0.21978,199,54,2,17,11,0,6,114,164,0,30,309,c79f418b,0
23,23,0,5,0,2100000023,0,3,0,662,1,0,53,13,2270,0,STEADY,221,4.10091,2.563,0.481493,0.285068,0.180995,36,16,0,11,0,0,2,60,115,10,0,23,c79f418b,0
23,23,0,5,0,2100000023,1,3,0,628,1,0,41,12,2090,0,STEADY,210,3.63943,2.99435,0.469833,0.228571,0.147619,30,15,1,9,1,0,1,72,117,12,0,15,c79f418b,0
24,24,1,0,0,2100000024,0,0,0,826,1,0,87,17,2920,0,STEADY,276,3.74876,3.0297,0.244692,0.735507,0.0326087,48,0,8,4,0,4,1,49,125,0,68,0,c79f418b,0
24,24,1,0,0,2100000024,1,0,0,1702,1,0,136,29,5800,0,STEADY,568,3.88685,4.66343,0.26132,0.429577,0.385563,129,35,5,10,0,8,6,11,125,0,86,248,c79f418b,0
25,25,2,1,0,2100000025,0,1,0,801,1,0,38,15,2760,0,STEADY,267,5.17034,3.52902,0.310375,0.299625,0.0262172,209,7,0,8,4,0,3,56,104,0,48,37,c79f418b,0
25,25,2,1,0,2100000025,1,1,0,1105,1,0,66,21,3690,0,STEADY,369,6.07505,4.72456,0.169743,0.620596,0.230352,259,79,0,17,2,0,2,28,104,0,48,28,c79f418b,0
26,26,3,2,0,2100000026,0,2,1,1152,1,23,0,22,3930,0,STEADY,384,3.59639,5.41874,0.302148,0.169271,0.289062,78,18,1,13,0,0,8,106,85,0,0,66,c79f418b,0
26,26,3,2,0,2100000026,1,2,0,1009,1,0,62,19,3520,0,STEADY,337,3.63001,5.29214,0.239347,0.0563798,0.35905,100,48,2,4,0,0,13,44,108,0,0,23,c79f418b,0
27,27,4,3,0,2100000027,0,3,0,2700,3,32,47,48,8260,0,STEADY,900,4.29363,4.09849,0.164644,0.483333,0.246667,328,74,46,1,0,0,1,102,113,0,0,14,c79f418b,0
27,27,4,3,0,2100000027,1,3,0,2446,1,0,47,43,7500,0,STEADY,816,4.04529,3.76613,0.15394,0.430147,0.21201,626,159,38,1,0,0,4,102,145,0,0,178,c79f418b,0
28,28,5,4,0,2100000028,0,0,1,1966,1,45,0,32,6310,0,STEADY,656,4.32466,4.0933,0.180816,0.621951,0.324695,0,0,11,20,1,0,0,141,66,0,0,0,c79f418b,0
28,28,5,4,0,2100000028,1,0,0,1315,1,0,33,22,4470,0,STEADY,439,5.00179,3.14976,0.215285,0.605923,0.321185,147,59,9,12,1,0,0,108,111,0,0,125,c79f418b,0
29,29,6,5,0,2100000029,0,1,0,826,2,74,131,13,2880,0,STEADY,276,6.00855,3.79532,0.476522,0.692029,0.0543478,0,0,0,5,7,0,1,0,28,0,21,0,c79f418b,0
29,29,6,5,0,2100000029,1,1,0,1231,2,48,91,21,4120,0,STEADY,411,5.43931,3.112,0.285231,0.625304,0.10219,0,0,5,6,8,0,2,40,54,0,52,21,c79f418b,0
30,30,7,0,0,2100000030,0,2,1,719,1,73,0,18,2420,0,STEADY,240,4.01681,7.11962,0.212454,0.0833333,0.795833,0,0,14,3,0,1,0,100,52,0,16,2,c79f418b,0
30,30,7,0,0,2100000030,1,2,0,867,1,0,48,20,2930,0,STEADY,289,3.79787,7.00331,0.188356,0.110727,0.802768,41,38,13,3,0,1,3,52,125,0,20,0,c79f418b,0
31,31,8,1,0,2100000031,0,3,1,900,1,21,0,18,3090,0,STEADY,300,4.75131,4.13348,0.233733,0.586667,0.17,126,32,2,14,1,0,1,116,120,9,0,0,c79f418b,0
31,31,8,1,0,2100000031,1,3,1,1078,1,27,0,21,3600,0,STEADY,360,4.93343,4.20473,0.204111,0.808333,0.075,40,0,2,17,1,0,1,116,114,9,0,0,c79f418b,0
32,32,9,2,0,2100000032,0,0,0,2700,3,59,96,45,8940,0,STEADY,900,3.40259,2.63805,0.198989,0.0966667,0.545556,0,0,22,0,6,4,13,57,62,0,0,129,c79f418b,0
32,32,9,2,0,2100000032,1,0,1,2700,3,66,78,46,8880,0,STEADY,900,3.88131,3.03105,0.229922,0.126667,0.591111,0,0,31,0,13,1,1,85,55,0,0,162,c79f418b,0
33,33,10,3,0,2100000033,0,1,0,589,1,0,47,12,2040,0,STEADY,197,4.253,2.19749,0.367513,0.177665,0.456853,55,48,8,1,2,0,1,77,152,0,0,114,c79f418b,0
33,33,10,3,0,2100000033,1,1,0,819,1,0,39,15,2780,0,STEADY,273,4.56942,2.39145,0.308022,0.216117,0.410256,161,78,10,2,0,0,3,85,152,0,0,95,c79f418b,0
34,34,11,4,0,2100000034,0,2,0,2375,2,12,110,43,7510,0,STEADY,792,4.68533,5.33551,0.135663,0.558081,0.136364,581,74,0,41,2,0,0,32,128,0,0,0,c79f418b,0
34,34,11,4,0,2100000034,1,2,0,1788,2,22,51,33,5660,0,STEADY,596,4.56631,2.61857,0.149698,0.63255,0.218121,462,121,3,28,2,0,0,102,118,0,0,296,c79f418b,0
35,35,12,5,0,2100000035,0,3,0,1816,1,0,111,33,5690,0,STEADY,606,9.41854,11.6031,0.173226,0.665017,0.188119,496,81,25,2,0,2,4,0,110,9,10,36,c79f418b,0
35,35,12,5,0,2100000035,1,3,0,644,1,0,83,13,2300,0,STEADY,215,4.47728,4.01174,0.320372,0.130233,0.386047,80,64,10,0,0,2,1,28,110,9,10,37,c79f418b,0
36,36,13,0,0,2100000036,0,0,0,535,1,0,55,11,2200,0,STEADY,179,6.6799,2.81636,0.273911,0.150838,0.329609,122,56,3,4,0,1,3,49,93,0,13,172,c79f418b,0
36,36,13,0,0,2100000036,1,0,0,226,1,0,52,6,1230,0,STEADY,76,7.11612,1.93201,0.400789,0.263158,0.25,19,12,3,3,0,0,0,52,93,0,0,154,c79f418b,0
37,37,14,1,0,2100000037,0,1,0,1711,1,0,45,31,5560,0,STEADY,571,2.52383,2.49387,0.178862,0.0595447,0.791594,227,185,25,1,1,0,4,68,150,0,0,193,c79f418b,0
37,37,14,1,0,2100000037,1,1,0,2664,1,0,11,47,8540,0,STEADY,888,2.55063,2.64679,0.173142,0.0135135,0.81982,99,85,31,1,0,0,15,102,150,0,0,13,c79f418b,0
38,38,15,2,0,2100000038,0,2,1,1720,1,44,0,31,5600,0,STEADY,574,4.01706,4.76035,0.307213,0.541812,0.391986,0,0,19,4,0,1,7,118,60,0,0,0,c79f418b,0
38,38,15,2,0,2100000038,1,2,1,693,1,48,0,14,2530,0,STEADY,231,4.33294,3.28784,0.359978,0.593074,0.225108,0,0,7,5,0,1,1,118,56,0,0,139,c79f418b,0
39,39,16,3,0,2100000039,0,3,0,2700,3,16,45,41,8640,0,STEADY,900,3.22025,2.14228,0.187656,0.287778,0.126667,483,26,2,11,0,15,13,70,98,0,32,0,c79f418b,0
39,39,16,3,0,2100000039,1,3,1,2642,1,2,0,40,8480,0,STEADY,881,3.10952,1.99072,0.190363,0.244041,0.177072,682,109,2,9,1,15,13,115,112,0,52,47,c79f418b,0
40,0,24,5,0,2100000040,0,1,1,2250,1,21,0,38,6620,0,STEADY,750,4.12706,6.34659,0.22364,0.286667,0.382667,617,274,0,35,0,1,2,125,92,0,0,0,c79f418b,0
40,0,24,5,0,2100000040,1,1,0,1440,1,0,15,26,4650,0,STEADY,480,3.96672,5.49308,0.323969,0.222917,0.533333,334,238,1,18,0,1,6,110,113,0,0,0,c79f418b,0
41,1,25,0,0,2100000041,0,2,0,2356,2,85,5,44,7280,0,STEADY,786,3.7328,3.03162,0.141387,0.562341,0.361323,0,0,7,32,0,3,2,99,51,0,247,303,c79f418b,0
41,1,25,0,0,2100000041,1,2,0,1448,2,88,34,29,4650,0,STEADY,483,3.85602,2.8887,0.174586,0.658385,0.293996,0,0,10,14,1,3,1,70,48,0,197,286,c79f418b,0
42,2,26,1,0,2100000042,0,3,1,260,1,41,0,6,1230,0,STEADY,87,7.40143,7.13047,0.511897,0.988506,0.0114943,0,0,3,3,0,0,0,108,53,0,0,0,c79f418b,0
42,2,26,1,0,2100000042,1,3,1,257,1,39,0,6,1230,0,STEADY,86,6.99875,6.93997,0.515465,0.94186,0,0,0,3,3,0,0,0,108,55,0,0,0,c79f418b,0
43,3,27,2,0,2100000043,0,0,0,933,1,0,54,19,3290,0,STEADY,311,4.23456,2.48039,0.206785,0.273312,0.382637,90,34,17,0,0,1,1,91,106,0,15,67,c79f418b,0
43,3,27,2,0,2100000043,1,0,0,1683,1,0,35,32,5500,0,STEADY,561,4.51076,5.59766,0.172487,0.256684,0.112299,40,25,30,0,0,1,1,110,106,0,15,67,c79f418b,0
44,4,28,3,0,2100000044,0,1,0,523,1,0,61,10,1710,0,STEADY,175,7.21636,5.97126,0.53016,0.725714,0.0742857,36,0,3,4,1,1,1,46,134,11,0,0,c79f418b,0
44,4,28,3,0,2100000044,1,1,0,829,1,0,111,15,2670,0,STEADY,277,6.52144,4.17707,0.37665,0.407942,0.263538,50,44,0,11,0,2,2,0,149,26,0,103,c79f418b,0
45,5,29,4,0,2100000045,0,2,1,1846,1,47,0,33,5920,0,STEADY,616,2.9563,3.85742,0.170252,0.423701,0.0909091,240,14,13,7,2,8,3,102,94,0,19,84,c79f418b,0
45,5,29,4,0,2100000045,1,2,1,1846,1,75,0,32,6080,0,STEADY,616,3.01465,5.18692,0.164383,0.204545,0.0714286,0,0,6,3,1,9,13,102,66,0,5,0,c79f418b,0
46,6,30,5,0,2100000046,0,3,0,1712,1,0,44,29,5340,0,STEADY,571,3.80291,3.10746,0.238792,0.0437828,0.394046,284,125,20,0,2,0,7,78,131,0,0,30,c79f418b,0
46,6,30,5,0,2100000046,1,3,0,1438,1,0,71,26,4710,0,STEADY,480,4.13435,3.69621,0.232052,0.06875,0.358333,167,72,21,0,2,0,3,54,131,0,0,0,c79f418b,0
47,7,31,0,0,2100000047,0,0,0,594,1,0,91,12,2200,0,STEADY,198,3.97964,3.00878,0.332955,0.212121,0.292929,41,16,1,7,0,1,3,50,100,0,0,128,c79f418b,0
47,7,31,0,0,2100000047,1,0,0,1605,1,0,51,31,5180,0,STEADY,535,3.29292,8.81811,0.189879,0.186916,0.343925,130,93,6,21,0,1,3,90,100,0,0,25,c79f418b,0
48,8,32,1,0,2100000048,0,1,1,2024,1,17,0,35,6740,0,STEADY,675,3.73686,2.43454,0.251778,0.186667,0.173333,100,26,11,8,0,1,15,121,99,0,40,228,c79f418b,0
48,8,32,1,0,2100000048,1,1,0,1359,1,0,46,24,4730,0,STEADY,453,4.77809,2.93167,0.246766,0.280353,0.275938,179,50,7,7,0,2,8,75,116,0,30,239,c79f418b,0
49,9,33,2,0,2100000049,0,2,0,2699,1,0,65,46,8600,0,STEADY,900,3.30151,5.39198,0.183772,0.0211111,0.542222,53,24,3,9,0,0,34,87,149,0,0,0,c79f418b,0
49,9,33,2,0,2100000049,1,2,0,2635,1,0,84,46,8470,0,STEADY,879,3.53453,4.0551,0.170347,0.0420933,0.620023,227,92,6,13,1,0,26,68,153,4,0,55,c79f418b,0
50,10,34,3,0,2100000050,0,3,1,1377,1,100,0,25,4410,0,STEADY,459,4.69634,3.48106,0.228704,0.135076,0.525054,0,0,17,8,0,0,0,140,24,0,0,164,c79f418b,0
50,10,34,3,0,2100000050,1,3,0,534,1,0,6,11,2060,0,STEADY,178,6.28946,3.89312,0.28309,0.308989,0.264045,29,9,6,3,1,0,1,134,124,0,0,66,c79f418b,0
51,11,35,4,0,2100000051,0,0,1,2635,1,62,0,44,8720,0,STEADY,879,3.37512,4.28472,0.156286,0.294653,0.232082,0,0,9,16,0,10,9,110,163,108,49,51,c79f418b,0
51,11,35,4,0,2100000051,1,0,0,2375,1,0,17,42,7600,0,STEADY,792,3.34771,3.39906,0.132746,0.165404,0.306818,63,28,14,8,0,7,13,102,179,62,10,208,c79f418b,0
52,12,36,5,0,2100000052,0,1,0,884,1,0,27,14,2840,0,STEADY,295,4.24251,3.36329,0.506424,0.315254,0.0677966,85,5,2,2,6,2,2,66,111,0,0,26,c79f418b,0
52,12,36,5,0,2100000052,1,1,0,986,1,0,55,17,3310,0,STEADY,329,4.36792,4.56386,0.314286,0.337386,0.0455927,127,5,3,2,7,1,4,38,111,0,0,71,c79f418b,0
53,13,37,0,0,2100000053,0,2,0,710,1,0,109,13,2820,0,STEADY,237,4.47043,2.786,0.26846,0.400844,0.552743,85,57,5,0,7,1,0,41,104,0,0,159,c79f418b,0
53,13,37,0,0,2100000053,1,2,0,809,1,0,92,15,3030,0,STEADY,270,5.16616,5.16436,0.224722,0.218519,0.651852,127,90,6,0,3,1,5,58,104,0,0,42,c79f418b,0
54,14,38,1,0,2100000054,0,3,0,2700,3,19,82,47,8040,0,STEADY,900,1.82321,1.89471,0.429467,0.0288889,0.0766667,211,11,0,17,0,16,14,22,94,0,45,0,c79f418b,0
54,14,38,1,0,2100000054,1,3,0,970,1,0,104,18,3120,0,STEADY,324,2.17529,2.20132,0.322299,0.0154321,0.0925926,85,5,0,6,0,5,7,0,113,0,34,0,c79f418b,0
55,15,39,2,0,2100000055,0,0,1,2700,3,47,28,49,8450,0,STEADY,900,3.09486,1.80314,0.241433,0.421111,0.232222,296,135,0,45,0,4,0,86,71,0,13,83,c79f418b,0
55,15,39,2,0,2100000055,1,0,1,2700,3,40,4,49,8480,0,STEADY,900,3.23168,2.02704,0.176267,0.493333,0.291111,334,155,0,44,0,4,1,110,78,0,41,167,c79f418b,0
56,16,0,3,0,2100000056,0,1,0,1100,1,0,52,18,4070,0,STEADY,367,5.18377,4.61179,0.344441,0.26703,0.392371,50,34,3,9,0,1,5,61,115,0,0,88,c79f418b,0
56,16,0,3,0,2100000056,1,1,0,1170,1,0,8,20,4310,0,STEADY,390,4.74063,2.94766,0.219346,0.207692,0.394872,61,43,7,8,0,1,4,105,115,0,0,106,c79f418b,0
57,17,1,4,0,2100000057,0,2,0,2125,1,0,81,32,6560,0,STEADY,709,5.3176,5.33704,0.502412,0.293371,0.362482,29,5,2,5,0,10,15,69,130,48,0,137,c79f418b,0
57,17,1,4,0,2100000057,1,2,0,2269,1,0,59,35,7400,0,STEADY,757,3.95872,5.65355,0.356314,0.301189,0.187583,162,8,0,4,0,12,19,77,162,66,0,61,c79f418b,0
58,18,2,5,0,2100000058,0,3,0,1059,1,0,80,19,3070,0,STEADY,353,4.66766,2.64728,0.322544,0.189802,0.172805,97,20,14,5,0,0,0,14,129,0,0,62,c79f418b,0
58,18,2,5,0,2100000058,1,3,0,1161,1,0,52,20,3200,0,STEADY,387,3.56563,3.04767,0.278483,0.118863,0.193798,162,58,15,5,0,0,0,42,129,0,0,64,c79f418b,0
59,19,3,0,0,2100000059,0,0,1,544,1,55,0,12,2100,0,STEADY,182,5.29539,4.38758,0.348214,0.346154,0.412088,0,0,10,0,0,1,1,100,77,0,17,55,c79f418b,0
59,19,3,0,0,2100000059,1,0,1,706,1,54,0,15,2610,0,STEADY,236,4.25015,2.60392,0.291314,0.275424,0.415254,0,0,13,0,0,2,0,103,78,0,23,99,c79f418b,0
60,20,4,1,0,2100000060,0,1,1,616,1,65,0,12,2520,0,STEADY,206,5.63049,3.19051,0.26767,0.402913,0.26699,0,0,7,2,1,2,0,127,37,0,9,47,c79f418b,0
60,20,4,1,0,2100000060,1,1,1,615,1,90,0,12,2610,0,STEADY,205,6.69928,3.10047,0.396024,0.439024,0.307317,0,0,6,3,0,3,0,123,12,0,0,122,c79f418b,0
61,21,5,2,0,2100000061,0,2,1,2399,1,60,0,44,7580,0,STEADY,800,3.085,2.75684,0.187237,0.005,0.2625,0,0,42,0,1,0,1,141,64,0,0,126,c79f418b,0
61,21,5,2,0,2100000061,1,2,1,2555,1,24,0,47,8060,0,STEADY,852,3.02388,2.19267,0.123638,0.00821596,0.230047,64,20,42,2,2,0,1,141,100,0,0,182,c79f418b,0
62,22,6,3,0,2100000062,0,3,0,732,2,135,131,12,2940,0,STEADY,244,5.79324,4.77611,0.285111,0.553279,0.110656,0,0,0,6,3,0,3,0,40,0,16,0,c79f418b,0
62,22,6,3,0,2100000062,1,3,0,1207,1,0,53,18,4410,0,STEADY,403,3.7006,2.65926,0.213866,0.315136,0.290323,105,58,0,9,5,0,4,78,175,0,50,0,c79f418b,0
63,23,7,4,0,2100000063,0,0,0,1765,1,0,28,32,5770,0,STEADY,589,3.16362,7.13484,0.205526,0.168081,0.49236,386,187,2,17,1,0,12,72,117,12,0,68,c79f418b,0
63,23,7,4,0,2100000063,1,0,0,1790,1,0,4,32,5890,0,STEADY,597,2.94494,5.17284,0.19103,0.142379,0.522613,59,10,2,13,1,0,16,96,119,14,0,11,c79f418b,0
64,24,8,5,0,2100000064,0,1,0,1816,1,0,40,28,5840,0,STEADY,606,3.59038,6.43988,0.240767,0.268977,0.153465,85,8,2,10,0,6,10,76,125,0,83,0,c79f418b,0
64,24,8,5,0,2100000064,1,1,0,1017,1,0,82,17,3280,0,STEADY,339,4.58864,6.7525,0.315678,0.262537,0.333333,76,9,3,3,0,3,8,34,125,0,40,0,c79f418b,0
65,25,9,0,0,2100000065,0,2,0,2696,1,0,86,49,8440,0,STEADY,899,4.40543,3.98471,0.225323,0.448276,0.233593,510,167,2,40,6,0,1,105,104,0,18,472,c79f418b,0
65,25,9,0,0,2100000065,1,2,0,2700,3,86,70,49,8570,0,STEADY,900,3.60299,4.67059,0.337011,0.364444,0.233333,0,0,0,41,4,0,4,112,18,0,64,34,c79f418b,0
66,26,10,1,0,2100000066,0,3,0,1328,1,0,110,23,4240,0,STEADY,443,3.26995,2.69603,0.335282,0.17833,0.137698,241,7,0,12,0,0,11,14,108,0,0,0,c79f418b,0
66,26,10,1,0,2100000066,1,3,0,1286,1,0,90,23,4210,0,STEADY,429,3.06915,2.30323,0.304499,0.149184,0.184149,285,54,0,13,0,0,10,34,108,0,0,0,c79f418b,0
67,27,11,2,0,2100000067,0,0,0,2700,3,44,31,48,8640,0,STEADY,900,3.98812,4.34483,0.174444,0.404444,0.282222,340,28,36,3,0,0,9,194,101,0,0,92,c79f418b,0
67,27,11,2,0,2100000067,1,0,0,2700,3,110,85,48,8430,0,STEADY,900,3.52898,2.89175,0.268544,0.377778,0.273333,0,0,43,3,0,0,2,116,35,0,0,186,c79f418b,0
68,28,12,3,0,2100000068,0,1,0,782,1,0,53,13,2550,0,STEADY,261,4.72434,5.32427,0.353831,0.609195,0.356322,43,17,3,8,1,0,1,58,111,0,0,0,c79f418b,0
68,28,12,3,0,2100000068,1,1,0,755,1,0,23,12,2550,0,STEADY,252,4.09094,7.07822,0.326984,0.5,0.365079,116,68,5,4,1,0,2,88,111,0,0,0,c79f418b,0
69,29,13,4,0,2100000069,0,2,0,1306,1,0,42,23,4680,0,STEADY,436,5.99627,4.8366,0.293589,0.362385,0.142202,167,33,4,6,10,0,3,62,102,0,91,81,c79f418b,0
69,29,13,4,0,2100000069,1,2,0,694,1,0,57,12,2680,0,STEADY,232,6.4603,4.03741,0.37569,0.362069,0.0344828,50,2,0,4,7,0,1,47,102,0,42,108,c79f418b,0
70,30,14,5,0,2100000070,0,3,0,1792,1,0,19,38,4680,0,STEADY,598,3.47705,3.46892,0.206405,0.108696,0.389632,96,51,31,4,0,1,2,94,125,0,20,24,c79f418b,0
70,30,14,5,0,2100000070,1,3,0,1404,1,0,35,35,3740,0,STEADY,468,3.86393,2.80844,0.217109,0.0918803,0.34188,48,19,32,2,0,0,1,78,125,0,0,55,c79f418b,0
71,31,15,0,0,2100000071,0,0,0,809,1,0,1,16,2850,0,STEADY,270,3.85989,2.74322,0.355389,0.525926,0.27037,75,35,0,14,1,0,1,126,141,9,0,143,c79f418b,0
71,31,15,0,0,2100000071,1,0,0,2258,1,0,82,39,7160,0,STEADY,753,8.38567,5.60422,0.490332,0.52988,0.309429,62,0,0,33,5,0,1,36,177,45,0,599,c79f418b,0
72,32,16,1,0,2100000072,0,1,1,1652,1,8,0,28,5590,0,STEADY,551,4.79439,4.76325,0.267387,0.130672,0.709619,387,309,13,0,5,2,8,115,113,0,0,52,c79f418b,0
72,32,16,1,0,2100000072,1,1,0,802,1,0,81,14,2910,0,STEADY,268,4.95172,3.50572,0.310448,0.205224,0.604478,130,86,6,0,5,1,2,34,121,0,0,80,c79f418b,0
73,33,17,2,0,2100000073,0,2,0,830,1,0,21,17,2970,0,STEADY,277,3.3425,2.39791,0.243682,0.032491,0.768953,84,66,13,1,1,0,2,105,152,0,0,117,c79f418b,0
73,33,17,2,0,2100000073,1,2,0,1353,1,0,60,26,4420,0,STEADY,451,2.90269,6.23749,0.200743,0.0421286,0.2949,30,17,22,1,2,0,1,58,152,0,0,0,c79f418b,0
74,34,18,3,0,2100000074,0,3,0,512,1,0,50,10,1830,0,STEADY,171,6.33067,3.54021,0.440702,0.421053,0.0701754,74,12,0,8,1,0,1,79,140,0,0,0,c79f418b,0
74,34,18,3,0,2100000074,1,3,0,506,1,0,104,10,1830,0,STEADY,169,6.56455,3.46232,0.463136,0.431953,0.106509,79,18,0,8,1,0,1,25,140,0,0,75,c79f418b,0
75,35,19,4,0,2100000075,0,0,0,1514,1,0,90,29,4870,0,STEADY,505,4.47606,3.22686,0.165277,0.0376238,0.310891,233,81,23,3,0,2,1,42,110,9,5,276,c79f418b,0
75,35,19,4,0,2100000075,1,0,0,1089,1,0,104,21,3550,0,STEADY,363,5.19821,6.91658,0.156722,0.00826446,0.504132,89,76,11,4,0,1,5,28,101,0,0,34,c79f418b,0
76,36,20,5,0,2100000076,0,1,0,1201,1,0,102,20,3770,0,STEADY,401,6.1055,2.67291,0.330611,0.433915,0.256858,88,15,4,13,0,0,3,0,93,0,0,149,c79f418b,0
76,36,20,5,0,2100000076,1,1,0,1251,1,0,102,19,3690,0,STEADY,417,5.67523,3.4491,0.313285,0.199041,0.230216,36,15,4,9,0,0,6,0,93,0,0,208,c79f418b,0
77,37,21,0,0,2100000077,0,2,0,2307,1,0,73,42,7450,0,STEADY,769,3.52796,4.8125,0.345962,0.0260078,0.182055,87,62,33,0,1,0,8,51,150,0,0,67,c79f418b,0
77,37,21,0,0,2100000077,1,2,0,2700,3,15,5,48,8500,0,STEADY,900,3.56523,3.24967,0.329744,0.0388889,0.273333,20,2,38,0,1,0,9,119,135,0,0,91,c79f418b,0
78,38,22,1,0,2100000078,0,3,1,748,1,78,0,15,2720,0,STEADY,250,4.81429,3.9606,0.3673,0.768,0.128,0,0,8,5,1,1,0,175,26,0,0,0,c79f418b,0
78,38,22,1,0,2100000078,1,3,0,449,1,0,92,10,1820,0,STEADY,150,5.59374,4.5424,0.458967,0.78,0.0933333,94,14,5,4,0,1,0,83,104,0,0,0,c79f418b,0
79,39,23,2,0,2100000079,0,0,0,1565,1,0,104,27,5400,0,STEADY,522,2.95653,3.04287,0.210153,0.0977011,0.306513,129,6,2,5,0,4,16,18,114,0,41,125,c79f418b,0
79,39,23,2,0,2100000079,1,0,0,2305,1,0,105,40,7760,0,STEADY,769,2.77207,2.80908,0.213927,0.135241,0.297789,31,17,7,9,0,8,16,0,114,0,52,71,c79f418b,0
80,0,31,4,0,2100000080,0,2,1,1780,1,16,0,32,5690,0,STEADY,594,4.53586,7.54924,0.261987,0.249158,0.483165,71,38,0,26,0,1,5,150,97,0,0,0,c79f418b,0
80,0,31,4,0,2100000080,1,2,0,764,1,0,88,15,2750,0,STEADY,255,5.81762,6.37178,0.281412,0.282353,0.403922,128,74,1,8,0,1,5,70,113,0,0,0,c79f418b,0
81,1,32,5,0,2100000081,0,3,0,943,2,136,121,15,2680,0,STEADY,315,5.90269,4.19954,0.355603,0.793651,0.00634921,0,0,0,13,1,1,0,0,2,2,49,0,c79f418b,0
81,1,32,5,0,2100000081,1,3,0,902,2,136,121,15,2480,0,STEADY,301,6.17096,4.46923,0.409419,0.837209,0,0,0,4,9,1,1,0,0,0,0,38,0,c79f418b,0
82,2,33,0,0,2100000082,0,0,0,223,1,0,32,5,1060,0,STEADY,75,5.70322,6.49174,0.557,0.813333,0.16,29,11,3,2,0,0,0,120,94,0,0,0,c79f418b,0
82,2,33,0,0,2100000082,1,0,0,864,1,0,54,15,3200,0,STEADY,288,3.82483,8.53777,0.22316,0.368056,0.600694,235,156,8,4,0,0,3,98,94,0,0,0,c79f418b,0
83,3,34,1,0,2100000083,0,1,0,486,1,0,68,11,1930,0,STEADY,162,5.48115,3.2942,0.322747,0.425926,0.234568,81,22,9,0,0,2,0,72,106,0,30,0,c79f418b,0
83,3,34,1,0,2100000083,1,1,0,481,1,0,96,11,1970,0,STEADY,161,4.60927,2.7111,0.258075,0.291925,0.490683,71,44,9,1,0,1,0,44,106,0,15,71,c79f418b,0
84,4,35,2,0,2100000084,0,2,0,2446,1,0,59,49,8320,0,STEADY,816,4.31882,4.30845,0.561728,0.355392,0.0453431,160,26,2,44,0,1,2,51,136,13,0,0,c79f418b,0
84,4,35,2,0,2100000084,1,2,0,2389,2,21,64,48,8290,0,STEADY,797,4.86454,4.63648,0.540605,0.464241,0.151819,106,11,3,38,1,2,4,73,128,26,0,135,c79f418b,0
85,5,36,3,0,2100000085,0,3,0,1587,1,0,33,29,5040,0,STEADY,529,3.19218,2.48102,0.174915,0.446125,0.173913,152,15,13,6,1,6,3,60,141,0,60,0,c79f418b,0
85,5,36,3,0,2100000085,1,3,1,967,1,56,0,19,3160,0,STEADY,323,3.29412,2.45872,0.219721,0.49226,0.0557276,54,0,10,3,1,4,1,93,85,0,60,0,c79f418b,0
86,6,37,4,0,2100000086,0,0,0,1844,1,0,54,32,6030,0,STEADY,615,4.70625,9.1821,0.329764,0.133333,0.598374,297,153,17,0,2,0,13,96,131,0,0,12,c79f418b,0
86,6,37,4,0,2100000086,1,0,0,1145,1,0,40,21,3890,0,STEADY,382,5.35547,6.68466,0.19377,0.0994764,0.638743,48,35,15,0,2,0,4,110,131,0,0,24,c79f418b,0
87,7,38,5,0,2100000087,0,1,0,1284,1,0,24,25,4010,0,STEADY,428,3.15782,5.74377,0.218914,0.198598,0.0514019,19,4,6,17,0,0,2,80,100,0,0,25,c79f418b,0
87,7,38,5,0,2100000087,1,1,0,1049,1,0,54,21,3340,0,STEADY,350,3.56751,4.92392,0.208586,0.191429,0.0714286,38,7,7,13,0,1,0,50,100,0,0,0,c79f418b,0
88,8,39,0,0,2100000088,0,2,0,2700,3,95,114,44,8890,0,STEADY,900,3.47711,3.81609,0.392256,0.151111,0.432222,0,0,4,15,0,3,22,0,21,0,19,122,c79f418b,0
88,8,39,0,0,2100000088,1,2,0,2700,3,63,22,45,9090,0,STEADY,900,3.60414,2.89886,0.265467,0.203333,0.358889,0,0,8,10,2,7,18,92,53,0,10,285,c79f418b,0
89,9,0,1,0,2100000089,0,3,0,439,1,0,73,8,1640,0,STEADY,147,5.19345,3.89813,0.58034,0.0680272,0.312925,67,26,3,1,0,0,4,36,149,0,0,54,c79f418b,0
89,9,0,1,0,2100000089,1,3,0,975,1,0,86,18,3280,0,STEADY,325,3.95482,2.60831,0.2618,0.0123077,0.381538,130,55,2,5,0,0,11,23,151,2,0,25,c79f418b,0
90,10,1,2,0,2100000090,0,0,1,1078,1,37,0,21,3770,0,STEADY,360,4.12451,3.26026,0.209708,0.0944444,0.35,11,11,15,5,1,0,0,139,87,0,0,0,c79f418b,0
90,10,1,2,0,2100000090,1,0,1,1175,1,102,0,23,4110,0,STEADY,392,4.33387,2.76904,0.169133,0.0867347,0.568878,0,0,17,5,1,0,0,136,22,0,0,141,c79f418b,0
91,11,2,3,0,2100000091,0,1,0,811,1,0,22,14,2880,0,STEADY,271,5.56906,5.07953,0.312841,0.258303,0.0848708,156,18,2,6,0,3,3,72,153,36,8,0,c79f418b,0
91,11,2,3,0,2100000091,1,1,0,328,1,0,58,7,1520,0,STEADY,110,6.99104,3.84326,0.597182,0.272727,0.0272727,29,3,0,3,0,2,2,36,129,12,10,0,c79f418b,0
92,12,3,4,0,2100000092,0,2,1,1951,1,75,0,35,6430,0,STEADY,651,2.93186,5.92229,0.13212,0.450077,0.245776,0,0,8,2,15,1,9,106,36,0,0,67,c79f418b,0
92,12,3,4,0,2100000092,1,2,0,2015,1,0,7,35,6760,0,STEADY,672,3.17695,3.42147,0.134658,0.357143,0.178571,300,34,5,3,15,1,11,99,111,0,0,107,c79f418b,0
93,13,4,5,0,2100000093,0,3,0,847,1,0,123,12,2320,0,STEADY,283,7.26451,4.11312,0.546572,0.657244,0.0530035,53,0,7,1,4,0,0,0,104,0,0,0,c79f418b,0
93,13,4,5,0,2100000093,1,3,0,1290,1,0,69,21,4090,0,STEADY,430,7.21041,4.13134,0.324209,0.495349,0.167442,63,18,13,0,7,0,1,106,104,0,0,33,c79f418b,0
94,14,5,0,0,2100000094,0,0,1,2700,3,8,100,47,8160,0,STEADY,900,2.28657,6.10998,0.432889,0.0488889,0.224444,271,75,1,15,1,15,15,17,105,0,102,42,c79f418b,0
94,14,5,0,0,2100000094,1,0,1,2700,3,112,85,51,8120,0,STEADY,900,2.48745,4.16726,0.58,0.0288889,0.158889,0,0,1,25,0,17,8,56,1,0,47,73,c79f418b,0
95,15,6,1,0,2100000095,0,1,0,947,1,0,95,19,3350,0,STEADY,316,5.19025,4.48592,0.313845,0.920886,0.0316456,67,0,0,15,0,3,1,36,118,0,49,0,c79f418b,0
95,15,6,1,0,2100000095,1,1,0,1564,1,0,47,29,5140,0,STEADY,522,4.19761,2.83673,0.391255,0.55364,0.139847,77,13,0,22,0,4,3,84,118,0,31,119,c79f418b,0
96,16,7,2,0,2100000096,0,2,0,930,1,0,48,16,3700,0,STEADY,310,3.52813,6.46538,0.242048,0.296774,0.632258,44,24,2,9,0,1,4,52,115,0,0,0,c79f418b,0
96,16,7,2,0,2100000096,1,2,1,1304,1,75,0,23,4710,0,STEADY,435,3.9182,5.7709,0.170667,0.124138,0.822989,0,0,11,6,0,1,5,100,40,0,0,35,c79f418b,0
97,17,8,3,0,2100000097,0,3,0,877,1,0,82,14,2640,0,STEADY,293,4.55928,2.98431,0.495648,0.201365,0.129693,106,19,2,1,1,2,8,34,113,12,0,0,c79f418b,0
97,17,8,3,0,2100000097,1,3,0,553,1,0,60,11,1820,0,STEADY,185,5.22224,3.39655,0.501757,0.302703,0.2,24,21,4,1,0,3,3,56,113,15,0,11,c79f418b,0
98,18,9,4,0,2100000098,0,0,0,1579,1,0,107,28,4430,0,STEADY,527,3.54044,2.86209,0.191615,0.184061,0.43833,217,100,21,6,0,0,1,56,129,0,0,231,c79f418b,0
98,18,9,4,0,2100000098,1,0,0,2286,1,0,89,38,5610,0,STEADY,762,3.72381,5.60247,0.143215,0.133858,0.308399,273,121,32,5,0,0,1,66,129,0,0,118,c79f418b,0
99,19,10,5,0,2100000099,0,1,0,632,1,0,118,10,1830,0,STEADY,211,6.52808,3.38165,0.48891,0.445498,0.165877,54,13,8,0,1,1,0,6,132,0,22,50,c79f418b,0
99,19,10,5,0,2100000099,1,1,0,804,1,0,83,14,2610,0,STEADY,268,6.16775,2.96567,0.361157,0.526119,0.115672,102,22,10,1,1,2,0,41,132,0,21,258,c79f418b,0
100,20,11,0,0,2100000100,0,2,1,1963,1,66,0,33,6750,0,STEADY,655,5.23616,3.95032,0.274038,0.541985,0.267176,0,0,21,6,0,4,2,184,36,0,18,241,c79f418b,0
100,20,11,0,0,2100000100,1,2,1,2147,1,84,0,35,7280,0,STEADY,716,4.49791,3.87379,0.26192,0.358939,0.343575,0,0,21,7,0,6,1,213,18,0,0,1,c79f418b,0
101,21,12,1,0,2100000101,0,3,0,977,1,0,21,19,3300,0,STEADY,326,3.20756,2.62194,0.164969,0.0337423,0.521472,131,76,14,2,2,0,1,90,124,0,0,0,c79f418b,0
101,21,12,1,0,2100000101,1,3,1,608,1,76,0,13,2380,0,STEADY,203,3.765,3.0453,0.251823,0.0591133,0.596059,0,0,10,0,2,0,1,111,48,0,0,0,c79f418b,0
102,22,13,2,0,2100000102,0,0,1,1299,1,45,0,20,5080,0,STEADY,433,4.28675,6.78621,0.18842,0.17321,0.0277136,58,2,0,12,6,0,2,104,130,0,14,55,c79f418b,0
102,22,13,2,0,2100000102,1,0,1,497,1,112,0,10,2450,0,STEADY,166,4.93473,2.98133,0.300602,0.253012,0.301205,0,0,0,5,3,0,2,104,63,0,24,76,c79f418b,0
103,23,14,3,0,2100000103,0,1,0,1173,1,0,68,22,3790,0,STEADY,391,3.09305,3.94419,0.300473,0.199488,0.511509,72,53,2,15,0,0,5,45,109,4,0,7,c79f418b,0
103,23,14,3,0,2100000103,1,1,0,1266,1,0,34,24,4080,0,STEADY,422,2.93407,2.29304,0.250664,0.21327,0.528436,207,130,3,16,0,0,5,79,116,11,0,61,c79f418b,0
104,24,15,4,0,2100000104,0,2,1,1687,2,83,76,28,5720,0,STEADY,563,4.29652,2.07271,0.2004,0.486679,0.168739,0,0,4,10,1,6,7,63,42,0,19,600,c79f418b,0
104,24,15,4,0,2100000104,1,2,0,1866,1,0,12,33,6000,0,STEADY,622,3.52966,2.66152,0.215225,0.438907,0.199357,198,62,12,9,0,7,5,106,125,0,16,122,c79f418b,0
105,25,16,5,0,2100000105,0,3,0,801,1,0,50,14,2350,0,STEADY,267,4.63193,2.63484,0.422959,0.479401,0.17603,20,0,3,7,3,0,1,65,104,0,41,68,c79f418b,0
105,25,16,5,0,2100000105,1,3,1,682,1,61,0,10,1760,0,STEADY,228,5.70986,4.86332,0.655658,0.333333,0.0438596,0,0,0,8,2,0,0,115,43,0,42,0,c79f418b,0
106,26,17,0,0,2100000106,0,0,1,2081,1,20,0,39,6600,0,STEADY,694,3.86496,4.54045,0.26178,0.146974,0.5317,89,55,6,24,0,0,9,138,88,0,0,135,c79f418b,0
106,26,17,0,0,2100000106,1,0,0,2557,1,0,4,47,8090,0,STEADY,853,3.23653,4.41403,0.240797,0.200469,0.452521,264,147,1,41,0,0,5,125,108,0,0,111,c79f418b,0
107,27,18,1,0,2100000107,0,1,0,567,1,0,61,11,2060,0,STEADY,189,4.84998,3.60725,0.365952,0.333333,0.402116,113,71,6,1,0,0,4,68,145,0,0,11,c79f418b,0
107,27,18,1,0,2100000107,1,1,0,737,1,0,44,15,2720,0,STEADY,246,4.35053,2.57289,0.26,0.434959,0.317073,113,69,12,2,0,0,1,85,145,0,0,211,c79f418b,0
108,28,19,2,0,2100000108,0,2,0,800,1,0,69,14,2890,0,STEADY,267,6.43199,3.56986,0.255974,0.513109,0.28839,91,33,6,5,0,0,3,63,111,0,0,95,c79f418b,0
108,28,19,2,0,2100000108,1,2,0,914,1,0,72,16,3320,0,STEADY,305,6.65141,5.50538,0.297246,0.370492,0.472131,50,29,6,4,0,0,6,60,111,0,0,0,c79f418b,0
109,29,20,3,0,2100000109,0,3,0,1657,1,0,55,27,5600,0,STEADY,553,3.6141,2.40624,0.204855,0.298373,0.117541,32,2,3,9,11,0,4,31,102,0,69,26,c79f418b,0
109,29,20,3,0,2100000109,1,3,0,837,1,0,59,15,3040,0,STEADY,279,5.12098,3.56751,0.294946,0.480287,0.107527,108,14,3,4,7,0,1,43,102,0,39,28,c79f418b,0
110,30,21,4,0,2100000110,0,0,1,2043,1,34,0,41,5570,0,STEADY,681,3.83071,7.35497,0.192078,0.105727,0.528634,39,16,29,5,0,3,4,124,91,0,50,0,c79f418b,0
110,30,21,4,0,2100000110,1,0,1,2241,1,8,0,51,5990,0,STEADY,747,4.62889,5.67185,0.203957,0.0736278,0.605087,40,20,43,4,0,0,4,124,117,0,0,168,c79f418b,0
111,31,22,5,0,2100000111,0,1,0,1080,1,0,143,18,3090,0,STEADY,360,5.3885,6.3937,0.371625,0.397222,0.191667,57,29,2,14,1,0,1,32,141,9,0,0,c79f418b,0
111,31,22,5,0,2100000111,1,1,0,583,1,0,136,10,1850,0,STEADY,195,6.56252,4.2073,0.627026,0.379487,0.102564,73,11,1,7,2,0,0,39,141,9,0,0,c79f418b,0
112,32,23,0,0,2100000112,0,2,1,2234,1,18,0,38,7480,0,STEADY,745,4.30022,6.08517,0.19802,0.0724832,0.672483,70,16,17,0,3,3,15,115,103,0,0,0,c79f418b,0
112,32,23,0,0,2100000112,1,2,0,1387,1,0,27,24,4790,0,STEADY,463,4.72618,6.96616,0.209233,0.062635,0.814255,304,257,9,0,2,2,11,91,121,0,0,169,c79f418b,0
113,33,24,1,0,2100000113,0,3,1,1589,1,42,0,30,5200,0,STEADY,530,2.67913,1.74051,0.196434,0.0396226,0.207547,1,1,28,1,0,0,1,125,110,0,0,16,c79f418b,0
113,33,24,1,0,2100000113,1,3,1,1996,1,42,0,37,6390,0,STEADY,666,2.76496,1.65794,0.19982,0.0660661,0.34985,3,0,35,1,0,0,1,125,110,0,0,60,c79f418b,0
114,34,25,2,0,2100000114,0,0,1,726,1,23,0,15,2710,0,STEADY,242,4.64084,5.34165,0.244091,0.475207,0.330579,54,27,0,12,1,0,2,104,117,0,0,0,c79f418b,0
114,34,25,2,0,2100000114,1,0,1,594,1,14,0,13,2290,0,STEADY,198,4.99337,4.04679,0.27404,0.570707,0.136364,57,12,1,10,1,0,1,104,126,0,0,0,c79f418b,0
115,35,26,3,0,2100000115,0,1,0,1395,1,0,10,27,4600,0,STEADY,465,3.80182,2.51019,0.148043,0.0645161,0.533333,205,90,24,1,0,1,1,98,101,0,10,286,c79f418b,0
115,35,26,3,0,2100000115,1,1,0,894,1,0,94,18,3050,0,STEADY,298,4.05783,2.59176,0.201007,0.0402685,0.389262,132,56,13,2,0,1,2,14,101,0,10,190,c79f418b,0
116,36,27,4,0,2100000116,0,2,0,1270,1,0,88,23,4420,0,STEADY,424,6.01276,4.48713,0.235024,0.254717,0.25,269,58,3,10,0,1,9,57,93,0,3,49,c79f418b,0
116,36,27,4,0,2100000116,1,2,0,800,1,0,124,16,2950,0,STEADY,267,6.70117,3.9929,0.30191,0.307116,0.277154,46,5,2,11,0,0,3,21,93,0,0,19,c79f418b,0
117,37,28,5,0,2100000117,0,3,0,961,1,0,22,17,2990,0,STEADY,321,5.24181,4.61407,0.338333,0.105919,0.34891,111,62,15,0,1,0,1,85,150,0,0,0,c79f418b,0
117,37,28,5,0,2100000117,1,3,0,1012,1,0,9,18,3230,0,STEADY,338,4.37913,3.84653,0.274393,0.115385,0.284024,189,59,16,1,1,0,0,102,150,0,0,25,c79f418b,0
118,38,29,0,0,2100000118,0,0,1,937,1,57,0,18,3180,0,STEADY,313,4.87387,4.44017,0.383067,0.677316,0.233227,0,0,11,6,0,1,0,102,47,0,0,0,c79f418b,0
118,38,29,0,0,2100000118,1,0,1,764,1,57,0,14,2620,0,STEADY,255,5.06857,4.56243,0.513059,0.592157,0.32549,0,0,9,3,0,2,0,102,47,0,0,0,c79f418b,0
119,39,30,1,0,2100000119,0,1,0,1599,1,0,55,26,5480,0,STEADY,533,3.6364,2.01854,0.22864,0.198874,0.300188,312,97,1,11,1,8,5,70,114,0,14,190,c79f418b,0
119,39,30,1,0,2100000119,1,1,0,2204,1,0,60,37,7400,0,STEADY,735,3.40304,2.33112,0.186163,0.22585,0.219048,141,26,5,13,0,10,9,62,114,0,101,383,c79f418b,0
120,0,38,3,0,2100000120,0,3,0,995,1,0,61,19,3330,0,STEADY,332,5.12373,3.59911,0.311506,0.225904,0.240964,14,4,3,10,0,1,5,43,113,0,0,157,c79f418b,0
120,0,38,3,0,2100000120,1,3,1,540,1,32,0,11,1950,0,STEADY,180,5.4755,3.31605,0.379583,0.288889,0.233333,11,8,1,8,0,1,1,104,81,0,0,0,c79f418b,0
121,1,39,4,0,2100000121,0,0,0,2700,3,121,15,48,8220,0,STEADY,900,3.65681,3.76379,0.133928,0.512222,0.0955556,0,0,0,46,0,1,1,99,15,0,75,0,c79f418b,0
121,1,39,4,0,2100000121,1,0,0,1988,2,136,26,35,6200,0,STEADY,663,4.13012,2.47176,0.155762,0.648567,0.24736,0,0,0,29,1,2,3,88,0,0,48,424,c79f418b,0
122,2,0,5,0,2100000122,0,1,0,519,1,0,105,6,1300,0,STEADY,173,10.9168,7.83261,0.831705,0.757225,0.219653,29,0,4,2,0,0,0,0,94,0,0,0,c79f418b,0
122,2,0,5,0,2100000122,1,1,0,622,1,0,73,10,2190,0,STEADY,208,7.3333,5.61208,0.581442,0.567308,0.254808,30,16,7,3,0,0,0,40,94,0,0,0,c79f418b,0
123,3,1,0,0,2100000123,0,2,0,931,1,0,47,19,3320,0,STEADY,311,4.13962,2.68289,0.194453,0.337621,0.369775,117,66,16,0,0,1,2,89,106,0,6,82,c79f418b,0
123,3,1,0,0,2100000123,1,2,0,2514,1,0,67,45,7770,0,STEADY,838,5.06155,4.19887,0.238687,0.346062,0.24105,177,18,41,0,0,3,1,69,106,0,6,517,c79f418b,0
124,4,2,1,0,2100000124,0,3,0,301,1,0,56,7,1250,0,STEADY,101,8.24212,2.89962,0.748277,0.415842,0.158416,46,16,0,5,0,1,1,38,136,13,0,143,c79f418b,0
124,4,2,1,0,2100000124,1,3,0,301,1,0,58,6,1050,0,STEADY,101,7.89109,2.53315,0.710059,0.435644,0.108911,43,11,0,5,0,1,0,36,136,13,0,174,c79f418b,0
125,5,3,2,0,2100000125,0,0,0,1988,1,0,10,36,6560,0,STEADY,663,2.96767,4.56716,0.140641,0.221719,0.375566,182,42,10,3,1,9,13,78,141,0,154,0,c79f418b,0
125,5,3,2,0,2100000125,1,0,0,2332,1,0,1,42,7360,0,STEADY,778,3.11165,3.07728,0.127185,0.363753,0.264781,102,32,17,8,0,10,7,102,141,0,136,175,c79f418b,0
126,6,4,3,0,2100000126,0,1,0,1710,1,0,81,30,5720,0,STEADY,570,6.50723,7.31609,0.378053,0.0438596,0.480702,140,58,21,0,5,0,4,94,131,0,0,0,c79f418b,0
126,6,4,3,0,2100000126,1,1,0,2700,3,9,42,47,8530,0,STEADY,900,5.59771,6.95242,0.316022,0.0788889,0.421111,84,48,36,0,3,0,8,120,122,0,0,5,c79f418b,0
127,7,5,4,0,2100000127,0,2,1,1498,1,72,0,31,4590,0,STEADY,500,2.56919,1.88326,0.1598,0.166,0.166,0,0,16,14,0,1,0,141,28,0,0,200,c79f418b,0
127,7,5,4,0,2100000127,1,2,0,1942,1,0,17,40,5800,0,STEADY,648,2.77838,4.59998,0.116713,0.175926,0.12963,53,17,20,20,0,0,0,124,100,0,0,122,c79f418b,0
128,8,6,5,0,2100000128,0,3,0,1138,2,66,113,19,3740,0,STEADY,380,6.53376,5.25711,0.492171,0.586842,0.115789,0,0,9,6,0,3,1,18,50,0,27,0,c79f418b,0
128,8,6,5,0,2100000128,1,3,1,769,1,10,0,14,2600,0,STEADY,257,3.55263,4.25396,0.310447,0.342412,0.206226,53,4,6,1,2,2,3,131,106,0,10,0,c79f418b,0
129,9,7,0,0,2100000129,0,0,0,1424,1,0,77,25,4840,0,STEADY,475,3.40318,9.52236,0.203726,0.0421053,0.890526,174,163,2,3,0,0,20,23,149,0,0,0,c79f418b,0
129,9,7,0,0,2100000129,1,0,0,2401,1,0,59,42,7840,0,STEADY,801,3.16482,7.43096,0.197447,0.0549313,0.719101,88,48,4,9,0,0,29,41,171,22,0,0,c79f418b,0
130,10,8,1,0,2100000130,0,1,1,978,1,25,0,19,3430,0,STEADY,326,4.0064,2.95104,0.186794,0.156442,0.59816,97,78,13,5,1,0,0,116,99,0,0,84,c79f418b,0
130,10,8,1,0,2100000130,1,1,1,1704,1,61,0,30,5660,0,STEADY,568,5.31535,5.37727,0.217685,0.204225,0.417254,0,0,9,14,1,0,6,116,63,0,0,0,c79f418b,0
131,11,9,2,0,2100000131,0,2,0,2635,1,0,53,43,8840,0,STEADY,879,2.93513,1.63323,0.213441,0.217292,0.234357,53,18,8,22,0,11,2,104,208,91,30,164,c79f418b,0
131,11,9,2,0,2100000131,1,2,0,2545,1,0,98,41,8640,0,STEADY,849,3.33999,3.35765,0.210236,0.243816,0.166078,33,11,5,21,0,9,6,69,162,45,20,96,c79f418b,0
132,12,10,3,0,2100000132,0,3,0,1223,1,0,13,24,3920,0,STEADY,408,2.85814,2.05853,0.211005,0.291667,0.213235,314,74,11,1,9,0,3,111,111,0,0,0,c79f418b,0
132,12,10,3,0,2100000132,1,3,0,1948,1,0,1,34,6330,0,STEADY,650,3.06459,2.1933,0.146138,0.373846,0.252308,69,0,9,4,15,1,5,123,111,0,0,2,c79f418b,0
133,13,11,4,0,2100000133,0,0,0,1939,1,0,39,31,6420,0,STEADY,647,4.20693,6.39736,0.177241,0.506955,0.357032,53,1,14,0,16,0,1,162,104,0,0,0,c79f418b,0
133,13,11,4,0,2100000133,1,0,0,2700,3,8,103,43,8540,0,STEADY,900,4.37995,4.04324,0.157689,0.402222,0.37,59,44,21,1,15,0,6,86,96,0,0,257,c79f418b,0
134,14,12,5,0,2100000134,0,1,0,544,1,0,50,12,1920,0,STEADY,182,3.28197,2.81276,0.377775,0.126374,0.230769,53,17,1,5,0,3,3,61,113,0,34,97,c79f418b,0
134,14,12,5,0,2100000134,1,1,0,1372,1,0,111,23,4360,0,STEADY,458,2.72436,7.58987,0.376321,0.0633188,0.248908,154,18,0,3,0,6,14,0,113,0,68,0,c79f418b,0
135,15,13,0,0,2100000135,0,2,0,728,1,0,32,15,2560,0,STEADY,243,4.47134,1.8767,0.42644,0.530864,0.222222,44,16,1,12,0,2,0,72,118,0,48,130,c79f418b,0
135,15,13,0,0,2100000135,1,2,0,1168,1,0,44,22,4010,0,STEADY,390,4.7422,2.29317,0.306692,0.333333,0.361538,218,110,0,13,0,6,3,60,118,0,69,190,c79f418b,0
136,16,14,1,0,2100000136,0,3,1,2490,1,99,0,42,8330,0,STEADY,830,3.30061,3.4236,0.148235,0.175904,0.639759,0,0,25,12,0,1,4,113,16,0,0,0,c79f418b,0
136,16,14,1,0,2100000136,1,3,0,2700,3,33,7,44,9190,0,STEADY,900,3.2457,3.27904,0.133522,0.153333,0.564444,115,85,19,19,0,1,5,106,82,0,0,33,c79f418b,0
137,17,15,2,0,2100000137,0,0,1,1618,1,6,0,28,5340,0,STEADY,540,3.07916,5.41232,0.361056,0.0962963,0.42963,33,30,3,1,2,3,19,118,104,18,0,82,c79f418b,0
137,17,15,2,0,2100000137,1,0,0,1903,1,0,118,32,6400,0,STEADY,635,3.33894,7.07517,0.250984,0.0818898,0.433071,429,177,1,2,1,2,26,8,111,12,0,53,c79f418b,0
138,18,16,3,0,2100000138,0,1,1,785,1,16,0,15,2640,0,STEADY,262,5.12573,3.13616,0.399508,0.198473,0.320611,101,60,8,4,0,0,3,115,113,0,0,82,c79f418b,0
138,18,16,3,0,2100000138,1,1,1,1035,1,11,0,19,3070,0,STEADY,345,5.19372,2.54856,0.297617,0.22029,0.304348,159,67,14,5,0,0,0,115,118,0,0,138,c79f418b,0
139,19,17,4,0,2100000139,0,2,0,1937,2,109,76,35,6040,0,STEADY,646,4.41607,3.86669,0.149025,0.510836,0.26935,0,0,32,0,0,2,1,45,23,0,21,186,c79f418b,0
139,19,17,4,0,2100000139,1,2,0,2700,3,58,80,48,8280,0,STEADY,900,5.69279,3.79337,0.108267,0.503333,0.308889,0,0,44,0,0,1,3,30,74,0,0,203,c79f418b,0
140,20,18,5,0,2100000140,0,3,0,1070,2,102,122,17,3270,0,STEADY,357,7.75965,5.55984,0.334412,0.686275,0.196078,0,0,13,2,0,1,1,7,0,0,0,0,c79f418b,0
140,20,18,5,0,2100000140,1,3,0,1487,2,28,88,25,4730,0,STEADY,496,6.71045,4.35007,0.27125,0.465726,0.326613,180,79,20,2,1,2,0,41,74,0,14,94,c79f418b,0
141,21,19,0,0,2100000141,0,0,0,2700,3,94,132,48,8370,0,STEADY,900,2.98234,4.74539,0.261306,0.00111111,0.0855556,0,0,41,0,0,0,7,0,30,0,0,4,c79f418b,0
141,21,19,0,0,2100000141,1,0,0,2700,3,124,57,49,8480,0,STEADY,900,3.25908,4.98357,0.304217,0,0.09,0,0,44,0,0,0,5,75,0,0,0,12,c79f418b,0
142,22,20,1,0,2100000142,0,1,0,1466,1,0,90,22,5300,0,STEADY,489,4.58723,2.98619,0.177562,0.259714,0.284254,113,66,0,10,6,0,6,0,175,0,55,231,c79f418b,0
142,22,20,1,0,2100000142,1,1,0,1982,1,0,68,30,7170,0,STEADY,661,4.50951,4.97419,0.167638,0.240545,0.3177,220,51,0,13,9,0,8,26,175,0,45,171,c79f418b,0
143,23,21,2,0,2100000143,0,2,0,2521,1,0,64,46,8060,0,STEADY,841,3.36709,3.16309,0.477533,0.219976,0.0760999,137,30,0,38,0,0,8,60,115,10,0,78,c79f418b,0
143,23,21,2,0,2100000143,1,2,0,2493,1,0,69,45,7870,0,STEADY,831,3.28392,3.87222,0.304158,0.184116,0.0637786,97,16,1,35,0,0,9,55,114,9,0,12,c79f418b,0
144,24,22,3,0,2100000144,0,3,0,2700,3,71,40,41,8680,0,STEADY,900,3.70775,2.64818,0.234539,0.563333,0.204444,0,0,4,20,0,12,5,135,54,0,100,93,c79f418b,0
144,24,22,3,0,2100000144,1,3,0,2700,3,23,22,42,8760,0,STEADY,900,3.57608,2.75913,0.22465,0.55,0.207778,451,125,5,19,0,13,5,153,102,0,80,0,c79f418b,0
145,25,23,4,0,2100000145,0,0,0,956,1,0,64,18,3220,0,STEADY,319,3.59206,3.65427,0.219577,0.401254,0.304075,49,25,1,10,1,0,6,56,104,0,0,84,c79f418b,0
145,25,23,4,0,2100000145,1,0,0,631,1,0,51,14,2320,0,STEADY,211,3.63012,3.08106,0.25872,0.516588,0.251185,86,32,3,8,2,0,1,72,104,0,24,18,c79f418b,0
146,26,24,5,0,2100000146,0,1,0,1741,1,0,11,31,5330,0,STEADY,581,2.9982,5.25636,0.304742,0.259897,0.197935,70,24,0,29,0,0,2,114,108,0,0,0,c79f418b,0
146,26,24,5,0,2100000146,1,1,0,2264,1,0,37,40,6920,0,STEADY,755,2.72468,6.21,0.264993,0.238411,0.0821192,116,22,0,36,0,0,4,88,108,0,0,0,c79f418b,0
147,27,25,0,0,2100000147,0,2,1,808,1,49,0,16,2890,0,STEADY,270,4.03861,4.12033,0.230148,0.477778,0.4,17,8,13,2,0,0,1,104,96,0,0,0,c79f418b,0
147,27,25,0,0,2100000147,1,2,1,1290,1,16,0,24,4400,0,STEADY,430,4.26906,5.29201,0.208302,0.35814,0.369767,194,60,16,2,0,0,6,104,129,0,0,127,c79f418b,0
148,28,26,1,0,2100000148,0,3,1,502,1,29,0,10,2080,0,STEADY,168,6.287,7.00746,0.352589,0.75,0.160714,25,8,5,4,0,0,1,108,82,0,0,0,c79f418b,0
148,28,26,1,0,2100000148,1,3,0,572,1,0,15,11,2340,0,STEADY,191,6.44159,5.92271,0.335812,0.544503,0.209424,107,28,4,3,1,0,3,93,111,0,0,0,c79f418b,0
149,29,27,2,0,2100000149,0,0,0,1428,1,0,67,25,4880,0,STEADY,476,4.42616,3.2525,0.213214,0.228992,0.298319,101,25,4,7,5,0,9,78,102,0,104,204,c79f418b,0
149,29,27,2,0,2100000149,1,0,0,1349,1,0,17,22,4760,0,STEADY,450,4.60112,6.5298,0.196044,0.244444,0.0977778,186,19,0,6,9,0,7,128,102,0,80,17,c79f418b,0
150,30,28,3,0,2100000150,0,1,0,553,1,0,56,14,1820,0,STEADY,185,7.29374,5.15115,0.404686,0.140541,0.567568,54,41,11,2,0,1,0,55,125,0,20,0,c79f418b,0
150,30,28,3,0,2100000150,1,1,0,421,1,0,14,10,1700,0,STEADY,141,6.54877,3.7906,0.441362,0.205674,0.453901,61,50,6,3,0,1,0,97,125,0,20,0,c79f418b,0
151,31,29,4,0,2100000151,0,2,0,1198,2,55,99,22,3870,0,STEADY,400,7.72534,6.67256,0.252625,0.6575,0.3025,0,0,0,20,1,0,1,3,86,9,0,0,c79f418b,0
151,31,29,4,0,2100000151,1,2,0,1628,1,0,57,31,5020,0,STEADY,543,4.31406,2.39988,0.189061,0.615101,0.281768,326,103,7,23,1,0,0,45,141,9,0,237,c79f418b,0
152,32,30,5,0,2100000152,0,3,0,1832,2,79,125,29,5460,0,STEADY,611,4.65366,2.88695,0.286113,0.265139,0.301146,0,0,23,0,2,3,1,0,42,0,0,47,c79f418b,0
152,32,30,5,0,2100000152,1,3,0,2118,1,0,6,37,6510,0,STEADY,706,4.04021,2.43174,0.167316,0.171388,0.378187,285,144,34,0,1,1,1,119,121,0,0,78,c79f418b,0
153,33,31,0,0,2100000153,0,0,0,936,1,0,44,19,3170,0,STEADY,312,3.61681,3.52013,0.225256,0.0961538,0.512821,174,116,9,1,5,0,4,97,152,0,0,89,c79f418b,0
153,33,31,0,0,2100000153,1,0,0.5,1925,1,0,0,36,6170,0,STEADY,642,3.48422,6.13446,0.243092,0.0747664,0.35514,474,123,33,1,1,0,1,141,152,0,0,100,c79f418b,0
154,34,32,1,0,2100000154,0,1,0,878,1,0,79,17,3170,0,STEADY,293,5.5207,4.48005,0.328447,0.385666,0.242321,162,51,0,10,1,0,6,42,140,0,0,82,c79f418b,0
154,34,32,1,0,2100000154,1,1,1,616,1,3,0,13,2340,0,STEADY,206,5.25915,2.82772,0.295728,0.509709,0.296117,83,34,0,11,1,0,1,121,137,0,0,143,c79f418b,0
155,35,33,2,0,2100000155,0,2,0,1720,1,0,54,32,5680,0,STEADY,574,3.68832,5.06256,0.150462,0.0139373,0.691638,39,6,24,0,0,1,7,98,110,9,0,71,c79f418b,0
155,35,33,2,0,2100000155,1,2,0,2029,1,0,108,39,6460,0,STEADY,677,3.57226,5.50344,0.115532,0.00443131,0.688331,94,42,26,7,0,1,5,44,110,9,0,62,c79f418b,0
156,36,34,3,0,2100000156,0,3,0,661,1,0,119,12,2240,0,STEADY,221,6.67357,2.49392,0.429955,0.316742,0.248869,94,38,2,8,0,0,2,21,93,0,0,269,c79f418b,0
156,36,34,3,0,2100000156,1,3,0,470,1,0,128,9,1740,0,STEADY,157,6.73049,3.02473,0.377994,0.394904,0.375796,38,21,3,6,0,0,0,12,93,0,0,78,c79f418b,0
157,37,35,4,0,2100000157,0,0,0,2483,1,0,10,44,7910,0,STEADY,828,3.62473,4.82346,0.173315,0.0338164,0.219807,270,95,31,0,1,0,12,109,150,0,0,91,c79f418b,0
157,37,35,4,0,2100000157,1,0,1,2000,1,36,0,36,6560,0,STEADY,667,3.8152,2.49208,0.257331,0.0884558,0.457271,218,102,25,1,1,0,9,121,114,0,0,201,c79f418b,0
158,38,36,5,0,2100000158,0,1,1,776,1,14,0,12,2250,0,STEADY,259,5.64246,5.25514,0.583108,0.656371,0.23166,71,42,6,2,0,1,3,93,90,0,0,0,c79f418b,0
158,38,36,5,0,2100000158,1,1,0,884,2,104,93,14,2530,0,STEADY,295,10.638,8.71997,0.607034,0.647458,0.342373,0,0,8,4,0,1,1,0,0,0,0,0,c79f418b,0
159,39,37,0,0,2100000159,0,2,0,1040,1,0,44,18,3720,0,STEADY,347,4.6221,3.88422,0.244784,0.299712,0.178674,185,39,2,5,0,7,4,106,114,0,50,199,c79f418b,0
159,39,37,0,0,2100000159,1,2,0,2387,1,0,62,41,7880,0,STEADY,796,3.68774,3.04796,0.178888,0.179648,0.25,284,85,8,10,0,8,15,88,114,0,112,249,c79f418b,0
160,0,5,2,0,2100000160,0,0,0,2700,3,56,54,48,8390,0,STEADY,900,3.95674,3.34274,0.154994,0.377778,0.461111,0,0,0,45,0,2,1,87,57,0,0,274,c79f418b,0
160,0,5,2,0,2100000160,1,0,1,2310,1,59,0,41,7310,0,STEADY,770,4.85333,4.47239,0.309299,0.336364,0.515584,0,0,1,34,0,3,3,141,54,0,0,296,c79f418b,0
161,1,6,3,0,2100000161,0,1,0,2700,3,68,10,47,8260,0,STEADY,900,3.80623,4.57712,0.227356,0.555556,0.0777778,0,0,3,30,0,7,7,121,68,0,287,0,c79f418b,0
161,1,6,3,0,2100000161,1,1,0,2206,2,120,120,39,6740,0,STEADY,736,4.68391,5.28619,0.30125,0.576087,0.0720109,0,0,5,22,0,7,5,11,16,0,108,8,c79f418b,0
162,2,7,4,0,2100000162,0,2,0,479,1,0,18,10,1940,0,STEADY,160,3.95437,6.0887,0.350188,0.575,0.3625,22,16,3,6,0,0,1,82,94,0,0,0,c79f418b,0
162,2,7,4,0,2100000162,1,2,1,761,1,2,0,14,2860,0,STEADY,254,6.56132,8.13314,0.352894,0.65748,0.244094,51,28,6,6,0,0,2,100,92,0,0,0,c79f418b,0
163,3,8,5,0,2100000163,0,3,0,832,1,0,61,16,2820,0,STEADY,278,3.99945,2.9169,0.283471,0.330935,0.176259,46,22,14,1,0,1,0,55,106,0,3,0,c79f418b,0
163,3,8,5,0,2100000163,1,3,0,718,1,0,93,14,2480,0,STEADY,240,4.52618,2.76832,0.285604,0.329167,0.0583333,27,14,12,1,0,1,0,23,106,0,3,35,c79f418b,0
164,4,9,0,0,2100000164,0,0,0,2444,1,0,111,47,8270,0,STEADY,815,4.43578,7.31772,0.551804,0.36319,0.15092,129,30,0,40,1,3,3,68,149,26,0,46,c79f418b,0
164,4,9,0,0,2100000164,1,0,0,2611,1,0,143,51,8890,0,STEADY,871,4.16767,4.3842,0.349359,0.486797,0.352468,50,24,0,46,1,2,2,56,136,13,0,230,c79f418b,0
165,5,10,1,0,2100000165,0,1,0,2174,1,0,103,37,7280,0,STEADY,725,3.84077,3.99306,0.204614,0.391724,0.161379,237,19,5,6,1,13,12,21,141,0,243,115,c79f418b,0
165,5,10,1,0,2100000165,1,1,0,1884,1,0,103,32,6200,0,STEADY,628,3.6163,3.51069,0.197022,0.285032,0.181529,300,30,5,5,0,11,11,21,141,0,95,165,c79f418b,0
166,6,11,2,0,2100000166,0,2,0,2609,1,0,107,46,8470,0,STEADY,870,4.41513,4.98336,0.25608,0.0126437,0.521839,54,39,36,0,5,0,5,60,131,0,0,140,c79f418b,0
166,6,11,2,0,2100000166,1,2,0,2700,3,59,108,48,8690,0,STEADY,900,4.69077,5.43202,0.324561,0.0255556,0.506667,0,0,38,0,3,1,6,83,72,0,0,131,c79f418b,0
167,7,12,3,0,2100000167,0,3,0,875,1,0,91,20,2800,0,STEADY,292,3.95155,4.03647,0.186695,0.267123,0.469178,129,76,15,3,0,1,1,20,100,0,0,81,c79f418b,0
167,7,12,3,0,2100000167,1,3,0,719,1,0,81,16,2470,0,STEADY,240,3.60963,2.19452,0.217521,0.2625,0.325,79,37,8,6,0,1,1,30,100,0,0,74,c79f418b,0
168,8,13,4,0,2100000168,0,0,0,1819,1,0,26,31,6060,0,STEADY,607,4.81635,3.99375,0.257628,0.163097,0.181219,450,81,7,10,0,1,13,78,116,0,30,210,c79f418b,0
168,8,13,4,0,2100000168,1,0,0,918,1,0,71,16,3230,0,STEADY,306,5.47719,2.36386,0.313219,0.401961,0.212418,139,50,6,4,0,3,3,33,116,0,10,396,c79f418b,0
169,9,14,5,0,2100000169,0,1,0,1165,1,0,64,18,3630,0,STEADY,389,3.02312,7.12323,0.332134,0.0822622,0.421594,184,86,3,2,1,0,12,49,149,0,0,13,c79f418b,0
169,9,14,5,0,2100000169,1,1,0,2044,1,0,95,31,6400,0,STEADY,682,2.57428,7.11344,0.408116,0.0219941,0.381232,130,28,9,2,0,0,20,18,149,0,0,27,c79f418b,0
170,10,15,0,0,2100000170,0,2,0,814,2,124,118,17,2950,0,STEADY,272,6.00805,5.7948,0.259982,0.283088,0.411765,0,0,14,3,0,0,0,0,0,0,0,0,c79f418b,0
170,10,15,0,0,2100000170,1,2,1,852,1,112,0,17,3150,0,STEADY,284,6.05811,5.33097,0.348345,0.18662,0.330986,0,0,8,8,1,0,0,118,12,0,0,6,c79f418b,0
171,11,16,1,0,2100000171,0,3,0,2700,3,112,61,42,8760,0,STEADY,900,2.97525,1.89818,0.174222,0.156667,0.153333,0,0,3,15,0,10,14,54,103,98,20,0,c79f418b,0
171,11,16,1,0,2100000171,1,3,0,2700,3,117,43,42,8960,0,STEADY,900,2.7966,2.02947,0.154117,0.142222,0.0944444,0,0,1,16,0,10,15,72,85,85,10,13,c79f418b,0
172,12,17,2,0,2100000172,0,0,0,437,1,0,40,9,1740,0,STEADY,146,3.54672,2.70231,0.291781,0.273973,0.465753,36,19,2,1,3,1,2,90,111,0,0,0,c79f418b,0
172,12,17,2,0,2100000172,1,0,0,331,1,0,20,8,1480,0,STEADY,111,3.70544,4.78247,0.322838,0.135135,0.648649,10,10,3,1,1,1,2,84,111,0,0,0,c79f418b,0
173,13,18,3,0,2100000173,0,1,0,812,1,0,25,13,2780,0,STEADY,271,5.19867,5.2143,0.35476,0.590406,0.295203,29,14,4,1,6,1,1,104,104,0,0,0,c79f418b,0
173,13,18,3,0,2100000173,1,1,1,1303,1,52,0,23,4440,0,STEADY,435,4.66121,4.08823,0.234057,0.542529,0.367816,0,0,14,1,5,1,2,129,52,0,0,82,c79f418b,0
174,14,19,4,0,2100000174,0,2,0,2700,3,63,66,50,8160,0,STEADY,900,2.2441,6.44812,0.465278,0.0455556,0.0955556,0,0,0,23,0,16,11,66,50,0,27,24,c79f418b,0
174,14,19,4,0,2100000174,1,2,1,2658,1,42,0,49,8280,0,STEADY,886,2.1877,2.35346,0.305175,0.0417607,0.136569,45,3,0,19,0,16,14,132,71,0,37,116,c79f418b,0
175,15,20,5,0,2100000175,0,3,0,972,2,118,102,15,2610,0,STEADY,324,10.6091,8.88763,0.467562,0.614198,0.367284,0,0,0,13,0,2,0,0,0,0,0,0,c79f418b,0
175,15,20,5,0,2100000175,1,3,0,682,1,0,98,10,1760,0,STEADY,228,7.6926,4.48564,0.579101,0.447368,0.109649,30,17,0,8,0,2,0,0,118,0,30,0,c79f418b,0
176,16,21,0,0,2100000176,0,0,0,1943,1,0,88,31,6770,0,STEADY,648,4.20988,6.87048,0.163449,0.20216,0.618827,103,34,5,13,0,1,12,36,115,0,0,65,c79f418b,0
176,16,21,0,0,2100000176,1,0,0,2213,1,0,62,35,7670,0,STEADY,738,4.10648,4.02695,0.167785,0.224932,0.50271,27,23,7,17,0,1,10,62,115,0,0,166,c79f418b,0
177,17,22,1,0,2100000177,0,1,1,1950,1,14,0,30,6500,0,STEADY,650,2.91471,3.84834,0.562169,0.301538,0.444615,432,196,0,6,0,13,11,175,148,78,0,131,c79f418b,0
177,17,22,1,0,2100000177,1,1,1,1568,1,92,0,23,5040,0,STEADY,523,3.12016,3.75829,0.62479,0.271511,0.395793,0,0,0,6,0,10,7,175,52,60,0,110,c79f418b,0
178,18,23,2,0,2100000178,0,2,0,1184,1,0,9,22,3860,0,STEADY,395,3.51839,5.04782,0.240878,0.146835,0.625316,243,166,12,6,0,0,4,114,129,0,0,69,c79f418b,0
178,18,23,2,0,2100000178,1,2,0,1226,1,0,74,22,4170,0,STEADY,409,3.29908,4.74484,0.276174,0.171149,0.393643,181,42,9,8,0,0,5,48,129,0,0,56,c79f418b,0
179,19,24,3,0,2100000179,0,3,0,2700,3,68,26,47,8050,0,STEADY,900,3.98486,4.17297,0.155578,0.475556,0.141111,0,0,45,0,0,2,0,75,64,0,17,24,c79f418b,0
179,19,24,3,0,2100000179,1,3,0,2700,3,15,63,48,8290,0,STEADY,900,4.69434,3.84241,0.144517,0.511111,0.301111,14,2,45,1,0,2,0,62,117,0,0,245,c79f418b,0
180,20,25,4,0,2100000180,0,0,0,2700,3,15,14,44,8530,0,STEADY,900,6.92386,4.10289,0.156694,0.515556,0.27,286,111,35,6,0,2,1,90,87,0,0,130,c79f418b,0
180,20,25,4,0,2100000180,1,0,1,1248,1,88,0,21,4520,0,STEADY,416,5.98682,4.03486,0.265457,0.451923,0.353365,0,0,11,5,0,2,3,104,14,0,14,192,c79f418b,0
181,21,26,5,0,2100000181,0,1,0,2700,3,24,93,46,8270,0,STEADY,900,2.58253,3.89711,0.183167,0.00333333,0.182222,63,13,31,0,0,0,15,15,100,0,0,29,c79f418b,0
181,21,26,5,0,2100000181,1,1,0,1074,1,0,108,20,3580,0,STEADY,358,3.11835,6.87958,0.234958,0,0.0810056,78,0,14,0,0,0,6,0,124,0,0,0,c79f418b,0
182,22,27,0,0,2100000182,0,2,0,1340,1,0,41,23,5230,0,STEADY,447,3.88219,6.81797,0.196957,0.163311,0.098434,107,6,0,7,7,0,9,104,175,0,113,57,c79f418b,0
182,22,27,0,0,2100000182,1,2,0,2144,1,0,41,35,7990,0,STEADY,715,4.37304,5.0656,0.167038,0.155245,0.293706,375,127,0,11,11,0,13,104,175,0,85,83,c79f418b,0
183,23,28,1,0,2100000183,0,3,0,439,1,0,91,10,1760,0,STEADY,147,6.17092,4.9989,0.532857,0.272109,0.170068,37,7,0,8,0,0,2,12,107,2,0,56,c79f418b,0
183,23,28,1,0,2100000183,1,3,0,533,1,0,60,12,2080,0,STEADY,178,4.81174,3.90836,0.337978,0.196629,0.168539,93,6,1,8,0,0,3,43,112,7,0,31,c79f418b,0
184,24,29,2,0,2100000184,0,0,0,2700,3,13,61,42,9040,0,STEADY,900,3.1579,2.76955,0.228422,0.356667,0.15,254,15,3,21,1,10,7,41,112,0,27,184,c79f418b,0
184,24,29,2,0,2100000184,1,0,0,2700,3,19,21,43,9040,0,STEADY,900,3.38615,6.19561,0.205294,0.297778,0.105556,16,1,3,17,0,13,10,81,106,0,32,42,c79f418b,0
185,25,30,3,0,2100000185,0,1,0,1340,1,0,55,23,4270,0,STEADY,447,3.97594,7.5176,0.23717,0.378076,0.342282,163,59,0,11,6,0,6,70,104,0,63,0,c79f418b,0
185,25,30,3,0,2100000185,1,1,0,482,1,0,55,10,1790,0,STEADY,161,5.13796,2.70807,0.410186,0.378882,0.167702,48,23,0,7,1,0,2,70,104,0,13,94,c79f418b,0
186,26,31,4,0,2100000186,0,2,0,1600,1,0,24,30,5170,0,STEADY,534,4.19278,2.90531,0.211882,0.299625,0.275281,93,37,1,25,0,0,4,108,108,0,0,230,c79f418b,0
186,26,31,4,0,2100000186,1,2,0,836,1,0,92,17,2830,0,STEADY,279,4.81157,2.77652,0.320896,0.308244,0.16129,131,27,3,11,0,0,3,40,108,0,0,190,c79f418b,0
187,27,32,5,0,2100000187,0,3,0,1083,2,82,118,18,3300,0,STEADY,361,5.75986,4.30352,0.288033,0.612188,0.265928,0,0,15,2,1,0,0,3,63,0,0,0,c79f418b,0
187,27,32,5,0,2100000187,1,3,0,1025,2,62,104,17,3030,0,STEADY,342,5.70716,3.46422,0.352705,0.631579,0.201754,0,0,15,2,0,0,0,17,83,0,0,87,c79f418b,0
188,28,33,0,0,2100000188,0,0,0,1480,1,0,54,26,5120,0,STEADY,494,3.82793,4.78188,0.190779,0.281377,0.698381,256,168,3,9,1,0,13,98,111,0,0,132,c79f418b,0
188,28,33,0,0,2100000188,1,0,0,1264,1,0,2,22,4600,0,STEADY,422,3.74513,8.36605,0.178874,0.35545,0.623223,199,131,7,5,1,0,9,150,111,0,0,98,c79f418b,0
189,29,34,1,0,2100000189,0,1,0,463,1,0,89,11,1920,0,STEADY,155,5.95527,4.48589,0.356516,0.445161,0.0322581,25,0,5,2,3,0,1,51,102,0,47,0,c79f418b,0
189,29,34,1,0,2100000189,1,1,0,1063,1,0,62,19,3920,0,STEADY,355,4.98975,5.03098,0.242437,0.253521,0.402817,272,137,2,4,7,0,6,78,102,0,64,54,c79f418b,0
190,30,35,2,0,2100000190,0,2,0,2030,1,0,39,41,5570,0,STEADY,677,4.49184,3.68124,0.156031,0.0797637,0.33678,251,115,29,5,0,3,4,71,125,0,28,220,c79f418b,0
190,30,35,2,0,2100000190,1,2,0,2489,1,0,74,49,6790,0,STEADY,830,4.45562,5.04788,0.157494,0.0807229,0.379518,231,94,33,5,0,1,10,45,125,0,20,155,c79f418b,0
191,31,36,3,0,2100000191,0,3,0,762,2,60,93,14,2310,0,STEADY,254,8.07025,8.12199,0.355,0.673228,0.275591,0,0,4,8,1,0,1,0,81,9,0,0,c79f418b,0
191,31,36,3,0,2100000191,1,3,0,905,2,120,90,18,2690,0,STEADY,302,5.63352,5.09521,0.323245,0.89404,0.0231788,0,0,10,6,1,0,1,3,12,0,0,0,c79f418b,0
192,32,37,4,0,2100000192,0,0,0,575,1,0,70,11,2230,0,STEADY,192,4.85018,3.13891,0.290443,0.203125,0.427083,30,0,6,0,3,1,1,80,121,0,0,143,c79f418b,0
192,32,37,4,0,2100000192,1,0,0,1457,1,0,99,26,4890,0,STEADY,486,4.53688,6.34752,0.165391,0.0679012,0.658436,90,89,16,0,2,1,7,51,121,0,0,211,c79f418b,0
193,33,38,5,0,2100000193,0,1,0,2497,1,0,29,44,7640,0,STEADY,833,2.34061,5.67802,0.193595,0.0288115,0.0768307,629,63,36,2,2,0,4,75,152,0,0,31,c79f418b,0
193,33,38,5,0,2100000193,1,1,0,1619,1,0,65,31,4920,0,STEADY,540,4.84615,2.68489,0.176009,0.211111,0.290741,43,2,16,2,11,0,2,39,152,0,0,451,c79f418b,0
194,34,39,0,0,2100000194,0,2,1,1781,1,84,0,33,5780,0,STEADY,594,3.69553,2.3181,0.157172,0.427609,0.37037,0,0,0,31,1,1,0,114,56,0,0,278,c79f418b,0
194,34,39,0,0,2100000194,1,2,1,2180,1,91,0,40,6970,0,STEADY,727,3.55476,2.34133,0.158109,0.471802,0.396149,0,0,0,38,1,1,0,114,49,0,0,235,c79f418b,0
195,35,0,1,0,2100000195,0,3,0,1246,1,0,53,24,4240,0,STEADY,416,3.87371,2.52434,0.208654,0.0336538,0.451923,116,62,16,1,0,2,5,56,119,18,19,90,c79f418b,0
195,35,0,1,0,2100000195,1,3,0,2700,3,30,81,49,8340,0,STEADY,900,2.97497,2.24072,0.116517,0.0277778,0.346667,14,10,38,4,0,1,6,28,80,9,6,85,c79f418b,0
196,36,1,2,0,2100000196,0,0,0,1507,1,0,55,26,5080,0,STEADY,503,3.25934,2.59818,0.202406,0.190855,0.379722,81,19,6,12,0,0,8,81,93,0,0,147,c79f418b,0
196,36,1,2,0,2100000196,1,0,0,481,1,0,86,10,1910,0,STEADY,161,3.97324,2.70027,0.284596,0.36646,0.267081,52,16,3,7,0,0,0,50,93,0,0,100,c79f418b,0
197,37,2,3,0,2100000197,0,1,0,1199,1,0,19,21,4020,0,STEADY,400,5.23129,3.66091,0.38135,0.0975,0.4025,305,159,12,2,1,0,6,75,150,0,0,272,c79f418b,0
197,37,2,3,0,2100000197,1,1,0,1359,1,0,14,24,4580,0,STEADY,453,4.35261,3.91473,0.23574,0.0772627,0.280353,375,121,11,1,1,0,11,80,150,0,0,128,c79f418b,0
198,38,3,4,0,2100000198,0,2,0,998,2,71,68,19,3380,0,STEADY,333,8.832,8.34058,0.374369,0.753754,0.243243,0,0,11,6,0,1,1,38,33,0,0,0,c79f418b,0
198,38,3,4,0,2100000198,1,2,1,709,1,60,0,14,2530,0,STEADY,237,7.95801,7.13618,0.337194,0.755274,0.177215,0,0,7,5,0,1,1,106,44,0,0,0,c79f418b,0
199,39,4,5,0,2100000199,0,3,0,1260,1,0,121,20,3920,0,STEADY,420,5.51152,4.37129,0.355726,0.483333,0.147619,60,0,5,6,0,8,1,54,114,0,32,0,c79f418b,0
199,39,4,5,0,2100000199,1,3,0,1140,1,0,90,17,3560,0,STEADY,380,5.38529,3.73759,0.382816,0.431579,0.165789,70,9,2,4,0,8,3,72,114,0,15,347,c79f418b,0
200,0,12,1,0,2100000200,0,1,0,710,1,0,29,14,2630,0,STEADY,237,4.61238,7.58757,0.410506,0.240506,0.632911,31,24,0,8,0,1,5,82,113,0,0,0,c79f418b,0
200,0,12,1,0,2100000200,1,1,1,450,1,1,0,10,1830,0,STEADY,150,5.1673,4.65649,0.375,0.42,0.413333,53,32,0,8,0,1,1,111,112,0,0,0,c79f418b,0
201,1,13,2,0,2100000201,0,2,1,845,1,45,0,17,2980,0,STEADY,282,4.4203,2.10754,0.257819,0.460993,0.109929,56,21,0,14,0,2,1,104,91,0,73,194,c79f418b,0
201,1,13,2,0,2100000201,1,2,1,782,1,52,0,16,2780,0,STEADY,261,4.46961,1.89972,0.271571,0.56705,0.237548,74,17,0,14,0,2,0,104,84,0,107,138,c79f418b,0
202,2,14,3,0,2100000202,0,3,1,1589,1,94,0,26,5050,0,STEADY,530,7.44878,8.12017,0.229566,0.673585,0.150943,0,0,9,17,0,0,0,113,0,0,0,0,c79f418b,0
202,2,14,3,0,2100000202,1,3,0,1164,2,94,113,19,3790,0,STEADY,388,8.04433,8.08764,0.28424,0.744845,0.237113,0,0,8,11,0,0,0,0,0,0,0,0,c79f418b,0
203,3,15,4,0,2100000203,0,0,0,1185,1,0,63,23,4010,0,STEADY,395,3.74415,2.14158,0.14857,0.539241,0.255696,117,33,21,1,0,1,0,55,106,0,0,253,c79f418b,0
203,3,15,4,0,2100000203,1,0,0,2186,1,0,85,40,6930,0,STEADY,729,4.66125,3.34076,0.100151,0.37037,0.323731,67,19,37,1,0,1,1,55,106,0,0,449,c79f418b,0
204,4,16,5,0,2100000204,0,1,1,1650,1,58,0,27,4820,0,STEADY,550,4.92447,5.11412,0.438767,0.378182,0.274545,51,1,1,19,1,3,3,115,104,39,0,0,c79f418b,0
204,4,16,5,0,2100000204,1,1,1,1950,1,6,0,32,5530,0,STEADY,650,5.34251,5.87065,0.602157,0.389231,0.147692,256,36,2,26,1,3,0,115,156,39,0,0,c79f418b,0
205,5,17,0,0,2100000205,0,2,0,1298,1,0,50,25,4400,0,STEADY,433,3.15783,4.09403,0.155277,0.290993,0.482679,50,18,10,4,1,5,5,72,141,0,47,244,c79f418b,0
205,5,17,0,0,2100000205,1,2,0,2080,1,0,116,39,6640,0,STEADY,694,3.09423,3.6822,0.130612,0.404899,0.34438,297,106,17,4,1,10,7,36,141,0,138,114,c79f418b,0
206,6,18,1,0,2100000206,0,3,0,520,1,0,65,11,2100,0,STEADY,174,5.63673,6.1863,0.366638,0.0172414,0.258621,79,33,8,0,2,0,1,64,131,0,0,4,c79f418b,0
206,6,18,1,0,2100000206,1,3,1,696,1,3,0,14,2630,0,STEADY,232,4.97601,4.20276,0.34875,0.0301724,0.37931,105,54,11,0,2,1,0,129,128,0,0,0,c79f418b,0
207,7,19,2,0,2100000207,0,0,0,1442,1,0,42,27,4570,0,STEADY,481,3.72777,3.3251,0.225967,0.243243,0.029106,228,10,1,25,0,0,1,90,100,0,0,163,c79f418b,0
207,7,19,2,0,2100000207,1,0,0,1164,1,0,32,22,3720,0,STEADY,388,4.16117,3.79329,0.258853,0.25,0.0309278,78,0,1,20,0,0,1,100,100,0,0,175,c79f418b,0
208,8,20,3,0,2100000208,0,1,0,1900,1,0,3,30,5780,0,STEADY,634,4.49593,3.92296,0.243975,0.367508,0.257098,103,24,12,5,0,2,11,99,116,0,0,175,c79f418b,0
208,8,20,3,0,2100000208,1,1,0,1461,1,0,75,23,4650,0,STEADY,487,6.53771,9.41013,0.316037,0.238193,0.38809,136,63,3,10,0,2,8,27,116,0,47,0,c79f418b,0
209,9,21,4,0,2100000209,0,2,0,996,1,0,80,17,3110,0,STEADY,332,4.33858,8.32895,0.251265,0.141566,0.403614,77,32,1,5,1,0,10,44,153,4,0,33,c79f418b,0
209,9,21,4,0,2100000209,1,2,0,1030,1,0,124,17,3520,0,STEADY,344,4.45549,5.79308,0.409448,0.00872093,0.5,32,6,3,0,0,0,14,0,151,2,0,68,c79f418b,0
210,10,22,5,0,2100000210,0,3,1,1336,1,98,0,23,4090,0,STEADY,446,5.14629,4.50256,0.281177,0.103139,0.401345,0,0,14,9,0,0,0,175,26,0,0,137,c79f418b,0
210,10,22,5,0,2100000210,1,3,1,1353,1,22,0,24,4320,0,STEADY,451,4.6449,3.78237,0.228171,0.135255,0.32816,151,93,16,7,1,0,0,175,102,0,0,45,c79f418b,0
211,11,23,0,0,2100000211,0,0,0,2660,1,0,29,43,8920,0,STEADY,887,2.89399,5.49894,0.18553,0.235626,0.485908,97,72,6,20,0,9,8,107,225,108,27,0,c79f418b,0
211,11,23,0,0,2100000211,1,0,0,1346,1,0,105,25,4560,0,STEADY,449,3.5813,6.31663,0.153942,0.091314,0.750557,145,103,8,5,0,2,10,18,131,14,20,0,c79f418b,0
212,12,24,1,0,2100000212,0,1,0,1808,1,0,12,31,6170,0,STEADY,603,2.90836,2.65954,0.22558,0.298507,0.273632,48,31,6,6,13,1,5,113,111,0,0,301,c79f418b,0
212,12,24,1,0,2100000212,1,1,1,1751,1,94,0,28,6170,0,STEADY,584,3.3551,2.77154,0.181096,0.332192,0.320205,0,0,0,7,14,2,5,125,17,0,0,190,c79f418b,0
213,13,25,2,0,2100000213,0,2,0,1010,1,0,46,18,3730,0,STEADY,337,3.87734,2.47528,0.213442,0.397626,0.51632,229,147,8,0,7,1,2,58,104,0,0,238,c79f418b,0
213,13,25,2,0,2100000213,1,2,0,1206,1,0,29,21,4350,0,STEADY,402,4.36904,5.80402,0.214813,0.300995,0.597015,112,84,6,0,6,1,8,75,104,0,0,0,c79f418b,0
214,14,26,3,0,2100000214,0,3,0,779,1,0,64,16,2560,0,STEADY,260,3.19009,2.52779,0.303154,0.0153846,0.203846,68,25,2,6,0,2,6,44,113,0,17,18,c79f418b,0
214,14,26,3,0,2100000214,1,3,0,986,1,0,86,19,3080,0,STEADY,329,2.94974,2.76895,0.263419,0.0729483,0.306991,83,49,2,7,0,2,8,22,113,0,0,16,c79f418b,0
215,15,27,4,0,2100000215,0,0,0,904,2,112,145,17,3010,0,STEADY,302,9.3534,8.49067,0.427202,0.556291,0.357616,0,0,0,13,0,3,1,0,6,0,7,0,c79f418b,0
215,15,27,4,0,2100000215,1,0,0,1319,1,0,133,24,4320,0,STEADY,440,5.40992,4.26631,0.333614,0.513636,0.120455,153,2,0,16,0,5,3,12,118,0,47,0,c79f418b,0
216,16,28,5,0,2100000216,0,1,0,515,1,0,60,9,2210,0,STEADY,172,7.9297,5.96631,0.593576,0.366279,0.168605,50,16,1,6,0,1,1,51,115,0,0,0,c79f418b,0
216,16,28,5,0,2100000216,1,1,0,607,1,0,85,10,2580,0,STEADY,203,8.37457,4.878,0.499458,0.413793,0.275862,62,35,2,6,0,2,0,26,115,0,0,0,c79f418b,0
217,17,29,0,0,2100000217,0,2,1,2425,1,91,0,38,8120,0,STEADY,809,3.34222,2.79076,0.537138,0.25958,0.218789,0,0,1,7,0,18,12,102,76,93,0,206,c79f418b,0
217,17,29,0,0,2100000217,1,2,1,974,1,75,0,16,3440,0,STEADY,325,3.77324,2.39673,0.663815,0.276923,0.264615,0,0,1,5,0,8,2,102,59,48,0,192,c79f418b,0
218,18,30,1,0,2100000218,0,3,0,624,1,0,7,13,2430,0,STEADY,208,4.69046,2.74558,0.391861,0.254808,0.245192,148,45,6,5,0,0,2,118,129,0,0,0,c79f418b,0
218,18,30,1,0,2100000218,1,3,0,497,1,0,49,12,2160,0,STEADY,166,5.14066,2.95729,0.478289,0.307229,0.349398,116,57,7,5,0,0,0,76,129,0,0,0,c79f418b,0
219,19,31,2,0,2100000219,0,0,1,1338,1,15,0,25,4530,0,STEADY,446,3.90507,2.72915,0.173812,0.316143,0.426009,82,62,18,0,1,3,3,137,117,0,31,106,c79f418b,0
219,19,31,2,0,2100000219,1,0,0,1112,1,0,14,21,3790,0,STEADY,371,4.12844,3.04975,0.187736,0.407008,0.336927,78,36,16,0,1,2,2,123,132,0,22,190,c79f418b,0
220,20,32,3,0,2100000220,0,1,0,1136,1,0,89,19,3670,0,STEADY,379,5.7539,6.25906,0.266003,0.654354,0.277045,68,19,13,2,0,3,1,32,102,0,36,0,c79f418b,0
220,20,32,3,0,2100000220,1,1,1,1118,1,55,0,18,3880,0,STEADY,373,5.556,3.97688,0.306139,0.458445,0.225201,0,0,8,4,0,4,2,121,47,0,32,38,c79f418b,0
221,21,33,4,0,2100000221,0,2,0,2443,1,0,17,45,7770,0,STEADY,815,3.84736,6.06187,0.151945,0.0392638,0.639264,157,59,33,3,0,0,9,135,124,0,0,43,c79f418b,0
221,21,33,4,0,2100000221,1,2,0,1993,1,0,47,37,6480,0,STEADY,665,3.94501,7.91876,0.147744,0.0195489,0.678195,60,27,28,1,0,0,8,105,124,0,0,0,c79f418b,0
222,22,34,5,0,2100000222,0,3,0,1303,1,0,88,20,4720,0,STEADY,435,3.89162,2.98047,0.263747,0.308046,0.216092,128,29,0,8,6,0,6,52,175,0,94,133,c79f418b,0
222,22,34,5,0,2100000222,1,3,0,1408,1,0,88,22,5320,0,STEADY,470,3.90274,3.65261,0.2254,0.293617,0.242553,189,59,1,10,7,0,4,52,175,0,142,30,c79f418b,0
223,23,35,0,0,2100000223,0,0,1,2414,1,44,0,44,7600,0,STEADY,805,3.88691,5.67865,0.627261,0.206211,0.135404,0,0,0,40,0,0,4,101,70,9,0,75,c79f418b,0
223,23,35,0,0,2100000223,1,0,0,2383,1,0,30,43,7460,0,STEADY,795,3.79007,3.4102,0.537906,0.220126,0.211321,98,16,0,38,0,0,5,98,121,16,0,116,c79f418b,0
224,24,36,1,0,2100000224,0,1,0,1277,1,0,30,21,4520,0,STEADY,426,4.05964,6.03391,0.269742,0.424883,0.223005,75,3,0,8,0,4,9,63,125,0,25,0,c79f418b,0
224,24,36,1,0,2100000224,1,1,0,1970,1,0,59,32,6760,0,STEADY,657,4.09301,3.17614,0.237017,0.296804,0.391172,394,184,1,11,0,6,14,34,125,0,65,221,c79f418b,0
225,25,37,2,0,2100000225,0,2,0,1652,1,0,73,31,5510,0,STEADY,551,4.51177,4.26184,0.334129,0.339383,0.0635209,313,13,0,23,6,0,2,77,104,0,123,0,c79f418b,0
225,25,37,2,0,2100000225,1,2,0,620,1,0,38,13,2250,0,STEADY,207,3.94845,2.17795,0.208333,0.521739,0.285024,52,27,1,9,1,0,2,112,104,0,21,170,c79f418b,0
226,26,38,3,0,2100000226,0,3,0,987,1,0,2,20,3180,0,STEADY,329,4.35699,3.08039,0.272918,0.297872,0.267477,168,68,5,14,0,0,1,102,108,0,0,60,c79f418b,0
226,26,38,3,0,2100000226,1,3,0,713,1,0,23,16,2450,0,STEADY,238,4.12391,3.1312,0.368382,0.218487,0.243697,11,11,6,9,0,0,1,81,108,0,0,49,c79f418b,0
227,27,39,4,0,2100000227,0,0,0,2596,1,0,77,45,7920,0,STEADY,866,5.04472,4.5757,0.188222,0.433025,0.252887,95,34,41,2,1,0,1,37,145,0,0,274,c79f418b,0
227,27,39,4,0,2100000227,1,0,0,2700,3,79,12,48,8370,0,STEADY,900,3.75274,3.35814,0.158283,0.463333,0.287778,0,0,45,3,0,0,0,102,66,0,0,204,c79f418b,0
228,28,0,5,0,2100000228,0,1,0,563,1,0,30,8,1600,0,STEADY,188,6.67558,5.41654,0.624441,0.489362,0.393617,37,25,3,4,0,0,1,83,111,0,0,0,c79f418b,0
228,28,0,5,0,2100000228,1,1,0,630,1,0,87,9,1910,0,STEADY,210,6.99299,5.16674,0.535024,0.571429,0.271429,40,15,4,4,1,0,0,26,111,0,0,0,c79f418b,0
229,29,1,0,0,2100000229,0,2,0,739,1,0,71,16,2680,0,STEADY,247,3.74546,3.30043,0.272449,0.518219,0.133603,32,4,8,3,3,0,2,65,102,0,69,0,c79f418b,0
229,29,1,0,0,2100000229,1,2,0,2285,1,0,76,37,7720,0,STEADY,762,3.59911,4.83426,0.31792,0.28084,0.368766,80,37,3,10,14,0,10,60,102,0,91,46,c79f418b,0
230,30,2,1,0,2100000230,0,3,0,494,1,0,36,12,1880,0,STEADY,165,5.97946,2.88639,0.314,0.175758,0.393939,107,62,8,3,0,1,0,58,125,0,20,83,c79f418b,0
230,30,2,1,0,2100000230,1,3,0,454,1,0,65,11,1790,0,STEADY,152,6.41348,3.03302,0.33577,0.190789,0.368421,94,53,7,3,0,1,0,29,125,0,20,83,c79f418b,0
231,31,3,2,0,2100000231,0,0,0,1199,1,0,31,23,4030,0,STEADY,400,3.70512,3.35793,0.2551,0.415,0.3525,122,66,2,16,1,0,4,75,141,9,0,61,c79f418b,0
231,31,3,2,0,2100000231,1,0,0,1573,1,0,13,28,5280,0,STEADY,525,3.80942,5.45886,0.197124,0.245714,0.634286,100,46,0,13,1,0,14,93,141,9,0,50,c79f418b,0
232,32,4,3,0,2100000232,0,1,0,721,1,0,113,12,2370,0,STEADY,241,5.91533,4.26462,0.391826,0.639004,0.195021,61,0,8,0,3,1,0,23,121,0,0,0,c79f418b,0
232,32,4,3,0,2100000232,1,1,0,1440,1,0,119,25,4870,0,STEADY,480,6.18305,3.90953,0.214427,0.322917,0.514583,230,104,17,0,5,2,1,17,121,0,0,157,c79f418b,0
233,33,5,4,0,2100000233,0,2,1,1174,2,142,141,22,3820,0,STEADY,392,5.00373,2.12546,0.242742,0.119898,0.505102,0,0,18,1,1,0,2,0,10,0,0,600,c79f418b,0
233,33,5,4,0,2100000233,1,2,0,2243,1,0,80,42,7010,0,STEADY,748,3.93381,4.25263,0.17381,0.0641711,0.410428,258,65,33,2,6,0,1,61,152,0,0,433,c79f418b,0
234,34,6,5,0,2100000234,0,3,0,782,2,126,131,14,2580,0,STEADY,261,7.43844,5.69799,0.406111,0.701149,0.237548,0,0,0,12,2,0,0,0,14,0,0,0,c79f418b,0
234,34,6,5,0,2100000234,1,3,0,779,2,86,123,14,2610,0,STEADY,260,7.63262,6.28814,0.319115,0.738462,0.0576923,0,0,0,11,2,0,1,8,54,0,0,0,c79f418b,0
235,35,7,0,0,2100000235,0,0,1,1332,1,17,0,26,4490,0,STEADY,444,3.62133,6.28931,0.134977,0.0292793,0.79955,21,20,21,1,0,1,3,100,84,0,0,15,c79f418b,0
235,35,7,0,0,2100000235,1,0,1,1646,1,11,0,30,5520,0,STEADY,549,3.90952,8.0376,0.152614,0.0327869,0.735883,79,47,16,0,0,1,13,100,90,0,0,0,c79f418b,0
236,36,8,1,0,2100000236,0,1,0,808,1,0,71,15,2920,0,STEADY,270,3.78555,2.29794,0.296296,0.162963,0.47037,43,16,4,8,0,0,3,45,93,0,0,73,c79f418b,0
236,36,8,1,0,2100000236,1,1,0,938,1,0,29,18,3410,0,STEADY,313,3.52731,1.88414,0.201933,0.14377,0.463259,124,49,5,13,0,0,0,87,93,0,0,97,c79f418b,0
237,37,9,2,0,2100000237,0,2,0,2700,3,63,70,49,8560,0,STEADY,900,3.2625,2.98836,0.359033,0.0177778,0.12,0,0,45,1,1,0,2,85,87,0,0,85,c79f418b,0
237,37,9,2,0,2100000237,1,2,1,2700,3,60,87,48,8490,0,STEADY,900,3.40671,3.29223,0.359839,0.0488889,0.348889,0,0,41,0,3,0,4,68,90,0,0,73,c79f418b,0
238,38,10,3,0,2100000238,0,3,0,526,1,0,101,11,2020,0,STEADY,176,7.23321,6.82614,0.475938,0.704545,0.181818,16,0,5,4,0,1,1,23,104,0,0,0,c79f418b,0
238,38,10,3,0,2100000238,1,3,0,518,1,0,86,10,1850,0,STEADY,173,6.89989,6.27525,0.48474,0.653179,0.190751,13,0,5,3,0,1,1,38,104,0,0,0,c79f418b,0
239,39,11,4,0,2100000239,0,0,0,2515,1,0,53,42,8280,0,STEADY,839,3.16563,3.01105,0.149499,0.309893,0.20739,196,54,9,14,0,15,4,136,114,0,129,257,c79f418b,0
239,39,11,4,0,2100000239,1,0,0,1313,1,0,105,22,4800,0,STEADY,438,3.54407,2.90785,0.19984,0.358447,0.216895,321,81,1,9,1,11,0,36,114,0,42,156,c79f418b,0
240,0,19,0,1,2100000240,0,2,0,1369,1,0,33,25,4530,0,STEADY,457,4.86046,5.01814,0.294059,0.21663,0.150985,187,2,0,18,0,1,6,99,113,0,0,36,c79f418b,0
240,0,19,0,1,2100000240,1,2,0,1561,1,0,92,27,5160,0,STEADY,521,4.97915,6.57985,0.260681,0.120921,0.193858,202,45,0,8,0,0,19,40,113,0,0,35,c79f418b,0
241,1,20,1,1,2100000241,0,3,1,1335,1,84,0,25,4240,0,STEADY,445,5.08713,2.67539,0.22273,0.546067,0.21573,0,0,2,20,0,3,0,94,52,0,72,86,c79f418b,0
241,1,20,1,1,2100000241,1,3,0,841,1,0,61,17,2800,0,STEADY,281,4.20413,3.52044,0.199591,0.551601,0.124555,180,26,3,12,0,1,1,33,136,0,84,0,c79f418b,0
242,2,21,2,1,2100000242,0,0,0,2221,1,0,64,34,7180,0,STEADY,741,5.51145,8.29767,0.187834,0.531714,0.45614,65,23,20,14,0,0,0,60,94,0,0,0,c79f418b,0
242,2,21,2,1,2100000242,1,0,0,1714,1,0,24,30,5680,0,STEADY,572,4.1483,6.70855,0.153916,0.442308,0.442308,28,5,7,20,0,0,3,100,94,0,0,0,c79f418b,0
243,3,22,3,1,2100000243,0,1,0,1136,1,0,142,22,3800,0,STEADY,379,4.41669,2.54744,0.265858,0.440633,0.271768,119,36,20,0,0,0,2,33,106,0,0,191,c79f418b,0
243,3,22,3,1,2100000243,1,1,0,823,1,0,120,16,2780,0,STEADY,275,4.60325,2.57733,0.262,0.44,0.236364,62,22,14,0,0,2,0,55,106,0,0,223,c79f418b,0
244,4,23,4,1,2100000244,0,2,0,2011,1,0,101,35,6410,0,STEADY,671,5.64356,8.0053,0.40777,0.409836,0.329359,207,41,0,22,1,3,9,14,149,26,0,0,c79f418b,0
244,4,23,4,1,2100000244,1,2,0,2435,2,32,91,49,8270,0,STEADY,812,3.93739,5.41304,0.254973,0.560345,0.342365,424,129,6,35,0,4,4,28,130,39,0,38,c79f418b,0
245,5,24,5,1,2100000245,0,3,1,2023,1,13,0,35,6200,0,STEADY,675,3.32847,4.0159,0.220896,0.385185,0.185185,374,80,15,8,2,8,2,125,128,0,20,6,c79f418b,0
245,5,24,5,1,2100000245,1,3,1,1036,1,61,0,19,3320,0,STEADY,346,4.08528,3.1649,0.327587,0.552023,0.0924855,0,0,9,5,1,3,1,125,80,0,13,101,c79f418b,0
246,6,25,0,1,2100000246,0,0,1,1324,1,65,0,25,4500,0,STEADY,442,5.15772,8.44795,0.278767,0.255656,0.552036,0,0,19,0,1,0,5,104,66,0,0,2,c79f418b,0
246,6,25,0,1,2100000246,1,0,0,2324,1,0,8,42,7430,0,STEADY,775,4.8318,6.59013,0.19709,0.0580645,0.476129,295,54,36,0,1,2,3,96,131,0,0,0,c79f418b,0
247,7,26,1,1,2100000247,0,1,0,848,1,0,48,17,2990,0,STEADY,283,3.10205,3.21247,0.233304,0.219081,0.109541,57,20,1,14,0,1,1,60,100,0,0,124,c79f418b,0
247,7,26,1,1,2100000247,1,1,0,790,1,0,48,17,2770,0,STEADY,264,3.18391,2.05862,0.277405,0.170455,0.0984848,101,16,3,13,0,0,1,60,100,0,0,141,c79f418b,0
248,8,27,2,1,2100000248,0,2,0,1565,1,0,64,27,5190,0,STEADY,522,4.41356,5.80132,0.214464,0.214559,0.172414,129,13,7,9,0,0,11,81,116,0,44,179,c79f418b,0
248,8,27,2,1,2100000248,1,2,0,1102,1,0,118,20,3920,0,STEADY,368,4.74337,5.54758,0.315761,0.173913,0.0679348,64,11,5,7,0,1,7,27,116,0,60,52,c79f418b,0
249,9,28,3,1,2100000249,0,3,0,492,1,0,93,8,1790,0,STEADY,164,6.49238,3.54602,0.748963,0.109756,0.390244,15,0,3,0,1,0,4,18,149,0,0,88,c79f418b,0
249,9,28,3,1,2100000249,1,3,0,1439,1,0,72,22,4590,0,STEADY,480,4.06998,3.60545,0.298667,0.0666667,0.214583,297,50,9,3,1,0,9,39,149,0,0,111,c79f418b,0
250,10,29,4,1,2100000250,0,0,1,1310,1,78,0,24,4370,0,STEADY,437,4.70592,3.14235,0.221362,0.249428,0.546911,0,0,14,8,1,0,1,102,46,0,0,183,c79f418b,0
250,10,29,4,1,2100000250,1,0,1,2173,1,30,0,40,7060,0,STEADY,725,4.72456,3.79427,0.129462,0.153103,0.457931,184,76,31,8,1,0,0,102,94,0,0,231,c79f418b,0
251,11,30,5,1,2100000251,0,1,0,2591,1,0,19,40,8360,0,STEADY,864,3.29296,4.03631,0.175509,0.271991,0.137731,231,63,3,15,0,9,13,106,201,84,40,52,c79f418b,0
251,11,30,5,1,2100000251,1,1,0,2700,3,59,20,42,8840,0,STEADY,900,2.72258,4.31778,0.186056,0.253333,0.211111,0,0,4,19,0,11,8,105,146,88,7,42,c79f418b,0
252,12,31,0,1,2100000252,0,2,1,2180,1,34,0,36,7350,0,STEADY,727,3.57388,5.60698,0.211389,0.244842,0.343879,141,63,2,5,18,1,10,132,77,0,0,51,c79f418b,0
252,12,31,0,1,2100000252,1,2,0,1569,1,0,66,27,5320,0,STEADY,523,3.15171,4.05687,0.169331,0.349904,0.24283,339,79,4,3,11,2,7,75,111,0,0,68,c79f418b,0
253,13,32,1,1,2100000253,0,3,0,374,1,0,70,8,1600,0,STEADY,125,6.53096,5.22373,0.45512,0.648,0.072,68,9,4,0,3,0,1,51,104,0,0,0,c79f418b,0
253,13,32,1,1,2100000253,1,3,0,572,1,0,63,12,2370,0,STEADY,191,4.9437,4.72581,0.210209,0.769634,0.13089,100,21,8,0,3,1,0,58,104,0,0,0,c79f418b,0
254,14,33,2,1,2100000254,0,0,0,1954,1,0,86,36,6160,0,STEADY,652,2.54306,3.35218,0.143313,0.0184049,0.0828221,55,2,0,13,0,6,17,66,113,0,8,7,c79f418b,0
254,14,33,2,1,2100000254,1,0,0,967,1,0,130,20,3360,0,STEADY,323,2.74048,2.59567,0.185991,0.0216718,0.0866873,199,18,0,8,0,3,9,22,113,0,0,34,c79f418b,0
255,15,34,3,1,2100000255,0,1,0,1322,1,0,76,21,3560,0,STEADY,441,6.06975,5.37103,0.337086,0.664399,0.0975057,61,24,2,16,0,2,1,64,118,0,4,0,c79f418b,0
255,15,34,3,1,2100000255,1,1,0,954,1,0,140,14,2440,0,STEADY,318,8.77116,5.17675,0.465393,0.440252,0.132075,77,11,0,12,0,2,0,0,118,0,15,0,c79f418b,0
256,16,35,4,1,2100000256,0,2,0,2700,3,73,1,43,9170,0,STEADY,900,4.62405,5.96501,0.158906,0.325556,0.418889,0,0,13,19,0,1,10,127,42,0,0,12,c79f418b,0
256,16,35,4,1,2100000256,1,2,1,2387,1,15,0,39,8120,0,STEADY,796,4.96242,4.32897,0.156156,0.33794,0.497487,604,290,16,15,0,1,7,128,100,0,0,364,c79f418b,0
257,17,36,5,1,2100000257,0,3,1,506,1,55,0,6,1300,0,STEADY,169,5.9143,4.62798,0.820355,0.242604,0.118343,0,0,0,1,0,3,2,93,77,18,0,0,c79f418b,0
257,17,36,5,1,2100000257,1,3,0,534,1,0,19,9,1640,0,STEADY,178,5.30299,5.52291,0.5425,0.286517,0.235955,73,27,2,1,1,2,3,74,113,12,0,0,c79f418b,0
258,18,37,0,1,2100000258,0,0,0,1088,1,0,122,21,3570,0,STEADY,363,5.21589,3.63387,0.275799,0.206612,0.548209,104,42,14,7,0,0,0,28,129,0,0,221,c79f418b,0
258,18,37,0,1,2100000258,1,0,0,1073,1,0,46,21,3610,0,STEADY,358,4.17155,2.43542,0.270905,0.114525,0.480447,96,37,12,5,0,0,4,104,129,0,0,301,c79f418b,0
259,19,38,1,1,2100000259,0,1,0,562,1,0,44,12,2130,0,STEADY,188,5.55792,2.6508,0.311729,0.345745,0.138298,61,10,9,0,0,2,1,60,132,0,36,155,c79f418b,0
259,19,38,1,1,2100000259,1,1,0,630,1,0,59,13,2270,0,STEADY,210,5.43629,2.88688,0.283024,0.428571,0.271429,77,39,11,0,0,2,0,45,132,0,41,172,c79f418b,0
260,20,39,2,1,2100000260,0,2,1,829,1,60,0,13,3010,0,STEADY,277,4.85837,2.36183,0.313014,0.418773,0.368231,0,0,6,4,1,2,0,114,42,0,0,245,c79f418b,0
260,20,39,2,1,2100000260,1,2,1,1473,1,44,0,25,5300,0,STEADY,491,4.58843,6.23984,0.240978,0.407332,0.409369,0,0,16,6,0,2,1,114,58,0,0,0,c79f418b,0
261,21,0,3,1,2100000261,0,3,0,1340,1,0,8,25,4280,0,STEADY,447,3.55539,2.54533,0.240872,0.00223714,0.317673,38,7,24,0,0,0,1,105,124,0,0,3,c79f418b,0
261,21,0,3,1,2100000261,1,3,0,1912,1,0,38,35,6100,0,STEADY,638,3.14135,2.39031,0.153903,0.0141066,0.233542,118,50,30,1,2,0,2,75,124,0,0,0,c79f418b,0
262,22,1,4,1,2100000262,0,0,0,1624,1,0,60,25,5900,0,STEADY,542,3.41635,1.8954,0.16647,0.387454,0.249077,222,70,0,10,7,0,8,76,175,0,47,7,c79f418b,0
262,22,1,4,1,2100000262,1,0,0,1846,1,0,64,30,6830,0,STEADY,616,2.96166,2.41578,0.153821,0.271104,0.181818,160,27,1,9,9,0,11,72,175,0,58,41,c79f418b,0
263,23,2,5,1,2100000263,0,1,0,724,1,0,22,14,2440,0,STEADY,242,4.06298,5.5636,0.357045,0.243802,0.0785124,22,7,0,12,0,0,2,72,115,10,0,0,c79f418b,0
263,23,2,5,1,2100000263,1,1,0,1104,1,0,22,20,3520,0,STEADY,368,3.63618,7.69859,0.273954,0.217391,0.0679348,59,0,0,16,0,0,4,72,117,12,0,0,c79f418b,0
264,24,3,0,1,2100000264,0,2,1,665,1,20,0,13,2560,0,STEADY,222,3.90772,2.84609,0.248874,0.5,0.171171,43,11,3,5,0,3,2,100,105,0,40,93,c79f418b,0
264,24,3,0,1,2100000264,1,2,0,2037,1,0,66,34,7000,0,STEADY,679,3.98826,4.32933,0.166237,0.298969,0.488954,530,264,2,9,0,7,16,34,125,0,69,189,c79f418b,0
265,25,4,1,1,2100000265,0,3,1,1009,1,1,0,20,3440,0,STEADY,337,4.20377,2.60455,0.241751,0.534125,0.305638,81,44,1,16,3,0,0,136,103,0,8,63,c79f418b,0
265,25,4,1,1,2100000265,1,3,0,1080,1,0,59,21,3610,0,STEADY,360,4.54224,3.08269,0.214194,0.475,0.361111,240,122,1,17,1,0,2,77,104,0,15,0,c79f418b,0
266,26,5,2,1,2100000266,0,0,0,2464,1,0,49,45,7660,0,STEADY,822,2.90136,2.99955,0.187342,0.259124,0.245742,186,70,1,42,0,0,2,92,108,0,0,132,c79f418b,0
266,26,5,2,1,2100000266,1,0,0,2700,3,62,75,49,8310,0,STEADY,900,2.71941,2.97625,0.176128,0.208889,0.137778,0,0,1,47,0,0,1,66,46,0,0,71,c79f418b,0
267,27,6,3,1,2100000267,0,1,0,1596,1,0,114,27,5050,0,STEADY,532,4.8752,7.18968,0.343177,0.447368,0.234962,194,20,13,1,0,0,13,17,145,0,0,0,c79f418b,0
267,27,6,3,1,2100000267,1,1,0,1649,1,0,63,29,5150,0,STEADY,550,4.59196,3.4959,0.293855,0.334545,0.307273,306,63,23,1,0,0,5,68,145,0,0,212,c79f418b,0
268,28,7,4,1,2100000268,0,2,0,668,1,0,19,13,2580,0,STEADY,223,3.73196,6.13831,0.27361,0.506726,0.434978,63,46,3,7,1,0,2,81,111,0,0,0,c79f418b,0
268,28,7,4,1,2100000268,1,2,1,425,1,59,0,9,1830,0,STEADY,142,5.03815,7.35518,0.382606,0.584507,0.316901,0,0,2,4,1,0,2,100,52,0,0,0,c79f418b,0
269,29,8,5,1,2100000269,0,3,0,937,1,0,77,15,3040,0,STEADY,313,5.24516,3.50921,0.482029,0.42492,0.0638978,22,9,3,4,7,0,1,39,102,0,43,0,c79f418b,0
269,29,8,5,1,2100000269,1,3,0,1015,1,0,116,16,3280,0,STEADY,339,5.66004,3.77399,0.4191,0.471976,0.0265487,36,0,3,4,8,0,1,0,102,0,39,0,c79f418b,0
270,30,9,0,1,2100000270,0,0,1,1941,1,104,0,41,5340,0,STEADY,647,3.97067,7.80936,0.196665,0.0587326,0.655332,0,0,29,3,0,2,7,165,21,0,0,0,c79f418b,0
270,30,9,0,1,2100000270,1,0,1,2165,1,66,0,53,5680,0,STEADY,722,4.26617,6.77145,0.127982,0.106648,0.603878,0,0,48,3,0,1,1,160,59,0,18,0,c79f418b,0
271,31,10,1,1,2100000271,0,1,0,495,1,0,64,11,2020,0,STEADY,165,5.69137,3.09163,0.39103,0.690909,0.10303,82,17,1,8,2,0,0,60,150,18,0,83,c79f418b,0
271,31,10,1,1,2100000271,1,1,0,1368,1,0,73,26,4620,0,STEADY,456,4.33024,4.81274,0.229331,0.410088,0.260965,182,41,1,19,1,0,5,51,141,9,0,187,c79f418b,0
272,32,11,2,1,2100000272,0,2,0,1887,1,0,111,32,6270,0,STEADY,629,3.99719,3.13169,0.176574,0.0922099,0.664547,404,278,20,0,5,3,4,66,121,0,0,217,c79f418b,0
272,32,11,2,1,2100000272,1,2,0,1679,1,0,92,29,5840,0,STEADY,560,4.08915,3.78033,0.20325,0.1125,0.660714,482,339,17,0,7,3,2,97,121,0,0,127,c79f418b,0
273,33,12,3,1,2100000273,0,3,0,909,1,0,36,19,2920,0,STEADY,303,4.59595,2.5499,0.308779,0.465347,0.356436,149,49,8,2,9,0,0,75,152,0,0,305,c79f418b,0
273,33,12,3,1,2100000273,1,3,0,925,1,0,14,19,2870,0,STEADY,309,3.89368,2.8654,0.248851,0.488673,0.28479,116,15,7,2,10,0,0,97,152,0,0,186,c79f418b,0
274,34,13,4,1,2100000274,0,0,0,1023,1,0,66,19,3430,0,STEADY,341,6.08688,2.01485,0.248226,0.609971,0.231672,60,29,0,17,2,0,0,38,140,0,0,570,c79f418b,0
274,34,13,4,1,2100000274,1,0,0,1868,2,34,104,34,5940,0,STEADY,623,6.70077,4.12241,0.158796,0.690209,0.184591,401,97,0,31,1,0,2,0,106,0,0,91,c79f418b,0
275,35,14,5,1,2100000275,0,1,1,2283,2,101,85,40,6860,0,STEADY,761,3.97416,1.25942,0.174671,0.286465,0.34954,0,0,38,0,0,2,0,28,0,0,0,600,c79f418b,0
275,35,14,5,1,2100000275,1,1,0,2412,1,0,55,43,7420,0,STEADY,804,2.5453,5.27573,0.153147,0.0261194,0.550995,130,34,34,2,0,2,5,58,110,9,10,19,c79f418b,0
276,36,15,0,1,2100000276,0,2,1,2093,1,13,0,36,6950,0,STEADY,698,3.76449,5.80219,0.138453,0.24212,0.273639,15,0,11,23,0,0,2,146,80,0,0,88,c79f418b,0
276,36,15,0,1,2100000276,1,2,0,844,1,0,19,16,2980,0,STEADY,282,3.97969,2.63848,0.157057,0.329787,0.35461,88,35,2,10,0,0,4,108,93,0,0,129,c79f418b,0
277,37,16,1,1,2100000277,0,3,0,721,1,0,9,14,2510,0,STEADY,241,3.82756,2.80511,0.302614,0.0871369,0.356846,59,42,12,1,0,0,1,106,150,0,0,7,c79f418b,0
277,37,16,1,1,2100000277,1,3,0,1139,1,0,56,21,3800,0,STEADY,380,4.12907,2.9665,0.211461,0.0578947,0.339474,183,46,17,1,1,0,2,59,150,0,0,31,c79f418b,0
278,38,17,2,1,2100000278,0,0,1,1113,1,53,0,21,3870,0,STEADY,371,3.47121,6.62292,0.299407,0.469003,0.485175,0,0,12,2,0,1,6,132,51,0,0,0,c79f418b,0
278,38,17,2,1,2100000278,1,0,0,1031,1,0,56,20,3670,0,STEADY,344,3.36866,5.41757,0.284782,0.468023,0.44186,267,133,11,3,0,1,5,82,104,0,0,0,c79f418b,0
279,39,18,3,1,2100000279,0,1,1,1538,1,27,0,24,5200,0,STEADY,513,3.62421,4.28587,0.237807,0.309942,0.107212,0,0,0,10,0,10,4,129,87,0,89,100,c79f418b,0
279,39,18,3,1,2100000279,1,1,0,1914,1,0,28,30,6520,0,STEADY,638,3.794,3.35101,0.186011,0.310345,0.178683,419,96,1,13,1,14,1,101,114,0,72,293,c79f418b,0
280,0,26,5,1,2100000280,0,3,0,754,1,0,8,14,2410,0,STEADY,252,4.14757,2.39928,0.34744,0.376984,0.325397,81,46,2,10,0,1,1,100,113,0,0,94,c79f418b,0
280,0,26,5,1,2100000280,1,3,0,1027,1,0,84,18,3250,0,STEADY,343,3.98484,2.69963,0.28395,0.338192,0.250729,56,16,0,14,0,1,3,24,113,0,0,61,c79f418b,0
281,1,27,0,1,2100000281,0,0,0,1868,1,0,68,34,5920,0,STEADY,623,4.92471,5.1901,0.24423,0.343499,0.110754,140,0,2,24,0,6,2,77,136,0,143,79,c79f418b,0
281,1,27,0,1,2100000281,1,0,0,2410,2,36,101,45,7710,0,STEADY,804,5.85277,4.10367,0.354882,0.456468,0.196517,61,0,6,27,0,8,4,44,100,0,161,558,c79f418b,0
282,2,28,1,1,2100000282,0,1,0,298,1,0,41,6,1230,0,STEADY,100,9.89635,3.81454,0.5993,0.61,0,28,0,3,3,0,0,0,62,94,0,0,0,c79f418b,0
282,2,28,1,1,2100000282,1,1,0,328,1,0,19,6,1300,0,STEADY,110,10.9451,6.76836,0.618864,0.809091,0.0636364,9,0,4,2,0,0,0,80,94,0,0,0,c79f418b,0
283,3,29,2,1,2100000283,0,2,0,2700,3,38,25,49,8360,0,STEADY,900,3.55117,3.07339,0.149894,0.347778,0.215556,559,79,48,0,0,1,0,77,68,0,0,130,c79f418b,0
283,3,29,2,1,2100000283,1,2,0,2026,1,0,47,38,6520,0,STEADY,676,3.70781,2.70997,0.145607,0.35503,0.258876,40,0,36,0,0,2,0,55,106,0,15,299,c79f418b,0
284,4,30,3,1,2100000284,0,3,0,789,1,0,88,15,2640,0,STEADY,263,5.59779,5.44799,0.393597,0.539924,0.0456274,59,0,2,9,1,2,1,37,136,13,0,0,c79f418b,0
284,4,30,3,1,2100000284,1,3,0,1184,1,0,79,23,4050,0,STEADY,395,4.03191,3.61808,0.268061,0.486076,0.111392,101,9,1,18,1,2,1,46,123,0,0,0,c79f418b,0
285,5,31,4,1,2100000285,0,0,0,2140,1,0,6,38,6880,0,STEADY,714,3.21506,4.89129,0.134265,0.366947,0.130252,142,12,12,5,1,11,9,136,141,0,95,200,c79f418b,0
285,5,31,4,1,2100000285,1,0,0,1927,1,0,113,35,6240,0,STEADY,643,3.28796,1.81804,0.131485,0.391913,0.139969,144,25,11,2,1,8,13,28,141,0,113,155,c79f418b,0
286,6,32,5,1,2100000286,0,1,0,1430,1,0,101,25,4410,0,STEADY,477,5.16871,2.60812,0.265818,0.232704,0.310273,138,40,22,0,1,0,2,20,131,0,0,236,c79f418b,0
286,6,32,5,1,2100000286,1,1,0,1906,1,0,49,32,5820,0,STEADY,636,5.28194,4.53975,0.272877,0.0644654,0.525157,46,12,24,0,2,0,6,72,131,0,0,176,c79f418b,0
287,7,33,0,1,2100000287,0,2,0,666,1,0,112,15,2300,0,STEADY,222,3.85114,2.76976,0.282387,0.283784,0.436937,57,22,5,10,0,0,0,40,100,0,0,74,c79f418b,0
287,7,33,0,1,2100000287,1,2,0,1054,1,0,122,21,3690,0,STEADY,352,3.31612,3.86514,0.183068,0.139205,0.247159,10,2,3,12,0,1,5,30,100,0,0,33,c79f418b,0
288,8,34,1,1,2100000288,0,3,0,1357,1,0,73,23,4550,0,STEADY,453,3.917,2.66856,0.236192,0.211921,0.275938,106,26,3,3,3,4,10,67,116,0,6,29,c79f418b,0
288,8,34,1,1,2100000288,1,3,0,546,1,0,119,11,2090,0,STEADY,182,5.71853,4.09433,0.315357,0.373626,0.208791,61,16,3,2,2,2,2,21,116,0,10,0,c79f418b,0
289,9,35,2,1,2100000289,0,0,0,2349,1,0,46,40,7640,0,STEADY,783,3.37421,6.79134,0.239176,0.0625798,0.284802,308,98,3,6,0,0,31,64,153,4,0,17,c79f418b,0
289,9,35,2,1,2100000289,1,0,0,2700,3,28,69,47,8720,0,STEADY,900,3.0745,6.87438,0.229439,0.0311111,0.31,148,46,3,10,0,0,34,41,131,10,0,0,c79f418b,0
290,10,36,3,1,2100000290,0,1,1,669,1,90,0,13,2320,0,STEADY,223,5.3976,3.17254,0.362578,0.161435,0.309417,0,0,8,4,0,0,1,93,34,0,0,225,c79f418b,0
290,10,36,3,1,2100000290,1,1,1,1536,1,47,0,27,4980,0,STEADY,512,5.13309,9.46227,0.264238,0.193359,0.527344,100,46,10,12,0,0,5,93,77,0,0,51,c79f418b,0
291,11,37,4,1,2100000291,0,2,0,2450,2,63,80,42,7960,0,STEADY,817,4.18743,2.65176,0.148244,0.373317,0.269278,20,11,11,11,0,10,10,70,168,114,63,386,c79f418b,0
291,11,37,4,1,2100000291,1,2,0,2315,1,0,63,41,7640,0,STEADY,772,3.98416,4.87724,0.148718,0.226684,0.277202,86,58,10,6,0,8,17,87,189,72,25,123,c79f418b,0
292,12,38,5,1,2100000292,0,3,0,671,1,0,35,12,2320,0,STEADY,224,3.65052,4.32003,0.361518,0.236607,0.129464,75,24,2,1,5,1,3,69,111,0,0,0,c79f418b,0
292,12,38,5,1,2100000292,1,3,0,409,1,0,62,8,1550,0,STEADY,137,4.85134,4.94602,0.488394,0.175182,0.0729927,15,4,2,1,2,1,2,42,111,0,0,0,c79f418b,0
293,13,39,0,1,2100000293,0,0,0,2600,2,74,14,42,8480,0,STEADY,867,5.13717,7.12163,0.223201,0.408304,0.410611,0,0,20,0,17,0,5,100,30,0,0,132,c79f418b,0
293,13,39,0,1,2100000293,1,0,0,2195,2,35,66,36,7380,0,STEADY,732,4.4543,4.94783,0.167165,0.546448,0.346995,203,73,17,0,15,1,3,48,69,0,0,73,c79f418b,0
294,14,0,1,1,2100000294,0,1,0,810,1,0,39,15,2760,0,STEADY,270,2.5994,8.76071,0.297,0.037037,0.0185185,90,0,0,3,0,5,7,66,113,0,25,22,c79f418b,0
294,14,0,1,1,2100000294,1,1,0,1045,1,0,21,20,3360,0,STEADY,349,2.73585,6.09832,0.220903,0.0458453,0.0916905,73,8,0,8,0,5,7,88,113,0,17,19,c79f418b,0
295,15,1,2,1,2100000295,0,2,0,553,1,0,74,13,2120,0,STEADY,185,4.1427,3.16091,0.259973,0.567568,0.0648649,48,0,3,8,0,1,1,62,118,0,0,0,c79f418b,0
295,15,1,2,1,2100000295,1,2,0,1025,1,0,96,20,3510,0,STEADY,342,3.58895,1.75952,0.152076,0.599415,0.260234,60,22,1,16,1,1,1,40,136,18,11,237,c79f418b,0
296,16,2,3,1,2100000296,0,3,0,774,1,0,23,14,2990,0,STEADY,258,5.49713,3.65422,0.264729,0.286822,0.25969,121,51,7,5,0,1,1,71,115,0,0,0,c79f418b,0
296,16,2,3,1,2100000296,1,3,0,440,1,0,67,9,1970,0,STEADY,147,5.88716,4.42554,0.376735,0.326531,0.217687,11,9,5,3,0,1,0,27,115,0,0,0,c79f418b,0
297,17,3,4,1,2100000297,0,0,0,1813,1,0,12,30,5740,0,STEADY,605,3.84749,6.1828,0.332636,0.145455,0.580165,220,141,3,0,2,5,20,88,116,18,0,0,c79f418b,0
297,17,3,4,1,2100000297,1,0,0,704,1,0,79,13,2640,0,STEADY,235,4.21255,2.95599,0.391596,0.285106,0.47234,90,59,1,2,1,4,5,27,111,12,0,98,c79f418b,0
298,18,4,5,1,2100000298,0,1,0,1620,1,0,46,27,4130,0,STEADY,540,4.12569,5.39928,0.216107,0.0777778,0.255556,212,51,21,4,0,0,2,90,129,0,0,0,c79f418b,0
298,18,4,5,1,2100000298,1,1,0,1487,1,0,60,25,4060,0,STEADY,496,4.17167,5.45474,0.238724,0.0967742,0.288306,186,15,17,5,0,0,3,76,129,0,0,0,c79f418b,0
299,19,5,0,1,2100000299,0,2,0,1588,1,0,21,30,5190,0,STEADY,530,3.13537,1.80186,0.159321,0.3,0.354717,159,72,27,0,0,3,0,120,132,0,20,137,c79f418b,0
299,19,5,0,1,2100000299,1,2,0,2700,3,81,56,49,8530,0,STEADY,900,3.4077,4.59093,0.125511,0.447778,0.225556,0,0,46,1,1,1,0,73,51,0,6,14,c79f418b,0
300,20,6,1,1,2100000300,0,3,0,1002,1,0,1,18,3720,0,STEADY,334,4.60189,3.41018,0.200075,0.449102,0.293413,34,7,9,3,0,3,3,130,102,0,4,0,c79f418b,0
300,20,6,1,1,2100000300,1,3,0,1136,1,0,116,22,4060,0,STEADY,379,5.0163,4.91379,0.171873,0.598945,0.137203,80,7,18,1,1,1,1,15,102,0,6,0,c79f418b,0
301,21,7,2,1,2100000301,0,0,1,1124,1,62,0,22,3890,0,STEADY,375,3.37934,7.35239,0.145187,0.00266667,0.885333,0,0,17,0,0,0,5,100,62,0,0,0,c79f418b,0
301,21,7,2,1,2100000301,1,0,0,1963,1,0,25,37,6310,0,STEADY,655,2.98953,5.61184,0.137962,0.00763359,0.783206,71,36,27,4,1,0,5,75,124,0,0,39,c79f418b,0
302,22,8,3,1,2100000302,0,1,0,1744,1,0,90,25,5990,0,STEADY,582,3.58781,3.71138,0.1969,0.276632,0.127148,231,21,0,11,7,0,7,26,175,0,132,24,c79f418b,0
302,22,8,3,1,2100000302,1,1,0,1697,1,0,12,26,6300,0,STEADY,566,3.60361,4.54787,0.219958,0.243816,0.24735,198,53,1,12,8,0,5,104,175,0,121,12,c79f418b,0
303,23,9,4,1,2100000303,0,2,1,2700,3,26,105,49,8340,0,STEADY,900,3.42724,4.33572,0.216522,0.295556,0.142222,257,60,1,46,0,0,2,48,87,8,0,204,c79f418b,0
303,23,9,4,1,2100000303,1,2,0,2309,1,0,57,43,7370,0,STEADY,770,3.28178,3.85046,0.266279,0.312987,0.0467532,101,8,0,41,0,0,2,96,121,16,0,54,c79f418b,0
304,24,10,5,1,2100000304,0,3,1,793,1,7,0,14,2600,0,STEADY,265,3.17291,3.09792,0.325132,0.449057,0.184906,58,11,5,4,1,3,1,124,118,0,56,7,c79f418b,0
304,24,10,5,1,2100000304,1,3,0,1305,1,0,43,22,4200,0,STEADY,435,3.09843,2.68138,0.23777,0.494253,0.154023,41,7,6,6,1,5,4,81,125,0,42,106,c79f418b,0
305,25,11,0,1,2100000305,0,0,0,2261,1,0,76,42,7100,0,STEADY,754,3.33047,2.46614,0.129257,0.47878,0.320955,167,37,2,38,1,0,1,113,104,0,0,86,c79f418b,0
305,25,11,0,1,2100000305,1,0,0,2149,1,0,99,39,6850,0,STEADY,717,3.53575,5.67302,0.314533,0.287308,0.214784,164,29,1,29,5,0,4,56,104,0,36,70,c79f418b,0
306,26,12,1,1,2100000306,0,1,0,1193,1,0,7,23,3820,0,STEADY,398,3.28222,3.7905,0.16108,0.261307,0.562814,167,114,3,18,0,0,2,104,108,0,0,27,c79f418b,0
306,26,12,1,1,2100000306,1,1,0,776,1,0,45,16,2680,0,STEADY,259,3.03262,2.39362,0.198205,0.181467,0.451737,49,31,2,12,0,0,2,66,108,0,0,67,c79f418b,0
307,27,13,2,1,2100000307,0,2,1,468,1,63,0,10,1830,0,STEADY,156,6.94715,3.20615,0.430096,0.391026,0.179487,0,0,7,1,0,0,2,104,82,0,0,138,c79f418b,0
307,27,13,2,1,2100000307,1,2,0,519,1,0,87,11,1970,0,STEADY,173,7.11609,3.04607,0.375289,0.398844,0.0982659,88,7,9,1,0,0,1,17,145,0,0,137,c79f418b,0
308,28,14,3,1,2100000308,0,3,0,798,2,111,105,13,2550,0,STEADY,266,8.96827,8.84743,0.338064,0.695489,0.278195,0,0,3,8,1,0,1,8,0,0,0,0,c79f418b,0
308,28,14,3,1,2100000308,1,3,1,1053,1,111,0,18,3440,0,STEADY,351,6.32602,6.22956,0.26302,0.735043,0.165242,0,0,4,13,1,0,0,113,0,0,0,0,c79f418b,0
309,29,15,4,1,2100000309,0,0,0,2125,1,0,39,34,7160,0,STEADY,709,3.22674,4.61191,0.186629,0.332863,0.173484,28,12,4,10,17,0,3,111,102,0,24,16,c79f418b,0
309,29,15,4,1,2100000309,1,0,0,2700,3,78,30,41,9040,0,STEADY,900,2.77414,3.51332,0.160767,0.328889,0.183333,0,0,0,17,21,0,3,92,24,0,45,8,c79f418b,0
310,30,16,5,1,2100000310,0,1,0,2585,1,0,102,53,6610,0,STEADY,862,3.53716,4.57389,0.201516,0.0661253,0.2471,330,78,39,3,0,3,8,13,125,0,54,53,c79f418b,0
310,30,16,5,1,2100000310,1,1,0,1661,1,0,89,32,4390,0,STEADY,554,4.39751,6.92926,0.268321,0.102888,0.225632,284,91,21,3,0,3,5,26,125,0,37,0,c79f418b,0
311,31,17,0,1,2100000311,0,2,0,856,1,0,27,17,2970,0,STEADY,286,4.47733,3.07085,0.172955,0.562937,0.36014,182,65,1,14,1,0,1,79,132,0,0,31,c79f418b,0
311,31,17,0,1,2100000311,1,2,0,1556,1,0,33,30,5110,0,STEADY,519,3.89595,3.32899,0.142197,0.524085,0.450867,58,24,3,24,1,0,2,83,141,9,0,107,c79f418b,0
312,32,18,1,1,2100000312,0,3,0,793,1,0,38,16,2940,0,STEADY,265,4.3035,2.84229,0.192245,0.045283,0.343396,174,70,13,0,1,1,1,91,121,0,0,19,c79f418b,0
312,32,18,1,1,2100000312,1,3,0,603,1,0,32,12,2370,0,STEADY,201,4.89397,3.01292,0.252164,0.149254,0.512438,97,58,8,0,3,1,0,97,121,0,0,0,c79f418b,0
313,33,19,2,1,2100000313,0,0,0,2700,3,45,19,47,8160,0,STEADY,900,2.36814,4.56395,0.138094,0.0244444,0.0488889,268,18,44,2,0,0,1,113,107,0,0,17,c79f418b,0
313,33,19,2,1,2100000313,1,0,1,2700,3,45,24,48,8160,0,STEADY,900,2.47956,4.13601,0.1086,0.0111111,0.0877778,191,8,44,1,2,0,1,108,107,0,0,136,c79f418b,0
314,34,20,3,1,2100000314,0,1,0,1089,2,140,98,19,3490,0,STEADY,363,8.36354,7.61872,0.397562,0.77135,0.126722,0,0,0,15,2,0,2,0,0,0,0,0,c79f418b,0
314,34,20,3,1,2100000314,1,1,0,554,1,0,102,10,1960,0,STEADY,185,8.53935,5.24653,0.421,0.4,0.167568,34,18,0,6,2,0,2,0,140,0,0,0,c79f418b,0
315,35,21,4,1,2100000315,0,2,0,507,1,0,96,12,2000,0,STEADY,169,4.80277,2.29843,0.305799,0.106509,0.431953,20,12,8,2,0,1,1,28,101,0,0,114,c79f418b,0
315,35,21,4,1,2100000315,1,2,0,1738,1,0,110,33,5620,0,STEADY,580,4.03459,4.52391,0.154741,0.0431034,0.315517,77,12,30,1,0,1,1,14,101,0,0,100,c79f418b,0
316,36,22,5,1,2100000316,0,3,0,926,1,0,130,15,2760,0,STEADY,309,4.59725,3.51842,0.39555,0.245955,0.184466,116,51,3,12,0,0,0,45,93,0,0,0,c79f418b,0
316,36,22,5,1,2100000316,1,3,1,1583,2,41,157,26,4630,0,STEADY,528,5.26602,2.23466,0.238608,0.484848,0.231061,0,0,3,23,0,0,0,18,52,0,0,600,c79f418b,0
317,37,23,0,1,2100000317,0,0,0,1773,1,0,37,32,5880,0,STEADY,591,2.90399,3.0174,0.17247,0.0321489,0.620981,136,88,22,2,0,0,8,87,150,0,0,186,c79f418b,0
317,37,23,0,1,2100000317,1,0,1,1881,1,54,0,34,6190,0,STEADY,627,3.32786,5.55789,0.185319,0.0366826,0.634769,119,74,24,1,1,0,8,119,96,0,0,1,c79f418b,0
318,38,24,1,1,2100000318,0,1,1,985,1,15,0,19,3380,0,STEADY,329,5.0551,6.8396,0.428723,0.729483,0.234043,227,65,11,6,0,1,1,125,89,0,0,0,c79f418b,0
318,38,24,1,1,2100000318,1,1,0,1337,1,0,74,25,4520,0,STEADY,446,4.90793,3.98714,0.322747,0.609865,0.298206,59,9,13,6,0,1,5,51,104,0,0,0,c79f418b,0
319,39,25,2,1,2100000319,0,2,0,2225,1,0,81,38,7400,0,STEADY,742,3.05831,2.22773,0.165613,0.289757,0.266846,160,48,9,14,0,13,2,23,114,0,111,323,c79f418b,0
319,39,25,2,1,2100000319,1,2,0,1613,1,0,82,27,5600,0,STEADY,538,3.24375,2.12758,0.161236,0.276952,0.330855,326,119,3,9,0,11,4,22,114,0,37,289,c79f418b,0
320,0,33,4,1,2100000320,0,0,0,1182,1,0,3,23,3900,0,STEADY,394,3.71757,3.64603,0.175558,0.335025,0.451777,38,27,2,18,0,0,3,149,113,0,0,47,c79f418b,0
320,0,33,4,1,2100000320,1,0,0,2170,2,9,15,41,6840,0,STEADY,724,3.8205,2.73417,0.144841,0.208564,0.389503,189,78,10,21,0,1,9,137,104,0,0,362,c79f418b,0
321,1,34,5,1,2100000321,0,1,0,1270,2,124,140,23,3520,0,STEADY,424,6.04704,3.08075,0.315,0.740566,0.0330189,0,0,9,12,0,2,0,0,12,0,140,195,c79f418b,0
321,1,34,5,1,2100000321,1,1,0,1561,1,0,52,26,4540,0,STEADY,521,4.14187,5.27226,0.288896,0.410749,0.328215,211,100,0,22,0,2,2,88,136,0,128,0,c79f418b,0
322,2,35,0,1,2100000322,0,2,1,1642,1,66,0,28,5550,0,STEADY,548,5.55339,7.60315,0.170575,0.434307,0.403285,0,0,7,11,0,0,10,110,28,0,0,0,c79f418b,0
322,2,35,0,1,2100000322,1,2,1,1729,1,22,0,29,5790,0,STEADY,577,5.124,5.54437,0.175009,0.339688,0.440208,63,26,8,11,0,0,10,101,72,0,0,90,c79f418b,0
323,3,36,1,1,2100000323,0,3,0,1057,1,0,16,21,3600,0,STEADY,353,4.14141,2.2489,0.215595,0.450425,0.288952,138,50,20,0,0,1,0,77,106,0,14,11,c79f418b,0
323,3,36,1,1,2100000323,1,3,0,1009,1,0,71,20,3490,0,STEADY,337,3.86157,2.47548,0.145638,0.388724,0.308605,116,44,17,0,0,1,2,22,106,0,0,0,c79f418b,0
324,4,37,2,1,2100000324,0,0,0,1060,1,0,69,22,3950,0,STEADY,354,4.21675,2.38535,0.494079,0.372881,0.338983,179,66,0,15,0,1,6,81,123,0,0,167,c79f418b,0
324,4,37,2,1,2100000324,1,0,0,2174,1,0,81,43,7510,0,STEADY,725,4.51014,4.88801,0.396742,0.486897,0.154483,187,31,1,36,1,4,1,69,175,52,0,132,c79f418b,0
325,5,38,3,1,2100000325,0,1,0,1760,1,0,65,31,5840,0,STEADY,587,3.95388,7.19454,0.195366,0.311755,0.151618,422,76,8,6,1,9,7,39,141,0,137,66,c79f418b,0
325,5,38,3,1,2100000325,1,1,0,852,1,0,104,16,2880,0,STEADY,284,4.45513,4.28171,0.33588,0.415493,0.151408,56,6,6,4,0,3,3,0,141,0,24,59,c79f418b,0
326,6,39,4,1,2100000326,0,2,1,1361,1,69,0,23,4300,0,STEADY,454,5.49623,6.39626,0.461167,0.0352423,0.590308,0,0,17,0,3,0,3,114,62,0,0,188,c79f418b,0
326,6,39,4,1,2100000326,1,2,0,2700,3,43,44,48,8580,0,STEADY,900,4.95139,6.90316,0.213317,0.0533333,0.568889,148,30,41,0,3,0,4,70,88,0,0,69,c79f418b,0
327,7,0,5,1,2100000327,0,3,0,480,1,0,53,10,1700,0,STEADY,160,4.2014,4.15729,0.424437,0.2375,0.05,40,7,3,5,0,1,1,60,100,0,0,0,c79f418b,0
327,7,0,5,1,2100000327,1,3,0,415,1,0,43,9,1500,0,STEADY,139,4.43618,4.21246,0.433669,0.201439,0.028777,29,4,3,5,0,1,0,70,100,0,0,0,c79f418b,0
328,8,1,0,1,2100000328,0,0,0,1918,1,0,11,33,6450,0,STEADY,640,3.84331,4.10413,0.271383,0.328125,0.2875,64,41,11,6,3,6,7,125,116,0,20,241,c79f418b,0
328,8,1,0,1,2100000328,1,0,0,1224,1,0,54,22,4250,0,STEADY,408,3.42867,2.49392,0.237549,0.313725,0.360294,144,73,7,5,1,2,7,82,116,0,40,17,c79f418b,0
329,9,2,1,1,2100000329,0,1,0,970,1,0,76,17,3440,0,STEADY,324,5.27265,5.66543,0.392608,0.0216049,0.209877,149,31,3,1,0,0,13,18,151,2,0,26,c79f418b,0
329,9,2,1,1,2100000329,1,1,0,616,1,0,94,10,2040,0,STEADY,206,5.64336,3.43186,0.400874,0.0339806,0.247573,149,43,3,1,0,0,6,0,153,4,0,53,c79f418b,0
330,10,3,2,1,2100000330,0,2,1,1483,1,69,0,28,4950,0,STEADY,495,4.6035,3.05776,0.168889,0.0848485,0.543434,0,0,19,8,0,0,1,106,55,0,0,205,c79f418b,0
330,10,3,2,1,2100000330,1,2,1,1291,1,35,0,25,4450,0,STEADY,431,4.78737,3.85948,0.13884,0.12297,0.577726,102,61,16,7,0,0,2,106,89,0,0,106,c79f418b,0
331,11,4,3,1,2100000331,0,3,0,1020,1,0,78,19,3360,0,STEADY,340,4.75447,3.22392,0.310926,0.297059,0.244118,129,48,8,5,0,3,3,71,141,24,17,0,c79f418b,0
331,11,4,3,1,2100000331,1,3,0,1156,1,0,101,21,3880,0,STEADY,386,4.34933,3.0165,0.247604,0.282383,0.227979,66,15,7,6,0,3,5,35,140,23,14,39,c79f418b,0
332,12,5,4,1,2100000332,0,0,0,2700,3,31,2,43,8960,0,STEADY,900,2.87195,2.80927,0.144911,0.338889,0.201111,578,108,4,8,20,4,7,139,80,0,0,206,c79f418b,0
332,12,5,4,1,2100000332,1,0,1,1674,1,19,0,28,5810,0,STEADY,558,3.2043,4.38018,0.215815,0.317204,0.198925,187,35,3,5,12,3,5,141,92,0,0,58,c79f418b,0
333,13,6,5,1,2100000333,0,1,0,1309,1,0,46,21,4130,0,STEADY,437,5.19917,7.37648,0.285103,0.318078,0.389016,161,79,8,0,2,1,10,85,104,0,0,0,c79f418b,0
333,13,6,5,1,2100000333,1,1,0,927,2,62,131,16,3170,0,STEADY,309,6.96814,5.13933,0.375032,0.614887,0.0614887,0,0,9,0,6,0,1,0,42,0,0,0,c79f418b,0
334,14,7,0,1,2100000334,0,2,0,1438,1,0,56,26,4880,0,STEADY,480,2.56987,3.63962,0.206281,0.0145833,0.333333,91,44,0,4,0,4,18,44,113,0,63,36,c79f418b,0
334,14,7,0,1,2100000334,1,2,0,2059,1,0,12,39,6520,0,STEADY,687,2.43473,5.38444,0.146878,0.0189229,0.475983,58,54,2,14,0,7,16,88,113,0,85,0,c79f418b,0
335,15,8,1,1,2100000335,0,3,0,703,1,0,32,15,2410,0,STEADY,235,4.42503,3.80044,0.277617,0.519149,0.0468085,39,0,4,9,0,1,1,84,118,0,15,0,c79f418b,0
335,15,8,1,1,2100000335,1,3,0,946,1,0,20,19,3240,0,STEADY,316,3.56736,2.77333,0.17144,0.686709,0.231013,126,37,1,16,0,1,1,96,118,0,24,0,c79f418b,0
336,16,9,2,1,2100000336,0,0,0,2414,1,0,121,36,8610,0,STEADY,805,3.62835,6.56264,0.221851,0.326708,0.437267,173,81,5,24,0,3,4,40,115,0,0,0,c79f418b,0
336,16,9,2,1,2100000336,1,0,0,2700,3,11,118,41,9230,0,STEADY,900,3.72821,3.27314,0.160444,0.315556,0.481111,373,144,7,26,0,1,7,52,104,0,0,222,c79f418b,0
337,17,10,3,1,2100000337,0,1,0,972,1,0,96,12,2580,0,STEADY,324,5.41394,5.98382,0.636651,0.339506,0.0987654,112,15,0,2,0,5,5,28,138,30,0,0,c79f418b,0
337,17,10,3,1,2100000337,1,1,0,1550,1,0,100,25,5000,0,STEADY,517,4.18506,3.32472,0.339516,0.235977,0.0696325,92,4,2,2,0,8,13,24,142,42,0,185,c79f418b,0
338,18,11,4,1,2100000338,0,2,0,2700,3,42,73,44,6320,0,STEADY,900,3.55142,2.36499,0.122616,0.156667,0.388889,3,2,39,5,0,0,0,128,87,0,0,337,c79f418b,0
338,18,11,4,1,2100000338,1,2,0,1544,1,0,83,27,4110,0,STEADY,515,3.9842,2.45624,0.181449,0.161165,0.343689,254,63,22,5,0,0,0,94,129,0,0,399,c79f418b,0
339,19,12,5,1,2100000339,0,3,0,910,1,0,36,16,2750,0,STEADY,304,5.38525,3.15471,0.365938,0.572368,0.125,49,5,15,0,0,1,0,75,132,0,14,95,c79f418b,0
339,19,12,5,1,2100000339,1,3,0,766,1,0,15,13,2340,0,STEADY,256,4.59157,3.72619,0.350684,0.605469,0.0664062,53,0,11,0,1,1,0,96,132,0,0,0,c79f418b,0
340,20,13,0,1,2100000340,0,0,1,762,1,6,0,14,2920,0,STEADY,254,5.60481,2.69242,0.373543,0.472441,0.248031,63,26,9,3,0,2,0,104,96,0,0,132,c79f418b,0
340,20,13,0,1,2100000340,1,0,0,1277,1,0,48,23,4700,0,STEADY,426,6.84184,4.37247,0.228333,0.377934,0.2723,93,1,14,4,0,3,2,56,102,0,44,268,c79f418b,0
341,21,14,1,1,2100000341,0,1,1,1165,1,124,0,23,3890,0,STEADY,389,3.10558,4.36855,0.247674,0.0128535,0.85347,0,0,21,1,0,0,1,113,0,0,0,13,c79f418b,0
341,21,14,1,1,2100000341,1,1,1,1568,1,91,0,29,5030,0,STEADY,523,3.11551,5.60559,0.161855,0.0210325,0.803059,0,0,27,0,1,0,1,113,33,0,0,9,c79f418b,0
342,22,15,2,1,2100000342,0,2,0,2686,1,0,12,41,9640,0,STEADY,896,2.66942,3.08805,0.157914,0.190848,0.232143,337,104,0,16,13,0,12,106,175,0,56,130,c79f418b,0
342,22,15,2,1,2100000342,1,2,0,1897,1,0,66,28,6770,0,STEADY,633,2.79931,4.71859,0.162414,0.170616,0.148499,99,22,0,13,8,0,7,52,175,0,33,27,c79f418b,0
343,23,16,3,1,2100000343,0,3,0,1145,1,0,79,21,3590,0,STEADY,382,3.79316,2.38022,0.312552,0.374346,0.274869,120,41,1,19,1,0,0,36,111,6,0,28,c79f418b,0
343,23,16,3,1,2100000343,1,3,0,871,1,0,67,16,2780,0,STEADY,291,4.42437,2.24195,0.3261,0.388316,0.24055,77,21,0,14,0,0,2,48,113,8,0,110,c79f418b,0
344,24,17,4,1,2100000344,0,0,0,530,1,0,55,10,1920,0,STEADY,177,4.00512,2.52068,0.394379,0.361582,0.288136,16,8,3,3,1,2,1,51,125,0,20,129,c79f418b,0
344,24,17,4,1,2100000344,1,0,0,1542,2,31,51,25,5200,0,STEADY,514,6.04929,5.65198,0.283901,0.595331,0.215953,271,37,3,11,0,7,4,59,94,0,0,323,c79f418b,0
345,25,18,5,1,2100000345,0,1,0,858,2,104,129,14,2440,0,STEADY,286,7.05341,4.86494,0.443514,0.692308,0.185315,0,0,0,12,2,0,0,0,0,0,0,0,c79f418b,0
345,25,18,5,1,2100000345,1,1,0,1069,2,104,108,19,3140,0,STEADY,357,5.65554,3.34502,0.311625,0.644258,0.112045,0,0,3,14,1,0,1,21,0,0,24,0,c79f418b,0
346,26,19,0,1,2100000346,0,2,1,2050,1,31,0,37,6380,0,STEADY,684,3.95889,6.84356,0.348436,0.247076,0.0891813,116,47,0,34,0,0,3,132,77,0,0,25,c79f418b,0
346,26,19,0,1,2100000346,1,2,0,1831,1,0,31,33,5730,0,STEADY,611,3.71546,6.13621,0.238101,0.180033,0.12766,214,51,0,29,0,0,4,101,108,0,0,54,c79f418b,0
347,27,20,1,1,2100000347,0,3,1,742,1,111,0,15,2690,0,STEADY,248,7.05231,4.25727,0.352137,0.629032,0.209677,0,0,13,2,0,0,0,90,34,0,0,0,c79f418b,0
347,27,20,1,1,2100000347,1,3,1,753,1,10,0,15,2680,0,STEADY,251,5.03961,4.82444,0.239163,0.458167,0.111554,57,11,12,1,0,0,2,98,135,0,0,0,c79f418b,0
348,28,21,2,1,2100000348,0,0,0,670,1,0,29,13,2540,0,STEADY,224,4.24271,7.77622,0.240804,0.428571,0.535714,28,14,3,6,0,0,4,95,111,0,0,0,c79f418b,0
348,28,21,2,1,2100000348,1,0,1,1661,1,21,0,29,5740,0,STEADY,554,4.25149,4.47963,0.175018,0.296029,0.67509,18,9,5,11,1,0,12,124,90,0,0,90,c79f418b,0
349,29,22,3,1,2100000349,0,1,1,2422,1,1,0,39,7800,0,STEADY,808,2.85616,3.30132,0.182704,0.336634,0.420792,382,166,7,12,14,0,6,175,101,0,135,82,c79f418b,0
349,29,22,3,1,2100000349,1,1,0,763,1,0,175,13,2680,0,STEADY,255,4.1949,6.07913,0.365078,0.305882,0.25098,62,17,2,2,6,0,3,0,102,0,0,0,c79f418b,0
350,30,23,4,1,2100000350,0,2,0,2003,1,0,20,49,5290,0,STEADY,668,4.0695,6.76093,0.137506,0.0643713,0.761976,73,39,44,3,0,2,0,104,125,0,7,77,c79f418b,0
350,30,23,4,1,2100000350,1,2,0,1568,1,0,3,38,4330,0,STEADY,523,4.37251,7.50413,0.174228,0.0936902,0.764818,278,276,33,3,0,1,1,117,125,0,12,0,c79f418b,0
351,31,24,5,1,2100000351,0,3,0,1257,2,132,119,18,3260,0,STEADY,419,7.94085,4.947,0.483055,0.630072,0.190931,0,0,0,16,2,0,0,6,0,0,0,0,c79f418b,0
351,31,24,5,1,2100000351,1,3,0,1791,2,7,122,26,4220,0,STEADY,597,8.10515,5.29888,0.449045,0.561139,0.264657,52,8,8,16,2,0,0,3,143,18,0,0,c79f418b,0
352,32,25,0,1,2100000352,0,0,1,734,1,11,0,14,2780,0,STEADY,245,3.95813,6.46516,0.231633,0.142857,0.718367,123,105,9,0,4,1,0,104,110,0,0,46,c79f418b,0
352,32,25,0,1,2100000352,1,0,1,536,1,32,0,11,2200,0,STEADY,179,4.33087,5.15321,0.255196,0.156425,0.731844,116,107,7,0,3,1,0,104,89,0,0,18,c79f418b,0
353,33,26,1,1,2100000353,0,1,1,1424,1,5,0,27,4720,0,STEADY,475,2.8415,3.45424,0.225042,0.00842105,0.155789,82,43,24,1,0,0,2,108,147,0,0,126,c79f418b,0
353,33,26,1,1,2100000353,1,1,0,1822,1,0,8,34,5790,0,STEADY,608,2.76388,4.5518,0.22509,0.0361842,0.184211,211,64,27,1,3,0,3,100,152,0,0,57,c79f418b,0
354,34,27,2,1,2100000354,0,2,0,1489,1,0,47,27,4850,0,STEADY,497,5.30226,4.42164,0.346419,0.342052,0.0784708,130,6,0,23,2,0,2,98,140,0,0,132,c79f418b,0
354,34,27,2,1,2100000354,1,2,0,865,1,0,77,17,3050,0,STEADY,289,5.50681,2.75795,0.231176,0.432526,0.256055,202,68,0,14,1,0,2,68,140,0,0,136,c79f418b,0
355,35,28,3,1,2100000355,0,3,0,630,1,0,97,13,2330,0,STEADY,210,6.0589,4.47964,0.324762,0.0619048,0.357143,48,18,9,0,0,1,3,14,106,5,10,79,c79f418b,0
355,35,28,3,1,2100000355,1,3,0,448,1,0,111,10,1710,0,STEADY,150,6.50553,3.6424,0.406467,0.02,0.44,31,0,7,1,0,1,1,0,106,5,10,94,c79f418b,0
356,36,29,4,1,2100000356,0,0,1,2700,3,93,78,48,8540,0,STEADY,900,4.14843,2.38558,0.132333,0.515556,0.294444,0,0,5,42,0,0,1,24,0,0,0,370,c79f418b,0
356,36,29,4,1,2100000356,1,0,0,1838,1,0,33,33,5960,0,STEADY,613,4.36361,2.82642,0.141028,0.422512,0.187602,46,12,5,28,0,0,0,69,93,0,0,314,c79f418b,0
357,37,30,5,1,2100000357,0,1,0,1547,1,0,40,26,4670,0,STEADY,516,3.91613,5.3404,0.414777,0.0232558,0.176357,312,61,19,0,1,0,6,85,150,0,0,0,c79f418b,0
357,37,30,5,1,2100000357,1,1,0,1998,1,0,17,33,6090,0,STEADY,666,3.62997,5.52857,0.292492,0.124625,0.309309,224,61,23,2,1,0,7,108,150,0,0,0,c79f418b,0
358,38,31,0,1,2100000358,0,2,1,572,1,74,0,12,2190,0,STEADY,191,5.96969,4.05629,0.404424,0.65445,0.120419,0,0,6,4,0,1,1,132,30,0,0,127,c79f418b,0
358,38,31,0,1,2100000358,1,2,1,701,1,53,0,14,2500,0,STEADY,234,5.31748,7.69016,0.394038,0.602564,0.320513,0,0,8,2,0,0,4,141,51,0,0,0,c79f418b,0
359,39,32,1,1,2100000359,0,3,0,2700,3,23,23,42,9040,0,STEADY,900,2.78595,1.86674,0.161467,0.163333,0.176667,389,40,1,17,0,18,6,98,91,0,85,12,c79f418b,0
359,39,32,1,1,2100000359,1,3,0,2700,3,74,44,42,9040,0,STEADY,900,2.60245,1.98548,0.127689,0.138889,0.0688889,0,0,0,13,1,15,13,77,40,0,21,0,c79f418b,0
360,0,0,3,1,2100000360,0,1,1,989,1,6,0,19,3310,0,STEADY,330,3.91932,2.8339,0.258318,0.381818,0.406061,35,18,1,16,0,1,1,113,107,0,0,83,c79f418b,0
360,0,0,3,1,2100000360,1,1,0,2002,1,0,90,36,6380,0,STEADY,668,4.16547,5.79953,0.274925,0.285928,0.230539,533,154,0,32,0,2,2,23,113,0,0,4,c79f418b,0
361,1,1,4,1,2100000361,0,2,0,2129,2,136,136,38,6590,0,STEADY,710,5.05832,2.86949,0.165099,0.664789,0.190141,0,0,1,31,0,3,3,0,0,0,116,374,c79f418b,0
361,1,1,4,1,2100000361,1,2,1,950,2,136,136,18,3150,0,STEADY,317,5.31574,1.73413,0.264338,0.624606,0.148265,0,0,0,15,0,3,0,0,0,0,28,600,c79f418b,0
362,2,2,5,1,2100000362,0,3,0,958,2,94,94,16,3030,0,STEADY,320,6.09195,4.45466,0.392375,0.65625,0.06875,0,0,4,11,0,0,1,0,0,0,0,0,c79f418b,0
362,2,2,5,1,2100000362,1,3,0,430,1,0,14,6,1300,0,STEADY,144,11.0028,7.5249,0.729236,0.909722,0.0902778,29,1,4,2,0,0,0,80,94,0,0,0,c79f418b,0
363,3,3,0,1,2100000363,0,0,0,892,1,0,38,18,3150,0,STEADY,298,3.80596,4.25546,0.250168,0.312081,0.530201,78,55,15,0,0,1,2,65,106,0,0,55,c79f418b,0
363,3,3,0,1,2100000363,1,0,0,1230,1,0,21,24,4260,0,STEADY,410,3.91663,5.84348,0.16278,0.246341,0.541463,162,117,18,0,0,0,6,79,106,0,0,0,c79f418b,0
364,4,4,1,1,2100000364,0,1,1,690,1,50,0,14,2570,0,STEADY,230,4.93161,2.62855,0.4592,0.469565,0.243478,0,0,0,10,1,2,1,149,99,26,0,74,c79f418b,0
364,4,4,1,1,2100000364,1,1,0,1459,1,0,42,28,4970,0,STEADY,487,4.77149,5.81785,0.573651,0.336756,0.488706,164,130,0,21,0,1,6,94,136,13,0,0,c79f418b,0
365,5,5,2,1,2100000365,0,2,1,1735,1,35,0,33,5600,0,STEADY,579,2.80067,4.0233,0.125311,0.326425,0.157168,188,22,16,6,1,8,2,141,106,0,106,77,c79f418b,0
365,5,5,2,1,2100000365,1,2,1,2572,1,21,0,49,7880,0,STEADY,858,3.01542,4.40273,0.104854,0.368298,0.189977,52,10,27,6,0,11,5,141,120,0,70,7,c79f418b,0
366,6,6,3,1,2100000366,0,3,0,1548,2,18,15,28,4940,0,STEADY,516,4.59355,3.95573,0.173672,0.122093,0.399225,87,62,25,0,1,1,1,116,113,0,0,0,c79f418b,0
366,6,6,3,1,2100000366,1,3,0,1293,2,71,47,24,4240,0,STEADY,431,3.74983,3.87311,0.159756,0.0301624,0.294664,0,0,21,0,1,0,2,84,60,0,0,0,c79f418b,0
367,7,7,4,1,2100000367,0,0,0,679,1,0,60,16,2380,0,STEADY,227,2.99057,2.8527,0.200485,0.136564,0.643172,80,80,8,6,0,0,2,40,100,0,0,37,c79f418b,0
367,7,7,4,1,2100000367,1,0,0,1035,1,0,20,23,3160,0,STEADY,345,3.1381,2.32684,0.160913,0.147826,0.46087,77,43,15,8,0,0,0,80,100,0,0,134,c79f418b,0
368,8,8,5,1,2100000368,0,1,0,1399,1,0,52,23,4540,0,STEADY,467,3.61391,6.1866,0.315011,0.169165,0.24197,32,4,4,5,1,2,11,64,116,0,45,0,c79f418b,0
368,8,8,5,1,2100000368,1,1,0,809,1,0,17,15,2600,0,STEADY,270,4.65314,5.50962,0.336204,0.281481,0.344444,33,18,8,2,2,0,3,99,116,0,20,0,c79f418b,0
369,9,9,0,1,2100000369,0,2,0,2700,3,83,149,40,8690,0,STEADY,900,3.92684,7.32405,0.690928,0.101111,0.26,0,0,14,1,3,0,22,24,88,22,0,61,c79f418b,0
369,9,9,0,1,2100000369,1,2,0,2700,3,145,137,42,9090,0,STEADY,900,3.73368,4.27156,0.484828,0.0622222,0.358889,0,0,16,2,3,0,21,47,62,58,0,74,c79f418b,0
370,10,10,1,1,2100000370,0,3,0,801,1,0,49,16,2950,0,STEADY,267,4.92987,3.44778,0.251685,0.325843,0.265918,139,48,9,5,1,0,1,75,124,0,0,0,c79f418b,0
370,10,10,1,1,2100000370,1,3,1,1180,1,54,0,23,4150,0,STEADY,394,4.78879,3.16111,0.163769,0.154822,0.28934,0,0,15,7,1,0,0,124,70,0,0,0,c79f418b,0
371,11,11,2,1,2100000371,0,0,0,2674,1,0,37,44,8920,0,STEADY,892,2.99875,2.12324,0.144126,0.285874,0.179372,124,24,9,21,0,11,3,122,248,131,50,283,c79f418b,0
371,11,11,2,1,2100000371,1,0,0,2542,1,0,11,41,8600,0,STEADY,848,2.9957,2.6609,0.196887,0.270047,0.196934,132,28,6,22,0,9,4,130,201,84,30,172,c79f418b,0
372,12,12,3,1,2100000372,0,1,0,847,1,0,63,15,2980,0,STEADY,283,3.61926,3.37152,0.288604,0.44523,0.166078,42,14,4,3,5,2,1,48,111,0,0,157,c79f418b,0
372,12,12,3,1,2100000372,1,1,0,744,1,0,21,14,2630,0,STEADY,248,4.29043,2.17167,0.304536,0.435484,0.197581,32,9,3,1,6,1,3,90,111,0,0,130,c79f418b,0
373,13,13,4,1,2100000373,0,2,0,1782,2,32,87,31,5970,0,STEADY,594,7.32418,4.81683,0.177938,0.70202,0.176768,507,104,21,0,10,0,0,17,72,0,0,0,c79f418b,0
373,13,13,4,1,2100000373,1,2,0,832,1,0,80,15,2980,0,STEADY,278,6.38514,3.60317,0.226457,0.532374,0.122302,45,1,9,0,4,1,1,24,104,0,0,75,c79f418b,0
374,14,14,5,1,2100000374,0,3,0,852,1,0,20,18,2720,0,STEADY,284,3.11772,3.64629,0.315616,0.0352113,0.338028,86,55,4,7,0,4,3,93,113,0,45,42,c79f418b,0
374,14,14,5,1,2100000374,1,3,0,894,1,0,8,18,2800,0,STEADY,298,2.70416,3.08799,0.337148,0.0268456,0.261745,85,24,1,9,0,4,4,105,113,0,40,10,c79f418b,0
375,15,15,0,1,2100000375,0,0,0,1072,1,0,22,21,3630,0,STEADY,358,3.37862,2.3304,0.208771,0.51676,0.318436,55,27,0,19,0,2,0,96,118,0,0,208,c79f418b,0
375,15,15,0,1,2100000375,1,0,1,1536,2,34,42,23,4070,0,STEADY,512,4.04804,2.2561,0.299258,0.46875,0.453125,207,145,0,20,1,2,0,76,84,0,26,600,c79f418b,0
376,16,16,1,1,2100000376,0,1,1,1931,1,22,0,31,6790,0,STEADY,644,4.9236,5.53051,0.204332,0.253106,0.456522,398,195,7,15,0,1,8,115,93,0,0,53,c79f418b,0
376,16,16,1,1,2100000376,1,1,0,1363,1,0,46,22,5060,0,STEADY,455,5.15467,6.41878,0.244736,0.250549,0.549451,183,115,2,13,0,1,6,69,115,0,0,84,c79f418b,0
377,17,17,2,1,2100000377,0,2,0,707,1,0,105,12,2500,0,STEADY,236,3.24698,6.97522,0.381123,0.15678,0.495763,180,101,0,1,1,3,7,27,121,12,0,0,c79f418b,0
377,17,17,2,1,2100000377,1,2,0,2700,3,61,92,43,8880,0,STEADY,900,3.30593,3.41391,0.311161,0.248889,0.495556,0,0,1,2,1,16,23,124,122,84,0,121,c79f418b,0
378,18,18,3,1,2100000378,0,3,0,1182,1,0,59,20,3150,0,STEADY,394,4.24337,2.59197,0.269297,0.228426,0.286802,193,106,15,4,0,0,1,70,129,0,0,60,c79f418b,0
378,18,18,3,1,2100000378,1,3,0,725,1,0,123,14,2370,0,STEADY,242,5.02787,2.78113,0.424174,0.157025,0.322314,68,39,9,4,0,0,1,6,129,0,0,35,c79f418b,0
379,19,19,4,1,2100000379,0,0,0,1464,2,25,21,27,4750,0,STEADY,488,5.51441,2.95239,0.163566,0.55123,0.170082,127,19,23,1,0,1,2,111,107,0,10,243,c79f418b,0
379,19,19,4,1,2100000379,1,0,0,1158,2,43,102,22,3800,0,STEADY,386,5.76166,3.61899,0.190479,0.567358,0.217617,27,8,20,0,0,2,0,30,89,0,11,150,c79f418b,0
380,20,20,5,1,2100000380,0,1,0,1653,2,102,102,22,4760,0,STEADY,551,10.4281,6.91917,0.552196,0.497278,0.299456,0,0,12,5,1,3,1,0,0,0,0,0,c79f418b,0
380,20,20,5,1,2100000380,1,1,0,1201,1,0,90,20,3940,0,STEADY,401,8.29537,6.25978,0.351459,0.493766,0.221945,51,3,15,3,0,2,0,0,102,0,0,48,c79f418b,0
381,21,21,0,1,2100000381,0,2,0,1972,1,0,79,36,6430,0,STEADY,658,3.66428,4.75578,0.289126,0.00151976,0.109422,115,45,23,1,0,0,12,45,124,0,0,32,c79f418b,0
381,21,21,0,1,2100000381,1,2,0,2177,1,0,36,40,6880,0,STEADY,726,3.63394,5.00015,0.261921,0.0275482,0.264463,74,26,36,1,1,0,2,88,124,0,0,69,c79f418b,0
382,22,22,1,1,2100000382,0,3,1,1478,1,14,0,23,5680,0,STEADY,493,2.92834,2.17036,0.174998,0.184584,0.129817,89,8,0,12,7,0,4,175,161,0,14,0,c79f418b,0
382,22,22,1,1,2100000382,1,3,0,2527,1,0,71,38,9310,0,STEADY,843,2.40356,1.9394,0.160712,0.173191,0.207592,217,43,0,19,12,0,7,104,175,0,14,33,c79f418b,0
383,23,23,2,1,2100000383,0,0,0,1997,1,0,41,37,6390,0,STEADY,666,2.68915,2.98171,0.494535,0.234234,0.136637,121,41,1,31,0,0,5,84,116,11,0,75,c79f418b,0
383,23,23,2,1,2100000383,1,0,0,1719,1,0,41,32,5680,0,STEADY,573,2.89005,3.8274,0.527845,0.195462,0.17452,242,54,0,24,0,0,8,84,115,10,0,3,c79f418b,0
384,24,24,3,1,2100000384,0,1,0,1715,1,0,47,27,5680,0,STEADY,572,5.38601,3.64465,0.274913,0.407343,0.398601,123,61,3,11,2,8,3,78,125,0,54,530,c79f418b,0
384,24,24,3,1,2100000384,1,1,0,2366,1,0,62,37,7600,0,STEADY,789,3.48109,7.05629,0.248872,0.315589,0.311787,240,25,2,8,1,11,15,63,125,0,34,0,c79f418b,0
385,25,25,4,1,2100000385,0,2,0,1268,1,0,72,25,4110,0,STEADY,423,4.42592,2.78936,0.170331,0.56974,0.260047,34,14,4,19,2,0,0,32,104,0,24,157,c79f418b,0
385,25,25,4,1,2100000385,1,2,0,1154,1,0,44,22,3760,0,STEADY,385,3.91192,2.73673,0.236494,0.542857,0.192208,132,53,2,16,2,0,2,60,104,0,0,233,c79f418b,0
386,26,26,5,1,2100000386,0,3,0,820,1,0,45,16,2730,0,STEADY,274,3.41378,2.51365,0.412482,0.255474,0.233577,91,42,1,13,0,0,2,63,108,0,0,47,c79f418b,0
386,26,26,5,1,2100000386,1,3,0,1387,1,0,38,26,4430,0,STEADY,463,3.03709,2.50794,0.236577,0.261339,0.272138,55,13,1,23,0,0,2,70,108,0,0,34,c79f418b,0
387,27,27,0,1,2100000387,0,0,0,2307,2,30,43,41,7460,0,STEADY,769,5.77334,6.75603,0.297932,0.325098,0.292588,276,55,30,4,0,0,7,102,115,0,0,118,c79f418b,0
387,27,27,0,1,2100000387,1,0,0,1849,1,0,94,33,6070,0,STEADY,617,6.04814,5.34325,0.259376,0.269044,0.335494,340,112,19,1,0,0,13,51,145,0,0,98,c79f418b,0
388,28,28,1,1,2100000388,0,1,1,289,1,16,0,6,1230,0,STEADY,97,9.50089,4.10075,0.595619,0.597938,0,15,0,3,3,0,0,0,107,95,0,0,0,c79f418b,0
388,28,28,1,1,2100000388,1,1,0,259,1,0,46,6,1230,0,STEADY,87,9.89707,6.09629,0.577299,0.724138,0,28,0,3,3,0,0,0,65,111,0,0,0,c79f418b,0
389,29,29,2,1,2100000389,0,2,0,1592,1,0,62,26,5440,0,STEADY,531,3.91571,4.75374,0.278267,0.284369,0.122411,340,21,3,6,12,0,5,40,102,0,0,126,c79f418b,0
389,29,29,2,1,2100000389,1,2,0,1955,1,0,86,32,6680,0,STEADY,652,3.50935,3.80346,0.205836,0.211656,0.0920245,446,47,3,6,13,0,10,16,102,0,16,90,c79f418b,0
390,30,30,3,1,2100000390,0,3,0,993,2,73,99,24,2880,0,STEADY,331,4.54256,4.21313,0.253861,0.253776,0.380665,0,0,21,3,0,0,0,26,52,0,0,0,c79f418b,0
390,30,30,3,1,2100000390,1,3,1,856,1,15,0,21,2800,0,STEADY,286,4.75957,4.21167,0.200154,0.167832,0.346154,37,4,16,3,0,1,1,125,110,0,0,0,c79f418b,0
391,31,31,4,1,2100000391,0,0,0,1225,1,0,102,23,3910,0,STEADY,409,4.96483,3.50164,0.242115,0.699267,0.217604,101,33,4,17,2,0,0,45,132,0,0,0,c79f418b,0
391,31,31,4,1,2100000391,1,0,0,550,1,0,120,11,2020,0,STEADY,184,7.19973,3.32697,0.400109,0.630435,0.168478,61,27,1,8,2,0,0,12,150,18,0,0,c79f418b,0
392,32,32,5,1,2100000392,0,1,0,1044,1,0,81,18,3380,0,STEADY,348,5.19359,6.05941,0.366135,0.0718391,0.149425,224,45,13,0,2,1,2,40,121,0,0,0,c79f418b,0
392,32,32,5,1,2100000392,1,1,0,2437,1,0,75,41,7380,0,STEADY,813,4.7129,5.65363,0.19361,0.0602706,0.252153,435,154,33,0,2,1,5,46,121,0,0,97,c79f418b,0
393,33,33,0,1,2100000393,0,2,1,1661,1,5,0,31,5480,0,STEADY,554,3.41696,3.45361,0.263439,0.0469314,0.458484,291,125,20,1,2,0,8,152,147,0,0,139,c79f418b,0
393,33,33,0,1,2100000393,1,2,0,1855,1,0,58,34,6150,0,STEADY,619,3.20149,5.98342,0.188045,0.0274637,0.206785,333,45,23,1,0,0,10,94,152,0,0,39,c79f418b,0
394,34,34,1,1,2100000394,0,3,1,637,1,56,0,14,2440,0,STEADY,213,6.25832,3.6611,0.325869,0.450704,0.103286,0,0,2,9,1,0,2,140,84,0,0,44,c79f418b,0
394,34,34,1,1,2100000394,1,3,0,526,1,0,89,12,2050,0,STEADY,176,5.942,5.39205,0.283551,0.505682,0.318182,53,25,1,9,0,0,2,51,140,0,0,0,c79f418b,0
395,35,35,2,1,2100000395,0,0,0,2031,1,0,59,38,6470,0,STEADY,677,3.79462,3.49734,0.127962,0.0118168,0.141802,59,17,35,1,0,1,1,42,110,9,0,195,c79f418b,0
395,35,35,2,1,2100000395,1,0,0,2147,1,0,87,40,6850,0,STEADY,716,3.55037,4.00321,0.148603,0.00698324,0.166201,236,79,33,2,0,1,4,14,101,0,0,58,c79f418b,0
396,36,36,3,1,2100000396,0,1,0,1056,1,0,16,18,3430,0,STEADY,352,4.57804,5.28761,0.295824,0.338068,0.34375,151,77,4,11,0,0,3,77,93,0,0,0,c79f418b,0
396,36,36,3,1,2100000396,1,1,1,1126,1,8,0,20,3780,0,STEADY,376,4.52441,2.89735,0.205519,0.287234,0.319149,59,3,5,14,0,0,1,93,85,0,0,202,c79f418b,0
397,37,37,4,1,2100000397,0,2,1,1710,1,12,0,32,5570,0,STEADY,570,4.25765,2.80388,0.176833,0.117544,0.378947,240,58,29,0,1,0,2,150,138,0,0,262,c79f418b,0
397,37,37,4,1,2100000397,1,2,0,1588,1,0,23,29,5200,0,STEADY,530,4.62079,3.4465,0.193085,0.132075,0.271698,140,26,25,1,2,0,1,127,150,0,0,213,c79f418b,0
398,38,38,5,1,2100000398,0,3,0,1211,2,104,104,18,3210,0,STEADY,404,7.81762,4.95347,0.571027,0.757426,0.106436,0,0,11,5,0,1,1,0,0,0,0,0,c79f418b,0
398,38,38,5,1,2100000398,1,3,0,1760,2,66,81,28,4910,0,STEADY,587,6.82492,3.97793,0.380809,0.657581,0.149915,0,0,16,10,0,1,1,23,38,0,0,0,c79f418b,0
399,39,39,0,1,2100000399,0,0,0,2700,3,30,76,44,8880,0,STEADY,900,3.18895,4.00913,0.221244,0.127778,0.395556,137,34,2,7,0,6,29,38,84,0,9,18,c79f418b,0
399,39,39,0,1,2100000399,1,0,0,2609,1,0,51,42,8640,0,STEADY,870,3.02045,2.21804,0.160471,0.181609,0.328736,44,13,3,12,0,12,15,63,114,0,0,164,c79f418b,0
400,0,7,2,1,2100000400,0,2,1,495,1,39,0,11,2040,0,STEADY,165,3.87294,8.26719,0.298848,0.206061,0.684848,21,16,1,5,0,1,4,100,74,0,0,0,c79f418b,0
400,0,7,2,1,2100000400,1,2,1,430,1,29,0,10,1860,0,STEADY,144,3.32765,6.39737,0.264132,0.3125,0.555556,37,27,0,7,0,1,2,100,84,0,0,0,c79f418b,0
401,1,8,3,1,2100000401,0,3,0,1116,2,136,94,20,3430,0,STEADY,372,5.39597,4.82957,0.262298,0.795699,0.0994624,0,0,2,16,1,1,0,22,0,0,102,0,c79f418b,0
401,1,8,3,1,2100000401,1,3,0,1797,1,0,10,32,5380,0,STEADY,599,4.23834,2.74288,0.182053,0.549249,0.185309,411,101,3,26,0,1,2,106,136,0,136,206,c79f418b,0
402,2,9,4,1,2100000402,0,0,0,774,2,94,149,14,2830,0,STEADY,258,8.85705,8.60654,0.348682,0.75969,0.104651,0,0,6,7,0,0,1,0,0,0,0,0,c79f418b,0
402,2,9,4,1,2100000402,1,0,0,750,2,94,149,14,2730,0,STEADY,250,8.50672,7.92692,0.30788,0.748,0.252,0,0,5,9,0,0,0,0,0,0,0,0,c79f418b,0
403,3,10,5,1,2100000403,0,1,0,370,1,0,102,8,1420,0,STEADY,124,5.61154,4.51792,0.49004,0.435484,0.0725806,35,7,6,0,0,1,1,22,106,0,15,0,c79f418b,0
403,3,10,5,1,2100000403,1,1,0,368,1,0,102,8,1420,0,STEADY,123,5.72307,4.55135,0.483537,0.398374,0.0813008,35,5,6,0,0,1,1,22,106,0,15,0,c79f418b,0
404,4,11,0,1,2100000404,0,2,0,2354,2,62,117,47,8210,0,STEADY,785,4.46758,3.98263,0.269954,0.573248,0.271338,433,120,0,42,1,2,2,44,74,13,0,105,c79f418b,0
404,4,11,0,1,2100000404,1,2,0,2700,3,58,110,53,9410,0,STEADY,900,4.37638,5.47958,0.272909,0.411111,0.238889,0,0,0,42,1,4,6,67,104,39,0,0,c79f418b,0
405,5,12,1,1,2100000405,0,3,0,1252,1,0,90,23,4440,0,STEADY,418,2.89404,3.43044,0.194761,0.409091,0.0980861,81,1,5,4,2,6,6,21,141,0,86,0,c79f418b,0
405,5,12,1,1,2100000405,1,3,0,1459,1,0,54,30,4680,0,STEADY,487,3.20881,3.00032,0.127351,0.61807,0.151951,164,10,19,4,1,4,2,57,141,0,71,23,c79f418b,0
406,6,13,2,1,2100000406,0,0,0,1888,1,0,26,34,6360,0,STEADY,630,5.59109,6.57974,0.230135,0.00634921,0.406349,416,214,17,0,1,0,16,78,131,0,0,43,c79f418b,0
406,6,13,2,1,2100000406,1,0,0,1888,1,0,26,34,6260,0,STEADY,630,5.21639,4.77593,0.167357,0.0253968,0.347619,425,128,21,0,1,1,11,78,131,0,0,117,c79f418b,0
407,7,14,3,1,2100000407,0,1,0,1710,1,0,83,32,5390,0,STEADY,570,2.53414,5.72991,0.147535,0.235088,0.214035,151,9,4,26,0,1,1,30,100,0,0,0,c79f418b,0
407,7,14,3,1,2100000407,1,1,0,1282,1,0,93,25,4160,0,STEADY,428,2.63486,5.5741,0.17632,0.235981,0.287383,52,19,3,20,0,0,2,20,100,0,0,0,c79f418b,0
408,8,15,4,1,2100000408,0,2,1,1593,1,28,0,28,5370,0,STEADY,531,3.59496,3.23844,0.229539,0.333333,0.20904,17,0,9,3,3,4,9,118,88,0,0,236,c79f418b,0
408,8,15,4,1,2100000408,1,2,1,1251,1,46,0,23,4250,0,STEADY,417,4.2332,2.91459,0.227986,0.345324,0.285372,18,9,11,4,2,2,4,118,70,0,30,149,c79f418b,0
409,9,16,5,1,2100000409,0,3,1,1729,1,66,0,27,5470,0,STEADY,577,3.09383,3.62299,0.316482,0.0814558,0.22357,0,0,8,4,1,0,14,115,89,6,0,51,c79f418b,0
409,9,16,5,1,2100000409,1,3,0,2287,1,0,10,33,7290,0,STEADY,763,3.02999,3.95198,0.359089,0.0629096,0.288336,346,100,12,0,3,0,18,105,153,4,0,68,c79f418b,0
410,10,17,0,1,2100000410,0,0,1,783,1,124,0,16,2850,0,STEADY,261,4.74198,4.87285,0.20887,0.111111,0.758621,0,0,10,5,0,0,1,103,0,0,0,16,c79f418b,0
410,10,17,0,1,2100000410,1,0,1,2136,1,81,0,38,7110,0,STEADY,712,5.68644,6.74674,0.195316,0.150281,0.560393,0,0,13,17,1,0,7,102,43,0,0,73,c79f418b,0
411,11,18,1,1,2100000411,0,1,1,1370,1,35,0,23,4920,0,STEADY,457,3.2896,2.18009,0.182484,0.341357,0.28884,61,23,2,12,0,5,4,129,142,60,48,236,c79f418b,0
411,11,18,1,1,2100000411,1,1,1,2700,3,117,57,42,9120,0,STEADY,900,2.90073,1.78376,0.141989,0.37,0.233333,0,0,1,20,0,11,10,72,124,124,90,143,c79f418b,0
412,12,19,2,1,2100000412,0,2,0,2700,3,64,45,46,8790,0,STEADY,900,3.07474,3.76838,0.127022,0.288889,0.106667,0,0,7,4,21,0,14,87,47,0,0,89,c79f418b,0
412,12,19,2,1,2100000412,1,2,0,1838,1,0,63,31,5870,0,STEADY,613,3.74152,2.84202,0.194266,0.252855,0.151713,51,20,7,4,13,0,7,69,111,0,0,211,c79f418b,0
413,13,20,3,1,2100000413,0,3,0,769,1,0,6,13,2500,0,STEADY,257,5.55858,3.72948,0.379261,0.478599,0.18677,36,2,9,0,2,1,1,92,104,0,0,0,c79f418b,0
413,13,20,3,1,2100000413,1,3,0,896,1,0,68,16,3120,0,STEADY,299,5.23205,3.96958,0.319314,0.558528,0.113712,87,30,11,0,4,1,0,34,104,0,0,26,c79f418b,0
414,14,21,4,1,2100000414,0,0,0,1912,1,0,36,36,6160,0,STEADY,638,2.77066,5.83105,0.174357,0.0658307,0.0344828,80,17,2,11,0,10,13,88,113,0,66,8,c79f418b,0
414,14,21,4,1,2100000414,1,0,0,862,1,0,80,18,3040,0,STEADY,288,2.52466,7.54772,0.208368,0.0659722,0.166667,65,24,0,7,0,3,8,44,113,0,34,9,c79f418b,0
415,15,22,5,1,2100000415,0,1,1,1370,2,118,175,19,3350,0,STEADY,457,6.25484,2.76434,0.534223,0.765864,0.159737,0,0,0,15,0,4,0,0,0,0,0,600,c79f418b,0
415,15,22,5,1,2100000415,1,1,0,1708,2,118,175,27,4720,0,STEADY,570,10.4899,8.19172,0.295298,0.55614,0.412281,0,0,0,25,1,1,0,0,0,0,0,0,c79f418b,0
416,16,23,0,1,2100000416,0,2,1,785,1,67,0,14,3060,0,STEADY,262,4.55706,7.5017,0.198378,0.248092,0.698473,0,0,6,6,0,1,1,113,48,0,0,0,c79f418b,0
416,16,23,0,1,2100000416,1,2,0,961,1,0,41,17,3660,0,STEADY,321,4.47886,6.67867,0.187648,0.205607,0.738318,86,77,6,6,0,1,4,79,115,0,0,88,c79f418b,0
417,17,24,1,1,2100000417,0,3,1,544,1,38,0,10,2120,0,STEADY,182,3.56597,2.50974,0.545302,0.351648,0.236264,1,1,1,4,0,4,1,125,78,24,0,40,c79f418b,0
417,17,24,1,1,2100000417,1,3,0,1813,1,0,45,31,6080,0,STEADY,605,3.20058,2.7887,0.254331,0.107438,0.229752,525,121,2,1,1,4,23,80,119,18,0,19,c79f418b,0
418,18,25,2,1,2100000418,0,0,1,963,1,47,0,19,3090,0,STEADY,321,4.04207,3.96952,0.221776,0.149533,0.666667,131,113,13,4,0,0,2,104,82,0,0,103,c79f418b,0
418,18,25,2,1,2100000418,1,0,1,1576,1,61,0,28,4190,0,STEADY,526,3.50168,4.39812,0.163798,0.0703422,0.452471,0,0,23,4,0,0,1,104,68,0,0,0,c79f418b,0
419,19,26,3,1,2100000419,0,1,0,1126,1,0,3,21,3630,0,STEADY,376,4.26831,2.40639,0.220332,0.468085,0.271277,62,25,19,0,0,2,0,105,132,0,22,116,c79f418b,0
419,19,26,3,1,2100000419,1,1,0,1189,1,0,18,22,3870,0,STEADY,397,4.18282,2.56288,0.199282,0.473552,0.216625,80,23,19,1,0,2,0,90,132,0,22,259,c79f418b,0
420,20,27,4,1,2100000420,0,2,0,1067,1,0,76,19,3890,0,STEADY,356,6.05324,3.70998,0.339508,0.547753,0.286517,49,19,10,3,0,3,3,69,102,0,17,176,c79f418b,0
420,20,27,4,1,2100000420,1,2,0,2662,2,11,38,44,8840,0,STEADY,888,6.16958,5.54732,0.234977,0.510135,0.213964,47,21,29,7,0,6,2,107,91,0,17,0,c79f418b,0
421,21,28,5,1,2100000421,0,3,0,583,1,0,66,11,1880,0,STEADY,195,5.6123,5.35183,0.442128,0.0512821,0.292308,46,33,8,1,0,0,2,45,124,0,0,5,c79f418b,0
421,21,28,5,1,2100000421,1,3,0,577,1,0,81,11,2000,0,STEADY,193,5.27979,4.33415,0.436114,0.0466321,0.165803,48,4,8,0,1,0,2,30,124,0,0,0,c79f418b,0
422,22,29,0,1,2100000422,0,0,1,2471,1,88,0,37,8840,0,STEADY,824,3.12149,3.86625,0.165521,0.139563,0.223301,0,0,0,16,11,0,10,102,87,0,123,109,c79f418b,0
422,22,29,0,1,2100000422,1,0,0,2700,3,68,76,40,9620,0,STEADY,900,3.02908,4.84502,0.158451,0.15,0.176667,22,9,0,18,13,0,9,26,107,0,21,50,c79f418b,0
423,23,30,1,1,2100000423,0,1,0,329,1,0,77,8,1420,0,STEADY,110,4.74172,3.01994,0.396273,0.4,0.172727,35,7,0,6,0,0,2,48,113,8,0,58,c79f418b,0
423,23,30,1,1,2100000423,1,1,0,459,1,0,77,10,1820,0,STEADY,153,4.57039,4.09254,0.310261,0.294118,0.392157,39,30,0,6,0,0,4,48,113,8,0,60,c79f418b,0
424,24,31,2,1,2100000424,0,2,0,907,1,0,19,16,3200,0,STEADY,303,4.3994,2.76697,0.220099,0.458746,0.217822,154,46,3,6,0,3,4,131,125,0,1,265,c79f418b,0
424,24,31,2,1,2100000424,1,2,0,1217,1,0,79,23,4160,0,STEADY,406,4.13702,5.18642,0.189323,0.302956,0.366995,88,9,7,2,1,1,12,62,125,0,20,18,c79f418b,0
425,25,32,3,1,2100000425,0,3,0,703,1,0,79,14,2340,0,STEADY,235,4.53121,3.02264,0.310383,0.523404,0.0297872,38,0,2,10,1,0,1,42,104,0,24,3,c79f418b,0
425,25,32,3,1,2100000425,1,3,0,812,1,0,47,16,2660,0,STEADY,271,3.59609,2.87518,0.295646,0.686347,0.0258303,124,3,3,10,1,0,2,74,104,0,0,0,c79f418b,0
426,26,33,4,1,2100000426,0,0,0,1151,1,0,54,23,3800,0,STEADY,384,3.62468,2.24023,0.158529,0.265625,0.458333,125,78,4,16,0,0,3,98,108,0,0,205,c79f418b,0
426,26,33,4,1,2100000426,1,0,0,1518,1,0,23,29,4920,0,STEADY,506,3.70225,3.97621,0.148202,0.185771,0.391304,196,96,5,16,0,0,8,129,108,0,0,136,c79f418b,0
427,27,34,5,1,2100000427,0,1,0,1222,1,0,140,20,3540,0,STEADY,408,5.99173,2.95745,0.409485,0.578431,0.151961,122,29,18,2,0,0,0,0,145,0,0,164,c79f418b,0
427,27,34,5,1,2100000427,1,1,0,1136,1,0,140,20,3540,0,STEADY,379,6.2992,3.31201,0.305158,0.546174,0.150396,143,27,18,2,0,0,0,0,145,0,0,270,c79f418b,0
428,28,35,0,1,2100000428,0,2,0,2408,1,0,56,41,8020,0,STEADY,803,5.41198,6.27857,0.164371,0.418431,0.423412,32,14,9,18,0,0,14,63,111,0,0,0,c79f418b,0
428,28,35,0,1,2100000428,1,2,1,2185,1,41,0,37,7380,0,STEADY,729,4.95335,5.23387,0.189246,0.308642,0.454047,18,9,7,10,0,0,20,119,70,0,0,128,c79f418b,0
429,29,36,1,1,2100000429,0,3,0,974,1,0,15,17,3640,0,STEADY,325,3.34284,2.38442,0.219862,0.190769,0.141538,153,23,0,4,6,0,7,78,102,0,60,0,c79f418b,0
429,29,36,1,1,2100000429,1,3,0,992,1,0,15,17,3680,0,STEADY,331,3.7491,2.27075,0.242961,0.383686,0.280967,89,20,1,3,9,0,4,78,102,0,55,0,c79f418b,0
430,30,37,2,1,2100000430,0,0,0,2169,1,0,43,47,5870,0,STEADY,723,3.79861,4.76883,0.18134,0.0912863,0.327801,165,115,36,4,0,3,4,107,125,0,22,0,c79f418b,0
430,30,37,2,1,2100000430,1,0,1,2077,1,29,0,45,5720,0,STEADY,693,4.17044,4.8638,0.177615,0.0692641,0.428571,81,48,34,4,0,2,5,150,96,0,0,34,c79f418b,0
431,31,38,3,1,2100000431,0,1,0,1025,2,132,89,18,2960,0,STEADY,342,6.7108,5.43386,0.325702,0.628655,0.178363,0,0,6,10,2,0,0,15,0,0,0,0,c79f418b,0
431,31,38,3,1,2100000431,1,1,0,1454,1,0,101,26,4550,0,STEADY,485,6.78975,5.13698,0.271443,0.556701,0.169072,199,10,2,21,2,0,1,3,150,18,0,0,c79f418b,0
432,32,39,4,1,2100000432,0,2,0,2689,2,13,80,46,8850,0,STEADY,897,4.58112,6.62116,0.181165,0.136009,0.636566,401,219,28,0,1,5,12,34,108,0,0,51,c79f418b,0
432,32,39,4,1,2100000432,1,2,0,1102,2,85,114,21,3830,0,STEADY,368,5.43516,4.13923,0.175231,0.1875,0.472826,0,0,18,0,2,1,0,0,36,0,0,165,c79f418b,0
433,33,0,5,1,2100000433,0,3,0,510,1,0,63,10,1650,0,STEADY,170,4.34183,2.93289,0.490853,0.152941,0.217647,27,7,5,1,3,0,1,50,152,0,0,75,c79f418b,0
433,33,0,5,1,2100000433,1,3,0,691,1,0,63,14,2250,0,STEADY,231,4.51259,2.58986,0.36145,0.320346,0.212121,55,10,5,2,6,0,1,50,152,0,0,66,c79f418b,0
434,34,1,0,1,2100000434,0,0,1,646,1,86,0,14,2480,0,STEADY,216,5.84331,2.58791,0.443495,0.601852,0.189815,0,0,2,10,2,0,0,136,54,0,0,268,c79f418b,0
434,34,1,0,1,2100000434,1,0,1,1387,2,74,17,27,4600,0,STEADY,463,4.2864,3.00068,0.172127,0.5054,0.282937,0,0,3,21,1,0,2,119,66,0,0,600,c79f418b,0
435,35,2,1,1,2100000435,0,1,0,1246,1,0,52,24,4120,0,STEADY,416,5.2237,5.52258,0.155493,0.110577,0.334135,43,43,20,1,0,2,1,42,119,18,4,40,c79f418b,0
435,35,2,1,1,2100000435,1,1,0,313,1,0,80,8,1320,0,STEADY,105,6.33416,3.22972,0.359762,0.0571429,0.380952,28,19,4,2,0,1,1,14,110,9,4,36,c79f418b,0
436,36,3,2,1,2100000436,0,2,0,961,1,0,81,17,3400,0,STEADY,321,4.82871,3.23108,0.22366,0.0903427,0.535826,162,120,3,4,0,0,10,25,93,0,0,190,c79f418b,0
436,36,3,2,1,2100000436,1,2,0,695,1,0,40,14,2610,0,STEADY,232,3.83992,3.06045,0.201897,0.206897,0.431034,148,73,2,9,0,0,3,63,93,0,0,58,c79f418b,0
437,37,4,3,1,2100000437,0,3,0,778,1,0,69,15,2680,0,STEADY,260,5.33174,3.71627,0.346923,0.188462,0.273077,72,28,13,1,0,0,1,67,150,0,0,0,c79f418b,0
437,37,4,3,1,2100000437,1,3,0,2047,1,0,77,37,6490,0,STEADY,683,3.2914,2.02261,0.141501,0.10981,0.448023,523,256,35,2,0,0,0,59,150,0,0,12,c79f418b,0
438,38,5,4,1,2100000438,0,0,0,1783,1,0,40,32,5560,0,STEADY,595,4.0918,3.36174,0.234513,0.70084,0.2,25,13,17,14,0,1,0,101,104,0,0,108,c79f418b,0
438,38,5,4,1,2100000438,1,0,0,1920,2,104,141,35,5950,0,STEADY,640,8.9778,7.53718,0.333242,0.782813,0.179688,0,0,23,12,0,0,0,0,0,0,0,0,c79f418b,0
439,39,6,5,1,2100000439,0,1,0,2052,1,0,113,32,6520,0,STEADY,684,4.01789,3.54244,0.214539,0.331871,0.130117,91,21,2,12,0,7,11,18,114,0,86,94,c79f418b,0
439,39,6,5,1,2100000439,1,1,0,1584,2,74,113,25,5160,0,STEADY,528,5.15533,3.6766,0.22589,0.505682,0.168561,0,0,2,8,0,8,7,18,40,0,51,179,c79f418b,0
440,0,14,1,1,2100000440,0,3,1,1147,1,81,0,22,3870,0,STEADY,383,3.29784,3.94574,0.195091,0.360313,0.389034,0,0,0,20,0,1,1,113,32,0,0,0,c79f418b,0
440,0,14,1,1,2100000440,1,3,1,1327,1,43,0,25,4450,0,STEADY,443,3.2589,3.44104,0.205609,0.331828,0.476298,70,50,0,23,0,2,0,113,70,0,0,0,c79f418b,0
441,1,15,2,1,2100000441,0,0,1,1590,1,98,0,30,5160,0,STEADY,530,2.93591,1.55107,0.186066,0.513208,0.264151,0,0,0,28,0,2,0,143,38,0,130,92,c79f418b,0
441,1,15,2,1,2100000441,1,0,1,1117,1,136,0,22,3820,0,STEADY,373,3.63224,2.68923,0.160349,0.689008,0.203753,0,0,1,19,1,1,0,118,2,2,166,198,c79f418b,0
442,2,16,3,1,2100000442,0,1,0,934,1,0,73,15,3140,0,STEADY,312,7.81803,8.43803,0.403061,0.570513,0.266026,141,41,8,6,0,0,1,42,94,0,0,0,c79f418b,0
442,2,16,3,1,2100000442,1,1,0,1096,1,0,23,18,3680,0,STEADY,366,6.96842,6.95242,0.30776,0.581967,0.202186,64,28,8,8,0,0,2,92,94,0,0,0,c79f418b,0
443,3,17,4,1,2100000443,0,2,0,895,1,0,89,18,3150,0,STEADY,299,4.7473,2.97163,0.168813,0.431438,0.41806,10,8,15,0,0,2,1,11,106,0,13,190,c79f418b,0
443,3,17,4,1,2100000443,1,2,0,1238,1,0,79,24,4210,0,STEADY,413,3.24914,5.86476,0.137809,0.31477,0.384988,177,66,21,1,0,1,1,55,106,0,0,0,c79f418b,0
444,4,18,5,1,2100000444,0,3,0,1001,2,123,117,17,2650,0,STEADY,334,6.54109,4.68409,0.480551,0.667665,0.179641,0,0,8,6,1,1,1,12,0,0,0,0,c79f418b,0
444,4,18,5,1,2100000444,1,3,0,1192,2,123,126,19,3390,0,STEADY,398,7.0216,4.63804,0.446005,0.733668,0.170854,0,0,0,16,1,2,0,3,0,0,0,0,c79f418b,0
445,5,19,0,1,2100000445,0,0,0,2700,3,29,75,46,8240,0,STEADY,900,3.06143,5.87986,0.13145,0.235556,0.0855556,351,54,15,5,1,14,11,57,112,0,62,10,c79f418b,0
445,5,19,0,1,2100000445,1,0,0,1826,1,0,86,30,5480,0,STEADY,609,3.4939,7.67238,0.199614,0.247947,0.0738916,209,21,9,4,1,8,8,46,141,0,55,50,c79f418b,0
446,6,20,1,1,2100000446,0,1,1,1730,1,52,0,29,5610,0,STEADY,577,6.91178,7.19179,0.568631,0.0745234,0.462738,296,96,18,0,5,0,6,82,79,0,0,0,c79f418b,0
446,6,20,1,1,2100000446,1,1,0,1516,1,0,74,27,4990,0,STEADY,506,6.85042,6.54159,0.218854,0.0118577,0.531621,61,3,16,0,1,0,10,0,131,0,0,9,c79f418b,0
447,7,21,2,1,2100000447,0,2,0,1809,1,0,114,34,5860,0,STEADY,603,3.69468,3.49343,0.156028,0.228856,0.0315091,52,11,2,29,0,1,2,10,100,0,0,132,c79f418b,0
447,7,21,2,1,2100000447,1,2,0,1940,1,0,74,37,6210,0,STEADY,647,3.64913,4.77402,0.232473,0.236476,0.0309119,53,13,4,32,0,1,0,50,100,0,0,60,c79f418b,0
448,8,22,3,1,2100000448,0,3,0,1828,1,0,166,28,5920,0,STEADY,610,3.37024,2.15934,0.39391,0.242623,0.152459,60,21,1,9,0,5,13,9,116,0,10,112,c79f418b,0
448,8,22,3,1,2100000448,1,3,0,840,1,0,111,16,2690,0,STEADY,280,4.21755,2.97886,0.339196,0.432143,0.2,51,21,6,2,5,1,2,64,116,0,0,42,c79f418b,0
449,9,23,4,1,2100000449,0,0,0,2496,1,0,90,42,7990,0,STEADY,832,2.76774,2.10696,0.208311,0.0721154,0.430288,165,59,2,7,1,0,32,23,149,0,0,88,c79f418b,0
449,9,23,4,1,2100000449,1,0,0,1801,1,0,89,31,5870,0,STEADY,601,3.24461,3.51803,0.179559,0.063228,0.565724,243,103,4,7,1,0,19,24,155,6,0,119,c79f418b,0
450,10,24,5,1,2100000450,0,1,1,1617,1,90,0,27,5010,0,STEADY,539,6.33503,4.63275,0.327393,0.207792,0.445269,0,0,11,13,1,0,2,125,34,0,0,185,c79f418b,0
450,10,24,5,1,2100000450,1,1,1,1536,1,61,0,27,4890,0,STEADY,512,4.7307,7.02313,0.201953,0.119141,0.408203,0,0,16,10,1,0,0,125,63,0,0,0,c79f418b,0
451,11,25,0,1,2100000451,0,2,0,2700,3,68,15,44,8960,0,STEADY,900,3.44028,2.48576,0.139961,0.25,0.522222,0,0,8,20,0,12,4,89,110,61,28,345,c79f418b,0
451,11,25,0,1,2100000451,1,2,0,1812,2,60,70,32,6000,0,STEADY,604,3.45899,2.62443,0.145679,0.236755,0.385762,0,0,10,10,0,6,6,34,129,72,0,385,c79f418b,0
452,12,26,1,1,2100000452,0,3,0,2185,1,0,81,37,7210,0,STEADY,729,2.65632,2.04613,0.147689,0.216735,0.227709,107,22,5,4,15,0,13,27,111,0,0,6,c79f418b,0
452,12,26,1,1,2100000452,1,3,0,1987,1,0,21,35,6550,0,STEADY,663,2.72865,2.19938,0.170769,0.218703,0.131222,143,11,7,3,16,0,9,87,111,0,0,0,c79f418b,0
453,13,27,2,1,2100000453,0,0,0,752,1,0,121,13,2670,0,STEADY,251,6.4392,5.75186,0.312869,0.374502,0.294821,65,13,3,0,4,0,6,24,104,0,0,0,c79f418b,0
453,13,27,2,1,2100000453,1,0,0,1007,1,0,39,18,3630,0,STEADY,336,5.26887,5.89234,0.203512,0.375,0.244048,247,70,7,0,6,0,5,106,104,0,0,0,c79f418b,0
454,14,28,3,1,2100000454,0,1,0,1435,1,0,111,25,4680,0,STEADY,479,3.04723,6.52856,0.421931,0.0438413,0.162839,352,59,0,4,0,9,12,0,113,0,54,15,c79f418b,0
454,14,28,3,1,2100000454,1,1,0,1708,1,0,85,32,5360,0,STEADY,570,2.71213,7.32242,0.274439,0.0350877,0.142105,377,37,0,13,0,9,10,22,113,0,37,0,c79f418b,0
455,15,29,4,1,2100000455,0,2,0,916,2,118,90,17,2980,0,STEADY,306,7.59824,6.66941,0.250833,0.673203,0.20915,0,0,0,14,0,2,1,12,0,0,0,0,c79f418b,0
455,15,29,4,1,2100000455,1,2,0,2034,2,39,62,37,6390,0,STEADY,678,4.77466,3.55454,0.177861,0.631268,0.19764,5,4,3,28,1,4,1,40,79,0,16,351,c79f418b,0
456,16,30,5,1,2100000456,0,3,0,2335,1,0,45,38,7940,0,STEADY,779,4.38462,3.1595,0.196252,0.353017,0.273427,637,195,18,17,0,1,2,80,115,0,0,50,c79f418b,0
456,16,30,5,1,2100000456,1,3,0,713,1,0,55,13,2880,0,STEADY,238,5.7223,5.35506,0.335189,0.273109,0.260504,142,58,4,5,0,1,3,70,115,0,0,0,c79f418b,0
457,17,31,0,1,2100000457,0,0,0,622,1,0,90,13,2320,0,STEADY,208,4.23136,2.42636,0.331707,0.355769,0.413462,122,63,3,0,2,4,4,42,113,15,0,232,c79f418b,0
457,17,31,0,1,2100000457,1,0,0,1087,1,0,132,18,3700,0,STEADY,363,3.77676,6.18186,0.320399,0.14876,0.349862,139,26,0,1,0,3,14,0,126,12,0,65,c79f418b,0
458,18,32,1,1,2100000458,0,1,0,849,1,0,21,17,3210,0,STEADY,283,5.1993,2.79064,0.302067,0.353357,0.293286,101,50,7,6,0,0,4,100,129,0,0,159,c79f418b,0
458,18,32,1,1,2100000458,1,1,0,554,1,0,73,13,2290,0,STEADY,185,5.85782,3.30624,0.4522,0.286486,0.47027,70,54,8,5,0,0,0,48,129,0,0,68,c79f418b,0
459,19,33,2,1,2100000459,0,2,0,2178,1,0,44,39,7060,0,STEADY,726,3.44891,3.23489,0.18489,0.333333,0.199725,60,24,27,0,1,8,3,108,132,0,76,72,c79f418b,0
459,19,33,2,1,2100000459,1,2,0,1291,1,0,77,25,4470,0,STEADY,431,3.77161,2.69332,0.197622,0.357309,0.429234,46,23,19,1,0,3,2,75,132,0,22,200,c79f418b,0
460,20,34,3,1,2100000460,0,3,0,992,1,0,47,16,3060,0,STEADY,331,5.15571,2.93743,0.337085,0.377644,0.145015,48,4,9,1,0,1,5,93,102,0,0,42,c79f418b,0
460,20,34,3,1,2100000460,1,3,0,1120,1,0,125,19,3520,0,STEADY,374,6.19628,4.22268,0.265254,0.516043,0.275401,61,31,16,1,1,1,0,15,102,0,14,0,c79f418b,0
461,21,35,4,1,2100000461,0,0,1,2198,1,50,0,40,7050,0,STEADY,733,4.02742,3.65708,0.254086,0.0259209,0.207367,0,0,33,0,1,0,6,116,74,0,0,224,c79f418b,0
461,21,35,4,1,2100000461,1,0,0,1401,1,0,71,26,4730,0,STEADY,467,3.9617,9.42728,0.168426,0.0728051,0.310493,163,57,13,1,0,0,12,30,124,0,0,0,c79f418b,0
462,22,36,5,1,2100000462,0,1,0,2609,1,0,67,36,8730,0,STEADY,870,4.12254,1.6418,0.216645,0.522989,0.122989,389,61,0,17,11,0,8,26,175,0,95,421,c79f418b,0
462,22,36,5,1,2100000462,1,1,1,2700,3,18,39,40,9350,0,STEADY,900,3.54291,1.88172,0.19639,0.475556,0.156667,103,35,0,15,13,0,12,54,157,0,140,446,c79f418b,0
463,23,37,0,1,2100000463,0,2,0,1981,1,0,54,36,6360,0,STEADY,661,3.56018,4.72849,0.462269,0.177005,0.113464,376,60,0,28,0,0,8,96,119,14,0,81,c79f418b,0
463,23,37,0,1,2100000463,1,2,0,1716,1,0,102,32,5750,0,STEADY,572,3.35122,5.99335,0.312981,0.159091,0.0576923,209,28,1,19,0,0,12,48,113,8,0,15,c79f418b,0
464,24,38,1,1,2100000464,0,3,0,389,1,0,45,8,1640,0,STEADY,130,4.69268,2.87722,0.379577,0.376923,0.153846,37,14,1,3,0,2,2,59,125,0,40,0,c79f418b,0
464,24,38,1,1,2100000464,1,3,0,610,1,0,87,12,2280,0,STEADY,204,4.5225,2.72197,0.290221,0.465686,0.0735294,63,10,3,3,0,3,3,17,125,0,40,0,c79f418b,0
465,25,39,2,1,2100000465,0,0,0,2700,3,33,2,49,8480,0,STEADY,900,3.23084,3.79481,0.234511,0.373333,0.233333,216,101,0,44,2,0,3,112,71,0,0,7,c79f418b,0
465,25,39,2,1,2100000465,1,0,1,2700,3,66,72,49,8390,0,STEADY,900,3.0832,2.07565,0.179694,0.433333,0.236667,0,0,0,47,1,0,1,42,38,0,0,187,c79f418b,0
466,26,0,3,1,2100000466,0,1,0,708,1,0,17,14,2440,0,STEADY,236,4.03551,3.20601,0.377712,0.262712,0.305085,18,13,0,12,0,0,2,96,108,0,0,57,c79f418b,0
466,26,0,3,1,2100000466,1,1,0,510,1,0,69,11,1910,0,STEADY,170,4.74719,6.49203,0.408353,0.229412,0.435294,57,43,1,7,0,0,3,44,108,0,0,0,c79f418b,0
467,27,1,4,1,2100000467,0,2,0,1447,1,0,36,26,4690,0,STEADY,483,4.55915,4.02524,0.178375,0.619048,0.287785,107,48,22,2,1,0,1,102,145,0,0,0,c79f418b,0
467,27,1,4,1,2100000467,1,2,0,2155,1,0,60,39,6900,0,STEADY,719,4.70775,3.047,0.140702,0.549374,0.226704,340,106,35,2,1,0,1,76,145,0,0,246,c79f418b,0
468,28,2,5,1,2100000468,0,3,0,928,1,0,37,14,2720,0,STEADY,310,7.64225,6.15993,0.466839,0.7,0.167742,29,9,3,9,1,0,1,57,111,0,0,0,c79f418b,0
468,28,2,5,1,2100000468,1,3,0,503,1,0,94,6,1260,0,STEADY,168,11.6453,8.86421,0.842679,0.404762,0.583333,20,5,3,2,0,0,1,0,111,0,0,0,c79f418b,0
469,29,3,0,1,2100000469,0,0,0,1040,1,0,105,19,3640,0,STEADY,347,4.09867,4.0846,0.23696,0.242075,0.498559,61,50,5,4,6,0,4,1,102,0,47,112,c79f418b,0
469,29,3,0,1,2100000469,1,0,0,865,1,0,72,16,3280,0,STEADY,289,3.53181,3.57979,0.1909,0.228374,0.49481,142,64,2,4,6,0,4,31,102,0,68,83,c79f418b,0
470,30,4,1,1,2100000470,0,1,1,645,1,122,0,17,2250,0,STEADY,215,5.58771,3.41792,0.2602,0.125581,0.572093,0,0,14,3,0,0,0,136,3,0,0,117,c79f418b,0
470,30,4,1,1,2100000470,1,1,0,682,1,0,117,19,2300,0,STEADY,228,6.68811,7.45447,0.259351,0.122807,0.574561,78,39,16,2,0,0,1,45,125,0,0,0,c79f418b,0
471,31,5,2,1,2100000471,0,2,0,2612,1,0,2,48,8210,0,STEADY,871,3.48482,4.90723,0.128927,0.438576,0.245695,764,192,3,43,2,0,0,139,150,18,0,29,c79f418b,0
471,31,5,2,1,2100000471,1,2,0,1848,1,0,15,34,5890,0,STEADY,616,3.28783,1.81402,0.132054,0.457792,0.376623,377,156,1,30,1,0,2,126,141,9,0,174,c79f418b,0
472,32,6,3,1,2100000472,0,3,0,939,2,23,131,17,3180,0,STEADY,313,5.43802,4.14207,0.24976,0.469649,0.239617,106,26,13,0,2,1,1,0,98,0,0,0,c79f418b,0
472,32,6,3,1,2100000472,1,3,0,652,1,0,131,12,2260,0,STEADY,218,5.30037,3.23327,0.321468,0.201835,0.385321,66,42,9,0,1,1,1,0,121,0,0,0,c79f418b,0
473,33,7,4,1,2100000473,0,0,1,752,1,52,0,16,2730,0,STEADY,251,2.97443,2.82526,0.247669,0.0478088,0.517928,1,1,13,0,1,0,2,100,100,0,0,31,c79f418b,0
473,33,7,4,1,2100000473,1,0,1,739,1,52,0,16,2650,0,STEADY,247,3.17472,2.53872,0.239372,0.0647773,0.696356,17,16,9,1,4,0,2,100,100,0,0,110,c79f418b,0
474,34,8,5,1,2100000474,0,1,0,911,2,140,116,14,2580,0,STEADY,304,8.70375,6.00371,0.525773,0.552632,0.398026,0,0,0,12,2,0,0,0,0,0,0,0,c79f418b,0
474,34,8,5,1,2100000474,1,1,0,994,1,0,95,17,3070,0,STEADY,332,4.89555,5.3514,0.33381,0.361446,0.165663,77,24,1,12,1,1,2,21,140,0,0,0,c79f418b,0
475,35,9,0,1,2100000475,0,2,0,2183,1,0,117,41,7030,0,STEADY,728,3.23218,3.43261,0.12057,0.0164835,0.245879,104,77,39,0,0,1,1,56,110,9,0,69,c79f418b,0
475,35,9,0,1,2100000475,1,2,0,2700,3,9,23,50,8490,0,STEADY,900,3.27064,2.87549,0.0881944,0.0466667,0.432222,204,101,45,2,0,1,2,140,101,9,10,135,c79f418b,0
476,36,10,1,1,2100000476,0,3,0,485,1,0,67,10,2030,0,STEADY,162,4.06877,2.53107,0.268457,0.197531,0.240741,31,14,3,3,0,1,3,57,93,0,13,8,c79f418b,0
476,36,10,1,1,2100000476,1,3,0,280,1,0,69,7,1360,0,STEADY,94,5.45979,4.16659,0.357181,0.531915,0.0744681,32,2,2,4,0,0,1,55,93,0,0,0,c79f418b,0
477,37,11,2,1,2100000477,0,0,0,2329,1,0,95,42,7340,0,STEADY,777,2.97761,3.09027,0.190238,0.027027,0.119691,143,35,38,0,2,0,2,52,150,0,0,73,c79f418b,0
477,37,11,2,1,2100000477,1,0,0,2700,3,8,54,48,8460,0,STEADY,900,2.85325,3.63594,0.226328,0.0266667,0.0933333,269,35,43,1,2,0,2,135,142,0,0,1,c79f418b,0
478,38,12,3,1,2100000478,0,1,1,634,1,44,0,13,2360,0,STEADY,212,4.24022,4.59156,0.360825,0.792453,0.20283,0,0,6,5,0,1,1,111,60,0,0,15,c79f418b,0
478,38,12,3,1,2100000478,1,1,0,611,1,0,12,12,2070,0,STEADY,204,4.69494,8.46986,0.556422,0.715686,0.284314,58,11,6,5,0,0,1,99,104,0,0,0,c79f418b,0
479,39,13,4,1,2100000479,0,2,1,1643,1,4,0,27,5640,0,STEADY,548,4.37672,4.99513,0.185684,0.182482,0.129562,356,63,1,10,0,8,8,104,110,0,102,191,c79f418b,0
479,39,13,4,1,2100000479,1,2,0,1326,1,0,52,22,4560,0,STEADY,442,5.74156,2.95059,0.246018,0.420814,0.199095,214,69,3,7,1,9,2,52,114,0,68,240,c79f418b,0
480,0,21,0,2,2100000480,0,0,0,1991,1,0,6,35,6380,0,STEADY,664,3.83927,5.39605,0.26991,0.228916,0.299699,40,10,0,23,0,1,11,118,113,0,0,0,c79f418b,0
480,0,21,0,2,2100000480,1,0,1,1304,1,23,0,25,4410,0,STEADY,435,4.52169,3.25658,0.237506,0.370115,0.409195,110,47,0,22,0,1,2,124,90,0,0,179,c79f418b,0
481,1,22,1,2,2100000481,0,1,1,1162,1,84,0,23,3820,0,STEADY,388,3.25357,2.03153,0.214562,0.621134,0.224227,0,0,3,18,0,2,0,175,52,0,94,172,c79f418b,0
481,1,22,1,2,2100000481,1,1,1,1809,1,42,0,34,5790,0,STEADY,603,3.03502,2.88849,0.115837,0.776119,0.079602,81,6,3,28,1,1,1,175,102,8,141,197,c79f418b,0
482,2,23,2,2,2100000482,0,2,1,208,1,94,0,5,1060,0,STEADY,70,7.72026,7.00174,0.576429,0.985714,0,0,0,3,2,0,0,0,105,0,0,0,0,c79f418b,0
482,2,23,2,2,2100000482,1,2,0,1053,1,0,55,18,3770,0,STEADY,351,3.96131,6.86133,0.187835,0.413105,0.541311,208,135,8,5,0,0,5,66,94,0,0,18,c79f418b,0
483,3,24,3,2,2100000483,0,3,0,1649,1,0,102,31,5390,0,STEADY,550,5.09329,3.68279,0.198764,0.403636,0.307273,172,48,27,0,0,2,2,23,106,0,15,428,c79f418b,0
483,3,24,3,2,2100000483,1,3,0,1646,1,0,101,31,5370,0,STEADY,549,4.76898,2.63243,0.144317,0.429872,0.306011,147,61,29,1,0,1,0,24,106,0,0,428,c79f418b,0
484,4,25,4,2,2100000484,0,0,0,1481,1,0,65,30,5190,0,STEADY,494,6.05692,2.96563,0.348421,0.67004,0.17004,69,23,0,27,0,2,1,39,136,13,0,210,c79f418b,0
484,4,25,4,2,2100000484,1,0,0,730,1,0,83,16,2730,0,STEADY,244,5.53178,3.00212,0.371451,0.692623,0.106557,100,21,1,13,0,2,0,21,149,26,0,36,c79f418b,0
485,5,26,5,2,2100000485,0,1,1,2320,1,3,0,40,7040,0,STEADY,774,3.17817,4.22625,0.199671,0.193798,0.23385,71,19,14,4,0,9,13,108,138,0,37,102,c79f418b,0
485,5,26,5,2,2100000485,1,1,1,1333,1,50,0,24,4080,0,STEADY,445,3.86362,2.71754,0.246011,0.489888,0.141573,14,0,12,5,1,6,0,108,91,0,48,206,c79f418b,0
486,6,27,0,2,2100000486,0,2,0,2468,1,0,69,44,8030,0,STEADY,823,5.47215,5.10725,0.193645,0.00607533,0.35723,124,28,28,0,1,0,15,76,131,0,0,92,c79f418b,0
486,6,27,0,2,2100000486,1,2,1,1044,1,53,0,19,3730,0,STEADY,348,6.11517,4.57394,0.22829,0.149425,0.502874,0,0,10,0,3,1,5,145,78,0,0,11,c79f418b,0
487,7,28,1,2,2100000487,0,3,0,700,1,0,17,15,2470,0,STEADY,234,4.36658,3.24162,0.289081,0.200855,0.17094,99,16,4,7,0,0,4,90,100,0,0,76,c79f418b,0
487,7,28,1,2,2100000487,1,3,0,226,1,0,89,6,1120,0,STEADY,76,5.79569,3.27838,0.579342,0.263158,0.302632,13,8,1,3,0,1,1,10,100,0,0,0,c79f418b,0
488,8,29,2,2,2100000488,0,0,1,2700,3,21,16,43,8910,0,STEADY,900,3.85815,3.37445,0.325383,0.315556,0.283333,178,41,10,12,2,11,8,86,95,0,10,354,c79f418b,0
488,8,29,2,2,2100000488,1,0,0,2700,3,44,57,44,9040,0,STEADY,900,3.31115,3.41492,0.376161,0.242222,0.212222,0,0,13,7,0,9,15,45,72,0,10,39,c79f418b,0
489,9,30,3,2,2100000489,0,1,0,2700,3,85,15,42,8620,0,STEADY,900,4.06695,6.57623,0.293628,0.0611111,0.45,0,0,10,4,2,0,26,107,208,144,0,71,c79f418b,0
489,9,30,3,2,2100000489,1,1,0,2612,2,51,107,41,8320,0,STEADY,871,3.49102,5.43354,0.237796,0.0597015,0.269805,199,25,13,5,0,0,23,18,247,149,0,55,c79f418b,0
490,10,31,4,2,2100000490,0,2,1,1290,1,85,0,24,4370,0,STEADY,430,5.63038,2.87435,0.17707,0.176744,0.413953,0,0,14,8,1,0,1,159,39,0,0,355,c79f418b,0
490,10,31,4,2,2100000490,1,2,1,1374,1,79,0,26,4680,0,STEADY,458,5.15233,4.80721,0.17583,0.242358,0.340611,0,0,17,8,1,0,0,159,45,0,0,0,c79f418b,0
491,11,32,5,2,2100000491,0,3,0,1594,1,0,33,26,5240,0,STEADY,532,4.24282,3.46901,0.240188,0.306391,0.165414,128,25,5,11,0,5,5,88,165,48,26,55,c79f418b,0
491,11,32,5,2,2100000491,1,3,1,1585,1,57,0,27,5120,0,STEADY,529,3.10668,3.42282,0.197713,0.234405,0.336484,0,0,8,9,0,6,4,121,120,60,40,41,c79f418b,0
492,12,33,0,2,2100000492,0,0,0,474,1,0,110,10,2010,0,STEADY,158,3.50367,3.23467,0.295538,0.151899,0.436709,74,33,1,1,4,1,3,42,111,0,0,45,c79f418b,0
492,12,33,0,2,2100000492,1,0,0,313,1,0,128,8,1580,0,STEADY,105,4.42272,2.94414,0.396714,0.238095,0.247619,29,8,1,1,3,0,3,24,111,0,0,0,c79f418b,0
493,13,34,1,2,2100000493,0,1,0,535,1,0,37,11,2080,0,STEADY,179,5.25622,4.61638,0.33986,0.709497,0.201117,69,30,7,1,3,0,0,103,104,0,0,0,c79f418b,0
493,13,34,1,2,2100000493,1,1,0,261,1,0,123,7,1450,0,STEADY,87,6.58347,5.97254,0.457931,0.551724,0.195402,21,15,4,0,2,1,0,17,104,0,0,0,c79f418b,0
494,14,35,2,2,2100000494,0,2,0,682,1,0,79,13,2520,0,STEADY,228,3.26463,7.4178,0.424649,0.0263158,0.00877193,116,0,0,1,0,3,9,22,113,0,24,16,c79f418b,0
494,14,35,2,2,2100000494,1,2,0,834,1,0,101,16,3040,0,STEADY,278,3.39548,5.9968,0.369964,0.028777,0.0467626,86,1,0,2,0,4,10,0,113,0,57,24,c79f418b,0
495,15,36,3,2,2100000495,0,3,0,782,2,118,93,13,2370,0,STEADY,261,8.62306,7.99793,0.342893,0.777778,0.187739,0,0,0,10,1,1,1,0,0,0,0,0,c79f418b,0
495,15,36,3,2,2100000495,1,3,0,781,2,118,93,14,2310,0,STEADY,261,6.33347,6.09399,0.3559,0.8659,0.0766284,0,0,4,8,1,1,0,0,0,0,0,0,c79f418b,0
496,16,37,4,2,2100000496,0,0,0,1481,1,0,34,25,5170,0,STEADY,494,5.33224,6.37826,0.146528,0.281377,0.564777,164,152,13,9,0,1,2,116,115,0,0,127,c79f418b,0
496,16,37,4,2,2100000496,1,0,0,932,1,0,97,16,3530,0,STEADY,311,5.5563,5.99471,0.169582,0.385852,0.215434,30,15,5,7,0,1,3,53,115,0,0,63,c79f418b,0
497,17,38,5,2,2100000497,0,1,0,1819,1,0,50,28,5820,0,STEADY,607,3.8035,7.67866,0.359176,0.166392,0.184514,189,59,0,2,1,7,18,54,133,30,0,0,c79f418b,0
497,17,38,5,2,2100000497,1,1,0,1251,1,0,76,20,3960,0,STEADY,417,3.36634,5.71975,0.331355,0.0719424,0.134293,176,31,1,1,0,2,16,28,116,6,0,0,c79f418b,0
498,18,39,0,2,2100000498,0,2,0,2432,1,0,71,40,6160,0,STEADY,811,4.85464,5.38524,0.150318,0.272503,0.541307,576,302,32,8,0,0,0,43,129,0,0,182,c79f418b,0
498,18,39,0,2,2100000498,1,2,0,2700,3,97,81,43,7030,0,STEADY,900,3.56787,4.7157,0.18371,0.141111,0.456667,0,0,31,12,0,0,0,33,32,0,0,65,c79f418b,0
499,19,0,1,2,2100000499,0,3,0,716,1,0,4,15,2580,0,STEADY,239,4.9504,2.3483,0.366004,0.485356,0.179916,58,15,14,0,0,1,0,105,132,0,14,115,c79f418b,0
499,19,0,1,2,2100000499,1,3,0,639,1,0,23,14,2440,0,STEADY,213,5.37886,2.35914,0.361268,0.502347,0.267606,65,33,12,0,0,2,0,90,132,0,22,133,c79f418b,0
500,20,1,2,2,2100000500,0,0,1,1169,1,65,0,20,4100,0,STEADY,390,4.78442,2.45289,0.220705,0.471795,0.348718,0,0,12,3,1,2,2,136,37,0,0,358,c79f418b,0
500,20,1,2,2,2100000500,1,0,1,1005,1,94,0,18,3600,0,STEADY,335,4.72551,2.36127,0.17797,0.435821,0.361194,0,0,13,3,0,1,1,136,8,0,0,423,c79f418b,0
501,21,2,3,2,2100000501,0,1,0,1448,1,0,34,27,4720,0,STEADY,483,4.07752,8.04365,0.233861,0.0227743,0.0952381,55,14,24,0,1,0,2,60,124,0,0,28,c79f418b,0
501,21,2,3,2,2100000501,1,1,0,1487,1,0,64,28,4810,0,STEADY,496,3.88641,6.63051,0.21369,0.0120968,0.0604839,371,24,25,1,1,0,1,30,124,0,0,7,c79f418b,0
502,22,3,4,2,2100000502,0,2,0,1499,1,0,2,24,5610,0,STEADY,500,3.58904,3.08014,0.162676,0.232,0.378,250,97,0,9,7,0,8,104,175,0,52,234,c79f418b,0
502,22,3,4,2,2100000502,1,2,0,2210,1,0,54,35,8170,0,STEADY,737,4.00621,4.78473,0.167369,0.284939,0.200814,273,25,0,13,11,0,11,52,175,0,50,128,c79f418b,0
503,23,4,5,2,2100000503,0,3,0,634,1,0,111,10,1800,0,STEADY,212,5.36603,2.41793,0.763632,0.372642,0.311321,82,7,0,8,1,0,1,12,107,2,0,151,c79f418b,0
503,23,4,5,2,2100000503,1,3,0,990,1,0,123,18,3310,0,STEADY,330,5.53257,3.49862,0.467515,0.309091,0.163636,140,37,0,11,1,0,6,0,105,0,0,140,c79f418b,0
504,24,5,0,2,2100000504,0,0,0,2609,1,0,88,42,8480,0,STEADY,870,4.28804,4.42089,0.16923,0.471264,0.363218,238,89,6,14,0,12,10,53,125,0,74,339,c79f418b,0
504,24,5,0,2,2100000504,1,0,0,1597,1,0,65,27,5600,0,STEADY,533,3.09124,6.32376,0.230619,0.302064,0.474672,231,136,3,10,1,6,7,76,125,0,38,0,c79f418b,0
505,25,6,1,2,2100000505,0,1,0,2092,1,0,103,37,6930,0,STEADY,698,4.77515,4.4973,0.21548,0.381089,0.302292,343,83,1,13,6,0,17,28,104,0,78,112,c79f418b,0
505,25,6,1,2,2100000505,1,1,0,1045,1,0,103,21,3440,0,STEADY,349,4.95482,4.49202,0.196619,0.862464,0.100287,128,30,5,12,3,0,1,28,104,0,32,0,c79f418b,0
506,26,7,2,2,2100000506,0,2,1,1085,1,24,0,21,3820,0,STEADY,362,3.23204,3.59859,0.166657,0.132597,0.596685,61,41,1,10,0,0,10,100,84,0,0,39,c79f418b,0
506,26,7,2,2,2100000506,1,2,1,1137,1,26,0,23,3870,0,STEADY,379,3.21035,3.76755,0.146359,0.137203,0.662269,61,44,5,11,0,0,7,100,82,0,0,67,c79f418b,0
507,27,8,3,2,2100000507,0,3,1,707,1,106,0,13,2310,0,STEADY,236,6.09861,5.12648,0.419364,0.483051,0.0550847,0,0,11,1,0,0,1,116,39,0,0,0,c79f418b,0
507,27,8,3,2,2100000507,1,3,1,598,1,31,0,11,2110,0,STEADY,200,5.08549,3.64446,0.4215,0.51,0.08,14,0,7,3,0,0,1,116,114,0,0,0,c79f418b,0
508,28,9,4,2,2100000508,0,0,0,2189,1,0,149,35,7180,0,STEADY,730,4.82431,7.7215,0.242678,0.50137,0.421918,125,28,12,10,0,0,13,0,111,0,0,0,c79f418b,0
508,28,9,4,2,2100000508,1,0,0,2700,3,18,38,43,8690,0,STEADY,900,4.3013,4.41711,0.160422,0.636667,0.326667,26,13,17,22,1,0,3,191,93,0,0,99,c79f418b,0
509,29,10,5,2,2100000509,0,1,0,866,1,0,77,13,2760,0,STEADY,289,5.21281,5.97215,0.405865,0.32526,0.224913,175,61,1,3,6,0,3,47,102,0,66,0,c79f418b,0
509,29,10,5,2,2100000509,1,1,0,1764,1,0,93,27,5480,0,STEADY,588,4.52352,5.17051,0.257662,0.360544,0.0969388,396,46,5,5,12,0,5,31,102,0,100,0,c79f418b,0
510,30,11,0,2,2100000510,0,2,0,2700,3,50,89,67,6860,0,STEADY,900,4.67454,4.72368,0.14605,0.07,0.502222,0,0,63,3,0,0,1,160,75,0,0,127,c79f418b,0
510,30,11,0,2,2100000510,1,2,0,2021,1,0,76,48,5470,0,STEADY,674,5.23421,5.2,0.166467,0.11276,0.627596,432,275,42,4,0,1,1,109,125,0,18,222,c79f418b,0
511,31,12,1,2,2100000511,0,3,1,899,1,30,0,18,3160,0,STEADY,300,4.93534,4.86086,0.214883,0.84,0.0966667,34,10,2,14,2,0,0,111,120,18,0,0,c79f418b,0
511,31,12,1,2,2100000511,1,3,0,794,1,0,90,16,2750,0,STEADY,265,5.29028,7.17926,0.209736,0.603774,0.343396,88,43,2,12,1,0,1,21,141,9,0,0,c79f418b,0
512,32,13,2,2,2100000512,0,0,1,923,1,8,0,17,3380,0,STEADY,308,5.69091,4.3544,0.225925,0.149351,0.214286,156,22,9,0,4,1,3,104,113,0,0,152,c79f418b,0
512,32,13,2,2,2100000512,1,0,0,652,1,0,24,12,2430,0,STEADY,218,5.63774,4.66166,0.266514,0.146789,0.151376,97,8,6,0,3,1,2,80,121,0,0,119,c79f418b,0
513,33,14,3,2,2100000513,0,1,1,895,1,46,0,18,3040,0,STEADY,299,3.24882,2.70117,0.275702,0.113712,0.551839,20,16,12,1,3,0,2,113,106,0,0,58,c79f418b,0
513,33,14,3,2,2100000513,1,1,0,1189,1,0,24,24,3880,0,STEADY,397,3.16113,3.67663,0.201234,0.0680101,0.612091,63,63,16,1,6,0,1,89,152,0,0,107,c79f418b,0
514,34,15,4,2,2100000514,0,2,1,955,1,72,0,19,3330,0,STEADY,319,5.63057,3.6086,0.215078,0.598746,0.30094,0,0,2,15,2,0,0,118,68,0,0,114,c79f418b,0
514,34,15,4,2,2100000514,1,2,1,1833,1,20,0,34,5930,0,STEADY,611,5.68648,3.40269,0.145998,0.648118,0.209493,304,73,1,31,2,0,0,118,120,0,0,67,c79f418b,0
515,35,16,5,2,2100000515,0,3,0,845,1,0,45,16,2810,0,STEADY,282,4.50169,2.57717,0.347589,0.12766,0.347518,39,28,13,0,0,2,1,70,110,9,20,115,c79f418b,0
515,35,16,5,2,2100000515,1,3,0,1004,1,0,35,19,3080,0,STEADY,335,4.87684,2.03901,0.277313,0.119403,0.337313,27,14,8,6,0,2,3,80,118,17,10,251,c79f418b,0
516,36,17,0,2,2100000516,0,0,0,1300,1,0,3,24,4490,0,STEADY,434,4.19428,3.72514,0.16356,0.262673,0.529954,44,23,5,17,0,0,2,105,93,0,0,257,c79f418b,0
516,36,17,0,2,2100000516,1,0,0,1906,1,0,3,33,6320,0,STEADY,636,4.26644,5.1918,0.163836,0.226415,0.394654,10,10,8,20,0,3,2,96,93,0,13,74,c79f418b,0
517,37,18,1,2,2100000517,0,1,0,1238,1,0,4,23,4180,0,STEADY,413,3.75623,2.32007,0.190932,0.0702179,0.493947,90,76,19,1,2,0,1,125,150,0,0,211,c79f418b,0
517,37,18,1,2,2100000517,1,1,0,1070,1,0,57,19,3670,0,STEADY,357,4.03261,3.35991,0.225252,0.123249,0.478992,243,143,13,2,3,0,1,72,150,0,0,207,c79f418b,0
518,38,19,2,2,2100000518,0,2,0,806,1,0,72,15,2760,0,STEADY,269,6.47092,5.24612,0.301822,0.594796,0.223048,91,36,8,3,0,1,3,60,104,0,0,0,c79f418b,0
518,38,19,2,2,2100000518,1,2,0,1672,1,0,132,30,5430,0,STEADY,558,6.14928,3.94621,0.37457,0.517921,0.33871,389,167,16,3,0,0,11,0,104,0,0,222,c79f418b,0
519,39,20,3,2,2100000519,0,3,0,1548,1,0,83,26,4960,0,STEADY,516,4.18325,3.04142,0.343973,0.228682,0.124031,241,39,5,6,0,4,11,15,114,0,46,73,c79f418b,0
519,39,20,3,2,2100000519,1,3,0,721,1,0,102,12,2640,0,STEADY,241,5.35109,3.69494,0.376701,0.344398,0.103734,67,18,0,5,0,6,1,0,114,0,34,13,c79f418b,0
520,0,28,5,2,2100000520,0,1,0,406,1,0,44,7,1350,0,STEADY,136,7.0354,4.34659,0.610074,0.323529,0.169118,39,13,0,4,0,1,2,67,113,0,0,0,c79f418b,0
520,0,28,5,2,2100000520,1,1,0,728,1,0,64,13,2460,0,STEADY,243,5.25995,4.58464,0.402119,0.222222,0.176955,136,30,0,7,0,1,5,47,113,0,0,0,c79f418b,0
521,1,29,0,2,2100000521,0,2,0,1778,2,131,91,33,5530,0,STEADY,593,4.72371,4.09098,0.183954,0.642496,0.172007,0,0,4,25,0,3,1,11,5,0,111,32,c79f418b,0
521,1,29,0,2,2100000521,1,2,0,2700,3,85,58,49,8540,0,STEADY,900,4.00086,3.59545,0.169461,0.563333,0.195556,0,0,0,42,0,4,3,44,51,0,45,96,c79f418b,0
522,2,30,1,2,2100000522,0,3,1,208,1,36,0,5,1060,0,STEADY,70,9.39307,6.78324,0.576429,0.9,0,5,0,3,2,0,0,0,125,58,0,0,0,c79f418b,0
522,2,30,1,2,2100000522,1,3,0,249,1,0,52,6,1230,0,STEADY,83,8.82155,6.5665,0.527229,0.831325,0,18,0,3,3,0,0,0,73,94,0,0,0,c79f418b,0
523,3,31,2,2,2100000523,0,0,0,1164,1,0,23,23,3970,0,STEADY,388,4.05787,2.90459,0.158518,0.376289,0.322165,63,34,21,0,0,1,1,118,106,0,6,150,c79f418b,0
523,3,31,2,2,2100000523,1,0,0,600,1,0,36,13,2310,0,STEADY,200,4.3483,2.15902,0.237925,0.37,0.405,57,23,11,1,0,1,0,96,106,0,15,52,c79f418b,0
524,4,32,3,2,2100000524,0,1,0,938,1,0,107,17,3200,0,STEADY,313,5.87401,5.35419,0.405125,0.415335,0.118211,90,24,0,9,1,2,5,14,136,13,0,0,c79f418b,0
524,4,32,3,2,2100000524,1,1,0,1016,1,0,96,18,3310,0,STEADY,339,5.76565,6.15528,0.358183,0.424779,0.0973451,125,7,0,12,1,1,4,25,123,0,0,0,c79f418b,0
525,5,33,4,2,2100000525,0,2,0,2043,2,14,131,39,6480,0,STEADY,681,4.06738,3.91716,0.15036,0.525698,0.171806,154,0,20,7,0,8,4,21,127,0,15,251,c79f418b,0
525,5,33,4,2,2100000525,1,2,0,1899,2,51,134,35,6120,0,STEADY,633,3.75048,3.37784,0.154297,0.320695,0.180095,20,4,13,3,1,9,9,18,90,0,25,396,c79f418b,0
526,6,34,5,2,2100000526,0,3,0,864,1,0,48,16,2930,0,STEADY,288,5.18304,4.23477,0.323003,0.0659722,0.354167,73,53,12,0,1,1,2,92,131,0,0,97,c79f418b,0
526,6,34,5,2,2100000526,1,3,0,1303,1,0,112,23,4090,0,STEADY,435,6.60421,3.94559,0.216218,0.0965517,0.533333,141,70,20,0,1,1,1,28,131,0,0,50,c79f418b,0
527,7,35,0,2,2100000527,0,0,0,779,1,0,61,16,2700,0,STEADY,260,3.95653,1.96485,0.25975,0.330769,0.330769,80,35,1,14,0,0,1,40,100,0,0,118,c79f418b,0
527,7,35,0,2,2100000527,1,0,0,2372,1,0,91,44,7460,0,STEADY,791,3.6107,4.21722,0.281593,0.217446,0.171934,39,25,4,37,0,1,2,10,100,0,0,59,c79f418b,0
528,8,36,1,2,2100000528,0,1,0,1715,1,0,72,29,5880,0,STEADY,572,4.14804,4.40237,0.345918,0.201049,0.332168,110,29,2,9,0,2,16,21,116,0,50,144,c79f418b,0
528,8,36,1,2,2100000528,1,1,0,2189,1,0,69,36,7220,0,STEADY,730,3.69222,6.92614,0.295438,0.234247,0.363014,119,19,4,14,0,2,16,24,116,0,130,17,c79f418b,0
529,9,37,2,2,2100000529,0,2,0,2700,3,149,86,47,8760,0,STEADY,900,3.55475,2.88266,0.177056,0.00666667,0.35,0,0,6,11,0,0,30,64,138,138,0,216,c79f418b,0
529,9,37,2,2,2100000529,1,2,0,2700,3,149,127,46,8600,0,STEADY,900,3.68754,7.01506,0.175122,0.0377778,0.364444,0,0,3,9,0,0,34,23,138,138,0,51,c79f418b,0
530,10,38,3,2,2100000530,0,3,1,615,1,33,0,12,2270,0,STEADY,205,5.97717,3.84028,0.314244,0.17561,0.278049,26,20,5,5,1,0,1,104,91,0,0,55,c79f418b,0
530,10,38,3,2,2100000530,1,3,0,886,1,0,2,17,3070,0,STEADY,296,5.14125,3.31813,0.246402,0.158784,0.341216,104,66,12,4,1,0,0,102,124,0,0,0,c79f418b,0
531,11,39,4,2,2100000531,0,0,1,2305,1,12,0,39,7640,0,STEADY,769,4.36719,3.44398,0.174109,0.386216,0.3329,32,16,10,16,0,8,5,114,185,80,20,238,c79f418b,0
531,11,39,4,2,2100000531,1,0,0,2324,2,72,95,38,7840,0,STEADY,775,4.97273,6.37134,0.156555,0.378065,0.277419,0,0,6,18,0,9,5,19,125,80,10,0,c79f418b,0
532,12,0,5,2,2100000532,0,1,0,1390,1,0,44,22,4500,0,STEADY,464,3.60262,5.70292,0.297856,0.217672,0.0862069,133,1,2,3,9,2,6,69,111,0,0,0,c79f418b,0
532,12,0,5,2,2100000532,1,1,0,1783,1,0,41,29,5980,0,STEADY,595,3.76043,6.61963,0.294235,0.294118,0.146218,49,11,1,4,14,1,9,72,111,0,0,4,c79f418b,0
533,13,1,0,2,2100000533,0,2,1,915,1,71,0,17,3270,0,STEADY,305,5.28656,5.80567,0.248492,0.534426,0.334426,0,0,11,0,5,0,1,136,33,0,0,0,c79f418b,0
533,13,1,0,2,2100000533,1,2,0,1099,1,0,76,20,3910,0,STEADY,367,4.93839,4.98496,0.188093,0.46049,0.376022,43,4,11,0,6,0,3,60,104,0,0,50,c79f418b,0
534,14,2,1,2,2100000534,0,3,0,2134,1,0,72,40,6720,0,STEADY,712,2.17609,2.19443,0.340751,0.0351124,0.144663,1,0,1,15,0,13,11,22,113,0,42,12,c79f418b,0
534,14,2,1,2,2100000534,1,3,0,417,1,0,33,10,1600,0,STEADY,139,3.58126,3.65883,0.348022,0.115108,0.266187,21,4,2,3,0,2,3,61,113,0,17,19,c79f418b,0
535,15,3,2,2,2100000535,0,0,0,790,1,0,78,16,2820,0,STEADY,264,4.0302,5.60536,0.305265,0.443182,0.386364,79,38,1,10,0,2,3,28,118,0,31,0,c79f418b,0
535,15,3,2,2,2100000535,1,0,0,980,1,0,76,19,3490,0,STEADY,327,3.68447,3.15975,0.188486,0.388379,0.443425,162,94,1,10,1,3,4,30,118,0,72,110,c79f418b,0
536,16,4,3,2,2100000536,0,1,0,2541,2,16,52,41,8620,0,STEADY,847,5.58542,3.76311,0.204882,0.305785,0.357733,280,129,18,19,0,1,3,123,99,0,0,406,c79f418b,0
536,16,4,3,2,2100000536,1,1,1,2181,1,26,0,37,7370,0,STEADY,727,4.61162,3.15772,0.142105,0.209078,0.415406,267,166,21,10,0,1,5,188,89,0,0,102,c79f418b,0
537,17,5,4,2,2100000537,0,2,1,2700,3,100,93,37,7700,0,STEADY,900,4.25165,4.35125,0.519272,0.225556,0.365556,0,0,1,6,0,9,21,48,10,30,0,243,c79f418b,0
537,17,5,4,2,2100000537,1,2,1,1447,1,26,0,23,4880,0,STEADY,483,3.65555,6.85304,0.42352,0.343685,0.322981,0,0,1,5,0,10,7,141,102,42,0,79,c79f418b,0
538,18,6,5,2,2100000538,0,3,0,805,2,77,107,15,2550,0,STEADY,269,5.65456,3.98158,0.374178,0.754647,0.0892193,0,0,10,5,0,0,0,24,52,0,0,0,c79f418b,0
538,18,6,5,2,2100000538,1,3,0,1067,1,0,93,19,3090,0,STEADY,356,4.67374,3.81645,0.275694,0.33427,0.109551,69,15,13,4,0,0,2,38,129,0,0,25,c79f418b,0
539,19,7,0,2,2100000539,0,0,0,1109,1,0,25,22,3860,0,STEADY,370,2.89065,4.9911,0.169081,0.305405,0.581081,95,66,18,0,0,1,3,75,132,0,10,0,c79f418b,0
539,19,7,0,2,2100000539,1,0,0,626,1,0,55,14,2510,0,STEADY,209,3.19259,6.5963,0.202081,0.37799,0.54067,113,68,12,0,1,1,0,45,132,0,10,0,c79f418b,0
540,20,8,1,2,2100000540,0,1,0,697,1,0,4,13,2650,0,STEADY,233,4.36269,3.61914,0.29103,0.549356,0.27897,40,10,7,2,0,1,3,112,102,0,0,93,c79f418b,0
540,20,8,1,2,2100000540,1,1,0,867,1,0,105,17,3240,0,STEADY,289,5.81479,5.0913,0.174792,0.602076,0.249135,20,7,12,1,1,3,0,11,102,0,38,0,c79f418b,0
541,21,9,2,2,2100000541,0,2,0,2500,1,0,109,46,7870,0,STEADY,834,3.45182,2.10546,0.309688,0.0155875,0.278177,94,40,43,1,1,0,1,148,124,0,0,170,c79f418b,0
541,21,9,2,2,2100000541,1,2,0,2617,1,0,149,47,8450,0,STEADY,873,3.31371,4.52755,0.386231,0.0091638,0.168385,326,98,33,0,1,0,13,73,124,0,0,35,c79f418b,0
542,22,10,3,2,2100000542,0,3,0,1101,1,0,98,17,4120,0,STEADY,367,3.70909,2.27053,0.229837,0.381471,0.0599455,84,5,0,8,5,0,4,26,175,0,58,0,c79f418b,0
542,22,10,3,2,2100000542,1,3,0,1070,1,0,72,16,3850,0,STEADY,357,3.87171,2.07288,0.207305,0.296919,0.193277,157,27,1,7,4,0,4,52,175,0,50,0,c79f418b,0
543,23,11,4,2,2100000543,0,0,0,2515,1,0,93,46,7920,0,STEADY,839,3.60007,4.61859,0.164905,0.365912,0.144219,30,10,0,44,1,0,1,48,113,8,0,115,c79f418b,0
543,23,11,4,2,2100000543,1,0,0,2700,3,39,88,49,8380,0,STEADY,900,3.56271,3.99953,0.133211,0.347778,0.165556,7,7,1,46,1,0,1,101,81,15,0,82,c79f418b,0
544,24,12,5,2,2100000544,0,1,1,469,1,44,0,8,1600,0,STEADY,157,4.68255,3.292,0.552643,0.56051,0.0636943,14,5,2,3,1,2,0,111,81,0,40,0,c79f418b,0
544,24,12,5,2,2100000544,1,1,0,1109,1,0,94,18,3640,0,STEADY,370,3.82952,5.9538,0.350365,0.297297,0.472973,177,111,2,5,0,5,6,17,125,0,80,0,c79f418b,0
545,25,13,0,2,2100000545,0,2,0,504,1,0,13,11,1910,0,STEADY,168,5.92381,2.80027,0.389911,0.392857,0.142857,81,19,1,7,2,0,1,91,104,0,24,167,c79f418b,0
545,25,13,0,2,2100000545,1,2,0,556,1,0,48,12,2100,0,STEADY,186,5.77014,2.59579,0.343306,0.61828,0.112903,38,0,0,10,2,0,0,56,104,0,48,120,c79f418b,0
546,26,14,1,2,2100000546,0,3,0,2331,1,0,13,42,7350,0,STEADY,777,2.77968,2.77521,0.142149,0.181467,0.3861,205,63,3,27,0,0,12,100,108,0,0,73,c79f418b,0
546,26,14,1,2,2100000546,1,3,0,1134,1,0,16,23,3820,0,STEADY,378,3.14992,3.09875,0.187632,0.26455,0.460317,39,23,3,18,0,0,2,97,108,0,0,28,c79f418b,0
547,27,15,2,2,2100000547,0,0,1,726,1,105,0,15,2690,0,STEADY,242,4.11095,3.02608,0.30405,0.61157,0.289256,0,0,13,2,0,0,0,118,40,0,0,106,c79f418b,0
547,27,15,2,2,2100000547,1,0,1,1044,1,61,0,20,3640,0,STEADY,348,3.8461,3.43004,0.210503,0.514368,0.367816,0,0,17,2,1,0,0,118,84,0,0,0,c79f418b,0
548,28,16,3,2,2100000548,0,1,0,1018,2,50,68,13,2660,0,STEADY,340,9.52171,9.2353,0.484206,0.564706,0.291176,0,0,6,6,0,0,1,47,61,0,0,0,c79f418b,0
548,28,16,3,2,2100000548,1,1,0,1045,2,85,115,15,3240,0,STEADY,349,10.0151,9.55254,0.526734,0.593123,0.212034,0,0,9,4,0,0,2,0,26,0,0,0,c79f418b,0
549,29,17,4,2,2100000549,0,2,0,979,1,0,15,17,3520,0,STEADY,327,3.43369,4.19355,0.241254,0.345566,0.480122,12,0,2,5,7,0,3,106,102,0,75,88,c79f418b,0
549,29,17,4,2,2100000549,1,2,0,1231,1,0,79,21,4200,0,STEADY,411,3.67309,5.46801,0.198881,0.313869,0.545012,224,137,4,3,8,0,6,55,102,0,25,0,c79f418b,0
550,30,18,5,2,2100000550,0,3,0,858,1,0,90,20,2520,0,STEADY,286,5.63415,3.23301,0.344668,0.164336,0.178322,65,8,17,3,0,0,0,39,125,0,0,39,c79f418b,0
550,30,18,5,2,2100000550,1,3,1,1256,1,17,0,31,3620,0,STEADY,419,4.59936,2.93002,0.221088,0.131265,0.436754,220,138,27,3,0,0,1,129,108,0,0,78,c79f418b,0
551,31,19,0,2,2100000551,0,0,0,2011,1,0,87,35,6240,0,STEADY,671,6.73065,9.05475,0.242466,0.515648,0.28465,101,25,3,22,2,0,8,45,150,18,0,159,c79f418b,0
551,31,19,0,2,2100000551,1,0,0,807,1,0,21,15,2750,0,STEADY,269,5.14181,2.50616,0.27974,0.63197,0.178439,98,16,0,13,2,0,0,111,146,14,0,207,c79f418b,0
552,32,20,1,2,2100000552,0,1,1,1544,1,51,0,28,5230,0,STEADY,515,5.70579,5.76623,0.165417,0.0757282,0.866019,0,0,21,0,2,2,3,94,70,0,0,175,c79f418b,0
552,32,20,1,2,2100000552,1,1,1,626,1,76,0,12,2300,0,STEADY,209,6.11623,5.45475,0.292703,0.110048,0.784689,0,0,9,0,2,1,0,90,45,0,0,52,c79f418b,0
553,33,21,2,2,2100000553,0,2,0,1447,1,0,96,28,4800,0,STEADY,483,3.78088,3.05495,0.183696,0.0455487,0.0538302,109,8,24,2,2,0,0,28,152,0,0,200,c79f418b,0
553,33,21,2,2,2100000553,1,2,0,2137,1,0,46,40,6720,0,STEADY,713,3.39505,4.91369,0.147882,0.00280505,0.0462833,99,6,32,0,4,0,4,78,152,0,0,27,c79f418b,0
554,34,22,3,2,2100000554,0,3,1,1590,1,38,0,28,4790,0,STEADY,530,4.19354,2.87323,0.229538,0.598113,0.0830189,31,0,2,24,1,0,1,175,102,0,0,0,c79f418b,0
554,34,22,3,2,2100000554,1,3,1,1671,1,10,0,31,5150,0,STEADY,557,4.10352,2.32173,0.201194,0.667864,0.145422,152,55,5,24,1,0,1,175,130,0,0,25,c79f418b,0
555,35,23,4,2,2100000555,0,0,0,1363,1,0,80,26,4540,0,STEADY,455,3.42249,5.08656,0.130341,0.032967,0.602198,59,42,22,0,0,1,3,42,101,0,7,30,c79f418b,0
555,35,23,4,2,2100000555,1,0,0,1671,1,0,52,32,5410,0,STEADY,557,3.97647,6.11155,0.115763,0.0179533,0.630162,92,44,25,3,0,1,3,70,101,0,0,81,c79f418b,0
556,36,24,5,2,2100000556,0,1,0,1073,1,0,89,15,2780,0,STEADY,358,5.66306,2.39098,0.622235,0.424581,0.192737,33,7,2,10,0,0,3,36,93,0,0,271,c79f418b,0
556,36,24,5,2,2100000556,1,1,0,968,1,0,113,17,3200,0,STEADY,323,6.16764,2.81797,0.295635,0.47678,0.229102,56,11,4,12,0,1,0,12,93,0,13,210,c79f418b,0
557,37,25,0,2,2100000557,0,2,1,2117,1,7,0,38,6830,0,STEADY,706,4.05562,6.03013,0.179412,0.117564,0.541076,165,63,27,0,1,0,10,104,143,0,0,236,c79f418b,0
557,37,25,0,2,2100000557,1,2,0,941,1,0,43,18,3330,0,STEADY,314,3.75687,2.51842,0.230876,0.0796178,0.531847,145,96,15,2,1,0,0,61,150,0,0,118,c79f418b,0
558,38,26,1,2,2100000558,0,3,1,425,1,46,0,10,1820,0,STEADY,142,6.10685,5.65176,0.425211,0.978873,0.0140845,0,0,5,4,0,1,0,108,58,0,0,0,c79f418b,0
558,38,26,1,2,2100000558,1,3,0,983,1,0,49,19,3440,0,STEADY,328,5.48881,6.48965,0.28404,0.685976,0.109756,74,0,11,4,0,1,3,59,104,0,0,0,c79f418b,0
559,39,27,2,2,2100000559,0,0,0,1382,1,0,75,24,4720,0,STEADY,461,4.31181,5.19921,0.201963,0.180043,0.127983,144,10,4,6,0,6,8,70,114,0,51,55,c79f418b,0
559,39,27,2,2,2100000559,1,0,0,1214,1,0,109,22,4080,0,STEADY,405,4.28317,3.30309,0.179704,0.145679,0.291358,111,48,5,3,0,2,12,36,114,0,30,192,c79f418b,0
560,0,35,4,2,2100000560,0,2,0,2684,1,0,59,47,8450,0,STEADY,895,4.15805,4.67551,0.220179,0.226816,0.205587,83,11,3,26,0,1,17,69,113,0,0,111,c79f418b,0
560,0,35,4,2,2100000560,1,2,0,2700,3,39,90,47,8610,0,STEADY,900,4.22149,5.66292,0.264544,0.221111,0.348889,125,28,1,26,0,1,19,50,74,0,0,123,c79f418b,0
561,1,36,5,2,2100000561,0,3,1,586,1,69,0,11,1780,0,STEADY,196,5.15461,4.24436,0.467959,0.510204,0.0153061,0,0,3,6,0,1,1,93,67,0,28,0,c79f418b,0
561,1,36,5,2,2100000561,1,3,0,1171,2,130,93,21,3550,0,STEADY,391,5.41088,3.18692,0.280639,0.675192,0.0690537,0,0,3,16,1,1,0,0,6,0,76,15,c79f418b,0
562,2,37,0,2,2100000562,0,0,0,977,1,0,17,16,3430,0,STEADY,326,4.94033,8.01085,0.225813,0.496933,0.429448,227,138,8,3,0,0,5,133,94,0,0,0,c79f418b,0
562,2,37,0,2,2100000562,1,0,0,722,1,0,1,13,2650,0,STEADY,241,4.92497,7.67545,0.244813,0.481328,0.311203,164,75,5,5,0,0,3,149,94,0,0,0,c79f418b,0
563,3,38,1,2,2100000563,0,1,0,437,1,0,69,10,1790,0,STEADY,146,5.40543,3.35973,0.295068,0.349315,0.130137,42,8,7,0,0,1,2,35,106,0,15,6,c79f418b,0
563,3,38,1,2,2100000563,1,1,0,744,1,0,56,16,2810,0,STEADY,248,4.94636,3.1531,0.196734,0.278226,0.0685484,113,15,13,0,0,1,2,48,106,0,15,123,c79f418b,0
564,4,39,2,2,2100000564,0,2,1,2032,1,101,0,41,7060,0,STEADY,678,4.14758,3.21704,0.311844,0.587021,0.365782,0,0,0,38,0,2,1,114,48,26,0,105,c79f418b,0
564,4,39,2,2,2100000564,1,2,0,2700,3,16,38,53,9200,0,STEADY,900,4.44984,5.42754,0.311756,0.464444,0.288889,29,13,0,49,1,1,2,76,120,13,0,0,c79f418b,0
565,5,0,3,2,2100000565,0,3,0.5,781,1,0,0,16,2720,0,STEADY,261,3.63271,2.45634,0.277414,0.56705,0.0842912,64,0,8,3,1,3,1,113,141,0,51,0,c79f418b,0
565,5,0,3,2,2100000565,1,3,0,970,1,0,34,19,3160,0,STEADY,324,3.38606,2.43332,0.205802,0.583333,0.0925926,36,0,10,4,0,4,1,75,141,0,28,3,c79f418b,0
566,6,1,4,2,2100000566,0,0,1,2573,1,69,0,45,8320,0,STEADY,858,5.43046,5.32661,0.223805,0.131702,0.448718,0,0,35,0,5,1,4,136,62,0,0,88,c79f418b,0
566,6,1,4,2,2100000566,1,0,0,2004,2,79,82,36,6530,0,STEADY,668,5.21493,4.42804,0.178054,0.0868263,0.467066,0,0,30,0,3,1,2,60,52,0,0,224,c79f418b,0
567,7,2,5,2,2100000567,0,1,0,971,1,0,44,20,3100,0,STEADY,324,3.85182,6.22835,0.257716,0.216049,0,59,0,6,14,0,0,0,50,100,0,0,37,c79f418b,0
567,7,2,5,2,2100000567,1,1,0,639,1,0,54,14,2150,0,STEADY,213,4.14049,6.30799,0.276737,0.15493,0.0985915,94,1,7,6,0,1,0,40,100,0,0,45,c79f418b,0
568,8,3,0,2,2100000568,0,2,1,1085,1,18,0,20,3820,0,STEADY,362,4.32835,3.52147,0.294475,0.201657,0.48895,143,118,8,3,1,2,6,97,98,0,10,196,c79f418b,0
568,8,3,0,2,2100000568,1,2,1,1197,1,47,0,21,4150,0,STEADY,399,4.56121,6.88128,0.327381,0.185464,0.669173,0,0,4,7,0,1,9,106,69,0,30,89,c79f418b,0
569,9,4,1,2,2100000569,0,3,0,1830,1,0,3,34,5760,0,STEADY,610,3.82598,3.28213,0.217131,0.0508197,0.381967,194,62,2,14,0,0,18,133,256,107,0,0,c79f418b,0
569,9,4,1,2,2100000569,1,3,1,1123,1,63,0,21,3910,0,STEADY,375,3.82434,3.3916,0.205387,0.109333,0.442667,0,0,5,7,1,0,8,136,156,70,0,0,c79f418b,0
570,10,5,2,2,2100000570,0,0,1,1985,1,114,0,36,6520,0,STEADY,662,4.42339,3.86961,0.119335,0.120846,0.478852,0,0,22,11,1,1,1,141,10,0,0,223,c79f418b,0
570,10,5,2,2,2100000570,1,0,0,2700,3,83,5,49,8670,0,STEADY,900,4.43598,4.43385,0.1023,0.122222,0.55,0,0,36,12,1,0,0,136,41,0,0,181,c79f418b,0
571,11,6,3,2,2100000571,0,1,0,2700,3,31,60,44,8760,0,STEADY,900,4.09853,3.31411,0.157472,0.412222,0.267778,41,7,9,17,0,9,9,71,186,100,48,181,c79f418b,0
571,11,6,3,2,2100000571,1,1,0,2700,3,74,95,43,8800,0,STEADY,900,4.27538,3.68256,0.183478,0.3,0.236667,0,0,5,15,0,9,14,36,109,66,42,233,c79f418b,0
572,12,7,4,2,2100000572,0,2,0,620,1,0,76,13,2370,0,STEADY,207,3.66196,3.13646,0.215386,0.328502,0.454106,115,76,4,1,4,1,3,24,111,0,0,80,c79f418b,0
572,12,7,4,2,2100000572,1,2,1,982,1,41,0,19,3510,0,STEADY,328,3.6916,2.7279,0.193582,0.338415,0.167683,16,16,5,2,7,0,5,100,70,0,0,193,c79f418b,0
573,13,8,5,2,2100000573,0,3,0,1087,2,41,116,16,2930,0,STEADY,363,6.37859,4.11078,0.414284,0.85124,0.0275482,3,0,12,1,3,0,0,0,63,0,0,0,c79f418b,0
573,13,8,5,2,2100000573,1,3,0,1270,1,0,65,20,3870,0,STEADY,424,6.42085,3.20543,0.420071,0.563679,0.150943,113,16,14,0,5,1,0,51,104,0,0,190,c79f418b,0
574,14,9,0,2,2100000574,0,0,0,601,1,0,139,13,2360,0,STEADY,201,2.66124,8.25832,0.289328,0.039801,0.079602,45,7,0,3,0,2,8,22,113,0,17,0,c79f418b,0
574,14,9,0,2,2100000574,1,0,0,1439,1,0,129,26,4800,0,STEADY,480,2.33887,6.76366,0.307885,0.03125,0.0895833,96,6,0,5,0,7,14,22,113,0,30,44,c79f418b,0
575,15,10,1,2,2100000575,0,1,0,1005,1,0,84,19,3480,0,STEADY,335,4.80674,2.79466,0.192224,0.647761,0.0567164,39,6,0,13,1,3,2,40,127,9,54,132,c79f418b,0
575,15,10,1,2,2100000575,1,1,0,438,1,0,124,10,1860,0,STEADY,146,5.26519,4.23716,0.339623,0.863014,0.0136986,43,2,0,7,1,2,0,0,118,0,24,0,c79f418b,0
576,16,11,2,2,2100000576,0,2,0,2700,3,81,85,40,9260,0,STEADY,900,3.98523,6.02959,0.197872,0.293333,0.406667,0,0,10,24,0,3,3,77,34,0,0,59,c79f418b,0
576,16,11,2,2,2100000576,1,2,0,2700,3,42,117,41,9380,0,STEADY,900,3.89293,4.15769,0.172983,0.263333,0.447778,270,94,10,27,0,2,2,78,73,0,0,65,c79f418b,0
577,17,12,3,2,2100000577,0,3,0,532,1,0,11,10,1900,0,STEADY,178,4.19516,4.28363,0.559382,0.337079,0.241573,4,0,2,2,1,3,2,100,101,6,0,0,c79f418b,0
577,17,12,3,2,2100000577,1,3,0,517,1,0,54,10,2000,0,STEADY,173,3.94734,4.10028,0.435578,0.317919,0.254335,82,34,1,1,0,4,4,57,122,12,0,0,c79f418b,0
578,18,13,4,2,2100000578,0,0,1,443,1,57,0,11,2030,0,STEADY,148,6.84327,2.77144,0.480068,0.358108,0.236486,0,0,6,5,0,0,0,104,72,0,0,125,c79f418b,0
578,18,13,4,2,2100000578,1,0,1,636,1,46,0,14,2420,0,STEADY,212,6.18862,2.56531,0.345363,0.353774,0.287736,97,35,9,5,0,0,0,104,83,0,0,167,c79f418b,0
579,19,14,5,2,2100000579,0,1,0,664,1,0,92,12,2100,0,STEADY,222,4.18206,5.67033,0.356306,0.405405,0.387387,47,29,10,0,0,1,1,21,132,0,0,0,c79f418b,0
579,19,14,5,2,2100000579,1,1,0,523,1,0,62,9,1730,0,STEADY,175,4.13894,4.83752,0.443714,0.388571,0.297143,31,16,6,1,1,1,0,51,132,0,22,0,c79f418b,0
580,20,15,0,2,2100000580,0,2,1,907,1,78,0,16,3420,0,STEADY,303,5.14366,3.07387,0.274571,0.508251,0.330033,0,0,8,3,1,3,1,118,24,0,0,79,c79f418b,0
580,20,15,0,2,2100000580,1,2,1,1321,1,6,0,25,4630,0,STEADY,441,4.59083,3.98959,0.137517,0.426304,0.408163,273,144,19,1,1,2,2,118,96,0,0,172,c79f418b,0
581,21,16,1,2,2100000581,0,3,0,668,1,0,25,13,2310,0,STEADY,223,3.71331,2.92209,0.342399,0.0313901,0.313901,59,30,11,0,1,0,1,90,124,0,0,13,c79f418b,0
581,21,16,1,2,2100000581,1,3,0,814,1,0,85,16,2850,0,STEADY,272,3.60516,2.73184,0.210901,0.0110294,0.194853,39,0,13,0,1,0,2,30,124,0,0,0,c79f418b,0
582,22,17,2,2,2100000582,0,0,0,1582,1,0,28,25,5810,0,STEADY,528,3.31775,4.10429,0.156943,0.234848,0.674242,137,95,0,9,7,0,9,78,175,0,65,87,c79f418b,0
582,22,17,2,2,2100000582,1,0,0,914,1,0,52,15,3650,0,STEADY,305,3.23314,3.25657,0.182492,0.262295,0.609836,102,74,1,7,4,0,3,52,175,0,78,134,c79f418b,0
583,23,18,3,2,2100000583,0,1,0,731,1,0,69,14,2470,0,STEADY,244,4.23572,2.4714,0.298074,0.377049,0.241803,65,22,0,11,0,0,3,60,115,10,0,71,c79f418b,0
583,23,18,3,2,2100000583,1,1,0,1717,1,0,93,31,5470,0,STEADY,573,3.98888,5.73268,0.345585,0.273997,0.160558,313,48,1,23,1,0,6,36,111,6,0,189,c79f418b,0
584,24,19,4,2,2100000584,0,2,0,2120,1,0,22,36,7000,0,STEADY,707,4.94999,4.48687,0.250099,0.390382,0.12447,53,5,7,8,1,6,14,110,125,0,20,8,c79f418b,0
584,24,19,4,2,2100000584,1,2,0,1058,1,0,26,19,3520,0,STEADY,353,3.43556,2.13978,0.208385,0.478754,0.235127,72,25,7,5,2,3,2,106,125,0,10,162,c79f418b,0
585,25,20,5,2,2100000585,0,3,0,1380,2,28,98,24,4170,0,STEADY,460,6.38905,3.48529,0.359283,0.678261,0.152174,269,56,0,21,3,0,0,0,76,0,67,23,c79f418b,0
585,25,20,5,2,2100000585,1,3,0,805,1,0,102,15,2410,0,STEADY,269,6.30933,3.31796,0.398569,0.598513,0.0483271,48,0,4,9,2,0,0,0,104,0,4,0,c79f418b,0
586,26,21,0,2,2100000586,0,0,1,1911,1,45,0,36,6130,0,STEADY,637,3.6978,7.83073,0.425761,0.260597,0.119309,0,0,1,33,0,0,2,124,63,0,0,27,c79f418b,0
586,26,21,0,2,2100000586,1,0,0,2700,3,57,10,49,8510,0,STEADY,900,3.39273,4.56756,0.346028,0.183333,0.148889,0,0,0,43,0,0,6,114,51,0,0,0,c79f418b,0
587,27,22,1,2,2100000587,0,1,1,2431,1,69,0,43,7800,0,STEADY,811,4.10726,3.6095,0.220296,0.510481,0.366215,0,0,32,4,0,0,7,175,76,0,0,94,c79f418b,0
587,27,22,1,2,2100000587,1,1,0,1024,1,0,53,20,3540,0,STEADY,342,3.59893,2.9315,0.231199,0.517544,0.397661,96,41,18,2,0,0,0,122,145,0,0,124,c79f418b,0
588,28,23,2,2,2100000588,0,2,1,1138,1,3,0,20,4090,0,STEADY,380,4.08611,7.93554,0.225289,0.415789,0.544737,68,34,5,6,1,0,8,123,108,0,0,21,c79f418b,0
588,28,23,2,2,2100000588,1,2,1,1081,1,27,0,19,3930,0,STEADY,361,4.07042,7.76217,0.211925,0.437673,0.490305,57,24,7,5,0,0,7,119,84,0,0,0,c79f418b,0
589,29,24,3,2,2100000589,0,3,0,643,1,0,82,12,2200,0,STEADY,215,4.95769,3.79685,0.430814,0.455814,0.0651163,25,3,4,2,3,0,3,43,102,0,17,0,c79f418b,0
589,29,24,3,2,2100000589,1,3,0,901,1,0,73,16,3080,0,STEADY,301,4.77944,3.04852,0.389186,0.461794,0.0465116,25,3,5,3,7,0,1,52,102,0,25,0,c79f418b,0
590,30,25,4,2,2100000590,0,0,1,1012,1,72,0,25,2970,0,STEADY,338,5.20322,3.30878,0.220284,0.180473,0.461538,0,0,22,3,0,0,0,104,53,0,0,112,c79f418b,0
590,30,25,4,2,2100000590,1,0,1,1340,1,54,0,33,3850,0,STEADY,447,4.36915,2.85182,0.139217,0.136465,0.494407,0,0,28,3,0,2,0,104,71,0,34,220,c79f418b,0
591,31,26,5,2,2100000591,0,1,1,993,1,45,0,17,2920,0,STEADY,331,5.86454,5.2333,0.359879,0.528701,0.0543807,0,0,2,13,1,0,1,108,87,0,0,0,c79f418b,0
591,31,26,5,2,2100000591,1,1,0,1205,1,0,60,20,3610,0,STEADY,402,4.71122,3.34551,0.317973,0.430348,0.283582,89,32,2,10,1,0,7,48,132,0,0,152,c79f418b,0
592,32,27,0,2,2100000592,0,2,1,2441,1,67,0,43,8000,0,STEADY,814,5.31563,5.88867,0.189023,0.0749386,0.464373,0,0,27,0,3,1,12,145,54,0,0,101,c79f418b,0
592,32,27,0,2,2100000592,1,2,0,1047,2,17,105,19,3820,0,STEADY,349,6.65533,6.29684,0.21288,0.318052,0.438395,27,12,11,0,2,3,3,40,104,0,0,43,c79f418b,0
593,33,28,1,2,2100000593,0,3,0,618,1,0,22,13,2300,0,STEADY,206,5.14254,2.73026,0.386796,0.106796,0.247573,42,16,10,0,0,0,3,85,152,0,0,60,c79f418b,0
593,33,28,1,2,2100000593,1,3,0,362,1,0,76,9,1500,0,STEADY,121,6.46915,3.34688,0.38314,0.157025,0.380165,46,21,6,1,2,0,0,19,152,0,0,0,c79f418b,0
594,34,29,2,2,2100000594,0,0,0,2700,3,16,16,49,8430,0,STEADY,900,4.49388,3.57129,0.14355,0.567778,0.342222,433,174,0,48,1,0,0,86,124,0,0,210,c79f418b,0
594,34,29,2,2,2100000594,1,0,1,1016,1,94,0,20,3570,0,STEADY,339,3.82723,1.85691,0.209056,0.442478,0.274336,0,0,0,18,1,1,0,102,46,0,0,162,c79f418b,0
595,35,30,3,2,2100000595,0,1,0,1522,1,0,27,28,4880,0,STEADY,508,4.13156,2.75115,0.179291,0.0472441,0.438976,216,113,24,0,0,2,2,98,110,9,10,319,c79f418b,0
595,35,30,3,2,2100000595,1,1,0,1930,1,0,97,36,6100,0,STEADY,644,3.7209,3.78747,0.148509,0.0481366,0.343168,225,77,26,4,0,1,5,28,101,0,0,30,c79f418b,0
596,36,31,4,2,2100000596,0,2,0,1680,1,0,24,29,5580,0,STEADY,560,5.6501,4.05268,0.157991,0.344643,0.403571,114,34,8,18,0,0,3,126,93,0,0,257,c79f418b,0
596,36,31,4,2,2100000596,1,2,0,1317,1,0,42,24,4460,0,STEADY,439,4.64988,2.80983,0.145205,0.451025,0.316629,64,14,5,18,0,0,1,99,93,0,0,216,c79f418b,0
597,37,32,5,2,2100000597,0,3,0,1291,1,0,47,23,4150,0,STEADY,431,4.66492,3.1671,0.248411,0.204176,0.262181,119,29,20,1,2,0,0,74,150,0,0,142,c79f418b,0
597,37,32,5,2,2100000597,1,3,0,1049,1,0,26,18,3230,0,STEADY,350,3.94524,3.57191,0.312129,0.111429,0.374286,79,43,16,1,1,0,0,95,150,0,0,27,c79f418b,0
598,38,33,0,2,2100000598,0,0,1,1264,1,5,0,24,4350,0,STEADY,422,3.93563,4.29153,0.165178,0.469194,0.514218,289,160,10,8,0,1,5,152,99,0,0,124,c79f418b,0
598,38,33,0,2,2100000598,1,0,0,839,1,0,129,17,3220,0,STEADY,280,3.64097,3.09974,0.261607,0.496429,0.421429,42,30,8,4,0,2,3,23,104,0,0,218,c79f418b,0
599,39,34,1,2,2100000599,0,1,0,487,1,0,18,11,1920,0,STEADY,163,4.54847,3.42713,0.369172,0.269939,0.257669,36,29,5,2,0,3,1,122,114,0,34,0,c79f418b,0
599,39,34,1,2,2100000599,1,1,0,483,1,0,73,10,2000,0,STEADY,161,4.6763,4.53963,0.375528,0.378882,0.42236,70,47,2,3,0,4,1,67,114,0,43,0,c79f418b,0
600,0,2,3,2,2100000600,0,3,0,914,1,0,42,18,3260,0,STEADY,305,5.2301,5.16241,0.282164,0.285246,0.203279,10,1,1,11,0,1,5,52,113,0,0,0,c79f418b,0
600,0,2,3,2,2100000600,1,3,0,509,1,0,75,11,1900,0,STEADY,170,5.79632,4.05596,0.329441,0.358824,0.170588,11,5,2,7,0,1,1,19,113,0,0,0,c79f418b,0
601,1,3,4,2,2100000601,0,0,0,2228,2,109,45,40,6860,0,STEADY,743,4.14951,6.10691,0.12214,0.697174,0.23284,0,0,2,35,1,1,1,55,27,0,282,0,c79f418b,0
601,1,3,4,2,2100000601,1,0,0,2523,2,27,23,46,7780,0,STEADY,841,3.831,6.30823,0.114649,0.699168,0.230678,148,19,4,39,1,1,1,77,109,0,402,0,c79f418b,0
602,2,4,5,2,2100000602,0,1,0,862,1,0,63,14,2870,0,STEADY,288,7.60038,5.48842,0.396372,0.767361,0.125,58,25,7,7,0,0,0,60,94,0,0,0,c79f418b,0
602,2,4,5,2,2100000602,1,1,0,2596,1,0,123,33,7640,0,STEADY,866,11.626,7.3637,0.304475,0.715935,0.212471,65,4,29,4,0,0,0,0,94,0,0,0,c79f418b,0
603,3,5,0,2,2100000603,0,2,0,1648,1,0,66,31,5330,0,STEADY,550,4.42319,2.20752,0.164327,0.334545,0.352727,293,113,29,0,0,2,0,75,106,0,10,499,c79f418b,0
603,3,5,0,2,2100000603,1,2,0,1152,1,0,108,23,4020,0,STEADY,384,4.93884,2.25374,0.157591,0.388021,0.40625,241,103,20,0,1,2,0,33,106,0,6,578,c79f418b,0
604,4,6,1,2,2100000604,0,3,0,939,2,15,49,21,3560,0,STEADY,313,4.62375,4.34594,0.206722,0.70607,0.0670927,90,0,2,16,0,1,2,82,121,13,0,0,c79f418b,0
604,4,6,1,2,2100000604,1,3,0,623,1,0,131,15,2520,0,STEADY,208,5.53014,6.32645,0.227635,0.543269,0.0721154,87,1,3,8,0,1,3,0,125,2,0,0,c79f418b,0
605,5,7,2,2,2100000605,0,0,0,718,1,0,10,16,2600,0,STEADY,240,2.85217,2.35987,0.188875,0.483333,0.3625,48,17,9,2,1,3,1,90,141,0,40,93,c79f418b,0
605,5,7,2,2,2100000605,1,0,0,736,1,0,46,17,2600,0,STEADY,246,2.82395,1.99484,0.176951,0.49187,0.378049,48,7,11,2,0,3,1,54,141,0,32,115,c79f418b,0
606,6,8,3,2,2100000606,0,1,0,1390,1,0,32,24,4530,0,STEADY,464,4.96643,4.88037,0.227737,0.0991379,0.394397,44,17,16,0,3,0,5,84,131,0,0,141,c79f418b,0
606,6,8,3,2,2100000606,1,1,1,1287,1,113,0,23,4330,0,STEADY,429,5.39002,8.10517,0.23803,0.0606061,0.65035,0,0,12,0,1,1,9,116,18,0,0,0,c79f418b,0
607,7,9,4,2,2100000607,0,2,0,1946,1,0,83,38,6100,0,STEADY,649,3.6361,4.37946,0.131125,0.237288,0.115562,44,11,9,26,0,0,3,110,100,0,0,121,c79f418b,0
607,7,9,4,2,2100000607,1,2,0,2056,1,0,115,39,6440,0,STEADY,686,3.59557,5.55022,0.14266,0.259475,0.118076,32,20,5,32,0,0,2,90,100,0,0,49,c79f418b,0
608,8,10,5,2,2100000608,0,3,0,615,1,0,94,9,1780,0,STEADY,205,6.6934,3.37766,0.65039,0.478049,0.0682927,101,14,3,3,0,1,2,30,116,0,20,0,c79f418b,0
608,8,10,5,2,2100000608,1,3,0,558,1,0,85,9,1790,0,STEADY,186,6.45551,3.22925,0.52664,0.505376,0.139785,34,6,5,2,0,2,0,39,116,0,20,0,c79f418b,0
609,9,11,0,2,2100000609,0,0,0,2700,3,149,103,43,9060,0,STEADY,900,3.91901,6.22241,0.5091,0.0855556,0.412222,0,0,16,4,2,0,21,56,35,35,0,35,c79f418b,0
609,9,11,0,2,2100000609,1,0,0,2700,3,122,17,44,8830,0,STEADY,900,3.89277,7.42533,0.454472,0.07,0.564444,0,0,19,10,1,0,14,196,71,44,0,3,c79f418b,0
610,10,12,1,2,2100000610,0,1,1,513,1,52,0,11,2100,0,STEADY,171,5.41071,5.91797,0.281345,0.391813,0.356725,0,0,4,5,1,0,1,111,72,0,0,0,c79f418b,0
610,10,12,1,2,2100000610,1,1,1,978,1,28,0,19,3570,0,STEADY,326,5.95761,7.8959,0.205813,0.226994,0.542945,53,40,7,9,1,0,2,111,96,0,0,0,c79f418b,0
611,11,13,2,2,2100000611,0,2,0,698,1,0,32,13,2760,0,STEADY,233,5.12503,3.70329,0.347597,0.287554,0.0815451,166,19,1,6,0,3,3,72,153,36,20,68,c79f418b,0
611,11,13,2,2,2100000611,1,2,1,1088,1,34,0,18,4040,0,STEADY,363,5.34287,4.56554,0.243898,0.30303,0.0330579,176,12,0,11,0,4,3,104,131,48,20,73,c79f418b,0
612,12,14,3,2,2100000612,0,3,1,1553,1,78,0,25,5330,0,STEADY,518,3.14451,2.54173,0.23306,0.544402,0.225869,0,0,2,6,13,2,2,113,33,0,0,121,c79f418b,0
612,12,14,3,2,2100000612,1,3,1,1204,1,111,0,21,4310,0,STEADY,402,3.3699,3.13665,0.264925,0.390547,0.199005,0,0,3,4,9,2,3,113,0,0,0,0,c79f418b,0
613,13,15,4,2,2100000613,0,0,0,2386,1,0,16,37,7690,0,STEADY,796,6.8019,5.42159,0.216683,0.606784,0.201005,70,8,16,0,17,1,3,120,104,0,0,155,c79f418b,0
613,13,15,4,2,2100000613,1,0,1,1301,1,24,0,23,4310,0,STEADY,434,4.70397,4.67527,0.232039,0.62212,0.315668,60,17,17,1,4,1,0,118,80,0,0,0,c79f418b,0
614,14,16,5,2,2100000614,0,1,1,2700,3,12,27,46,8400,0,STEADY,900,2.30798,6.14232,0.2925,0.0344444,0.106667,415,84,0,10,0,14,22,88,101,0,66,30,c79f418b,0
614,14,16,5,2,2100000614,1,1,0,2700,3,35,49,46,7920,0,STEADY,900,2.73679,4.32833,0.371678,0.0844444,0.101111,238,48,0,16,0,14,16,66,78,0,111,6,c79f418b,0
615,15,17,0,2,2100000615,0,2,0,638,1,0,59,14,2340,0,STEADY,213,3.27962,6.38889,0.221831,0.483568,0.446009,44,18,2,10,0,1,1,64,118,0,13,0,c79f418b,0
615,15,17,0,2,2100000615,1,2,0,973,1,0,90,20,3450,0,STEADY,325,3.91904,4.82138,0.177231,0.581538,0.36,38,18,2,13,0,2,3,12,118,0,21,83,c79f418b,0
616,16,18,1,2,2100000616,0,3,0,1106,1,0,15,20,4070,0,STEADY,369,4.04256,2.94206,0.172656,0.149051,0.154472,118,16,11,5,0,1,3,114,115,0,0,0,c79f418b,0
616,16,18,1,2,2100000616,1,3,0,505,1,0,49,10,2210,0,STEADY,169,5.31223,3.79819,0.258876,0.278107,0.366864,51,17,5,3,1,1,0,80,115,0,0,0,c79f418b,0
617,17,19,2,2,2100000617,0,0,0,2117,1,0,106,35,6580,0,STEADY,706,3.41786,5.05542,0.213017,0.0524079,0.151558,282,74,4,1,0,1,29,26,98,0,0,64,c79f418b,0
617,17,19,2,2,2100000617,1,0,0,2027,1,0,110,34,6280,0,STEADY,676,3.44133,3.43666,0.200155,0.0414201,0.142012,224,50,5,1,0,2,26,22,100,6,0,55,c79f418b,0
618,18,20,3,2,2100000618,0,1,0,2700,3,88,40,44,6390,0,STEADY,900,4.68348,3.06616,0.140899,0.213333,0.311111,0,0,38,5,0,0,1,62,41,0,0,258,c79f418b,0
618,18,20,3,2,2100000618,1,1,1,1350,1,24,0,24,4000,0,STEADY,450,6.22461,7.58315,0.23568,0.171111,0.573333,210,182,15,5,0,0,4,90,105,0,0,0,c79f418b,0
619,19,21,4,2,2100000619,0,2,0,876,1,0,94,17,2990,0,STEADY,292,5.00583,4.0397,0.247791,0.650685,0.136986,52,14,15,1,0,1,0,30,132,0,0,0,c79f418b,0
619,19,21,4,2,2100000619,1,2,0,1385,1,0,34,26,4570,0,STEADY,462,4.27,3.02608,0.155162,0.554113,0.253247,168,41,21,0,0,2,3,90,132,0,0,275,c79f418b,0
620,20,22,5,2,2100000620,0,3,0,1707,2,102,175,21,4590,0,STEADY,569,9.14008,6.47454,0.637452,0.553603,0.28471,0,0,13,6,0,2,0,0,0,0,0,0,c79f418b,0
620,20,22,5,2,2100000620,1,3,0,1531,2,102,175,21,4080,0,STEADY,511,11.212,8.09879,0.454755,0.65362,0.219178,0,0,17,3,0,1,0,0,0,0,0,0,c79f418b,0
621,21,23,0,2,2100000621,0,0,1,2041,1,45,0,38,6520,0,STEADY,681,3.56963,4.80236,0.302247,0.0117474,0.688693,15,13,32,2,1,0,3,118,79,0,0,214,c79f418b,0
621,21,23,0,2,2100000621,1,0,0,1591,1,0,3,30,5160,0,STEADY,531,3.38114,9.14379,0.183804,0.0188324,0.87194,96,96,24,2,1,0,3,120,124,0,0,0,c79f418b,0
622,22,24,1,2,2100000622,0,1,1,2700,3,56,9,41,9820,0,STEADY,900,2.71945,1.84142,0.161201,0.198889,0.312222,123,44,0,18,13,0,10,116,119,0,100,117,c79f418b,0
622,22,24,1,2,2100000622,1,1,1,2700,3,27,15,41,9730,0,STEADY,900,2.92715,2.23078,0.161667,0.277778,0.261111,204,41,0,17,13,0,11,110,148,0,109,280,c79f418b,0
623,23,25,2,2,2100000623,0,2,0,1818,1,0,8,34,5910,0,STEADY,606,3.34866,4.14191,0.272665,0.239274,0.29703,55,18,1,27,0,0,6,96,119,14,0,32,c79f418b,0
623,23,25,2,2,2100000623,1,2,0,1421,1,0,15,27,4670,0,STEADY,474,3.32583,2.4188,0.219568,0.299578,0.2827,78,34,1,23,1,0,2,89,120,15,0,133,c79f418b,0
624,24,26,3,2,2100000624,0,3,0,1456,1,0,51,24,4840,0,STEADY,486,3.2178,2.20409,0.191718,0.44856,0.240741,89,23,4,7,2,6,5,57,125,0,49,8,c79f418b,0
624,24,26,3,2,2100000624,1,3,0,1383,1,0,78,24,4560,0,STEADY,461,3.59436,3.17312,0.201768,0.340564,0.225597,61,11,5,4,0,4,11,30,125,0,14,3,c79f418b,0
625,25,27,4,2,2100000625,0,0,0,881,1,0,117,16,2800,0,STEADY,294,5.41354,2.66448,0.315408,0.540816,0.193878,49,1,2,8,3,0,3,28,104,0,54,89,c79f418b,0
625,25,27,4,2,2100000625,1,0,0,1130,1,0,110,21,3820,0,STEADY,377,5.2185,4.80452,0.202586,0.3687,0.132626,68,7,1,10,2,0,8,35,104,0,41,7,c79f418b,0
626,26,28,5,2,2100000626,0,1,0,607,1,0,11,12,2100,0,STEADY,203,5.19562,6.41646,0.364113,0.26601,0.0246305,19,0,0,10,0,0,2,100,108,0,0,0,c79f418b,0
626,26,28,5,2,2100000626,1,1,0,602,1,0,74,12,2100,0,STEADY,201,4.94608,7.10323,0.39908,0.248756,0.0149254,38,0,0,10,0,0,2,37,108,0,0,0,c79f418b,0
627,27,29,0,2,2100000627,0,2,0,2700,3,15,23,48,8550,0,STEADY,900,4.51834,3.45693,0.176322,0.437778,0.31,535,155,39,3,0,0,6,79,130,0,0,4,c79f418b,0
627,27,29,0,2,2100000627,1,2,0,1922,1,0,17,35,6250,0,STEADY,641,4.90417,3.39393,0.192363,0.429017,0.321373,318,87,30,2,1,0,2,85,145,0,0,382,c79f418b,0
628,28,30,1,2,2100000628,0,3,0,287,1,0,28,7,1390,0,STEADY,96,6.42958,4.89506,0.469271,0.5625,0.125,36,9,2,3,0,0,2,97,111,0,0,0,c79f418b,0
628,28,30,1,2,2100000628,1,3,0,458,1,0,87,10,2040,0,STEADY,153,5.6341,4.59852,0.311928,0.503268,0.20915,96,32,4,4,0,0,2,38,111,0,0,0,c79f418b,0
629,29,31,2,2,2100000629,0,0,0,924,1,0,15,17,3280,0,STEADY,308,4.06607,2.5768,0.251477,0.318182,0.246753,101,48,4,4,5,0,4,126,102,0,34,63,c79f418b,0
629,29,31,2,2,2100000629,1,0,0,1159,1,0,60,21,3960,0,STEADY,387,3.51434,4.23261,0.193824,0.284238,0.211886,27,7,6,4,6,0,5,81,102,0,50,22,c79f418b,0
630,30,32,3,2,2100000630,0,1,0,851,1,0,40,20,2580,0,STEADY,284,5.63037,4.88782,0.251482,0.207746,0.257042,84,24,15,2,0,1,2,81,125,0,20,93,c79f418b,0
630,30,32,3,2,2100000630,1,1,1,1111,1,4,0,26,3220,0,STEADY,371,5.47273,3.69725,0.224978,0.237197,0.407008,140,42,21,3,0,2,0,121,121,0,24,87,c79f418b,0
631,31,33,4,2,2100000631,0,2,0,1459,1,0,134,25,4860,0,STEADY,487,4.69658,6.12191,0.245462,0.199179,0.741273,31,30,0,7,1,0,17,18,141,9,0,121,c79f418b,0
631,31,33,4,2,2100000631,1,2,0,842,1,0,134,17,3050,0,STEADY,281,4.43974,5.42906,0.244021,0.58363,0.345196,141,79,2,11,2,0,2,18,150,18,0,0,c79f418b,0
632,32,34,5,2,2100000632,0,3,0,1354,1,0,9,23,4170,0,STEADY,452,4.7375,4.7898,0.210929,0.0973451,0.334071,282,112,20,0,2,1,0,131,121,0,0,56,c79f418b,0
632,32,34,5,2,2100000632,1,3,0,1100,1,0,100,19,3490,0,STEADY,367,5.77733,4.91353,0.244441,0.0817439,0.362398,278,112,16,0,2,1,0,40,121,0,0,0,c79f418b,0
633,33,35,0,2,2100000633,0,0,0,1595,1,0,54,29,5140,0,STEADY,532,4.00369,7.77489,0.213383,0.0808271,0.338346,126,75,18,1,2,0,8,47,152,0,0,64,c79f418b,0
633,33,35,0,2,2100000633,1,0,0,2695,1,0,68,50,8430,0,STEADY,899,3.63637,4.66374,0.240784,0.0456062,0.166852,234,67,43,1,4,0,2,33,152,0,0,34,c79f418b,0
634,34,36,1,2,2100000634,0,1,0,741,1,0,34,15,2680,0,STEADY,247,4.59694,2.92387,0.287895,0.550607,0.299595,57,35,0,13,1,0,1,59,140,0,0,141,c79f418b,0
634,34,36,1,2,2100000634,1,1,1,499,1,22,0,11,1990,0,STEADY,167,4.69319,2.68241,0.329371,0.520958,0.233533,39,21,1,8,1,1,0,93,118,0,0,156,c79f418b,0
635,35,37,2,2,2100000635,0,2,0,1279,1,0,80,25,4300,0,STEADY,427,4.35558,3.06976,0.171464,0.028103,0.461358,182,70,18,2,0,1,4,70,110,9,10,158,c79f418b,0
635,35,37,2,2,2100000635,1,2,0,1614,1,0,150,31,5280,0,STEADY,538,4.06745,6.52205,0.123903,0.00743494,0.150558,377,10,20,4,0,1,6,0,110,9,0,0,c79f418b,0
636,36,38,3,2,2100000636,0,3,0,1267,1,0,104,21,4050,0,STEADY,423,5.98258,4.96146,0.34727,0.255319,0.293144,216,56,3,9,0,0,9,0,93,0,0,154,c79f418b,0
636,36,38,3,2,2100000636,1,3,0,664,1,0,56,12,2240,0,STEADY,222,5.07921,2.54799,0.311599,0.342342,0.234234,60,27,2,8,0,0,2,48,93,0,0,171,c79f418b,0
637,37,39,4,2,2100000637,0,0,0,2527,1,0,55,44,8010,0,STEADY,843,5.6575,2.93649,0.202633,0.211151,0.373665,209,98,37,4,1,0,2,59,150,0,0,467,c79f418b,0
637,37,39,4,2,2100000637,1,0,1,2160,2,88,108,37,6730,0,STEADY,720,5.09922,2.56949,0.258389,0.193056,0.518056,0,0,32,3,2,0,0,6,62,0,0,600,c79f418b,0
638,38,0,5,2,2100000638,0,1,0,1463,2,68,90,22,4160,0,STEADY,488,8.34054,6.4061,0.645092,0.815574,0.165984,0,0,13,4,0,3,2,23,36,0,0,0,c79f418b,0
638,38,0,5,2,2100000638,1,1,0,1406,2,88,52,19,3500,0,STEADY,469,9.10264,6.1761,0.611375,0.588486,0.200426,0,0,11,5,0,2,1,61,16,0,0,0,c79f418b,0
639,39,1,0,2,2100000639,0,2,0,1888,1,0,70,32,6520,0,STEADY,630,3.48857,4.30334,0.210905,0.225397,0.34127,308,140,4,6,1,10,11,66,114,0,19,114,c79f418b,0
639,39,1,0,2,2100000639,1,2,0,1961,1,0,80,32,6680,0,STEADY,654,3.07934,2.14086,0.199901,0.272171,0.304281,384,133,3,10,0,13,6,56,114,0,55,258,c79f418b,0
640,0,9,2,2,2100000640,0,0,0,2700,3,59,149,49,8460,0,STEADY,900,3.58134,2.42571,0.200644,0.328889,0.453333,0,0,0,47,0,1,1,136,54,0,0,114,c79f418b,0
640,0,9,2,2,2100000640,1,0,0,2700,3,58,149,47,8690,0,STEADY,900,3.37042,4.02335,0.212778,0.247778,0.376667,0,0,0,26,0,1,20,55,55,0,0,74,c79f418b,0
641,1,10,3,2,2100000641,0,1,0,942,1,0,113,18,2890,0,STEADY,314,5.25316,5.93845,0.264618,0.703822,0.105096,42,0,6,10,1,1,0,11,150,14,126,0,c79f418b,0
641,1,10,3,2,2100000641,1,1,0,1269,1,0,124,22,4170,0,STEADY,423,4.74929,4.8765,0.265579,0.43026,0.134752,55,0,0,10,1,4,7,0,136,0,74,162,c79f418b,0
642,2,11,4,2,2100000642,0,2,0,1751,1,0,32,28,5530,0,STEADY,584,4.53644,5.08125,0.173896,0.729452,0.231164,73,12,11,17,0,0,0,145,94,0,0,0,c79f418b,0
642,2,11,4,2,2100000642,1,2,0,743,1,0,117,14,2800,0,STEADY,248,7.45591,6.70813,0.223065,0.842742,0.0685484,68,1,6,8,0,0,0,0,94,0,0,0,c79f418b,0
643,3,12,5,2,2100000643,0,3,0,581,1,0,99,13,2270,0,STEADY,194,5.3206,3.51509,0.390284,0.489691,0.164948,34,5,11,0,0,2,0,12,106,0,30,72,c79f418b,0
643,3,12,5,2,2100000643,1,3,0,764,1,0,111,15,2680,0,STEADY,255,4.64249,5.19715,0.262706,0.427451,0.14902,34,12,12,1,0,1,1,0,106,0,0,31,c79f418b,0
644,4,13,0,2,2100000644,0,0,0,671,1,0,74,15,2670,0,STEADY,224,6.18829,3.58624,0.333223,0.316964,0.205357,66,16,0,11,0,1,3,30,123,0,0,171,c79f418b,0
644,4,13,0,2,2100000644,1,0,0,320,1,0,104,7,1220,0,STEADY,107,7.07261,2.48565,0.683514,0.485981,0.0934579,30,10,0,6,0,1,0,0,136,13,0,176,c79f418b,0
645,5,14,1,2,2100000645,0,1,0,661,1,0,1,14,2360,0,STEADY,221,3.20111,2.84791,0.215249,0.552036,0.217195,54,4,7,2,1,2,2,112,141,0,0,50,c79f418b,0
645,5,14,1,2,2100000645,1,1,1,526,1,7,0,13,1960,0,STEADY,176,2.82574,2.76362,0.22392,0.727273,0.170455,45,15,9,2,0,1,1,113,134,0,0,47,c79f418b,0
646,6,15,2,2,2100000646,0,2,1,1993,1,83,0,35,6460,0,STEADY,665,5.67655,7.80615,0.195015,0.0150376,0.681203,0,0,25,0,3,0,7,118,48,0,0,15,c79f418b,0
646,6,15,2,2,2100000646,1,2,1,1850,1,95,0,34,6120,0,STEADY,617,4.48963,4.22535,0.173784,0.0405186,0.786062,0,0,28,0,2,1,3,118,36,0,0,75,c79f418b,0
647,7,16,3,2,2100000647,0,3,0,759,1,0,85,14,2590,0,STEADY,253,3.36081,1.77823,0.320375,0.332016,0.288538,61,26,0,10,0,1,3,30,100,0,0,89,c79f418b,0
647,7,16,3,2,2100000647,1,3,0,1085,1,0,45,22,3430,0,STEADY,362,3.29054,1.8668,0.176796,0.292818,0.243094,59,11,8,11,0,0,3,70,100,0,0,35,c79f418b,0
648,8,17,4,2,2100000648,0,0,0,551,1,0,15,11,2010,0,STEADY,184,4.09251,2.694,0.338043,0.320652,0.445652,44,21,3,1,3,2,2,98,116,0,0,99,c79f418b,0
648,8,17,4,2,2100000648,1,0,0,1481,1,0,51,25,4930,0,STEADY,494,3.3797,8.28034,0.270709,0.224696,0.631579,57,44,4,5,2,3,11,100,116,0,30,29,c79f418b,0
649,9,18,5,2,2100000649,0,1,1,2700,3,69,72,39,8500,0,STEADY,900,4.21617,4.94352,0.526322,0.12,0.292222,25,9,18,2,2,0,17,57,134,54,0,179,c79f418b,0
649,9,18,5,2,2100000649,1,1,1,1685,1,69,0,26,5440,0,STEADY,562,3.08709,9.92122,0.353025,0.0533808,0.170819,222,28,10,2,0,0,14,129,182,102,0,0,c79f418b,0
650,10,19,0,2,2100000650,0,2,1,1206,1,71,0,23,4170,0,STEADY,402,5.96379,3.03725,0.198234,0.161692,0.300995,0,0,11,10,0,0,2,132,53,0,0,401,c79f418b,0
650,10,19,0,2,2100000650,1,2,1,1431,1,94,0,26,4920,0,STEADY,477,5.24188,6.31042,0.188847,0.127883,0.308176,0,0,8,11,1,0,6,132,30,0,0,6,c79f418b,0
651,11,20,1,2,2100000651,0,3,0,2283,1,0,66,39,7360,0,STEADY,761,3.69619,3.497,0.138784,0.178712,0.197109,176,30,8,5,0,7,19,0,164,47,30,0,c79f418b,0
651,11,20,1,2,2100000651,1,3,0,2700,3,27,64,45,9000,0,STEADY,900,2.83008,2.63653,0.171356,0.211111,0.136667,57,4,5,10,0,8,22,18,174,84,50,139,c79f418b,0
652,12,21,2,2,2100000652,0,0,0,1532,1,0,97,27,5230,0,STEADY,511,4.00887,3.64742,0.163307,0.232877,0.168297,388,76,4,2,11,2,8,27,111,0,0,86,c79f418b,0
652,12,21,2,2,2100000652,1,0,0,1937,1,0,52,32,6770,0,STEADY,646,3.41853,2.83041,0.195116,0.286378,0.219814,30,2,0,5,16,2,9,72,111,0,0,214,c79f418b,0
653,13,22,3,2,2100000653,0,1,0,1644,1,0,95,25,5250,0,STEADY,548,4.14631,7.4419,0.359763,0.395985,0.461679,174,97,8,0,10,1,6,80,104,0,0,66,c79f418b,0
653,13,22,3,2,2100000653,1,1,1,1622,1,2,0,27,5090,0,STEADY,541,4.18821,3.29679,0.213087,0.580407,0.221811,126,41,19,1,5,1,1,175,102,0,0,315,c79f418b,0
654,14,23,4,2,2100000654,0,2,0,1606,1,0,67,30,5320,0,STEADY,536,2.72617,4.95573,0.180718,0.0223881,0.115672,130,11,1,8,1,5,15,55,113,0,7,42,c79f418b,0
654,14,23,4,2,2100000654,1,2,0,1675,1,0,57,32,5280,0,STEADY,559,2.85801,4.08158,0.21347,0.0465116,0.105546,38,10,0,14,0,10,8,66,113,0,34,36,c79f418b,0
655,15,24,5,2,2100000655,0,3,0,1678,2,118,113,26,4480,0,STEADY,560,9.53444,6.40998,0.345429,0.7875,0.175,0,0,0,24,0,2,0,12,0,0,10,0,c79f418b,0
655,15,24,5,2,2100000655,1,3,0,2386,1,0,125,12,2100,0,STEADY,796,15.5607,11.364,0.860013,0.562814,0.408291,80,0,0,10,0,2,0,0,118,0,0,0,c79f418b,0
656,16,25,0,2,2100000656,0,0,1,1680,1,31,0,30,5750,0,STEADY,560,3.85169,2.79707,0.142991,0.133929,0.558929,94,69,23,6,0,1,0,104,84,0,0,106,c79f418b,0
656,16,25,0,2,2100000656,1,0,1,1580,1,66,0,26,5700,0,STEADY,527,4.59268,5.45214,0.17962,0.256167,0.557875,0,0,6,12,0,1,7,104,49,0,0,68,c79f418b,0
657,17,26,1,2,2100000657,0,1,0,1837,1,0,53,31,6040,0,STEADY,613,2.96435,4.34231,0.295375,0.0554649,0.238173,67,29,2,1,0,2,26,55,112,6,0,32,c79f418b,0
657,17,26,1,2,2100000657,1,1,0,1627,1,0,79,28,5560,0,STEADY,543,2.97046,6.50541,0.249871,0.0570902,0.12523,121,15,1,1,2,2,22,29,106,6,0,67,c79f418b,0
658,18,27,2,2,2100000658,0,2,1,1681,1,7,0,30,5260,0,STEADY,561,5.34782,4.58712,0.22008,0.217469,0.352941,110,43,17,9,0,0,4,145,122,0,0,182,c79f418b,0
658,18,27,2,2,2100000658,1,2,0,647,1,0,59,14,2540,0,STEADY,216,5.99464,5.23686,0.352296,0.342593,0.194444,48,5,8,6,0,0,0,86,129,0,0,0,c79f418b,0
659,19,28,3,2,2100000659,0,3,0,898,1,0,36,16,2840,0,STEADY,300,5.90032,3.56814,0.368133,0.363333,0.09,124,10,12,0,0,2,2,75,132,0,40,0,c79f418b,0
659,19,28,3,2,2100000659,1,3,0,479,1,0,49,9,1660,0,STEADY,160,6.89278,3.39005,0.449187,0.49375,0.00625,50,1,6,1,0,2,0,62,132,0,40,0,c79f418b,0
660,20,29,4,2,2100000660,0,0,0,1309,2,8,69,24,4560,0,STEADY,437,5.48337,4.38349,0.245206,0.681922,0.251716,86,36,19,2,1,2,0,33,94,0,0,0,c79f418b,0
660,20,29,4,2,2100000660,1,0,1,1098,1,31,0,19,3870,0,STEADY,366,4.57242,5.00644,0.242322,0.47541,0.286885,232,94,13,3,1,2,0,102,71,0,0,0,c79f418b,0
661,21,30,5,2,2100000661,0,1,1,2700,3,46,1,47,8260,0,STEADY,900,3.57455,3.98429,0.188394,0.0644444,0.318889,280,136,38,0,0,0,9,124,78,0,0,152,c79f418b,0
661,21,30,5,2,2100000661,1,1,0,1359,1,0,20,25,4410,0,STEADY,453,3.66588,8.40925,0.253852,0.0441501,0.249448,299,49,17,1,0,0,7,105,124,0,0,1,c79f418b,0
662,22,31,0,2,2100000662,0,2,1,2044,1,16,0,32,7660,0,STEADY,682,3.47224,5.05106,0.159933,0.173021,0.221408,319,84,0,14,10,0,8,150,159,0,74,0,c79f418b,0
662,22,31,0,2,2100000662,1,2,1,1555,1,72,0,25,6080,0,STEADY,519,3.72992,4.26674,0.174158,0.192678,0.229287,0,0,0,12,8,0,5,141,103,0,93,193,c79f418b,0
663,23,32,1,2,2100000663,0,3,0,636,1,0,49,14,2340,0,STEADY,212,3.68152,2.37442,0.28908,0.193396,0.226415,97,35,2,10,0,0,2,72,117,12,0,4,c79f418b,0
663,23,32,1,2,2100000663,1,3,0,453,1,0,73,11,1830,0,STEADY,151,4.15607,3.19841,0.387119,0.198675,0.0794702,39,1,2,7,0,0,2,48,113,8,0,0,c79f418b,0
664,24,33,2,2,2100000664,0,0,0,2221,1,0,118,40,7200,0,STEADY,741,3.60867,4.27059,0.143381,0.441296,0.452092,124,61,15,10,0,7,8,34,125,0,61,24,c79f418b,0
664,24,33,2,2,2100000664,1,0,0,2101,1,0,91,37,7000,0,STEADY,701,3.76157,3.71125,0.170949,0.369472,0.296719,41,1,10,9,1,7,10,61,125,0,98,222,c79f418b,0
665,25,34,3,2,2100000665,0,1,0,793,1,0,84,16,2630,0,STEADY,265,6.15205,4.23995,0.304623,0.664151,0.120755,108,20,3,11,2,0,0,56,104,0,24,0,c79f418b,0
665,25,34,3,2,2100000665,1,1,0,595,1,0,75,13,2020,0,STEADY,199,5.43531,3.97009,0.345251,0.552764,0.0703518,74,6,5,6,2,0,0,65,104,0,48,0,c79f418b,0
666,26,35,4,2,2100000666,0,2,0,1793,1,0,63,33,5780,0,STEADY,598,3.3419,4.55608,0.224883,0.269231,0.212375,56,16,2,22,0,0,9,38,108,0,0,177,c79f418b,0
666,26,35,4,2,2100000666,1,2,0,1414,1,0,18,27,4630,0,STEADY,472,4.37985,3.3638,0.24268,0.338983,0.247881,223,32,1,23,0,0,3,92,108,0,0,151,c79f418b,0
667,27,36,5,2,2100000667,0,3,0,1516,2,53,76,25,4420,0,STEADY,506,5.3592,4.28876,0.279496,0.835968,0.0474308,6,0,23,1,1,0,0,17,92,0,0,0,c79f418b,0
667,27,36,5,2,2100000667,1,3,0,1612,2,79,93,27,4830,0,STEADY,538,5.84436,3.26609,0.28224,0.6171,0.198885,0,0,24,2,1,0,0,0,66,0,0,137,c79f418b,0
668,28,37,0,2,2100000668,0,0,0,1208,1,0,51,21,4210,0,STEADY,403,5.83726,6.28543,0.256762,0.30273,0.558313,108,63,3,6,1,0,11,99,111,0,0,198,c79f418b,0
668,28,37,0,2,2100000668,1,0,0,887,1,0,65,17,3430,0,STEADY,296,5.10592,8.08382,0.19924,0.459459,0.408784,191,109,5,8,1,0,3,85,111,0,0,0,c79f418b,0
669,29,38,1,2,2100000669,0,1,0,449,1,0,30,10,1880,0,STEADY,150,4.55524,3.63443,0.394567,0.36,0.166667,29,14,3,2,3,0,2,74,102,0,44,2,c79f418b,0
669,29,38,1,2,2100000669,1,1,0,532,1,0,42,11,2120,0,STEADY,178,5.34443,3.42975,0.336489,0.359551,0.106742,20,0,3,2,4,0,2,62,102,0,44,81,c79f418b,0
670,30,39,2,2,2100000670,0,2,0,2700,3,15,11,67,6750,0,STEADY,900,4.27042,4.23927,0.13645,0.0533333,0.622222,84,5,64,3,0,0,0,103,110,0,0,126,c79f418b,0
670,30,39,2,2,2100000670,1,2,1,2589,1,11,0,63,6580,0,STEADY,863,4.62187,4.5904,0.139218,0.0730012,0.579374,522,300,58,3,0,1,1,114,114,0,0,151,c79f418b,0
671,31,0,3,2,2100000671,0,3,0,732,2,125,107,15,2380,0,STEADY,244,8.00944,7.98364,0.32707,0.713115,0.217213,0,0,6,7,1,0,1,6,16,9,0,0,c79f418b,0
671,31,0,3,2,2100000671,1,3,0,1000,2,79,90,18,3210,0,STEADY,334,6.13251,5.45284,0.25976,0.703593,0.155689,0,0,1,15,2,0,0,15,71,18,0,0,c79f418b,0
672,32,1,4,2,2100000672,0,0,0,2700,3,66,55,47,8250,0,STEADY,900,4.43973,5.15833,0.131994,0.128889,0.617778,0,0,44,0,2,1,0,85,55,0,0,78,c79f418b,0
672,32,1,4,2,2100000672,1,0,0,2102,2,41,51,37,6600,0,STEADY,701,4.59353,3.26355,0.129579,0.0970043,0.533524,13,0,34,0,1,2,0,85,80,0,0,386,c79f418b,0
673,33,2,5,2,2100000673,0,1,0,1351,1,0,9,25,4030,0,STEADY,451,5.24192,3.30835,0.318248,0.368071,0.266075,201,44,19,0,5,0,1,85,152,0,0,411,c79f418b,0
673,33,2,5,2,2100000673,1,1,1,1355,2,89,94,25,4220,0,STEADY,452,5.37272,2.25558,0.354369,0.292035,0.225664,0,0,22,1,2,0,0,0,63,0,0,600,c79f418b,0
674,34,3,0,2,2100000674,0,2,1,723,1,44,0,15,2670,0,STEADY,241,4.54676,7.41583,0.318776,0.394191,0.456432,18,10,0,11,0,0,4,106,96,0,0,29,c79f418b,0
674,34,3,0,2,2100000674,1,2,1,790,1,37,0,17,2870,0,STEADY,264,4.92203,4.74316,0.249242,0.568182,0.174242,104,26,3,12,1,0,1,100,103,0,0,0,c79f418b,0
675,35,4,1,2,2100000675,0,3,0,2671,1,0,74,49,8290,0,STEADY,891,3.91355,3.60406,0.0945006,0.0460157,0.548822,731,433,45,2,0,1,1,56,101,0,0,131,c79f418b,0
675,35,4,1,2,2100000675,1,3,0,2476,1,0,90,46,7630,0,STEADY,826,3.58513,3.48923,0.100236,0.0520581,0.508475,637,353,39,5,0,1,1,46,101,0,4,112,c79f418b,0
676,36,5,2,2,2100000676,0,0,0,1912,1,0,30,35,6160,0,STEADY,638,2.9312,1.26508,0.11518,0.289969,0.404389,141,57,3,32,0,0,0,111,93,0,0,138,c79f418b,0
676,36,5,2,2,2100000676,1,0,0,1897,1,0,18,35,6190,0,STEADY,633,3.08195,1.49086,0.109976,0.270142,0.43128,97,44,3,31,0,0,1,123,93,0,0,167,c79f418b,0
677,37,6,3,2,2100000677,0,1,1,1966,1,27,0,34,6220,0,STEADY,656,4.7138,5.13123,0.198704,0.146341,0.324695,145,45,23,1,1,0,9,131,123,0,0,62,c79f418b,0
677,37,6,3,2,2100000677,1,1,1,1789,1,15,0,32,5740,0,STEADY,597,4.40908,3.95252,0.308811,0.150754,0.20938,45,8,28,2,1,0,1,131,135,0,0,2,c79f418b,0
678,38,7,4,2,2100000678,0,2,0,621,1,0,77,13,2390,0,STEADY,207,4.06766,7.93367,0.432947,0.652174,0.342995,22,16,7,3,0,1,2,23,104,0,0,0,c79f418b,0
678,38,7,4,2,2100000678,1,2,0,857,1,0,33,17,3100,0,STEADY,286,3.77239,6.46262,0.272657,0.587413,0.409091,120,54,8,5,0,1,3,67,104,0,0,0,c79f418b,0
679,39,8,5,2,2100000679,0,3,0,1402,1,0,75,22,4400,0,STEADY,468,5.04592,4.54161,0.268002,0.369658,0.188034,29,2,3,8,0,6,5,41,114,0,79,0,c79f418b,0
679,39,8,5,2,2100000679,1,3,0,988,1,0,75,17,3200,0,STEADY,330,5.15908,3.66364,0.287712,0.366667,0.145455,24,6,5,5,1,4,2,41,114,0,62,0,c79f418b,0
680,0,16,1,2,2100000680,0,1,0,2138,1,0,25,38,6820,0,STEADY,713,4.39832,5.95064,0.38594,0.218794,0.333801,59,15,0,26,0,0,12,90,113,0,0,0,c79f418b,0
680,0,16,1,2,2100000680,1,1,0,1676,1,0,83,30,5620,0,STEADY,559,4.5231,5.06423,0.2539,0.230769,0.268336,299,64,0,15,0,1,14,32,113,0,0,1,c79f418b,0
681,1,17,2,2,2100000681,0,2,1,975,1,4,0,20,3340,0,STEADY,325,3.38036,1.62189,0.161108,0.486154,0.387692,80,31,3,14,0,1,2,100,132,0,90,264,c79f418b,0
681,1,17,2,2,2100000681,1,2,0,1108,1,0,15,22,3760,0,STEADY,370,3.14909,2.63551,0.172527,0.567568,0.324324,117,33,2,16,0,1,3,91,136,0,121,202,c79f418b,0
682,2,18,3,2,2100000682,0,3,0,701,1,0,129,12,2490,0,STEADY,234,8.90441,8.72513,0.404915,0.65812,0.17094,26,0,6,5,0,0,1,0,94,0,0,0,c79f418b,0
682,2,18,3,2,2100000682,1,3,0,785,2,70,129,14,2730,0,STEADY,262,8.48771,8.16879,0.365458,0.698473,0.301527,0,0,5,9,0,0,0,0,24,0,0,0,c79f418b,0
683,3,19,4,2,2100000683,0,0,0,1195,1,0,84,23,4060,0,STEADY,399,4.56594,2.50003,0.141178,0.418546,0.215539,80,24,20,1,1,1,0,48,106,0,8,382,c79f418b,0
683,3,19,4,2,2100000683,1,0,0,1064,1,0,96,21,3700,0,STEADY,355,5.04402,3.37836,0.153972,0.476056,0.157746,39,0,18,1,0,1,1,36,106,0,8,67,c79f418b,0
684,4,20,5,2,2100000684,0,1,0,1043,1,0,102,18,3120,0,STEADY,348,6.41776,3.63492,0.661195,0.520115,0.218391,100,24,0,16,0,0,2,0,123,0,0,16,c79f418b,0
684,4,20,5,2,2100000684,1,1,0,889,1,0,47,17,2970,0,STEADY,297,5.89389,2.9766,0.400869,0.626263,0.10101,96,8,3,11,2,1,0,51,135,12,0,21,c79f418b,0
685,5,21,0,2,2100000685,0,2,1,1828,1,20,0,34,6000,0,STEADY,610,3.7465,7.98911,0.159689,0.231148,0.118033,109,6,12,4,0,9,9,124,121,0,121,24,c79f418b,0
685,5,21,0,2,2100000685,1,2,0,1697,1,0,31,32,5480,0,STEADY,566,3.47681,3.29074,0.166643,0.318021,0.0830389,204,20,13,2,1,8,8,93,141,0,137,170,c79f418b,0
686,6,22,1,2,2100000686,0,3,1,1496,1,27,0,28,4960,0,STEADY,499,3.93761,3.61511,0.158377,0.0541082,0.462926,39,3,26,0,2,0,0,175,104,0,0,34,c79f418b,0
686,6,22,1,2,2100000686,1,3,1,1846,1,79,0,34,6030,0,STEADY,616,4.24994,3.84839,0.158555,0.0730519,0.573052,0,0,31,0,2,1,0,175,52,0,0,12,c79f418b,0
687,7,23,2,2,2100000687,0,0,0,1224,1,0,41,24,4020,0,STEADY,408,3.12128,2.2687,0.189632,0.235294,0.257353,144,28,3,18,0,0,3,80,100,0,0,124,c79f418b,0
687,7,23,2,2,2100000687,1,0,0,1220,1,0,67,23,4010,0,STEADY,407,2.99116,4.80661,0.322764,0.191646,0.142506,176,19,1,17,0,0,5,50,100,0,0,0,c79f418b,0
688,8,24,3,2,2100000688,0,1,0,2255,1,0,23,38,7160,0,STEADY,752,3.73195,7.01411,0.233185,0.238032,0.416223,145,43,9,6,3,1,19,102,116,0,40,0,c79f418b,0
688,8,24,3,2,2100000688,1,1,1,2700,3,40,24,44,8630,0,STEADY,900,3.7876,7.15668,0.257733,0.193333,0.397778,125,29,5,9,2,2,26,101,76,0,40,197,c79f418b,0
689,9,25,4,2,2100000689,0,2,0,2700,3,70,26,42,8790,0,STEADY,900,5.03153,7.13605,0.388811,0.0666667,0.353333,0,0,10,1,1,0,30,78,211,132,0,154,c79f418b,0
689,9,25,4,2,2100000689,1,2,0,2700,3,98,14,43,8390,0,STEADY,900,4.13609,6.94467,0.246089,0.0666667,0.458889,0,0,7,7,1,0,28,90,145,94,0,72,c79f418b,0
690,10,26,5,2,2100000690,0,3,1,2175,2,28,21,38,6770,0,STEADY,725,4.85385,2.69831,0.15409,0.266207,0.38069,141,60,27,9,1,0,1,87,96,0,0,600,c79f418b,0
690,10,26,5,2,2100000690,1,3,1,985,1,68,0,19,3490,0,STEADY,329,4.91772,3.41889,0.235243,0.297872,0.300912,0,0,10,8,1,0,0,108,56,0,0,89,c79f418b,0
691,11,27,0,2,2100000691,0,0,0,1391,1,0,109,26,4800,0,STEADY,464,4.55396,4.75911,0.18181,0.131466,0.372845,109,37,7,4,0,5,10,36,165,48,39,167,c79f418b,0
691,11,27,0,2,2100000691,1,0,0,1328,1,0,92,25,4520,0,STEADY,443,4.22298,7.27349,0.193713,0.148984,0.21219,63,15,8,4,0,4,9,53,144,27,30,0,c79f418b,0
692,12,28,1,2,2100000692,0,1,0,505,1,0,99,10,2040,0,STEADY,169,4.75799,4.01207,0.342574,0.289941,0.106509,44,4,0,1,5,0,4,0,111,0,0,0,c79f418b,0
692,12,28,1,2,2100000692,1,1,0,370,1,0,47,8,1700,0,STEADY,124,4.549,4.20014,0.355927,0.322581,0.233871,46,29,0,1,3,1,3,48,111,0,0,4,c79f418b,0
693,13,29,2,2,2100000693,0,2,1,1285,1,15,0,22,4550,0,STEADY,429,5.22753,5.26464,0.262541,0.456876,0.417249,204,90,7,0,9,0,6,102,89,0,0,0,c79f418b,0
693,13,29,2,2,2100000693,1,2,0,1748,1,0,69,28,6030,0,STEADY,583,4.59467,3.50681,0.168422,0.610635,0.35506,489,188,10,0,16,1,1,33,104,0,0,81,c79f418b,0
694,14,30,3,2,2100000694,0,3,0,482,1,0,37,10,1560,0,STEADY,161,3.94792,2.98019,0.43823,0.111801,0.304348,42,20,1,5,1,1,2,88,113,0,0,0,c79f418b,0
694,14,30,3,2,2100000694,1,3,0,1605,1,0,70,29,4920,0,STEADY,535,2.70165,2.46451,0.329757,0.0841121,0.181308,397,64,2,9,0,9,9,55,113,0,56,0,c79f418b,0
695,15,31,4,2,2100000695,0,0,0,1290,2,97,132,23,4120,0,STEADY,430,9.12399,7.35481,0.397547,0.660465,0.193023,0,0,0,16,0,4,3,0,21,0,22,0,c79f418b,0
695,15,31,4,2,2100000695,1,0,0,2182,2,4,123,40,6760,0,STEADY,728,5.0372,3.20713,0.129038,0.710165,0.21978,272,38,4,33,1,1,1,36,114,0,6,360,c79f418b,0
696,16,32,5,2,2100000696,0,1,0,1126,1,0,25,19,4070,0,STEADY,376,5.90127,5.5893,0.326197,0.215426,0.321809,231,101,7,7,0,1,4,96,115,0,0,44,c79f418b,0
696,16,32,5,2,2100000696,1,1,0,1050,1,0,44,18,3910,0,STEADY,350,6.13829,5.77099,0.314329,0.242857,0.4,180,109,7,8,0,1,2,77,115,0,0,0,c79f418b,0
697,17,33,0,2,2100000697,0,2,0,1969,1,0,127,33,6560,0,STEADY,657,3.46527,4.94169,0.289003,0.0517504,0.394216,131,46,1,1,1,2,28,25,117,12,0,0,c79f418b,0
697,17,33,0,2,2100000697,1,2,0,2478,1,0,100,42,8020,0,STEADY,826,3.51782,4.27193,0.246344,0.0811138,0.526634,149,71,4,1,1,3,33,52,105,12,0,75,c79f418b,0
698,18,34,1,2,2100000698,0,3,1,442,1,67,0,11,2030,0,STEADY,148,5.71791,3.68603,0.480068,0.432432,0.243243,0,0,6,5,0,0,0,140,62,0,0,0,c79f418b,0
698,18,34,1,2,2100000698,1,3,0,510,1,0,26,12,2160,0,STEADY,170,5.11011,4.24479,0.430053,0.6,0.135294,40,0,7,5,0,0,0,114,129,0,0,0,c79f418b,0
699,19,35,2,2,2100000699,0,0,0,2215,1,0,41,41,7120,0,STEADY,739,4.04092,2.84166,0.266157,0.447903,0.112314,187,32,36,0,0,5,0,60,132,0,22,169,c79f418b,0
699,19,35,2,2,2100000699,1,0,0,2013,1,0,56,37,6470,0,STEADY,671,4.218,3.65105,0.183562,0.515648,0.311475,77,6,31,0,0,3,3,49,132,0,0,175,c79f418b,0
700,20,36,3,2,2100000700,0,1,1,1375,1,33,0,21,4450,0,STEADY,459,4.62764,6.45015,0.272081,0.429194,0.372549,84,20,9,4,0,1,7,93,69,0,7,0,c79f418b,0
700,20,36,3,2,2100000700,1,1,1,1711,1,61,0,29,5940,0,STEADY,571,4.99627,4.57338,0.207785,0.504378,0.315236,0,0,17,5,0,2,5,93,41,0,9,66,c79f418b,0
701,21,37,4,2,2100000701,0,2,0,1651,1,0,90,31,5440,0,STEADY,551,4.12713,2.99726,0.188203,0.0272232,0.410163,37,0,24,1,1,0,5,60,124,0,0,393,c79f418b,0
701,21,37,4,2,2100000701,1,2,0,1936,1,0,90,35,6220,0,STEADY,646,4.88576,6.53981,0.291262,0.0712074,0.357585,135,26,26,0,0,0,9,60,124,0,0,0,c79f418b,0
702,22,38,5,2,2100000702,0,3,0,973,1,0,52,15,3650,0,STEADY,325,4.08225,3.83111,0.31668,0.209231,0.166154,117,24,1,7,4,0,3,52,175,0,76,27,c79f418b,0
702,22,38,5,2,2100000702,1,3,0,1386,1,0,104,20,5080,0,STEADY,462,3.38555,4.26383,0.238104,0.235931,0.123377,65,27,0,12,6,0,2,0,175,0,88,0,c79f418b,0
703,23,39,0,2,2100000703,0,0,1,2700,3,56,6,49,8310,0,STEADY,900,2.98888,2.12823,0.203306,0.28,0.36,0,0,1,47,0,0,1,108,61,12,0,253,c79f418b,0
703,23,39,0,2,2100000703,1,0,1,2700,3,68,90,49,8430,0,STEADY,900,3.43865,2.86862,0.238217,0.286667,0.217778,0,0,0,47,1,0,1,24,41,4,0,313,c79f418b,0
704,24,0,1,2,2100000704,0,1,0,1966,1,0,20,32,6680,0,STEADY,656,4.16678,3.98168,0.224787,0.521341,0.190549,37,6,3,12,1,8,8,89,125,0,37,153,c79f418b,0
704,24,0,1,2,2100000704,1,1,0,1240,1,0,79,22,4240,0,STEADY,414,4.41243,4.69509,0.270314,0.403382,0.306763,106,80,5,6,0,4,7,34,125,0,28,157,c79f418b,0
705,25,1,2,2,2100000705,0,2,0,892,1,0,106,18,3120,0,STEADY,298,3.55205,1.63957,0.243138,0.587248,0.241611,78,29,0,16,2,0,0,42,104,0,16,80,c79f418b,0
705,25,1,2,2,2100000705,1,2,0,1374,1,0,74,27,4450,0,STEADY,458,3.65201,3.48505,0.14024,0.679039,0.259825,77,18,4,21,2,0,0,62,104,0,11,0,c79f418b,0
706,26,2,3,2,2100000706,0,3,0,499,1,0,42,11,1880,0,STEADY,167,4.64286,2.97642,0.472066,0.281437,0.179641,36,17,1,8,0,0,2,52,108,0,0,121,c79f418b,0
706,26,2,3,2,2100000706,1,3,0,995,1,0,68,20,3310,0,STEADY,332,3.83896,2.17425,0.256205,0.277108,0.231928,147,35,3,15,0,0,2,26,108,0,0,99,c79f418b,0
707,27,3,4,2,2100000707,0,0,0,1202,2,109,53,22,4170,0,STEADY,401,7.73159,6.77883,0.409302,0.461347,0.229426,0,0,14,3,1,0,4,53,36,0,0,0,c79f418b,0
707,27,3,4,2,2100000707,1,0,0,1079,1,0,4,21,3740,0,STEADY,360,4.6133,5.07586,0.254389,0.505556,0.327778,63,33,18,2,0,0,1,102,145,0,0,0,c79f418b,0
708,28,4,5,2,2100000708,0,1,0,972,2,111,123,14,2760,0,STEADY,324,8.74655,6.58161,0.423812,0.604938,0.358025,0,0,4,9,1,0,0,0,0,0,0,0,c79f418b,0
708,28,4,5,2,2100000708,1,1,0,1673,2,87,120,25,4970,0,STEADY,558,9.06857,6.07154,0.268656,0.697133,0.116487,0,0,8,14,1,0,2,16,24,0,0,0,c79f418b,0
709,29,5,0,2,2100000709,0,2,0,2700,3,2,120,42,9000,0,STEADY,900,3.25777,7.16225,0.237722,0.308889,0.314444,177,74,2,14,19,0,7,21,100,0,43,75,c79f418b,0
709,29,5,0,2,2100000709,1,2,0,1864,1,0,40,32,6320,0,STEADY,622,3.39303,2.20192,0.197002,0.384244,0.401929,51,22,8,9,14,0,1,101,102,0,60,384,c79f418b,0
710,30,6,1,2,2100000710,0,3,0,1472,2,20,57,36,4150,0,STEADY,491,4.75144,4.95383,0.15545,0.207739,0.264766,55,0,31,3,0,1,1,74,105,0,20,0,c79f418b,0
710,30,6,1,2,2100000710,1,3,0,735,1,0,37,20,2500,0,STEADY,245,5.13254,5.65289,0.195335,0.318367,0.220408,57,0,16,2,0,0,2,94,125,0,0,0,c79f418b,0
711,31,7,2,2,2100000711,0,0,0,1024,1,0,51,21,3490,0,STEADY,342,3.60595,4.86084,0.192573,0.421053,0.467836,115,78,6,10,1,0,4,49,141,9,0,0,c79f418b,0
711,31,7,2,2,2100000711,1,0,0,565,1,0,45,13,2210,0,STEADY,189,3.1265,4.75658,0.279497,0.582011,0.343915,74,43,2,10,1,0,0,55,141,9,0,0,c79f418b,0
712,32,8,3,2,2100000712,0,1,1,1016,1,36,0,18,3320,0,STEADY,339,4.24203,2.87771,0.237257,0.156342,0.648968,167,147,15,0,2,1,0,116,85,0,0,190,c79f418b,0
712,32,8,3,2,2100000712,1,1,0,1001,1,0,65,18,3490,0,STEADY,334,5.25317,3.66504,0.23232,0.194611,0.371257,19,2,11,0,1,2,4,51,121,0,0,70,c79f418b,0
713,33,9,4,2,2100000713,0,2,0,2137,1,0,108,40,6730,0,STEADY,713,3.44545,4.81962,0.128247,0.0406732,0.0799439,59,7,33,1,4,0,2,89,152,0,0,65,c79f418b,0
713,33,9,4,2,2100000713,1,2,0,2700,3,6,125,49,8400,0,STEADY,900,3.3969,4.36098,0.1643,0.05,0.226667,104,24,40,1,3,0,5,120,146,0,0,188,c79f418b,0
714,34,10,5,2,2100000714,0,3,0,1145,2,124,124,20,3500,0,STEADY,382,7.82564,5.14411,0.49945,0.589005,0.253927,0,0,0,19,1,0,0,0,16,0,0,0,c79f418b,0
714,34,10,5,2,2100000714,1,3,0,698,1,0,103,13,2360,0,STEADY,233,6.60144,4.60099,0.386674,0.497854,0.158798,84,21,1,10,2,0,0,21,140,0,0,0,c79f418b,0
715,35,11,0,2,2100000715,0,0,0,2700,3,88,111,50,8520,0,STEADY,900,3.21713,5.48733,0.129722,0.0188889,0.352222,0,0,44,2,0,2,2,56,31,18,10,37,c79f418b,0
715,35,11,0,2,2100000715,1,0,0,2700,3,28,113,50,8440,0,STEADY,900,3.52595,3.42371,0.104117,0.03,0.458889,118,61,44,3,0,1,2,76,82,9,0,233,c79f418b,0
716,36,12,1,2,2100000716,0,1,0,289,1,0,23,7,1330,0,STEADY,97,4.10779,4.15806,0.373402,0.587629,0.28866,16,7,2,5,0,0,0,88,93,0,0,0,c79f418b,0
716,36,12,1,2,2100000716,1,1,0,473,1,0,30,10,1840,0,STEADY,158,4.06191,4.29046,0.244209,0.518987,0.367089,42,18,2,8,0,0,0,81,93,0,0,0,c79f418b,0
717,37,13,2,2,2100000717,0,2,1,1175,1,74,0,22,3940,0,STEADY,392,4.76002,4.71457,0.205816,0.0433673,0.0765306,0,0,19,1,1,0,1,104,76,0,0,108,c79f418b,0
717,37,13,2,2,2100000717,1,2,1,405,1,16,0,9,1770,0,STEADY,135,6.04686,3.21709,0.373148,0.125926,0.274074,59,16,6,1,2,0,0,104,134,0,0,128,c79f418b,0
718,38,14,3,2,2100000718,0,3,0,1430,2,66,113,24,4320,0,STEADY,477,5.98661,5.93733,0.379182,0.767296,0.228512,0,0,13,9,0,2,0,0,38,0,0,0,c79f418b,0
718,38,14,3,2,2100000718,1,3,0,1024,2,104,113,18,3180,0,STEADY,342,7.81125,7.23843,0.389795,0.657895,0.315789,0,0,9,8,0,1,0,0,0,0,0,0,c79f418b,0
719,39,15,4,2,2100000719,0,0,0,2626,1,0,89,43,8600,0,STEADY,876,3.3486,3.17749,0.177785,0.284247,0.270548,127,13,6,16,1,11,9,56,114,0,44,175,c79f418b,0
719,39,15,4,2,2100000719,1,0,1,1330,1,32,0,24,4640,0,STEADY,444,4.23381,2.49836,0.178491,0.322072,0.247748,1,1,6,6,1,7,4,118,82,0,49,375,c79f418b,0
